customer_id,customer_name,gender,age,city,state,signup_date,customer_segment
CUST00001,Customer_00001,Male,37,Kolkata,West Bengal,2023-05-31,Consumer
CUST00002,Customer_00002,Female,56,Chennai,Tamil Nadu,2025-05-17,Corporate
CUST00003,Customer_00003,Female,20,Delhi,Tamil Nadu,2025-08-31,Consumer
CUST00004,Customer_00004,Female,22,Ahmedabad,Karnataka,2023-05-22,Consumer
CUST00005,Customer_00005,Male,18,Ahmedabad,Tamil Nadu,2023-09-08,Consumer
CUST00006,Customer_00006,Male,32,Ahmedabad,West Bengal,2025-08-15,Consumer
CUST00007,Customer_00007,Male,43,Pune,Tamil Nadu,2025-06-25,Corporate
CUST00008,Customer_00008,Female,20,Kolkata,Delhi,2024-10-05,Premium
CUST00009,Customer_00009,Female,57,Kolkata,West Bengal,2025-12-06,Premium
CUST00010,Customer_00010,Female,58,Delhi,Tamil Nadu,2023-04-04,Consumer
CUST00011,Customer_00011,Male,64,Kolkata,Gujarat,2025-01-30,Consumer
CUST00012,Customer_00012,Female,59,Ahmedabad,Gujarat,2023-12-22,Consumer
CUST00013,Customer_00013,Female,51,Hyderabad,West Bengal,2024-06-15,Consumer
CUST00014,Customer_00014,Male,69,Ahmedabad,Tamil Nadu,2024-11-22,Consumer
CUST00015,Customer_00015,Male,22,Mumbai,Gujarat,2024-10-09,Consumer
CUST00016,Customer_00016,Male,48,Chennai,Delhi,2024-12-02,Consumer
CUST00017,Customer_00017,Male,68,Hyderabad,Karnataka,2024-12-24,Corporate
CUST00018,Customer_00018,Female,30,Hyderabad,Gujarat,2025-07-05,Consumer
CUST00019,Customer_00019,Male,60,Ahmedabad,West Bengal,2023-03-05,Corporate
CUST00020,Customer_00020,Male,18,Delhi,Gujarat,2025-07-14,Consumer
CUST00021,Customer_00021,Female,39,Chennai,Maharashtra,2024-12-27,Corporate
CUST00022,Customer_00022,Male,32,Delhi,Delhi,2025-02-04,Corporate
CUST00023,Customer_00023,Male,43,Mumbai,Gujarat,2025-07-11,Consumer
CUST00024,Customer_00024,Male,35,Kolkata,Karnataka,2024-10-14,Consumer
CUST00025,Customer_00025,Male,65,Delhi,Maharashtra,2025-06-23,Corporate
CUST00026,Customer_00026,Female,26,Bengaluru,West Bengal,2025-11-06,Consumer
CUST00027,Customer_00027,Male,18,Delhi,West Bengal,2024-08-29,Consumer
CUST00028,Customer_00028,Female,60,Kolkata,Tamil Nadu,2025-01-15,Consumer
CUST00029,Customer_00029,Female,26,Bengaluru,Delhi,2025-07-28,Consumer
CUST00030,Customer_00030,Male,40,Hyderabad,Gujarat,2023-03-29,Consumer
CUST00031,Customer_00031,Female,60,Mumbai,Tamil Nadu,2024-07-16,Consumer
CUST00032,Customer_00032,Male,62,Kolkata,Delhi,2024-03-17,Premium
CUST00033,Customer_00033,Male,19,Pune,West Bengal,2025-10-28,Consumer
CUST00034,Customer_00034,Female,31,Bengaluru,Maharashtra,2024-07-12,Premium
CUST00035,Customer_00035,Female,55,Mumbai,Gujarat,2025-01-22,Consumer
CUST00036,Customer_00036,Female,57,Delhi,West Bengal,2025-06-19,Consumer
CUST00037,Customer_00037,Male,35,Pune,Karnataka,2024-04-25,Consumer
CUST00038,Customer_00038,Male,33,Delhi,Delhi,2024-12-03,Corporate
CUST00039,Customer_00039,Female,46,Kolkata,West Bengal,2025-07-31,Consumer
CUST00040,Customer_00040,Male,61,Hyderabad,West Bengal,2025-03-03,Corporate
CUST00041,Customer_00041,Male,28,Kolkata,Karnataka,2023-05-06,Consumer
CUST00042,Customer_00042,Female,23,Ahmedabad,Tamil Nadu,2024-11-20,Consumer
CUST00043,Customer_00043,Male,20,Kolkata,West Bengal,2024-04-21,Consumer
CUST00044,Customer_00044,Female,31,Kolkata,Tamil Nadu,2024-11-15,Corporate
CUST00045,Customer_00045,Male,19,Delhi,Maharashtra,2024-01-07,Consumer
CUST00046,Customer_00046,Female,49,Bengaluru,Maharashtra,2024-06-25,Consumer
CUST00047,Customer_00047,Male,48,Hyderabad,Telangana,2024-07-13,Consumer
CUST00048,Customer_00048,Female,28,Mumbai,Telangana,2023-06-28,Consumer
CUST00049,Customer_00049,Female,39,Hyderabad,Maharashtra,2024-07-20,Corporate
CUST00050,Customer_00050,Male,20,Ahmedabad,Gujarat,2025-01-17,Consumer
CUST00051,Customer_00051,Female,67,Mumbai,Tamil Nadu,2025-08-08,Consumer
CUST00052,Customer_00052,Female,48,Chennai,Karnataka,2023-10-29,Consumer
CUST00053,Customer_00053,Female,50,Bengaluru,West Bengal,2024-08-08,Consumer
CUST00054,Customer_00054,Female,41,Ahmedabad,West Bengal,2023-02-26,Consumer
CUST00055,Customer_00055,Female,18,Bengaluru,Maharashtra,2025-10-20,Consumer
CUST00056,Customer_00056,Female,61,Mumbai,Gujarat,2024-12-21,Consumer
CUST00057,Customer_00057,Male,32,Delhi,Karnataka,2024-02-14,Consumer
CUST00058,Customer_00058,Male,54,Pune,Telangana,2024-10-07,Consumer
CUST00059,Customer_00059,Male,44,Delhi,Karnataka,2023-03-03,Consumer
CUST00060,Customer_00060,Male,55,Chennai,Maharashtra,2023-09-05,Consumer
CUST00061,Customer_00061,Male,65,Mumbai,Tamil Nadu,2024-05-11,Consumer
CUST00062,Customer_00062,Male,44,Chennai,Maharashtra,2023-02-25,Corporate
CUST00063,Customer_00063,Female,61,Mumbai,West Bengal,2024-04-03,Consumer
CUST00064,Customer_00064,Male,29,Chennai,West Bengal,2025-07-07,Corporate
CUST00065,Customer_00065,Male,20,Mumbai,Delhi,2024-07-10,Consumer
CUST00066,Customer_00066,Female,47,Bengaluru,Gujarat,2025-08-21,Consumer
CUST00067,Customer_00067,Male,49,Ahmedabad,Gujarat,2024-03-19,Consumer
CUST00068,Customer_00068,Female,40,Chennai,Gujarat,2025-03-02,Consumer
CUST00069,Customer_00069,Male,19,Chennai,Delhi,2024-05-05,Consumer
CUST00070,Customer_00070,Other,24,Ahmedabad,Delhi,2024-08-17,Premium
CUST00071,Customer_00071,Female,51,Mumbai,Tamil Nadu,2024-02-12,Consumer
CUST00072,Customer_00072,Male,49,Hyderabad,Gujarat,2023-11-23,Consumer
CUST00073,Customer_00073,Male,56,Hyderabad,Maharashtra,2025-07-30,Consumer
CUST00074,Customer_00074,Female,49,Bengaluru,Delhi,2025-08-06,Premium
CUST00075,Customer_00075,Female,60,Delhi,Maharashtra,2024-01-18,Consumer
CUST00076,Customer_00076,Female,60,Delhi,Telangana,2025-10-10,Consumer
CUST00077,Customer_00077,Female,31,Bengaluru,Gujarat,2023-12-13,Consumer
CUST00078,Customer_00078,Male,20,Delhi,Delhi,2023-09-29,Corporate
CUST00079,Customer_00079,Male,63,Ahmedabad,Delhi,2024-01-31,Consumer
CUST00080,Customer_00080,Male,49,Pune,Tamil Nadu,2023-06-03,Consumer
CUST00081,Customer_00081,Female,60,Ahmedabad,Maharashtra,2025-12-26,Corporate
CUST00082,Customer_00082,Female,53,Pune,Tamil Nadu,2025-04-20,Consumer
CUST00083,Customer_00083,Male,34,Pune,Tamil Nadu,2023-12-14,Premium
CUST00084,Customer_00084,Male,65,Kolkata,Maharashtra,2025-12-22,Consumer
CUST00085,Customer_00085,Male,20,Kolkata,Telangana,2023-12-22,Consumer
CUST00086,Customer_00086,Male,27,Pune,Maharashtra,2025-11-30,Consumer
CUST00087,Customer_00087,Female,64,Mumbai,Telangana,2024-01-02,Corporate
CUST00088,Customer_00088,Female,57,Hyderabad,Tamil Nadu,2025-10-11,Consumer
CUST00089,Customer_00089,Female,35,Bengaluru,Telangana,2023-10-04,Consumer
CUST00090,Customer_00090,Male,20,Ahmedabad,Gujarat,2023-08-09,Corporate
CUST00091,Customer_00091,Male,56,Mumbai,Telangana,2023-03-02,Consumer
CUST00092,Customer_00092,Female,27,Pune,Telangana,2023-03-16,Corporate
CUST00093,Customer_00093,Female,69,Bengaluru,Delhi,2024-04-17,Consumer
CUST00094,Customer_00094,Female,26,Hyderabad,Delhi,2025-10-21,Consumer
CUST00095,Customer_00095,Female,63,Delhi,West Bengal,2024-02-20,Consumer
CUST00096,Customer_00096,Female,63,Mumbai,Tamil Nadu,2023-01-17,Consumer
CUST00097,Customer_00097,Female,28,Hyderabad,Maharashtra,2025-12-18,Corporate
CUST00098,Customer_00098,Male,50,Bengaluru,Telangana,2023-07-22,Consumer
CUST00099,Customer_00099,Male,53,Chennai,Gujarat,2024-04-16,Corporate
CUST00100,Customer_00100,Male,43,Mumbai,Delhi,2025-05-28,Consumer
CUST00101,Customer_00101,Male,44,Ahmedabad,Maharashtra,2025-08-22,Consumer
CUST00102,Customer_00102,Female,55,Kolkata,Gujarat,2025-03-28,Consumer
CUST00103,Customer_00103,Male,39,Bengaluru,Telangana,2024-02-18,Consumer
CUST00104,Customer_00104,Female,43,Ahmedabad,Maharashtra,2024-05-15,Consumer
CUST00105,Customer_00105,Female,39,Bengaluru,West Bengal,2023-05-01,Consumer
CUST00106,Customer_00106,Male,22,Kolkata,Gujarat,2024-08-29,Premium
CUST00107,Customer_00107,Male,52,Hyderabad,Karnataka,2023-12-16,Consumer
CUST00108,Customer_00108,Female,19,Ahmedabad,Gujarat,2025-03-30,Consumer
CUST00109,Customer_00109,Male,52,Ahmedabad,Gujarat,2024-10-15,Consumer
CUST00110,Customer_00110,Male,26,Bengaluru,Telangana,2025-02-22,Consumer
CUST00111,Customer_00111,Male,68,Mumbai,Maharashtra,2024-05-11,Corporate
CUST00112,Customer_00112,Male,68,Pune,Telangana,2024-01-27,Consumer
CUST00113,Customer_00113,Female,66,Kolkata,Telangana,2025-07-17,Consumer
CUST00114,Customer_00114,Female,35,Mumbai,Karnataka,2024-04-14,Corporate
CUST00115,Customer_00115,Female,60,Kolkata,West Bengal,2023-12-16,Consumer
CUST00116,Customer_00116,Female,29,Bengaluru,Gujarat,2025-02-13,Consumer
CUST00117,Customer_00117,Female,20,Hyderabad,Maharashtra,2023-05-29,Consumer
CUST00118,Customer_00118,Male,35,Mumbai,West Bengal,2023-09-13,Consumer
CUST00119,Customer_00119,Female,55,Chennai,Tamil Nadu,2023-12-10,Consumer
CUST00120,Customer_00120,Female,24,Pune,Delhi,2024-11-07,Corporate
CUST00121,Customer_00121,Female,50,Kolkata,West Bengal,2023-04-18,Consumer
CUST00122,Customer_00122,Female,23,Delhi,Telangana,2024-08-17,Consumer
CUST00123,Customer_00123,Male,35,Hyderabad,Telangana,2023-01-25,Consumer
CUST00124,Customer_00124,Male,62,Hyderabad,Telangana,2023-10-10,Consumer
CUST00125,Customer_00125,Male,39,Delhi,Telangana,2025-06-05,Corporate
CUST00126,Customer_00126,Male,68,Delhi,Delhi,2025-07-26,Corporate
CUST00127,Customer_00127,Female,56,Mumbai,Tamil Nadu,2024-09-11,Consumer
CUST00128,Customer_00128,Female,68,Bengaluru,Karnataka,2023-08-26,Corporate
CUST00129,Customer_00129,Male,26,Bengaluru,Tamil Nadu,2025-07-26,Consumer
CUST00130,Customer_00130,Female,52,Chennai,Delhi,2023-11-12,Corporate
CUST00131,Customer_00131,Male,40,Pune,Maharashtra,2025-04-19,Corporate
CUST00132,Customer_00132,Male,29,Kolkata,Karnataka,2024-04-07,Consumer
CUST00133,Customer_00133,Male,69,Bengaluru,Karnataka,2024-08-14,Consumer
CUST00134,Customer_00134,Male,41,Ahmedabad,Maharashtra,2025-04-19,Corporate
CUST00135,Customer_00135,Female,67,Chennai,Gujarat,2025-09-22,Corporate
CUST00136,Customer_00136,Male,57,Chennai,Telangana,2023-05-30,Corporate
CUST00137,Customer_00137,Female,26,Hyderabad,Delhi,2023-12-18,Consumer
CUST00138,Customer_00138,Female,30,Hyderabad,Maharashtra,2024-03-17,Consumer
CUST00139,Customer_00139,Male,57,Pune,Tamil Nadu,2024-01-30,Consumer
CUST00140,Customer_00140,Female,59,Mumbai,Tamil Nadu,2023-01-06,Consumer
CUST00141,Customer_00141,Female,34,Ahmedabad,Gujarat,2024-06-17,Consumer
CUST00142,Customer_00142,Male,24,Delhi,Maharashtra,2023-08-08,Corporate
CUST00143,Customer_00143,Female,34,Delhi,Delhi,2025-05-20,Consumer
CUST00144,Customer_00144,Male,67,Pune,Gujarat,2023-01-12,Consumer
CUST00145,Customer_00145,Male,41,Chennai,Gujarat,2025-03-05,Consumer
CUST00146,Customer_00146,Male,19,Pune,Gujarat,2024-12-04,Consumer
CUST00147,Customer_00147,Female,52,Delhi,Karnataka,2024-04-02,Consumer
CUST00148,Customer_00148,Female,45,Chennai,Karnataka,2023-08-13,Corporate
CUST00149,Customer_00149,Male,36,Delhi,Telangana,2023-12-02,Corporate
CUST00150,Customer_00150,Male,50,Mumbai,Delhi,2023-06-16,Consumer
CUST00151,Customer_00151,Female,38,Hyderabad,Tamil Nadu,2024-05-12,Corporate
CUST00152,Customer_00152,Male,27,Hyderabad,Tamil Nadu,2023-05-28,Consumer
CUST00153,Customer_00153,Male,63,Chennai,Telangana,2023-02-05,Consumer
CUST00154,Customer_00154,Male,62,Pune,Tamil Nadu,2025-09-16,Consumer
CUST00155,Customer_00155,Other,26,Delhi,Gujarat,2023-11-04,Consumer
CUST00156,Customer_00156,Male,55,Bengaluru,Telangana,2024-10-03,Premium
CUST00157,Customer_00157,Female,23,Mumbai,Telangana,2023-08-28,Consumer
CUST00158,Customer_00158,Female,68,Delhi,Maharashtra,2025-07-05,Consumer
CUST00159,Customer_00159,Male,59,Kolkata,Karnataka,2025-06-23,Corporate
CUST00160,Customer_00160,Female,52,Bengaluru,Delhi,2025-05-05,Consumer
CUST00161,Customer_00161,Male,35,Mumbai,Delhi,2023-10-31,Consumer
CUST00162,Customer_00162,Female,36,Mumbai,Karnataka,2024-09-08,Corporate
CUST00163,Customer_00163,Female,22,Hyderabad,Gujarat,2024-07-07,Consumer
CUST00164,Customer_00164,Female,42,Chennai,Delhi,2025-02-04,Consumer
CUST00165,Customer_00165,Male,28,Delhi,Tamil Nadu,2025-06-16,Premium
CUST00166,Customer_00166,Female,27,Mumbai,Tamil Nadu,2025-08-29,Consumer
CUST00167,Customer_00167,Male,34,Delhi,Delhi,2023-07-14,Consumer
CUST00168,Customer_00168,Male,53,Mumbai,West Bengal,2025-11-28,Consumer
CUST00169,Customer_00169,Male,43,Pune,West Bengal,2024-10-07,Consumer
CUST00170,Customer_00170,Female,48,Ahmedabad,Maharashtra,2023-09-09,Corporate
CUST00171,Customer_00171,Female,49,Hyderabad,Delhi,2023-07-26,Corporate
CUST00172,Customer_00172,Male,38,Chennai,Telangana,2024-05-14,Consumer
CUST00173,Customer_00173,Female,35,Bengaluru,Gujarat,2023-01-19,Consumer
CUST00174,Customer_00174,Male,35,Bengaluru,Telangana,2025-03-29,Corporate
CUST00175,Customer_00175,Female,18,Pune,Karnataka,2024-11-17,Consumer
CUST00176,Customer_00176,Male,31,Kolkata,Gujarat,2023-01-20,Consumer
CUST00177,Customer_00177,Female,25,Hyderabad,Gujarat,2024-03-23,Consumer
CUST00178,Customer_00178,Male,19,Mumbai,Tamil Nadu,2025-01-08,Consumer
CUST00179,Customer_00179,Female,68,Hyderabad,Gujarat,2023-10-21,Consumer
CUST00180,Customer_00180,Male,32,Chennai,Maharashtra,2023-03-06,Consumer
CUST00181,Customer_00181,Male,51,Ahmedabad,Delhi,2024-05-13,Consumer
CUST00182,Customer_00182,Male,53,Bengaluru,Telangana,2023-03-17,Consumer
CUST00183,Customer_00183,Female,18,Delhi,Tamil Nadu,2025-06-19,Consumer
CUST00184,Customer_00184,Female,68,Bengaluru,West Bengal,2024-09-26,Consumer
CUST00185,Customer_00185,Male,38,Kolkata,Tamil Nadu,2023-01-27,Corporate
CUST00186,Customer_00186,Female,59,Kolkata,Maharashtra,2024-11-10,Premium
CUST00187,Customer_00187,Female,18,Kolkata,Maharashtra,2023-03-24,Consumer
CUST00188,Customer_00188,Female,49,Kolkata,Maharashtra,2024-04-30,Corporate
CUST00189,Customer_00189,Female,37,Chennai,Maharashtra,2023-01-06,Premium
CUST00190,Customer_00190,Male,64,Mumbai,West Bengal,2025-08-26,Consumer
CUST00191,Customer_00191,Male,53,Hyderabad,Telangana,2024-01-03,Corporate
CUST00192,Customer_00192,Female,56,Bengaluru,Maharashtra,2024-04-15,Premium
CUST00193,Customer_00193,Female,47,Kolkata,Tamil Nadu,2024-11-19,Consumer
CUST00194,Customer_00194,Female,24,Bengaluru,Tamil Nadu,2024-01-05,Consumer
CUST00195,Customer_00195,Male,39,Kolkata,West Bengal,2023-10-05,Premium
CUST00196,Customer_00196,Male,67,Delhi,Gujarat,2023-12-06,Consumer
CUST00197,Customer_00197,Female,62,Hyderabad,Delhi,2025-03-25,Consumer
CUST00198,Customer_00198,Female,27,Delhi,Tamil Nadu,2024-09-05,Consumer
CUST00199,Customer_00199,Female,25,Delhi,Tamil Nadu,2025-03-03,Consumer
CUST00200,Customer_00200,Female,44,Kolkata,West Bengal,2024-08-25,Premium
CUST00201,Customer_00201,Female,27,Ahmedabad,Telangana,2023-03-08,Consumer
CUST00202,Customer_00202,Male,31,Mumbai,Gujarat,2023-08-03,Consumer
CUST00203,Customer_00203,Male,63,Bengaluru,Tamil Nadu,2024-02-20,Corporate
CUST00204,Customer_00204,Female,69,Ahmedabad,Karnataka,2024-07-05,Corporate
CUST00205,Customer_00205,Female,28,Pune,Tamil Nadu,2024-07-24,Premium
CUST00206,Customer_00206,Male,23,Hyderabad,Delhi,2024-06-23,Consumer
CUST00207,Customer_00207,Male,38,Ahmedabad,Delhi,2025-12-06,Premium
CUST00208,Customer_00208,Female,50,Mumbai,Gujarat,2023-04-27,Consumer
CUST00209,Customer_00209,Male,36,Pune,Gujarat,2023-05-31,Corporate
CUST00210,Customer_00210,Male,56,Mumbai,Maharashtra,2025-12-16,Consumer
CUST00211,Customer_00211,Female,41,Ahmedabad,Telangana,2025-09-10,Premium
CUST00212,Customer_00212,Female,35,Kolkata,Delhi,2025-09-30,Corporate
CUST00213,Customer_00213,Female,52,Kolkata,Karnataka,2024-03-09,Consumer
CUST00214,Customer_00214,Male,69,Mumbai,Karnataka,2023-11-16,Consumer
CUST00215,Customer_00215,Female,60,Ahmedabad,Maharashtra,2023-08-30,Corporate
CUST00216,Customer_00216,Male,54,Chennai,Telangana,2024-04-09,Corporate
CUST00217,Customer_00217,Male,36,Chennai,Telangana,2023-07-22,Consumer
CUST00218,Customer_00218,Female,41,Mumbai,Gujarat,2024-07-02,Consumer
CUST00219,Customer_00219,Female,51,Chennai,Tamil Nadu,2025-01-27,Corporate
CUST00220,Customer_00220,Female,39,Hyderabad,Karnataka,2025-05-07,Consumer
CUST00221,Customer_00221,Female,21,Bengaluru,Karnataka,2025-02-24,Consumer
CUST00222,Customer_00222,Female,27,Pune,West Bengal,2024-06-24,Corporate
CUST00223,Customer_00223,Male,19,Kolkata,Karnataka,2024-05-01,Consumer
CUST00224,Customer_00224,Male,25,Hyderabad,Karnataka,2024-07-25,Consumer
CUST00225,Customer_00225,Male,50,Bengaluru,West Bengal,2025-04-19,Consumer
CUST00226,Customer_00226,Male,55,Chennai,Delhi,2024-10-22,Corporate
CUST00227,Customer_00227,Female,60,Pune,Telangana,2024-02-09,Consumer
CUST00228,Customer_00228,Male,45,Hyderabad,Tamil Nadu,2024-10-18,Consumer
CUST00229,Customer_00229,Female,27,Delhi,Delhi,2025-08-06,Consumer
CUST00230,Customer_00230,Female,62,Kolkata,Telangana,2023-01-15,Consumer
CUST00231,Customer_00231,Female,18,Mumbai,Maharashtra,2025-09-01,Consumer
CUST00232,Customer_00232,Female,51,Kolkata,Karnataka,2025-11-29,Consumer
CUST00233,Customer_00233,Female,20,Bengaluru,Tamil Nadu,2023-11-03,Consumer
CUST00234,Customer_00234,Female,26,Bengaluru,Telangana,2024-12-05,Consumer
CUST00235,Customer_00235,Male,22,Delhi,Maharashtra,2024-02-01,Consumer
CUST00236,Customer_00236,Female,59,Delhi,Karnataka,2024-11-08,Consumer
CUST00237,Customer_00237,Male,27,Mumbai,Maharashtra,2025-08-27,Premium
CUST00238,Customer_00238,Male,29,Chennai,West Bengal,2025-05-14,Consumer
CUST00239,Customer_00239,Female,35,Kolkata,Maharashtra,2023-07-30,Corporate
CUST00240,Customer_00240,Male,38,Hyderabad,Delhi,2024-02-03,Premium
CUST00241,Customer_00241,Female,38,Ahmedabad,Maharashtra,2023-09-15,Consumer
CUST00242,Customer_00242,Female,18,Ahmedabad,Delhi,2023-04-25,Consumer
CUST00243,Customer_00243,Female,20,Hyderabad,Gujarat,2023-11-30,Consumer
CUST00244,Customer_00244,Male,22,Hyderabad,Delhi,2023-12-15,Consumer
CUST00245,Customer_00245,Male,42,Chennai,West Bengal,2023-08-21,Consumer
CUST00246,Customer_00246,Female,66,Kolkata,West Bengal,2024-03-24,Consumer
CUST00247,Customer_00247,Male,25,Kolkata,Maharashtra,2025-04-07,Corporate
CUST00248,Customer_00248,Female,34,Ahmedabad,Telangana,2024-08-30,Corporate
CUST00249,Customer_00249,Female,26,Mumbai,Maharashtra,2023-04-08,Consumer
CUST00250,Customer_00250,Female,49,Hyderabad,Maharashtra,2024-07-21,Consumer
CUST00251,Customer_00251,Male,23,Bengaluru,Telangana,2024-04-06,Consumer
CUST00252,Customer_00252,Male,66,Bengaluru,Karnataka,2024-05-14,Consumer
CUST00253,Customer_00253,Female,57,Bengaluru,Tamil Nadu,2024-09-22,Consumer
CUST00254,Customer_00254,Male,38,Delhi,Gujarat,2025-11-27,Consumer
CUST00255,Customer_00255,Male,24,Delhi,Karnataka,2025-12-10,Premium
CUST00256,Customer_00256,Female,24,Chennai,Maharashtra,2023-05-07,Consumer
CUST00257,Customer_00257,Female,64,Hyderabad,Karnataka,2024-04-21,Consumer
CUST00258,Customer_00258,Female,56,Delhi,Tamil Nadu,2024-12-23,Corporate
CUST00259,Customer_00259,Female,44,Bengaluru,West Bengal,2024-03-11,Consumer
CUST00260,Customer_00260,Male,25,Delhi,Karnataka,2023-03-26,Consumer
CUST00261,Customer_00261,Female,26,Kolkata,Tamil Nadu,2025-02-24,Consumer
CUST00262,Customer_00262,Other,45,Bengaluru,Karnataka,2023-01-27,Consumer
CUST00263,Customer_00263,Male,32,Hyderabad,Delhi,2025-05-09,Corporate
CUST00264,Customer_00264,Female,19,Kolkata,Maharashtra,2023-03-13,Consumer
CUST00265,Customer_00265,Female,24,Chennai,Tamil Nadu,2024-08-10,Consumer
CUST00266,Customer_00266,Female,64,Mumbai,Gujarat,2025-10-26,Consumer
CUST00267,Customer_00267,Female,35,Mumbai,Maharashtra,2023-06-01,Corporate
CUST00268,Customer_00268,Female,39,Kolkata,Delhi,2024-08-05,Consumer
CUST00269,Customer_00269,Male,67,Bengaluru,West Bengal,2023-02-26,Corporate
CUST00270,Customer_00270,Male,27,Delhi,Karnataka,2024-03-01,Corporate
CUST00271,Customer_00271,Female,67,Delhi,Maharashtra,2023-05-22,Consumer
CUST00272,Customer_00272,Female,50,Bengaluru,Karnataka,2024-07-21,Consumer
CUST00273,Customer_00273,Female,24,Ahmedabad,Karnataka,2025-11-04,Corporate
CUST00274,Customer_00274,Female,20,Hyderabad,Maharashtra,2025-10-28,Consumer
CUST00275,Customer_00275,Female,31,Kolkata,Tamil Nadu,2025-12-12,Consumer
CUST00276,Customer_00276,Female,61,Bengaluru,Tamil Nadu,2023-05-17,Consumer
CUST00277,Customer_00277,Female,63,Ahmedabad,Maharashtra,2023-06-23,Consumer
CUST00278,Customer_00278,Female,53,Hyderabad,Tamil Nadu,2025-05-09,Consumer
CUST00279,Customer_00279,Female,30,Chennai,Telangana,2023-08-07,Corporate
CUST00280,Customer_00280,Female,33,Chennai,Karnataka,2023-09-12,Corporate
CUST00281,Customer_00281,Female,33,Kolkata,Maharashtra,2025-03-22,Consumer
CUST00282,Customer_00282,Male,22,Bengaluru,Gujarat,2023-09-27,Corporate
CUST00283,Customer_00283,Male,69,Chennai,Delhi,2023-08-12,Corporate
CUST00284,Customer_00284,Male,42,Delhi,West Bengal,2025-06-01,Consumer
CUST00285,Customer_00285,Female,55,Hyderabad,Maharashtra,2024-08-26,Consumer
CUST00286,Customer_00286,Male,55,Mumbai,Maharashtra,2024-12-01,Corporate
CUST00287,Customer_00287,Male,67,Ahmedabad,Karnataka,2025-07-08,Consumer
CUST00288,Customer_00288,Female,55,Mumbai,Delhi,2023-03-14,Corporate
CUST00289,Customer_00289,Male,56,Chennai,Karnataka,2025-06-16,Consumer
CUST00290,Customer_00290,Female,65,Ahmedabad,Gujarat,2025-08-04,Premium
CUST00291,Customer_00291,Male,58,Hyderabad,West Bengal,2024-06-26,Consumer
CUST00292,Customer_00292,Male,43,Delhi,Tamil Nadu,2024-09-22,Consumer
CUST00293,Customer_00293,Female,30,Mumbai,Maharashtra,2025-03-05,Consumer
CUST00294,Customer_00294,Male,61,Delhi,Karnataka,2025-05-27,Consumer
CUST00295,Customer_00295,Male,68,Delhi,West Bengal,2025-01-26,Corporate
CUST00296,Customer_00296,Female,43,Mumbai,Gujarat,2024-09-09,Corporate
CUST00297,Customer_00297,Female,18,Mumbai,Gujarat,2023-07-17,Corporate
CUST00298,Customer_00298,Male,25,Ahmedabad,West Bengal,2024-05-07,Consumer
CUST00299,Customer_00299,Female,21,Chennai,Telangana,2023-03-23,Consumer
CUST00300,Customer_00300,Male,38,Ahmedabad,Maharashtra,2024-01-09,Consumer
CUST00301,Customer_00301,Male,39,Kolkata,Gujarat,2024-05-15,Consumer
CUST00302,Customer_00302,Female,68,Hyderabad,West Bengal,2023-12-23,Consumer
CUST00303,Customer_00303,Female,54,Bengaluru,Tamil Nadu,2024-08-02,Consumer
CUST00304,Customer_00304,Female,66,Hyderabad,Karnataka,2023-10-27,Corporate
CUST00305,Customer_00305,Female,20,Ahmedabad,Karnataka,2024-10-07,Consumer
CUST00306,Customer_00306,Female,36,Bengaluru,Telangana,2023-04-30,Corporate
CUST00307,Customer_00307,Female,18,Ahmedabad,Tamil Nadu,2023-07-05,Consumer
CUST00308,Customer_00308,Male,46,Mumbai,Gujarat,2024-08-06,Corporate
CUST00309,Customer_00309,Female,40,Delhi,West Bengal,2023-11-04,Corporate
CUST00310,Customer_00310,Male,50,Hyderabad,Telangana,2023-08-22,Corporate
CUST00311,Customer_00311,Male,69,Ahmedabad,Gujarat,2025-10-31,Consumer
CUST00312,Customer_00312,Male,58,Delhi,Gujarat,2023-06-24,Corporate
CUST00313,Customer_00313,Male,40,Hyderabad,Maharashtra,2025-02-11,Consumer
CUST00314,Customer_00314,Female,22,Kolkata,Delhi,2024-10-04,Consumer
CUST00315,Customer_00315,Female,24,Pune,West Bengal,2025-06-29,Premium
CUST00316,Customer_00316,Female,23,Hyderabad,Gujarat,2025-10-22,Premium
CUST00317,Customer_00317,Male,66,Delhi,Karnataka,2025-01-30,Consumer
CUST00318,Customer_00318,Male,39,Pune,Gujarat,2023-07-01,Consumer
CUST00319,Customer_00319,Male,66,Chennai,Telangana,2025-07-30,Consumer
CUST00320,Customer_00320,Male,30,Kolkata,West Bengal,2023-12-16,Corporate
CUST00321,Customer_00321,Female,29,Mumbai,Gujarat,2024-09-30,Corporate
CUST00322,Customer_00322,Female,21,Chennai,West Bengal,2023-08-13,Consumer
CUST00323,Customer_00323,Female,25,Ahmedabad,Karnataka,2023-10-13,Corporate
CUST00324,Customer_00324,Male,54,Chennai,Karnataka,2023-07-12,Consumer
CUST00325,Customer_00325,Female,48,Hyderabad,Telangana,2024-11-01,Premium
CUST00326,Customer_00326,Female,54,Mumbai,Karnataka,2024-11-22,Premium
CUST00327,Customer_00327,Female,62,Kolkata,Tamil Nadu,2024-06-21,Consumer
CUST00328,Customer_00328,Female,43,Pune,Tamil Nadu,2024-09-03,Consumer
CUST00329,Customer_00329,Male,60,Hyderabad,Delhi,2025-06-19,Consumer
CUST00330,Customer_00330,Male,25,Ahmedabad,West Bengal,2023-02-20,Consumer
CUST00331,Customer_00331,Male,57,Bengaluru,Tamil Nadu,2023-05-08,Corporate
CUST00332,Customer_00332,Female,50,Hyderabad,Telangana,2025-12-05,Consumer
CUST00333,Customer_00333,Male,62,Pune,Gujarat,2023-08-22,Consumer
CUST00334,Customer_00334,Male,46,Delhi,Tamil Nadu,2024-03-23,Premium
CUST00335,Customer_00335,Male,22,Ahmedabad,Delhi,2024-08-06,Consumer
CUST00336,Customer_00336,Male,45,Kolkata,West Bengal,2024-05-17,Consumer
CUST00337,Customer_00337,Female,57,Kolkata,Maharashtra,2024-08-29,Consumer
CUST00338,Customer_00338,Female,34,Hyderabad,Maharashtra,2025-07-10,Corporate
CUST00339,Customer_00339,Male,40,Bengaluru,Telangana,2023-10-12,Corporate
CUST00340,Customer_00340,Male,62,Hyderabad,Delhi,2025-07-24,Consumer
CUST00341,Customer_00341,Female,26,Ahmedabad,Tamil Nadu,2024-06-27,Corporate
CUST00342,Customer_00342,Male,19,Pune,Delhi,2023-12-22,Premium
CUST00343,Customer_00343,Male,49,Kolkata,Karnataka,2025-11-26,Corporate
CUST00344,Customer_00344,Male,68,Bengaluru,Delhi,2023-05-18,Consumer
CUST00345,Customer_00345,Male,69,Mumbai,Tamil Nadu,2024-09-03,Consumer
CUST00346,Customer_00346,Female,66,Pune,Telangana,2024-04-01,Corporate
CUST00347,Customer_00347,Female,48,Kolkata,Karnataka,2023-04-09,Corporate
CUST00348,Customer_00348,Male,24,Hyderabad,Delhi,2023-02-05,Consumer
CUST00349,Customer_00349,Male,47,Kolkata,Maharashtra,2024-09-21,Consumer
CUST00350,Customer_00350,Female,20,Bengaluru,Tamil Nadu,2024-10-31,Consumer
CUST00351,Customer_00351,Female,68,Ahmedabad,Telangana,2025-02-25,Corporate
CUST00352,Customer_00352,Female,68,Pune,Gujarat,2024-11-11,Consumer
CUST00353,Customer_00353,Female,26,Mumbai,Tamil Nadu,2023-02-24,Corporate
CUST00354,Customer_00354,Male,27,Delhi,Delhi,2025-10-26,Consumer
CUST00355,Customer_00355,Male,63,Chennai,West Bengal,2025-06-09,Consumer
CUST00356,Customer_00356,Female,67,Bengaluru,Telangana,2025-10-03,Consumer
CUST00357,Customer_00357,Male,64,Delhi,Maharashtra,2025-02-06,Consumer
CUST00358,Customer_00358,Female,43,Mumbai,Karnataka,2025-07-06,Consumer
CUST00359,Customer_00359,Female,18,Delhi,Delhi,2024-10-25,Premium
CUST00360,Customer_00360,Female,47,Hyderabad,Telangana,2025-04-09,Consumer
CUST00361,Customer_00361,Male,55,Chennai,Karnataka,2023-06-19,Consumer
CUST00362,Customer_00362,Female,32,Bengaluru,West Bengal,2023-09-06,Consumer
CUST00363,Customer_00363,Male,42,Pune,Telangana,2024-10-23,Consumer
CUST00364,Customer_00364,Female,23,Kolkata,Gujarat,2023-07-29,Consumer
CUST00365,Customer_00365,Female,35,Mumbai,Delhi,2025-06-30,Corporate
CUST00366,Customer_00366,Male,18,Chennai,Telangana,2025-01-09,Consumer
CUST00367,Customer_00367,Female,20,Mumbai,Maharashtra,2023-05-21,Consumer
CUST00368,Customer_00368,Female,34,Kolkata,West Bengal,2024-09-23,Consumer
CUST00369,Customer_00369,Male,65,Delhi,Telangana,2025-03-15,Consumer
CUST00370,Customer_00370,Male,25,Mumbai,Delhi,2023-06-29,Consumer
CUST00371,Customer_00371,Male,66,Ahmedabad,Telangana,2025-07-08,Consumer
CUST00372,Customer_00372,Male,57,Mumbai,Karnataka,2024-09-28,Premium
CUST00373,Customer_00373,Male,34,Delhi,Karnataka,2025-01-23,Consumer
CUST00374,Customer_00374,Female,42,Delhi,West Bengal,2025-09-13,Corporate
CUST00375,Customer_00375,Male,58,Kolkata,Gujarat,2025-11-06,Consumer
CUST00376,Customer_00376,Male,29,Chennai,Tamil Nadu,2025-11-05,Consumer
CUST00377,Customer_00377,Female,46,Bengaluru,West Bengal,2024-01-20,Consumer
CUST00378,Customer_00378,Male,42,Delhi,Gujarat,2025-06-11,Consumer
CUST00379,Customer_00379,Female,68,Ahmedabad,West Bengal,2025-09-13,Consumer
CUST00380,Customer_00380,Male,53,Chennai,Tamil Nadu,2025-02-07,Consumer
CUST00381,Customer_00381,Male,42,Kolkata,Maharashtra,2025-03-02,Consumer
CUST00382,Customer_00382,Female,46,Mumbai,Karnataka,2023-02-15,Consumer
CUST00383,Customer_00383,Female,28,Ahmedabad,Tamil Nadu,2024-05-18,Corporate
CUST00384,Customer_00384,Female,21,Mumbai,Telangana,2025-04-09,Corporate
CUST00385,Customer_00385,Female,31,Pune,Maharashtra,2024-06-08,Consumer
CUST00386,Customer_00386,Female,63,Hyderabad,Delhi,2025-09-05,Consumer
CUST00387,Customer_00387,Male,55,Delhi,Tamil Nadu,2024-07-10,Consumer
CUST00388,Customer_00388,Male,34,Kolkata,West Bengal,2023-02-16,Consumer
CUST00389,Customer_00389,Female,19,Ahmedabad,Gujarat,2024-06-11,Consumer
CUST00390,Customer_00390,Female,25,Ahmedabad,Tamil Nadu,2023-04-17,Consumer
CUST00391,Customer_00391,Other,53,Chennai,Gujarat,2025-10-23,Consumer
CUST00392,Customer_00392,Male,27,Pune,West Bengal,2024-09-07,Corporate
CUST00393,Customer_00393,Male,24,Chennai,West Bengal,2025-08-23,Premium
CUST00394,Customer_00394,Female,53,Bengaluru,Gujarat,2025-05-09,Corporate
CUST00395,Customer_00395,Male,33,Pune,Karnataka,2023-07-20,Premium
CUST00396,Customer_00396,Female,31,Kolkata,Maharashtra,2023-09-11,Corporate
CUST00397,Customer_00397,Female,33,Chennai,Gujarat,2023-07-02,Consumer
CUST00398,Customer_00398,Male,42,Delhi,Karnataka,2025-09-07,Consumer
CUST00399,Customer_00399,Female,58,Chennai,Karnataka,2024-05-04,Corporate
CUST00400,Customer_00400,Female,21,Hyderabad,Gujarat,2024-05-19,Consumer
CUST00401,Customer_00401,Male,46,Mumbai,Maharashtra,2024-02-17,Consumer
CUST00402,Customer_00402,Female,23,Mumbai,Telangana,2024-02-08,Consumer
CUST00403,Customer_00403,Female,18,Ahmedabad,West Bengal,2023-08-24,Consumer
CUST00404,Customer_00404,Female,56,Pune,Tamil Nadu,2025-05-08,Consumer
CUST00405,Customer_00405,Male,18,Chennai,Karnataka,2025-08-23,Consumer
CUST00406,Customer_00406,Female,68,Chennai,Tamil Nadu,2024-09-24,Consumer
CUST00407,Customer_00407,Male,57,Chennai,Maharashtra,2023-07-27,Consumer
CUST00408,Customer_00408,Male,20,Chennai,Telangana,2023-05-20,Premium
CUST00409,Customer_00409,Female,18,Ahmedabad,Delhi,2024-08-10,Consumer
CUST00410,Customer_00410,Male,18,Hyderabad,West Bengal,2024-08-09,Corporate
CUST00411,Customer_00411,Male,56,Delhi,West Bengal,2025-07-05,Corporate
CUST00412,Customer_00412,Female,38,Hyderabad,Telangana,2025-08-24,Consumer
CUST00413,Customer_00413,Female,62,Kolkata,Maharashtra,2024-07-23,Corporate
CUST00414,Customer_00414,Female,47,Kolkata,Telangana,2023-05-05,Consumer
CUST00415,Customer_00415,Female,49,Hyderabad,West Bengal,2023-05-14,Corporate
CUST00416,Customer_00416,Male,50,Hyderabad,Delhi,2025-09-22,Corporate
CUST00417,Customer_00417,Male,65,Mumbai,Karnataka,2024-10-11,Premium
CUST00418,Customer_00418,Male,39,Kolkata,Telangana,2024-12-06,Corporate
CUST00419,Customer_00419,Female,47,Hyderabad,Gujarat,2024-07-21,Consumer
CUST00420,Customer_00420,Female,63,Chennai,Gujarat,2023-12-05,Corporate
CUST00421,Customer_00421,Female,21,Hyderabad,Maharashtra,2025-04-18,Consumer
CUST00422,Customer_00422,Female,40,Chennai,West Bengal,2023-11-18,Consumer
CUST00423,Customer_00423,Male,61,Pune,West Bengal,2023-04-05,Corporate
CUST00424,Customer_00424,Female,42,Kolkata,Telangana,2023-07-15,Premium
CUST00425,Customer_00425,Male,29,Delhi,Delhi,2023-07-11,Consumer
CUST00426,Customer_00426,Female,34,Mumbai,Maharashtra,2024-10-17,Premium
CUST00427,Customer_00427,Male,32,Delhi,Telangana,2024-06-05,Consumer
CUST00428,Customer_00428,Female,27,Ahmedabad,Maharashtra,2025-01-22,Consumer
CUST00429,Customer_00429,Male,52,Ahmedabad,Gujarat,2025-09-14,Consumer
CUST00430,Customer_00430,Male,69,Pune,Delhi,2025-10-02,Corporate
CUST00431,Customer_00431,Male,69,Delhi,Karnataka,2023-01-13,Consumer
CUST00432,Customer_00432,Female,46,Mumbai,Delhi,2023-09-11,Corporate
CUST00433,Customer_00433,Female,29,Chennai,Karnataka,2023-03-22,Corporate
CUST00434,Customer_00434,Male,18,Pune,West Bengal,2024-01-08,Corporate
CUST00435,Customer_00435,Male,18,Pune,Tamil Nadu,2024-01-29,Consumer
CUST00436,Customer_00436,Female,27,Chennai,Gujarat,2024-02-22,Consumer
CUST00437,Customer_00437,Male,35,Chennai,West Bengal,2025-12-18,Consumer
CUST00438,Customer_00438,Female,64,Mumbai,Gujarat,2023-05-08,Consumer
CUST00439,Customer_00439,Female,19,Kolkata,Gujarat,2025-03-27,Premium
CUST00440,Customer_00440,Male,66,Hyderabad,Delhi,2025-02-12,Consumer
CUST00441,Customer_00441,Male,25,Kolkata,Karnataka,2025-06-10,Consumer
CUST00442,Customer_00442,Other,39,Bengaluru,Tamil Nadu,2023-10-09,Premium
CUST00443,Customer_00443,Male,39,Hyderabad,Tamil Nadu,2023-07-26,Corporate
CUST00444,Customer_00444,Male,43,Kolkata,Tamil Nadu,2024-02-07,Consumer
CUST00445,Customer_00445,Female,43,Hyderabad,West Bengal,2023-08-06,Consumer
CUST00446,Customer_00446,Female,26,Ahmedabad,Maharashtra,2023-11-22,Premium
CUST00447,Customer_00447,Other,38,Delhi,Delhi,2025-01-25,Consumer
CUST00448,Customer_00448,Female,48,Ahmedabad,Delhi,2025-10-08,Consumer
CUST00449,Customer_00449,Male,69,Bengaluru,West Bengal,2023-05-10,Corporate
CUST00450,Customer_00450,Male,60,Chennai,Gujarat,2023-01-03,Corporate
CUST00451,Customer_00451,Female,23,Hyderabad,Delhi,2024-07-08,Consumer
CUST00452,Customer_00452,Female,31,Kolkata,Delhi,2023-09-23,Consumer
CUST00453,Customer_00453,Male,50,Mumbai,Maharashtra,2025-07-11,Corporate
CUST00454,Customer_00454,Female,24,Hyderabad,Delhi,2023-01-24,Premium
CUST00455,Customer_00455,Male,41,Chennai,Karnataka,2024-06-17,Premium
CUST00456,Customer_00456,Female,26,Kolkata,West Bengal,2023-01-03,Consumer
CUST00457,Customer_00457,Male,28,Hyderabad,Tamil Nadu,2025-05-29,Consumer
CUST00458,Customer_00458,Male,40,Pune,Maharashtra,2024-03-02,Consumer
CUST00459,Customer_00459,Male,65,Ahmedabad,Maharashtra,2023-01-04,Consumer
CUST00460,Customer_00460,Male,68,Delhi,Gujarat,2025-03-18,Corporate
CUST00461,Customer_00461,Male,19,Delhi,Delhi,2025-02-22,Consumer
CUST00462,Customer_00462,Female,32,Hyderabad,Tamil Nadu,2024-05-17,Consumer
CUST00463,Customer_00463,Female,52,Delhi,West Bengal,2023-08-20,Corporate
CUST00464,Customer_00464,Female,53,Mumbai,Karnataka,2025-05-22,Corporate
CUST00465,Customer_00465,Female,69,Bengaluru,West Bengal,2025-01-19,Corporate
CUST00466,Customer_00466,Male,45,Hyderabad,Tamil Nadu,2023-03-13,Corporate
CUST00467,Customer_00467,Male,56,Mumbai,West Bengal,2023-03-29,Consumer
CUST00468,Customer_00468,Female,61,Pune,Telangana,2024-06-11,Consumer
CUST00469,Customer_00469,Male,21,Mumbai,Tamil Nadu,2025-06-04,Premium
CUST00470,Customer_00470,Female,27,Mumbai,Karnataka,2024-08-25,Corporate
CUST00471,Customer_00471,Male,23,Pune,Karnataka,2024-03-25,Consumer
CUST00472,Customer_00472,Female,47,Chennai,Karnataka,2024-03-14,Consumer
CUST00473,Customer_00473,Male,63,Hyderabad,Maharashtra,2023-05-06,Consumer
CUST00474,Customer_00474,Female,52,Ahmedabad,West Bengal,2024-07-16,Consumer
CUST00475,Customer_00475,Female,66,Hyderabad,Maharashtra,2025-11-07,Corporate
CUST00476,Customer_00476,Other,60,Hyderabad,Telangana,2025-04-28,Consumer
CUST00477,Customer_00477,Male,27,Ahmedabad,Tamil Nadu,2025-05-14,Consumer
CUST00478,Customer_00478,Female,49,Bengaluru,Delhi,2025-07-12,Consumer
CUST00479,Customer_00479,Female,59,Mumbai,Gujarat,2023-12-11,Premium
CUST00480,Customer_00480,Female,59,Hyderabad,Telangana,2024-04-12,Consumer
CUST00481,Customer_00481,Female,20,Ahmedabad,West Bengal,2025-09-07,Corporate
CUST00482,Customer_00482,Female,43,Ahmedabad,Delhi,2023-05-21,Consumer
CUST00483,Customer_00483,Male,32,Delhi,West Bengal,2025-10-26,Consumer
CUST00484,Customer_00484,Female,34,Chennai,Delhi,2024-10-30,Corporate
CUST00485,Customer_00485,Female,44,Pune,Telangana,2024-09-22,Consumer
CUST00486,Customer_00486,Female,35,Pune,Tamil Nadu,2025-12-24,Consumer
CUST00487,Customer_00487,Male,68,Bengaluru,Gujarat,2025-12-15,Corporate
CUST00488,Customer_00488,Male,36,Ahmedabad,Delhi,2025-03-08,Corporate
CUST00489,Customer_00489,Female,29,Kolkata,Maharashtra,2025-08-12,Corporate
CUST00490,Customer_00490,Female,41,Pune,Maharashtra,2023-08-03,Corporate
CUST00491,Customer_00491,Male,22,Chennai,Telangana,2025-01-12,Consumer
CUST00492,Customer_00492,Female,41,Kolkata,Gujarat,2023-02-27,Corporate
CUST00493,Customer_00493,Male,44,Ahmedabad,Gujarat,2025-06-24,Consumer
CUST00494,Customer_00494,Male,65,Ahmedabad,West Bengal,2024-02-09,Consumer
CUST00495,Customer_00495,Male,47,Mumbai,Delhi,2024-12-21,Consumer
CUST00496,Customer_00496,Male,32,Pune,Telangana,2025-02-21,Corporate
CUST00497,Customer_00497,Female,64,Kolkata,Gujarat,2023-04-07,Consumer
CUST00498,Customer_00498,Male,55,Kolkata,Gujarat,2024-08-09,Consumer
CUST00499,Customer_00499,Female,61,Pune,Maharashtra,2024-06-01,Consumer
CUST00500,Customer_00500,Other,51,Delhi,Telangana,2024-10-29,Corporate
CUST00501,Customer_00501,Female,44,Mumbai,Delhi,2025-12-22,Consumer
CUST00502,Customer_00502,Female,37,Hyderabad,Delhi,2024-06-24,Corporate
CUST00503,Customer_00503,Male,58,Ahmedabad,Maharashtra,2025-03-26,Premium
CUST00504,Customer_00504,Female,49,Chennai,West Bengal,2023-07-10,Corporate
CUST00505,Customer_00505,Female,21,Pune,Karnataka,2025-07-05,Consumer
CUST00506,Customer_00506,Male,22,Delhi,Karnataka,2024-12-16,Premium
CUST00507,Customer_00507,Female,25,Ahmedabad,Gujarat,2024-06-22,Consumer
CUST00508,Customer_00508,Female,39,Chennai,Tamil Nadu,2023-03-26,Corporate
CUST00509,Customer_00509,Female,59,Kolkata,Maharashtra,2024-03-16,Corporate
CUST00510,Customer_00510,Female,24,Bengaluru,Tamil Nadu,2025-02-28,Consumer
CUST00511,Customer_00511,Female,39,Delhi,Gujarat,2023-12-05,Corporate
CUST00512,Customer_00512,Male,63,Ahmedabad,West Bengal,2025-09-30,Premium
CUST00513,Customer_00513,Female,47,Kolkata,Maharashtra,2024-11-04,Premium
CUST00514,Customer_00514,Female,54,Bengaluru,Delhi,2024-12-30,Consumer
CUST00515,Customer_00515,Male,33,Pune,West Bengal,2023-11-13,Premium
CUST00516,Customer_00516,Male,32,Delhi,Maharashtra,2023-03-17,Consumer
CUST00517,Customer_00517,Male,22,Hyderabad,Telangana,2025-08-31,Consumer
CUST00518,Customer_00518,Female,20,Kolkata,Tamil Nadu,2025-09-25,Corporate
CUST00519,Customer_00519,Other,40,Ahmedabad,Maharashtra,2023-07-23,Premium
CUST00520,Customer_00520,Male,27,Chennai,Tamil Nadu,2024-02-28,Consumer
CUST00521,Customer_00521,Female,22,Chennai,West Bengal,2023-07-12,Premium
CUST00522,Customer_00522,Male,40,Kolkata,Gujarat,2025-06-15,Premium
CUST00523,Customer_00523,Female,32,Kolkata,Maharashtra,2025-02-19,Premium
CUST00524,Customer_00524,Female,35,Mumbai,Karnataka,2023-10-28,Consumer
CUST00525,Customer_00525,Female,42,Delhi,Tamil Nadu,2023-09-17,Corporate
CUST00526,Customer_00526,Male,25,Ahmedabad,Delhi,2025-09-30,Consumer
CUST00527,Customer_00527,Male,48,Ahmedabad,Delhi,2024-09-07,Consumer
CUST00528,Customer_00528,Male,38,Ahmedabad,Maharashtra,2024-03-07,Premium
CUST00529,Customer_00529,Male,19,Ahmedabad,Delhi,2024-12-16,Consumer
CUST00530,Customer_00530,Female,39,Delhi,West Bengal,2024-11-26,Consumer
CUST00531,Customer_00531,Female,25,Kolkata,Delhi,2023-07-17,Consumer
CUST00532,Customer_00532,Other,40,Bengaluru,Tamil Nadu,2025-09-09,Consumer
CUST00533,Customer_00533,Other,49,Delhi,West Bengal,2023-02-08,Consumer
CUST00534,Customer_00534,Female,25,Chennai,Maharashtra,2024-12-09,Premium
CUST00535,Customer_00535,Female,21,Delhi,Tamil Nadu,2024-04-15,Premium
CUST00536,Customer_00536,Female,47,Mumbai,Maharashtra,2023-03-20,Consumer
CUST00537,Customer_00537,Female,36,Mumbai,Delhi,2024-12-29,Consumer
CUST00538,Customer_00538,Male,40,Kolkata,West Bengal,2024-11-14,Consumer
CUST00539,Customer_00539,Male,35,Chennai,Maharashtra,2023-02-12,Consumer
CUST00540,Customer_00540,Male,46,Chennai,Gujarat,2023-05-12,Premium
CUST00541,Customer_00541,Female,40,Ahmedabad,Maharashtra,2023-03-18,Consumer
CUST00542,Customer_00542,Female,50,Chennai,Telangana,2023-02-08,Consumer
CUST00543,Customer_00543,Male,69,Delhi,Maharashtra,2023-05-31,Corporate
CUST00544,Customer_00544,Female,64,Delhi,Telangana,2025-09-02,Consumer
CUST00545,Customer_00545,Female,35,Hyderabad,Tamil Nadu,2023-11-14,Consumer
CUST00546,Customer_00546,Male,61,Pune,Telangana,2024-03-12,Corporate
CUST00547,Customer_00547,Male,50,Kolkata,West Bengal,2024-09-18,Consumer
CUST00548,Customer_00548,Female,24,Pune,Tamil Nadu,2024-07-04,Corporate
CUST00549,Customer_00549,Female,68,Ahmedabad,Maharashtra,2023-12-06,Consumer
CUST00550,Customer_00550,Female,45,Ahmedabad,Tamil Nadu,2024-10-19,Corporate
CUST00551,Customer_00551,Female,18,Bengaluru,Delhi,2025-07-06,Consumer
CUST00552,Customer_00552,Female,56,Delhi,Gujarat,2023-12-27,Consumer
CUST00553,Customer_00553,Female,51,Hyderabad,Maharashtra,2025-09-22,Consumer
CUST00554,Customer_00554,Female,56,Hyderabad,West Bengal,2025-02-09,Consumer
CUST00555,Customer_00555,Female,36,Mumbai,Telangana,2023-07-09,Consumer
CUST00556,Customer_00556,Male,48,Delhi,Gujarat,2024-02-17,Consumer
CUST00557,Customer_00557,Male,30,Hyderabad,Karnataka,2023-11-25,Consumer
CUST00558,Customer_00558,Male,41,Mumbai,Gujarat,2023-04-02,Corporate
CUST00559,Customer_00559,Female,22,Bengaluru,Maharashtra,2024-03-15,Consumer
CUST00560,Customer_00560,Female,40,Mumbai,West Bengal,2023-09-02,Consumer
CUST00561,Customer_00561,Female,36,Ahmedabad,West Bengal,2025-06-27,Consumer
CUST00562,Customer_00562,Male,18,Bengaluru,Gujarat,2025-04-12,Premium
CUST00563,Customer_00563,Male,50,Ahmedabad,Gujarat,2023-04-07,Consumer
CUST00564,Customer_00564,Male,67,Pune,Delhi,2025-07-26,Corporate
CUST00565,Customer_00565,Male,50,Ahmedabad,Tamil Nadu,2025-08-11,Consumer
CUST00566,Customer_00566,Female,49,Pune,Gujarat,2024-07-28,Consumer
CUST00567,Customer_00567,Male,45,Chennai,Telangana,2023-04-13,Corporate
CUST00568,Customer_00568,Male,54,Chennai,West Bengal,2025-04-08,Corporate
CUST00569,Customer_00569,Female,58,Kolkata,Telangana,2024-05-27,Corporate
CUST00570,Customer_00570,Male,29,Mumbai,Delhi,2024-10-27,Corporate
CUST00571,Customer_00571,Female,26,Kolkata,Gujarat,2023-02-04,Consumer
CUST00572,Customer_00572,Female,67,Chennai,Gujarat,2024-02-01,Consumer
CUST00573,Customer_00573,Male,28,Ahmedabad,Delhi,2023-01-27,Consumer
CUST00574,Customer_00574,Female,50,Delhi,Maharashtra,2023-11-02,Consumer
CUST00575,Customer_00575,Female,36,Mumbai,Karnataka,2024-11-29,Consumer
CUST00576,Customer_00576,Female,59,Hyderabad,Karnataka,2024-08-03,Consumer
CUST00577,Customer_00577,Male,51,Ahmedabad,Tamil Nadu,2023-06-14,Consumer
CUST00578,Customer_00578,Female,24,Delhi,Telangana,2023-04-12,Consumer
CUST00579,Customer_00579,Female,48,Kolkata,Maharashtra,2024-03-30,Premium
CUST00580,Customer_00580,Male,69,Mumbai,Telangana,2023-07-12,Consumer
CUST00581,Customer_00581,Male,19,Kolkata,Maharashtra,2025-07-04,Corporate
CUST00582,Customer_00582,Other,36,Pune,Delhi,2025-06-16,Consumer
CUST00583,Customer_00583,Female,55,Bengaluru,Tamil Nadu,2025-03-20,Corporate
CUST00584,Customer_00584,Male,49,Kolkata,Delhi,2023-10-26,Consumer
CUST00585,Customer_00585,Female,27,Chennai,Telangana,2023-01-21,Consumer
CUST00586,Customer_00586,Male,58,Chennai,West Bengal,2023-02-14,Consumer
CUST00587,Customer_00587,Male,25,Chennai,Tamil Nadu,2024-05-10,Corporate
CUST00588,Customer_00588,Male,43,Mumbai,Gujarat,2024-11-13,Corporate
CUST00589,Customer_00589,Male,47,Delhi,West Bengal,2023-08-11,Consumer
CUST00590,Customer_00590,Male,28,Bengaluru,Maharashtra,2023-10-26,Consumer
CUST00591,Customer_00591,Male,58,Chennai,Maharashtra,2025-11-13,Corporate
CUST00592,Customer_00592,Female,37,Delhi,Tamil Nadu,2025-12-19,Premium
CUST00593,Customer_00593,Male,37,Kolkata,Delhi,2023-10-15,Consumer
CUST00594,Customer_00594,Male,26,Hyderabad,Tamil Nadu,2024-05-31,Corporate
CUST00595,Customer_00595,Female,25,Pune,Delhi,2025-06-16,Consumer
CUST00596,Customer_00596,Male,32,Hyderabad,Tamil Nadu,2023-06-03,Premium
CUST00597,Customer_00597,Female,51,Bengaluru,Delhi,2023-10-08,Consumer
CUST00598,Customer_00598,Male,41,Chennai,Karnataka,2024-03-09,Consumer
CUST00599,Customer_00599,Male,50,Ahmedabad,Tamil Nadu,2023-12-08,Consumer
CUST00600,Customer_00600,Male,58,Ahmedabad,Delhi,2023-03-27,Corporate
CUST00601,Customer_00601,Male,58,Hyderabad,Gujarat,2025-02-17,Consumer
CUST00602,Customer_00602,Male,62,Pune,Telangana,2023-07-10,Consumer
CUST00603,Customer_00603,Male,57,Delhi,West Bengal,2025-12-27,Consumer
CUST00604,Customer_00604,Male,44,Ahmedabad,West Bengal,2025-09-17,Consumer
CUST00605,Customer_00605,Male,38,Delhi,West Bengal,2025-05-25,Corporate
CUST00606,Customer_00606,Male,22,Hyderabad,Telangana,2024-10-23,Premium
CUST00607,Customer_00607,Male,52,Kolkata,Tamil Nadu,2024-07-27,Consumer
CUST00608,Customer_00608,Male,38,Kolkata,Tamil Nadu,2023-05-11,Consumer
CUST00609,Customer_00609,Female,21,Chennai,Maharashtra,2025-04-18,Consumer
CUST00610,Customer_00610,Female,66,Pune,Delhi,2025-08-16,Consumer
CUST00611,Customer_00611,Male,65,Bengaluru,Tamil Nadu,2025-04-18,Corporate
CUST00612,Customer_00612,Female,33,Chennai,Telangana,2023-08-09,Consumer
CUST00613,Customer_00613,Female,48,Ahmedabad,Telangana,2024-10-04,Consumer
CUST00614,Customer_00614,Male,43,Mumbai,West Bengal,2024-05-02,Corporate
CUST00615,Customer_00615,Female,69,Hyderabad,Telangana,2025-05-01,Consumer
CUST00616,Customer_00616,Female,52,Mumbai,Delhi,2023-12-20,Corporate
CUST00617,Customer_00617,Male,23,Ahmedabad,Karnataka,2025-08-05,Consumer
CUST00618,Customer_00618,Male,50,Hyderabad,Tamil Nadu,2023-06-10,Consumer
CUST00619,Customer_00619,Female,38,Bengaluru,West Bengal,2024-04-08,Consumer
CUST00620,Customer_00620,Female,33,Chennai,Karnataka,2025-12-19,Corporate
CUST00621,Customer_00621,Male,64,Pune,Delhi,2023-08-03,Premium
CUST00622,Customer_00622,Male,56,Ahmedabad,West Bengal,2024-08-02,Corporate
CUST00623,Customer_00623,Male,51,Kolkata,Gujarat,2024-05-02,Consumer
CUST00624,Customer_00624,Male,59,Kolkata,Tamil Nadu,2023-08-13,Consumer
CUST00625,Customer_00625,Female,32,Chennai,Maharashtra,2024-12-09,Consumer
CUST00626,Customer_00626,Male,23,Hyderabad,Tamil Nadu,2023-06-10,Premium
CUST00627,Customer_00627,Male,19,Kolkata,Tamil Nadu,2024-03-30,Premium
CUST00628,Customer_00628,Female,41,Delhi,Tamil Nadu,2025-12-18,Corporate
CUST00629,Customer_00629,Male,66,Mumbai,West Bengal,2024-06-28,Consumer
CUST00630,Customer_00630,Male,45,Pune,West Bengal,2023-01-29,Consumer
CUST00631,Customer_00631,Female,18,Pune,Tamil Nadu,2025-02-05,Consumer
CUST00632,Customer_00632,Female,18,Kolkata,Gujarat,2023-07-04,Consumer
CUST00633,Customer_00633,Female,45,Ahmedabad,Tamil Nadu,2023-12-23,Consumer
CUST00634,Customer_00634,Female,53,Chennai,Delhi,2024-05-06,Consumer
CUST00635,Customer_00635,Male,37,Chennai,Tamil Nadu,2025-01-02,Consumer
CUST00636,Customer_00636,Male,65,Hyderabad,Gujarat,2024-07-31,Consumer
CUST00637,Customer_00637,Female,25,Delhi,Delhi,2023-04-24,Consumer
CUST00638,Customer_00638,Male,18,Ahmedabad,Tamil Nadu,2024-01-13,Consumer
CUST00639,Customer_00639,Male,43,Ahmedabad,Tamil Nadu,2023-04-07,Consumer
CUST00640,Customer_00640,Male,68,Ahmedabad,Delhi,2025-04-21,Corporate
CUST00641,Customer_00641,Male,60,Mumbai,Tamil Nadu,2023-05-04,Premium
CUST00642,Customer_00642,Male,66,Delhi,Gujarat,2023-06-05,Consumer
CUST00643,Customer_00643,Male,42,Pune,West Bengal,2023-04-20,Corporate
CUST00644,Customer_00644,Male,27,Delhi,Telangana,2023-02-22,Consumer
CUST00645,Customer_00645,Male,29,Kolkata,Tamil Nadu,2024-08-10,Consumer
CUST00646,Customer_00646,Female,58,Hyderabad,Maharashtra,2024-12-26,Consumer
CUST00647,Customer_00647,Female,24,Delhi,Delhi,2023-02-14,Consumer
CUST00648,Customer_00648,Female,29,Ahmedabad,Gujarat,2025-07-24,Corporate
CUST00649,Customer_00649,Female,64,Mumbai,Tamil Nadu,2023-05-02,Corporate
CUST00650,Customer_00650,Female,57,Pune,Tamil Nadu,2024-04-26,Consumer
CUST00651,Customer_00651,Male,34,Bengaluru,Delhi,2024-11-08,Consumer
CUST00652,Customer_00652,Female,22,Pune,Karnataka,2024-05-14,Consumer
CUST00653,Customer_00653,Female,31,Ahmedabad,Gujarat,2023-03-15,Consumer
CUST00654,Customer_00654,Female,51,Bengaluru,Gujarat,2025-08-28,Consumer
CUST00655,Customer_00655,Male,65,Mumbai,Telangana,2023-05-29,Consumer
CUST00656,Customer_00656,Male,34,Pune,West Bengal,2025-06-10,Consumer
CUST00657,Customer_00657,Male,52,Pune,West Bengal,2025-12-20,Corporate
CUST00658,Customer_00658,Male,18,Pune,Telangana,2025-12-13,Consumer
CUST00659,Customer_00659,Female,67,Pune,Tamil Nadu,2024-04-17,Consumer
CUST00660,Customer_00660,Female,67,Hyderabad,Delhi,2023-06-19,Consumer
CUST00661,Customer_00661,Male,53,Chennai,Maharashtra,2024-12-01,Corporate
CUST00662,Customer_00662,Other,32,Pune,Tamil Nadu,2023-02-01,Consumer
CUST00663,Customer_00663,Female,36,Hyderabad,Telangana,2023-02-22,Consumer
CUST00664,Customer_00664,Male,68,Mumbai,Tamil Nadu,2025-07-28,Consumer
CUST00665,Customer_00665,Male,59,Pune,Delhi,2023-05-19,Premium
CUST00666,Customer_00666,Male,22,Delhi,Gujarat,2025-12-06,Corporate
CUST00667,Customer_00667,Male,36,Pune,Gujarat,2023-03-31,Consumer
CUST00668,Customer_00668,Male,60,Kolkata,Gujarat,2025-04-07,Consumer
CUST00669,Customer_00669,Male,56,Pune,Gujarat,2023-02-05,Consumer
CUST00670,Customer_00670,Male,22,Ahmedabad,West Bengal,2025-10-12,Corporate
CUST00671,Customer_00671,Male,69,Bengaluru,Maharashtra,2025-07-17,Corporate
CUST00672,Customer_00672,Female,29,Delhi,Karnataka,2024-07-07,Consumer
CUST00673,Customer_00673,Male,36,Pune,West Bengal,2025-01-09,Consumer
CUST00674,Customer_00674,Female,64,Pune,Maharashtra,2023-09-26,Corporate
CUST00675,Customer_00675,Male,29,Pune,Tamil Nadu,2025-06-28,Consumer
CUST00676,Customer_00676,Other,53,Hyderabad,Telangana,2023-07-05,Consumer
CUST00677,Customer_00677,Male,29,Ahmedabad,Delhi,2025-05-18,Consumer
CUST00678,Customer_00678,Male,35,Mumbai,Tamil Nadu,2024-02-28,Consumer
CUST00679,Customer_00679,Female,66,Bengaluru,Karnataka,2025-04-12,Consumer
CUST00680,Customer_00680,Female,68,Pune,Delhi,2025-07-14,Corporate
CUST00681,Customer_00681,Female,65,Mumbai,Delhi,2025-05-18,Corporate
CUST00682,Customer_00682,Male,60,Ahmedabad,Delhi,2025-10-12,Corporate
CUST00683,Customer_00683,Male,51,Bengaluru,Tamil Nadu,2024-03-17,Premium
CUST00684,Customer_00684,Female,65,Bengaluru,Karnataka,2023-02-08,Consumer
CUST00685,Customer_00685,Female,50,Kolkata,Tamil Nadu,2025-06-26,Consumer
CUST00686,Customer_00686,Female,66,Ahmedabad,Delhi,2023-06-15,Consumer
CUST00687,Customer_00687,Female,35,Bengaluru,Delhi,2024-03-18,Premium
CUST00688,Customer_00688,Male,46,Ahmedabad,West Bengal,2023-11-27,Consumer
CUST00689,Customer_00689,Female,62,Ahmedabad,Telangana,2025-09-19,Corporate
CUST00690,Customer_00690,Male,22,Pune,Maharashtra,2024-12-14,Consumer
CUST00691,Customer_00691,Male,42,Hyderabad,Tamil Nadu,2025-04-14,Consumer
CUST00692,Customer_00692,Male,41,Pune,Karnataka,2023-05-19,Consumer
CUST00693,Customer_00693,Female,46,Pune,West Bengal,2025-02-07,Corporate
CUST00694,Customer_00694,Male,55,Mumbai,Delhi,2023-05-04,Consumer
CUST00695,Customer_00695,Male,50,Chennai,Tamil Nadu,2025-05-31,Premium
CUST00696,Customer_00696,Female,27,Chennai,Maharashtra,2025-01-30,Consumer
CUST00697,Customer_00697,Male,54,Kolkata,Tamil Nadu,2025-12-19,Consumer
CUST00698,Customer_00698,Female,50,Ahmedabad,Maharashtra,2025-11-08,Consumer
CUST00699,Customer_00699,Male,40,Chennai,Tamil Nadu,2023-08-14,Corporate
CUST00700,Customer_00700,Male,28,Mumbai,Telangana,2024-09-03,Consumer
CUST00701,Customer_00701,Female,41,Delhi,Tamil Nadu,2023-11-20,Consumer
CUST00702,Customer_00702,Male,41,Kolkata,West Bengal,2025-11-06,Consumer
CUST00703,Customer_00703,Male,24,Mumbai,Gujarat,2024-08-19,Consumer
CUST00704,Customer_00704,Male,67,Bengaluru,Telangana,2024-06-24,Consumer
CUST00705,Customer_00705,Male,38,Pune,Maharashtra,2024-10-07,Premium
CUST00706,Customer_00706,Other,37,Delhi,Delhi,2025-09-16,Corporate
CUST00707,Customer_00707,Male,27,Bengaluru,Delhi,2024-12-06,Consumer
CUST00708,Customer_00708,Female,42,Kolkata,Tamil Nadu,2024-09-22,Corporate
CUST00709,Customer_00709,Male,64,Pune,Karnataka,2025-05-28,Consumer
CUST00710,Customer_00710,Female,53,Pune,Tamil Nadu,2023-07-10,Consumer
CUST00711,Customer_00711,Female,65,Kolkata,Telangana,2025-05-04,Consumer
CUST00712,Customer_00712,Female,64,Bengaluru,Telangana,2024-05-05,Consumer
CUST00713,Customer_00713,Male,32,Mumbai,Maharashtra,2024-02-09,Corporate
CUST00714,Customer_00714,Male,61,Chennai,Tamil Nadu,2025-05-24,Consumer
CUST00715,Customer_00715,Male,57,Delhi,Maharashtra,2024-03-05,Consumer
CUST00716,Customer_00716,Female,57,Ahmedabad,Karnataka,2024-06-03,Consumer
CUST00717,Customer_00717,Female,67,Kolkata,Delhi,2025-06-11,Consumer
CUST00718,Customer_00718,Female,23,Kolkata,Delhi,2025-03-31,Consumer
CUST00719,Customer_00719,Male,54,Pune,Tamil Nadu,2025-06-05,Consumer
CUST00720,Customer_00720,Female,19,Hyderabad,Maharashtra,2024-03-10,Consumer
CUST00721,Customer_00721,Female,29,Pune,Maharashtra,2023-03-04,Consumer
CUST00722,Customer_00722,Male,21,Ahmedabad,Karnataka,2023-05-14,Corporate
CUST00723,Customer_00723,Male,40,Chennai,Maharashtra,2025-08-15,Premium
CUST00724,Customer_00724,Female,30,Pune,Gujarat,2024-09-10,Consumer
CUST00725,Customer_00725,Female,34,Hyderabad,Gujarat,2024-02-29,Consumer
CUST00726,Customer_00726,Female,48,Kolkata,Telangana,2023-12-24,Corporate
CUST00727,Customer_00727,Male,33,Mumbai,Gujarat,2025-10-29,Consumer
CUST00728,Customer_00728,Female,58,Pune,Gujarat,2025-10-07,Premium
CUST00729,Customer_00729,Male,43,Delhi,Telangana,2023-07-16,Consumer
CUST00730,Customer_00730,Male,45,Mumbai,Gujarat,2025-10-30,Corporate
CUST00731,Customer_00731,Male,18,Hyderabad,Gujarat,2025-05-11,Corporate
CUST00732,Customer_00732,Female,64,Bengaluru,Telangana,2024-06-02,Consumer
CUST00733,Customer_00733,Female,29,Pune,Tamil Nadu,2023-12-15,Corporate
CUST00734,Customer_00734,Female,54,Ahmedabad,West Bengal,2024-07-28,Premium
CUST00735,Customer_00735,Male,67,Kolkata,Telangana,2025-10-24,Premium
CUST00736,Customer_00736,Female,37,Kolkata,Telangana,2023-11-24,Corporate
CUST00737,Customer_00737,Male,19,Mumbai,Gujarat,2024-05-26,Consumer
CUST00738,Customer_00738,Female,53,Pune,Delhi,2025-07-19,Corporate
CUST00739,Customer_00739,Male,32,Ahmedabad,West Bengal,2023-05-10,Corporate
CUST00740,Customer_00740,Male,55,Delhi,Gujarat,2024-08-09,Consumer
CUST00741,Customer_00741,Male,39,Pune,Tamil Nadu,2024-04-28,Premium
CUST00742,Customer_00742,Male,61,Mumbai,Telangana,2023-12-24,Corporate
CUST00743,Customer_00743,Female,67,Chennai,Karnataka,2024-01-20,Consumer
CUST00744,Customer_00744,Female,49,Mumbai,Telangana,2023-09-11,Consumer
CUST00745,Customer_00745,Male,37,Hyderabad,West Bengal,2025-04-14,Premium
CUST00746,Customer_00746,Female,53,Mumbai,Tamil Nadu,2025-03-06,Consumer
CUST00747,Customer_00747,Male,50,Kolkata,West Bengal,2024-04-13,Consumer
CUST00748,Customer_00748,Female,32,Delhi,Maharashtra,2024-05-07,Consumer
CUST00749,Customer_00749,Female,67,Mumbai,West Bengal,2025-07-08,Corporate
CUST00750,Customer_00750,Female,63,Mumbai,Gujarat,2023-02-20,Consumer
CUST00751,Customer_00751,Male,20,Delhi,Delhi,2025-12-15,Corporate
CUST00752,Customer_00752,Female,46,Mumbai,Delhi,2023-03-14,Consumer
CUST00753,Customer_00753,Female,64,Kolkata,Gujarat,2024-08-22,Corporate
CUST00754,Customer_00754,Male,44,Delhi,Gujarat,2023-02-21,Consumer
CUST00755,Customer_00755,Male,22,Kolkata,Tamil Nadu,2023-05-05,Consumer
CUST00756,Customer_00756,Female,48,Kolkata,Telangana,2023-09-19,Consumer
CUST00757,Customer_00757,Female,39,Kolkata,Karnataka,2025-08-12,Premium
CUST00758,Customer_00758,Female,52,Hyderabad,Telangana,2023-11-26,Consumer
CUST00759,Customer_00759,Female,24,Delhi,Telangana,2023-08-29,Consumer
CUST00760,Customer_00760,Female,23,Hyderabad,Karnataka,2023-10-18,Consumer
CUST00761,Customer_00761,Male,43,Hyderabad,Delhi,2023-07-30,Consumer
CUST00762,Customer_00762,Male,18,Ahmedabad,Telangana,2024-12-19,Consumer
CUST00763,Customer_00763,Male,36,Delhi,Maharashtra,2023-11-18,Corporate
CUST00764,Customer_00764,Female,24,Mumbai,Maharashtra,2023-12-24,Consumer
CUST00765,Customer_00765,Male,53,Pune,Tamil Nadu,2025-07-05,Corporate
CUST00766,Customer_00766,Female,29,Ahmedabad,Tamil Nadu,2023-04-04,Consumer
CUST00767,Customer_00767,Female,37,Chennai,West Bengal,2024-12-11,Corporate
CUST00768,Customer_00768,Female,40,Pune,Karnataka,2023-06-18,Consumer
CUST00769,Customer_00769,Male,42,Kolkata,Karnataka,2024-05-30,Premium
CUST00770,Customer_00770,Female,47,Delhi,Tamil Nadu,2023-04-08,Corporate
CUST00771,Customer_00771,Male,46,Mumbai,Gujarat,2023-12-16,Consumer
CUST00772,Customer_00772,Female,48,Hyderabad,Telangana,2025-01-05,Consumer
CUST00773,Customer_00773,Male,35,Bengaluru,Gujarat,2024-08-01,Premium
CUST00774,Customer_00774,Male,58,Chennai,Delhi,2025-04-20,Consumer
CUST00775,Customer_00775,Female,36,Ahmedabad,Maharashtra,2024-02-05,Consumer
CUST00776,Customer_00776,Male,21,Ahmedabad,Karnataka,2025-01-20,Consumer
CUST00777,Customer_00777,Male,18,Pune,Tamil Nadu,2025-03-31,Corporate
CUST00778,Customer_00778,Female,58,Ahmedabad,Maharashtra,2025-10-24,Premium
CUST00779,Customer_00779,Female,32,Mumbai,Gujarat,2024-01-04,Consumer
CUST00780,Customer_00780,Female,25,Kolkata,Karnataka,2024-07-09,Consumer
CUST00781,Customer_00781,Female,32,Chennai,Karnataka,2025-10-01,Corporate
CUST00782,Customer_00782,Female,32,Kolkata,West Bengal,2025-08-23,Premium
CUST00783,Customer_00783,Male,67,Bengaluru,Telangana,2025-10-11,Consumer
CUST00784,Customer_00784,Male,56,Bengaluru,Karnataka,2025-03-24,Consumer
CUST00785,Customer_00785,Male,39,Ahmedabad,Delhi,2023-04-16,Consumer
CUST00786,Customer_00786,Female,35,Bengaluru,Karnataka,2023-06-14,Consumer
CUST00787,Customer_00787,Female,33,Pune,Delhi,2024-09-29,Premium
CUST00788,Customer_00788,Male,19,Kolkata,Gujarat,2025-10-20,Corporate
CUST00789,Customer_00789,Male,53,Delhi,West Bengal,2023-11-27,Consumer
CUST00790,Customer_00790,Female,37,Ahmedabad,Telangana,2023-10-26,Premium
CUST00791,Customer_00791,Male,33,Chennai,West Bengal,2025-05-05,Premium
CUST00792,Customer_00792,Female,20,Delhi,Delhi,2024-12-07,Consumer
CUST00793,Customer_00793,Female,47,Kolkata,Gujarat,2024-03-22,Consumer
CUST00794,Customer_00794,Female,19,Bengaluru,Maharashtra,2024-04-24,Consumer
CUST00795,Customer_00795,Male,52,Mumbai,West Bengal,2025-01-03,Consumer
CUST00796,Customer_00796,Female,43,Bengaluru,West Bengal,2025-05-23,Consumer
CUST00797,Customer_00797,Female,22,Delhi,Karnataka,2024-06-05,Consumer
CUST00798,Customer_00798,Female,19,Bengaluru,West Bengal,2024-09-13,Corporate
CUST00799,Customer_00799,Female,68,Kolkata,Tamil Nadu,2025-01-28,Premium
CUST00800,Customer_00800,Female,37,Bengaluru,Tamil Nadu,2023-09-01,Consumer
CUST00801,Customer_00801,Female,51,Delhi,Delhi,2023-01-23,Consumer
CUST00802,Customer_00802,Male,51,Delhi,Telangana,2024-04-10,Consumer
CUST00803,Customer_00803,Female,37,Kolkata,Delhi,2025-05-14,Premium
CUST00804,Customer_00804,Female,67,Ahmedabad,West Bengal,2023-09-26,Corporate
CUST00805,Customer_00805,Male,42,Ahmedabad,West Bengal,2024-06-16,Corporate
CUST00806,Customer_00806,Female,37,Mumbai,Gujarat,2023-11-10,Corporate
CUST00807,Customer_00807,Female,42,Delhi,West Bengal,2023-04-30,Consumer
CUST00808,Customer_00808,Female,31,Kolkata,Gujarat,2025-09-07,Consumer
CUST00809,Customer_00809,Male,64,Ahmedabad,West Bengal,2024-12-10,Consumer
CUST00810,Customer_00810,Male,61,Ahmedabad,West Bengal,2023-05-16,Consumer
CUST00811,Customer_00811,Other,60,Mumbai,Delhi,2025-12-17,Consumer
CUST00812,Customer_00812,Female,60,Hyderabad,Delhi,2025-07-24,Consumer
CUST00813,Customer_00813,Male,56,Kolkata,Maharashtra,2023-01-01,Consumer
CUST00814,Customer_00814,Female,29,Hyderabad,Gujarat,2023-03-18,Corporate
CUST00815,Customer_00815,Female,65,Delhi,Maharashtra,2025-08-18,Consumer
CUST00816,Customer_00816,Female,22,Ahmedabad,Delhi,2024-08-03,Consumer
CUST00817,Customer_00817,Female,19,Bengaluru,Telangana,2023-05-28,Consumer
CUST00818,Customer_00818,Male,33,Chennai,Karnataka,2024-07-27,Consumer
CUST00819,Customer_00819,Male,47,Bengaluru,Gujarat,2023-07-05,Consumer
CUST00820,Customer_00820,Male,64,Delhi,Tamil Nadu,2024-06-05,Consumer
CUST00821,Customer_00821,Female,60,Mumbai,Maharashtra,2023-06-11,Corporate
CUST00822,Customer_00822,Male,55,Kolkata,Gujarat,2023-07-15,Consumer
CUST00823,Customer_00823,Male,62,Bengaluru,Karnataka,2023-02-03,Consumer
CUST00824,Customer_00824,Male,68,Hyderabad,Maharashtra,2024-02-12,Premium
CUST00825,Customer_00825,Female,59,Ahmedabad,Gujarat,2024-06-20,Consumer
CUST00826,Customer_00826,Female,41,Pune,Maharashtra,2023-02-05,Consumer
CUST00827,Customer_00827,Male,68,Ahmedabad,Maharashtra,2023-04-24,Consumer
CUST00828,Customer_00828,Male,47,Delhi,Delhi,2024-08-27,Consumer
CUST00829,Customer_00829,Female,54,Ahmedabad,West Bengal,2024-03-18,Consumer
CUST00830,Customer_00830,Male,56,Bengaluru,Delhi,2023-02-07,Consumer
CUST00831,Customer_00831,Male,28,Pune,Maharashtra,2023-04-02,Consumer
CUST00832,Customer_00832,Male,31,Bengaluru,Maharashtra,2024-09-22,Premium
CUST00833,Customer_00833,Male,40,Mumbai,West Bengal,2024-11-02,Corporate
CUST00834,Customer_00834,Male,33,Mumbai,Tamil Nadu,2023-04-11,Consumer
CUST00835,Customer_00835,Female,67,Mumbai,Karnataka,2024-05-21,Consumer
CUST00836,Customer_00836,Male,38,Pune,West Bengal,2023-06-28,Consumer
CUST00837,Customer_00837,Female,21,Chennai,Karnataka,2023-10-11,Consumer
CUST00838,Customer_00838,Male,50,Pune,Telangana,2023-12-21,Consumer
CUST00839,Customer_00839,Female,64,Delhi,West Bengal,2024-05-02,Corporate
CUST00840,Customer_00840,Female,31,Delhi,Telangana,2025-10-02,Consumer
CUST00841,Customer_00841,Male,36,Hyderabad,Telangana,2023-10-06,Corporate
CUST00842,Customer_00842,Female,22,Hyderabad,Delhi,2024-06-27,Consumer
CUST00843,Customer_00843,Male,53,Delhi,Delhi,2024-10-11,Corporate
CUST00844,Customer_00844,Female,48,Bengaluru,Tamil Nadu,2025-07-19,Consumer
CUST00845,Customer_00845,Male,62,Delhi,Delhi,2023-12-21,Consumer
CUST00846,Customer_00846,Male,35,Kolkata,Telangana,2023-07-14,Consumer
CUST00847,Customer_00847,Male,61,Chennai,Gujarat,2025-03-14,Consumer
CUST00848,Customer_00848,Other,48,Hyderabad,Maharashtra,2023-04-03,Corporate
CUST00849,Customer_00849,Female,47,Hyderabad,Telangana,2024-03-08,Consumer
CUST00850,Customer_00850,Female,38,Kolkata,Tamil Nadu,2024-07-11,Premium
CUST00851,Customer_00851,Male,64,Ahmedabad,Maharashtra,2025-11-16,Corporate
CUST00852,Customer_00852,Female,47,Kolkata,Delhi,2023-06-11,Consumer
CUST00853,Customer_00853,Male,58,Pune,Maharashtra,2023-04-11,Premium
CUST00854,Customer_00854,Female,21,Kolkata,Gujarat,2024-11-29,Consumer
CUST00855,Customer_00855,Male,22,Ahmedabad,Tamil Nadu,2023-06-07,Consumer
CUST00856,Customer_00856,Male,58,Hyderabad,Delhi,2024-05-06,Corporate
CUST00857,Customer_00857,Male,62,Delhi,Karnataka,2025-07-07,Premium
CUST00858,Customer_00858,Male,27,Hyderabad,Telangana,2025-10-29,Consumer
CUST00859,Customer_00859,Female,44,Kolkata,West Bengal,2025-04-03,Corporate
CUST00860,Customer_00860,Male,33,Kolkata,Gujarat,2024-11-09,Consumer
CUST00861,Customer_00861,Female,47,Ahmedabad,Gujarat,2025-02-24,Corporate
CUST00862,Customer_00862,Male,30,Kolkata,West Bengal,2025-09-18,Consumer
CUST00863,Customer_00863,Female,53,Ahmedabad,Telangana,2023-04-21,Consumer
CUST00864,Customer_00864,Male,38,Hyderabad,Tamil Nadu,2025-04-20,Consumer
CUST00865,Customer_00865,Male,62,Kolkata,Tamil Nadu,2023-07-22,Consumer
CUST00866,Customer_00866,Female,57,Pune,Gujarat,2025-12-24,Corporate
CUST00867,Customer_00867,Male,62,Delhi,Telangana,2024-02-18,Consumer
CUST00868,Customer_00868,Male,32,Bengaluru,Maharashtra,2024-11-20,Consumer
CUST00869,Customer_00869,Female,37,Ahmedabad,Karnataka,2023-09-23,Consumer
CUST00870,Customer_00870,Female,37,Kolkata,Karnataka,2024-07-25,Consumer
CUST00871,Customer_00871,Male,62,Hyderabad,Tamil Nadu,2023-07-24,Consumer
CUST00872,Customer_00872,Male,22,Hyderabad,Tamil Nadu,2024-08-06,Consumer
CUST00873,Customer_00873,Female,49,Kolkata,Maharashtra,2023-06-22,Consumer
CUST00874,Customer_00874,Male,23,Hyderabad,Tamil Nadu,2023-11-04,Consumer
CUST00875,Customer_00875,Male,47,Kolkata,Karnataka,2024-03-25,Consumer
CUST00876,Customer_00876,Male,43,Chennai,Telangana,2023-03-03,Consumer
CUST00877,Customer_00877,Female,54,Delhi,Gujarat,2024-04-19,Corporate
CUST00878,Customer_00878,Female,30,Kolkata,Karnataka,2023-03-27,Consumer
CUST00879,Customer_00879,Male,46,Hyderabad,Maharashtra,2025-10-27,Consumer
CUST00880,Customer_00880,Male,22,Chennai,Telangana,2023-10-22,Consumer
CUST00881,Customer_00881,Male,42,Bengaluru,Telangana,2025-01-08,Corporate
CUST00882,Customer_00882,Female,30,Bengaluru,Gujarat,2024-06-09,Consumer
CUST00883,Customer_00883,Male,41,Ahmedabad,Karnataka,2023-02-03,Consumer
CUST00884,Customer_00884,Male,48,Pune,West Bengal,2025-01-21,Corporate
CUST00885,Customer_00885,Female,37,Kolkata,Telangana,2025-02-18,Consumer
CUST00886,Customer_00886,Male,25,Pune,Telangana,2024-09-29,Consumer
CUST00887,Customer_00887,Female,26,Pune,Tamil Nadu,2025-11-23,Consumer
CUST00888,Customer_00888,Male,38,Chennai,Telangana,2025-03-05,Corporate
CUST00889,Customer_00889,Male,68,Bengaluru,Maharashtra,2024-02-10,Consumer
CUST00890,Customer_00890,Male,37,Pune,Telangana,2025-11-07,Consumer
CUST00891,Customer_00891,Female,32,Mumbai,Tamil Nadu,2024-03-03,Consumer
CUST00892,Customer_00892,Female,43,Pune,Delhi,2025-07-02,Consumer
CUST00893,Customer_00893,Female,59,Bengaluru,Delhi,2023-10-20,Corporate
CUST00894,Customer_00894,Male,28,Ahmedabad,Maharashtra,2024-08-02,Premium
CUST00895,Customer_00895,Female,54,Mumbai,Gujarat,2023-02-17,Consumer
CUST00896,Customer_00896,Male,58,Ahmedabad,Gujarat,2023-03-25,Consumer
CUST00897,Customer_00897,Male,28,Ahmedabad,West Bengal,2024-08-29,Corporate
CUST00898,Customer_00898,Female,44,Chennai,West Bengal,2023-11-04,Consumer
CUST00899,Customer_00899,Male,47,Kolkata,Maharashtra,2023-09-09,Consumer
CUST00900,Customer_00900,Male,36,Kolkata,Telangana,2023-06-29,Consumer
CUST00901,Customer_00901,Male,51,Mumbai,Telangana,2024-03-01,Consumer
CUST00902,Customer_00902,Male,55,Bengaluru,Delhi,2023-02-08,Consumer
CUST00903,Customer_00903,Male,40,Hyderabad,Delhi,2025-03-26,Consumer
CUST00904,Customer_00904,Female,18,Mumbai,Karnataka,2024-09-16,Consumer
CUST00905,Customer_00905,Male,20,Bengaluru,Delhi,2024-01-11,Consumer
CUST00906,Customer_00906,Female,20,Pune,West Bengal,2023-02-10,Consumer
CUST00907,Customer_00907,Female,45,Ahmedabad,Delhi,2023-02-16,Corporate
CUST00908,Customer_00908,Male,31,Hyderabad,Maharashtra,2023-07-04,Corporate
CUST00909,Customer_00909,Male,69,Chennai,Karnataka,2023-03-13,Consumer
CUST00910,Customer_00910,Male,47,Kolkata,Gujarat,2024-07-22,Consumer
CUST00911,Customer_00911,Female,22,Chennai,Karnataka,2024-07-27,Corporate
CUST00912,Customer_00912,Male,66,Delhi,Telangana,2023-12-08,Corporate
CUST00913,Customer_00913,Female,32,Chennai,Telangana,2024-07-22,Consumer
CUST00914,Customer_00914,Male,55,Delhi,Karnataka,2025-08-21,Consumer
CUST00915,Customer_00915,Female,31,Chennai,Karnataka,2023-11-24,Consumer
CUST00916,Customer_00916,Male,31,Chennai,Telangana,2023-06-02,Corporate
CUST00917,Customer_00917,Male,66,Chennai,West Bengal,2024-12-29,Consumer
CUST00918,Customer_00918,Female,25,Delhi,Maharashtra,2023-08-20,Consumer
CUST00919,Customer_00919,Female,25,Pune,Maharashtra,2023-06-25,Corporate
CUST00920,Customer_00920,Male,36,Delhi,Maharashtra,2024-07-04,Consumer
CUST00921,Customer_00921,Female,49,Ahmedabad,Maharashtra,2023-05-23,Consumer
CUST00922,Customer_00922,Male,48,Mumbai,Telangana,2023-01-17,Premium
CUST00923,Customer_00923,Female,46,Bengaluru,West Bengal,2023-09-06,Consumer
CUST00924,Customer_00924,Female,58,Bengaluru,Tamil Nadu,2025-11-24,Consumer
CUST00925,Customer_00925,Male,28,Pune,Delhi,2025-03-11,Corporate
CUST00926,Customer_00926,Male,62,Bengaluru,Delhi,2025-09-26,Consumer
CUST00927,Customer_00927,Male,30,Chennai,Delhi,2025-09-25,Consumer
CUST00928,Customer_00928,Female,44,Pune,Delhi,2023-05-26,Consumer
CUST00929,Customer_00929,Female,36,Bengaluru,Telangana,2025-07-14,Consumer
CUST00930,Customer_00930,Male,43,Delhi,Tamil Nadu,2024-12-27,Consumer
CUST00931,Customer_00931,Male,68,Mumbai,Telangana,2023-06-14,Consumer
CUST00932,Customer_00932,Female,54,Hyderabad,Tamil Nadu,2024-10-08,Consumer
CUST00933,Customer_00933,Other,65,Mumbai,Telangana,2024-10-29,Corporate
CUST00934,Customer_00934,Female,26,Bengaluru,West Bengal,2023-12-20,Premium
CUST00935,Customer_00935,Male,45,Pune,Karnataka,2025-07-31,Consumer
CUST00936,Customer_00936,Male,49,Kolkata,Tamil Nadu,2025-11-20,Consumer
CUST00937,Customer_00937,Male,69,Bengaluru,Delhi,2024-06-09,Consumer
CUST00938,Customer_00938,Female,20,Delhi,Tamil Nadu,2024-05-24,Consumer
CUST00939,Customer_00939,Male,68,Mumbai,Gujarat,2023-06-27,Corporate
CUST00940,Customer_00940,Female,49,Kolkata,Maharashtra,2023-11-25,Corporate
CUST00941,Customer_00941,Male,22,Delhi,Tamil Nadu,2025-03-11,Consumer
CUST00942,Customer_00942,Female,25,Ahmedabad,Gujarat,2024-11-18,Consumer
CUST00943,Customer_00943,Female,31,Ahmedabad,Maharashtra,2025-07-26,Consumer
CUST00944,Customer_00944,Female,20,Delhi,Gujarat,2025-09-06,Corporate
CUST00945,Customer_00945,Male,41,Hyderabad,Maharashtra,2025-01-04,Consumer
CUST00946,Customer_00946,Male,30,Delhi,Karnataka,2025-11-24,Consumer
CUST00947,Customer_00947,Male,60,Kolkata,Tamil Nadu,2023-10-24,Premium
CUST00948,Customer_00948,Female,46,Delhi,Gujarat,2024-09-13,Premium
CUST00949,Customer_00949,Female,25,Hyderabad,West Bengal,2025-06-27,Consumer
CUST00950,Customer_00950,Female,68,Ahmedabad,Karnataka,2025-11-28,Consumer
CUST00951,Customer_00951,Female,59,Chennai,Delhi,2024-12-06,Consumer
CUST00952,Customer_00952,Female,48,Kolkata,Tamil Nadu,2024-09-19,Consumer
CUST00953,Customer_00953,Male,43,Chennai,Telangana,2024-11-03,Corporate
CUST00954,Customer_00954,Female,35,Kolkata,Telangana,2024-02-24,Consumer
CUST00955,Customer_00955,Male,35,Pune,Telangana,2024-10-14,Consumer
CUST00956,Customer_00956,Male,24,Hyderabad,West Bengal,2025-04-03,Consumer
CUST00957,Customer_00957,Female,65,Pune,Gujarat,2024-12-13,Corporate
CUST00958,Customer_00958,Male,55,Pune,Gujarat,2025-05-16,Consumer
CUST00959,Customer_00959,Male,65,Ahmedabad,Maharashtra,2025-03-24,Consumer
CUST00960,Customer_00960,Female,33,Delhi,Telangana,2025-05-17,Corporate
CUST00961,Customer_00961,Male,50,Pune,Delhi,2023-04-23,Premium
CUST00962,Customer_00962,Female,68,Bengaluru,Gujarat,2025-07-28,Consumer
CUST00963,Customer_00963,Male,20,Kolkata,West Bengal,2023-06-23,Consumer
CUST00964,Customer_00964,Male,55,Ahmedabad,Tamil Nadu,2025-10-07,Consumer
CUST00965,Customer_00965,Male,21,Mumbai,Gujarat,2023-03-15,Consumer
CUST00966,Customer_00966,Male,53,Bengaluru,Tamil Nadu,2024-09-28,Corporate
CUST00967,Customer_00967,Female,21,Bengaluru,West Bengal,2023-02-01,Corporate
CUST00968,Customer_00968,Male,59,Delhi,Gujarat,2024-05-11,Consumer
CUST00969,Customer_00969,Female,26,Mumbai,Maharashtra,2023-07-14,Corporate
CUST00970,Customer_00970,Male,57,Pune,Maharashtra,2024-06-11,Premium
CUST00971,Customer_00971,Female,68,Mumbai,Maharashtra,2024-03-16,Consumer
CUST00972,Customer_00972,Female,34,Pune,Delhi,2024-12-24,Corporate
CUST00973,Customer_00973,Female,34,Chennai,Gujarat,2023-01-24,Consumer
CUST00974,Customer_00974,Male,50,Hyderabad,Tamil Nadu,2023-10-17,Consumer
CUST00975,Customer_00975,Male,37,Delhi,West Bengal,2025-06-14,Corporate
CUST00976,Customer_00976,Male,31,Pune,Gujarat,2023-11-04,Consumer
CUST00977,Customer_00977,Female,39,Pune,West Bengal,2023-10-31,Consumer
CUST00978,Customer_00978,Male,69,Mumbai,Karnataka,2024-09-22,Consumer
CUST00979,Customer_00979,Female,44,Delhi,Maharashtra,2025-08-08,Corporate
CUST00980,Customer_00980,Female,60,Kolkata,Telangana,2023-02-07,Premium
CUST00981,Customer_00981,Male,20,Pune,West Bengal,2024-01-21,Consumer
CUST00982,Customer_00982,Female,41,Chennai,Karnataka,2025-01-14,Consumer
CUST00983,Customer_00983,Male,47,Bengaluru,West Bengal,2023-03-23,Consumer
CUST00984,Customer_00984,Male,25,Pune,Karnataka,2023-02-19,Consumer
CUST00985,Customer_00985,Female,39,Mumbai,West Bengal,2024-10-30,Consumer
CUST00986,Customer_00986,Female,42,Kolkata,Maharashtra,2023-03-15,Consumer
CUST00987,Customer_00987,Female,27,Ahmedabad,Telangana,2025-09-28,Consumer
CUST00988,Customer_00988,Male,66,Chennai,Maharashtra,2024-11-25,Corporate
CUST00989,Customer_00989,Male,46,Delhi,West Bengal,2024-11-14,Corporate
CUST00990,Customer_00990,Female,57,Pune,Maharashtra,2023-12-22,Corporate
CUST00991,Customer_00991,Female,18,Chennai,Telangana,2025-10-10,Premium
CUST00992,Customer_00992,Female,69,Ahmedabad,Karnataka,2023-07-04,Consumer
CUST00993,Customer_00993,Male,38,Chennai,Karnataka,2023-06-03,Consumer
CUST00994,Customer_00994,Female,56,Kolkata,West Bengal,2025-05-03,Corporate
CUST00995,Customer_00995,Male,41,Chennai,Gujarat,2023-04-28,Consumer
CUST00996,Customer_00996,Male,26,Chennai,Telangana,2023-09-24,Consumer
CUST00997,Customer_00997,Female,61,Kolkata,Karnataka,2025-04-16,Consumer
CUST00998,Customer_00998,Male,43,Kolkata,Delhi,2023-09-12,Consumer
CUST00999,Customer_00999,Female,26,Ahmedabad,Maharashtra,2023-06-20,Consumer
CUST01000,Customer_01000,Male,37,Kolkata,West Bengal,2024-09-08,Corporate
CUST01001,Customer_01001,Male,52,Chennai,Delhi,2025-09-28,Premium
CUST01002,Customer_01002,Female,53,Chennai,Delhi,2024-07-01,Consumer
CUST01003,Customer_01003,Female,59,Hyderabad,Gujarat,2024-12-02,Consumer
CUST01004,Customer_01004,Female,53,Delhi,Gujarat,2024-10-28,Consumer
CUST01005,Customer_01005,Female,26,Bengaluru,Gujarat,2025-06-11,Consumer
CUST01006,Customer_01006,Female,39,Delhi,Delhi,2024-02-14,Consumer
CUST01007,Customer_01007,Female,18,Mumbai,Tamil Nadu,2025-01-08,Consumer
CUST01008,Customer_01008,Female,22,Mumbai,Tamil Nadu,2023-05-26,Corporate
CUST01009,Customer_01009,Male,26,Ahmedabad,Delhi,2025-11-27,Consumer
CUST01010,Customer_01010,Male,54,Kolkata,Maharashtra,2024-05-04,Corporate
CUST01011,Customer_01011,Male,55,Delhi,West Bengal,2023-09-19,Consumer
CUST01012,Customer_01012,Other,36,Chennai,Delhi,2023-12-11,Consumer
CUST01013,Customer_01013,Female,25,Hyderabad,West Bengal,2025-05-28,Consumer
CUST01014,Customer_01014,Male,59,Bengaluru,Delhi,2024-05-28,Corporate
CUST01015,Customer_01015,Female,60,Pune,Gujarat,2025-08-02,Premium
CUST01016,Customer_01016,Female,49,Pune,West Bengal,2024-12-13,Premium
CUST01017,Customer_01017,Male,30,Chennai,Gujarat,2023-08-03,Premium
CUST01018,Customer_01018,Female,37,Delhi,Gujarat,2024-08-26,Premium
CUST01019,Customer_01019,Female,53,Pune,Tamil Nadu,2025-04-17,Corporate
CUST01020,Customer_01020,Male,60,Delhi,Delhi,2025-02-10,Consumer
CUST01021,Customer_01021,Female,61,Hyderabad,Maharashtra,2024-10-31,Consumer
CUST01022,Customer_01022,Male,54,Hyderabad,Maharashtra,2025-12-16,Corporate
CUST01023,Customer_01023,Female,47,Kolkata,Gujarat,2024-07-12,Corporate
CUST01024,Customer_01024,Female,27,Delhi,Gujarat,2023-08-10,Corporate
CUST01025,Customer_01025,Female,48,Kolkata,Delhi,2024-04-19,Consumer
CUST01026,Customer_01026,Male,42,Chennai,Maharashtra,2025-05-12,Corporate
CUST01027,Customer_01027,Female,46,Kolkata,Delhi,2025-03-22,Corporate
CUST01028,Customer_01028,Female,41,Chennai,West Bengal,2023-06-29,Consumer
CUST01029,Customer_01029,Male,56,Chennai,Tamil Nadu,2023-06-26,Consumer
CUST01030,Customer_01030,Female,38,Pune,Delhi,2024-05-01,Corporate
CUST01031,Customer_01031,Male,58,Bengaluru,Gujarat,2024-02-18,Consumer
CUST01032,Customer_01032,Female,26,Bengaluru,Karnataka,2024-11-22,Consumer
CUST01033,Customer_01033,Male,59,Chennai,Tamil Nadu,2025-11-26,Consumer
CUST01034,Customer_01034,Male,59,Delhi,Maharashtra,2024-07-28,Consumer
CUST01035,Customer_01035,Male,19,Hyderabad,Maharashtra,2023-09-25,Corporate
CUST01036,Customer_01036,Female,21,Kolkata,Gujarat,2025-02-23,Consumer
CUST01037,Customer_01037,Male,25,Ahmedabad,Gujarat,2025-07-12,Consumer
CUST01038,Customer_01038,Female,49,Mumbai,Tamil Nadu,2024-01-23,Consumer
CUST01039,Customer_01039,Male,31,Hyderabad,Gujarat,2023-12-20,Corporate
CUST01040,Customer_01040,Male,66,Hyderabad,Karnataka,2025-03-24,Corporate
CUST01041,Customer_01041,Female,30,Mumbai,Tamil Nadu,2025-10-20,Consumer
CUST01042,Customer_01042,Female,38,Chennai,Gujarat,2023-09-26,Corporate
CUST01043,Customer_01043,Male,41,Hyderabad,West Bengal,2025-12-26,Consumer
CUST01044,Customer_01044,Female,67,Mumbai,Telangana,2023-10-04,Consumer
CUST01045,Customer_01045,Female,35,Kolkata,Karnataka,2023-11-03,Consumer
CUST01046,Customer_01046,Female,62,Pune,Tamil Nadu,2024-09-22,Corporate
CUST01047,Customer_01047,Male,57,Delhi,Telangana,2024-06-21,Consumer
CUST01048,Customer_01048,Male,43,Delhi,Delhi,2024-06-01,Premium
CUST01049,Customer_01049,Female,49,Delhi,Karnataka,2023-05-14,Consumer
CUST01050,Customer_01050,Male,61,Chennai,Delhi,2025-04-04,Corporate
CUST01051,Customer_01051,Female,50,Hyderabad,Telangana,2025-11-14,Consumer
CUST01052,Customer_01052,Female,69,Ahmedabad,Maharashtra,2025-03-23,Corporate
CUST01053,Customer_01053,Female,48,Hyderabad,Maharashtra,2023-03-13,Consumer
CUST01054,Customer_01054,Female,35,Bengaluru,Gujarat,2025-10-14,Consumer
CUST01055,Customer_01055,Other,52,Delhi,Maharashtra,2025-08-09,Corporate
CUST01056,Customer_01056,Male,29,Chennai,Delhi,2023-02-02,Consumer
CUST01057,Customer_01057,Female,68,Mumbai,Karnataka,2023-04-07,Corporate
CUST01058,Customer_01058,Male,42,Chennai,Delhi,2023-09-20,Consumer
CUST01059,Customer_01059,Male,62,Ahmedabad,Delhi,2025-05-23,Consumer
CUST01060,Customer_01060,Female,48,Hyderabad,Maharashtra,2025-07-02,Consumer
CUST01061,Customer_01061,Female,27,Kolkata,Delhi,2025-12-29,Consumer
CUST01062,Customer_01062,Other,64,Kolkata,Telangana,2023-10-20,Consumer
CUST01063,Customer_01063,Female,69,Kolkata,Tamil Nadu,2025-07-05,Consumer
CUST01064,Customer_01064,Male,51,Delhi,Tamil Nadu,2024-12-30,Consumer
CUST01065,Customer_01065,Male,68,Bengaluru,Tamil Nadu,2023-06-21,Consumer
CUST01066,Customer_01066,Female,20,Ahmedabad,Gujarat,2025-01-27,Consumer
CUST01067,Customer_01067,Male,63,Pune,West Bengal,2025-07-14,Corporate
CUST01068,Customer_01068,Male,56,Chennai,West Bengal,2025-06-19,Corporate
CUST01069,Customer_01069,Male,25,Bengaluru,Maharashtra,2024-05-31,Consumer
CUST01070,Customer_01070,Male,49,Kolkata,West Bengal,2025-10-30,Consumer
CUST01071,Customer_01071,Male,60,Ahmedabad,Maharashtra,2023-09-28,Consumer
CUST01072,Customer_01072,Male,46,Ahmedabad,Tamil Nadu,2025-01-11,Consumer
CUST01073,Customer_01073,Male,39,Hyderabad,Karnataka,2024-07-20,Consumer
CUST01074,Customer_01074,Male,37,Mumbai,Gujarat,2024-07-06,Consumer
CUST01075,Customer_01075,Other,23,Chennai,Tamil Nadu,2024-10-11,Consumer
CUST01076,Customer_01076,Male,60,Pune,Delhi,2024-01-26,Consumer
CUST01077,Customer_01077,Male,66,Hyderabad,West Bengal,2025-08-16,Consumer
CUST01078,Customer_01078,Female,46,Delhi,Tamil Nadu,2024-07-28,Corporate
CUST01079,Customer_01079,Male,59,Chennai,West Bengal,2023-12-10,Consumer
CUST01080,Customer_01080,Female,34,Ahmedabad,Tamil Nadu,2024-03-31,Consumer
CUST01081,Customer_01081,Female,48,Bengaluru,West Bengal,2024-03-19,Consumer
CUST01082,Customer_01082,Male,51,Kolkata,Karnataka,2023-07-16,Consumer
CUST01083,Customer_01083,Male,55,Chennai,Maharashtra,2025-05-17,Premium
CUST01084,Customer_01084,Female,54,Hyderabad,West Bengal,2023-12-29,Premium
CUST01085,Customer_01085,Female,21,Hyderabad,Maharashtra,2025-05-17,Corporate
CUST01086,Customer_01086,Male,19,Kolkata,Delhi,2024-07-19,Consumer
CUST01087,Customer_01087,Female,29,Bengaluru,Tamil Nadu,2024-11-01,Premium
CUST01088,Customer_01088,Male,52,Pune,Telangana,2023-01-25,Consumer
CUST01089,Customer_01089,Other,23,Hyderabad,Delhi,2023-08-25,Corporate
CUST01090,Customer_01090,Male,63,Chennai,West Bengal,2024-04-05,Consumer
CUST01091,Customer_01091,Female,25,Kolkata,Maharashtra,2023-04-10,Consumer
CUST01092,Customer_01092,Female,38,Pune,Karnataka,2025-01-09,Consumer
CUST01093,Customer_01093,Female,63,Bengaluru,West Bengal,2024-02-12,Consumer
CUST01094,Customer_01094,Female,52,Hyderabad,Maharashtra,2025-09-04,Consumer
CUST01095,Customer_01095,Male,65,Kolkata,Maharashtra,2025-01-20,Consumer
CUST01096,Customer_01096,Male,32,Hyderabad,West Bengal,2023-05-23,Consumer
CUST01097,Customer_01097,Male,24,Chennai,Karnataka,2024-06-12,Corporate
CUST01098,Customer_01098,Male,32,Hyderabad,Tamil Nadu,2025-10-25,Consumer
CUST01099,Customer_01099,Female,62,Kolkata,Tamil Nadu,2024-06-06,Corporate
CUST01100,Customer_01100,Male,23,Chennai,West Bengal,2024-12-20,Corporate
CUST01101,Customer_01101,Male,64,Delhi,West Bengal,2024-02-22,Consumer
CUST01102,Customer_01102,Female,34,Kolkata,West Bengal,2024-06-28,Consumer
CUST01103,Customer_01103,Female,21,Pune,Maharashtra,2025-10-06,Consumer
CUST01104,Customer_01104,Female,39,Chennai,West Bengal,2025-03-27,Consumer
CUST01105,Customer_01105,Other,49,Mumbai,Delhi,2023-06-08,Corporate
CUST01106,Customer_01106,Male,39,Hyderabad,Telangana,2024-09-18,Consumer
CUST01107,Customer_01107,Male,44,Delhi,West Bengal,2025-02-11,Corporate
CUST01108,Customer_01108,Female,63,Pune,Delhi,2025-12-04,Consumer
CUST01109,Customer_01109,Female,32,Bengaluru,Gujarat,2023-05-08,Corporate
CUST01110,Customer_01110,Male,61,Mumbai,Delhi,2025-05-26,Consumer
CUST01111,Customer_01111,Female,68,Bengaluru,Maharashtra,2024-08-28,Corporate
CUST01112,Customer_01112,Male,39,Kolkata,Maharashtra,2024-06-24,Corporate
CUST01113,Customer_01113,Male,45,Mumbai,Telangana,2023-06-13,Consumer
CUST01114,Customer_01114,Female,59,Ahmedabad,Telangana,2024-10-10,Consumer
CUST01115,Customer_01115,Female,55,Delhi,Telangana,2023-05-11,Consumer
CUST01116,Customer_01116,Female,26,Pune,Maharashtra,2024-11-26,Corporate
CUST01117,Customer_01117,Male,51,Delhi,Maharashtra,2024-05-18,Consumer
CUST01118,Customer_01118,Female,53,Delhi,Delhi,2023-07-03,Consumer
CUST01119,Customer_01119,Male,26,Mumbai,Maharashtra,2025-04-05,Consumer
CUST01120,Customer_01120,Male,32,Chennai,Gujarat,2024-11-01,Consumer
CUST01121,Customer_01121,Female,62,Pune,Tamil Nadu,2025-09-08,Consumer
CUST01122,Customer_01122,Female,37,Bengaluru,Tamil Nadu,2025-10-19,Consumer
CUST01123,Customer_01123,Female,25,Chennai,Telangana,2024-07-07,Consumer
CUST01124,Customer_01124,Female,45,Chennai,Maharashtra,2023-05-11,Consumer
CUST01125,Customer_01125,Female,68,Hyderabad,Gujarat,2024-11-27,Consumer
CUST01126,Customer_01126,Female,36,Kolkata,Tamil Nadu,2025-11-03,Consumer
CUST01127,Customer_01127,Male,33,Bengaluru,Delhi,2025-03-24,Consumer
CUST01128,Customer_01128,Male,28,Mumbai,Karnataka,2024-10-20,Consumer
CUST01129,Customer_01129,Male,59,Kolkata,West Bengal,2024-01-15,Corporate
CUST01130,Customer_01130,Male,25,Ahmedabad,Delhi,2025-12-19,Consumer
CUST01131,Customer_01131,Female,50,Hyderabad,Karnataka,2025-07-15,Consumer
CUST01132,Customer_01132,Female,27,Hyderabad,Gujarat,2024-06-21,Consumer
CUST01133,Customer_01133,Male,35,Kolkata,Delhi,2024-07-30,Consumer
CUST01134,Customer_01134,Male,52,Ahmedabad,Tamil Nadu,2025-12-29,Consumer
CUST01135,Customer_01135,Female,60,Delhi,Maharashtra,2024-11-15,Premium
CUST01136,Customer_01136,Male,67,Mumbai,Karnataka,2023-02-09,Consumer
CUST01137,Customer_01137,Female,20,Chennai,Maharashtra,2024-01-01,Consumer
CUST01138,Customer_01138,Female,57,Ahmedabad,Gujarat,2023-09-05,Corporate
CUST01139,Customer_01139,Male,44,Ahmedabad,West Bengal,2023-01-12,Consumer
CUST01140,Customer_01140,Female,45,Pune,West Bengal,2025-01-06,Consumer
CUST01141,Customer_01141,Female,63,Chennai,Maharashtra,2024-05-24,Consumer
CUST01142,Customer_01142,Male,23,Ahmedabad,Tamil Nadu,2023-06-20,Consumer
CUST01143,Customer_01143,Female,64,Chennai,Gujarat,2025-11-21,Corporate
CUST01144,Customer_01144,Female,31,Delhi,West Bengal,2024-12-21,Consumer
CUST01145,Customer_01145,Male,24,Chennai,Telangana,2025-09-21,Consumer
CUST01146,Customer_01146,Female,27,Bengaluru,Telangana,2025-03-25,Consumer
CUST01147,Customer_01147,Female,32,Chennai,Karnataka,2024-03-04,Consumer
CUST01148,Customer_01148,Female,48,Chennai,Tamil Nadu,2025-11-24,Corporate
CUST01149,Customer_01149,Female,46,Ahmedabad,Maharashtra,2023-07-24,Consumer
CUST01150,Customer_01150,Female,59,Ahmedabad,Delhi,2025-06-08,Premium
CUST01151,Customer_01151,Female,34,Bengaluru,Delhi,2025-06-23,Consumer
CUST01152,Customer_01152,Female,68,Delhi,Gujarat,2024-11-27,Corporate
CUST01153,Customer_01153,Female,46,Hyderabad,Karnataka,2025-01-19,Consumer
CUST01154,Customer_01154,Female,66,Mumbai,Karnataka,2025-09-11,Consumer
CUST01155,Customer_01155,Female,61,Delhi,Karnataka,2025-09-12,Premium
CUST01156,Customer_01156,Female,32,Ahmedabad,Tamil Nadu,2023-09-06,Consumer
CUST01157,Customer_01157,Male,43,Chennai,Delhi,2025-10-25,Corporate
CUST01158,Customer_01158,Female,29,Hyderabad,Gujarat,2023-08-18,Consumer
CUST01159,Customer_01159,Female,42,Mumbai,Tamil Nadu,2024-09-19,Consumer
CUST01160,Customer_01160,Male,58,Mumbai,Gujarat,2025-04-07,Corporate
CUST01161,Customer_01161,Female,22,Mumbai,Tamil Nadu,2023-11-17,Corporate
CUST01162,Customer_01162,Male,21,Ahmedabad,Maharashtra,2023-01-28,Corporate
CUST01163,Customer_01163,Male,61,Bengaluru,Tamil Nadu,2025-04-30,Corporate
CUST01164,Customer_01164,Female,65,Bengaluru,Tamil Nadu,2024-05-24,Consumer
CUST01165,Customer_01165,Male,58,Hyderabad,Maharashtra,2023-08-16,Consumer
CUST01166,Customer_01166,Female,48,Chennai,Telangana,2024-10-02,Corporate
CUST01167,Customer_01167,Female,20,Kolkata,Maharashtra,2024-06-24,Consumer
CUST01168,Customer_01168,Female,20,Hyderabad,Karnataka,2024-11-02,Premium
CUST01169,Customer_01169,Male,43,Chennai,West Bengal,2025-06-28,Consumer
CUST01170,Customer_01170,Male,67,Delhi,Telangana,2025-03-19,Consumer
CUST01171,Customer_01171,Female,34,Ahmedabad,West Bengal,2024-06-03,Consumer
CUST01172,Customer_01172,Other,27,Kolkata,Delhi,2024-05-28,Consumer
CUST01173,Customer_01173,Female,19,Mumbai,West Bengal,2025-10-30,Consumer
CUST01174,Customer_01174,Male,41,Mumbai,Gujarat,2023-12-13,Consumer
CUST01175,Customer_01175,Female,28,Bengaluru,Tamil Nadu,2023-04-27,Premium
CUST01176,Customer_01176,Female,41,Ahmedabad,Telangana,2024-02-15,Consumer
CUST01177,Customer_01177,Female,52,Kolkata,Delhi,2025-10-31,Consumer
CUST01178,Customer_01178,Male,40,Delhi,Maharashtra,2023-04-08,Corporate
CUST01179,Customer_01179,Female,49,Pune,Maharashtra,2023-10-09,Corporate
CUST01180,Customer_01180,Female,40,Delhi,Karnataka,2025-03-17,Consumer
CUST01181,Customer_01181,Female,51,Chennai,West Bengal,2025-05-09,Corporate
CUST01182,Customer_01182,Male,58,Delhi,Karnataka,2024-10-18,Consumer
CUST01183,Customer_01183,Female,36,Kolkata,Telangana,2023-07-30,Premium
CUST01184,Customer_01184,Female,19,Kolkata,West Bengal,2024-05-22,Corporate
CUST01185,Customer_01185,Male,68,Bengaluru,Gujarat,2024-03-27,Consumer
CUST01186,Customer_01186,Female,19,Chennai,Tamil Nadu,2024-11-17,Corporate
CUST01187,Customer_01187,Female,32,Hyderabad,Maharashtra,2024-09-14,Premium
CUST01188,Customer_01188,Male,38,Chennai,Telangana,2025-08-28,Consumer
CUST01189,Customer_01189,Male,52,Hyderabad,West Bengal,2025-07-18,Consumer
CUST01190,Customer_01190,Female,22,Pune,Telangana,2023-01-18,Consumer
CUST01191,Customer_01191,Male,60,Chennai,Gujarat,2025-02-24,Corporate
CUST01192,Customer_01192,Female,44,Mumbai,West Bengal,2023-07-17,Corporate
CUST01193,Customer_01193,Male,41,Pune,Telangana,2024-02-21,Consumer
CUST01194,Customer_01194,Female,24,Hyderabad,Karnataka,2024-01-19,Consumer
CUST01195,Customer_01195,Male,23,Bengaluru,Gujarat,2023-07-19,Corporate
CUST01196,Customer_01196,Female,63,Pune,Maharashtra,2025-06-13,Premium
CUST01197,Customer_01197,Female,50,Pune,West Bengal,2025-09-06,Corporate
CUST01198,Customer_01198,Female,66,Pune,Karnataka,2025-12-02,Corporate
CUST01199,Customer_01199,Female,34,Hyderabad,Karnataka,2023-03-23,Consumer
CUST01200,Customer_01200,Male,63,Ahmedabad,Gujarat,2025-06-02,Consumer
CUST01201,Customer_01201,Female,59,Hyderabad,Gujarat,2024-04-24,Consumer
CUST01202,Customer_01202,Male,47,Chennai,Telangana,2024-12-28,Consumer
CUST01203,Customer_01203,Male,25,Mumbai,Delhi,2023-05-04,Corporate
CUST01204,Customer_01204,Male,57,Pune,Delhi,2024-06-11,Consumer
CUST01205,Customer_01205,Male,63,Chennai,Delhi,2024-06-09,Consumer
CUST01206,Customer_01206,Female,24,Chennai,West Bengal,2023-02-08,Consumer
CUST01207,Customer_01207,Female,23,Mumbai,West Bengal,2023-04-18,Corporate
CUST01208,Customer_01208,Male,21,Ahmedabad,Telangana,2023-09-25,Consumer
CUST01209,Customer_01209,Male,18,Chennai,Tamil Nadu,2023-11-07,Consumer
CUST01210,Customer_01210,Other,32,Ahmedabad,West Bengal,2023-02-09,Consumer
CUST01211,Customer_01211,Male,48,Mumbai,Maharashtra,2025-02-19,Consumer
CUST01212,Customer_01212,Male,42,Bengaluru,Telangana,2024-08-03,Corporate
CUST01213,Customer_01213,Male,64,Mumbai,Telangana,2023-06-01,Consumer
CUST01214,Customer_01214,Female,50,Delhi,Karnataka,2023-07-06,Consumer
CUST01215,Customer_01215,Female,69,Mumbai,Delhi,2024-03-05,Corporate
CUST01216,Customer_01216,Male,52,Mumbai,Gujarat,2024-04-01,Corporate
CUST01217,Customer_01217,Male,22,Kolkata,Telangana,2025-01-22,Consumer
CUST01218,Customer_01218,Female,22,Delhi,Tamil Nadu,2023-07-23,Consumer
CUST01219,Customer_01219,Female,53,Mumbai,West Bengal,2025-02-17,Consumer
CUST01220,Customer_01220,Male,34,Hyderabad,Maharashtra,2023-04-28,Corporate
CUST01221,Customer_01221,Female,69,Ahmedabad,Tamil Nadu,2023-08-10,Consumer
CUST01222,Customer_01222,Male,31,Kolkata,Telangana,2025-06-15,Consumer
CUST01223,Customer_01223,Male,46,Chennai,Telangana,2023-03-04,Consumer
CUST01224,Customer_01224,Female,25,Chennai,Karnataka,2024-01-31,Premium
CUST01225,Customer_01225,Male,51,Bengaluru,Tamil Nadu,2023-01-05,Corporate
CUST01226,Customer_01226,Female,57,Bengaluru,Karnataka,2024-05-22,Premium
CUST01227,Customer_01227,Male,18,Delhi,Gujarat,2023-05-25,Consumer
CUST01228,Customer_01228,Male,46,Hyderabad,Tamil Nadu,2025-08-11,Corporate
CUST01229,Customer_01229,Other,53,Bengaluru,Delhi,2024-10-23,Consumer
CUST01230,Customer_01230,Male,68,Chennai,Gujarat,2025-02-19,Consumer
CUST01231,Customer_01231,Female,54,Bengaluru,Delhi,2025-08-16,Corporate
CUST01232,Customer_01232,Male,46,Bengaluru,Tamil Nadu,2025-08-20,Corporate
CUST01233,Customer_01233,Male,22,Mumbai,Karnataka,2023-01-11,Corporate
CUST01234,Customer_01234,Male,49,Bengaluru,Delhi,2023-03-10,Corporate
CUST01235,Customer_01235,Female,69,Ahmedabad,Telangana,2025-08-21,Premium
CUST01236,Customer_01236,Male,41,Delhi,West Bengal,2023-07-21,Consumer
CUST01237,Customer_01237,Female,36,Ahmedabad,Maharashtra,2023-09-23,Consumer
CUST01238,Customer_01238,Male,29,Chennai,Karnataka,2023-04-18,Consumer
CUST01239,Customer_01239,Female,69,Delhi,Gujarat,2025-12-13,Consumer
CUST01240,Customer_01240,Male,18,Kolkata,West Bengal,2025-08-08,Premium
CUST01241,Customer_01241,Female,24,Delhi,Gujarat,2023-07-09,Premium
CUST01242,Customer_01242,Female,34,Pune,Tamil Nadu,2023-08-27,Corporate
CUST01243,Customer_01243,Female,51,Hyderabad,Gujarat,2025-08-08,Corporate
CUST01244,Customer_01244,Female,60,Kolkata,Maharashtra,2023-12-09,Consumer
CUST01245,Customer_01245,Female,24,Kolkata,Maharashtra,2023-10-18,Corporate
CUST01246,Customer_01246,Female,34,Pune,Telangana,2023-11-17,Premium
CUST01247,Customer_01247,Male,20,Pune,Gujarat,2023-02-11,Consumer
CUST01248,Customer_01248,Male,46,Mumbai,Karnataka,2025-08-12,Consumer
CUST01249,Customer_01249,Female,39,Delhi,Maharashtra,2025-06-07,Consumer
CUST01250,Customer_01250,Female,55,Hyderabad,Karnataka,2024-09-24,Corporate
CUST01251,Customer_01251,Female,60,Chennai,Telangana,2025-04-25,Consumer
CUST01252,Customer_01252,Male,46,Chennai,Tamil Nadu,2023-10-11,Consumer
CUST01253,Customer_01253,Male,67,Hyderabad,Maharashtra,2025-03-17,Consumer
CUST01254,Customer_01254,Male,67,Kolkata,Maharashtra,2023-07-01,Consumer
CUST01255,Customer_01255,Female,59,Delhi,Maharashtra,2025-10-31,Premium
CUST01256,Customer_01256,Male,22,Ahmedabad,Gujarat,2025-01-14,Corporate
CUST01257,Customer_01257,Male,47,Delhi,Karnataka,2024-03-17,Consumer
CUST01258,Customer_01258,Female,40,Mumbai,West Bengal,2024-09-20,Consumer
CUST01259,Customer_01259,Male,38,Mumbai,Maharashtra,2024-01-23,Consumer
CUST01260,Customer_01260,Female,43,Pune,Karnataka,2024-07-29,Consumer
CUST01261,Customer_01261,Male,64,Chennai,Gujarat,2024-03-29,Consumer
CUST01262,Customer_01262,Female,38,Mumbai,Delhi,2025-07-15,Consumer
CUST01263,Customer_01263,Male,37,Hyderabad,Delhi,2025-10-22,Consumer
CUST01264,Customer_01264,Male,40,Chennai,Karnataka,2025-03-21,Consumer
CUST01265,Customer_01265,Male,21,Kolkata,Gujarat,2025-03-19,Consumer
CUST01266,Customer_01266,Male,38,Ahmedabad,Delhi,2025-12-19,Consumer
CUST01267,Customer_01267,Male,38,Kolkata,Telangana,2024-01-03,Corporate
CUST01268,Customer_01268,Male,18,Delhi,Telangana,2025-07-30,Corporate
CUST01269,Customer_01269,Female,32,Chennai,Delhi,2023-02-09,Consumer
CUST01270,Customer_01270,Male,34,Bengaluru,Tamil Nadu,2024-07-10,Corporate
CUST01271,Customer_01271,Female,68,Chennai,Karnataka,2025-07-05,Premium
CUST01272,Customer_01272,Female,31,Mumbai,Delhi,2025-10-17,Consumer
CUST01273,Customer_01273,Female,36,Ahmedabad,Karnataka,2024-10-04,Consumer
CUST01274,Customer_01274,Male,67,Hyderabad,West Bengal,2024-03-25,Consumer
CUST01275,Customer_01275,Male,51,Delhi,West Bengal,2024-01-30,Consumer
CUST01276,Customer_01276,Male,23,Delhi,Gujarat,2025-03-02,Consumer
CUST01277,Customer_01277,Male,62,Mumbai,West Bengal,2023-03-29,Consumer
CUST01278,Customer_01278,Other,66,Mumbai,West Bengal,2024-06-16,Corporate
CUST01279,Customer_01279,Male,23,Mumbai,Delhi,2025-01-13,Consumer
CUST01280,Customer_01280,Female,22,Bengaluru,Telangana,2024-01-16,Corporate
CUST01281,Customer_01281,Female,24,Hyderabad,Gujarat,2024-03-06,Corporate
CUST01282,Customer_01282,Female,50,Bengaluru,West Bengal,2023-10-04,Premium
CUST01283,Customer_01283,Female,30,Mumbai,Tamil Nadu,2023-07-13,Corporate
CUST01284,Customer_01284,Male,68,Hyderabad,Karnataka,2023-06-28,Consumer
CUST01285,Customer_01285,Male,18,Kolkata,Tamil Nadu,2023-08-06,Consumer
CUST01286,Customer_01286,Female,30,Kolkata,West Bengal,2025-09-14,Consumer
CUST01287,Customer_01287,Male,60,Mumbai,Telangana,2025-12-18,Premium
CUST01288,Customer_01288,Male,44,Hyderabad,West Bengal,2024-07-10,Corporate
CUST01289,Customer_01289,Male,24,Ahmedabad,Maharashtra,2025-02-06,Consumer
CUST01290,Customer_01290,Male,69,Delhi,Maharashtra,2023-03-18,Consumer
CUST01291,Customer_01291,Male,20,Bengaluru,Karnataka,2024-08-21,Consumer
CUST01292,Customer_01292,Male,42,Pune,Gujarat,2024-06-07,Consumer
CUST01293,Customer_01293,Female,50,Mumbai,Telangana,2025-03-23,Corporate
CUST01294,Customer_01294,Female,57,Mumbai,West Bengal,2024-01-19,Consumer
CUST01295,Customer_01295,Female,34,Chennai,Karnataka,2024-05-18,Consumer
CUST01296,Customer_01296,Male,62,Pune,Gujarat,2023-08-30,Consumer
CUST01297,Customer_01297,Male,31,Ahmedabad,Karnataka,2024-01-04,Corporate
CUST01298,Customer_01298,Male,54,Delhi,Karnataka,2023-10-15,Premium
CUST01299,Customer_01299,Female,40,Mumbai,Tamil Nadu,2024-02-03,Corporate
CUST01300,Customer_01300,Female,41,Ahmedabad,Delhi,2023-04-14,Corporate
CUST01301,Customer_01301,Male,46,Bengaluru,Telangana,2023-05-07,Premium
CUST01302,Customer_01302,Female,55,Delhi,Tamil Nadu,2023-02-09,Consumer
CUST01303,Customer_01303,Male,44,Mumbai,Gujarat,2025-12-31,Consumer
CUST01304,Customer_01304,Female,55,Bengaluru,Delhi,2025-05-31,Consumer
CUST01305,Customer_01305,Female,57,Chennai,Karnataka,2025-08-02,Consumer
CUST01306,Customer_01306,Female,62,Chennai,Maharashtra,2023-09-04,Premium
CUST01307,Customer_01307,Female,67,Kolkata,West Bengal,2023-11-08,Consumer
CUST01308,Customer_01308,Female,40,Bengaluru,Tamil Nadu,2023-02-03,Consumer
CUST01309,Customer_01309,Male,48,Delhi,Telangana,2023-05-09,Consumer
CUST01310,Customer_01310,Female,53,Bengaluru,Telangana,2023-01-10,Consumer
CUST01311,Customer_01311,Male,34,Pune,Delhi,2025-07-30,Consumer
CUST01312,Customer_01312,Female,54,Bengaluru,Tamil Nadu,2025-07-23,Consumer
CUST01313,Customer_01313,Female,20,Chennai,Karnataka,2025-11-07,Consumer
CUST01314,Customer_01314,Female,53,Chennai,Delhi,2023-12-06,Premium
CUST01315,Customer_01315,Male,22,Chennai,Gujarat,2024-11-11,Consumer
CUST01316,Customer_01316,Female,63,Pune,Telangana,2024-06-17,Consumer
CUST01317,Customer_01317,Female,32,Mumbai,Gujarat,2025-03-19,Corporate
CUST01318,Customer_01318,Female,69,Kolkata,Tamil Nadu,2024-03-08,Consumer
CUST01319,Customer_01319,Male,66,Pune,Maharashtra,2025-01-27,Corporate
CUST01320,Customer_01320,Male,23,Mumbai,Gujarat,2024-10-12,Corporate
CUST01321,Customer_01321,Male,27,Pune,West Bengal,2025-12-11,Premium
CUST01322,Customer_01322,Male,49,Hyderabad,Karnataka,2025-12-26,Corporate
CUST01323,Customer_01323,Female,40,Mumbai,West Bengal,2024-08-19,Consumer
CUST01324,Customer_01324,Male,65,Delhi,Telangana,2023-09-07,Consumer
CUST01325,Customer_01325,Female,34,Delhi,West Bengal,2025-06-22,Consumer
CUST01326,Customer_01326,Male,63,Kolkata,Tamil Nadu,2024-02-19,Consumer
CUST01327,Customer_01327,Male,37,Ahmedabad,Maharashtra,2023-01-06,Consumer
CUST01328,Customer_01328,Female,61,Chennai,Telangana,2025-04-28,Consumer
CUST01329,Customer_01329,Female,58,Pune,Maharashtra,2023-01-13,Corporate
CUST01330,Customer_01330,Female,32,Bengaluru,Telangana,2023-01-06,Consumer
CUST01331,Customer_01331,Female,61,Chennai,Delhi,2024-06-21,Consumer
CUST01332,Customer_01332,Female,63,Kolkata,West Bengal,2023-01-04,Consumer
CUST01333,Customer_01333,Male,39,Bengaluru,Delhi,2023-10-11,Corporate
CUST01334,Customer_01334,Other,67,Pune,Delhi,2024-12-22,Corporate
CUST01335,Customer_01335,Female,69,Chennai,Tamil Nadu,2025-10-12,Consumer
CUST01336,Customer_01336,Female,23,Chennai,Delhi,2024-11-23,Corporate
CUST01337,Customer_01337,Male,21,Ahmedabad,Tamil Nadu,2024-10-18,Consumer
CUST01338,Customer_01338,Female,40,Ahmedabad,Karnataka,2025-08-09,Consumer
CUST01339,Customer_01339,Male,61,Delhi,Delhi,2024-09-19,Consumer
CUST01340,Customer_01340,Male,62,Bengaluru,Tamil Nadu,2025-09-06,Consumer
CUST01341,Customer_01341,Male,36,Hyderabad,Telangana,2025-11-19,Premium
CUST01342,Customer_01342,Male,62,Hyderabad,Tamil Nadu,2024-01-09,Consumer
CUST01343,Customer_01343,Female,48,Chennai,Gujarat,2025-10-07,Corporate
CUST01344,Customer_01344,Female,61,Ahmedabad,Tamil Nadu,2024-10-11,Corporate
CUST01345,Customer_01345,Female,69,Pune,West Bengal,2024-12-25,Corporate
CUST01346,Customer_01346,Male,20,Chennai,Gujarat,2025-03-22,Consumer
CUST01347,Customer_01347,Male,45,Kolkata,Telangana,2025-12-15,Consumer
CUST01348,Customer_01348,Male,20,Delhi,West Bengal,2023-05-12,Consumer
CUST01349,Customer_01349,Other,31,Ahmedabad,Tamil Nadu,2025-02-19,Consumer
CUST01350,Customer_01350,Male,35,Kolkata,West Bengal,2023-05-02,Corporate
CUST01351,Customer_01351,Female,44,Bengaluru,Telangana,2023-07-21,Consumer
CUST01352,Customer_01352,Female,68,Kolkata,West Bengal,2024-12-02,Corporate
CUST01353,Customer_01353,Male,27,Ahmedabad,Gujarat,2024-07-11,Consumer
CUST01354,Customer_01354,Female,66,Chennai,Maharashtra,2025-11-29,Consumer
CUST01355,Customer_01355,Male,32,Kolkata,Delhi,2024-08-01,Corporate
CUST01356,Customer_01356,Female,36,Pune,Gujarat,2025-12-21,Consumer
CUST01357,Customer_01357,Female,26,Hyderabad,Karnataka,2023-08-15,Consumer
CUST01358,Customer_01358,Male,21,Bengaluru,Tamil Nadu,2023-06-23,Premium
CUST01359,Customer_01359,Male,32,Chennai,West Bengal,2025-10-16,Consumer
CUST01360,Customer_01360,Female,68,Bengaluru,Telangana,2023-05-23,Corporate
CUST01361,Customer_01361,Female,65,Ahmedabad,Delhi,2024-07-22,Consumer
CUST01362,Customer_01362,Male,25,Delhi,West Bengal,2023-10-04,Consumer
CUST01363,Customer_01363,Female,66,Kolkata,Tamil Nadu,2023-10-03,Premium
CUST01364,Customer_01364,Female,18,Hyderabad,Delhi,2023-08-22,Corporate
CUST01365,Customer_01365,Female,24,Pune,Maharashtra,2023-02-01,Consumer
CUST01366,Customer_01366,Male,48,Bengaluru,Tamil Nadu,2025-01-29,Corporate
CUST01367,Customer_01367,Female,35,Hyderabad,West Bengal,2025-03-03,Consumer
CUST01368,Customer_01368,Female,29,Kolkata,Telangana,2025-01-31,Corporate
CUST01369,Customer_01369,Male,65,Chennai,Maharashtra,2023-09-22,Corporate
CUST01370,Customer_01370,Male,47,Ahmedabad,Tamil Nadu,2023-08-03,Consumer
CUST01371,Customer_01371,Female,50,Pune,Delhi,2023-10-09,Premium
CUST01372,Customer_01372,Male,64,Pune,West Bengal,2024-06-13,Consumer
CUST01373,Customer_01373,Female,24,Mumbai,Maharashtra,2023-01-02,Consumer
CUST01374,Customer_01374,Female,45,Bengaluru,Telangana,2024-05-27,Consumer
CUST01375,Customer_01375,Male,66,Ahmedabad,Tamil Nadu,2025-03-26,Premium
CUST01376,Customer_01376,Female,20,Hyderabad,Delhi,2024-04-08,Corporate
CUST01377,Customer_01377,Male,60,Bengaluru,West Bengal,2023-06-13,Consumer
CUST01378,Customer_01378,Female,23,Chennai,Delhi,2024-06-21,Consumer
CUST01379,Customer_01379,Male,48,Chennai,Gujarat,2024-05-25,Consumer
CUST01380,Customer_01380,Female,55,Ahmedabad,Maharashtra,2024-07-08,Consumer
CUST01381,Customer_01381,Male,32,Kolkata,West Bengal,2024-10-02,Consumer
CUST01382,Customer_01382,Male,24,Pune,Tamil Nadu,2025-12-30,Consumer
CUST01383,Customer_01383,Female,60,Ahmedabad,Gujarat,2023-09-16,Consumer
CUST01384,Customer_01384,Male,47,Pune,Delhi,2024-03-20,Consumer
CUST01385,Customer_01385,Female,44,Hyderabad,Maharashtra,2025-02-04,Consumer
CUST01386,Customer_01386,Male,34,Delhi,Karnataka,2023-03-06,Consumer
CUST01387,Customer_01387,Female,35,Bengaluru,West Bengal,2024-10-19,Corporate
CUST01388,Customer_01388,Male,39,Bengaluru,Delhi,2025-09-27,Consumer
CUST01389,Customer_01389,Female,43,Chennai,Maharashtra,2023-02-11,Consumer
CUST01390,Customer_01390,Male,68,Bengaluru,Karnataka,2025-05-28,Corporate
CUST01391,Customer_01391,Male,44,Hyderabad,West Bengal,2023-07-15,Consumer
CUST01392,Customer_01392,Male,57,Mumbai,Maharashtra,2024-01-23,Corporate
CUST01393,Customer_01393,Male,41,Ahmedabad,Delhi,2023-03-06,Consumer
CUST01394,Customer_01394,Female,69,Pune,Karnataka,2023-08-11,Consumer
CUST01395,Customer_01395,Male,25,Chennai,West Bengal,2025-07-03,Premium
CUST01396,Customer_01396,Female,38,Ahmedabad,Maharashtra,2024-03-17,Corporate
CUST01397,Customer_01397,Male,46,Pune,Tamil Nadu,2025-06-21,Corporate
CUST01398,Customer_01398,Male,60,Pune,Karnataka,2024-03-28,Consumer
CUST01399,Customer_01399,Female,38,Pune,Maharashtra,2023-11-16,Consumer
CUST01400,Customer_01400,Female,20,Mumbai,Tamil Nadu,2025-02-08,Corporate
CUST01401,Customer_01401,Male,48,Ahmedabad,Karnataka,2025-06-01,Consumer
CUST01402,Customer_01402,Male,44,Bengaluru,Maharashtra,2025-10-12,Consumer
CUST01403,Customer_01403,Male,63,Delhi,Delhi,2024-03-26,Corporate
CUST01404,Customer_01404,Female,44,Pune,Karnataka,2025-06-14,Corporate
CUST01405,Customer_01405,Female,26,Hyderabad,Karnataka,2025-01-12,Corporate
CUST01406,Customer_01406,Male,50,Pune,West Bengal,2023-12-23,Corporate
CUST01407,Customer_01407,Female,50,Pune,Tamil Nadu,2025-02-20,Premium
CUST01408,Customer_01408,Female,43,Ahmedabad,Gujarat,2024-07-19,Consumer
CUST01409,Customer_01409,Female,45,Bengaluru,West Bengal,2025-12-04,Consumer
CUST01410,Customer_01410,Female,61,Kolkata,Gujarat,2024-06-11,Corporate
CUST01411,Customer_01411,Male,60,Hyderabad,Maharashtra,2024-12-24,Consumer
CUST01412,Customer_01412,Male,48,Bengaluru,Delhi,2023-08-29,Consumer
CUST01413,Customer_01413,Male,18,Pune,Tamil Nadu,2024-09-05,Corporate
CUST01414,Customer_01414,Male,37,Ahmedabad,Karnataka,2023-04-05,Corporate
CUST01415,Customer_01415,Female,29,Kolkata,Gujarat,2023-12-31,Corporate
CUST01416,Customer_01416,Female,34,Bengaluru,Tamil Nadu,2023-01-25,Consumer
CUST01417,Customer_01417,Male,32,Bengaluru,Tamil Nadu,2023-11-14,Premium
CUST01418,Customer_01418,Male,51,Chennai,West Bengal,2023-11-29,Corporate
CUST01419,Customer_01419,Male,67,Mumbai,Tamil Nadu,2025-07-02,Corporate
CUST01420,Customer_01420,Female,33,Kolkata,Karnataka,2024-07-15,Consumer
CUST01421,Customer_01421,Male,21,Delhi,West Bengal,2024-11-11,Consumer
CUST01422,Customer_01422,Female,25,Kolkata,Telangana,2023-04-10,Consumer
CUST01423,Customer_01423,Male,51,Mumbai,Tamil Nadu,2024-01-05,Corporate
CUST01424,Customer_01424,Male,63,Mumbai,Telangana,2025-11-01,Corporate
CUST01425,Customer_01425,Other,42,Hyderabad,Gujarat,2024-12-20,Corporate
CUST01426,Customer_01426,Female,32,Chennai,Delhi,2023-03-18,Consumer
CUST01427,Customer_01427,Male,45,Chennai,West Bengal,2024-08-09,Corporate
CUST01428,Customer_01428,Female,26,Bengaluru,Gujarat,2025-08-31,Corporate
CUST01429,Customer_01429,Female,19,Mumbai,West Bengal,2024-11-12,Corporate
CUST01430,Customer_01430,Female,34,Kolkata,Delhi,2024-11-21,Premium
CUST01431,Customer_01431,Male,27,Delhi,Delhi,2023-03-29,Corporate
CUST01432,Customer_01432,Female,26,Hyderabad,West Bengal,2024-04-09,Consumer
CUST01433,Customer_01433,Male,48,Kolkata,Gujarat,2024-05-08,Corporate
CUST01434,Customer_01434,Female,19,Chennai,Maharashtra,2023-05-16,Consumer
CUST01435,Customer_01435,Male,41,Bengaluru,Karnataka,2025-09-04,Consumer
CUST01436,Customer_01436,Male,36,Delhi,Telangana,2023-07-06,Corporate
CUST01437,Customer_01437,Male,34,Mumbai,Maharashtra,2024-06-25,Consumer
CUST01438,Customer_01438,Female,60,Ahmedabad,Telangana,2024-08-01,Consumer
CUST01439,Customer_01439,Male,66,Ahmedabad,West Bengal,2025-07-18,Corporate
CUST01440,Customer_01440,Female,27,Kolkata,Karnataka,2025-03-21,Premium
CUST01441,Customer_01441,Female,67,Delhi,West Bengal,2024-02-16,Premium
CUST01442,Customer_01442,Male,45,Ahmedabad,Tamil Nadu,2023-08-05,Corporate
CUST01443,Customer_01443,Female,55,Chennai,West Bengal,2024-10-31,Premium
CUST01444,Customer_01444,Male,65,Ahmedabad,Gujarat,2025-12-30,Corporate
CUST01445,Customer_01445,Female,45,Hyderabad,Maharashtra,2025-04-09,Consumer
CUST01446,Customer_01446,Male,67,Kolkata,West Bengal,2023-10-12,Consumer
CUST01447,Customer_01447,Female,69,Ahmedabad,Karnataka,2025-06-01,Consumer
CUST01448,Customer_01448,Female,67,Mumbai,Gujarat,2025-02-08,Consumer
CUST01449,Customer_01449,Female,18,Hyderabad,Maharashtra,2024-07-22,Corporate
CUST01450,Customer_01450,Female,20,Pune,West Bengal,2025-08-10,Consumer
CUST01451,Customer_01451,Female,32,Ahmedabad,Delhi,2024-07-14,Corporate
CUST01452,Customer_01452,Female,69,Ahmedabad,West Bengal,2024-11-27,Consumer
CUST01453,Customer_01453,Female,27,Delhi,Maharashtra,2024-12-11,Consumer
CUST01454,Customer_01454,Female,38,Ahmedabad,Tamil Nadu,2024-06-13,Consumer
CUST01455,Customer_01455,Male,54,Ahmedabad,Tamil Nadu,2024-05-03,Corporate
CUST01456,Customer_01456,Female,32,Delhi,Telangana,2023-01-27,Corporate
CUST01457,Customer_01457,Female,40,Bengaluru,Maharashtra,2025-12-13,Consumer
CUST01458,Customer_01458,Female,31,Mumbai,West Bengal,2024-05-18,Premium
CUST01459,Customer_01459,Male,32,Delhi,Delhi,2023-06-01,Consumer
CUST01460,Customer_01460,Female,27,Chennai,West Bengal,2025-01-06,Consumer
CUST01461,Customer_01461,Male,26,Pune,Tamil Nadu,2024-04-23,Corporate
CUST01462,Customer_01462,Female,61,Chennai,Telangana,2025-04-10,Consumer
CUST01463,Customer_01463,Male,56,Hyderabad,West Bengal,2025-04-29,Corporate
CUST01464,Customer_01464,Female,22,Pune,Delhi,2024-07-07,Corporate
CUST01465,Customer_01465,Other,42,Ahmedabad,Delhi,2023-10-14,Corporate
CUST01466,Customer_01466,Male,59,Pune,West Bengal,2024-03-30,Consumer
CUST01467,Customer_01467,Female,43,Chennai,Delhi,2024-09-18,Corporate
CUST01468,Customer_01468,Male,25,Ahmedabad,Karnataka,2023-07-31,Consumer
CUST01469,Customer_01469,Female,39,Delhi,Tamil Nadu,2023-12-29,Consumer
CUST01470,Customer_01470,Female,69,Chennai,Karnataka,2024-08-20,Consumer
CUST01471,Customer_01471,Female,42,Mumbai,Karnataka,2023-05-13,Consumer
CUST01472,Customer_01472,Female,65,Hyderabad,Tamil Nadu,2023-10-04,Corporate
CUST01473,Customer_01473,Female,29,Kolkata,Maharashtra,2024-08-27,Consumer
CUST01474,Customer_01474,Male,26,Pune,Gujarat,2024-10-18,Consumer
CUST01475,Customer_01475,Male,27,Ahmedabad,Telangana,2024-10-28,Corporate
CUST01476,Customer_01476,Female,65,Mumbai,West Bengal,2023-05-16,Corporate
CUST01477,Customer_01477,Female,27,Delhi,Gujarat,2025-02-03,Corporate
CUST01478,Customer_01478,Female,26,Delhi,Gujarat,2024-03-03,Corporate
CUST01479,Customer_01479,Female,43,Chennai,Gujarat,2025-04-09,Consumer
CUST01480,Customer_01480,Male,52,Bengaluru,Gujarat,2025-11-18,Consumer
CUST01481,Customer_01481,Female,44,Pune,Tamil Nadu,2024-08-17,Consumer
CUST01482,Customer_01482,Male,48,Pune,Gujarat,2025-07-08,Corporate
CUST01483,Customer_01483,Female,36,Bengaluru,Telangana,2025-11-23,Corporate
CUST01484,Customer_01484,Male,60,Delhi,West Bengal,2024-05-18,Consumer
CUST01485,Customer_01485,Male,55,Delhi,Maharashtra,2023-04-14,Consumer
CUST01486,Customer_01486,Male,23,Kolkata,Tamil Nadu,2024-05-08,Consumer
CUST01487,Customer_01487,Male,32,Kolkata,Gujarat,2024-01-23,Corporate
CUST01488,Customer_01488,Female,46,Pune,Delhi,2025-01-04,Corporate
CUST01489,Customer_01489,Male,64,Kolkata,West Bengal,2025-06-23,Consumer
CUST01490,Customer_01490,Male,62,Kolkata,Tamil Nadu,2023-11-29,Corporate
CUST01491,Customer_01491,Male,22,Ahmedabad,Maharashtra,2024-01-12,Corporate
CUST01492,Customer_01492,Male,31,Hyderabad,Gujarat,2023-08-28,Consumer
CUST01493,Customer_01493,Male,19,Pune,Karnataka,2024-12-30,Consumer
CUST01494,Customer_01494,Male,40,Delhi,Tamil Nadu,2023-07-01,Consumer
CUST01495,Customer_01495,Female,61,Ahmedabad,West Bengal,2025-01-13,Consumer
CUST01496,Customer_01496,Female,69,Delhi,West Bengal,2025-04-20,Consumer
CUST01497,Customer_01497,Female,63,Kolkata,Delhi,2025-12-04,Consumer
CUST01498,Customer_01498,Male,36,Hyderabad,West Bengal,2025-10-05,Consumer
CUST01499,Customer_01499,Male,41,Kolkata,Tamil Nadu,2025-04-07,Consumer
CUST01500,Customer_01500,Female,37,Kolkata,Karnataka,2024-08-20,Corporate
CUST01501,Customer_01501,Female,64,Mumbai,Tamil Nadu,2025-10-13,Consumer
CUST01502,Customer_01502,Male,44,Mumbai,Delhi,2023-07-20,Consumer
CUST01503,Customer_01503,Male,69,Hyderabad,Maharashtra,2023-12-09,Consumer
CUST01504,Customer_01504,Male,41,Hyderabad,Delhi,2024-09-22,Consumer
CUST01505,Customer_01505,Male,34,Mumbai,Maharashtra,2023-10-25,Consumer
CUST01506,Customer_01506,Male,42,Mumbai,Delhi,2024-11-28,Consumer
CUST01507,Customer_01507,Female,63,Mumbai,Telangana,2024-12-13,Premium
CUST01508,Customer_01508,Female,48,Mumbai,Tamil Nadu,2025-07-18,Consumer
CUST01509,Customer_01509,Female,45,Pune,West Bengal,2025-02-16,Corporate
CUST01510,Customer_01510,Female,67,Pune,Tamil Nadu,2024-01-14,Premium
CUST01511,Customer_01511,Female,45,Kolkata,Karnataka,2025-01-17,Consumer
CUST01512,Customer_01512,Female,39,Chennai,Telangana,2024-12-06,Consumer
CUST01513,Customer_01513,Female,22,Kolkata,Karnataka,2024-01-02,Consumer
CUST01514,Customer_01514,Male,61,Hyderabad,Tamil Nadu,2025-02-09,Consumer
CUST01515,Customer_01515,Male,59,Bengaluru,Karnataka,2025-12-30,Corporate
CUST01516,Customer_01516,Male,25,Chennai,Maharashtra,2025-11-17,Consumer
CUST01517,Customer_01517,Female,55,Bengaluru,Telangana,2023-12-15,Corporate
CUST01518,Customer_01518,Female,45,Bengaluru,West Bengal,2023-04-03,Consumer
CUST01519,Customer_01519,Male,64,Delhi,Delhi,2023-05-21,Corporate
CUST01520,Customer_01520,Female,29,Ahmedabad,Maharashtra,2023-12-21,Premium
CUST01521,Customer_01521,Male,42,Hyderabad,Gujarat,2025-12-28,Corporate
CUST01522,Customer_01522,Female,55,Pune,Delhi,2024-08-04,Consumer
CUST01523,Customer_01523,Male,61,Chennai,Karnataka,2025-06-01,Consumer
CUST01524,Customer_01524,Male,32,Kolkata,Tamil Nadu,2023-05-04,Premium
CUST01525,Customer_01525,Male,61,Hyderabad,Maharashtra,2024-08-25,Corporate
CUST01526,Customer_01526,Male,58,Mumbai,Telangana,2025-08-31,Consumer
CUST01527,Customer_01527,Male,68,Hyderabad,Delhi,2023-11-01,Consumer
CUST01528,Customer_01528,Male,51,Bengaluru,Gujarat,2025-03-13,Consumer
CUST01529,Customer_01529,Female,62,Pune,Maharashtra,2025-07-25,Consumer
CUST01530,Customer_01530,Female,30,Mumbai,West Bengal,2023-12-31,Consumer
CUST01531,Customer_01531,Male,25,Hyderabad,West Bengal,2025-09-18,Consumer
CUST01532,Customer_01532,Female,30,Hyderabad,Tamil Nadu,2023-09-23,Consumer
CUST01533,Customer_01533,Female,53,Pune,Telangana,2023-03-25,Premium
CUST01534,Customer_01534,Male,23,Bengaluru,Telangana,2025-05-02,Consumer
CUST01535,Customer_01535,Male,55,Kolkata,Delhi,2025-01-18,Consumer
CUST01536,Customer_01536,Male,49,Mumbai,Maharashtra,2023-05-31,Consumer
CUST01537,Customer_01537,Male,38,Bengaluru,Maharashtra,2024-11-16,Corporate
CUST01538,Customer_01538,Female,61,Pune,Telangana,2023-05-20,Consumer
CUST01539,Customer_01539,Male,61,Hyderabad,West Bengal,2023-02-24,Consumer
CUST01540,Customer_01540,Female,66,Kolkata,Karnataka,2023-03-15,Corporate
CUST01541,Customer_01541,Female,24,Chennai,Telangana,2025-09-23,Consumer
CUST01542,Customer_01542,Male,43,Chennai,Tamil Nadu,2025-06-26,Consumer
CUST01543,Customer_01543,Female,32,Delhi,Maharashtra,2025-04-08,Corporate
CUST01544,Customer_01544,Male,66,Ahmedabad,West Bengal,2024-10-03,Consumer
CUST01545,Customer_01545,Female,59,Chennai,Delhi,2025-01-13,Consumer
CUST01546,Customer_01546,Male,40,Pune,Maharashtra,2023-01-26,Consumer
CUST01547,Customer_01547,Female,69,Ahmedabad,West Bengal,2024-03-10,Consumer
CUST01548,Customer_01548,Female,55,Pune,Telangana,2023-03-03,Corporate
CUST01549,Customer_01549,Male,58,Pune,Tamil Nadu,2024-05-04,Corporate
CUST01550,Customer_01550,Female,32,Mumbai,Karnataka,2024-05-07,Corporate
CUST01551,Customer_01551,Female,65,Delhi,West Bengal,2024-11-09,Corporate
CUST01552,Customer_01552,Female,57,Mumbai,West Bengal,2024-04-12,Consumer
CUST01553,Customer_01553,Female,33,Kolkata,Maharashtra,2024-10-12,Consumer
CUST01554,Customer_01554,Female,49,Ahmedabad,Telangana,2024-03-23,Consumer
CUST01555,Customer_01555,Male,54,Chennai,Gujarat,2023-07-27,Consumer
CUST01556,Customer_01556,Male,35,Kolkata,Telangana,2025-09-28,Consumer
CUST01557,Customer_01557,Female,37,Ahmedabad,Telangana,2023-01-10,Corporate
CUST01558,Customer_01558,Male,63,Ahmedabad,Tamil Nadu,2025-02-25,Consumer
CUST01559,Customer_01559,Female,19,Chennai,Telangana,2023-01-04,Consumer
CUST01560,Customer_01560,Female,40,Hyderabad,West Bengal,2024-04-11,Corporate
CUST01561,Customer_01561,Male,47,Mumbai,Telangana,2023-09-16,Consumer
CUST01562,Customer_01562,Male,20,Bengaluru,Telangana,2024-12-21,Premium
CUST01563,Customer_01563,Female,63,Kolkata,Maharashtra,2023-10-14,Consumer
CUST01564,Customer_01564,Male,56,Hyderabad,Telangana,2023-01-31,Consumer
CUST01565,Customer_01565,Female,64,Mumbai,Tamil Nadu,2024-06-04,Corporate
CUST01566,Customer_01566,Male,66,Ahmedabad,Gujarat,2024-12-16,Corporate
CUST01567,Customer_01567,Female,18,Pune,Maharashtra,2023-05-04,Consumer
CUST01568,Customer_01568,Male,58,Delhi,West Bengal,2025-07-10,Consumer
CUST01569,Customer_01569,Female,39,Kolkata,Gujarat,2023-05-10,Consumer
CUST01570,Customer_01570,Male,46,Mumbai,Telangana,2025-01-15,Consumer
CUST01571,Customer_01571,Female,31,Delhi,Karnataka,2024-05-30,Corporate
CUST01572,Customer_01572,Male,65,Kolkata,Gujarat,2025-02-12,Consumer
CUST01573,Customer_01573,Female,45,Delhi,Tamil Nadu,2025-08-08,Consumer
CUST01574,Customer_01574,Female,38,Kolkata,Karnataka,2023-03-18,Corporate
CUST01575,Customer_01575,Male,62,Chennai,Tamil Nadu,2024-01-01,Premium
CUST01576,Customer_01576,Male,49,Bengaluru,West Bengal,2023-10-19,Consumer
CUST01577,Customer_01577,Male,23,Kolkata,Karnataka,2023-06-06,Consumer
CUST01578,Customer_01578,Female,18,Ahmedabad,Telangana,2025-06-26,Consumer
CUST01579,Customer_01579,Female,38,Mumbai,Karnataka,2025-07-06,Corporate
CUST01580,Customer_01580,Female,21,Bengaluru,West Bengal,2023-04-20,Consumer
CUST01581,Customer_01581,Male,20,Delhi,Gujarat,2023-05-18,Consumer
CUST01582,Customer_01582,Male,66,Chennai,Karnataka,2025-10-16,Consumer
CUST01583,Customer_01583,Female,47,Kolkata,Tamil Nadu,2023-03-05,Consumer
CUST01584,Customer_01584,Female,48,Bengaluru,Telangana,2024-05-21,Consumer
CUST01585,Customer_01585,Other,51,Hyderabad,Tamil Nadu,2025-04-19,Consumer
CUST01586,Customer_01586,Male,36,Delhi,Telangana,2025-10-11,Corporate
CUST01587,Customer_01587,Female,37,Hyderabad,Gujarat,2025-09-03,Consumer
CUST01588,Customer_01588,Male,40,Pune,Delhi,2025-02-27,Corporate
CUST01589,Customer_01589,Male,57,Bengaluru,Maharashtra,2023-12-16,Consumer
CUST01590,Customer_01590,Female,42,Bengaluru,Gujarat,2023-05-27,Consumer
CUST01591,Customer_01591,Female,32,Bengaluru,West Bengal,2025-05-11,Consumer
CUST01592,Customer_01592,Other,55,Pune,Gujarat,2024-02-11,Consumer
CUST01593,Customer_01593,Male,40,Ahmedabad,Maharashtra,2023-12-10,Consumer
CUST01594,Customer_01594,Male,69,Mumbai,Tamil Nadu,2024-10-13,Consumer
CUST01595,Customer_01595,Female,19,Delhi,Gujarat,2024-12-05,Consumer
CUST01596,Customer_01596,Female,32,Delhi,Telangana,2025-02-09,Consumer
CUST01597,Customer_01597,Male,69,Kolkata,Karnataka,2023-02-08,Corporate
CUST01598,Customer_01598,Male,61,Kolkata,Gujarat,2023-10-14,Corporate
CUST01599,Customer_01599,Male,52,Kolkata,Maharashtra,2025-08-25,Consumer
CUST01600,Customer_01600,Female,27,Delhi,Gujarat,2025-06-09,Corporate
CUST01601,Customer_01601,Male,31,Mumbai,Tamil Nadu,2024-10-23,Corporate
CUST01602,Customer_01602,Male,44,Ahmedabad,Tamil Nadu,2025-10-25,Corporate
CUST01603,Customer_01603,Male,31,Bengaluru,Tamil Nadu,2023-08-24,Consumer
CUST01604,Customer_01604,Male,52,Bengaluru,Telangana,2023-08-24,Consumer
CUST01605,Customer_01605,Male,50,Pune,West Bengal,2025-08-26,Consumer
CUST01606,Customer_01606,Female,69,Hyderabad,West Bengal,2024-05-15,Consumer
CUST01607,Customer_01607,Male,18,Mumbai,Gujarat,2023-08-27,Consumer
CUST01608,Customer_01608,Female,51,Chennai,Tamil Nadu,2025-04-08,Consumer
CUST01609,Customer_01609,Male,36,Mumbai,Delhi,2023-02-21,Consumer
CUST01610,Customer_01610,Female,41,Pune,Karnataka,2023-04-18,Consumer
CUST01611,Customer_01611,Female,59,Ahmedabad,West Bengal,2025-11-22,Corporate
CUST01612,Customer_01612,Female,21,Hyderabad,Tamil Nadu,2023-01-22,Consumer
CUST01613,Customer_01613,Female,53,Hyderabad,West Bengal,2023-11-03,Consumer
CUST01614,Customer_01614,Male,30,Kolkata,Telangana,2023-01-11,Premium
CUST01615,Customer_01615,Male,49,Kolkata,Karnataka,2024-07-15,Consumer
CUST01616,Customer_01616,Female,26,Hyderabad,Karnataka,2023-07-17,Corporate
CUST01617,Customer_01617,Other,56,Bengaluru,Maharashtra,2025-12-03,Corporate
CUST01618,Customer_01618,Female,33,Chennai,Tamil Nadu,2024-01-24,Consumer
CUST01619,Customer_01619,Female,67,Hyderabad,Tamil Nadu,2024-07-04,Consumer
CUST01620,Customer_01620,Female,20,Delhi,Gujarat,2024-05-10,Consumer
CUST01621,Customer_01621,Male,69,Bengaluru,Telangana,2024-05-19,Premium
CUST01622,Customer_01622,Male,37,Ahmedabad,Delhi,2023-05-17,Premium
CUST01623,Customer_01623,Female,27,Ahmedabad,Gujarat,2025-09-15,Consumer
CUST01624,Customer_01624,Female,39,Chennai,Delhi,2023-06-13,Consumer
CUST01625,Customer_01625,Male,65,Delhi,Maharashtra,2025-05-01,Consumer
CUST01626,Customer_01626,Female,20,Chennai,West Bengal,2025-11-12,Consumer
CUST01627,Customer_01627,Male,28,Pune,West Bengal,2024-12-11,Premium
CUST01628,Customer_01628,Female,42,Chennai,Delhi,2024-05-21,Premium
CUST01629,Customer_01629,Male,59,Delhi,West Bengal,2024-11-16,Consumer
CUST01630,Customer_01630,Male,65,Mumbai,Telangana,2024-12-08,Consumer
CUST01631,Customer_01631,Female,25,Chennai,West Bengal,2023-05-22,Consumer
CUST01632,Customer_01632,Male,26,Mumbai,Maharashtra,2023-10-08,Consumer
CUST01633,Customer_01633,Female,32,Chennai,Tamil Nadu,2025-08-24,Premium
CUST01634,Customer_01634,Female,49,Pune,Delhi,2023-10-29,Corporate
CUST01635,Customer_01635,Female,20,Delhi,Telangana,2024-02-01,Consumer
CUST01636,Customer_01636,Male,21,Chennai,Telangana,2023-11-14,Consumer
CUST01637,Customer_01637,Male,47,Hyderabad,Tamil Nadu,2025-06-26,Premium
CUST01638,Customer_01638,Male,30,Pune,West Bengal,2025-05-29,Corporate
CUST01639,Customer_01639,Other,61,Hyderabad,Telangana,2025-05-07,Consumer
CUST01640,Customer_01640,Female,38,Ahmedabad,Maharashtra,2025-12-07,Consumer
CUST01641,Customer_01641,Female,58,Ahmedabad,Maharashtra,2024-11-03,Consumer
CUST01642,Customer_01642,Female,63,Pune,Gujarat,2025-09-01,Consumer
CUST01643,Customer_01643,Female,36,Pune,Karnataka,2024-11-07,Consumer
CUST01644,Customer_01644,Female,56,Kolkata,Tamil Nadu,2024-01-14,Consumer
CUST01645,Customer_01645,Male,65,Chennai,West Bengal,2023-08-05,Corporate
CUST01646,Customer_01646,Female,39,Delhi,Telangana,2025-04-28,Corporate
CUST01647,Customer_01647,Male,37,Kolkata,Delhi,2025-05-17,Consumer
CUST01648,Customer_01648,Female,54,Delhi,Gujarat,2024-03-09,Consumer
CUST01649,Customer_01649,Female,48,Bengaluru,Maharashtra,2025-01-25,Corporate
CUST01650,Customer_01650,Female,27,Delhi,Tamil Nadu,2025-07-30,Consumer
CUST01651,Customer_01651,Male,35,Mumbai,West Bengal,2024-12-07,Corporate
CUST01652,Customer_01652,Male,60,Chennai,Tamil Nadu,2024-08-21,Consumer
CUST01653,Customer_01653,Male,56,Hyderabad,West Bengal,2023-08-24,Consumer
CUST01654,Customer_01654,Male,63,Delhi,Maharashtra,2023-04-10,Consumer
CUST01655,Customer_01655,Male,37,Hyderabad,Karnataka,2025-01-08,Corporate
CUST01656,Customer_01656,Female,35,Bengaluru,Tamil Nadu,2023-04-29,Consumer
CUST01657,Customer_01657,Female,28,Chennai,Telangana,2024-12-08,Premium
CUST01658,Customer_01658,Male,39,Delhi,Delhi,2023-03-29,Corporate
CUST01659,Customer_01659,Male,61,Kolkata,Delhi,2023-02-05,Corporate
CUST01660,Customer_01660,Male,35,Hyderabad,Maharashtra,2023-11-10,Premium
CUST01661,Customer_01661,Female,51,Kolkata,Tamil Nadu,2024-07-04,Consumer
CUST01662,Customer_01662,Female,40,Pune,Delhi,2024-03-02,Consumer
CUST01663,Customer_01663,Female,18,Kolkata,Tamil Nadu,2024-05-31,Consumer
CUST01664,Customer_01664,Female,27,Delhi,Maharashtra,2024-10-14,Consumer
CUST01665,Customer_01665,Other,18,Bengaluru,Karnataka,2023-01-09,Consumer
CUST01666,Customer_01666,Female,55,Kolkata,Delhi,2023-02-26,Premium
CUST01667,Customer_01667,Male,56,Pune,Telangana,2023-10-10,Premium
CUST01668,Customer_01668,Female,66,Hyderabad,Gujarat,2024-04-05,Corporate
CUST01669,Customer_01669,Male,26,Hyderabad,Maharashtra,2024-08-16,Consumer
CUST01670,Customer_01670,Female,48,Chennai,Gujarat,2025-07-18,Corporate
CUST01671,Customer_01671,Male,24,Kolkata,Karnataka,2023-03-06,Corporate
CUST01672,Customer_01672,Female,34,Kolkata,Telangana,2025-05-04,Consumer
CUST01673,Customer_01673,Female,52,Chennai,Gujarat,2025-03-12,Consumer
CUST01674,Customer_01674,Female,65,Hyderabad,Telangana,2023-05-16,Consumer
CUST01675,Customer_01675,Female,54,Pune,Delhi,2025-01-31,Consumer
CUST01676,Customer_01676,Male,69,Ahmedabad,Tamil Nadu,2025-10-06,Consumer
CUST01677,Customer_01677,Male,35,Kolkata,Maharashtra,2025-12-07,Corporate
CUST01678,Customer_01678,Male,50,Ahmedabad,Telangana,2024-09-03,Consumer
CUST01679,Customer_01679,Male,21,Chennai,Delhi,2025-04-29,Premium
CUST01680,Customer_01680,Female,40,Ahmedabad,Karnataka,2023-04-27,Corporate
CUST01681,Customer_01681,Male,28,Hyderabad,West Bengal,2025-02-17,Consumer
CUST01682,Customer_01682,Female,69,Pune,Telangana,2025-03-30,Consumer
CUST01683,Customer_01683,Female,26,Mumbai,Karnataka,2025-10-19,Consumer
CUST01684,Customer_01684,Female,47,Delhi,Maharashtra,2024-04-23,Consumer
CUST01685,Customer_01685,Male,25,Kolkata,Delhi,2024-06-19,Consumer
CUST01686,Customer_01686,Female,57,Mumbai,Karnataka,2024-05-08,Consumer
CUST01687,Customer_01687,Female,22,Mumbai,Tamil Nadu,2024-02-09,Premium
CUST01688,Customer_01688,Male,29,Delhi,Gujarat,2023-04-06,Consumer
CUST01689,Customer_01689,Female,18,Hyderabad,Karnataka,2023-09-11,Consumer
CUST01690,Customer_01690,Female,32,Ahmedabad,Karnataka,2024-02-18,Consumer
CUST01691,Customer_01691,Male,42,Hyderabad,Delhi,2024-08-06,Corporate
CUST01692,Customer_01692,Female,35,Chennai,Delhi,2024-07-29,Consumer
CUST01693,Customer_01693,Male,55,Bengaluru,Telangana,2023-08-31,Corporate
CUST01694,Customer_01694,Male,59,Hyderabad,Gujarat,2024-09-30,Consumer
CUST01695,Customer_01695,Male,63,Ahmedabad,Karnataka,2023-02-08,Corporate
CUST01696,Customer_01696,Male,43,Delhi,Karnataka,2023-12-19,Corporate
CUST01697,Customer_01697,Male,57,Bengaluru,Delhi,2024-03-01,Consumer
CUST01698,Customer_01698,Male,20,Delhi,West Bengal,2025-09-08,Corporate
CUST01699,Customer_01699,Female,39,Delhi,Tamil Nadu,2024-05-24,Corporate
CUST01700,Customer_01700,Female,43,Delhi,West Bengal,2023-05-20,Corporate
CUST01701,Customer_01701,Female,36,Kolkata,Delhi,2023-09-09,Consumer
CUST01702,Customer_01702,Male,61,Kolkata,Tamil Nadu,2024-10-30,Consumer
CUST01703,Customer_01703,Male,61,Bengaluru,Gujarat,2023-11-13,Consumer
CUST01704,Customer_01704,Female,64,Mumbai,West Bengal,2024-02-24,Corporate
CUST01705,Customer_01705,Male,56,Ahmedabad,Delhi,2025-05-28,Consumer
CUST01706,Customer_01706,Male,53,Kolkata,Gujarat,2025-01-18,Corporate
CUST01707,Customer_01707,Female,38,Pune,Maharashtra,2025-06-16,Consumer
CUST01708,Customer_01708,Male,58,Delhi,Karnataka,2025-11-18,Consumer
CUST01709,Customer_01709,Female,65,Ahmedabad,Gujarat,2025-11-30,Corporate
CUST01710,Customer_01710,Female,43,Kolkata,Tamil Nadu,2024-06-24,Consumer
CUST01711,Customer_01711,Male,30,Chennai,Maharashtra,2024-07-23,Consumer
CUST01712,Customer_01712,Male,53,Hyderabad,Tamil Nadu,2024-12-23,Premium
CUST01713,Customer_01713,Female,41,Pune,Telangana,2025-09-27,Consumer
CUST01714,Customer_01714,Male,58,Ahmedabad,Telangana,2025-05-25,Consumer
CUST01715,Customer_01715,Male,43,Hyderabad,Karnataka,2023-07-08,Premium
CUST01716,Customer_01716,Other,38,Hyderabad,Maharashtra,2024-03-25,Consumer
CUST01717,Customer_01717,Male,35,Bengaluru,Maharashtra,2023-04-04,Consumer
CUST01718,Customer_01718,Female,32,Chennai,Telangana,2023-10-10,Corporate
CUST01719,Customer_01719,Other,32,Chennai,Karnataka,2024-07-23,Premium
CUST01720,Customer_01720,Male,23,Pune,Gujarat,2023-01-25,Corporate
CUST01721,Customer_01721,Male,60,Chennai,Telangana,2023-09-17,Corporate
CUST01722,Customer_01722,Male,48,Chennai,Maharashtra,2024-05-11,Consumer
CUST01723,Customer_01723,Male,45,Ahmedabad,Tamil Nadu,2023-04-25,Consumer
CUST01724,Customer_01724,Male,25,Chennai,West Bengal,2024-03-27,Corporate
CUST01725,Customer_01725,Female,46,Pune,Maharashtra,2024-11-30,Corporate
CUST01726,Customer_01726,Male,38,Mumbai,Karnataka,2025-02-10,Consumer
CUST01727,Customer_01727,Female,34,Chennai,Maharashtra,2024-01-20,Corporate
CUST01728,Customer_01728,Other,66,Kolkata,Delhi,2024-09-04,Corporate
CUST01729,Customer_01729,Female,41,Ahmedabad,Maharashtra,2025-09-15,Consumer
CUST01730,Customer_01730,Female,67,Ahmedabad,Delhi,2023-08-07,Premium
CUST01731,Customer_01731,Male,53,Chennai,Telangana,2025-05-29,Corporate
CUST01732,Customer_01732,Female,48,Bengaluru,Gujarat,2024-07-10,Consumer
CUST01733,Customer_01733,Female,64,Bengaluru,Delhi,2025-12-22,Consumer
CUST01734,Customer_01734,Male,51,Kolkata,Maharashtra,2023-12-16,Corporate
CUST01735,Customer_01735,Male,19,Chennai,Gujarat,2024-01-25,Consumer
CUST01736,Customer_01736,Female,59,Mumbai,West Bengal,2025-03-14,Corporate
CUST01737,Customer_01737,Male,20,Ahmedabad,Gujarat,2024-01-12,Corporate
CUST01738,Customer_01738,Male,47,Chennai,Maharashtra,2025-05-20,Consumer
CUST01739,Customer_01739,Male,25,Kolkata,Maharashtra,2023-03-07,Premium
CUST01740,Customer_01740,Male,69,Chennai,West Bengal,2025-01-15,Corporate
CUST01741,Customer_01741,Female,24,Chennai,Karnataka,2023-01-08,Consumer
CUST01742,Customer_01742,Female,29,Delhi,Telangana,2023-01-27,Consumer
CUST01743,Customer_01743,Female,36,Mumbai,Delhi,2023-10-17,Consumer
CUST01744,Customer_01744,Male,43,Hyderabad,Tamil Nadu,2023-01-28,Consumer
CUST01745,Customer_01745,Male,45,Kolkata,Delhi,2024-04-11,Corporate
CUST01746,Customer_01746,Male,32,Chennai,Maharashtra,2023-04-18,Corporate
CUST01747,Customer_01747,Male,31,Kolkata,Tamil Nadu,2025-06-09,Corporate
CUST01748,Customer_01748,Male,65,Hyderabad,Tamil Nadu,2024-03-14,Corporate
CUST01749,Customer_01749,Female,31,Mumbai,Delhi,2023-07-22,Consumer
CUST01750,Customer_01750,Male,20,Ahmedabad,West Bengal,2025-02-15,Consumer
CUST01751,Customer_01751,Female,67,Kolkata,Delhi,2025-09-16,Corporate
CUST01752,Customer_01752,Male,46,Chennai,Delhi,2023-10-28,Consumer
CUST01753,Customer_01753,Male,23,Ahmedabad,Delhi,2024-03-13,Consumer
CUST01754,Customer_01754,Male,66,Hyderabad,West Bengal,2025-10-31,Corporate
CUST01755,Customer_01755,Female,40,Kolkata,West Bengal,2025-04-16,Consumer
CUST01756,Customer_01756,Female,45,Pune,Telangana,2024-08-29,Premium
CUST01757,Customer_01757,Female,31,Hyderabad,Karnataka,2024-10-03,Consumer
CUST01758,Customer_01758,Male,31,Mumbai,Karnataka,2023-04-20,Consumer
CUST01759,Customer_01759,Male,37,Chennai,Delhi,2024-10-04,Corporate
CUST01760,Customer_01760,Female,30,Delhi,Karnataka,2024-12-03,Consumer
CUST01761,Customer_01761,Male,44,Mumbai,Delhi,2025-03-11,Corporate
CUST01762,Customer_01762,Female,52,Ahmedabad,Delhi,2025-05-19,Consumer
CUST01763,Customer_01763,Male,62,Delhi,Delhi,2025-07-07,Consumer
CUST01764,Customer_01764,Male,19,Chennai,Gujarat,2025-04-28,Corporate
CUST01765,Customer_01765,Male,58,Hyderabad,Telangana,2024-05-21,Consumer
CUST01766,Customer_01766,Male,62,Pune,Maharashtra,2023-06-26,Corporate
CUST01767,Customer_01767,Female,57,Pune,Karnataka,2024-10-29,Premium
CUST01768,Customer_01768,Male,65,Kolkata,Karnataka,2024-05-25,Consumer
CUST01769,Customer_01769,Male,41,Ahmedabad,Telangana,2023-04-19,Corporate
CUST01770,Customer_01770,Male,46,Mumbai,Telangana,2025-05-21,Corporate
CUST01771,Customer_01771,Male,20,Mumbai,Delhi,2025-12-31,Corporate
CUST01772,Customer_01772,Female,62,Ahmedabad,Delhi,2024-05-03,Consumer
CUST01773,Customer_01773,Female,21,Mumbai,Gujarat,2025-01-02,Corporate
CUST01774,Customer_01774,Female,67,Bengaluru,Gujarat,2023-10-08,Consumer
CUST01775,Customer_01775,Female,19,Pune,Maharashtra,2025-06-21,Consumer
CUST01776,Customer_01776,Male,37,Pune,Karnataka,2024-02-22,Consumer
CUST01777,Customer_01777,Female,32,Chennai,Telangana,2025-01-23,Consumer
CUST01778,Customer_01778,Male,66,Bengaluru,Maharashtra,2024-10-23,Corporate
CUST01779,Customer_01779,Male,49,Mumbai,Karnataka,2024-11-18,Consumer
CUST01780,Customer_01780,Female,59,Mumbai,Maharashtra,2023-04-14,Corporate
CUST01781,Customer_01781,Male,18,Ahmedabad,Maharashtra,2024-12-12,Consumer
CUST01782,Customer_01782,Female,55,Delhi,West Bengal,2024-08-04,Consumer
CUST01783,Customer_01783,Male,52,Kolkata,Delhi,2023-02-26,Premium
CUST01784,Customer_01784,Female,68,Bengaluru,Maharashtra,2024-07-31,Consumer
CUST01785,Customer_01785,Female,24,Kolkata,Delhi,2025-12-17,Corporate
CUST01786,Customer_01786,Female,62,Hyderabad,Karnataka,2023-04-27,Consumer
CUST01787,Customer_01787,Female,30,Kolkata,Gujarat,2025-03-29,Consumer
CUST01788,Customer_01788,Female,66,Pune,Karnataka,2025-11-10,Consumer
CUST01789,Customer_01789,Male,18,Chennai,Delhi,2023-03-20,Corporate
CUST01790,Customer_01790,Female,31,Hyderabad,Gujarat,2024-07-12,Consumer
CUST01791,Customer_01791,Male,46,Hyderabad,West Bengal,2025-06-04,Corporate
CUST01792,Customer_01792,Female,20,Ahmedabad,Tamil Nadu,2023-04-18,Consumer
CUST01793,Customer_01793,Female,63,Chennai,Gujarat,2025-03-09,Consumer
CUST01794,Customer_01794,Female,41,Mumbai,Maharashtra,2024-11-18,Corporate
CUST01795,Customer_01795,Male,18,Pune,Karnataka,2023-03-11,Consumer
CUST01796,Customer_01796,Male,65,Ahmedabad,West Bengal,2024-01-22,Premium
CUST01797,Customer_01797,Female,27,Delhi,Maharashtra,2025-05-04,Corporate
CUST01798,Customer_01798,Male,30,Mumbai,West Bengal,2025-12-17,Consumer
CUST01799,Customer_01799,Male,53,Kolkata,Gujarat,2023-09-02,Consumer
CUST01800,Customer_01800,Male,26,Mumbai,Tamil Nadu,2025-12-04,Consumer
CUST01801,Customer_01801,Female,31,Bengaluru,Maharashtra,2024-11-14,Consumer
CUST01802,Customer_01802,Female,53,Ahmedabad,Tamil Nadu,2025-02-23,Consumer
CUST01803,Customer_01803,Male,27,Hyderabad,Telangana,2023-03-12,Premium
CUST01804,Customer_01804,Male,57,Hyderabad,Tamil Nadu,2023-04-18,Consumer
CUST01805,Customer_01805,Male,40,Pune,Karnataka,2024-12-22,Consumer
CUST01806,Customer_01806,Female,52,Kolkata,Gujarat,2023-10-29,Corporate
CUST01807,Customer_01807,Female,24,Ahmedabad,Delhi,2024-06-11,Consumer
CUST01808,Customer_01808,Male,59,Hyderabad,Delhi,2025-08-09,Consumer
CUST01809,Customer_01809,Male,52,Ahmedabad,Maharashtra,2023-09-13,Consumer
CUST01810,Customer_01810,Male,19,Delhi,Gujarat,2025-08-11,Consumer
CUST01811,Customer_01811,Female,32,Delhi,West Bengal,2025-07-12,Consumer
CUST01812,Customer_01812,Female,26,Kolkata,Telangana,2024-07-15,Consumer
CUST01813,Customer_01813,Male,64,Ahmedabad,Maharashtra,2023-12-26,Corporate
CUST01814,Customer_01814,Male,34,Delhi,Tamil Nadu,2023-10-23,Consumer
CUST01815,Customer_01815,Male,56,Chennai,Delhi,2023-04-03,Corporate
CUST01816,Customer_01816,Female,69,Kolkata,Tamil Nadu,2025-05-10,Consumer
CUST01817,Customer_01817,Male,35,Pune,Delhi,2025-09-16,Consumer
CUST01818,Customer_01818,Female,32,Delhi,Delhi,2024-04-28,Consumer
CUST01819,Customer_01819,Female,35,Ahmedabad,Delhi,2025-05-25,Consumer
CUST01820,Customer_01820,Male,41,Bengaluru,Gujarat,2023-12-07,Consumer
CUST01821,Customer_01821,Male,40,Bengaluru,West Bengal,2023-11-26,Consumer
CUST01822,Customer_01822,Male,29,Mumbai,West Bengal,2025-03-09,Consumer
CUST01823,Customer_01823,Female,40,Mumbai,West Bengal,2023-07-20,Corporate
CUST01824,Customer_01824,Female,38,Pune,Karnataka,2025-01-12,Premium
CUST01825,Customer_01825,Female,43,Kolkata,Gujarat,2023-04-08,Consumer
CUST01826,Customer_01826,Female,25,Mumbai,Tamil Nadu,2025-04-18,Premium
CUST01827,Customer_01827,Male,47,Mumbai,West Bengal,2023-12-18,Consumer
CUST01828,Customer_01828,Female,51,Bengaluru,Gujarat,2024-04-11,Consumer
CUST01829,Customer_01829,Female,19,Mumbai,West Bengal,2025-11-05,Consumer
CUST01830,Customer_01830,Male,22,Ahmedabad,Maharashtra,2024-03-31,Consumer
CUST01831,Customer_01831,Female,48,Bengaluru,Telangana,2023-09-15,Consumer
CUST01832,Customer_01832,Female,50,Delhi,Maharashtra,2023-03-03,Premium
CUST01833,Customer_01833,Female,21,Delhi,Gujarat,2024-04-26,Consumer
CUST01834,Customer_01834,Female,23,Pune,Tamil Nadu,2025-09-26,Consumer
CUST01835,Customer_01835,Female,40,Chennai,Telangana,2024-09-26,Consumer
CUST01836,Customer_01836,Female,62,Mumbai,Maharashtra,2025-12-01,Consumer
CUST01837,Customer_01837,Male,36,Delhi,Telangana,2025-12-11,Corporate
CUST01838,Customer_01838,Male,60,Delhi,Tamil Nadu,2025-07-04,Consumer
CUST01839,Customer_01839,Female,62,Kolkata,Delhi,2023-11-08,Consumer
CUST01840,Customer_01840,Male,25,Pune,Tamil Nadu,2024-08-01,Premium
CUST01841,Customer_01841,Male,56,Ahmedabad,West Bengal,2023-02-28,Consumer
CUST01842,Customer_01842,Male,30,Hyderabad,Karnataka,2023-10-31,Consumer
CUST01843,Customer_01843,Male,18,Hyderabad,Telangana,2023-02-04,Corporate
CUST01844,Customer_01844,Female,23,Pune,Tamil Nadu,2024-10-09,Consumer
CUST01845,Customer_01845,Female,24,Bengaluru,Delhi,2025-10-07,Corporate
CUST01846,Customer_01846,Male,65,Chennai,Delhi,2024-05-07,Consumer
CUST01847,Customer_01847,Male,44,Kolkata,Tamil Nadu,2024-05-05,Consumer
CUST01848,Customer_01848,Male,32,Kolkata,Maharashtra,2023-08-09,Consumer
CUST01849,Customer_01849,Female,69,Pune,Tamil Nadu,2023-05-03,Corporate
CUST01850,Customer_01850,Female,51,Ahmedabad,Delhi,2024-12-07,Consumer
CUST01851,Customer_01851,Male,40,Hyderabad,Tamil Nadu,2025-06-05,Premium
CUST01852,Customer_01852,Female,65,Chennai,Karnataka,2024-05-08,Consumer
CUST01853,Customer_01853,Female,66,Delhi,Maharashtra,2025-01-28,Corporate
CUST01854,Customer_01854,Female,41,Pune,Tamil Nadu,2024-09-24,Corporate
CUST01855,Customer_01855,Female,32,Bengaluru,Delhi,2023-11-26,Consumer
CUST01856,Customer_01856,Male,52,Chennai,Tamil Nadu,2025-08-29,Consumer
CUST01857,Customer_01857,Female,21,Hyderabad,West Bengal,2023-01-10,Corporate
CUST01858,Customer_01858,Male,61,Delhi,Tamil Nadu,2023-05-07,Consumer
CUST01859,Customer_01859,Female,54,Pune,Telangana,2025-09-11,Consumer
CUST01860,Customer_01860,Female,34,Kolkata,Tamil Nadu,2024-10-30,Consumer
CUST01861,Customer_01861,Female,48,Mumbai,Karnataka,2023-08-19,Consumer
CUST01862,Customer_01862,Female,55,Kolkata,Delhi,2025-11-04,Consumer
CUST01863,Customer_01863,Male,27,Ahmedabad,Gujarat,2024-05-01,Consumer
CUST01864,Customer_01864,Female,67,Ahmedabad,Telangana,2024-03-17,Consumer
CUST01865,Customer_01865,Other,44,Kolkata,Gujarat,2025-05-27,Consumer
CUST01866,Customer_01866,Female,59,Delhi,Tamil Nadu,2023-10-01,Premium
CUST01867,Customer_01867,Male,23,Hyderabad,West Bengal,2024-09-09,Consumer
CUST01868,Customer_01868,Male,23,Pune,Maharashtra,2025-10-23,Consumer
CUST01869,Customer_01869,Male,69,Hyderabad,Karnataka,2023-11-22,Corporate
CUST01870,Customer_01870,Female,32,Mumbai,Karnataka,2023-09-10,Consumer
CUST01871,Customer_01871,Female,21,Ahmedabad,West Bengal,2025-12-14,Corporate
CUST01872,Customer_01872,Male,65,Kolkata,Karnataka,2025-06-04,Consumer
CUST01873,Customer_01873,Female,57,Delhi,West Bengal,2024-03-23,Premium
CUST01874,Customer_01874,Female,24,Chennai,Telangana,2024-01-08,Consumer
CUST01875,Customer_01875,Female,68,Chennai,West Bengal,2024-04-13,Consumer
CUST01876,Customer_01876,Female,66,Delhi,West Bengal,2025-01-29,Corporate
CUST01877,Customer_01877,Female,62,Ahmedabad,Tamil Nadu,2025-04-12,Consumer
CUST01878,Customer_01878,Female,64,Chennai,Karnataka,2023-03-11,Corporate
CUST01879,Customer_01879,Male,43,Kolkata,Tamil Nadu,2024-04-25,Consumer
CUST01880,Customer_01880,Female,48,Ahmedabad,Maharashtra,2024-06-13,Consumer
CUST01881,Customer_01881,Female,19,Pune,West Bengal,2024-05-04,Consumer
CUST01882,Customer_01882,Female,45,Delhi,Tamil Nadu,2024-05-17,Consumer
CUST01883,Customer_01883,Female,59,Delhi,Gujarat,2025-10-05,Consumer
CUST01884,Customer_01884,Female,30,Hyderabad,Tamil Nadu,2023-04-27,Corporate
CUST01885,Customer_01885,Male,35,Bengaluru,Tamil Nadu,2024-08-29,Corporate
CUST01886,Customer_01886,Male,47,Hyderabad,West Bengal,2025-07-07,Premium
CUST01887,Customer_01887,Male,28,Chennai,Delhi,2025-06-22,Consumer
CUST01888,Customer_01888,Male,30,Bengaluru,Gujarat,2024-03-03,Consumer
CUST01889,Customer_01889,Female,68,Delhi,Telangana,2024-05-08,Consumer
CUST01890,Customer_01890,Other,41,Chennai,West Bengal,2023-03-03,Corporate
CUST01891,Customer_01891,Male,46,Ahmedabad,Tamil Nadu,2024-05-11,Consumer
CUST01892,Customer_01892,Male,22,Mumbai,Karnataka,2024-09-27,Consumer
CUST01893,Customer_01893,Female,52,Chennai,West Bengal,2023-03-21,Consumer
CUST01894,Customer_01894,Male,36,Bengaluru,Delhi,2024-04-29,Consumer
CUST01895,Customer_01895,Female,30,Bengaluru,Tamil Nadu,2025-11-11,Corporate
CUST01896,Customer_01896,Female,22,Delhi,Delhi,2024-08-17,Corporate
CUST01897,Customer_01897,Female,61,Pune,Telangana,2023-09-18,Premium
CUST01898,Customer_01898,Male,31,Mumbai,West Bengal,2023-05-09,Consumer
CUST01899,Customer_01899,Male,55,Delhi,Delhi,2024-09-17,Consumer
CUST01900,Customer_01900,Female,39,Mumbai,Karnataka,2023-10-11,Consumer
CUST01901,Customer_01901,Female,26,Mumbai,Tamil Nadu,2025-12-06,Consumer
CUST01902,Customer_01902,Male,66,Delhi,Karnataka,2023-01-19,Premium
CUST01903,Customer_01903,Female,57,Kolkata,West Bengal,2024-08-21,Consumer
CUST01904,Customer_01904,Male,43,Chennai,West Bengal,2024-10-15,Corporate
CUST01905,Customer_01905,Female,62,Ahmedabad,Maharashtra,2025-02-01,Premium
CUST01906,Customer_01906,Male,22,Hyderabad,Delhi,2025-04-17,Consumer
CUST01907,Customer_01907,Female,46,Mumbai,Delhi,2025-10-28,Consumer
CUST01908,Customer_01908,Male,39,Ahmedabad,Delhi,2025-11-26,Consumer
CUST01909,Customer_01909,Male,66,Kolkata,Gujarat,2023-03-13,Consumer
CUST01910,Customer_01910,Male,20,Bengaluru,West Bengal,2025-12-26,Consumer
CUST01911,Customer_01911,Male,45,Delhi,West Bengal,2024-10-14,Consumer
CUST01912,Customer_01912,Female,55,Pune,Telangana,2023-03-05,Consumer
CUST01913,Customer_01913,Other,31,Kolkata,Gujarat,2023-01-30,Consumer
CUST01914,Customer_01914,Male,64,Chennai,Karnataka,2024-07-10,Corporate
CUST01915,Customer_01915,Male,31,Ahmedabad,West Bengal,2024-10-07,Consumer
CUST01916,Customer_01916,Female,60,Kolkata,Maharashtra,2025-11-05,Consumer
CUST01917,Customer_01917,Female,28,Mumbai,Telangana,2023-10-05,Consumer
CUST01918,Customer_01918,Female,26,Pune,Telangana,2023-10-04,Consumer
CUST01919,Customer_01919,Male,55,Kolkata,Tamil Nadu,2023-08-09,Premium
CUST01920,Customer_01920,Male,64,Chennai,West Bengal,2024-10-31,Premium
CUST01921,Customer_01921,Female,61,Ahmedabad,Maharashtra,2025-11-13,Consumer
CUST01922,Customer_01922,Male,23,Kolkata,West Bengal,2025-04-11,Consumer
CUST01923,Customer_01923,Female,18,Delhi,Delhi,2023-05-21,Consumer
CUST01924,Customer_01924,Male,42,Pune,Gujarat,2025-01-03,Consumer
CUST01925,Customer_01925,Female,33,Bengaluru,Delhi,2023-01-26,Corporate
CUST01926,Customer_01926,Male,69,Mumbai,West Bengal,2023-04-08,Corporate
CUST01927,Customer_01927,Female,32,Ahmedabad,Tamil Nadu,2023-10-03,Premium
CUST01928,Customer_01928,Male,51,Mumbai,Gujarat,2024-07-26,Corporate
CUST01929,Customer_01929,Female,34,Pune,Delhi,2025-06-10,Consumer
CUST01930,Customer_01930,Male,20,Chennai,Karnataka,2024-03-08,Consumer
CUST01931,Customer_01931,Female,20,Delhi,Delhi,2023-01-09,Consumer
CUST01932,Customer_01932,Female,54,Kolkata,West Bengal,2025-06-14,Consumer
CUST01933,Customer_01933,Female,34,Ahmedabad,Gujarat,2025-05-18,Consumer
CUST01934,Customer_01934,Female,66,Kolkata,Karnataka,2025-07-21,Consumer
CUST01935,Customer_01935,Female,69,Hyderabad,Tamil Nadu,2023-09-29,Consumer
CUST01936,Customer_01936,Female,55,Mumbai,Tamil Nadu,2023-02-01,Consumer
CUST01937,Customer_01937,Male,18,Kolkata,Karnataka,2025-05-01,Consumer
CUST01938,Customer_01938,Female,24,Bengaluru,Gujarat,2024-08-27,Corporate
CUST01939,Customer_01939,Female,43,Mumbai,Gujarat,2023-01-17,Corporate
CUST01940,Customer_01940,Male,64,Mumbai,Delhi,2023-10-28,Consumer
CUST01941,Customer_01941,Male,56,Hyderabad,Tamil Nadu,2023-02-11,Consumer
CUST01942,Customer_01942,Male,36,Hyderabad,Tamil Nadu,2023-02-21,Corporate
CUST01943,Customer_01943,Female,69,Delhi,Karnataka,2023-07-07,Consumer
CUST01944,Customer_01944,Female,47,Kolkata,Tamil Nadu,2023-05-31,Consumer
CUST01945,Customer_01945,Female,60,Kolkata,West Bengal,2024-02-13,Consumer
CUST01946,Customer_01946,Female,31,Mumbai,Delhi,2023-12-10,Corporate
CUST01947,Customer_01947,Male,30,Mumbai,Tamil Nadu,2024-08-13,Corporate
CUST01948,Customer_01948,Male,37,Chennai,Karnataka,2025-12-27,Corporate
CUST01949,Customer_01949,Male,43,Chennai,Delhi,2025-04-25,Consumer
CUST01950,Customer_01950,Male,44,Kolkata,Maharashtra,2025-06-18,Consumer
CUST01951,Customer_01951,Male,42,Ahmedabad,Karnataka,2023-01-28,Consumer
CUST01952,Customer_01952,Male,26,Pune,Maharashtra,2025-11-18,Consumer
CUST01953,Customer_01953,Female,58,Pune,Tamil Nadu,2024-09-25,Consumer
CUST01954,Customer_01954,Female,65,Bengaluru,Delhi,2023-07-31,Consumer
CUST01955,Customer_01955,Other,29,Kolkata,Tamil Nadu,2024-11-18,Consumer
CUST01956,Customer_01956,Female,27,Kolkata,Delhi,2023-03-13,Corporate
CUST01957,Customer_01957,Female,23,Kolkata,Telangana,2023-04-20,Consumer
CUST01958,Customer_01958,Male,67,Bengaluru,Tamil Nadu,2023-08-20,Corporate
CUST01959,Customer_01959,Female,51,Chennai,Tamil Nadu,2023-02-12,Consumer
CUST01960,Customer_01960,Female,69,Pune,Tamil Nadu,2023-09-22,Consumer
CUST01961,Customer_01961,Male,58,Kolkata,Gujarat,2023-02-15,Consumer
CUST01962,Customer_01962,Male,36,Bengaluru,Karnataka,2023-08-26,Corporate
CUST01963,Customer_01963,Female,23,Mumbai,Gujarat,2024-08-23,Consumer
CUST01964,Customer_01964,Male,19,Ahmedabad,Delhi,2024-11-21,Consumer
CUST01965,Customer_01965,Female,32,Pune,Delhi,2025-09-02,Consumer
CUST01966,Customer_01966,Female,34,Hyderabad,Delhi,2025-01-12,Consumer
CUST01967,Customer_01967,Male,33,Pune,Karnataka,2024-12-27,Consumer
CUST01968,Customer_01968,Male,45,Mumbai,Delhi,2023-07-19,Consumer
CUST01969,Customer_01969,Male,38,Chennai,Gujarat,2025-10-09,Consumer
CUST01970,Customer_01970,Male,25,Delhi,West Bengal,2024-03-12,Corporate
CUST01971,Customer_01971,Male,27,Delhi,Gujarat,2024-05-08,Consumer
CUST01972,Customer_01972,Female,27,Chennai,West Bengal,2024-12-07,Consumer
CUST01973,Customer_01973,Male,67,Ahmedabad,Tamil Nadu,2023-01-24,Consumer
CUST01974,Customer_01974,Female,27,Mumbai,Maharashtra,2023-09-27,Premium
CUST01975,Customer_01975,Male,26,Bengaluru,West Bengal,2025-02-28,Corporate
CUST01976,Customer_01976,Female,45,Pune,Telangana,2025-01-07,Consumer
CUST01977,Customer_01977,Male,41,Pune,Delhi,2023-05-08,Consumer
CUST01978,Customer_01978,Male,36,Bengaluru,Karnataka,2024-06-26,Consumer
CUST01979,Customer_01979,Female,50,Delhi,West Bengal,2025-12-17,Corporate
CUST01980,Customer_01980,Female,21,Kolkata,Karnataka,2023-11-21,Corporate
CUST01981,Customer_01981,Male,20,Kolkata,Delhi,2024-10-20,Corporate
CUST01982,Customer_01982,Female,59,Chennai,Maharashtra,2023-03-26,Consumer
CUST01983,Customer_01983,Male,29,Kolkata,Gujarat,2025-10-22,Consumer
CUST01984,Customer_01984,Male,35,Chennai,Delhi,2024-03-26,Consumer
CUST01985,Customer_01985,Male,40,Kolkata,Karnataka,2025-09-20,Consumer
CUST01986,Customer_01986,Male,37,Hyderabad,Telangana,2025-11-14,Consumer
CUST01987,Customer_01987,Female,23,Delhi,Maharashtra,2025-11-24,Consumer
CUST01988,Customer_01988,Female,51,Ahmedabad,Delhi,2024-10-30,Consumer
CUST01989,Customer_01989,Male,59,Chennai,West Bengal,2025-08-29,Corporate
CUST01990,Customer_01990,Female,19,Hyderabad,Telangana,2023-12-09,Corporate
CUST01991,Customer_01991,Female,47,Bengaluru,Delhi,2025-09-14,Consumer
CUST01992,Customer_01992,Male,26,Delhi,Maharashtra,2025-08-09,Corporate
CUST01993,Customer_01993,Female,44,Delhi,Karnataka,2024-04-01,Consumer
CUST01994,Customer_01994,Male,59,Chennai,Gujarat,2025-06-17,Corporate
CUST01995,Customer_01995,Female,51,Chennai,West Bengal,2024-02-02,Consumer
CUST01996,Customer_01996,Female,57,Mumbai,Gujarat,2025-06-17,Corporate
CUST01997,Customer_01997,Female,41,Kolkata,Maharashtra,2023-12-09,Consumer
CUST01998,Customer_01998,Male,66,Bengaluru,Tamil Nadu,2025-03-23,Consumer
CUST01999,Customer_01999,Male,34,Bengaluru,Gujarat,2025-07-28,Consumer
CUST02000,Customer_02000,Male,46,Pune,Delhi,2023-02-16,Consumer
CUST02001,Customer_02001,Male,53,Hyderabad,Telangana,2025-07-03,Premium
CUST02002,Customer_02002,Male,67,Ahmedabad,Telangana,2023-06-11,Premium
CUST02003,Customer_02003,Female,29,Hyderabad,West Bengal,2023-10-22,Corporate
CUST02004,Customer_02004,Male,48,Mumbai,Gujarat,2023-04-02,Premium
CUST02005,Customer_02005,Male,66,Pune,Maharashtra,2025-01-19,Consumer
CUST02006,Customer_02006,Female,26,Bengaluru,West Bengal,2024-07-10,Consumer
CUST02007,Customer_02007,Male,36,Kolkata,Maharashtra,2023-11-05,Corporate
CUST02008,Customer_02008,Female,63,Kolkata,Maharashtra,2024-07-22,Consumer
CUST02009,Customer_02009,Male,63,Ahmedabad,Telangana,2023-06-25,Consumer
CUST02010,Customer_02010,Male,34,Kolkata,Karnataka,2025-08-30,Corporate
CUST02011,Customer_02011,Male,19,Kolkata,Telangana,2025-07-26,Consumer
CUST02012,Customer_02012,Male,57,Hyderabad,Karnataka,2025-10-15,Consumer
CUST02013,Customer_02013,Female,22,Bengaluru,West Bengal,2023-08-06,Consumer
CUST02014,Customer_02014,Male,56,Kolkata,West Bengal,2025-03-23,Corporate
CUST02015,Customer_02015,Female,65,Bengaluru,West Bengal,2023-06-13,Corporate
CUST02016,Customer_02016,Male,33,Pune,Maharashtra,2023-02-17,Corporate
CUST02017,Customer_02017,Male,34,Hyderabad,Tamil Nadu,2025-03-11,Premium
CUST02018,Customer_02018,Female,44,Chennai,Telangana,2024-12-18,Consumer
CUST02019,Customer_02019,Male,24,Chennai,Maharashtra,2023-03-25,Consumer
CUST02020,Customer_02020,Female,69,Pune,Telangana,2024-09-04,Consumer
CUST02021,Customer_02021,Female,25,Hyderabad,Maharashtra,2025-12-06,Consumer
CUST02022,Customer_02022,Female,25,Ahmedabad,Telangana,2023-08-22,Consumer
CUST02023,Customer_02023,Female,40,Mumbai,Delhi,2025-08-19,Consumer
CUST02024,Customer_02024,Male,49,Delhi,Telangana,2025-04-27,Consumer
CUST02025,Customer_02025,Male,60,Pune,Delhi,2023-05-27,Consumer
CUST02026,Customer_02026,Male,64,Bengaluru,Karnataka,2023-07-15,Consumer
CUST02027,Customer_02027,Female,35,Pune,Telangana,2025-06-24,Consumer
CUST02028,Customer_02028,Other,55,Delhi,Karnataka,2025-10-10,Consumer
CUST02029,Customer_02029,Male,29,Ahmedabad,Tamil Nadu,2025-11-11,Consumer
CUST02030,Customer_02030,Female,32,Pune,Gujarat,2024-01-21,Consumer
CUST02031,Customer_02031,Male,45,Hyderabad,Gujarat,2023-12-30,Consumer
CUST02032,Customer_02032,Female,55,Bengaluru,Delhi,2023-10-01,Consumer
CUST02033,Customer_02033,Male,67,Delhi,Telangana,2023-07-27,Consumer
CUST02034,Customer_02034,Female,48,Kolkata,Gujarat,2023-10-02,Consumer
CUST02035,Customer_02035,Female,69,Chennai,Karnataka,2025-10-03,Corporate
CUST02036,Customer_02036,Male,26,Mumbai,Gujarat,2024-05-10,Consumer
CUST02037,Customer_02037,Male,25,Pune,Gujarat,2025-06-20,Consumer
CUST02038,Customer_02038,Male,63,Pune,Maharashtra,2023-06-08,Consumer
CUST02039,Customer_02039,Male,36,Delhi,Gujarat,2025-07-28,Corporate
CUST02040,Customer_02040,Male,68,Mumbai,Karnataka,2024-04-04,Premium
CUST02041,Customer_02041,Female,25,Pune,Gujarat,2024-01-29,Consumer
CUST02042,Customer_02042,Female,51,Ahmedabad,Telangana,2025-07-05,Consumer
CUST02043,Customer_02043,Female,21,Chennai,Gujarat,2025-07-31,Consumer
CUST02044,Customer_02044,Male,48,Delhi,Tamil Nadu,2024-03-14,Consumer
CUST02045,Customer_02045,Female,55,Hyderabad,Gujarat,2023-06-13,Consumer
CUST02046,Customer_02046,Female,20,Bengaluru,Delhi,2024-09-30,Premium
CUST02047,Customer_02047,Male,52,Chennai,Maharashtra,2024-07-23,Corporate
CUST02048,Customer_02048,Female,36,Mumbai,West Bengal,2023-05-27,Consumer
CUST02049,Customer_02049,Female,60,Mumbai,Karnataka,2025-09-09,Consumer
CUST02050,Customer_02050,Male,46,Chennai,Gujarat,2025-08-17,Consumer
CUST02051,Customer_02051,Male,27,Kolkata,Gujarat,2025-02-06,Consumer
CUST02052,Customer_02052,Male,29,Hyderabad,Telangana,2023-04-20,Corporate
CUST02053,Customer_02053,Male,63,Pune,West Bengal,2024-01-29,Consumer
CUST02054,Customer_02054,Female,47,Hyderabad,Telangana,2024-03-18,Consumer
CUST02055,Customer_02055,Female,47,Pune,Delhi,2025-01-16,Consumer
CUST02056,Customer_02056,Female,35,Pune,West Bengal,2025-01-23,Consumer
CUST02057,Customer_02057,Male,41,Mumbai,Maharashtra,2023-05-10,Consumer
CUST02058,Customer_02058,Male,49,Pune,Karnataka,2024-05-19,Corporate
CUST02059,Customer_02059,Female,26,Chennai,Karnataka,2024-12-20,Consumer
CUST02060,Customer_02060,Female,64,Kolkata,Karnataka,2023-01-22,Consumer
CUST02061,Customer_02061,Male,41,Pune,Delhi,2025-11-06,Premium
CUST02062,Customer_02062,Female,43,Chennai,Delhi,2025-05-24,Corporate
CUST02063,Customer_02063,Female,20,Bengaluru,Gujarat,2025-04-10,Consumer
CUST02064,Customer_02064,Male,40,Mumbai,Maharashtra,2024-09-25,Consumer
CUST02065,Customer_02065,Male,28,Ahmedabad,Karnataka,2023-10-09,Consumer
CUST02066,Customer_02066,Female,27,Hyderabad,Karnataka,2024-01-08,Consumer
CUST02067,Customer_02067,Male,67,Delhi,Gujarat,2025-10-05,Consumer
CUST02068,Customer_02068,Male,53,Hyderabad,Maharashtra,2023-10-13,Corporate
CUST02069,Customer_02069,Male,30,Hyderabad,West Bengal,2024-02-08,Consumer
CUST02070,Customer_02070,Male,46,Kolkata,Maharashtra,2023-03-31,Consumer
CUST02071,Customer_02071,Female,55,Ahmedabad,Maharashtra,2024-11-26,Consumer
CUST02072,Customer_02072,Female,30,Delhi,Telangana,2025-06-26,Consumer
CUST02073,Customer_02073,Male,43,Kolkata,Maharashtra,2024-09-20,Premium
CUST02074,Customer_02074,Female,37,Ahmedabad,Tamil Nadu,2025-09-28,Consumer
CUST02075,Customer_02075,Female,22,Mumbai,Delhi,2024-03-22,Consumer
CUST02076,Customer_02076,Female,37,Pune,Maharashtra,2023-11-08,Consumer
CUST02077,Customer_02077,Male,31,Bengaluru,Telangana,2023-05-01,Consumer
CUST02078,Customer_02078,Male,62,Hyderabad,West Bengal,2023-11-13,Consumer
CUST02079,Customer_02079,Other,31,Kolkata,Tamil Nadu,2023-05-18,Corporate
CUST02080,Customer_02080,Female,25,Pune,Telangana,2025-03-28,Consumer
CUST02081,Customer_02081,Male,65,Hyderabad,Telangana,2024-01-26,Consumer
CUST02082,Customer_02082,Male,30,Mumbai,Gujarat,2025-10-25,Consumer
CUST02083,Customer_02083,Male,41,Mumbai,Telangana,2025-02-07,Consumer
CUST02084,Customer_02084,Female,32,Chennai,Telangana,2024-01-02,Corporate
CUST02085,Customer_02085,Female,68,Mumbai,Karnataka,2025-04-20,Consumer
CUST02086,Customer_02086,Female,18,Ahmedabad,Delhi,2024-05-06,Consumer
CUST02087,Customer_02087,Male,39,Mumbai,Gujarat,2025-01-27,Consumer
CUST02088,Customer_02088,Female,51,Hyderabad,Gujarat,2024-06-05,Consumer
CUST02089,Customer_02089,Female,67,Bengaluru,Karnataka,2023-07-07,Consumer
CUST02090,Customer_02090,Male,68,Kolkata,Tamil Nadu,2024-02-08,Premium
CUST02091,Customer_02091,Female,57,Hyderabad,Karnataka,2024-03-02,Consumer
CUST02092,Customer_02092,Female,20,Kolkata,Gujarat,2024-02-17,Premium
CUST02093,Customer_02093,Male,43,Pune,Tamil Nadu,2023-06-03,Corporate
CUST02094,Customer_02094,Female,31,Kolkata,Gujarat,2023-07-22,Corporate
CUST02095,Customer_02095,Male,58,Mumbai,Maharashtra,2023-08-05,Consumer
CUST02096,Customer_02096,Female,25,Chennai,Tamil Nadu,2024-04-26,Consumer
CUST02097,Customer_02097,Female,66,Bengaluru,Gujarat,2025-10-21,Corporate
CUST02098,Customer_02098,Female,33,Chennai,Karnataka,2025-02-04,Consumer
CUST02099,Customer_02099,Female,59,Delhi,Gujarat,2024-05-17,Premium
CUST02100,Customer_02100,Male,38,Chennai,Karnataka,2025-03-09,Consumer
CUST02101,Customer_02101,Female,27,Ahmedabad,Tamil Nadu,2025-03-16,Consumer
CUST02102,Customer_02102,Female,42,Chennai,Karnataka,2025-07-31,Corporate
CUST02103,Customer_02103,Male,55,Pune,Tamil Nadu,2025-02-07,Consumer
CUST02104,Customer_02104,Female,39,Mumbai,Telangana,2025-01-31,Premium
CUST02105,Customer_02105,Female,66,Ahmedabad,Delhi,2023-03-29,Consumer
CUST02106,Customer_02106,Male,65,Pune,West Bengal,2024-03-09,Consumer
CUST02107,Customer_02107,Female,64,Mumbai,Tamil Nadu,2024-02-24,Corporate
CUST02108,Customer_02108,Female,63,Ahmedabad,West Bengal,2024-03-04,Consumer
CUST02109,Customer_02109,Male,21,Pune,West Bengal,2023-06-11,Consumer
CUST02110,Customer_02110,Other,21,Mumbai,Telangana,2024-05-21,Consumer
CUST02111,Customer_02111,Male,47,Ahmedabad,Telangana,2023-09-22,Consumer
CUST02112,Customer_02112,Male,19,Ahmedabad,Telangana,2023-04-20,Consumer
CUST02113,Customer_02113,Male,46,Ahmedabad,West Bengal,2025-06-18,Consumer
CUST02114,Customer_02114,Female,60,Kolkata,Telangana,2024-01-29,Consumer
CUST02115,Customer_02115,Female,53,Mumbai,Tamil Nadu,2024-09-11,Consumer
CUST02116,Customer_02116,Male,38,Ahmedabad,West Bengal,2024-11-14,Premium
CUST02117,Customer_02117,Male,38,Mumbai,West Bengal,2024-07-05,Corporate
CUST02118,Customer_02118,Female,65,Chennai,Karnataka,2025-03-14,Consumer
CUST02119,Customer_02119,Male,38,Delhi,Telangana,2025-11-24,Corporate
CUST02120,Customer_02120,Female,21,Mumbai,Maharashtra,2024-12-22,Corporate
CUST02121,Customer_02121,Female,18,Delhi,Telangana,2023-01-31,Consumer
CUST02122,Customer_02122,Female,43,Delhi,Karnataka,2025-03-27,Corporate
CUST02123,Customer_02123,Female,68,Hyderabad,Karnataka,2023-04-16,Consumer
CUST02124,Customer_02124,Male,19,Hyderabad,Delhi,2025-10-13,Corporate
CUST02125,Customer_02125,Other,26,Bengaluru,Delhi,2025-11-19,Corporate
CUST02126,Customer_02126,Female,62,Kolkata,West Bengal,2025-03-04,Corporate
CUST02127,Customer_02127,Female,35,Ahmedabad,Telangana,2023-06-10,Consumer
CUST02128,Customer_02128,Male,65,Ahmedabad,Telangana,2023-07-15,Consumer
CUST02129,Customer_02129,Female,65,Ahmedabad,Gujarat,2024-08-30,Consumer
CUST02130,Customer_02130,Male,59,Pune,West Bengal,2023-12-04,Consumer
CUST02131,Customer_02131,Male,58,Hyderabad,Gujarat,2025-02-28,Consumer
CUST02132,Customer_02132,Male,28,Mumbai,Delhi,2024-03-22,Consumer
CUST02133,Customer_02133,Female,42,Delhi,Telangana,2023-12-03,Consumer
CUST02134,Customer_02134,Female,43,Pune,Gujarat,2023-05-12,Consumer
CUST02135,Customer_02135,Female,53,Ahmedabad,Maharashtra,2023-09-06,Consumer
CUST02136,Customer_02136,Female,59,Bengaluru,Tamil Nadu,2024-05-13,Consumer
CUST02137,Customer_02137,Male,52,Ahmedabad,Delhi,2023-03-04,Consumer
CUST02138,Customer_02138,Female,55,Hyderabad,Delhi,2025-03-29,Consumer
CUST02139,Customer_02139,Male,20,Chennai,Karnataka,2023-09-14,Consumer
CUST02140,Customer_02140,Female,58,Kolkata,Telangana,2024-04-11,Corporate
CUST02141,Customer_02141,Female,52,Pune,Delhi,2025-04-28,Corporate
CUST02142,Customer_02142,Female,67,Bengaluru,Delhi,2023-12-27,Consumer
CUST02143,Customer_02143,Female,57,Mumbai,Gujarat,2025-05-29,Consumer
CUST02144,Customer_02144,Male,39,Pune,Maharashtra,2023-06-28,Corporate
CUST02145,Customer_02145,Male,25,Delhi,West Bengal,2025-08-06,Corporate
CUST02146,Customer_02146,Female,32,Mumbai,Telangana,2024-05-13,Consumer
CUST02147,Customer_02147,Male,62,Mumbai,Tamil Nadu,2024-11-07,Consumer
CUST02148,Customer_02148,Male,24,Pune,Maharashtra,2023-10-19,Consumer
CUST02149,Customer_02149,Female,36,Ahmedabad,Tamil Nadu,2024-08-10,Consumer
CUST02150,Customer_02150,Female,57,Chennai,Karnataka,2025-03-28,Corporate
CUST02151,Customer_02151,Male,59,Chennai,Delhi,2023-04-09,Consumer
CUST02152,Customer_02152,Male,34,Ahmedabad,Gujarat,2023-06-30,Corporate
CUST02153,Customer_02153,Female,18,Pune,Maharashtra,2025-08-10,Consumer
CUST02154,Customer_02154,Female,62,Ahmedabad,Tamil Nadu,2024-01-09,Consumer
CUST02155,Customer_02155,Male,46,Pune,Telangana,2024-09-15,Consumer
CUST02156,Customer_02156,Male,30,Pune,Karnataka,2023-09-10,Consumer
CUST02157,Customer_02157,Male,65,Kolkata,West Bengal,2025-05-12,Consumer
CUST02158,Customer_02158,Male,46,Kolkata,Karnataka,2023-05-02,Consumer
CUST02159,Customer_02159,Male,58,Delhi,Delhi,2024-03-17,Consumer
CUST02160,Customer_02160,Female,59,Hyderabad,Delhi,2023-09-02,Consumer
CUST02161,Customer_02161,Female,23,Mumbai,Tamil Nadu,2025-05-20,Consumer
CUST02162,Customer_02162,Female,22,Pune,Tamil Nadu,2025-04-06,Corporate
CUST02163,Customer_02163,Male,51,Kolkata,Karnataka,2025-12-05,Consumer
CUST02164,Customer_02164,Female,28,Hyderabad,Tamil Nadu,2024-03-27,Consumer
CUST02165,Customer_02165,Male,26,Delhi,Delhi,2023-10-23,Consumer
CUST02166,Customer_02166,Female,55,Mumbai,Karnataka,2025-12-25,Corporate
CUST02167,Customer_02167,Female,57,Hyderabad,Karnataka,2024-04-27,Corporate
CUST02168,Customer_02168,Male,58,Mumbai,West Bengal,2023-11-05,Consumer
CUST02169,Customer_02169,Female,26,Ahmedabad,Telangana,2024-08-15,Consumer
CUST02170,Customer_02170,Male,25,Chennai,Telangana,2025-10-15,Consumer
CUST02171,Customer_02171,Female,61,Pune,Tamil Nadu,2024-02-02,Consumer
CUST02172,Customer_02172,Male,57,Ahmedabad,Tamil Nadu,2024-04-13,Consumer
CUST02173,Customer_02173,Male,20,Chennai,Delhi,2024-09-08,Corporate
CUST02174,Customer_02174,Female,30,Bengaluru,Delhi,2024-01-27,Consumer
CUST02175,Customer_02175,Male,36,Delhi,Telangana,2023-04-07,Consumer
CUST02176,Customer_02176,Female,51,Pune,Karnataka,2025-07-29,Consumer
CUST02177,Customer_02177,Male,49,Ahmedabad,Maharashtra,2025-05-09,Consumer
CUST02178,Customer_02178,Female,66,Hyderabad,Gujarat,2023-07-14,Corporate
CUST02179,Customer_02179,Female,33,Mumbai,Gujarat,2025-08-15,Premium
CUST02180,Customer_02180,Female,53,Kolkata,West Bengal,2023-03-24,Consumer
CUST02181,Customer_02181,Male,35,Bengaluru,Maharashtra,2023-09-08,Consumer
CUST02182,Customer_02182,Male,31,Delhi,West Bengal,2025-12-29,Consumer
CUST02183,Customer_02183,Male,47,Delhi,Tamil Nadu,2023-12-06,Corporate
CUST02184,Customer_02184,Male,19,Delhi,Gujarat,2024-11-30,Consumer
CUST02185,Customer_02185,Female,30,Hyderabad,West Bengal,2023-04-10,Consumer
CUST02186,Customer_02186,Female,44,Ahmedabad,Gujarat,2025-01-02,Corporate
CUST02187,Customer_02187,Female,69,Pune,Maharashtra,2023-11-19,Corporate
CUST02188,Customer_02188,Female,34,Chennai,West Bengal,2023-01-10,Consumer
CUST02189,Customer_02189,Female,48,Bengaluru,Maharashtra,2025-10-09,Corporate
CUST02190,Customer_02190,Female,32,Ahmedabad,Telangana,2025-12-05,Consumer
CUST02191,Customer_02191,Male,37,Hyderabad,Karnataka,2025-03-16,Consumer
CUST02192,Customer_02192,Female,22,Mumbai,Delhi,2025-06-26,Premium
CUST02193,Customer_02193,Female,24,Hyderabad,Telangana,2025-11-20,Consumer
CUST02194,Customer_02194,Female,35,Mumbai,Gujarat,2023-05-10,Corporate
CUST02195,Customer_02195,Male,28,Mumbai,Delhi,2025-11-14,Corporate
CUST02196,Customer_02196,Male,49,Delhi,Telangana,2024-07-17,Corporate
CUST02197,Customer_02197,Male,67,Hyderabad,Telangana,2023-05-29,Premium
CUST02198,Customer_02198,Female,44,Chennai,Maharashtra,2024-08-01,Consumer
CUST02199,Customer_02199,Female,43,Mumbai,Delhi,2025-10-16,Consumer
CUST02200,Customer_02200,Male,54,Kolkata,Telangana,2023-04-29,Consumer
CUST02201,Customer_02201,Female,62,Delhi,Maharashtra,2023-08-16,Premium
CUST02202,Customer_02202,Male,45,Chennai,Tamil Nadu,2024-09-06,Consumer
CUST02203,Customer_02203,Male,67,Ahmedabad,Delhi,2023-08-28,Corporate
CUST02204,Customer_02204,Male,19,Ahmedabad,West Bengal,2025-07-01,Corporate
CUST02205,Customer_02205,Female,37,Ahmedabad,Telangana,2025-08-23,Consumer
CUST02206,Customer_02206,Female,21,Hyderabad,Gujarat,2023-06-08,Consumer
CUST02207,Customer_02207,Male,30,Chennai,Tamil Nadu,2024-07-16,Consumer
CUST02208,Customer_02208,Female,41,Hyderabad,Maharashtra,2024-04-20,Consumer
CUST02209,Customer_02209,Male,65,Mumbai,Telangana,2024-07-01,Corporate
CUST02210,Customer_02210,Female,55,Ahmedabad,Gujarat,2025-11-02,Consumer
CUST02211,Customer_02211,Female,57,Bengaluru,Maharashtra,2025-05-02,Premium
CUST02212,Customer_02212,Female,65,Bengaluru,Maharashtra,2023-08-06,Consumer
CUST02213,Customer_02213,Male,62,Ahmedabad,West Bengal,2025-01-24,Consumer
CUST02214,Customer_02214,Female,46,Pune,Gujarat,2025-01-04,Consumer
CUST02215,Customer_02215,Female,53,Pune,Maharashtra,2025-09-17,Corporate
CUST02216,Customer_02216,Male,19,Mumbai,Delhi,2025-02-19,Consumer
CUST02217,Customer_02217,Female,58,Chennai,West Bengal,2023-08-10,Corporate
CUST02218,Customer_02218,Male,35,Hyderabad,Tamil Nadu,2023-10-15,Consumer
CUST02219,Customer_02219,Female,66,Ahmedabad,West Bengal,2024-06-07,Consumer
CUST02220,Customer_02220,Male,25,Bengaluru,Tamil Nadu,2024-11-29,Consumer
CUST02221,Customer_02221,Female,32,Ahmedabad,Karnataka,2024-11-11,Consumer
CUST02222,Customer_02222,Female,58,Hyderabad,West Bengal,2023-11-20,Consumer
CUST02223,Customer_02223,Male,34,Mumbai,West Bengal,2024-09-09,Consumer
CUST02224,Customer_02224,Male,40,Chennai,Telangana,2025-05-10,Consumer
CUST02225,Customer_02225,Male,19,Kolkata,West Bengal,2023-02-10,Consumer
CUST02226,Customer_02226,Male,23,Hyderabad,Maharashtra,2024-01-28,Consumer
CUST02227,Customer_02227,Male,46,Ahmedabad,Telangana,2023-07-22,Consumer
CUST02228,Customer_02228,Female,44,Chennai,Tamil Nadu,2025-05-02,Corporate
CUST02229,Customer_02229,Male,54,Kolkata,Tamil Nadu,2025-02-12,Consumer
CUST02230,Customer_02230,Male,66,Bengaluru,Maharashtra,2025-02-20,Consumer
CUST02231,Customer_02231,Female,51,Hyderabad,Delhi,2023-02-04,Corporate
CUST02232,Customer_02232,Male,35,Delhi,Gujarat,2023-02-22,Consumer
CUST02233,Customer_02233,Female,59,Bengaluru,Maharashtra,2024-05-17,Consumer
CUST02234,Customer_02234,Female,27,Chennai,Maharashtra,2023-05-30,Consumer
CUST02235,Customer_02235,Female,55,Mumbai,Karnataka,2024-03-12,Corporate
CUST02236,Customer_02236,Female,61,Delhi,Gujarat,2024-03-25,Consumer
CUST02237,Customer_02237,Female,34,Pune,West Bengal,2024-06-08,Consumer
CUST02238,Customer_02238,Male,30,Hyderabad,Delhi,2023-09-24,Consumer
CUST02239,Customer_02239,Male,69,Ahmedabad,Telangana,2023-03-27,Consumer
CUST02240,Customer_02240,Male,65,Pune,Gujarat,2023-11-05,Premium
CUST02241,Customer_02241,Female,59,Bengaluru,Delhi,2023-09-22,Corporate
CUST02242,Customer_02242,Male,44,Ahmedabad,Maharashtra,2024-05-06,Consumer
CUST02243,Customer_02243,Female,19,Hyderabad,Maharashtra,2025-11-06,Consumer
CUST02244,Customer_02244,Other,51,Hyderabad,Maharashtra,2024-06-05,Consumer
CUST02245,Customer_02245,Female,48,Delhi,Maharashtra,2025-05-27,Premium
CUST02246,Customer_02246,Female,40,Delhi,Maharashtra,2023-04-04,Consumer
CUST02247,Customer_02247,Male,24,Delhi,Gujarat,2023-02-03,Corporate
CUST02248,Customer_02248,Female,55,Delhi,West Bengal,2025-03-11,Consumer
CUST02249,Customer_02249,Female,50,Mumbai,Gujarat,2024-02-20,Corporate
CUST02250,Customer_02250,Male,29,Ahmedabad,West Bengal,2024-06-07,Consumer
CUST02251,Customer_02251,Male,62,Ahmedabad,Gujarat,2023-08-21,Consumer
CUST02252,Customer_02252,Female,29,Chennai,Delhi,2024-08-27,Consumer
CUST02253,Customer_02253,Female,36,Delhi,Maharashtra,2023-04-17,Premium
CUST02254,Customer_02254,Female,26,Bengaluru,Tamil Nadu,2024-06-05,Consumer
CUST02255,Customer_02255,Female,27,Ahmedabad,Gujarat,2024-09-28,Consumer
CUST02256,Customer_02256,Female,34,Hyderabad,Tamil Nadu,2025-02-25,Corporate
CUST02257,Customer_02257,Female,67,Pune,Karnataka,2025-10-15,Corporate
CUST02258,Customer_02258,Male,57,Delhi,Telangana,2023-12-07,Corporate
CUST02259,Customer_02259,Male,56,Bengaluru,Gujarat,2024-11-27,Consumer
CUST02260,Customer_02260,Male,58,Mumbai,Tamil Nadu,2023-02-28,Premium
CUST02261,Customer_02261,Female,27,Bengaluru,Karnataka,2024-08-08,Corporate
CUST02262,Customer_02262,Female,29,Pune,Delhi,2023-08-31,Corporate
CUST02263,Customer_02263,Female,32,Pune,Telangana,2023-08-16,Premium
CUST02264,Customer_02264,Male,48,Bengaluru,West Bengal,2024-07-13,Consumer
CUST02265,Customer_02265,Female,32,Mumbai,Maharashtra,2024-06-01,Consumer
CUST02266,Customer_02266,Female,45,Ahmedabad,Gujarat,2024-07-08,Consumer
CUST02267,Customer_02267,Female,21,Pune,Gujarat,2023-05-07,Corporate
CUST02268,Customer_02268,Female,53,Mumbai,Maharashtra,2023-12-01,Consumer
CUST02269,Customer_02269,Male,18,Hyderabad,West Bengal,2025-01-27,Consumer
CUST02270,Customer_02270,Female,61,Delhi,Delhi,2023-05-01,Corporate
CUST02271,Customer_02271,Male,51,Pune,Telangana,2024-12-01,Consumer
CUST02272,Customer_02272,Male,64,Bengaluru,Gujarat,2023-08-30,Corporate
CUST02273,Customer_02273,Male,34,Ahmedabad,Tamil Nadu,2023-03-19,Corporate
CUST02274,Customer_02274,Female,56,Chennai,West Bengal,2024-03-25,Consumer
CUST02275,Customer_02275,Female,55,Chennai,Telangana,2023-09-22,Premium
CUST02276,Customer_02276,Female,61,Kolkata,Karnataka,2024-11-12,Consumer
CUST02277,Customer_02277,Female,68,Hyderabad,West Bengal,2023-10-22,Consumer
CUST02278,Customer_02278,Female,50,Chennai,Gujarat,2025-08-22,Premium
CUST02279,Customer_02279,Female,38,Hyderabad,Delhi,2025-06-08,Corporate
CUST02280,Customer_02280,Male,43,Ahmedabad,West Bengal,2023-09-04,Consumer
CUST02281,Customer_02281,Male,63,Delhi,Tamil Nadu,2024-02-28,Consumer
CUST02282,Customer_02282,Male,53,Kolkata,Telangana,2025-12-18,Premium
CUST02283,Customer_02283,Male,22,Hyderabad,West Bengal,2025-04-12,Consumer
CUST02284,Customer_02284,Male,50,Mumbai,Telangana,2023-01-11,Consumer
CUST02285,Customer_02285,Male,18,Mumbai,Tamil Nadu,2023-12-13,Corporate
CUST02286,Customer_02286,Male,23,Kolkata,Karnataka,2025-05-01,Consumer
CUST02287,Customer_02287,Female,54,Ahmedabad,Karnataka,2025-10-25,Consumer
CUST02288,Customer_02288,Male,19,Ahmedabad,West Bengal,2023-09-02,Consumer
CUST02289,Customer_02289,Male,22,Mumbai,Telangana,2023-09-06,Premium
CUST02290,Customer_02290,Male,43,Pune,Maharashtra,2025-08-02,Consumer
CUST02291,Customer_02291,Female,58,Mumbai,Tamil Nadu,2024-03-10,Consumer
CUST02292,Customer_02292,Male,68,Mumbai,Gujarat,2023-04-15,Corporate
CUST02293,Customer_02293,Male,64,Ahmedabad,West Bengal,2023-08-30,Consumer
CUST02294,Customer_02294,Female,30,Mumbai,Karnataka,2024-06-02,Consumer
CUST02295,Customer_02295,Male,29,Mumbai,Gujarat,2024-12-29,Consumer
CUST02296,Customer_02296,Male,22,Pune,Karnataka,2025-12-03,Corporate
CUST02297,Customer_02297,Male,19,Mumbai,Karnataka,2025-11-15,Consumer
CUST02298,Customer_02298,Male,21,Mumbai,Delhi,2023-06-30,Consumer
CUST02299,Customer_02299,Male,44,Delhi,West Bengal,2024-08-26,Consumer
CUST02300,Customer_02300,Male,67,Ahmedabad,Gujarat,2024-03-03,Consumer
CUST02301,Customer_02301,Female,27,Ahmedabad,Maharashtra,2023-09-25,Premium
CUST02302,Customer_02302,Female,30,Pune,Karnataka,2025-05-07,Consumer
CUST02303,Customer_02303,Female,61,Mumbai,Maharashtra,2024-08-02,Corporate
CUST02304,Customer_02304,Male,19,Hyderabad,Telangana,2025-05-25,Corporate
CUST02305,Customer_02305,Female,43,Kolkata,Telangana,2023-05-31,Corporate
CUST02306,Customer_02306,Male,32,Ahmedabad,Delhi,2024-08-22,Consumer
CUST02307,Customer_02307,Male,63,Delhi,Maharashtra,2023-04-05,Consumer
CUST02308,Customer_02308,Female,27,Pune,Tamil Nadu,2024-01-17,Premium
CUST02309,Customer_02309,Male,39,Chennai,Delhi,2024-05-29,Consumer
CUST02310,Customer_02310,Male,57,Bengaluru,Karnataka,2025-07-18,Corporate
CUST02311,Customer_02311,Female,42,Pune,Telangana,2023-07-18,Consumer
CUST02312,Customer_02312,Female,32,Kolkata,West Bengal,2023-01-08,Consumer
CUST02313,Customer_02313,Female,30,Delhi,Telangana,2025-03-15,Consumer
CUST02314,Customer_02314,Female,25,Mumbai,Tamil Nadu,2023-11-23,Consumer
CUST02315,Customer_02315,Other,38,Delhi,Delhi,2025-05-20,Premium
CUST02316,Customer_02316,Male,38,Bengaluru,Maharashtra,2025-11-10,Corporate
CUST02317,Customer_02317,Male,39,Bengaluru,West Bengal,2023-09-12,Premium
CUST02318,Customer_02318,Male,63,Pune,Telangana,2025-11-16,Consumer
CUST02319,Customer_02319,Male,50,Mumbai,Karnataka,2024-06-03,Consumer
CUST02320,Customer_02320,Male,62,Mumbai,Tamil Nadu,2025-07-18,Consumer
CUST02321,Customer_02321,Female,44,Hyderabad,Tamil Nadu,2024-06-13,Corporate
CUST02322,Customer_02322,Female,57,Bengaluru,Gujarat,2025-08-04,Consumer
CUST02323,Customer_02323,Female,67,Mumbai,Tamil Nadu,2024-05-14,Corporate
CUST02324,Customer_02324,Male,39,Bengaluru,Karnataka,2024-05-24,Consumer
CUST02325,Customer_02325,Female,47,Ahmedabad,Tamil Nadu,2024-02-28,Corporate
CUST02326,Customer_02326,Female,26,Hyderabad,Maharashtra,2023-05-30,Corporate
CUST02327,Customer_02327,Female,62,Chennai,Gujarat,2024-10-29,Corporate
CUST02328,Customer_02328,Male,52,Bengaluru,Maharashtra,2025-08-03,Consumer
CUST02329,Customer_02329,Female,35,Ahmedabad,West Bengal,2025-12-06,Consumer
CUST02330,Customer_02330,Male,59,Ahmedabad,Delhi,2023-11-08,Consumer
CUST02331,Customer_02331,Male,22,Ahmedabad,Delhi,2023-05-19,Consumer
CUST02332,Customer_02332,Male,44,Hyderabad,West Bengal,2025-07-10,Premium
CUST02333,Customer_02333,Female,23,Hyderabad,West Bengal,2023-01-14,Consumer
CUST02334,Customer_02334,Female,49,Kolkata,Maharashtra,2025-02-09,Corporate
CUST02335,Customer_02335,Male,25,Hyderabad,Karnataka,2023-07-04,Consumer
CUST02336,Customer_02336,Male,56,Delhi,Gujarat,2023-04-20,Consumer
CUST02337,Customer_02337,Male,38,Pune,Delhi,2025-01-12,Consumer
CUST02338,Customer_02338,Male,35,Mumbai,Tamil Nadu,2023-10-08,Consumer
CUST02339,Customer_02339,Male,31,Bengaluru,West Bengal,2024-06-26,Consumer
CUST02340,Customer_02340,Male,32,Pune,Maharashtra,2023-03-27,Consumer
CUST02341,Customer_02341,Female,59,Delhi,Telangana,2023-05-18,Corporate
CUST02342,Customer_02342,Male,43,Bengaluru,Karnataka,2023-03-18,Consumer
CUST02343,Customer_02343,Male,61,Pune,Karnataka,2025-09-01,Corporate
CUST02344,Customer_02344,Male,49,Delhi,Maharashtra,2025-02-14,Consumer
CUST02345,Customer_02345,Female,56,Ahmedabad,Telangana,2025-10-13,Corporate
CUST02346,Customer_02346,Female,45,Mumbai,Karnataka,2023-04-07,Consumer
CUST02347,Customer_02347,Female,56,Hyderabad,Gujarat,2025-09-21,Consumer
CUST02348,Customer_02348,Male,60,Pune,Delhi,2025-03-08,Corporate
CUST02349,Customer_02349,Female,49,Ahmedabad,Gujarat,2025-10-29,Consumer
CUST02350,Customer_02350,Male,30,Pune,Telangana,2023-03-24,Corporate
CUST02351,Customer_02351,Female,32,Ahmedabad,Gujarat,2023-02-16,Consumer
CUST02352,Customer_02352,Female,35,Bengaluru,Tamil Nadu,2024-03-05,Corporate
CUST02353,Customer_02353,Female,56,Hyderabad,West Bengal,2024-05-27,Consumer
CUST02354,Customer_02354,Female,23,Kolkata,West Bengal,2024-05-27,Consumer
CUST02355,Customer_02355,Female,28,Mumbai,Delhi,2024-10-19,Premium
CUST02356,Customer_02356,Male,49,Ahmedabad,Telangana,2024-11-03,Consumer
CUST02357,Customer_02357,Female,57,Bengaluru,Maharashtra,2024-10-08,Consumer
CUST02358,Customer_02358,Male,37,Chennai,Karnataka,2025-03-08,Consumer
CUST02359,Customer_02359,Female,50,Chennai,Delhi,2023-03-18,Corporate
CUST02360,Customer_02360,Male,57,Chennai,Maharashtra,2023-03-22,Consumer
CUST02361,Customer_02361,Male,25,Mumbai,Telangana,2024-07-07,Corporate
CUST02362,Customer_02362,Male,68,Ahmedabad,Tamil Nadu,2024-09-27,Corporate
CUST02363,Customer_02363,Male,52,Chennai,Karnataka,2025-01-11,Consumer
CUST02364,Customer_02364,Male,22,Pune,Karnataka,2025-04-25,Consumer
CUST02365,Customer_02365,Female,52,Kolkata,Delhi,2023-04-17,Consumer
CUST02366,Customer_02366,Male,64,Bengaluru,Maharashtra,2025-08-22,Corporate
CUST02367,Customer_02367,Male,31,Kolkata,West Bengal,2024-11-16,Consumer
CUST02368,Customer_02368,Female,38,Kolkata,Telangana,2025-07-29,Consumer
CUST02369,Customer_02369,Male,64,Kolkata,Telangana,2023-11-08,Consumer
CUST02370,Customer_02370,Female,41,Pune,Maharashtra,2024-08-21,Consumer
CUST02371,Customer_02371,Female,34,Chennai,Karnataka,2024-11-14,Consumer
CUST02372,Customer_02372,Female,35,Kolkata,Maharashtra,2024-09-24,Premium
CUST02373,Customer_02373,Female,51,Ahmedabad,Gujarat,2024-10-29,Corporate
CUST02374,Customer_02374,Male,29,Kolkata,West Bengal,2024-08-21,Consumer
CUST02375,Customer_02375,Female,33,Bengaluru,Telangana,2024-02-19,Premium
CUST02376,Customer_02376,Male,21,Ahmedabad,Maharashtra,2025-02-10,Premium
CUST02377,Customer_02377,Male,42,Pune,Karnataka,2024-01-19,Consumer
CUST02378,Customer_02378,Female,51,Mumbai,Delhi,2025-11-21,Consumer
CUST02379,Customer_02379,Male,45,Hyderabad,Gujarat,2024-06-23,Corporate
CUST02380,Customer_02380,Female,63,Pune,Karnataka,2024-05-01,Premium
CUST02381,Customer_02381,Female,28,Delhi,Tamil Nadu,2023-09-21,Corporate
CUST02382,Customer_02382,Female,30,Chennai,Tamil Nadu,2023-01-30,Consumer
CUST02383,Customer_02383,Female,48,Delhi,Maharashtra,2025-06-17,Consumer
CUST02384,Customer_02384,Male,42,Ahmedabad,West Bengal,2023-05-10,Consumer
CUST02385,Customer_02385,Male,56,Hyderabad,West Bengal,2025-12-29,Consumer
CUST02386,Customer_02386,Female,27,Mumbai,Karnataka,2023-04-29,Consumer
CUST02387,Customer_02387,Male,41,Pune,Karnataka,2023-11-23,Consumer
CUST02388,Customer_02388,Female,18,Mumbai,Telangana,2025-12-29,Consumer
CUST02389,Customer_02389,Female,42,Hyderabad,Delhi,2023-07-27,Consumer
CUST02390,Customer_02390,Female,45,Delhi,Gujarat,2023-04-01,Premium
CUST02391,Customer_02391,Male,53,Pune,Karnataka,2023-04-30,Consumer
CUST02392,Customer_02392,Male,35,Chennai,Gujarat,2025-09-08,Consumer
CUST02393,Customer_02393,Male,23,Bengaluru,Maharashtra,2023-07-26,Consumer
CUST02394,Customer_02394,Male,19,Kolkata,Telangana,2024-02-10,Consumer
CUST02395,Customer_02395,Female,20,Mumbai,West Bengal,2025-02-06,Corporate
CUST02396,Customer_02396,Male,63,Ahmedabad,Gujarat,2024-06-30,Corporate
CUST02397,Customer_02397,Male,25,Hyderabad,Gujarat,2023-05-04,Consumer
CUST02398,Customer_02398,Male,48,Pune,Gujarat,2023-04-22,Corporate
CUST02399,Customer_02399,Female,65,Ahmedabad,Gujarat,2025-10-06,Consumer
CUST02400,Customer_02400,Female,36,Delhi,Gujarat,2025-09-09,Consumer
CUST02401,Customer_02401,Male,67,Chennai,West Bengal,2024-09-05,Consumer
CUST02402,Customer_02402,Male,23,Ahmedabad,Telangana,2025-08-02,Premium
CUST02403,Customer_02403,Male,31,Delhi,Maharashtra,2024-12-06,Consumer
CUST02404,Customer_02404,Male,20,Chennai,Gujarat,2023-05-27,Consumer
CUST02405,Customer_02405,Female,65,Pune,Gujarat,2023-05-12,Consumer
CUST02406,Customer_02406,Female,18,Bengaluru,Maharashtra,2025-01-01,Consumer
CUST02407,Customer_02407,Male,61,Bengaluru,Karnataka,2025-04-29,Corporate
CUST02408,Customer_02408,Male,47,Ahmedabad,Karnataka,2023-04-14,Consumer
CUST02409,Customer_02409,Other,63,Kolkata,West Bengal,2024-07-06,Consumer
CUST02410,Customer_02410,Male,36,Ahmedabad,Telangana,2024-07-21,Corporate
CUST02411,Customer_02411,Female,36,Hyderabad,Telangana,2025-01-31,Consumer
CUST02412,Customer_02412,Male,26,Hyderabad,Delhi,2025-07-15,Premium
CUST02413,Customer_02413,Male,24,Chennai,Telangana,2024-10-23,Consumer
CUST02414,Customer_02414,Male,63,Chennai,West Bengal,2025-08-01,Consumer
CUST02415,Customer_02415,Female,54,Chennai,Maharashtra,2025-04-27,Consumer
CUST02416,Customer_02416,Female,67,Ahmedabad,Gujarat,2025-06-14,Premium
CUST02417,Customer_02417,Male,58,Chennai,Maharashtra,2023-06-18,Consumer
CUST02418,Customer_02418,Male,24,Kolkata,West Bengal,2024-07-10,Premium
CUST02419,Customer_02419,Male,26,Ahmedabad,Delhi,2025-09-11,Corporate
CUST02420,Customer_02420,Male,21,Pune,Tamil Nadu,2024-06-03,Corporate
CUST02421,Customer_02421,Male,42,Pune,West Bengal,2023-04-17,Premium
CUST02422,Customer_02422,Male,66,Bengaluru,West Bengal,2025-06-03,Consumer
CUST02423,Customer_02423,Female,29,Hyderabad,Tamil Nadu,2024-10-19,Consumer
CUST02424,Customer_02424,Male,23,Kolkata,Maharashtra,2023-01-31,Consumer
CUST02425,Customer_02425,Male,35,Hyderabad,Tamil Nadu,2023-09-04,Corporate
CUST02426,Customer_02426,Female,57,Mumbai,West Bengal,2025-07-14,Consumer
CUST02427,Customer_02427,Male,38,Hyderabad,West Bengal,2023-01-24,Corporate
CUST02428,Customer_02428,Female,32,Hyderabad,Tamil Nadu,2024-05-12,Corporate
CUST02429,Customer_02429,Male,20,Delhi,West Bengal,2025-05-03,Consumer
CUST02430,Customer_02430,Female,19,Delhi,Delhi,2023-10-31,Consumer
CUST02431,Customer_02431,Female,58,Kolkata,West Bengal,2023-11-12,Corporate
CUST02432,Customer_02432,Female,57,Mumbai,West Bengal,2023-10-05,Consumer
CUST02433,Customer_02433,Other,21,Chennai,Gujarat,2024-06-25,Premium
CUST02434,Customer_02434,Male,49,Mumbai,Telangana,2025-02-27,Consumer
CUST02435,Customer_02435,Female,19,Mumbai,Telangana,2023-12-22,Corporate
CUST02436,Customer_02436,Male,63,Bengaluru,Tamil Nadu,2023-09-07,Consumer
CUST02437,Customer_02437,Male,46,Pune,Karnataka,2023-04-13,Corporate
CUST02438,Customer_02438,Male,19,Hyderabad,Delhi,2023-02-04,Consumer
CUST02439,Customer_02439,Female,51,Bengaluru,Gujarat,2024-06-15,Consumer
CUST02440,Customer_02440,Male,44,Kolkata,Gujarat,2024-07-12,Consumer
CUST02441,Customer_02441,Female,56,Pune,Tamil Nadu,2025-12-12,Premium
CUST02442,Customer_02442,Female,61,Kolkata,Karnataka,2025-02-23,Consumer
CUST02443,Customer_02443,Female,55,Hyderabad,Karnataka,2023-01-18,Premium
CUST02444,Customer_02444,Female,35,Kolkata,Gujarat,2023-06-01,Consumer
CUST02445,Customer_02445,Male,53,Mumbai,Delhi,2025-10-12,Consumer
CUST02446,Customer_02446,Male,36,Ahmedabad,Telangana,2025-05-22,Consumer
CUST02447,Customer_02447,Male,44,Hyderabad,Gujarat,2024-07-02,Corporate
CUST02448,Customer_02448,Male,62,Chennai,West Bengal,2024-01-14,Corporate
CUST02449,Customer_02449,Male,37,Chennai,Gujarat,2024-04-02,Consumer
CUST02450,Customer_02450,Male,38,Mumbai,West Bengal,2023-12-19,Premium
CUST02451,Customer_02451,Male,40,Kolkata,Maharashtra,2024-01-11,Consumer
CUST02452,Customer_02452,Female,47,Delhi,Karnataka,2023-07-27,Consumer
CUST02453,Customer_02453,Female,42,Chennai,Maharashtra,2024-04-04,Consumer
CUST02454,Customer_02454,Male,48,Mumbai,Maharashtra,2024-06-13,Consumer
CUST02455,Customer_02455,Female,44,Bengaluru,Delhi,2024-04-29,Consumer
CUST02456,Customer_02456,Male,51,Delhi,Gujarat,2023-05-02,Consumer
CUST02457,Customer_02457,Male,25,Chennai,Telangana,2025-03-04,Corporate
CUST02458,Customer_02458,Female,36,Ahmedabad,West Bengal,2023-09-08,Consumer
CUST02459,Customer_02459,Male,58,Mumbai,West Bengal,2023-02-16,Corporate
CUST02460,Customer_02460,Male,43,Mumbai,Delhi,2025-06-14,Consumer
CUST02461,Customer_02461,Other,45,Bengaluru,Karnataka,2023-09-02,Consumer
CUST02462,Customer_02462,Female,21,Ahmedabad,Telangana,2024-12-24,Consumer
CUST02463,Customer_02463,Female,48,Bengaluru,Gujarat,2023-08-06,Corporate
CUST02464,Customer_02464,Female,33,Delhi,Tamil Nadu,2025-02-01,Consumer
CUST02465,Customer_02465,Female,68,Pune,Telangana,2024-08-26,Consumer
CUST02466,Customer_02466,Male,27,Chennai,West Bengal,2023-10-17,Consumer
CUST02467,Customer_02467,Male,55,Mumbai,Delhi,2024-08-24,Consumer
CUST02468,Customer_02468,Male,65,Delhi,Delhi,2025-09-22,Premium
CUST02469,Customer_02469,Male,27,Kolkata,Maharashtra,2024-11-26,Premium
CUST02470,Customer_02470,Female,62,Delhi,Gujarat,2024-09-01,Consumer
CUST02471,Customer_02471,Male,26,Kolkata,Tamil Nadu,2023-11-02,Consumer
CUST02472,Customer_02472,Female,56,Bengaluru,Gujarat,2024-06-19,Corporate
CUST02473,Customer_02473,Female,53,Mumbai,Telangana,2025-01-26,Consumer
CUST02474,Customer_02474,Female,68,Hyderabad,Tamil Nadu,2025-10-10,Corporate
CUST02475,Customer_02475,Female,53,Pune,Gujarat,2023-12-20,Consumer
CUST02476,Customer_02476,Female,36,Pune,Maharashtra,2025-01-04,Consumer
CUST02477,Customer_02477,Male,36,Bengaluru,Tamil Nadu,2023-08-23,Consumer
CUST02478,Customer_02478,Female,29,Kolkata,Tamil Nadu,2023-11-02,Corporate
CUST02479,Customer_02479,Male,30,Mumbai,Telangana,2023-11-10,Consumer
CUST02480,Customer_02480,Female,42,Ahmedabad,Tamil Nadu,2025-08-05,Consumer
CUST02481,Customer_02481,Male,53,Delhi,Maharashtra,2025-11-02,Consumer
CUST02482,Customer_02482,Female,42,Pune,Karnataka,2025-04-06,Consumer
CUST02483,Customer_02483,Female,45,Delhi,Karnataka,2023-06-16,Consumer
CUST02484,Customer_02484,Male,59,Chennai,Delhi,2023-02-22,Consumer
CUST02485,Customer_02485,Male,56,Hyderabad,Karnataka,2023-10-03,Premium
CUST02486,Customer_02486,Other,47,Bengaluru,Telangana,2024-03-22,Consumer
CUST02487,Customer_02487,Male,22,Kolkata,Delhi,2023-12-18,Consumer
CUST02488,Customer_02488,Female,34,Pune,Karnataka,2023-01-10,Premium
CUST02489,Customer_02489,Female,35,Ahmedabad,Karnataka,2024-02-14,Corporate
CUST02490,Customer_02490,Male,60,Chennai,Delhi,2023-05-27,Corporate
CUST02491,Customer_02491,Male,64,Ahmedabad,Telangana,2025-04-08,Corporate
CUST02492,Customer_02492,Male,38,Chennai,Delhi,2024-09-21,Corporate
CUST02493,Customer_02493,Female,39,Hyderabad,West Bengal,2025-05-01,Consumer
CUST02494,Customer_02494,Male,56,Bengaluru,West Bengal,2024-03-03,Corporate
CUST02495,Customer_02495,Female,67,Bengaluru,Telangana,2024-05-02,Consumer
CUST02496,Customer_02496,Female,23,Delhi,Telangana,2024-08-06,Consumer
CUST02497,Customer_02497,Female,67,Bengaluru,Gujarat,2024-10-17,Consumer
CUST02498,Customer_02498,Female,33,Chennai,Maharashtra,2024-09-07,Corporate
CUST02499,Customer_02499,Other,19,Delhi,Karnataka,2023-08-03,Corporate
CUST02500,Customer_02500,Male,68,Bengaluru,Gujarat,2025-09-18,Corporate
CUST02501,Customer_02501,Female,18,Kolkata,Karnataka,2024-05-24,Consumer
CUST02502,Customer_02502,Female,47,Kolkata,Gujarat,2024-05-25,Consumer
CUST02503,Customer_02503,Female,60,Hyderabad,Tamil Nadu,2023-01-26,Corporate
CUST02504,Customer_02504,Female,69,Chennai,West Bengal,2023-07-12,Consumer
CUST02505,Customer_02505,Male,54,Mumbai,Delhi,2023-04-13,Consumer
CUST02506,Customer_02506,Male,65,Hyderabad,Gujarat,2024-02-15,Consumer
CUST02507,Customer_02507,Female,40,Hyderabad,West Bengal,2025-01-14,Consumer
CUST02508,Customer_02508,Male,18,Bengaluru,Maharashtra,2023-02-20,Consumer
CUST02509,Customer_02509,Female,36,Delhi,Karnataka,2023-12-09,Consumer
CUST02510,Customer_02510,Female,63,Ahmedabad,Tamil Nadu,2023-07-21,Corporate
CUST02511,Customer_02511,Male,20,Delhi,Maharashtra,2023-10-27,Consumer
CUST02512,Customer_02512,Female,19,Kolkata,Telangana,2023-05-26,Consumer
CUST02513,Customer_02513,Male,54,Chennai,Karnataka,2025-02-08,Premium
CUST02514,Customer_02514,Female,34,Bengaluru,West Bengal,2024-04-06,Corporate
CUST02515,Customer_02515,Female,45,Delhi,Gujarat,2025-07-04,Consumer
CUST02516,Customer_02516,Female,35,Kolkata,Delhi,2025-04-03,Consumer
CUST02517,Customer_02517,Male,50,Pune,Maharashtra,2024-05-18,Consumer
CUST02518,Customer_02518,Male,32,Ahmedabad,West Bengal,2023-05-31,Consumer
CUST02519,Customer_02519,Female,39,Mumbai,Tamil Nadu,2023-07-18,Corporate
CUST02520,Customer_02520,Female,58,Pune,Delhi,2024-03-04,Consumer
CUST02521,Customer_02521,Female,44,Ahmedabad,Telangana,2023-10-30,Corporate
CUST02522,Customer_02522,Male,54,Bengaluru,Delhi,2025-06-22,Premium
CUST02523,Customer_02523,Male,49,Bengaluru,West Bengal,2024-05-12,Consumer
CUST02524,Customer_02524,Male,62,Delhi,West Bengal,2025-06-19,Consumer
CUST02525,Customer_02525,Female,36,Ahmedabad,Tamil Nadu,2025-03-01,Corporate
CUST02526,Customer_02526,Male,45,Hyderabad,Telangana,2023-04-15,Corporate
CUST02527,Customer_02527,Male,45,Bengaluru,Tamil Nadu,2023-01-10,Consumer
CUST02528,Customer_02528,Female,27,Hyderabad,West Bengal,2025-11-16,Consumer
CUST02529,Customer_02529,Male,37,Chennai,Karnataka,2024-09-02,Corporate
CUST02530,Customer_02530,Other,42,Kolkata,Tamil Nadu,2025-02-07,Consumer
CUST02531,Customer_02531,Female,38,Chennai,Delhi,2023-11-23,Consumer
CUST02532,Customer_02532,Female,31,Ahmedabad,West Bengal,2025-06-01,Consumer
CUST02533,Customer_02533,Male,39,Ahmedabad,Karnataka,2025-06-25,Premium
CUST02534,Customer_02534,Male,43,Delhi,Karnataka,2025-01-07,Consumer
CUST02535,Customer_02535,Female,61,Chennai,Maharashtra,2023-05-07,Consumer
CUST02536,Customer_02536,Female,28,Pune,Delhi,2025-07-12,Consumer
CUST02537,Customer_02537,Female,24,Ahmedabad,Delhi,2023-06-20,Premium
CUST02538,Customer_02538,Male,34,Pune,Telangana,2023-07-31,Consumer
CUST02539,Customer_02539,Female,35,Pune,Tamil Nadu,2025-07-12,Corporate
CUST02540,Customer_02540,Female,24,Delhi,Gujarat,2023-07-08,Consumer
CUST02541,Customer_02541,Female,37,Delhi,Tamil Nadu,2025-07-21,Corporate
CUST02542,Customer_02542,Female,55,Pune,Delhi,2024-01-22,Corporate
CUST02543,Customer_02543,Female,28,Hyderabad,Tamil Nadu,2025-02-15,Consumer
CUST02544,Customer_02544,Female,61,Pune,Delhi,2025-10-08,Consumer
CUST02545,Customer_02545,Male,33,Hyderabad,West Bengal,2024-12-26,Consumer
CUST02546,Customer_02546,Male,68,Chennai,Karnataka,2023-01-23,Consumer
CUST02547,Customer_02547,Male,44,Hyderabad,Tamil Nadu,2024-02-05,Corporate
CUST02548,Customer_02548,Male,68,Ahmedabad,West Bengal,2024-05-19,Consumer
CUST02549,Customer_02549,Male,28,Bengaluru,Tamil Nadu,2025-07-09,Corporate
CUST02550,Customer_02550,Male,33,Mumbai,Delhi,2023-11-25,Consumer
CUST02551,Customer_02551,Male,40,Bengaluru,West Bengal,2024-04-15,Consumer
CUST02552,Customer_02552,Male,29,Bengaluru,Delhi,2024-02-16,Consumer
CUST02553,Customer_02553,Female,57,Delhi,Telangana,2025-01-23,Consumer
CUST02554,Customer_02554,Female,20,Mumbai,Tamil Nadu,2023-01-29,Consumer
CUST02555,Customer_02555,Male,19,Delhi,Maharashtra,2023-09-02,Consumer
CUST02556,Customer_02556,Female,55,Hyderabad,Delhi,2025-07-26,Consumer
CUST02557,Customer_02557,Female,65,Pune,Maharashtra,2025-04-05,Corporate
CUST02558,Customer_02558,Male,69,Kolkata,Karnataka,2025-12-19,Corporate
CUST02559,Customer_02559,Male,41,Kolkata,Karnataka,2023-05-19,Corporate
CUST02560,Customer_02560,Female,46,Kolkata,Maharashtra,2023-12-23,Premium
CUST02561,Customer_02561,Female,64,Hyderabad,Gujarat,2023-07-31,Premium
CUST02562,Customer_02562,Female,63,Mumbai,Karnataka,2024-04-30,Consumer
CUST02563,Customer_02563,Male,51,Chennai,Maharashtra,2023-06-27,Consumer
CUST02564,Customer_02564,Male,37,Hyderabad,Telangana,2024-05-27,Consumer
CUST02565,Customer_02565,Male,35,Bengaluru,Telangana,2023-04-23,Consumer
CUST02566,Customer_02566,Male,31,Mumbai,Karnataka,2023-10-10,Premium
CUST02567,Customer_02567,Male,35,Mumbai,West Bengal,2024-06-27,Consumer
CUST02568,Customer_02568,Male,19,Hyderabad,Maharashtra,2023-02-10,Corporate
CUST02569,Customer_02569,Female,18,Hyderabad,Maharashtra,2025-07-20,Consumer
CUST02570,Customer_02570,Female,37,Delhi,Maharashtra,2025-05-04,Premium
CUST02571,Customer_02571,Male,51,Delhi,Gujarat,2025-07-14,Corporate
CUST02572,Customer_02572,Female,58,Bengaluru,Karnataka,2023-11-09,Consumer
CUST02573,Customer_02573,Male,58,Ahmedabad,Gujarat,2024-04-15,Consumer
CUST02574,Customer_02574,Male,65,Mumbai,Maharashtra,2023-02-17,Corporate
CUST02575,Customer_02575,Male,28,Kolkata,Delhi,2023-05-14,Premium
CUST02576,Customer_02576,Female,44,Chennai,Maharashtra,2024-06-02,Corporate
CUST02577,Customer_02577,Female,40,Chennai,Delhi,2025-09-25,Corporate
CUST02578,Customer_02578,Female,55,Mumbai,Telangana,2023-11-13,Consumer
CUST02579,Customer_02579,Male,61,Bengaluru,Delhi,2023-03-27,Consumer
CUST02580,Customer_02580,Female,20,Kolkata,Telangana,2025-12-07,Premium
CUST02581,Customer_02581,Male,29,Delhi,Karnataka,2025-10-06,Consumer
CUST02582,Customer_02582,Female,47,Delhi,West Bengal,2024-05-04,Consumer
CUST02583,Customer_02583,Female,48,Delhi,West Bengal,2024-02-28,Consumer
CUST02584,Customer_02584,Male,40,Chennai,Gujarat,2024-01-22,Corporate
CUST02585,Customer_02585,Female,18,Chennai,Gujarat,2025-07-14,Consumer
CUST02586,Customer_02586,Female,58,Bengaluru,Telangana,2023-08-28,Consumer
CUST02587,Customer_02587,Male,37,Chennai,Telangana,2023-09-15,Consumer
CUST02588,Customer_02588,Female,23,Hyderabad,Maharashtra,2023-02-13,Consumer
CUST02589,Customer_02589,Male,28,Chennai,Tamil Nadu,2024-10-25,Corporate
CUST02590,Customer_02590,Female,52,Delhi,Telangana,2025-10-03,Premium
CUST02591,Customer_02591,Female,21,Bengaluru,Delhi,2025-01-23,Consumer
CUST02592,Customer_02592,Female,46,Mumbai,Karnataka,2023-04-15,Consumer
CUST02593,Customer_02593,Female,27,Mumbai,Gujarat,2025-08-11,Corporate
CUST02594,Customer_02594,Female,68,Bengaluru,Delhi,2025-07-15,Consumer
CUST02595,Customer_02595,Male,46,Hyderabad,Gujarat,2025-08-11,Consumer
CUST02596,Customer_02596,Female,55,Mumbai,Karnataka,2024-11-25,Consumer
CUST02597,Customer_02597,Male,18,Delhi,Delhi,2023-02-26,Corporate
CUST02598,Customer_02598,Female,57,Mumbai,Gujarat,2023-08-28,Consumer
CUST02599,Customer_02599,Male,25,Mumbai,Telangana,2025-09-07,Premium
CUST02600,Customer_02600,Male,55,Delhi,Tamil Nadu,2024-03-02,Consumer
CUST02601,Customer_02601,Female,34,Chennai,Telangana,2024-09-08,Consumer
CUST02602,Customer_02602,Male,36,Hyderabad,West Bengal,2024-07-30,Consumer
CUST02603,Customer_02603,Female,50,Kolkata,Gujarat,2025-09-28,Corporate
CUST02604,Customer_02604,Male,32,Delhi,Maharashtra,2023-05-20,Corporate
CUST02605,Customer_02605,Male,62,Delhi,Delhi,2023-03-03,Consumer
CUST02606,Customer_02606,Female,48,Pune,Tamil Nadu,2023-06-01,Consumer
CUST02607,Customer_02607,Male,38,Bengaluru,Delhi,2023-05-10,Consumer
CUST02608,Customer_02608,Male,20,Ahmedabad,Maharashtra,2024-03-06,Consumer
CUST02609,Customer_02609,Female,19,Hyderabad,Maharashtra,2024-02-04,Consumer
CUST02610,Customer_02610,Male,52,Chennai,Maharashtra,2024-11-04,Corporate
CUST02611,Customer_02611,Female,58,Pune,Gujarat,2024-06-24,Consumer
CUST02612,Customer_02612,Male,33,Kolkata,Telangana,2023-07-01,Premium
CUST02613,Customer_02613,Male,62,Delhi,Gujarat,2025-12-10,Corporate
CUST02614,Customer_02614,Female,68,Kolkata,Telangana,2024-06-09,Consumer
CUST02615,Customer_02615,Male,67,Kolkata,Tamil Nadu,2023-12-16,Consumer
CUST02616,Customer_02616,Male,38,Kolkata,Maharashtra,2025-12-17,Consumer
CUST02617,Customer_02617,Male,29,Pune,West Bengal,2024-02-23,Consumer
CUST02618,Customer_02618,Male,45,Ahmedabad,Telangana,2024-10-01,Consumer
CUST02619,Customer_02619,Female,29,Chennai,Karnataka,2023-02-06,Corporate
CUST02620,Customer_02620,Male,50,Pune,West Bengal,2024-05-08,Consumer
CUST02621,Customer_02621,Female,37,Pune,Karnataka,2023-12-25,Consumer
CUST02622,Customer_02622,Female,57,Ahmedabad,Telangana,2024-10-12,Corporate
CUST02623,Customer_02623,Male,66,Pune,West Bengal,2024-06-22,Corporate
CUST02624,Customer_02624,Female,38,Delhi,West Bengal,2023-12-10,Premium
CUST02625,Customer_02625,Male,69,Delhi,Tamil Nadu,2025-01-14,Premium
CUST02626,Customer_02626,Female,56,Bengaluru,Delhi,2023-06-20,Consumer
CUST02627,Customer_02627,Male,58,Mumbai,Gujarat,2025-05-15,Consumer
CUST02628,Customer_02628,Female,66,Hyderabad,Maharashtra,2023-01-20,Corporate
CUST02629,Customer_02629,Female,59,Bengaluru,Telangana,2023-10-30,Premium
CUST02630,Customer_02630,Male,53,Chennai,Tamil Nadu,2025-02-14,Consumer
CUST02631,Customer_02631,Female,39,Pune,West Bengal,2025-09-23,Consumer
CUST02632,Customer_02632,Female,43,Delhi,Gujarat,2023-11-23,Consumer
CUST02633,Customer_02633,Male,24,Pune,Delhi,2024-07-29,Corporate
CUST02634,Customer_02634,Male,24,Delhi,Tamil Nadu,2025-11-01,Corporate
CUST02635,Customer_02635,Female,25,Kolkata,Delhi,2023-12-27,Corporate
CUST02636,Customer_02636,Female,43,Hyderabad,Karnataka,2025-02-10,Consumer
CUST02637,Customer_02637,Female,41,Bengaluru,Gujarat,2023-10-23,Consumer
CUST02638,Customer_02638,Female,41,Bengaluru,Gujarat,2025-02-07,Consumer
CUST02639,Customer_02639,Female,57,Chennai,Delhi,2025-01-28,Consumer
CUST02640,Customer_02640,Female,65,Kolkata,Karnataka,2024-10-14,Premium
CUST02641,Customer_02641,Male,29,Bengaluru,Maharashtra,2025-03-28,Consumer
CUST02642,Customer_02642,Male,64,Bengaluru,Telangana,2024-11-23,Consumer
CUST02643,Customer_02643,Female,25,Mumbai,West Bengal,2024-05-14,Corporate
CUST02644,Customer_02644,Female,26,Ahmedabad,Karnataka,2025-12-03,Consumer
CUST02645,Customer_02645,Male,20,Hyderabad,Tamil Nadu,2023-05-29,Premium
CUST02646,Customer_02646,Male,38,Pune,Delhi,2025-08-04,Consumer
CUST02647,Customer_02647,Female,48,Ahmedabad,Gujarat,2024-07-17,Corporate
CUST02648,Customer_02648,Female,65,Bengaluru,Tamil Nadu,2023-03-04,Corporate
CUST02649,Customer_02649,Male,64,Chennai,Gujarat,2024-01-29,Consumer
CUST02650,Customer_02650,Male,41,Pune,Karnataka,2023-02-28,Consumer
CUST02651,Customer_02651,Male,21,Delhi,Gujarat,2024-06-03,Consumer
CUST02652,Customer_02652,Male,37,Kolkata,West Bengal,2025-03-29,Consumer
CUST02653,Customer_02653,Male,33,Kolkata,Gujarat,2024-01-24,Consumer
CUST02654,Customer_02654,Male,27,Bengaluru,West Bengal,2024-08-10,Premium
CUST02655,Customer_02655,Female,60,Bengaluru,Gujarat,2025-10-10,Consumer
CUST02656,Customer_02656,Male,43,Pune,Gujarat,2024-09-27,Consumer
CUST02657,Customer_02657,Female,46,Ahmedabad,West Bengal,2024-06-07,Consumer
CUST02658,Customer_02658,Female,22,Delhi,West Bengal,2023-10-07,Corporate
CUST02659,Customer_02659,Male,28,Mumbai,Tamil Nadu,2025-12-04,Premium
CUST02660,Customer_02660,Female,46,Hyderabad,Delhi,2024-07-18,Consumer
CUST02661,Customer_02661,Male,62,Mumbai,Telangana,2023-08-22,Consumer
CUST02662,Customer_02662,Female,32,Ahmedabad,Tamil Nadu,2023-07-05,Consumer
CUST02663,Customer_02663,Male,23,Chennai,Maharashtra,2025-03-15,Consumer
CUST02664,Customer_02664,Female,65,Pune,Delhi,2023-03-16,Consumer
CUST02665,Customer_02665,Female,32,Bengaluru,Delhi,2025-07-26,Consumer
CUST02666,Customer_02666,Male,60,Mumbai,West Bengal,2024-12-10,Corporate
CUST02667,Customer_02667,Male,37,Hyderabad,Maharashtra,2023-08-21,Consumer
CUST02668,Customer_02668,Female,51,Chennai,West Bengal,2024-06-18,Premium
CUST02669,Customer_02669,Female,19,Kolkata,West Bengal,2025-06-14,Consumer
CUST02670,Customer_02670,Male,61,Ahmedabad,Karnataka,2025-08-29,Corporate
CUST02671,Customer_02671,Female,33,Mumbai,Maharashtra,2024-10-08,Premium
CUST02672,Customer_02672,Male,36,Bengaluru,Karnataka,2023-10-20,Premium
CUST02673,Customer_02673,Female,51,Hyderabad,Telangana,2023-02-07,Corporate
CUST02674,Customer_02674,Male,66,Bengaluru,Karnataka,2023-06-17,Consumer
CUST02675,Customer_02675,Female,31,Bengaluru,West Bengal,2023-04-13,Consumer
CUST02676,Customer_02676,Male,41,Chennai,Telangana,2023-05-25,Corporate
CUST02677,Customer_02677,Male,45,Hyderabad,Telangana,2025-01-24,Corporate
CUST02678,Customer_02678,Male,65,Delhi,Gujarat,2024-10-21,Consumer
CUST02679,Customer_02679,Male,49,Kolkata,Gujarat,2024-01-01,Premium
CUST02680,Customer_02680,Female,54,Ahmedabad,Maharashtra,2023-06-02,Consumer
CUST02681,Customer_02681,Male,27,Bengaluru,West Bengal,2025-04-07,Consumer
CUST02682,Customer_02682,Female,66,Ahmedabad,Telangana,2024-02-26,Consumer
CUST02683,Customer_02683,Male,62,Hyderabad,West Bengal,2023-11-15,Consumer
CUST02684,Customer_02684,Male,65,Bengaluru,Karnataka,2024-04-29,Consumer
CUST02685,Customer_02685,Male,26,Mumbai,Tamil Nadu,2023-03-24,Corporate
CUST02686,Customer_02686,Male,41,Mumbai,Gujarat,2023-03-20,Consumer
CUST02687,Customer_02687,Male,53,Hyderabad,Delhi,2023-05-31,Consumer
CUST02688,Customer_02688,Male,46,Kolkata,Delhi,2025-01-25,Corporate
CUST02689,Customer_02689,Female,46,Chennai,Karnataka,2024-12-30,Corporate
CUST02690,Customer_02690,Male,65,Delhi,Gujarat,2023-01-15,Consumer
CUST02691,Customer_02691,Female,40,Mumbai,Tamil Nadu,2023-04-11,Consumer
CUST02692,Customer_02692,Female,44,Chennai,West Bengal,2025-02-18,Premium
CUST02693,Customer_02693,Male,48,Delhi,Telangana,2025-11-24,Consumer
CUST02694,Customer_02694,Male,60,Mumbai,Gujarat,2023-12-17,Consumer
CUST02695,Customer_02695,Female,24,Delhi,Karnataka,2025-08-14,Corporate
CUST02696,Customer_02696,Female,66,Pune,West Bengal,2023-10-10,Consumer
CUST02697,Customer_02697,Female,62,Bengaluru,Telangana,2024-09-28,Consumer
CUST02698,Customer_02698,Male,21,Hyderabad,Gujarat,2024-06-08,Consumer
CUST02699,Customer_02699,Female,31,Mumbai,Maharashtra,2023-06-14,Consumer
CUST02700,Customer_02700,Female,59,Mumbai,Tamil Nadu,2024-03-03,Corporate
CUST02701,Customer_02701,Female,59,Ahmedabad,Delhi,2025-07-22,Consumer
CUST02702,Customer_02702,Female,27,Bengaluru,Karnataka,2024-03-18,Consumer
CUST02703,Customer_02703,Male,61,Mumbai,Delhi,2024-09-17,Corporate
CUST02704,Customer_02704,Male,51,Mumbai,West Bengal,2023-03-10,Corporate
CUST02705,Customer_02705,Female,43,Pune,Telangana,2023-10-01,Consumer
CUST02706,Customer_02706,Female,40,Mumbai,Telangana,2024-07-13,Consumer
CUST02707,Customer_02707,Male,26,Mumbai,Maharashtra,2025-04-28,Consumer
CUST02708,Customer_02708,Male,54,Mumbai,Telangana,2024-07-23,Consumer
CUST02709,Customer_02709,Male,25,Chennai,Telangana,2024-08-12,Consumer
CUST02710,Customer_02710,Male,31,Mumbai,West Bengal,2024-05-13,Consumer
CUST02711,Customer_02711,Female,24,Bengaluru,Delhi,2023-07-23,Consumer
CUST02712,Customer_02712,Female,24,Pune,Delhi,2025-02-13,Corporate
CUST02713,Customer_02713,Male,26,Mumbai,Karnataka,2024-01-23,Consumer
CUST02714,Customer_02714,Male,20,Delhi,Karnataka,2024-02-20,Consumer
CUST02715,Customer_02715,Male,31,Pune,Telangana,2025-06-19,Consumer
CUST02716,Customer_02716,Male,34,Pune,Gujarat,2023-11-08,Consumer
CUST02717,Customer_02717,Female,67,Delhi,Tamil Nadu,2023-09-09,Consumer
CUST02718,Customer_02718,Female,61,Bengaluru,Karnataka,2023-07-22,Consumer
CUST02719,Customer_02719,Female,39,Chennai,Telangana,2023-04-20,Corporate
CUST02720,Customer_02720,Male,63,Kolkata,Gujarat,2023-03-23,Consumer
CUST02721,Customer_02721,Female,43,Ahmedabad,Gujarat,2025-02-07,Consumer
CUST02722,Customer_02722,Female,45,Kolkata,Delhi,2023-07-12,Premium
CUST02723,Customer_02723,Female,62,Bengaluru,Gujarat,2023-05-19,Consumer
CUST02724,Customer_02724,Male,31,Chennai,Maharashtra,2023-08-09,Premium
CUST02725,Customer_02725,Male,26,Hyderabad,Delhi,2025-05-10,Consumer
CUST02726,Customer_02726,Male,68,Delhi,Delhi,2023-12-06,Consumer
CUST02727,Customer_02727,Male,43,Ahmedabad,Maharashtra,2024-04-22,Consumer
CUST02728,Customer_02728,Male,19,Pune,West Bengal,2025-08-16,Consumer
CUST02729,Customer_02729,Male,28,Pune,West Bengal,2025-03-23,Consumer
CUST02730,Customer_02730,Male,34,Pune,Delhi,2023-07-17,Consumer
CUST02731,Customer_02731,Female,51,Delhi,Karnataka,2023-07-18,Consumer
CUST02732,Customer_02732,Male,36,Delhi,Delhi,2025-03-26,Consumer
CUST02733,Customer_02733,Male,56,Ahmedabad,Maharashtra,2023-06-24,Consumer
CUST02734,Customer_02734,Female,35,Kolkata,Telangana,2024-05-03,Consumer
CUST02735,Customer_02735,Female,30,Kolkata,Telangana,2023-11-12,Consumer
CUST02736,Customer_02736,Female,22,Kolkata,Telangana,2025-03-30,Consumer
CUST02737,Customer_02737,Other,67,Chennai,West Bengal,2024-01-15,Consumer
CUST02738,Customer_02738,Female,40,Pune,Maharashtra,2024-03-17,Consumer
CUST02739,Customer_02739,Female,41,Bengaluru,Maharashtra,2025-05-14,Corporate
CUST02740,Customer_02740,Male,46,Chennai,Karnataka,2023-05-13,Consumer
CUST02741,Customer_02741,Male,65,Pune,Maharashtra,2025-09-07,Consumer
CUST02742,Customer_02742,Male,64,Delhi,Gujarat,2025-11-16,Premium
CUST02743,Customer_02743,Male,25,Delhi,Telangana,2025-07-25,Consumer
CUST02744,Customer_02744,Male,43,Delhi,Maharashtra,2024-10-17,Corporate
CUST02745,Customer_02745,Female,32,Pune,Tamil Nadu,2023-08-24,Consumer
CUST02746,Customer_02746,Female,18,Kolkata,West Bengal,2025-09-15,Consumer
CUST02747,Customer_02747,Female,45,Delhi,Delhi,2025-03-25,Consumer
CUST02748,Customer_02748,Male,66,Hyderabad,Karnataka,2025-07-07,Consumer
CUST02749,Customer_02749,Female,64,Delhi,Telangana,2024-03-14,Corporate
CUST02750,Customer_02750,Female,63,Ahmedabad,Gujarat,2024-08-10,Premium
CUST02751,Customer_02751,Male,31,Ahmedabad,Gujarat,2024-09-02,Consumer
CUST02752,Customer_02752,Female,59,Pune,Telangana,2023-08-18,Consumer
CUST02753,Customer_02753,Male,51,Kolkata,Gujarat,2023-12-06,Consumer
CUST02754,Customer_02754,Male,48,Chennai,Tamil Nadu,2023-06-13,Consumer
CUST02755,Customer_02755,Female,23,Delhi,Karnataka,2023-04-26,Corporate
CUST02756,Customer_02756,Male,66,Kolkata,West Bengal,2023-03-12,Consumer
CUST02757,Customer_02757,Male,22,Kolkata,Delhi,2025-04-29,Consumer
CUST02758,Customer_02758,Female,48,Mumbai,Karnataka,2025-12-12,Consumer
CUST02759,Customer_02759,Female,54,Hyderabad,Karnataka,2023-12-08,Consumer
CUST02760,Customer_02760,Male,32,Ahmedabad,West Bengal,2025-07-23,Consumer
CUST02761,Customer_02761,Male,32,Pune,Telangana,2024-08-10,Consumer
CUST02762,Customer_02762,Male,69,Delhi,Maharashtra,2025-02-17,Corporate
CUST02763,Customer_02763,Female,60,Mumbai,Delhi,2023-11-28,Consumer
CUST02764,Customer_02764,Male,22,Pune,Karnataka,2025-08-25,Consumer
CUST02765,Customer_02765,Male,45,Chennai,Tamil Nadu,2023-04-17,Consumer
CUST02766,Customer_02766,Female,50,Hyderabad,West Bengal,2023-03-23,Corporate
CUST02767,Customer_02767,Female,28,Kolkata,Telangana,2024-01-27,Consumer
CUST02768,Customer_02768,Male,60,Delhi,Maharashtra,2023-08-18,Consumer
CUST02769,Customer_02769,Female,23,Chennai,Maharashtra,2023-01-20,Corporate
CUST02770,Customer_02770,Female,40,Pune,Telangana,2025-02-18,Consumer
CUST02771,Customer_02771,Male,57,Mumbai,Karnataka,2024-10-13,Premium
CUST02772,Customer_02772,Male,19,Pune,West Bengal,2024-04-16,Premium
CUST02773,Customer_02773,Female,32,Ahmedabad,Gujarat,2024-08-14,Corporate
CUST02774,Customer_02774,Male,40,Pune,Telangana,2023-03-15,Corporate
CUST02775,Customer_02775,Female,39,Hyderabad,Gujarat,2024-10-15,Corporate
CUST02776,Customer_02776,Male,26,Delhi,Maharashtra,2024-04-06,Consumer
CUST02777,Customer_02777,Male,64,Chennai,Maharashtra,2023-11-11,Consumer
CUST02778,Customer_02778,Male,57,Hyderabad,Tamil Nadu,2024-10-01,Corporate
CUST02779,Customer_02779,Male,47,Mumbai,Tamil Nadu,2023-10-01,Corporate
CUST02780,Customer_02780,Male,33,Kolkata,Maharashtra,2024-04-26,Corporate
CUST02781,Customer_02781,Male,63,Delhi,Tamil Nadu,2023-03-23,Premium
CUST02782,Customer_02782,Female,64,Kolkata,Tamil Nadu,2023-01-31,Consumer
CUST02783,Customer_02783,Other,69,Hyderabad,Tamil Nadu,2025-01-15,Corporate
CUST02784,Customer_02784,Female,47,Mumbai,Maharashtra,2025-09-22,Corporate
CUST02785,Customer_02785,Female,62,Mumbai,Karnataka,2023-02-11,Corporate
CUST02786,Customer_02786,Male,26,Chennai,Karnataka,2023-09-08,Consumer
CUST02787,Customer_02787,Female,18,Ahmedabad,West Bengal,2024-01-22,Corporate
CUST02788,Customer_02788,Male,55,Pune,Delhi,2025-09-22,Consumer
CUST02789,Customer_02789,Female,25,Mumbai,Tamil Nadu,2023-09-23,Consumer
CUST02790,Customer_02790,Other,69,Ahmedabad,Karnataka,2023-01-22,Consumer
CUST02791,Customer_02791,Female,35,Mumbai,Delhi,2023-03-17,Premium
CUST02792,Customer_02792,Other,44,Pune,Telangana,2024-11-10,Corporate
CUST02793,Customer_02793,Female,35,Bengaluru,Tamil Nadu,2025-06-09,Consumer
CUST02794,Customer_02794,Male,49,Mumbai,Karnataka,2025-05-14,Consumer
CUST02795,Customer_02795,Male,66,Delhi,Karnataka,2023-08-28,Corporate
CUST02796,Customer_02796,Female,49,Kolkata,Gujarat,2023-02-20,Premium
CUST02797,Customer_02797,Male,65,Kolkata,Karnataka,2025-08-17,Consumer
CUST02798,Customer_02798,Female,62,Hyderabad,Gujarat,2024-04-20,Premium
CUST02799,Customer_02799,Other,53,Pune,Delhi,2025-05-13,Consumer
CUST02800,Customer_02800,Male,53,Pune,Gujarat,2025-06-12,Premium
CUST02801,Customer_02801,Female,38,Pune,Telangana,2024-06-08,Consumer
CUST02802,Customer_02802,Female,63,Delhi,West Bengal,2023-06-06,Consumer
CUST02803,Customer_02803,Female,49,Pune,Tamil Nadu,2023-07-18,Consumer
CUST02804,Customer_02804,Female,48,Delhi,Karnataka,2025-10-20,Consumer
CUST02805,Customer_02805,Female,54,Ahmedabad,West Bengal,2024-10-27,Consumer
CUST02806,Customer_02806,Female,33,Ahmedabad,Maharashtra,2025-01-05,Consumer
CUST02807,Customer_02807,Female,63,Kolkata,Tamil Nadu,2023-03-16,Consumer
CUST02808,Customer_02808,Male,63,Chennai,Maharashtra,2025-08-09,Premium
CUST02809,Customer_02809,Male,31,Bengaluru,West Bengal,2024-12-25,Corporate
CUST02810,Customer_02810,Female,41,Pune,Delhi,2025-10-05,Premium
CUST02811,Customer_02811,Male,42,Kolkata,Karnataka,2024-01-02,Corporate
CUST02812,Customer_02812,Female,63,Bengaluru,Tamil Nadu,2025-01-25,Consumer
CUST02813,Customer_02813,Female,68,Kolkata,Tamil Nadu,2023-04-18,Consumer
CUST02814,Customer_02814,Male,52,Pune,Karnataka,2024-11-19,Consumer
CUST02815,Customer_02815,Female,34,Delhi,West Bengal,2023-04-03,Corporate
CUST02816,Customer_02816,Female,63,Kolkata,Telangana,2025-08-23,Corporate
CUST02817,Customer_02817,Female,59,Hyderabad,Delhi,2023-04-10,Consumer
CUST02818,Customer_02818,Male,62,Bengaluru,Karnataka,2023-06-30,Consumer
CUST02819,Customer_02819,Male,21,Bengaluru,Gujarat,2024-11-01,Consumer
CUST02820,Customer_02820,Male,28,Delhi,Tamil Nadu,2023-04-06,Consumer
CUST02821,Customer_02821,Female,64,Ahmedabad,Telangana,2023-08-20,Consumer
CUST02822,Customer_02822,Male,32,Bengaluru,Tamil Nadu,2023-09-08,Consumer
CUST02823,Customer_02823,Female,47,Chennai,Maharashtra,2025-06-22,Corporate
CUST02824,Customer_02824,Male,41,Delhi,Tamil Nadu,2023-01-19,Corporate
CUST02825,Customer_02825,Male,19,Bengaluru,Delhi,2023-07-26,Consumer
CUST02826,Customer_02826,Female,60,Bengaluru,Karnataka,2023-11-07,Premium
CUST02827,Customer_02827,Female,51,Bengaluru,Tamil Nadu,2023-04-13,Corporate
CUST02828,Customer_02828,Male,40,Delhi,Gujarat,2023-06-08,Corporate
CUST02829,Customer_02829,Male,48,Ahmedabad,Maharashtra,2024-01-13,Consumer
CUST02830,Customer_02830,Male,54,Hyderabad,Maharashtra,2024-12-14,Consumer
CUST02831,Customer_02831,Male,30,Mumbai,Karnataka,2023-04-02,Consumer
CUST02832,Customer_02832,Female,50,Kolkata,Maharashtra,2024-10-28,Consumer
CUST02833,Customer_02833,Male,24,Pune,West Bengal,2023-06-25,Consumer
CUST02834,Customer_02834,Male,49,Kolkata,Karnataka,2025-01-04,Consumer
CUST02835,Customer_02835,Male,24,Bengaluru,Delhi,2023-06-28,Premium
CUST02836,Customer_02836,Female,59,Kolkata,Karnataka,2025-01-07,Consumer
CUST02837,Customer_02837,Other,55,Mumbai,Telangana,2024-03-28,Consumer
CUST02838,Customer_02838,Male,69,Mumbai,Maharashtra,2024-08-05,Consumer
CUST02839,Customer_02839,Female,61,Bengaluru,Maharashtra,2024-05-06,Corporate
CUST02840,Customer_02840,Male,30,Bengaluru,Gujarat,2025-08-14,Consumer
CUST02841,Customer_02841,Male,41,Pune,Tamil Nadu,2023-04-13,Consumer
CUST02842,Customer_02842,Female,45,Ahmedabad,Telangana,2023-02-10,Consumer
CUST02843,Customer_02843,Female,49,Mumbai,West Bengal,2024-03-10,Consumer
CUST02844,Customer_02844,Female,60,Hyderabad,Tamil Nadu,2025-08-03,Consumer
CUST02845,Customer_02845,Female,35,Mumbai,Karnataka,2024-12-02,Consumer
CUST02846,Customer_02846,Male,51,Hyderabad,Delhi,2024-03-12,Consumer
CUST02847,Customer_02847,Female,65,Ahmedabad,Gujarat,2024-12-08,Consumer
CUST02848,Customer_02848,Male,51,Kolkata,Maharashtra,2025-11-20,Corporate
CUST02849,Customer_02849,Female,68,Chennai,West Bengal,2023-01-30,Consumer
CUST02850,Customer_02850,Male,55,Hyderabad,West Bengal,2025-09-12,Consumer
CUST02851,Customer_02851,Female,18,Pune,Delhi,2024-11-14,Consumer
CUST02852,Customer_02852,Male,60,Delhi,Karnataka,2024-01-25,Consumer
CUST02853,Customer_02853,Male,67,Ahmedabad,Karnataka,2023-10-03,Corporate
CUST02854,Customer_02854,Female,59,Kolkata,Telangana,2023-01-12,Consumer
CUST02855,Customer_02855,Male,48,Bengaluru,Tamil Nadu,2023-02-18,Premium
CUST02856,Customer_02856,Female,67,Ahmedabad,Maharashtra,2023-01-10,Consumer
CUST02857,Customer_02857,Male,18,Chennai,West Bengal,2023-09-18,Consumer
CUST02858,Customer_02858,Male,68,Mumbai,Maharashtra,2023-11-16,Corporate
CUST02859,Customer_02859,Male,33,Hyderabad,West Bengal,2023-07-05,Premium
CUST02860,Customer_02860,Male,56,Chennai,Delhi,2023-08-17,Consumer
CUST02861,Customer_02861,Female,32,Kolkata,Telangana,2024-10-31,Consumer
CUST02862,Customer_02862,Male,50,Delhi,Gujarat,2025-02-23,Consumer
CUST02863,Customer_02863,Female,40,Ahmedabad,Karnataka,2025-04-14,Consumer
CUST02864,Customer_02864,Female,58,Hyderabad,Telangana,2023-01-21,Premium
CUST02865,Customer_02865,Male,51,Pune,Maharashtra,2023-01-16,Consumer
CUST02866,Customer_02866,Female,34,Mumbai,Gujarat,2024-04-24,Consumer
CUST02867,Customer_02867,Female,42,Mumbai,Tamil Nadu,2023-01-06,Corporate
CUST02868,Customer_02868,Female,59,Hyderabad,Delhi,2023-10-25,Consumer
CUST02869,Customer_02869,Male,23,Ahmedabad,Karnataka,2025-06-30,Consumer
CUST02870,Customer_02870,Male,48,Delhi,Karnataka,2025-07-29,Consumer
CUST02871,Customer_02871,Female,22,Ahmedabad,Karnataka,2023-09-16,Consumer
CUST02872,Customer_02872,Female,57,Bengaluru,Tamil Nadu,2025-10-10,Premium
CUST02873,Customer_02873,Female,57,Bengaluru,Maharashtra,2025-11-29,Consumer
CUST02874,Customer_02874,Male,47,Mumbai,Maharashtra,2023-10-03,Corporate
CUST02875,Customer_02875,Female,22,Kolkata,Telangana,2025-01-13,Consumer
CUST02876,Customer_02876,Male,29,Kolkata,Gujarat,2024-06-02,Corporate
CUST02877,Customer_02877,Female,24,Delhi,West Bengal,2025-04-06,Consumer
CUST02878,Customer_02878,Male,62,Mumbai,Telangana,2024-08-27,Premium
CUST02879,Customer_02879,Female,30,Bengaluru,Maharashtra,2025-08-06,Consumer
CUST02880,Customer_02880,Male,66,Mumbai,Karnataka,2024-04-24,Consumer
CUST02881,Customer_02881,Male,21,Ahmedabad,Tamil Nadu,2024-02-18,Consumer
CUST02882,Customer_02882,Female,67,Hyderabad,Maharashtra,2025-09-25,Premium
CUST02883,Customer_02883,Male,59,Kolkata,Tamil Nadu,2025-12-09,Corporate
CUST02884,Customer_02884,Male,20,Kolkata,Delhi,2025-02-15,Consumer
CUST02885,Customer_02885,Male,29,Pune,Karnataka,2023-02-14,Corporate
CUST02886,Customer_02886,Female,18,Hyderabad,Delhi,2025-04-09,Consumer
CUST02887,Customer_02887,Female,44,Pune,Maharashtra,2023-10-02,Corporate
CUST02888,Customer_02888,Male,60,Delhi,Telangana,2025-11-24,Consumer
CUST02889,Customer_02889,Female,67,Bengaluru,Maharashtra,2024-10-14,Consumer
CUST02890,Customer_02890,Female,30,Delhi,Delhi,2023-05-24,Consumer
CUST02891,Customer_02891,Male,34,Delhi,Tamil Nadu,2025-04-14,Consumer
CUST02892,Customer_02892,Female,25,Bengaluru,Gujarat,2025-01-26,Premium
CUST02893,Customer_02893,Female,49,Chennai,Gujarat,2023-07-12,Consumer
CUST02894,Customer_02894,Female,37,Chennai,Maharashtra,2024-06-30,Corporate
CUST02895,Customer_02895,Male,68,Mumbai,West Bengal,2025-02-22,Consumer
CUST02896,Customer_02896,Female,34,Chennai,Telangana,2023-06-27,Consumer
CUST02897,Customer_02897,Female,51,Hyderabad,Delhi,2025-02-20,Corporate
CUST02898,Customer_02898,Male,52,Kolkata,Maharashtra,2023-11-14,Consumer
CUST02899,Customer_02899,Male,52,Pune,Delhi,2023-05-31,Consumer
CUST02900,Customer_02900,Male,55,Kolkata,Delhi,2024-09-02,Consumer
CUST02901,Customer_02901,Male,59,Delhi,Karnataka,2024-06-24,Consumer
CUST02902,Customer_02902,Female,41,Kolkata,Gujarat,2023-05-30,Consumer
CUST02903,Customer_02903,Male,35,Mumbai,West Bengal,2023-09-19,Consumer
CUST02904,Customer_02904,Male,67,Delhi,Gujarat,2024-02-17,Corporate
CUST02905,Customer_02905,Female,63,Bengaluru,Tamil Nadu,2024-05-06,Consumer
CUST02906,Customer_02906,Male,65,Ahmedabad,West Bengal,2025-09-27,Consumer
CUST02907,Customer_02907,Female,56,Kolkata,Karnataka,2023-02-06,Consumer
CUST02908,Customer_02908,Male,50,Chennai,Gujarat,2024-04-25,Corporate
CUST02909,Customer_02909,Male,66,Ahmedabad,Delhi,2023-06-29,Premium
CUST02910,Customer_02910,Male,40,Bengaluru,Telangana,2024-08-04,Consumer
CUST02911,Customer_02911,Male,42,Mumbai,Telangana,2025-09-05,Consumer
CUST02912,Customer_02912,Male,54,Pune,Karnataka,2023-12-20,Consumer
CUST02913,Customer_02913,Female,44,Hyderabad,Telangana,2025-08-24,Consumer
CUST02914,Customer_02914,Female,18,Chennai,Delhi,2023-12-30,Consumer
CUST02915,Customer_02915,Male,38,Bengaluru,West Bengal,2023-03-10,Consumer
CUST02916,Customer_02916,Female,66,Pune,Maharashtra,2023-11-04,Consumer
CUST02917,Customer_02917,Female,27,Ahmedabad,Delhi,2024-02-27,Corporate
CUST02918,Customer_02918,Female,48,Kolkata,Gujarat,2024-05-28,Consumer
CUST02919,Customer_02919,Male,61,Chennai,Maharashtra,2023-08-07,Consumer
CUST02920,Customer_02920,Male,42,Delhi,Telangana,2025-12-04,Consumer
CUST02921,Customer_02921,Male,37,Hyderabad,West Bengal,2024-01-02,Consumer
CUST02922,Customer_02922,Female,19,Kolkata,Tamil Nadu,2023-05-02,Corporate
CUST02923,Customer_02923,Female,65,Ahmedabad,Tamil Nadu,2024-05-09,Consumer
CUST02924,Customer_02924,Male,32,Pune,Delhi,2024-07-30,Consumer
CUST02925,Customer_02925,Male,45,Chennai,Delhi,2025-06-02,Consumer
CUST02926,Customer_02926,Female,30,Kolkata,Telangana,2025-06-13,Consumer
CUST02927,Customer_02927,Female,67,Hyderabad,Tamil Nadu,2024-08-01,Consumer
CUST02928,Customer_02928,Other,69,Pune,Tamil Nadu,2023-12-16,Consumer
CUST02929,Customer_02929,Female,31,Delhi,Delhi,2023-04-25,Corporate
CUST02930,Customer_02930,Male,67,Ahmedabad,Gujarat,2024-09-19,Premium
CUST02931,Customer_02931,Female,19,Delhi,Tamil Nadu,2023-08-25,Premium
CUST02932,Customer_02932,Female,51,Bengaluru,Delhi,2023-02-16,Premium
CUST02933,Customer_02933,Male,52,Ahmedabad,Karnataka,2023-10-01,Consumer
CUST02934,Customer_02934,Female,54,Mumbai,Tamil Nadu,2023-04-23,Consumer
CUST02935,Customer_02935,Female,42,Bengaluru,Maharashtra,2024-06-28,Consumer
CUST02936,Customer_02936,Male,65,Hyderabad,West Bengal,2024-02-03,Consumer
CUST02937,Customer_02937,Female,32,Ahmedabad,Telangana,2025-03-02,Consumer
CUST02938,Customer_02938,Female,29,Bengaluru,West Bengal,2023-11-12,Consumer
CUST02939,Customer_02939,Female,26,Pune,Delhi,2023-02-20,Consumer
CUST02940,Customer_02940,Male,48,Chennai,Tamil Nadu,2023-05-24,Consumer
CUST02941,Customer_02941,Male,31,Pune,Tamil Nadu,2024-06-11,Consumer
CUST02942,Customer_02942,Female,46,Bengaluru,Gujarat,2024-01-25,Consumer
CUST02943,Customer_02943,Male,65,Mumbai,Delhi,2025-03-29,Consumer
CUST02944,Customer_02944,Female,60,Pune,Maharashtra,2025-01-18,Consumer
CUST02945,Customer_02945,Female,55,Pune,Tamil Nadu,2024-02-16,Consumer
CUST02946,Customer_02946,Male,59,Pune,Karnataka,2024-01-19,Corporate
CUST02947,Customer_02947,Female,25,Mumbai,Telangana,2025-05-24,Premium
CUST02948,Customer_02948,Female,65,Ahmedabad,Delhi,2025-06-15,Consumer
CUST02949,Customer_02949,Male,20,Pune,Tamil Nadu,2024-12-08,Consumer
CUST02950,Customer_02950,Female,19,Hyderabad,West Bengal,2023-08-02,Consumer
CUST02951,Customer_02951,Female,33,Delhi,Gujarat,2024-07-23,Premium
CUST02952,Customer_02952,Female,36,Mumbai,Gujarat,2023-08-07,Consumer
CUST02953,Customer_02953,Female,47,Hyderabad,Telangana,2023-08-07,Corporate
CUST02954,Customer_02954,Male,58,Mumbai,Delhi,2023-01-13,Corporate
CUST02955,Customer_02955,Female,33,Mumbai,Delhi,2024-02-27,Corporate
CUST02956,Customer_02956,Female,48,Ahmedabad,Delhi,2024-04-30,Premium
CUST02957,Customer_02957,Female,45,Delhi,Maharashtra,2025-08-25,Consumer
CUST02958,Customer_02958,Female,21,Chennai,Karnataka,2025-02-24,Consumer
CUST02959,Customer_02959,Male,27,Ahmedabad,Gujarat,2023-04-29,Corporate
CUST02960,Customer_02960,Female,68,Ahmedabad,Delhi,2023-09-28,Corporate
CUST02961,Customer_02961,Male,62,Hyderabad,Maharashtra,2025-06-30,Corporate
CUST02962,Customer_02962,Male,35,Mumbai,Delhi,2025-04-21,Corporate
CUST02963,Customer_02963,Male,64,Kolkata,Delhi,2025-12-06,Corporate
CUST02964,Customer_02964,Female,49,Mumbai,Maharashtra,2024-10-25,Premium
CUST02965,Customer_02965,Female,47,Bengaluru,Karnataka,2025-10-20,Consumer
CUST02966,Customer_02966,Female,53,Pune,Telangana,2023-06-22,Consumer
CUST02967,Customer_02967,Female,26,Chennai,Gujarat,2025-02-25,Corporate
CUST02968,Customer_02968,Female,53,Delhi,Tamil Nadu,2023-12-13,Consumer
CUST02969,Customer_02969,Female,46,Kolkata,West Bengal,2023-08-25,Consumer
CUST02970,Customer_02970,Female,33,Hyderabad,Delhi,2025-07-25,Corporate
CUST02971,Customer_02971,Male,45,Mumbai,Karnataka,2024-06-26,Consumer
CUST02972,Customer_02972,Male,38,Pune,Gujarat,2024-02-11,Consumer
CUST02973,Customer_02973,Female,64,Hyderabad,Tamil Nadu,2023-03-19,Consumer
CUST02974,Customer_02974,Female,19,Ahmedabad,Delhi,2023-01-12,Consumer
CUST02975,Customer_02975,Male,63,Delhi,West Bengal,2023-08-17,Corporate
CUST02976,Customer_02976,Male,52,Chennai,Tamil Nadu,2025-04-22,Consumer
CUST02977,Customer_02977,Female,45,Bengaluru,Maharashtra,2025-08-22,Corporate
CUST02978,Customer_02978,Male,53,Ahmedabad,West Bengal,2024-11-02,Consumer
CUST02979,Customer_02979,Female,48,Chennai,Gujarat,2025-04-18,Consumer
CUST02980,Customer_02980,Female,50,Ahmedabad,Karnataka,2023-06-13,Consumer
CUST02981,Customer_02981,Male,40,Bengaluru,Karnataka,2024-01-17,Consumer
CUST02982,Customer_02982,Male,58,Hyderabad,Gujarat,2024-12-31,Corporate
CUST02983,Customer_02983,Female,34,Chennai,Telangana,2024-08-04,Consumer
CUST02984,Customer_02984,Female,63,Ahmedabad,Telangana,2025-02-10,Consumer
CUST02985,Customer_02985,Female,66,Chennai,Tamil Nadu,2025-07-30,Consumer
CUST02986,Customer_02986,Female,18,Chennai,Maharashtra,2025-12-22,Corporate
CUST02987,Customer_02987,Male,59,Delhi,Tamil Nadu,2025-09-21,Consumer
CUST02988,Customer_02988,Female,40,Hyderabad,Delhi,2023-09-03,Corporate
CUST02989,Customer_02989,Female,65,Kolkata,Karnataka,2025-09-24,Consumer
CUST02990,Customer_02990,Female,44,Bengaluru,Tamil Nadu,2023-02-19,Consumer
CUST02991,Customer_02991,Male,42,Chennai,Tamil Nadu,2024-10-30,Consumer
CUST02992,Customer_02992,Female,49,Hyderabad,Gujarat,2023-08-08,Corporate
CUST02993,Customer_02993,Female,36,Kolkata,West Bengal,2025-06-25,Corporate
CUST02994,Customer_02994,Male,41,Pune,Karnataka,2023-12-30,Consumer
CUST02995,Customer_02995,Male,20,Delhi,Karnataka,2025-09-18,Consumer
CUST02996,Customer_02996,Female,29,Delhi,Telangana,2025-07-08,Consumer
CUST02997,Customer_02997,Male,52,Pune,Telangana,2024-07-16,Consumer
CUST02998,Customer_02998,Male,32,Hyderabad,Karnataka,2023-02-11,Consumer
CUST02999,Customer_02999,Male,34,Bengaluru,West Bengal,2024-02-27,Consumer
CUST03000,Customer_03000,Female,67,Hyderabad,Tamil Nadu,2023-05-15,Consumer
CUST03001,Customer_03001,Female,49,Hyderabad,Delhi,2025-02-24,Consumer
CUST03002,Customer_03002,Female,24,Mumbai,Tamil Nadu,2025-01-17,Corporate
CUST03003,Customer_03003,Male,36,Kolkata,West Bengal,2023-03-14,Premium
CUST03004,Customer_03004,Female,24,Delhi,Delhi,2024-09-26,Consumer
CUST03005,Customer_03005,Female,22,Bengaluru,Karnataka,2024-02-05,Consumer
CUST03006,Customer_03006,Female,57,Mumbai,Gujarat,2025-09-19,Consumer
CUST03007,Customer_03007,Female,38,Pune,Delhi,2024-04-14,Consumer
CUST03008,Customer_03008,Male,65,Hyderabad,Telangana,2024-08-01,Consumer
CUST03009,Customer_03009,Female,65,Pune,Gujarat,2024-03-31,Consumer
CUST03010,Customer_03010,Male,68,Delhi,West Bengal,2025-07-02,Corporate
CUST03011,Customer_03011,Female,64,Mumbai,Karnataka,2023-05-09,Consumer
CUST03012,Customer_03012,Male,24,Kolkata,West Bengal,2024-01-14,Consumer
CUST03013,Customer_03013,Male,54,Mumbai,Maharashtra,2024-01-24,Consumer
CUST03014,Customer_03014,Male,40,Bengaluru,Delhi,2025-02-24,Consumer
CUST03015,Customer_03015,Female,28,Kolkata,Delhi,2024-04-08,Consumer
CUST03016,Customer_03016,Male,27,Hyderabad,West Bengal,2025-09-15,Consumer
CUST03017,Customer_03017,Female,38,Ahmedabad,Gujarat,2024-06-30,Consumer
CUST03018,Customer_03018,Male,58,Ahmedabad,Maharashtra,2024-02-13,Premium
CUST03019,Customer_03019,Male,50,Bengaluru,Maharashtra,2024-09-09,Consumer
CUST03020,Customer_03020,Female,37,Mumbai,Karnataka,2025-01-30,Consumer
CUST03021,Customer_03021,Male,50,Kolkata,Gujarat,2024-10-14,Corporate
CUST03022,Customer_03022,Male,57,Mumbai,Tamil Nadu,2025-09-28,Consumer
CUST03023,Customer_03023,Female,52,Bengaluru,Maharashtra,2024-05-05,Consumer
CUST03024,Customer_03024,Male,51,Mumbai,West Bengal,2025-03-17,Consumer
CUST03025,Customer_03025,Male,53,Kolkata,Delhi,2023-05-27,Consumer
CUST03026,Customer_03026,Male,44,Chennai,Maharashtra,2023-09-13,Consumer
CUST03027,Customer_03027,Female,36,Delhi,West Bengal,2024-01-05,Consumer
CUST03028,Customer_03028,Female,60,Hyderabad,Karnataka,2024-10-12,Consumer
CUST03029,Customer_03029,Female,22,Delhi,Karnataka,2023-03-17,Consumer
CUST03030,Customer_03030,Female,46,Hyderabad,Delhi,2024-07-22,Corporate
CUST03031,Customer_03031,Male,27,Kolkata,Delhi,2024-05-19,Premium
CUST03032,Customer_03032,Male,57,Mumbai,Delhi,2024-10-23,Consumer
CUST03033,Customer_03033,Female,30,Ahmedabad,Tamil Nadu,2025-10-12,Consumer
CUST03034,Customer_03034,Male,46,Kolkata,Delhi,2023-12-13,Consumer
CUST03035,Customer_03035,Male,22,Bengaluru,Gujarat,2023-07-01,Consumer
CUST03036,Customer_03036,Male,29,Ahmedabad,Karnataka,2023-08-28,Consumer
CUST03037,Customer_03037,Male,30,Bengaluru,Karnataka,2023-03-07,Corporate
CUST03038,Customer_03038,Other,39,Mumbai,Maharashtra,2023-06-20,Consumer
CUST03039,Customer_03039,Male,57,Hyderabad,Delhi,2023-06-14,Consumer
CUST03040,Customer_03040,Female,32,Mumbai,Tamil Nadu,2025-08-11,Corporate
CUST03041,Customer_03041,Male,30,Hyderabad,Gujarat,2023-03-04,Consumer
CUST03042,Customer_03042,Female,18,Mumbai,Telangana,2023-12-21,Consumer
CUST03043,Customer_03043,Male,55,Ahmedabad,Maharashtra,2023-02-20,Consumer
CUST03044,Customer_03044,Male,60,Mumbai,Gujarat,2024-08-06,Consumer
CUST03045,Customer_03045,Female,62,Mumbai,West Bengal,2023-02-12,Corporate
CUST03046,Customer_03046,Female,69,Ahmedabad,Tamil Nadu,2025-08-20,Consumer
CUST03047,Customer_03047,Male,18,Bengaluru,Delhi,2024-10-31,Consumer
CUST03048,Customer_03048,Male,28,Hyderabad,Tamil Nadu,2023-03-31,Consumer
CUST03049,Customer_03049,Male,60,Pune,Telangana,2024-09-07,Consumer
CUST03050,Customer_03050,Male,57,Mumbai,Gujarat,2024-07-16,Consumer
CUST03051,Customer_03051,Male,39,Delhi,Tamil Nadu,2025-04-14,Premium
CUST03052,Customer_03052,Male,52,Delhi,West Bengal,2023-12-22,Corporate
CUST03053,Customer_03053,Male,68,Kolkata,Telangana,2024-09-08,Consumer
CUST03054,Customer_03054,Male,61,Kolkata,Telangana,2025-02-05,Consumer
CUST03055,Customer_03055,Female,23,Bengaluru,Gujarat,2023-10-31,Consumer
CUST03056,Customer_03056,Female,45,Chennai,Telangana,2024-08-06,Premium
CUST03057,Customer_03057,Female,48,Pune,Gujarat,2024-01-02,Consumer
CUST03058,Customer_03058,Male,25,Bengaluru,Tamil Nadu,2024-04-03,Corporate
CUST03059,Customer_03059,Male,22,Chennai,West Bengal,2023-04-30,Corporate
CUST03060,Customer_03060,Female,59,Bengaluru,Delhi,2023-12-30,Consumer
CUST03061,Customer_03061,Male,65,Kolkata,Karnataka,2024-04-28,Consumer
CUST03062,Customer_03062,Male,61,Delhi,Karnataka,2025-05-01,Consumer
CUST03063,Customer_03063,Female,34,Mumbai,Tamil Nadu,2025-08-07,Consumer
CUST03064,Customer_03064,Female,55,Hyderabad,Delhi,2023-09-03,Consumer
CUST03065,Customer_03065,Female,26,Kolkata,Karnataka,2025-02-02,Consumer
CUST03066,Customer_03066,Male,27,Mumbai,West Bengal,2024-09-22,Consumer
CUST03067,Customer_03067,Male,37,Delhi,Telangana,2023-12-31,Consumer
CUST03068,Customer_03068,Female,31,Ahmedabad,Tamil Nadu,2025-06-20,Consumer
CUST03069,Customer_03069,Male,31,Hyderabad,Tamil Nadu,2023-07-05,Corporate
CUST03070,Customer_03070,Female,43,Chennai,Maharashtra,2023-10-07,Corporate
CUST03071,Customer_03071,Female,46,Chennai,Maharashtra,2025-01-11,Corporate
CUST03072,Customer_03072,Female,66,Delhi,Maharashtra,2023-12-18,Consumer
CUST03073,Customer_03073,Male,44,Hyderabad,Gujarat,2024-08-11,Consumer
CUST03074,Customer_03074,Male,42,Mumbai,Delhi,2023-03-23,Consumer
CUST03075,Customer_03075,Female,33,Delhi,Tamil Nadu,2023-07-15,Corporate
CUST03076,Customer_03076,Female,53,Chennai,Maharashtra,2023-03-01,Consumer
CUST03077,Customer_03077,Female,51,Ahmedabad,Tamil Nadu,2023-05-31,Consumer
CUST03078,Customer_03078,Male,33,Delhi,Telangana,2025-12-20,Corporate
CUST03079,Customer_03079,Male,50,Ahmedabad,Maharashtra,2024-03-03,Corporate
CUST03080,Customer_03080,Female,20,Mumbai,Tamil Nadu,2025-08-08,Consumer
CUST03081,Customer_03081,Female,40,Bengaluru,Delhi,2023-11-27,Consumer
CUST03082,Customer_03082,Female,28,Ahmedabad,Gujarat,2025-11-28,Consumer
CUST03083,Customer_03083,Male,65,Ahmedabad,West Bengal,2025-06-08,Premium
CUST03084,Customer_03084,Female,35,Pune,Delhi,2025-08-12,Consumer
CUST03085,Customer_03085,Female,64,Pune,Delhi,2023-12-20,Premium
CUST03086,Customer_03086,Female,58,Kolkata,West Bengal,2025-06-19,Premium
CUST03087,Customer_03087,Male,61,Pune,Maharashtra,2023-08-05,Corporate
CUST03088,Customer_03088,Male,46,Bengaluru,Delhi,2023-12-14,Corporate
CUST03089,Customer_03089,Female,67,Mumbai,Gujarat,2024-02-15,Premium
CUST03090,Customer_03090,Male,22,Kolkata,Karnataka,2024-12-31,Consumer
CUST03091,Customer_03091,Male,41,Hyderabad,Gujarat,2025-06-16,Consumer
CUST03092,Customer_03092,Female,46,Ahmedabad,Telangana,2025-07-03,Corporate
CUST03093,Customer_03093,Male,46,Delhi,Gujarat,2023-08-31,Consumer
CUST03094,Customer_03094,Female,43,Mumbai,Tamil Nadu,2023-01-08,Consumer
CUST03095,Customer_03095,Male,57,Bengaluru,Karnataka,2024-09-14,Consumer
CUST03096,Customer_03096,Female,20,Ahmedabad,Maharashtra,2025-07-12,Consumer
CUST03097,Customer_03097,Female,19,Kolkata,Tamil Nadu,2024-08-02,Consumer
CUST03098,Customer_03098,Male,42,Chennai,West Bengal,2023-06-15,Consumer
CUST03099,Customer_03099,Male,36,Pune,Gujarat,2023-12-30,Consumer
CUST03100,Customer_03100,Male,57,Pune,Tamil Nadu,2024-10-19,Consumer
CUST03101,Customer_03101,Male,19,Mumbai,Delhi,2024-05-29,Premium
CUST03102,Customer_03102,Female,36,Ahmedabad,Tamil Nadu,2025-01-01,Consumer
CUST03103,Customer_03103,Female,18,Pune,Tamil Nadu,2025-06-28,Consumer
CUST03104,Customer_03104,Male,44,Pune,Gujarat,2023-04-28,Consumer
CUST03105,Customer_03105,Male,62,Ahmedabad,Telangana,2025-10-06,Premium
CUST03106,Customer_03106,Male,69,Mumbai,West Bengal,2025-02-10,Consumer
CUST03107,Customer_03107,Female,66,Mumbai,Gujarat,2025-07-18,Consumer
CUST03108,Customer_03108,Male,52,Kolkata,Maharashtra,2024-11-26,Consumer
CUST03109,Customer_03109,Female,58,Bengaluru,West Bengal,2024-06-05,Consumer
CUST03110,Customer_03110,Female,22,Bengaluru,Karnataka,2023-12-03,Consumer
CUST03111,Customer_03111,Female,55,Pune,Delhi,2024-03-23,Corporate
CUST03112,Customer_03112,Male,21,Kolkata,Telangana,2024-10-14,Consumer
CUST03113,Customer_03113,Female,34,Mumbai,Karnataka,2025-06-08,Consumer
CUST03114,Customer_03114,Male,38,Mumbai,Karnataka,2024-08-26,Consumer
CUST03115,Customer_03115,Male,65,Pune,West Bengal,2024-10-14,Consumer
CUST03116,Customer_03116,Female,48,Hyderabad,Telangana,2025-01-28,Consumer
CUST03117,Customer_03117,Female,65,Chennai,Delhi,2024-03-17,Consumer
CUST03118,Customer_03118,Male,39,Delhi,Maharashtra,2024-02-13,Corporate
CUST03119,Customer_03119,Male,28,Delhi,Telangana,2025-03-20,Consumer
CUST03120,Customer_03120,Male,51,Ahmedabad,Telangana,2023-03-26,Corporate
CUST03121,Customer_03121,Male,66,Pune,Telangana,2025-08-10,Consumer
CUST03122,Customer_03122,Male,32,Kolkata,Delhi,2024-11-27,Corporate
CUST03123,Customer_03123,Male,67,Ahmedabad,Telangana,2023-04-08,Consumer
CUST03124,Customer_03124,Male,27,Delhi,Telangana,2024-06-25,Consumer
CUST03125,Customer_03125,Female,55,Bengaluru,Tamil Nadu,2023-07-10,Corporate
CUST03126,Customer_03126,Female,49,Kolkata,Tamil Nadu,2025-08-25,Consumer
CUST03127,Customer_03127,Female,65,Ahmedabad,Tamil Nadu,2023-09-15,Consumer
CUST03128,Customer_03128,Male,48,Kolkata,Tamil Nadu,2023-06-04,Premium
CUST03129,Customer_03129,Female,54,Ahmedabad,Telangana,2025-08-01,Consumer
CUST03130,Customer_03130,Female,61,Bengaluru,West Bengal,2023-08-16,Corporate
CUST03131,Customer_03131,Female,45,Hyderabad,Tamil Nadu,2024-05-31,Consumer
CUST03132,Customer_03132,Female,48,Pune,Karnataka,2024-10-02,Consumer
CUST03133,Customer_03133,Female,23,Bengaluru,West Bengal,2023-03-15,Consumer
CUST03134,Customer_03134,Female,31,Pune,Maharashtra,2023-12-31,Corporate
CUST03135,Customer_03135,Male,40,Pune,Tamil Nadu,2023-01-24,Consumer
CUST03136,Customer_03136,Female,33,Ahmedabad,Delhi,2024-04-07,Consumer
CUST03137,Customer_03137,Female,42,Kolkata,Maharashtra,2024-04-25,Consumer
CUST03138,Customer_03138,Female,56,Mumbai,Gujarat,2023-02-13,Consumer
CUST03139,Customer_03139,Female,19,Chennai,Gujarat,2025-11-26,Premium
CUST03140,Customer_03140,Male,55,Chennai,Karnataka,2024-04-05,Consumer
CUST03141,Customer_03141,Male,58,Pune,Maharashtra,2023-03-11,Premium
CUST03142,Customer_03142,Female,56,Chennai,Maharashtra,2023-08-01,Consumer
CUST03143,Customer_03143,Female,51,Chennai,Karnataka,2025-07-02,Consumer
CUST03144,Customer_03144,Female,68,Delhi,Gujarat,2023-03-13,Consumer
CUST03145,Customer_03145,Male,57,Kolkata,Tamil Nadu,2025-04-07,Corporate
CUST03146,Customer_03146,Male,60,Delhi,Karnataka,2023-06-29,Consumer
CUST03147,Customer_03147,Female,42,Mumbai,Delhi,2023-07-27,Corporate
CUST03148,Customer_03148,Female,53,Hyderabad,Karnataka,2023-06-26,Consumer
CUST03149,Customer_03149,Female,33,Kolkata,Telangana,2024-12-07,Corporate
CUST03150,Customer_03150,Male,35,Bengaluru,Gujarat,2025-06-02,Corporate
CUST03151,Customer_03151,Female,30,Ahmedabad,Telangana,2025-01-20,Consumer
CUST03152,Customer_03152,Male,54,Ahmedabad,Gujarat,2023-06-03,Consumer
CUST03153,Customer_03153,Female,44,Ahmedabad,Gujarat,2023-01-30,Consumer
CUST03154,Customer_03154,Male,51,Bengaluru,Maharashtra,2025-11-16,Consumer
CUST03155,Customer_03155,Male,28,Delhi,Tamil Nadu,2025-09-02,Consumer
CUST03156,Customer_03156,Female,18,Pune,Tamil Nadu,2024-10-05,Consumer
CUST03157,Customer_03157,Female,30,Chennai,Gujarat,2024-11-21,Consumer
CUST03158,Customer_03158,Male,47,Mumbai,Gujarat,2023-04-08,Consumer
CUST03159,Customer_03159,Female,22,Hyderabad,Telangana,2023-11-22,Consumer
CUST03160,Customer_03160,Male,35,Delhi,Delhi,2023-08-25,Consumer
CUST03161,Customer_03161,Male,31,Pune,Karnataka,2023-05-18,Consumer
CUST03162,Customer_03162,Male,30,Mumbai,Gujarat,2024-09-21,Consumer
CUST03163,Customer_03163,Male,49,Ahmedabad,Gujarat,2024-09-09,Consumer
CUST03164,Customer_03164,Female,24,Pune,Karnataka,2025-12-05,Consumer
CUST03165,Customer_03165,Male,25,Mumbai,Karnataka,2024-01-25,Corporate
CUST03166,Customer_03166,Female,67,Delhi,Delhi,2023-12-26,Corporate
CUST03167,Customer_03167,Female,24,Mumbai,Delhi,2024-08-04,Premium
CUST03168,Customer_03168,Male,69,Kolkata,Karnataka,2023-07-26,Consumer
CUST03169,Customer_03169,Female,66,Chennai,Gujarat,2024-08-23,Consumer
CUST03170,Customer_03170,Male,33,Mumbai,Gujarat,2025-09-05,Corporate
CUST03171,Customer_03171,Female,60,Hyderabad,Karnataka,2024-05-29,Consumer
CUST03172,Customer_03172,Male,48,Mumbai,Gujarat,2025-03-20,Consumer
CUST03173,Customer_03173,Male,68,Kolkata,Delhi,2024-03-13,Consumer
CUST03174,Customer_03174,Male,44,Bengaluru,Karnataka,2024-04-13,Consumer
CUST03175,Customer_03175,Male,50,Kolkata,Delhi,2024-09-21,Premium
CUST03176,Customer_03176,Male,46,Mumbai,Gujarat,2024-01-30,Corporate
CUST03177,Customer_03177,Female,25,Ahmedabad,Gujarat,2023-04-24,Consumer
CUST03178,Customer_03178,Female,50,Pune,Maharashtra,2024-04-07,Consumer
CUST03179,Customer_03179,Female,58,Ahmedabad,Telangana,2024-06-25,Consumer
CUST03180,Customer_03180,Female,36,Ahmedabad,Telangana,2023-09-04,Consumer
CUST03181,Customer_03181,Male,38,Delhi,West Bengal,2023-09-30,Consumer
CUST03182,Customer_03182,Male,58,Bengaluru,Delhi,2024-06-28,Premium
CUST03183,Customer_03183,Male,38,Delhi,Karnataka,2024-09-14,Corporate
CUST03184,Customer_03184,Male,42,Pune,Telangana,2024-12-18,Corporate
CUST03185,Customer_03185,Female,59,Hyderabad,Gujarat,2025-02-16,Corporate
CUST03186,Customer_03186,Female,40,Chennai,Tamil Nadu,2025-10-17,Consumer
CUST03187,Customer_03187,Male,28,Hyderabad,Karnataka,2024-05-04,Corporate
CUST03188,Customer_03188,Male,50,Bengaluru,Delhi,2023-08-03,Consumer
CUST03189,Customer_03189,Female,37,Pune,Gujarat,2024-08-12,Corporate
CUST03190,Customer_03190,Female,42,Ahmedabad,Gujarat,2023-06-24,Consumer
CUST03191,Customer_03191,Male,43,Pune,Tamil Nadu,2023-02-21,Corporate
CUST03192,Customer_03192,Female,57,Ahmedabad,Delhi,2023-10-24,Corporate
CUST03193,Customer_03193,Female,69,Chennai,West Bengal,2023-06-24,Consumer
CUST03194,Customer_03194,Male,29,Mumbai,Karnataka,2025-08-26,Consumer
CUST03195,Customer_03195,Male,49,Bengaluru,Gujarat,2023-12-09,Premium
CUST03196,Customer_03196,Female,50,Chennai,West Bengal,2024-08-22,Consumer
CUST03197,Customer_03197,Female,27,Kolkata,Maharashtra,2023-06-20,Consumer
CUST03198,Customer_03198,Female,21,Kolkata,Gujarat,2025-11-26,Consumer
CUST03199,Customer_03199,Male,32,Delhi,Maharashtra,2025-12-23,Corporate
CUST03200,Customer_03200,Male,68,Ahmedabad,Maharashtra,2024-03-30,Corporate
CUST03201,Customer_03201,Female,23,Chennai,Karnataka,2024-12-27,Corporate
CUST03202,Customer_03202,Female,44,Delhi,Karnataka,2025-06-05,Consumer
CUST03203,Customer_03203,Male,22,Kolkata,Tamil Nadu,2025-10-02,Premium
CUST03204,Customer_03204,Female,22,Kolkata,Gujarat,2025-01-24,Consumer
CUST03205,Customer_03205,Female,35,Delhi,Karnataka,2023-05-30,Premium
CUST03206,Customer_03206,Female,45,Pune,Karnataka,2024-09-27,Premium
CUST03207,Customer_03207,Female,52,Chennai,Tamil Nadu,2025-08-24,Consumer
CUST03208,Customer_03208,Female,39,Pune,Tamil Nadu,2024-12-10,Consumer
CUST03209,Customer_03209,Male,51,Kolkata,Gujarat,2023-10-05,Consumer
CUST03210,Customer_03210,Female,21,Pune,West Bengal,2023-02-04,Consumer
CUST03211,Customer_03211,Male,35,Ahmedabad,Delhi,2023-06-24,Corporate
CUST03212,Customer_03212,Female,58,Hyderabad,Telangana,2025-11-22,Consumer
CUST03213,Customer_03213,Male,68,Hyderabad,Gujarat,2024-12-15,Consumer
CUST03214,Customer_03214,Female,43,Pune,Telangana,2023-09-11,Consumer
CUST03215,Customer_03215,Male,59,Pune,Delhi,2024-07-21,Consumer
CUST03216,Customer_03216,Male,39,Ahmedabad,Maharashtra,2023-11-19,Consumer
CUST03217,Customer_03217,Male,64,Delhi,West Bengal,2023-01-13,Corporate
CUST03218,Customer_03218,Male,50,Pune,Gujarat,2023-02-19,Consumer
CUST03219,Customer_03219,Female,60,Bengaluru,Karnataka,2025-08-10,Corporate
CUST03220,Customer_03220,Female,31,Chennai,Tamil Nadu,2025-09-20,Corporate
CUST03221,Customer_03221,Female,48,Bengaluru,Gujarat,2024-09-07,Corporate
CUST03222,Customer_03222,Male,27,Hyderabad,Tamil Nadu,2025-05-15,Consumer
CUST03223,Customer_03223,Male,68,Bengaluru,Maharashtra,2023-04-06,Consumer
CUST03224,Customer_03224,Male,41,Mumbai,Tamil Nadu,2023-12-09,Consumer
CUST03225,Customer_03225,Male,38,Mumbai,Maharashtra,2025-05-05,Consumer
CUST03226,Customer_03226,Female,65,Hyderabad,West Bengal,2023-07-12,Corporate
CUST03227,Customer_03227,Male,25,Bengaluru,Delhi,2024-05-25,Consumer
CUST03228,Customer_03228,Male,49,Chennai,Maharashtra,2023-01-07,Consumer
CUST03229,Customer_03229,Male,48,Ahmedabad,Telangana,2023-11-26,Consumer
CUST03230,Customer_03230,Male,51,Hyderabad,Gujarat,2023-03-24,Consumer
CUST03231,Customer_03231,Female,40,Mumbai,Maharashtra,2025-06-23,Consumer
CUST03232,Customer_03232,Female,42,Hyderabad,Gujarat,2024-09-17,Consumer
CUST03233,Customer_03233,Male,24,Bengaluru,Delhi,2024-06-10,Consumer
CUST03234,Customer_03234,Male,36,Bengaluru,West Bengal,2024-03-15,Consumer
CUST03235,Customer_03235,Male,24,Bengaluru,Maharashtra,2025-06-08,Consumer
CUST03236,Customer_03236,Male,64,Delhi,Delhi,2025-01-31,Consumer
CUST03237,Customer_03237,Male,25,Bengaluru,Telangana,2025-10-20,Consumer
CUST03238,Customer_03238,Female,31,Pune,West Bengal,2023-01-19,Corporate
CUST03239,Customer_03239,Female,18,Mumbai,Karnataka,2023-01-09,Corporate
CUST03240,Customer_03240,Female,30,Kolkata,Delhi,2025-11-27,Consumer
CUST03241,Customer_03241,Male,20,Mumbai,Karnataka,2024-12-23,Consumer
CUST03242,Customer_03242,Male,45,Delhi,Delhi,2025-06-22,Premium
CUST03243,Customer_03243,Female,55,Mumbai,West Bengal,2023-05-14,Consumer
CUST03244,Customer_03244,Female,68,Mumbai,Maharashtra,2023-04-03,Consumer
CUST03245,Customer_03245,Female,32,Hyderabad,Karnataka,2025-03-12,Consumer
CUST03246,Customer_03246,Male,53,Kolkata,West Bengal,2025-05-13,Consumer
CUST03247,Customer_03247,Female,20,Kolkata,Delhi,2025-02-12,Consumer
CUST03248,Customer_03248,Male,21,Bengaluru,Gujarat,2024-06-27,Consumer
CUST03249,Customer_03249,Female,22,Pune,Delhi,2023-07-07,Consumer
CUST03250,Customer_03250,Female,67,Pune,Karnataka,2023-05-16,Consumer
CUST03251,Customer_03251,Female,43,Hyderabad,Gujarat,2023-06-15,Consumer
CUST03252,Customer_03252,Male,42,Pune,West Bengal,2025-09-17,Premium
CUST03253,Customer_03253,Female,27,Hyderabad,Delhi,2023-09-02,Consumer
CUST03254,Customer_03254,Male,25,Kolkata,Karnataka,2025-10-29,Corporate
CUST03255,Customer_03255,Male,29,Kolkata,Telangana,2025-04-09,Consumer
CUST03256,Customer_03256,Male,20,Ahmedabad,Tamil Nadu,2024-11-18,Corporate
CUST03257,Customer_03257,Female,44,Kolkata,Telangana,2023-04-24,Corporate
CUST03258,Customer_03258,Male,67,Pune,Karnataka,2023-06-16,Consumer
CUST03259,Customer_03259,Male,40,Mumbai,Maharashtra,2024-05-02,Consumer
CUST03260,Customer_03260,Female,57,Kolkata,Maharashtra,2024-03-12,Corporate
CUST03261,Customer_03261,Male,50,Ahmedabad,Tamil Nadu,2023-08-11,Consumer
CUST03262,Customer_03262,Female,31,Chennai,Karnataka,2023-07-10,Premium
CUST03263,Customer_03263,Male,40,Bengaluru,Gujarat,2024-07-29,Consumer
CUST03264,Customer_03264,Male,48,Chennai,Delhi,2025-03-04,Consumer
CUST03265,Customer_03265,Female,30,Mumbai,Telangana,2023-06-22,Consumer
CUST03266,Customer_03266,Male,29,Delhi,Gujarat,2024-03-25,Consumer
CUST03267,Customer_03267,Male,52,Hyderabad,West Bengal,2023-03-18,Consumer
CUST03268,Customer_03268,Female,35,Ahmedabad,Telangana,2024-09-06,Corporate
CUST03269,Customer_03269,Female,38,Pune,Tamil Nadu,2023-08-14,Corporate
CUST03270,Customer_03270,Female,62,Pune,Tamil Nadu,2025-01-08,Corporate
CUST03271,Customer_03271,Male,64,Mumbai,West Bengal,2025-07-29,Consumer
CUST03272,Customer_03272,Male,59,Pune,Tamil Nadu,2023-03-17,Corporate
CUST03273,Customer_03273,Female,18,Mumbai,West Bengal,2025-11-22,Consumer
CUST03274,Customer_03274,Female,55,Ahmedabad,Gujarat,2023-03-10,Consumer
CUST03275,Customer_03275,Female,58,Chennai,Gujarat,2024-02-19,Consumer
CUST03276,Customer_03276,Female,59,Delhi,Tamil Nadu,2024-12-31,Corporate
CUST03277,Customer_03277,Female,64,Hyderabad,Gujarat,2023-12-28,Consumer
CUST03278,Customer_03278,Male,26,Pune,Tamil Nadu,2025-05-19,Consumer
CUST03279,Customer_03279,Male,40,Delhi,Gujarat,2025-12-07,Consumer
CUST03280,Customer_03280,Female,31,Delhi,Tamil Nadu,2023-03-09,Consumer
CUST03281,Customer_03281,Male,28,Delhi,Delhi,2025-07-24,Consumer
CUST03282,Customer_03282,Male,24,Bengaluru,Delhi,2024-01-12,Consumer
CUST03283,Customer_03283,Female,48,Delhi,West Bengal,2023-10-03,Consumer
CUST03284,Customer_03284,Female,41,Kolkata,Telangana,2025-02-06,Consumer
CUST03285,Customer_03285,Male,43,Mumbai,West Bengal,2025-08-07,Consumer
CUST03286,Customer_03286,Male,47,Bengaluru,Telangana,2023-07-24,Consumer
CUST03287,Customer_03287,Male,51,Kolkata,West Bengal,2025-01-14,Consumer
CUST03288,Customer_03288,Female,63,Bengaluru,Tamil Nadu,2025-12-24,Consumer
CUST03289,Customer_03289,Female,55,Delhi,Telangana,2025-06-29,Consumer
CUST03290,Customer_03290,Male,22,Pune,Gujarat,2023-11-21,Corporate
CUST03291,Customer_03291,Male,22,Pune,Tamil Nadu,2024-01-13,Consumer
CUST03292,Customer_03292,Female,36,Pune,Delhi,2025-03-27,Consumer
CUST03293,Customer_03293,Male,68,Pune,Maharashtra,2024-11-11,Consumer
CUST03294,Customer_03294,Female,55,Mumbai,Delhi,2024-11-01,Corporate
CUST03295,Customer_03295,Female,45,Ahmedabad,Karnataka,2024-09-19,Corporate
CUST03296,Customer_03296,Male,43,Pune,Delhi,2025-10-14,Consumer
CUST03297,Customer_03297,Female,59,Hyderabad,Karnataka,2024-03-10,Corporate
CUST03298,Customer_03298,Male,40,Delhi,Telangana,2025-06-03,Premium
CUST03299,Customer_03299,Male,63,Bengaluru,Delhi,2025-11-04,Consumer
CUST03300,Customer_03300,Female,66,Hyderabad,Maharashtra,2024-03-21,Premium
CUST03301,Customer_03301,Male,47,Pune,Gujarat,2023-02-23,Consumer
CUST03302,Customer_03302,Other,20,Hyderabad,Delhi,2024-11-22,Consumer
CUST03303,Customer_03303,Female,45,Bengaluru,Gujarat,2023-01-04,Consumer
CUST03304,Customer_03304,Male,50,Pune,Delhi,2023-09-14,Consumer
CUST03305,Customer_03305,Male,59,Hyderabad,Delhi,2025-04-13,Corporate
CUST03306,Customer_03306,Male,20,Mumbai,Gujarat,2024-04-26,Consumer
CUST03307,Customer_03307,Male,22,Mumbai,Gujarat,2024-04-05,Consumer
CUST03308,Customer_03308,Male,36,Delhi,Tamil Nadu,2025-04-28,Consumer
CUST03309,Customer_03309,Male,59,Ahmedabad,Delhi,2024-04-17,Premium
CUST03310,Customer_03310,Male,65,Delhi,Delhi,2023-07-12,Consumer
CUST03311,Customer_03311,Female,18,Kolkata,Maharashtra,2023-11-03,Consumer
CUST03312,Customer_03312,Female,55,Hyderabad,Gujarat,2025-01-28,Consumer
CUST03313,Customer_03313,Female,26,Bengaluru,Gujarat,2025-06-24,Corporate
CUST03314,Customer_03314,Male,22,Mumbai,Karnataka,2023-08-09,Consumer
CUST03315,Customer_03315,Male,63,Chennai,Karnataka,2023-06-21,Consumer
CUST03316,Customer_03316,Female,59,Ahmedabad,Gujarat,2023-06-21,Consumer
CUST03317,Customer_03317,Male,51,Delhi,Maharashtra,2025-12-22,Consumer
CUST03318,Customer_03318,Male,54,Kolkata,Telangana,2025-12-24,Consumer
CUST03319,Customer_03319,Female,50,Mumbai,Delhi,2023-03-22,Premium
CUST03320,Customer_03320,Female,42,Kolkata,Telangana,2025-01-28,Corporate
CUST03321,Customer_03321,Female,59,Pune,Maharashtra,2023-03-14,Premium
CUST03322,Customer_03322,Male,46,Hyderabad,Telangana,2023-11-28,Consumer
CUST03323,Customer_03323,Female,42,Kolkata,Karnataka,2025-11-14,Consumer
CUST03324,Customer_03324,Female,26,Ahmedabad,Tamil Nadu,2023-08-16,Consumer
CUST03325,Customer_03325,Female,20,Mumbai,Telangana,2023-08-30,Consumer
CUST03326,Customer_03326,Female,32,Mumbai,Tamil Nadu,2024-05-17,Premium
CUST03327,Customer_03327,Female,21,Hyderabad,Telangana,2025-12-15,Premium
CUST03328,Customer_03328,Female,62,Delhi,Maharashtra,2024-07-05,Corporate
CUST03329,Customer_03329,Male,55,Delhi,Tamil Nadu,2025-07-12,Consumer
CUST03330,Customer_03330,Female,37,Chennai,Telangana,2023-05-01,Corporate
CUST03331,Customer_03331,Female,66,Ahmedabad,Maharashtra,2023-01-26,Consumer
CUST03332,Customer_03332,Female,40,Chennai,West Bengal,2024-05-25,Corporate
CUST03333,Customer_03333,Male,54,Delhi,West Bengal,2025-05-30,Consumer
CUST03334,Customer_03334,Male,64,Delhi,Gujarat,2023-01-23,Consumer
CUST03335,Customer_03335,Female,25,Ahmedabad,West Bengal,2023-04-26,Consumer
CUST03336,Customer_03336,Female,54,Kolkata,Karnataka,2024-04-24,Corporate
CUST03337,Customer_03337,Female,62,Ahmedabad,Delhi,2023-11-03,Consumer
CUST03338,Customer_03338,Female,50,Delhi,Maharashtra,2023-08-19,Consumer
CUST03339,Customer_03339,Female,50,Delhi,Maharashtra,2024-12-01,Premium
CUST03340,Customer_03340,Female,24,Mumbai,Karnataka,2024-05-06,Consumer
CUST03341,Customer_03341,Female,39,Chennai,Tamil Nadu,2025-02-07,Consumer
CUST03342,Customer_03342,Female,22,Hyderabad,Telangana,2023-10-13,Consumer
CUST03343,Customer_03343,Female,63,Ahmedabad,Tamil Nadu,2025-09-14,Consumer
CUST03344,Customer_03344,Male,32,Bengaluru,Maharashtra,2025-06-08,Consumer
CUST03345,Customer_03345,Male,38,Hyderabad,Gujarat,2024-08-20,Consumer
CUST03346,Customer_03346,Female,42,Ahmedabad,West Bengal,2025-05-06,Consumer
CUST03347,Customer_03347,Male,34,Pune,Telangana,2025-04-18,Consumer
CUST03348,Customer_03348,Male,67,Ahmedabad,West Bengal,2025-07-06,Consumer
CUST03349,Customer_03349,Male,24,Bengaluru,West Bengal,2025-07-28,Consumer
CUST03350,Customer_03350,Male,67,Mumbai,Delhi,2025-03-15,Premium
CUST03351,Customer_03351,Male,36,Pune,West Bengal,2023-06-11,Premium
CUST03352,Customer_03352,Male,69,Chennai,Delhi,2024-09-03,Consumer
CUST03353,Customer_03353,Female,24,Bengaluru,Telangana,2025-08-10,Corporate
CUST03354,Customer_03354,Female,57,Delhi,Maharashtra,2023-10-03,Corporate
CUST03355,Customer_03355,Male,62,Pune,Gujarat,2025-09-23,Corporate
CUST03356,Customer_03356,Male,67,Mumbai,Karnataka,2024-06-12,Consumer
CUST03357,Customer_03357,Female,41,Ahmedabad,West Bengal,2025-08-16,Consumer
CUST03358,Customer_03358,Male,28,Ahmedabad,Gujarat,2023-02-19,Corporate
CUST03359,Customer_03359,Female,58,Bengaluru,West Bengal,2024-08-06,Consumer
CUST03360,Customer_03360,Female,18,Delhi,West Bengal,2025-07-02,Consumer
CUST03361,Customer_03361,Female,49,Pune,Tamil Nadu,2024-04-21,Consumer
CUST03362,Customer_03362,Male,57,Mumbai,Gujarat,2024-05-02,Premium
CUST03363,Customer_03363,Female,61,Ahmedabad,Gujarat,2023-03-21,Consumer
CUST03364,Customer_03364,Male,19,Pune,Tamil Nadu,2024-07-14,Consumer
CUST03365,Customer_03365,Female,32,Bengaluru,Karnataka,2024-02-10,Consumer
CUST03366,Customer_03366,Female,38,Delhi,Karnataka,2024-06-20,Premium
CUST03367,Customer_03367,Male,41,Chennai,Delhi,2023-09-12,Corporate
CUST03368,Customer_03368,Male,67,Kolkata,West Bengal,2025-08-17,Consumer
CUST03369,Customer_03369,Male,34,Mumbai,Karnataka,2024-05-01,Consumer
CUST03370,Customer_03370,Female,64,Bengaluru,Telangana,2024-05-30,Consumer
CUST03371,Customer_03371,Male,69,Ahmedabad,Delhi,2024-04-08,Consumer
CUST03372,Customer_03372,Female,69,Delhi,Maharashtra,2025-02-18,Corporate
CUST03373,Customer_03373,Male,26,Chennai,Delhi,2023-02-05,Consumer
CUST03374,Customer_03374,Female,52,Pune,West Bengal,2023-01-16,Consumer
CUST03375,Customer_03375,Female,37,Delhi,Gujarat,2025-07-07,Consumer
CUST03376,Customer_03376,Female,36,Kolkata,Gujarat,2024-10-10,Corporate
CUST03377,Customer_03377,Female,35,Chennai,Delhi,2025-04-02,Consumer
CUST03378,Customer_03378,Male,37,Bengaluru,Tamil Nadu,2023-03-14,Consumer
CUST03379,Customer_03379,Male,47,Ahmedabad,West Bengal,2025-01-09,Consumer
CUST03380,Customer_03380,Female,57,Delhi,Karnataka,2025-01-27,Consumer
CUST03381,Customer_03381,Male,18,Kolkata,Gujarat,2025-06-24,Corporate
CUST03382,Customer_03382,Male,41,Delhi,Gujarat,2025-10-15,Premium
CUST03383,Customer_03383,Male,41,Hyderabad,Telangana,2025-03-08,Consumer
CUST03384,Customer_03384,Male,64,Mumbai,West Bengal,2025-08-10,Corporate
CUST03385,Customer_03385,Male,36,Delhi,Karnataka,2024-04-28,Consumer
CUST03386,Customer_03386,Female,47,Kolkata,West Bengal,2024-01-22,Consumer
CUST03387,Customer_03387,Male,43,Chennai,Gujarat,2024-04-02,Premium
CUST03388,Customer_03388,Female,59,Mumbai,Tamil Nadu,2024-02-26,Consumer
CUST03389,Customer_03389,Male,61,Bengaluru,Gujarat,2023-08-20,Consumer
CUST03390,Customer_03390,Female,55,Kolkata,Karnataka,2024-06-22,Corporate
CUST03391,Customer_03391,Male,46,Mumbai,Telangana,2024-12-20,Consumer
CUST03392,Customer_03392,Female,30,Hyderabad,Karnataka,2023-06-04,Corporate
CUST03393,Customer_03393,Female,21,Ahmedabad,West Bengal,2024-06-02,Consumer
CUST03394,Customer_03394,Male,62,Bengaluru,West Bengal,2024-08-06,Consumer
CUST03395,Customer_03395,Female,34,Delhi,Tamil Nadu,2024-11-30,Consumer
CUST03396,Customer_03396,Other,50,Kolkata,Telangana,2023-04-15,Consumer
CUST03397,Customer_03397,Female,22,Pune,Karnataka,2025-03-22,Corporate
CUST03398,Customer_03398,Female,45,Bengaluru,Tamil Nadu,2025-08-23,Consumer
CUST03399,Customer_03399,Male,41,Kolkata,Tamil Nadu,2024-08-18,Corporate
CUST03400,Customer_03400,Female,34,Ahmedabad,Delhi,2025-10-10,Consumer
CUST03401,Customer_03401,Male,67,Ahmedabad,Gujarat,2024-06-23,Corporate
CUST03402,Customer_03402,Male,56,Bengaluru,West Bengal,2023-01-12,Premium
CUST03403,Customer_03403,Other,65,Hyderabad,Telangana,2023-12-30,Consumer
CUST03404,Customer_03404,Male,57,Chennai,Telangana,2024-10-23,Premium
CUST03405,Customer_03405,Female,61,Bengaluru,Gujarat,2024-06-21,Consumer
CUST03406,Customer_03406,Female,63,Kolkata,West Bengal,2023-11-10,Consumer
CUST03407,Customer_03407,Female,68,Ahmedabad,West Bengal,2024-08-02,Consumer
CUST03408,Customer_03408,Other,28,Chennai,Karnataka,2023-09-19,Consumer
CUST03409,Customer_03409,Male,29,Mumbai,Delhi,2024-05-10,Consumer
CUST03410,Customer_03410,Male,30,Pune,Telangana,2024-09-14,Corporate
CUST03411,Customer_03411,Male,25,Hyderabad,Tamil Nadu,2023-05-10,Corporate
CUST03412,Customer_03412,Male,18,Ahmedabad,Telangana,2025-03-02,Consumer
CUST03413,Customer_03413,Male,26,Delhi,Delhi,2023-03-30,Corporate
CUST03414,Customer_03414,Male,45,Ahmedabad,Gujarat,2025-08-25,Consumer
CUST03415,Customer_03415,Female,19,Kolkata,Maharashtra,2024-09-21,Consumer
CUST03416,Customer_03416,Female,31,Kolkata,Gujarat,2024-05-20,Consumer
CUST03417,Customer_03417,Male,30,Kolkata,Tamil Nadu,2023-07-26,Consumer
CUST03418,Customer_03418,Female,65,Bengaluru,Telangana,2025-12-18,Consumer
CUST03419,Customer_03419,Male,19,Pune,Gujarat,2024-06-17,Consumer
CUST03420,Customer_03420,Male,21,Pune,Tamil Nadu,2025-06-02,Corporate
CUST03421,Customer_03421,Female,29,Chennai,West Bengal,2025-08-08,Corporate
CUST03422,Customer_03422,Female,65,Bengaluru,Karnataka,2023-10-12,Consumer
CUST03423,Customer_03423,Female,27,Kolkata,Tamil Nadu,2024-12-19,Consumer
CUST03424,Customer_03424,Male,20,Pune,Telangana,2024-05-16,Consumer
CUST03425,Customer_03425,Female,21,Ahmedabad,Karnataka,2023-09-15,Consumer
CUST03426,Customer_03426,Female,23,Kolkata,Karnataka,2025-03-20,Consumer
CUST03427,Customer_03427,Female,40,Kolkata,Karnataka,2023-02-21,Consumer
CUST03428,Customer_03428,Female,22,Kolkata,Maharashtra,2024-07-03,Corporate
CUST03429,Customer_03429,Female,67,Hyderabad,Maharashtra,2024-10-26,Consumer
CUST03430,Customer_03430,Female,20,Delhi,Karnataka,2024-10-16,Consumer
CUST03431,Customer_03431,Female,27,Mumbai,Gujarat,2025-08-23,Consumer
CUST03432,Customer_03432,Other,60,Ahmedabad,Gujarat,2024-06-05,Consumer
CUST03433,Customer_03433,Female,36,Mumbai,Gujarat,2025-08-26,Premium
CUST03434,Customer_03434,Male,31,Chennai,Telangana,2025-09-27,Corporate
CUST03435,Customer_03435,Female,38,Pune,Karnataka,2025-06-06,Consumer
CUST03436,Customer_03436,Male,60,Mumbai,Gujarat,2025-01-14,Corporate
CUST03437,Customer_03437,Male,45,Chennai,Karnataka,2025-12-28,Corporate
CUST03438,Customer_03438,Female,38,Delhi,Tamil Nadu,2025-12-03,Corporate
CUST03439,Customer_03439,Female,53,Kolkata,Gujarat,2023-07-30,Consumer
CUST03440,Customer_03440,Female,41,Ahmedabad,Tamil Nadu,2023-10-03,Corporate
CUST03441,Customer_03441,Male,55,Ahmedabad,Tamil Nadu,2024-04-23,Corporate
CUST03442,Customer_03442,Female,34,Bengaluru,Gujarat,2023-07-24,Consumer
CUST03443,Customer_03443,Male,39,Hyderabad,Delhi,2023-04-29,Consumer
CUST03444,Customer_03444,Other,36,Delhi,Tamil Nadu,2024-04-30,Consumer
CUST03445,Customer_03445,Other,62,Delhi,Gujarat,2023-04-19,Consumer
CUST03446,Customer_03446,Female,27,Mumbai,West Bengal,2024-03-29,Corporate
CUST03447,Customer_03447,Female,28,Mumbai,Tamil Nadu,2025-10-28,Consumer
CUST03448,Customer_03448,Female,55,Hyderabad,Telangana,2024-05-26,Consumer
CUST03449,Customer_03449,Female,19,Ahmedabad,Maharashtra,2025-12-02,Consumer
CUST03450,Customer_03450,Male,50,Bengaluru,Maharashtra,2023-05-12,Consumer
CUST03451,Customer_03451,Male,60,Delhi,Maharashtra,2025-01-20,Consumer
CUST03452,Customer_03452,Female,48,Pune,West Bengal,2024-01-29,Consumer
CUST03453,Customer_03453,Female,65,Mumbai,Delhi,2023-07-17,Corporate
CUST03454,Customer_03454,Male,52,Ahmedabad,Karnataka,2023-08-08,Corporate
CUST03455,Customer_03455,Female,54,Delhi,Tamil Nadu,2025-05-17,Corporate
CUST03456,Customer_03456,Male,64,Bengaluru,West Bengal,2023-04-04,Consumer
CUST03457,Customer_03457,Female,64,Ahmedabad,Telangana,2023-06-02,Premium
CUST03458,Customer_03458,Female,53,Chennai,Delhi,2024-06-08,Corporate
CUST03459,Customer_03459,Female,40,Bengaluru,West Bengal,2024-12-19,Corporate
CUST03460,Customer_03460,Female,53,Delhi,Maharashtra,2025-02-05,Corporate
CUST03461,Customer_03461,Male,57,Delhi,Delhi,2025-03-28,Corporate
CUST03462,Customer_03462,Male,56,Hyderabad,West Bengal,2023-09-14,Consumer
CUST03463,Customer_03463,Female,43,Ahmedabad,Telangana,2024-12-01,Corporate
CUST03464,Customer_03464,Female,42,Ahmedabad,Gujarat,2024-05-29,Consumer
CUST03465,Customer_03465,Male,34,Ahmedabad,Delhi,2024-03-20,Consumer
CUST03466,Customer_03466,Female,32,Delhi,Maharashtra,2023-06-20,Consumer
CUST03467,Customer_03467,Male,54,Ahmedabad,Karnataka,2023-09-27,Consumer
CUST03468,Customer_03468,Female,62,Ahmedabad,West Bengal,2024-08-23,Consumer
CUST03469,Customer_03469,Female,21,Mumbai,Maharashtra,2024-09-28,Corporate
CUST03470,Customer_03470,Male,39,Pune,West Bengal,2023-03-08,Consumer
CUST03471,Customer_03471,Male,34,Hyderabad,Maharashtra,2025-02-13,Corporate
CUST03472,Customer_03472,Female,39,Delhi,Maharashtra,2023-01-08,Premium
CUST03473,Customer_03473,Female,34,Ahmedabad,West Bengal,2023-05-15,Corporate
CUST03474,Customer_03474,Female,31,Bengaluru,Delhi,2025-03-26,Consumer
CUST03475,Customer_03475,Female,31,Delhi,Telangana,2025-04-09,Consumer
CUST03476,Customer_03476,Female,34,Bengaluru,Maharashtra,2023-01-25,Consumer
CUST03477,Customer_03477,Female,25,Bengaluru,Gujarat,2024-04-09,Consumer
CUST03478,Customer_03478,Female,51,Delhi,Delhi,2024-01-09,Consumer
CUST03479,Customer_03479,Male,43,Bengaluru,Telangana,2023-07-15,Premium
CUST03480,Customer_03480,Male,62,Pune,Karnataka,2024-12-04,Corporate
CUST03481,Customer_03481,Male,47,Chennai,Maharashtra,2024-02-06,Corporate
CUST03482,Customer_03482,Female,39,Hyderabad,Tamil Nadu,2023-05-02,Consumer
CUST03483,Customer_03483,Male,33,Delhi,Delhi,2025-02-10,Consumer
CUST03484,Customer_03484,Female,47,Kolkata,Gujarat,2024-07-12,Premium
CUST03485,Customer_03485,Female,33,Chennai,Karnataka,2025-08-11,Consumer
CUST03486,Customer_03486,Female,55,Ahmedabad,Karnataka,2025-06-26,Consumer
CUST03487,Customer_03487,Male,41,Bengaluru,Karnataka,2025-11-28,Consumer
CUST03488,Customer_03488,Male,53,Bengaluru,Delhi,2024-09-10,Consumer
CUST03489,Customer_03489,Male,52,Hyderabad,Telangana,2025-01-10,Consumer
CUST03490,Customer_03490,Male,23,Chennai,Tamil Nadu,2025-08-04,Consumer
CUST03491,Customer_03491,Male,21,Chennai,Gujarat,2025-03-07,Premium
CUST03492,Customer_03492,Female,35,Delhi,Telangana,2023-07-25,Corporate
CUST03493,Customer_03493,Female,23,Ahmedabad,Maharashtra,2024-08-05,Corporate
CUST03494,Customer_03494,Female,43,Bengaluru,Tamil Nadu,2024-11-27,Corporate
CUST03495,Customer_03495,Female,54,Kolkata,Telangana,2024-02-16,Corporate
CUST03496,Customer_03496,Male,44,Mumbai,Maharashtra,2023-07-27,Corporate
CUST03497,Customer_03497,Female,58,Ahmedabad,West Bengal,2024-02-09,Consumer
CUST03498,Customer_03498,Female,28,Kolkata,Tamil Nadu,2024-01-23,Consumer
CUST03499,Customer_03499,Male,55,Delhi,Delhi,2025-05-16,Premium
CUST03500,Customer_03500,Female,33,Delhi,Gujarat,2023-09-28,Corporate
CUST03501,Customer_03501,Male,36,Delhi,West Bengal,2024-03-12,Consumer
CUST03502,Customer_03502,Female,60,Hyderabad,Gujarat,2025-05-07,Consumer
CUST03503,Customer_03503,Other,32,Hyderabad,Maharashtra,2023-12-11,Premium
CUST03504,Customer_03504,Male,43,Ahmedabad,Telangana,2023-05-29,Premium
CUST03505,Customer_03505,Female,58,Delhi,Tamil Nadu,2024-09-19,Consumer
CUST03506,Customer_03506,Female,48,Pune,Maharashtra,2023-07-06,Corporate
CUST03507,Customer_03507,Female,36,Mumbai,Maharashtra,2023-01-20,Consumer
CUST03508,Customer_03508,Male,68,Chennai,Delhi,2024-01-08,Consumer
CUST03509,Customer_03509,Female,41,Chennai,Maharashtra,2025-09-05,Consumer
CUST03510,Customer_03510,Male,26,Bengaluru,Tamil Nadu,2023-03-08,Corporate
CUST03511,Customer_03511,Male,40,Chennai,Karnataka,2025-12-21,Consumer
CUST03512,Customer_03512,Male,21,Kolkata,Tamil Nadu,2025-02-24,Consumer
CUST03513,Customer_03513,Female,27,Chennai,Tamil Nadu,2024-09-13,Consumer
CUST03514,Customer_03514,Female,26,Mumbai,Delhi,2023-03-26,Consumer
CUST03515,Customer_03515,Female,36,Chennai,Delhi,2023-06-25,Consumer
CUST03516,Customer_03516,Female,32,Kolkata,Gujarat,2023-12-25,Consumer
CUST03517,Customer_03517,Male,68,Mumbai,West Bengal,2025-04-10,Consumer
CUST03518,Customer_03518,Male,51,Hyderabad,Gujarat,2023-10-18,Consumer
CUST03519,Customer_03519,Male,59,Mumbai,Maharashtra,2023-05-10,Corporate
CUST03520,Customer_03520,Male,36,Hyderabad,Gujarat,2024-04-23,Consumer
CUST03521,Customer_03521,Male,66,Mumbai,Delhi,2024-10-09,Corporate
CUST03522,Customer_03522,Male,69,Delhi,Maharashtra,2024-06-15,Corporate
CUST03523,Customer_03523,Male,38,Kolkata,Karnataka,2023-09-21,Consumer
CUST03524,Customer_03524,Male,51,Pune,Telangana,2025-08-16,Consumer
CUST03525,Customer_03525,Male,68,Ahmedabad,Delhi,2024-05-17,Consumer
CUST03526,Customer_03526,Male,34,Hyderabad,West Bengal,2025-06-27,Premium
CUST03527,Customer_03527,Female,35,Hyderabad,Delhi,2024-04-19,Consumer
CUST03528,Customer_03528,Female,34,Chennai,Karnataka,2025-06-06,Consumer
CUST03529,Customer_03529,Female,19,Hyderabad,West Bengal,2023-01-18,Premium
CUST03530,Customer_03530,Male,68,Mumbai,Delhi,2025-12-28,Corporate
CUST03531,Customer_03531,Male,18,Delhi,Gujarat,2025-06-26,Consumer
CUST03532,Customer_03532,Female,60,Delhi,Gujarat,2023-05-10,Corporate
CUST03533,Customer_03533,Male,27,Chennai,Gujarat,2025-07-26,Consumer
CUST03534,Customer_03534,Male,54,Mumbai,Karnataka,2025-03-25,Consumer
CUST03535,Customer_03535,Male,65,Mumbai,Maharashtra,2023-01-15,Consumer
CUST03536,Customer_03536,Male,22,Bengaluru,Delhi,2025-10-03,Consumer
CUST03537,Customer_03537,Male,29,Ahmedabad,Delhi,2024-12-07,Corporate
CUST03538,Customer_03538,Male,53,Hyderabad,Gujarat,2024-12-03,Consumer
CUST03539,Customer_03539,Female,48,Chennai,Maharashtra,2025-01-15,Consumer
CUST03540,Customer_03540,Male,55,Delhi,Delhi,2024-03-07,Corporate
CUST03541,Customer_03541,Male,68,Kolkata,Tamil Nadu,2025-12-25,Consumer
CUST03542,Customer_03542,Female,26,Pune,Karnataka,2023-02-05,Corporate
CUST03543,Customer_03543,Male,61,Bengaluru,Telangana,2025-01-16,Consumer
CUST03544,Customer_03544,Male,43,Ahmedabad,Tamil Nadu,2023-01-17,Consumer
CUST03545,Customer_03545,Female,32,Mumbai,West Bengal,2024-05-28,Consumer
CUST03546,Customer_03546,Male,33,Hyderabad,Telangana,2023-02-02,Consumer
CUST03547,Customer_03547,Male,30,Delhi,Tamil Nadu,2023-12-15,Consumer
CUST03548,Customer_03548,Male,42,Kolkata,Tamil Nadu,2024-05-22,Consumer
CUST03549,Customer_03549,Male,47,Bengaluru,West Bengal,2024-10-07,Consumer
CUST03550,Customer_03550,Female,24,Mumbai,West Bengal,2025-07-27,Consumer
CUST03551,Customer_03551,Female,69,Delhi,Tamil Nadu,2025-05-05,Consumer
CUST03552,Customer_03552,Male,21,Delhi,Karnataka,2024-05-31,Consumer
CUST03553,Customer_03553,Female,60,Mumbai,Telangana,2025-03-08,Consumer
CUST03554,Customer_03554,Female,57,Mumbai,Maharashtra,2024-04-29,Consumer
CUST03555,Customer_03555,Male,55,Chennai,Maharashtra,2024-10-25,Consumer
CUST03556,Customer_03556,Female,47,Delhi,Gujarat,2024-03-18,Consumer
CUST03557,Customer_03557,Male,27,Mumbai,Delhi,2024-01-13,Corporate
CUST03558,Customer_03558,Male,47,Pune,Karnataka,2025-10-10,Corporate
CUST03559,Customer_03559,Male,56,Ahmedabad,Gujarat,2025-08-20,Consumer
CUST03560,Customer_03560,Male,24,Kolkata,Gujarat,2024-07-26,Premium
CUST03561,Customer_03561,Male,53,Kolkata,Karnataka,2023-12-24,Premium
CUST03562,Customer_03562,Female,52,Pune,Karnataka,2024-06-21,Consumer
CUST03563,Customer_03563,Male,41,Kolkata,Tamil Nadu,2024-09-12,Consumer
CUST03564,Customer_03564,Male,56,Bengaluru,Karnataka,2025-03-16,Consumer
CUST03565,Customer_03565,Male,53,Kolkata,Maharashtra,2025-12-01,Corporate
CUST03566,Customer_03566,Female,62,Hyderabad,Karnataka,2025-03-26,Consumer
CUST03567,Customer_03567,Female,37,Kolkata,West Bengal,2023-01-13,Consumer
CUST03568,Customer_03568,Female,66,Pune,Tamil Nadu,2025-04-03,Premium
CUST03569,Customer_03569,Female,49,Chennai,Telangana,2024-05-03,Consumer
CUST03570,Customer_03570,Female,56,Mumbai,Gujarat,2025-12-22,Corporate
CUST03571,Customer_03571,Male,66,Hyderabad,Karnataka,2024-07-08,Corporate
CUST03572,Customer_03572,Female,43,Chennai,West Bengal,2025-01-14,Corporate
CUST03573,Customer_03573,Female,43,Delhi,West Bengal,2023-03-16,Consumer
CUST03574,Customer_03574,Other,53,Hyderabad,Gujarat,2025-02-03,Consumer
CUST03575,Customer_03575,Female,60,Pune,Telangana,2025-04-04,Corporate
CUST03576,Customer_03576,Male,52,Chennai,Delhi,2023-07-26,Consumer
CUST03577,Customer_03577,Male,60,Mumbai,Tamil Nadu,2024-11-23,Consumer
CUST03578,Customer_03578,Male,52,Mumbai,Gujarat,2024-11-06,Consumer
CUST03579,Customer_03579,Female,29,Kolkata,Karnataka,2024-07-28,Corporate
CUST03580,Customer_03580,Female,50,Chennai,Delhi,2025-06-12,Corporate
CUST03581,Customer_03581,Male,53,Delhi,Delhi,2023-05-05,Corporate
CUST03582,Customer_03582,Female,31,Kolkata,Telangana,2023-09-14,Premium
CUST03583,Customer_03583,Male,50,Pune,Gujarat,2025-01-06,Consumer
CUST03584,Customer_03584,Female,63,Chennai,Gujarat,2023-10-15,Consumer
CUST03585,Customer_03585,Male,62,Bengaluru,Maharashtra,2024-09-29,Consumer
CUST03586,Customer_03586,Male,62,Chennai,Maharashtra,2025-02-05,Corporate
CUST03587,Customer_03587,Male,41,Chennai,Maharashtra,2024-05-26,Corporate
CUST03588,Customer_03588,Female,32,Pune,Gujarat,2024-07-26,Consumer
CUST03589,Customer_03589,Male,48,Mumbai,Gujarat,2024-01-03,Consumer
CUST03590,Customer_03590,Male,34,Kolkata,Maharashtra,2023-10-12,Consumer
CUST03591,Customer_03591,Female,29,Delhi,Tamil Nadu,2023-03-04,Corporate
CUST03592,Customer_03592,Male,39,Kolkata,West Bengal,2024-10-07,Consumer
CUST03593,Customer_03593,Female,40,Chennai,West Bengal,2025-01-20,Premium
CUST03594,Customer_03594,Female,43,Hyderabad,West Bengal,2025-02-02,Consumer
CUST03595,Customer_03595,Male,31,Mumbai,Karnataka,2023-12-27,Consumer
CUST03596,Customer_03596,Female,29,Mumbai,Karnataka,2024-01-06,Consumer
CUST03597,Customer_03597,Male,67,Ahmedabad,Tamil Nadu,2025-11-10,Corporate
CUST03598,Customer_03598,Female,21,Chennai,Telangana,2025-07-29,Premium
CUST03599,Customer_03599,Male,63,Pune,West Bengal,2025-07-29,Premium
CUST03600,Customer_03600,Female,68,Hyderabad,West Bengal,2025-05-04,Corporate
CUST03601,Customer_03601,Male,30,Chennai,Karnataka,2025-03-13,Consumer
CUST03602,Customer_03602,Female,35,Hyderabad,Gujarat,2023-02-15,Consumer
CUST03603,Customer_03603,Male,60,Mumbai,Delhi,2023-07-13,Premium
CUST03604,Customer_03604,Male,45,Hyderabad,Gujarat,2025-12-16,Consumer
CUST03605,Customer_03605,Male,55,Kolkata,Karnataka,2023-11-29,Consumer
CUST03606,Customer_03606,Male,58,Chennai,Tamil Nadu,2025-01-16,Corporate
CUST03607,Customer_03607,Female,61,Bengaluru,Telangana,2025-05-15,Consumer
CUST03608,Customer_03608,Male,36,Bengaluru,Karnataka,2025-11-05,Consumer
CUST03609,Customer_03609,Female,63,Hyderabad,Tamil Nadu,2024-10-06,Consumer
CUST03610,Customer_03610,Female,64,Pune,Delhi,2025-01-13,Premium
CUST03611,Customer_03611,Female,60,Chennai,Maharashtra,2023-05-30,Premium
CUST03612,Customer_03612,Male,55,Delhi,Delhi,2025-10-02,Consumer
CUST03613,Customer_03613,Male,63,Bengaluru,Delhi,2025-03-12,Premium
CUST03614,Customer_03614,Female,20,Ahmedabad,West Bengal,2025-05-31,Consumer
CUST03615,Customer_03615,Male,36,Mumbai,Telangana,2025-04-05,Corporate
CUST03616,Customer_03616,Male,37,Kolkata,Karnataka,2024-01-26,Consumer
CUST03617,Customer_03617,Female,42,Chennai,Maharashtra,2023-10-08,Corporate
CUST03618,Customer_03618,Female,28,Chennai,Tamil Nadu,2024-06-22,Corporate
CUST03619,Customer_03619,Female,34,Kolkata,Maharashtra,2023-12-08,Consumer
CUST03620,Customer_03620,Male,66,Bengaluru,Karnataka,2024-11-04,Premium
CUST03621,Customer_03621,Female,52,Kolkata,Telangana,2025-10-15,Consumer
CUST03622,Customer_03622,Male,31,Kolkata,Karnataka,2023-04-03,Corporate
CUST03623,Customer_03623,Male,56,Delhi,Tamil Nadu,2025-10-16,Consumer
CUST03624,Customer_03624,Female,36,Ahmedabad,Maharashtra,2023-04-25,Corporate
CUST03625,Customer_03625,Male,20,Kolkata,Delhi,2023-04-23,Consumer
CUST03626,Customer_03626,Male,51,Mumbai,Karnataka,2025-12-19,Consumer
CUST03627,Customer_03627,Male,66,Delhi,Gujarat,2023-08-25,Premium
CUST03628,Customer_03628,Female,58,Mumbai,Telangana,2024-09-29,Corporate
CUST03629,Customer_03629,Female,39,Bengaluru,Telangana,2025-12-04,Corporate
CUST03630,Customer_03630,Female,55,Chennai,Maharashtra,2024-12-24,Corporate
CUST03631,Customer_03631,Female,44,Mumbai,Delhi,2024-05-13,Consumer
CUST03632,Customer_03632,Male,38,Chennai,Tamil Nadu,2024-03-24,Premium
CUST03633,Customer_03633,Male,58,Hyderabad,Delhi,2023-07-14,Corporate
CUST03634,Customer_03634,Male,48,Hyderabad,Maharashtra,2024-07-28,Consumer
CUST03635,Customer_03635,Male,44,Ahmedabad,Delhi,2024-08-04,Corporate
CUST03636,Customer_03636,Male,54,Bengaluru,Maharashtra,2023-11-06,Premium
CUST03637,Customer_03637,Female,19,Ahmedabad,Delhi,2024-08-13,Corporate
CUST03638,Customer_03638,Male,64,Bengaluru,Karnataka,2024-07-01,Consumer
CUST03639,Customer_03639,Male,26,Pune,Telangana,2024-01-24,Corporate
CUST03640,Customer_03640,Male,36,Bengaluru,Maharashtra,2025-03-10,Corporate
CUST03641,Customer_03641,Male,59,Hyderabad,Maharashtra,2024-10-22,Consumer
CUST03642,Customer_03642,Female,53,Mumbai,Telangana,2025-02-23,Premium
CUST03643,Customer_03643,Male,27,Kolkata,Gujarat,2024-06-17,Consumer
CUST03644,Customer_03644,Male,57,Kolkata,Gujarat,2023-10-24,Consumer
CUST03645,Customer_03645,Female,62,Kolkata,Tamil Nadu,2025-04-06,Consumer
CUST03646,Customer_03646,Male,56,Delhi,Maharashtra,2024-12-27,Consumer
CUST03647,Customer_03647,Male,24,Kolkata,Karnataka,2023-11-27,Consumer
CUST03648,Customer_03648,Male,21,Bengaluru,Delhi,2024-09-25,Consumer
CUST03649,Customer_03649,Female,32,Kolkata,Karnataka,2025-05-04,Consumer
CUST03650,Customer_03650,Other,29,Delhi,Maharashtra,2025-12-14,Consumer
CUST03651,Customer_03651,Female,65,Delhi,Tamil Nadu,2025-02-10,Consumer
CUST03652,Customer_03652,Male,23,Hyderabad,Maharashtra,2025-05-24,Corporate
CUST03653,Customer_03653,Female,26,Pune,Tamil Nadu,2025-01-11,Premium
CUST03654,Customer_03654,Male,52,Mumbai,Telangana,2024-09-29,Consumer
CUST03655,Customer_03655,Male,25,Hyderabad,Delhi,2024-03-17,Corporate
CUST03656,Customer_03656,Male,24,Bengaluru,Karnataka,2025-06-11,Corporate
CUST03657,Customer_03657,Male,21,Hyderabad,Tamil Nadu,2023-05-26,Corporate
CUST03658,Customer_03658,Female,30,Hyderabad,Karnataka,2024-01-26,Consumer
CUST03659,Customer_03659,Female,36,Hyderabad,West Bengal,2024-01-08,Consumer
CUST03660,Customer_03660,Female,24,Bengaluru,Telangana,2025-12-04,Premium
CUST03661,Customer_03661,Female,27,Bengaluru,Maharashtra,2023-09-19,Consumer
CUST03662,Customer_03662,Female,42,Ahmedabad,Tamil Nadu,2025-07-19,Consumer
CUST03663,Customer_03663,Male,61,Hyderabad,Delhi,2025-01-15,Consumer
CUST03664,Customer_03664,Male,52,Hyderabad,West Bengal,2024-07-18,Consumer
CUST03665,Customer_03665,Female,42,Delhi,Tamil Nadu,2024-05-30,Corporate
CUST03666,Customer_03666,Male,46,Ahmedabad,Gujarat,2024-11-15,Corporate
CUST03667,Customer_03667,Female,29,Mumbai,Maharashtra,2024-04-30,Consumer
CUST03668,Customer_03668,Male,68,Delhi,Maharashtra,2025-04-13,Consumer
CUST03669,Customer_03669,Male,64,Pune,Delhi,2024-04-10,Consumer
CUST03670,Customer_03670,Male,57,Mumbai,Delhi,2024-04-10,Consumer
CUST03671,Customer_03671,Male,29,Ahmedabad,Telangana,2023-01-22,Consumer
CUST03672,Customer_03672,Male,69,Pune,West Bengal,2024-01-31,Consumer
CUST03673,Customer_03673,Female,23,Mumbai,West Bengal,2023-05-25,Consumer
CUST03674,Customer_03674,Male,27,Hyderabad,Karnataka,2024-02-24,Corporate
CUST03675,Customer_03675,Female,19,Ahmedabad,Tamil Nadu,2023-11-01,Corporate
CUST03676,Customer_03676,Male,62,Ahmedabad,Telangana,2025-09-27,Consumer
CUST03677,Customer_03677,Male,42,Delhi,Karnataka,2023-02-13,Consumer
CUST03678,Customer_03678,Male,24,Mumbai,West Bengal,2023-04-17,Consumer
CUST03679,Customer_03679,Female,57,Pune,Telangana,2023-05-30,Consumer
CUST03680,Customer_03680,Male,40,Mumbai,Gujarat,2023-04-20,Premium
CUST03681,Customer_03681,Female,65,Bengaluru,Delhi,2025-11-07,Consumer
CUST03682,Customer_03682,Male,28,Mumbai,Delhi,2025-01-19,Consumer
CUST03683,Customer_03683,Female,53,Kolkata,Maharashtra,2023-08-27,Consumer
CUST03684,Customer_03684,Male,66,Hyderabad,Tamil Nadu,2024-12-24,Corporate
CUST03685,Customer_03685,Female,65,Chennai,Tamil Nadu,2025-01-12,Corporate
CUST03686,Customer_03686,Female,68,Bengaluru,Tamil Nadu,2023-11-24,Consumer
CUST03687,Customer_03687,Female,40,Chennai,Telangana,2025-05-11,Corporate
CUST03688,Customer_03688,Male,60,Ahmedabad,Telangana,2024-04-05,Consumer
CUST03689,Customer_03689,Male,24,Hyderabad,Tamil Nadu,2025-01-13,Premium
CUST03690,Customer_03690,Male,44,Kolkata,Maharashtra,2023-12-29,Consumer
CUST03691,Customer_03691,Female,30,Ahmedabad,Karnataka,2025-06-16,Consumer
CUST03692,Customer_03692,Female,68,Chennai,Gujarat,2024-03-18,Premium
CUST03693,Customer_03693,Female,34,Ahmedabad,Telangana,2025-06-04,Premium
CUST03694,Customer_03694,Male,49,Mumbai,Tamil Nadu,2025-09-10,Consumer
CUST03695,Customer_03695,Male,43,Chennai,Delhi,2023-09-18,Consumer
CUST03696,Customer_03696,Male,39,Delhi,Telangana,2023-10-07,Premium
CUST03697,Customer_03697,Female,30,Hyderabad,Karnataka,2025-07-14,Corporate
CUST03698,Customer_03698,Female,29,Delhi,Telangana,2025-08-03,Corporate
CUST03699,Customer_03699,Female,24,Chennai,Karnataka,2023-06-01,Consumer
CUST03700,Customer_03700,Male,18,Ahmedabad,Karnataka,2025-03-04,Corporate
CUST03701,Customer_03701,Female,50,Kolkata,Telangana,2025-11-01,Consumer
CUST03702,Customer_03702,Female,69,Ahmedabad,Karnataka,2023-01-14,Consumer
CUST03703,Customer_03703,Male,31,Ahmedabad,Telangana,2025-08-08,Consumer
CUST03704,Customer_03704,Female,64,Delhi,Telangana,2025-05-16,Consumer
CUST03705,Customer_03705,Female,60,Bengaluru,Maharashtra,2024-03-20,Consumer
CUST03706,Customer_03706,Female,58,Chennai,Delhi,2025-03-09,Consumer
CUST03707,Customer_03707,Female,34,Pune,Gujarat,2025-01-01,Consumer
CUST03708,Customer_03708,Male,21,Delhi,Karnataka,2023-08-26,Consumer
CUST03709,Customer_03709,Male,69,Mumbai,Telangana,2024-06-22,Premium
CUST03710,Customer_03710,Female,68,Chennai,Karnataka,2025-02-07,Consumer
CUST03711,Customer_03711,Male,56,Kolkata,Telangana,2025-03-19,Consumer
CUST03712,Customer_03712,Female,18,Pune,Gujarat,2025-01-31,Corporate
CUST03713,Customer_03713,Female,58,Kolkata,West Bengal,2023-03-15,Corporate
CUST03714,Customer_03714,Female,62,Bengaluru,Telangana,2023-10-23,Consumer
CUST03715,Customer_03715,Other,41,Mumbai,Telangana,2023-01-14,Premium
CUST03716,Customer_03716,Male,51,Chennai,Delhi,2024-09-03,Consumer
CUST03717,Customer_03717,Male,51,Kolkata,Karnataka,2024-01-30,Consumer
CUST03718,Customer_03718,Male,41,Mumbai,Delhi,2023-07-10,Corporate
CUST03719,Customer_03719,Male,32,Chennai,Delhi,2025-03-27,Corporate
CUST03720,Customer_03720,Male,34,Chennai,West Bengal,2023-04-16,Consumer
CUST03721,Customer_03721,Male,30,Hyderabad,West Bengal,2023-01-07,Consumer
CUST03722,Customer_03722,Female,24,Delhi,Delhi,2025-02-03,Premium
CUST03723,Customer_03723,Female,26,Chennai,Delhi,2024-10-13,Corporate
CUST03724,Customer_03724,Male,61,Bengaluru,Maharashtra,2024-04-29,Consumer
CUST03725,Customer_03725,Male,52,Pune,Karnataka,2025-07-20,Consumer
CUST03726,Customer_03726,Female,40,Delhi,Karnataka,2024-05-20,Corporate
CUST03727,Customer_03727,Male,64,Hyderabad,Telangana,2024-06-02,Consumer
CUST03728,Customer_03728,Male,56,Delhi,Karnataka,2025-03-12,Consumer
CUST03729,Customer_03729,Male,40,Delhi,Gujarat,2024-03-24,Consumer
CUST03730,Customer_03730,Female,43,Chennai,Delhi,2023-10-12,Consumer
CUST03731,Customer_03731,Male,18,Bengaluru,Tamil Nadu,2023-03-15,Corporate
CUST03732,Customer_03732,Female,31,Chennai,West Bengal,2023-02-14,Corporate
CUST03733,Customer_03733,Male,49,Kolkata,Karnataka,2025-01-14,Consumer
CUST03734,Customer_03734,Female,68,Bengaluru,West Bengal,2024-11-06,Consumer
CUST03735,Customer_03735,Male,65,Kolkata,West Bengal,2024-07-28,Corporate
CUST03736,Customer_03736,Male,27,Bengaluru,Tamil Nadu,2023-04-03,Consumer
CUST03737,Customer_03737,Female,18,Mumbai,West Bengal,2023-11-18,Corporate
CUST03738,Customer_03738,Female,22,Chennai,Gujarat,2024-04-10,Consumer
CUST03739,Customer_03739,Female,20,Ahmedabad,Maharashtra,2024-08-26,Consumer
CUST03740,Customer_03740,Female,66,Ahmedabad,Telangana,2025-06-03,Consumer
CUST03741,Customer_03741,Female,67,Kolkata,Telangana,2025-10-03,Corporate
CUST03742,Customer_03742,Female,44,Hyderabad,Telangana,2024-07-07,Corporate
CUST03743,Customer_03743,Female,68,Pune,Maharashtra,2025-01-22,Consumer
CUST03744,Customer_03744,Male,39,Ahmedabad,Delhi,2023-11-23,Consumer
CUST03745,Customer_03745,Male,35,Ahmedabad,West Bengal,2024-12-28,Consumer
CUST03746,Customer_03746,Male,33,Delhi,Tamil Nadu,2024-08-13,Consumer
CUST03747,Customer_03747,Female,19,Mumbai,Karnataka,2025-04-30,Corporate
CUST03748,Customer_03748,Male,64,Kolkata,Delhi,2024-03-15,Consumer
CUST03749,Customer_03749,Male,30,Hyderabad,Telangana,2024-12-14,Consumer
CUST03750,Customer_03750,Female,62,Pune,Telangana,2024-03-07,Consumer
CUST03751,Customer_03751,Female,33,Pune,West Bengal,2025-08-05,Consumer
CUST03752,Customer_03752,Female,25,Chennai,Delhi,2023-11-24,Corporate
CUST03753,Customer_03753,Male,60,Bengaluru,Tamil Nadu,2025-05-10,Corporate
CUST03754,Customer_03754,Female,25,Kolkata,Delhi,2023-08-17,Consumer
CUST03755,Customer_03755,Male,27,Chennai,Maharashtra,2025-01-13,Consumer
CUST03756,Customer_03756,Male,50,Pune,Telangana,2025-09-28,Corporate
CUST03757,Customer_03757,Male,48,Chennai,Tamil Nadu,2025-03-21,Premium
CUST03758,Customer_03758,Male,29,Mumbai,West Bengal,2023-06-23,Corporate
CUST03759,Customer_03759,Male,26,Kolkata,Karnataka,2024-05-27,Consumer
CUST03760,Customer_03760,Female,54,Hyderabad,West Bengal,2023-05-09,Consumer
CUST03761,Customer_03761,Male,26,Pune,Telangana,2024-01-09,Consumer
CUST03762,Customer_03762,Female,65,Kolkata,West Bengal,2023-08-24,Consumer
CUST03763,Customer_03763,Female,35,Ahmedabad,Delhi,2025-01-11,Consumer
CUST03764,Customer_03764,Male,47,Mumbai,Tamil Nadu,2023-07-09,Premium
CUST03765,Customer_03765,Female,49,Hyderabad,Telangana,2023-06-17,Corporate
CUST03766,Customer_03766,Male,57,Ahmedabad,Karnataka,2023-10-18,Corporate
CUST03767,Customer_03767,Female,40,Mumbai,Karnataka,2023-05-19,Consumer
CUST03768,Customer_03768,Male,28,Delhi,Gujarat,2024-07-21,Consumer
CUST03769,Customer_03769,Male,37,Bengaluru,Delhi,2025-12-10,Consumer
CUST03770,Customer_03770,Male,36,Ahmedabad,Maharashtra,2025-09-17,Corporate
CUST03771,Customer_03771,Female,53,Ahmedabad,Delhi,2023-10-25,Premium
CUST03772,Customer_03772,Female,69,Bengaluru,Tamil Nadu,2025-12-31,Corporate
CUST03773,Customer_03773,Male,43,Bengaluru,Delhi,2023-09-13,Consumer
CUST03774,Customer_03774,Female,27,Delhi,Tamil Nadu,2023-11-05,Corporate
CUST03775,Customer_03775,Female,41,Pune,Gujarat,2023-04-01,Consumer
CUST03776,Customer_03776,Female,30,Pune,Gujarat,2023-05-29,Consumer
CUST03777,Customer_03777,Female,69,Delhi,Gujarat,2025-11-19,Corporate
CUST03778,Customer_03778,Female,63,Bengaluru,Maharashtra,2024-04-06,Consumer
CUST03779,Customer_03779,Female,51,Bengaluru,Gujarat,2024-09-26,Consumer
CUST03780,Customer_03780,Female,46,Hyderabad,Delhi,2024-09-28,Corporate
CUST03781,Customer_03781,Male,53,Hyderabad,Karnataka,2024-10-07,Corporate
CUST03782,Customer_03782,Male,24,Ahmedabad,Tamil Nadu,2024-06-01,Consumer
CUST03783,Customer_03783,Male,68,Chennai,West Bengal,2023-07-09,Corporate
CUST03784,Customer_03784,Female,47,Ahmedabad,Tamil Nadu,2023-03-20,Consumer
CUST03785,Customer_03785,Female,34,Kolkata,Karnataka,2025-03-26,Consumer
CUST03786,Customer_03786,Male,65,Kolkata,West Bengal,2023-03-13,Corporate
CUST03787,Customer_03787,Female,30,Kolkata,Delhi,2023-02-12,Consumer
CUST03788,Customer_03788,Male,41,Mumbai,Maharashtra,2025-03-13,Premium
CUST03789,Customer_03789,Male,48,Hyderabad,Telangana,2023-12-23,Consumer
CUST03790,Customer_03790,Other,44,Hyderabad,Delhi,2023-01-08,Consumer
CUST03791,Customer_03791,Male,67,Hyderabad,Gujarat,2024-03-12,Consumer
CUST03792,Customer_03792,Male,38,Hyderabad,West Bengal,2023-03-21,Premium
CUST03793,Customer_03793,Female,61,Ahmedabad,Delhi,2024-11-19,Corporate
CUST03794,Customer_03794,Female,18,Delhi,Tamil Nadu,2024-07-29,Consumer
CUST03795,Customer_03795,Male,32,Chennai,Tamil Nadu,2025-06-18,Consumer
CUST03796,Customer_03796,Female,20,Hyderabad,Maharashtra,2023-10-15,Consumer
CUST03797,Customer_03797,Female,23,Pune,Gujarat,2025-08-20,Consumer
CUST03798,Customer_03798,Male,31,Mumbai,West Bengal,2024-12-20,Consumer
CUST03799,Customer_03799,Male,55,Kolkata,Maharashtra,2025-08-13,Consumer
CUST03800,Customer_03800,Female,50,Hyderabad,Maharashtra,2023-08-14,Consumer
CUST03801,Customer_03801,Male,69,Delhi,Karnataka,2023-10-05,Corporate
CUST03802,Customer_03802,Female,55,Pune,West Bengal,2025-06-13,Consumer
CUST03803,Customer_03803,Female,25,Kolkata,Telangana,2025-03-02,Corporate
CUST03804,Customer_03804,Other,43,Bengaluru,Telangana,2025-10-23,Consumer
CUST03805,Customer_03805,Male,32,Ahmedabad,West Bengal,2024-06-28,Consumer
CUST03806,Customer_03806,Female,31,Bengaluru,Gujarat,2024-04-22,Consumer
CUST03807,Customer_03807,Male,65,Kolkata,Maharashtra,2025-11-19,Consumer
CUST03808,Customer_03808,Male,37,Chennai,Tamil Nadu,2024-02-23,Consumer
CUST03809,Customer_03809,Male,65,Bengaluru,Telangana,2025-11-17,Consumer
CUST03810,Customer_03810,Male,36,Hyderabad,West Bengal,2024-08-31,Consumer
CUST03811,Customer_03811,Female,50,Kolkata,West Bengal,2023-03-28,Premium
CUST03812,Customer_03812,Male,53,Delhi,Delhi,2025-11-15,Consumer
CUST03813,Customer_03813,Male,41,Chennai,Karnataka,2023-04-30,Corporate
CUST03814,Customer_03814,Female,27,Pune,Tamil Nadu,2024-12-13,Consumer
CUST03815,Customer_03815,Male,69,Hyderabad,Karnataka,2024-01-27,Premium
CUST03816,Customer_03816,Female,67,Bengaluru,Delhi,2023-12-19,Premium
CUST03817,Customer_03817,Male,51,Mumbai,Telangana,2023-01-15,Corporate
CUST03818,Customer_03818,Female,53,Ahmedabad,Karnataka,2023-11-01,Consumer
CUST03819,Customer_03819,Female,64,Hyderabad,Gujarat,2024-09-14,Consumer
CUST03820,Customer_03820,Male,53,Mumbai,Karnataka,2024-06-03,Consumer
CUST03821,Customer_03821,Male,33,Pune,Karnataka,2025-05-02,Consumer
CUST03822,Customer_03822,Male,32,Mumbai,West Bengal,2024-10-01,Consumer
CUST03823,Customer_03823,Female,35,Pune,Delhi,2024-01-22,Consumer
CUST03824,Customer_03824,Male,24,Chennai,West Bengal,2025-06-23,Premium
CUST03825,Customer_03825,Male,64,Delhi,Tamil Nadu,2023-01-14,Consumer
CUST03826,Customer_03826,Male,39,Bengaluru,West Bengal,2023-04-01,Consumer
CUST03827,Customer_03827,Male,49,Ahmedabad,Tamil Nadu,2023-01-04,Consumer
CUST03828,Customer_03828,Male,60,Bengaluru,Delhi,2025-10-18,Consumer
CUST03829,Customer_03829,Female,36,Ahmedabad,West Bengal,2025-03-06,Consumer
CUST03830,Customer_03830,Male,57,Hyderabad,Karnataka,2023-08-04,Consumer
CUST03831,Customer_03831,Male,18,Kolkata,Karnataka,2024-12-04,Corporate
CUST03832,Customer_03832,Female,52,Bengaluru,Maharashtra,2024-12-31,Premium
CUST03833,Customer_03833,Female,22,Chennai,Gujarat,2023-01-17,Consumer
CUST03834,Customer_03834,Male,67,Bengaluru,Telangana,2024-05-09,Premium
CUST03835,Customer_03835,Male,29,Hyderabad,Telangana,2024-03-19,Corporate
CUST03836,Customer_03836,Male,29,Bengaluru,Tamil Nadu,2025-02-17,Consumer
CUST03837,Customer_03837,Female,38,Delhi,Delhi,2023-06-15,Consumer
CUST03838,Customer_03838,Male,36,Pune,Karnataka,2023-12-23,Corporate
CUST03839,Customer_03839,Female,26,Mumbai,West Bengal,2023-08-22,Consumer
CUST03840,Customer_03840,Female,60,Mumbai,Gujarat,2023-06-24,Corporate
CUST03841,Customer_03841,Female,66,Pune,Telangana,2024-11-27,Consumer
CUST03842,Customer_03842,Male,65,Mumbai,Delhi,2023-08-26,Consumer
CUST03843,Customer_03843,Male,53,Delhi,Delhi,2025-09-14,Consumer
CUST03844,Customer_03844,Male,59,Chennai,Karnataka,2025-10-10,Corporate
CUST03845,Customer_03845,Male,64,Hyderabad,Gujarat,2025-06-30,Consumer
CUST03846,Customer_03846,Female,68,Delhi,Delhi,2024-09-21,Corporate
CUST03847,Customer_03847,Female,49,Hyderabad,Telangana,2024-08-10,Consumer
CUST03848,Customer_03848,Female,52,Chennai,Maharashtra,2025-03-04,Premium
CUST03849,Customer_03849,Female,48,Delhi,Telangana,2025-07-08,Consumer
CUST03850,Customer_03850,Male,49,Bengaluru,Gujarat,2024-02-11,Corporate
CUST03851,Customer_03851,Male,54,Kolkata,Maharashtra,2023-06-26,Corporate
CUST03852,Customer_03852,Male,49,Chennai,West Bengal,2023-04-29,Consumer
CUST03853,Customer_03853,Female,60,Mumbai,West Bengal,2024-09-05,Consumer
CUST03854,Customer_03854,Female,54,Delhi,Delhi,2023-12-31,Consumer
CUST03855,Customer_03855,Female,56,Chennai,Telangana,2024-04-30,Consumer
CUST03856,Customer_03856,Male,55,Chennai,Karnataka,2023-11-18,Consumer
CUST03857,Customer_03857,Male,47,Delhi,Gujarat,2023-05-19,Corporate
CUST03858,Customer_03858,Female,49,Mumbai,Delhi,2023-11-29,Consumer
CUST03859,Customer_03859,Male,62,Pune,Karnataka,2023-08-12,Consumer
CUST03860,Customer_03860,Female,19,Mumbai,Maharashtra,2024-07-25,Consumer
CUST03861,Customer_03861,Female,68,Chennai,West Bengal,2025-02-14,Consumer
CUST03862,Customer_03862,Female,28,Hyderabad,Tamil Nadu,2025-08-24,Consumer
CUST03863,Customer_03863,Male,37,Pune,Tamil Nadu,2024-08-15,Consumer
CUST03864,Customer_03864,Male,54,Ahmedabad,Maharashtra,2025-03-19,Corporate
CUST03865,Customer_03865,Male,26,Pune,Tamil Nadu,2025-09-13,Consumer
CUST03866,Customer_03866,Male,55,Chennai,Gujarat,2025-10-20,Consumer
CUST03867,Customer_03867,Male,66,Delhi,Delhi,2025-05-10,Consumer
CUST03868,Customer_03868,Female,36,Delhi,Delhi,2023-07-06,Consumer
CUST03869,Customer_03869,Female,57,Delhi,Gujarat,2023-09-06,Consumer
CUST03870,Customer_03870,Male,24,Mumbai,Telangana,2025-12-04,Corporate
CUST03871,Customer_03871,Male,22,Bengaluru,Delhi,2025-10-20,Consumer
CUST03872,Customer_03872,Male,64,Delhi,West Bengal,2023-09-03,Consumer
CUST03873,Customer_03873,Male,59,Delhi,Tamil Nadu,2025-07-15,Consumer
CUST03874,Customer_03874,Female,41,Pune,West Bengal,2023-01-15,Consumer
CUST03875,Customer_03875,Male,65,Hyderabad,Gujarat,2025-04-05,Consumer
CUST03876,Customer_03876,Male,58,Hyderabad,Karnataka,2024-11-19,Consumer
CUST03877,Customer_03877,Male,24,Chennai,Telangana,2024-12-27,Consumer
CUST03878,Customer_03878,Female,28,Chennai,Karnataka,2024-06-20,Consumer
CUST03879,Customer_03879,Female,26,Chennai,West Bengal,2024-05-06,Corporate
CUST03880,Customer_03880,Male,66,Delhi,Tamil Nadu,2023-10-19,Consumer
CUST03881,Customer_03881,Female,47,Hyderabad,West Bengal,2023-04-27,Consumer
CUST03882,Customer_03882,Female,58,Chennai,Karnataka,2024-08-14,Corporate
CUST03883,Customer_03883,Female,20,Ahmedabad,Tamil Nadu,2024-11-17,Consumer
CUST03884,Customer_03884,Male,39,Hyderabad,Delhi,2025-01-13,Consumer
CUST03885,Customer_03885,Female,57,Delhi,Telangana,2025-08-05,Corporate
CUST03886,Customer_03886,Female,68,Pune,Maharashtra,2024-11-13,Corporate
CUST03887,Customer_03887,Female,37,Delhi,Tamil Nadu,2024-09-20,Consumer
CUST03888,Customer_03888,Female,49,Chennai,Gujarat,2024-08-15,Consumer
CUST03889,Customer_03889,Female,65,Delhi,Gujarat,2024-01-22,Consumer
CUST03890,Customer_03890,Male,24,Delhi,Delhi,2024-10-13,Consumer
CUST03891,Customer_03891,Female,24,Ahmedabad,Gujarat,2023-07-12,Corporate
CUST03892,Customer_03892,Female,37,Hyderabad,Karnataka,2023-04-11,Corporate
CUST03893,Customer_03893,Female,42,Bengaluru,Delhi,2025-12-29,Consumer
CUST03894,Customer_03894,Male,62,Ahmedabad,Gujarat,2024-03-19,Consumer
CUST03895,Customer_03895,Female,52,Mumbai,Karnataka,2024-03-08,Corporate
CUST03896,Customer_03896,Female,61,Ahmedabad,Karnataka,2024-06-20,Consumer
CUST03897,Customer_03897,Male,41,Chennai,Karnataka,2024-08-23,Corporate
CUST03898,Customer_03898,Female,57,Kolkata,Gujarat,2024-12-08,Consumer
CUST03899,Customer_03899,Female,30,Bengaluru,Karnataka,2023-11-15,Consumer
CUST03900,Customer_03900,Female,69,Pune,West Bengal,2023-08-13,Consumer
CUST03901,Customer_03901,Male,65,Kolkata,Telangana,2024-01-23,Consumer
CUST03902,Customer_03902,Male,56,Chennai,Gujarat,2025-04-25,Consumer
CUST03903,Customer_03903,Female,21,Bengaluru,Karnataka,2023-03-12,Premium
CUST03904,Customer_03904,Male,29,Delhi,Telangana,2024-03-19,Consumer
CUST03905,Customer_03905,Female,34,Chennai,West Bengal,2024-08-21,Consumer
CUST03906,Customer_03906,Male,18,Bengaluru,Maharashtra,2024-01-22,Consumer
CUST03907,Customer_03907,Female,34,Mumbai,Telangana,2023-01-18,Consumer
CUST03908,Customer_03908,Male,19,Delhi,Gujarat,2024-07-06,Consumer
CUST03909,Customer_03909,Female,23,Ahmedabad,Gujarat,2025-05-23,Premium
CUST03910,Customer_03910,Male,61,Chennai,Karnataka,2023-10-07,Consumer
CUST03911,Customer_03911,Male,28,Pune,West Bengal,2025-02-09,Corporate
CUST03912,Customer_03912,Male,60,Ahmedabad,West Bengal,2025-08-11,Consumer
CUST03913,Customer_03913,Male,35,Pune,West Bengal,2023-11-25,Consumer
CUST03914,Customer_03914,Female,57,Chennai,Gujarat,2024-05-22,Consumer
CUST03915,Customer_03915,Female,42,Bengaluru,Maharashtra,2024-03-25,Corporate
CUST03916,Customer_03916,Male,56,Ahmedabad,West Bengal,2025-04-18,Consumer
CUST03917,Customer_03917,Female,45,Ahmedabad,Delhi,2024-01-28,Corporate
CUST03918,Customer_03918,Male,63,Chennai,Telangana,2023-04-19,Consumer
CUST03919,Customer_03919,Female,33,Kolkata,Delhi,2023-12-25,Premium
CUST03920,Customer_03920,Female,29,Delhi,Maharashtra,2025-08-13,Consumer
CUST03921,Customer_03921,Female,58,Hyderabad,Telangana,2025-07-23,Consumer
CUST03922,Customer_03922,Male,69,Ahmedabad,Karnataka,2023-11-14,Consumer
CUST03923,Customer_03923,Female,46,Pune,Telangana,2023-12-07,Consumer
CUST03924,Customer_03924,Male,40,Ahmedabad,Karnataka,2023-12-15,Consumer
CUST03925,Customer_03925,Other,38,Ahmedabad,Tamil Nadu,2023-01-27,Consumer
CUST03926,Customer_03926,Male,33,Bengaluru,Telangana,2024-09-29,Consumer
CUST03927,Customer_03927,Female,68,Mumbai,Telangana,2024-02-05,Consumer
CUST03928,Customer_03928,Female,65,Ahmedabad,Delhi,2023-11-12,Consumer
CUST03929,Customer_03929,Female,58,Chennai,Delhi,2024-01-03,Corporate
CUST03930,Customer_03930,Male,62,Delhi,Maharashtra,2023-12-09,Consumer
CUST03931,Customer_03931,Female,43,Chennai,Karnataka,2024-11-23,Premium
CUST03932,Customer_03932,Male,54,Mumbai,Gujarat,2025-06-22,Corporate
CUST03933,Customer_03933,Female,39,Delhi,Delhi,2023-07-05,Consumer
CUST03934,Customer_03934,Male,68,Mumbai,West Bengal,2025-04-15,Consumer
CUST03935,Customer_03935,Male,27,Delhi,Maharashtra,2023-11-15,Consumer
CUST03936,Customer_03936,Female,24,Hyderabad,Karnataka,2025-08-12,Corporate
CUST03937,Customer_03937,Male,26,Pune,Karnataka,2024-08-16,Consumer
CUST03938,Customer_03938,Male,42,Delhi,Karnataka,2025-09-18,Corporate
CUST03939,Customer_03939,Male,63,Mumbai,Tamil Nadu,2025-03-03,Corporate
CUST03940,Customer_03940,Male,32,Bengaluru,Karnataka,2023-12-19,Premium
CUST03941,Customer_03941,Female,30,Ahmedabad,Maharashtra,2023-12-21,Consumer
CUST03942,Customer_03942,Female,59,Pune,Karnataka,2023-04-16,Premium
CUST03943,Customer_03943,Male,63,Ahmedabad,Gujarat,2024-02-22,Consumer
CUST03944,Customer_03944,Male,43,Kolkata,Gujarat,2024-10-03,Corporate
CUST03945,Customer_03945,Male,38,Hyderabad,Karnataka,2023-07-24,Consumer
CUST03946,Customer_03946,Male,40,Chennai,Maharashtra,2024-07-18,Consumer
CUST03947,Customer_03947,Female,61,Hyderabad,Telangana,2023-07-08,Consumer
CUST03948,Customer_03948,Female,45,Hyderabad,Karnataka,2024-06-26,Consumer
CUST03949,Customer_03949,Male,68,Chennai,Maharashtra,2023-09-15,Consumer
CUST03950,Customer_03950,Male,55,Delhi,Delhi,2024-03-28,Premium
CUST03951,Customer_03951,Male,29,Ahmedabad,Maharashtra,2023-03-19,Consumer
CUST03952,Customer_03952,Female,41,Hyderabad,Tamil Nadu,2025-11-12,Consumer
CUST03953,Customer_03953,Female,30,Ahmedabad,Delhi,2024-05-17,Consumer
CUST03954,Customer_03954,Male,57,Pune,Gujarat,2023-07-04,Consumer
CUST03955,Customer_03955,Male,65,Ahmedabad,Gujarat,2024-06-30,Consumer
CUST03956,Customer_03956,Female,19,Hyderabad,Telangana,2023-02-18,Premium
CUST03957,Customer_03957,Female,56,Bengaluru,Telangana,2023-06-17,Consumer
CUST03958,Customer_03958,Male,29,Pune,Maharashtra,2023-01-21,Corporate
CUST03959,Customer_03959,Male,56,Bengaluru,Maharashtra,2024-01-27,Consumer
CUST03960,Customer_03960,Male,68,Pune,Karnataka,2025-06-21,Corporate
CUST03961,Customer_03961,Female,31,Mumbai,West Bengal,2023-08-17,Consumer
CUST03962,Customer_03962,Male,47,Chennai,West Bengal,2023-12-18,Corporate
CUST03963,Customer_03963,Male,58,Pune,Karnataka,2023-08-13,Corporate
CUST03964,Customer_03964,Female,67,Pune,Gujarat,2023-08-22,Consumer
CUST03965,Customer_03965,Male,60,Delhi,Tamil Nadu,2023-09-23,Consumer
CUST03966,Customer_03966,Female,65,Ahmedabad,West Bengal,2025-05-07,Consumer
CUST03967,Customer_03967,Male,36,Delhi,Karnataka,2023-11-10,Corporate
CUST03968,Customer_03968,Male,48,Ahmedabad,Gujarat,2024-05-13,Consumer
CUST03969,Customer_03969,Female,60,Mumbai,Maharashtra,2025-05-26,Consumer
CUST03970,Customer_03970,Male,67,Delhi,West Bengal,2023-07-30,Consumer
CUST03971,Customer_03971,Female,60,Kolkata,Maharashtra,2023-04-09,Corporate
CUST03972,Customer_03972,Female,42,Ahmedabad,Karnataka,2023-12-11,Consumer
CUST03973,Customer_03973,Male,21,Kolkata,West Bengal,2025-06-22,Corporate
CUST03974,Customer_03974,Female,67,Delhi,Tamil Nadu,2024-06-07,Consumer
CUST03975,Customer_03975,Male,68,Kolkata,Gujarat,2023-04-28,Corporate
CUST03976,Customer_03976,Female,30,Ahmedabad,Maharashtra,2024-08-22,Consumer
CUST03977,Customer_03977,Male,53,Bengaluru,Gujarat,2025-05-05,Consumer
CUST03978,Customer_03978,Female,59,Kolkata,Tamil Nadu,2023-07-28,Premium
CUST03979,Customer_03979,Male,54,Delhi,Maharashtra,2024-04-25,Consumer
CUST03980,Customer_03980,Male,20,Delhi,Gujarat,2025-07-11,Consumer
CUST03981,Customer_03981,Female,33,Kolkata,Tamil Nadu,2023-11-25,Corporate
CUST03982,Customer_03982,Female,43,Ahmedabad,Tamil Nadu,2024-02-21,Consumer
CUST03983,Customer_03983,Male,57,Mumbai,Tamil Nadu,2023-09-11,Corporate
CUST03984,Customer_03984,Male,56,Mumbai,Karnataka,2025-08-02,Consumer
CUST03985,Customer_03985,Female,36,Ahmedabad,Telangana,2023-01-05,Consumer
CUST03986,Customer_03986,Female,63,Hyderabad,Gujarat,2023-10-30,Consumer
CUST03987,Customer_03987,Male,32,Delhi,Tamil Nadu,2025-09-06,Consumer
CUST03988,Customer_03988,Male,49,Delhi,Gujarat,2024-08-29,Consumer
CUST03989,Customer_03989,Male,66,Pune,Tamil Nadu,2025-08-21,Consumer
CUST03990,Customer_03990,Female,38,Delhi,Gujarat,2025-01-05,Consumer
CUST03991,Customer_03991,Male,18,Bengaluru,Maharashtra,2024-01-25,Corporate
CUST03992,Customer_03992,Male,23,Kolkata,Gujarat,2025-04-29,Consumer
CUST03993,Customer_03993,Female,44,Pune,West Bengal,2025-03-29,Consumer
CUST03994,Customer_03994,Male,40,Delhi,Telangana,2023-01-12,Consumer
CUST03995,Customer_03995,Female,64,Bengaluru,Maharashtra,2023-12-03,Consumer
CUST03996,Customer_03996,Male,48,Hyderabad,Maharashtra,2024-08-29,Corporate
CUST03997,Customer_03997,Male,29,Pune,Tamil Nadu,2023-05-09,Consumer
CUST03998,Customer_03998,Male,38,Kolkata,Delhi,2023-01-11,Consumer
CUST03999,Customer_03999,Female,69,Kolkata,West Bengal,2024-05-04,Consumer
CUST04000,Customer_04000,Male,19,Ahmedabad,Telangana,2023-09-29,Corporate
CUST04001,Customer_04001,Female,22,Ahmedabad,Maharashtra,2025-05-30,Consumer
CUST04002,Customer_04002,Female,26,Chennai,Delhi,2023-01-09,Consumer
CUST04003,Customer_04003,Female,37,Delhi,Delhi,2025-06-05,Corporate
CUST04004,Customer_04004,Male,63,Pune,Maharashtra,2025-02-14,Consumer
CUST04005,Customer_04005,Male,35,Kolkata,Tamil Nadu,2023-10-08,Consumer
CUST04006,Customer_04006,Male,39,Mumbai,Karnataka,2024-04-02,Consumer
CUST04007,Customer_04007,Male,25,Pune,Maharashtra,2025-07-24,Corporate
CUST04008,Customer_04008,Male,51,Mumbai,Tamil Nadu,2024-03-26,Corporate
CUST04009,Customer_04009,Female,26,Delhi,Telangana,2025-03-01,Consumer
CUST04010,Customer_04010,Male,24,Bengaluru,Tamil Nadu,2025-03-22,Corporate
CUST04011,Customer_04011,Male,47,Mumbai,Delhi,2023-02-25,Consumer
CUST04012,Customer_04012,Male,35,Pune,West Bengal,2024-12-08,Consumer
CUST04013,Customer_04013,Female,44,Ahmedabad,West Bengal,2024-01-14,Premium
CUST04014,Customer_04014,Male,33,Pune,Telangana,2025-10-06,Corporate
CUST04015,Customer_04015,Female,38,Kolkata,West Bengal,2023-01-23,Corporate
CUST04016,Customer_04016,Male,22,Ahmedabad,Telangana,2025-02-10,Premium
CUST04017,Customer_04017,Female,46,Mumbai,Karnataka,2023-08-19,Corporate
CUST04018,Customer_04018,Female,64,Hyderabad,Karnataka,2023-07-29,Consumer
CUST04019,Customer_04019,Male,54,Kolkata,Maharashtra,2025-05-15,Consumer
CUST04020,Customer_04020,Male,60,Hyderabad,West Bengal,2025-06-17,Consumer
CUST04021,Customer_04021,Male,39,Hyderabad,Tamil Nadu,2025-05-22,Consumer
CUST04022,Customer_04022,Male,31,Mumbai,Maharashtra,2023-12-29,Consumer
CUST04023,Customer_04023,Female,36,Mumbai,Karnataka,2024-04-19,Corporate
CUST04024,Customer_04024,Female,52,Pune,Delhi,2023-07-14,Corporate
CUST04025,Customer_04025,Female,41,Delhi,Karnataka,2025-07-21,Consumer
CUST04026,Customer_04026,Female,59,Delhi,Tamil Nadu,2025-11-01,Consumer
CUST04027,Customer_04027,Male,23,Bengaluru,Delhi,2025-02-22,Corporate
CUST04028,Customer_04028,Male,20,Ahmedabad,West Bengal,2025-12-21,Corporate
CUST04029,Customer_04029,Female,51,Mumbai,Maharashtra,2024-06-12,Consumer
CUST04030,Customer_04030,Male,62,Kolkata,Maharashtra,2023-09-28,Consumer
CUST04031,Customer_04031,Female,67,Ahmedabad,Karnataka,2024-06-21,Corporate
CUST04032,Customer_04032,Male,19,Kolkata,Karnataka,2024-10-18,Consumer
CUST04033,Customer_04033,Male,32,Ahmedabad,West Bengal,2023-03-06,Corporate
CUST04034,Customer_04034,Other,54,Delhi,Gujarat,2025-05-11,Consumer
CUST04035,Customer_04035,Male,32,Delhi,Maharashtra,2024-05-04,Corporate
CUST04036,Customer_04036,Other,49,Hyderabad,West Bengal,2025-12-27,Consumer
CUST04037,Customer_04037,Female,38,Hyderabad,Maharashtra,2023-12-28,Corporate
CUST04038,Customer_04038,Female,34,Kolkata,Telangana,2024-07-25,Consumer
CUST04039,Customer_04039,Female,51,Kolkata,Tamil Nadu,2025-09-21,Consumer
CUST04040,Customer_04040,Female,49,Hyderabad,Telangana,2025-02-07,Consumer
CUST04041,Customer_04041,Female,67,Chennai,Telangana,2025-11-08,Consumer
CUST04042,Customer_04042,Male,64,Ahmedabad,Maharashtra,2024-06-28,Consumer
CUST04043,Customer_04043,Male,69,Delhi,Gujarat,2025-09-05,Corporate
CUST04044,Customer_04044,Female,40,Hyderabad,West Bengal,2025-07-20,Consumer
CUST04045,Customer_04045,Male,52,Hyderabad,West Bengal,2023-04-01,Consumer
CUST04046,Customer_04046,Male,54,Mumbai,Tamil Nadu,2025-08-30,Consumer
CUST04047,Customer_04047,Male,60,Kolkata,Maharashtra,2023-08-26,Consumer
CUST04048,Customer_04048,Female,58,Pune,Telangana,2024-04-06,Corporate
CUST04049,Customer_04049,Female,54,Hyderabad,Telangana,2025-11-13,Consumer
CUST04050,Customer_04050,Male,50,Mumbai,West Bengal,2025-04-30,Consumer
CUST04051,Customer_04051,Female,42,Bengaluru,West Bengal,2025-07-09,Consumer
CUST04052,Customer_04052,Female,63,Hyderabad,Maharashtra,2025-06-25,Consumer
CUST04053,Customer_04053,Female,54,Pune,Karnataka,2025-02-15,Consumer
CUST04054,Customer_04054,Female,57,Mumbai,Karnataka,2025-10-26,Corporate
CUST04055,Customer_04055,Female,38,Pune,Maharashtra,2024-07-23,Consumer
CUST04056,Customer_04056,Male,63,Hyderabad,Delhi,2024-09-03,Premium
CUST04057,Customer_04057,Female,65,Bengaluru,Delhi,2024-09-25,Consumer
CUST04058,Customer_04058,Male,55,Hyderabad,Karnataka,2025-09-09,Consumer
CUST04059,Customer_04059,Female,57,Mumbai,Tamil Nadu,2024-04-07,Consumer
CUST04060,Customer_04060,Other,51,Bengaluru,Gujarat,2024-10-24,Consumer
CUST04061,Customer_04061,Male,36,Bengaluru,Telangana,2025-09-16,Premium
CUST04062,Customer_04062,Male,44,Bengaluru,West Bengal,2024-03-06,Consumer
CUST04063,Customer_04063,Female,26,Chennai,Tamil Nadu,2025-05-27,Consumer
CUST04064,Customer_04064,Male,22,Mumbai,West Bengal,2024-02-29,Consumer
CUST04065,Customer_04065,Female,22,Chennai,Karnataka,2023-04-15,Corporate
CUST04066,Customer_04066,Male,42,Pune,Maharashtra,2023-09-09,Consumer
CUST04067,Customer_04067,Male,43,Bengaluru,Delhi,2024-10-06,Consumer
CUST04068,Customer_04068,Female,36,Chennai,Karnataka,2023-06-27,Consumer
CUST04069,Customer_04069,Female,47,Hyderabad,Tamil Nadu,2024-12-20,Consumer
CUST04070,Customer_04070,Female,53,Chennai,Tamil Nadu,2025-12-16,Consumer
CUST04071,Customer_04071,Male,65,Delhi,Gujarat,2025-06-10,Corporate
CUST04072,Customer_04072,Female,65,Pune,West Bengal,2024-02-13,Corporate
CUST04073,Customer_04073,Female,33,Bengaluru,Karnataka,2025-08-11,Consumer
CUST04074,Customer_04074,Female,24,Bengaluru,Telangana,2023-09-19,Premium
CUST04075,Customer_04075,Female,35,Kolkata,Tamil Nadu,2025-01-11,Premium
CUST04076,Customer_04076,Female,38,Ahmedabad,Telangana,2024-10-15,Consumer
CUST04077,Customer_04077,Male,48,Pune,Telangana,2024-07-28,Consumer
CUST04078,Customer_04078,Male,18,Pune,West Bengal,2023-04-28,Consumer
CUST04079,Customer_04079,Female,20,Mumbai,Maharashtra,2025-08-28,Consumer
CUST04080,Customer_04080,Male,48,Hyderabad,Karnataka,2023-11-04,Consumer
CUST04081,Customer_04081,Female,42,Kolkata,Karnataka,2024-05-04,Consumer
CUST04082,Customer_04082,Male,25,Pune,Telangana,2025-01-26,Corporate
CUST04083,Customer_04083,Female,18,Kolkata,Maharashtra,2024-10-09,Consumer
CUST04084,Customer_04084,Female,24,Pune,Tamil Nadu,2024-08-30,Consumer
CUST04085,Customer_04085,Male,24,Kolkata,Tamil Nadu,2025-01-06,Corporate
CUST04086,Customer_04086,Male,25,Mumbai,Karnataka,2023-01-24,Consumer
CUST04087,Customer_04087,Male,36,Pune,West Bengal,2025-01-22,Consumer
CUST04088,Customer_04088,Female,34,Chennai,West Bengal,2025-09-27,Consumer
CUST04089,Customer_04089,Female,28,Delhi,Telangana,2023-12-15,Consumer
CUST04090,Customer_04090,Male,64,Delhi,Maharashtra,2023-01-25,Corporate
CUST04091,Customer_04091,Female,58,Delhi,Maharashtra,2025-10-11,Consumer
CUST04092,Customer_04092,Male,66,Pune,Tamil Nadu,2024-08-21,Consumer
CUST04093,Customer_04093,Male,28,Kolkata,Tamil Nadu,2025-03-11,Corporate
CUST04094,Customer_04094,Female,55,Delhi,West Bengal,2025-06-28,Corporate
CUST04095,Customer_04095,Male,58,Hyderabad,Delhi,2025-08-16,Consumer
CUST04096,Customer_04096,Male,67,Chennai,Delhi,2025-11-17,Consumer
CUST04097,Customer_04097,Male,69,Delhi,Telangana,2024-06-24,Consumer
CUST04098,Customer_04098,Male,19,Bengaluru,Delhi,2024-05-05,Consumer
CUST04099,Customer_04099,Male,21,Pune,Maharashtra,2024-05-02,Consumer
CUST04100,Customer_04100,Male,67,Chennai,Delhi,2025-03-01,Consumer
CUST04101,Customer_04101,Female,45,Hyderabad,Karnataka,2023-06-21,Consumer
CUST04102,Customer_04102,Male,50,Delhi,Karnataka,2023-02-07,Consumer
CUST04103,Customer_04103,Female,28,Hyderabad,Gujarat,2023-10-26,Consumer
CUST04104,Customer_04104,Male,20,Pune,Tamil Nadu,2025-11-16,Corporate
CUST04105,Customer_04105,Male,57,Delhi,Tamil Nadu,2024-10-09,Consumer
CUST04106,Customer_04106,Female,22,Bengaluru,West Bengal,2025-01-17,Consumer
CUST04107,Customer_04107,Female,69,Chennai,Telangana,2025-07-14,Consumer
CUST04108,Customer_04108,Male,38,Kolkata,Karnataka,2023-01-13,Premium
CUST04109,Customer_04109,Female,39,Bengaluru,Gujarat,2023-09-16,Consumer
CUST04110,Customer_04110,Female,54,Delhi,Telangana,2025-09-06,Consumer
CUST04111,Customer_04111,Female,28,Mumbai,Telangana,2024-09-07,Premium
CUST04112,Customer_04112,Female,61,Ahmedabad,West Bengal,2023-10-05,Consumer
CUST04113,Customer_04113,Male,39,Chennai,Delhi,2025-08-11,Corporate
CUST04114,Customer_04114,Male,58,Hyderabad,Tamil Nadu,2025-12-25,Consumer
CUST04115,Customer_04115,Female,30,Delhi,Telangana,2025-03-18,Consumer
CUST04116,Customer_04116,Male,69,Bengaluru,Telangana,2024-10-17,Consumer
CUST04117,Customer_04117,Female,20,Pune,Tamil Nadu,2025-02-21,Premium
CUST04118,Customer_04118,Male,30,Kolkata,West Bengal,2024-05-13,Consumer
CUST04119,Customer_04119,Male,45,Mumbai,Tamil Nadu,2023-07-24,Consumer
CUST04120,Customer_04120,Female,28,Kolkata,Karnataka,2024-08-09,Premium
CUST04121,Customer_04121,Male,28,Pune,Tamil Nadu,2025-11-07,Corporate
CUST04122,Customer_04122,Female,38,Delhi,Delhi,2024-09-05,Consumer
CUST04123,Customer_04123,Female,69,Ahmedabad,Karnataka,2025-09-26,Consumer
CUST04124,Customer_04124,Female,38,Hyderabad,West Bengal,2024-10-05,Consumer
CUST04125,Customer_04125,Female,24,Bengaluru,Gujarat,2025-03-31,Corporate
CUST04126,Customer_04126,Female,34,Chennai,Telangana,2023-02-27,Corporate
CUST04127,Customer_04127,Female,65,Mumbai,Delhi,2024-08-19,Consumer
CUST04128,Customer_04128,Female,31,Delhi,Delhi,2023-11-11,Consumer
CUST04129,Customer_04129,Male,50,Delhi,Karnataka,2023-06-11,Corporate
CUST04130,Customer_04130,Male,28,Delhi,Telangana,2023-11-20,Consumer
CUST04131,Customer_04131,Male,30,Delhi,Karnataka,2024-12-18,Consumer
CUST04132,Customer_04132,Male,18,Bengaluru,Maharashtra,2024-08-02,Consumer
CUST04133,Customer_04133,Female,51,Chennai,Maharashtra,2025-06-17,Corporate
CUST04134,Customer_04134,Female,26,Hyderabad,Karnataka,2025-01-29,Consumer
CUST04135,Customer_04135,Female,30,Mumbai,Telangana,2024-05-16,Corporate
CUST04136,Customer_04136,Male,54,Kolkata,West Bengal,2023-02-26,Consumer
CUST04137,Customer_04137,Female,47,Ahmedabad,Telangana,2023-10-24,Consumer
CUST04138,Customer_04138,Male,58,Delhi,Tamil Nadu,2025-10-24,Consumer
CUST04139,Customer_04139,Female,62,Pune,West Bengal,2024-02-14,Consumer
CUST04140,Customer_04140,Female,54,Delhi,Delhi,2025-03-17,Corporate
CUST04141,Customer_04141,Male,64,Chennai,Karnataka,2024-09-11,Consumer
CUST04142,Customer_04142,Male,24,Chennai,West Bengal,2025-02-17,Consumer
CUST04143,Customer_04143,Male,31,Ahmedabad,Delhi,2025-02-17,Corporate
CUST04144,Customer_04144,Female,65,Bengaluru,West Bengal,2024-07-19,Premium
CUST04145,Customer_04145,Female,23,Bengaluru,Delhi,2025-09-24,Corporate
CUST04146,Customer_04146,Female,51,Pune,Maharashtra,2023-06-15,Consumer
CUST04147,Customer_04147,Male,33,Pune,Maharashtra,2025-02-26,Consumer
CUST04148,Customer_04148,Male,68,Bengaluru,Gujarat,2024-10-27,Corporate
CUST04149,Customer_04149,Female,54,Mumbai,West Bengal,2023-05-08,Corporate
CUST04150,Customer_04150,Female,53,Pune,West Bengal,2023-03-17,Consumer
CUST04151,Customer_04151,Male,63,Bengaluru,Karnataka,2025-06-05,Consumer
CUST04152,Customer_04152,Male,23,Delhi,Gujarat,2025-02-20,Consumer
CUST04153,Customer_04153,Female,25,Bengaluru,Karnataka,2024-03-09,Consumer
CUST04154,Customer_04154,Male,41,Kolkata,Telangana,2024-09-26,Consumer
CUST04155,Customer_04155,Male,20,Mumbai,Karnataka,2024-09-06,Consumer
CUST04156,Customer_04156,Male,21,Bengaluru,West Bengal,2025-09-12,Consumer
CUST04157,Customer_04157,Female,49,Bengaluru,Telangana,2024-06-09,Consumer
CUST04158,Customer_04158,Female,18,Delhi,Telangana,2024-03-16,Consumer
CUST04159,Customer_04159,Female,51,Pune,Karnataka,2024-08-09,Consumer
CUST04160,Customer_04160,Female,62,Delhi,Telangana,2024-01-26,Consumer
CUST04161,Customer_04161,Female,26,Kolkata,Delhi,2023-09-01,Consumer
CUST04162,Customer_04162,Male,29,Kolkata,Telangana,2025-02-06,Corporate
CUST04163,Customer_04163,Female,27,Ahmedabad,Delhi,2024-02-19,Consumer
CUST04164,Customer_04164,Male,27,Delhi,Delhi,2024-03-02,Consumer
CUST04165,Customer_04165,Female,67,Bengaluru,Delhi,2023-09-06,Corporate
CUST04166,Customer_04166,Male,61,Delhi,Tamil Nadu,2025-11-24,Corporate
CUST04167,Customer_04167,Male,65,Chennai,Gujarat,2025-04-18,Consumer
CUST04168,Customer_04168,Male,40,Hyderabad,West Bengal,2023-09-10,Consumer
CUST04169,Customer_04169,Male,23,Hyderabad,Tamil Nadu,2025-05-11,Consumer
CUST04170,Customer_04170,Male,41,Delhi,West Bengal,2025-03-29,Consumer
CUST04171,Customer_04171,Male,41,Pune,West Bengal,2025-05-11,Corporate
CUST04172,Customer_04172,Other,38,Mumbai,Telangana,2023-07-29,Consumer
CUST04173,Customer_04173,Male,59,Kolkata,Gujarat,2023-04-20,Consumer
CUST04174,Customer_04174,Female,48,Delhi,West Bengal,2023-11-26,Consumer
CUST04175,Customer_04175,Female,64,Pune,Gujarat,2023-05-22,Consumer
CUST04176,Customer_04176,Other,58,Delhi,Gujarat,2024-11-06,Premium
CUST04177,Customer_04177,Female,47,Bengaluru,Karnataka,2023-03-28,Corporate
CUST04178,Customer_04178,Female,51,Kolkata,Telangana,2023-05-20,Corporate
CUST04179,Customer_04179,Male,35,Kolkata,Tamil Nadu,2024-11-04,Consumer
CUST04180,Customer_04180,Male,29,Pune,Gujarat,2023-01-26,Consumer
CUST04181,Customer_04181,Male,52,Kolkata,West Bengal,2024-10-07,Consumer
CUST04182,Customer_04182,Female,24,Mumbai,Gujarat,2025-06-29,Premium
CUST04183,Customer_04183,Female,58,Delhi,West Bengal,2023-12-28,Consumer
CUST04184,Customer_04184,Male,57,Chennai,Maharashtra,2023-12-26,Premium
CUST04185,Customer_04185,Male,42,Pune,Gujarat,2025-09-22,Corporate
CUST04186,Customer_04186,Female,23,Hyderabad,Gujarat,2023-03-18,Consumer
CUST04187,Customer_04187,Male,18,Pune,Maharashtra,2023-04-05,Consumer
CUST04188,Customer_04188,Female,63,Ahmedabad,Telangana,2025-08-14,Corporate
CUST04189,Customer_04189,Female,33,Chennai,Tamil Nadu,2025-09-23,Corporate
CUST04190,Customer_04190,Female,65,Kolkata,Delhi,2023-08-06,Consumer
CUST04191,Customer_04191,Female,21,Ahmedabad,Tamil Nadu,2024-01-03,Consumer
CUST04192,Customer_04192,Female,46,Chennai,Telangana,2023-02-21,Consumer
CUST04193,Customer_04193,Female,55,Kolkata,Tamil Nadu,2024-11-17,Consumer
CUST04194,Customer_04194,Female,64,Chennai,Maharashtra,2025-04-04,Corporate
CUST04195,Customer_04195,Female,45,Mumbai,Gujarat,2023-02-02,Premium
CUST04196,Customer_04196,Male,39,Mumbai,Gujarat,2025-05-21,Consumer
CUST04197,Customer_04197,Male,25,Pune,Delhi,2024-10-05,Corporate
CUST04198,Customer_04198,Male,49,Ahmedabad,Telangana,2024-02-29,Consumer
CUST04199,Customer_04199,Male,50,Mumbai,Gujarat,2025-02-25,Consumer
CUST04200,Customer_04200,Female,30,Hyderabad,Telangana,2025-10-27,Consumer
CUST04201,Customer_04201,Female,44,Ahmedabad,Karnataka,2024-05-09,Corporate
CUST04202,Customer_04202,Male,35,Kolkata,West Bengal,2025-01-08,Consumer
CUST04203,Customer_04203,Male,35,Bengaluru,Delhi,2025-02-05,Consumer
CUST04204,Customer_04204,Female,30,Pune,West Bengal,2024-11-26,Premium
CUST04205,Customer_04205,Male,39,Delhi,Telangana,2023-07-18,Premium
CUST04206,Customer_04206,Male,31,Delhi,Tamil Nadu,2024-12-15,Consumer
CUST04207,Customer_04207,Female,28,Pune,Tamil Nadu,2024-03-10,Consumer
CUST04208,Customer_04208,Female,56,Bengaluru,Tamil Nadu,2023-10-15,Premium
CUST04209,Customer_04209,Male,67,Delhi,Tamil Nadu,2024-12-19,Corporate
CUST04210,Customer_04210,Male,39,Pune,Telangana,2024-07-20,Premium
CUST04211,Customer_04211,Male,53,Pune,Maharashtra,2025-03-21,Consumer
CUST04212,Customer_04212,Female,34,Chennai,Delhi,2024-02-12,Consumer
CUST04213,Customer_04213,Female,68,Hyderabad,Tamil Nadu,2025-07-05,Consumer
CUST04214,Customer_04214,Male,49,Ahmedabad,Telangana,2025-06-28,Consumer
CUST04215,Customer_04215,Female,31,Delhi,Gujarat,2024-12-17,Premium
CUST04216,Customer_04216,Female,59,Hyderabad,Gujarat,2025-04-04,Consumer
CUST04217,Customer_04217,Male,46,Kolkata,Telangana,2025-10-22,Consumer
CUST04218,Customer_04218,Female,23,Pune,Tamil Nadu,2023-07-04,Consumer
CUST04219,Customer_04219,Female,67,Bengaluru,Karnataka,2024-11-04,Consumer
CUST04220,Customer_04220,Male,21,Pune,Telangana,2024-08-24,Consumer
CUST04221,Customer_04221,Male,28,Delhi,Delhi,2025-02-01,Corporate
CUST04222,Customer_04222,Female,62,Hyderabad,Delhi,2023-01-22,Consumer
CUST04223,Customer_04223,Female,57,Chennai,Karnataka,2023-07-31,Consumer
CUST04224,Customer_04224,Female,27,Ahmedabad,Gujarat,2024-04-21,Corporate
CUST04225,Customer_04225,Female,45,Chennai,Gujarat,2024-04-10,Consumer
CUST04226,Customer_04226,Female,28,Pune,Telangana,2025-09-15,Consumer
CUST04227,Customer_04227,Male,52,Bengaluru,Karnataka,2023-06-21,Consumer
CUST04228,Customer_04228,Female,32,Kolkata,Telangana,2024-11-05,Corporate
CUST04229,Customer_04229,Male,25,Ahmedabad,Telangana,2025-03-07,Consumer
CUST04230,Customer_04230,Male,37,Mumbai,Karnataka,2023-09-01,Consumer
CUST04231,Customer_04231,Female,67,Delhi,Gujarat,2024-02-25,Consumer
CUST04232,Customer_04232,Female,38,Pune,West Bengal,2024-01-14,Consumer
CUST04233,Customer_04233,Male,18,Chennai,Maharashtra,2023-12-07,Corporate
CUST04234,Customer_04234,Female,46,Chennai,Tamil Nadu,2025-08-11,Corporate
CUST04235,Customer_04235,Male,41,Bengaluru,Tamil Nadu,2024-11-01,Corporate
CUST04236,Customer_04236,Male,47,Chennai,Tamil Nadu,2023-05-03,Consumer
CUST04237,Customer_04237,Male,57,Delhi,Karnataka,2025-05-21,Consumer
CUST04238,Customer_04238,Female,52,Bengaluru,Telangana,2024-03-09,Corporate
CUST04239,Customer_04239,Female,50,Hyderabad,West Bengal,2023-07-07,Consumer
CUST04240,Customer_04240,Male,37,Bengaluru,West Bengal,2025-11-03,Consumer
CUST04241,Customer_04241,Female,33,Kolkata,Telangana,2023-03-11,Consumer
CUST04242,Customer_04242,Male,26,Delhi,Delhi,2024-10-12,Consumer
CUST04243,Customer_04243,Female,48,Kolkata,West Bengal,2025-04-16,Consumer
CUST04244,Customer_04244,Male,34,Delhi,Telangana,2024-08-13,Consumer
CUST04245,Customer_04245,Male,48,Hyderabad,Gujarat,2023-11-14,Consumer
CUST04246,Customer_04246,Female,65,Pune,Maharashtra,2024-03-12,Consumer
CUST04247,Customer_04247,Male,40,Bengaluru,Tamil Nadu,2023-08-15,Corporate
CUST04248,Customer_04248,Male,23,Delhi,West Bengal,2023-06-29,Consumer
CUST04249,Customer_04249,Female,47,Delhi,Gujarat,2024-06-19,Consumer
CUST04250,Customer_04250,Female,24,Hyderabad,Gujarat,2023-09-27,Corporate
CUST04251,Customer_04251,Male,65,Mumbai,West Bengal,2025-08-03,Consumer
CUST04252,Customer_04252,Male,57,Bengaluru,West Bengal,2024-10-20,Consumer
CUST04253,Customer_04253,Male,59,Ahmedabad,Maharashtra,2023-10-12,Consumer
CUST04254,Customer_04254,Female,63,Delhi,Tamil Nadu,2025-11-11,Corporate
CUST04255,Customer_04255,Male,28,Chennai,West Bengal,2023-01-02,Consumer
CUST04256,Customer_04256,Female,51,Hyderabad,Karnataka,2023-04-13,Consumer
CUST04257,Customer_04257,Other,29,Mumbai,Maharashtra,2025-11-25,Consumer
CUST04258,Customer_04258,Male,69,Mumbai,Gujarat,2023-10-01,Corporate
CUST04259,Customer_04259,Male,69,Hyderabad,West Bengal,2025-12-10,Consumer
CUST04260,Customer_04260,Male,62,Mumbai,Telangana,2025-06-14,Premium
CUST04261,Customer_04261,Male,64,Delhi,Tamil Nadu,2023-01-17,Consumer
CUST04262,Customer_04262,Female,44,Mumbai,Delhi,2024-03-11,Consumer
CUST04263,Customer_04263,Male,29,Bengaluru,Maharashtra,2025-05-07,Consumer
CUST04264,Customer_04264,Male,30,Ahmedabad,Gujarat,2024-11-16,Premium
CUST04265,Customer_04265,Female,25,Chennai,Karnataka,2023-09-20,Corporate
CUST04266,Customer_04266,Male,33,Ahmedabad,Gujarat,2024-01-29,Consumer
CUST04267,Customer_04267,Female,46,Ahmedabad,Delhi,2023-07-27,Consumer
CUST04268,Customer_04268,Male,52,Delhi,West Bengal,2025-03-18,Consumer
CUST04269,Customer_04269,Female,46,Hyderabad,West Bengal,2024-04-09,Consumer
CUST04270,Customer_04270,Female,48,Chennai,Karnataka,2023-12-24,Consumer
CUST04271,Customer_04271,Female,30,Pune,Tamil Nadu,2023-12-20,Consumer
CUST04272,Customer_04272,Female,29,Delhi,Maharashtra,2024-01-11,Corporate
CUST04273,Customer_04273,Male,68,Chennai,Karnataka,2025-09-15,Consumer
CUST04274,Customer_04274,Male,19,Mumbai,Delhi,2023-01-18,Consumer
CUST04275,Customer_04275,Female,50,Pune,Gujarat,2024-12-16,Consumer
CUST04276,Customer_04276,Female,25,Hyderabad,Delhi,2024-04-29,Premium
CUST04277,Customer_04277,Male,58,Hyderabad,Telangana,2025-10-22,Consumer
CUST04278,Customer_04278,Male,57,Ahmedabad,Karnataka,2025-08-07,Consumer
CUST04279,Customer_04279,Male,66,Bengaluru,Maharashtra,2024-01-11,Corporate
CUST04280,Customer_04280,Male,58,Mumbai,Maharashtra,2025-07-02,Corporate
CUST04281,Customer_04281,Male,49,Ahmedabad,Gujarat,2024-07-19,Corporate
CUST04282,Customer_04282,Female,55,Bengaluru,Gujarat,2025-05-14,Corporate
CUST04283,Customer_04283,Male,45,Bengaluru,West Bengal,2024-09-03,Consumer
CUST04284,Customer_04284,Male,32,Mumbai,Gujarat,2025-11-28,Consumer
CUST04285,Customer_04285,Female,40,Delhi,Telangana,2024-03-11,Corporate
CUST04286,Customer_04286,Female,41,Pune,Delhi,2024-10-09,Premium
CUST04287,Customer_04287,Female,30,Kolkata,Gujarat,2023-12-28,Consumer
CUST04288,Customer_04288,Female,38,Bengaluru,West Bengal,2024-07-15,Consumer
CUST04289,Customer_04289,Male,29,Chennai,Karnataka,2023-03-24,Consumer
CUST04290,Customer_04290,Female,30,Pune,Gujarat,2025-11-16,Corporate
CUST04291,Customer_04291,Female,56,Delhi,Delhi,2023-01-21,Consumer
CUST04292,Customer_04292,Male,40,Ahmedabad,Karnataka,2025-12-04,Corporate
CUST04293,Customer_04293,Female,67,Mumbai,Karnataka,2025-08-11,Consumer
CUST04294,Customer_04294,Female,63,Hyderabad,Karnataka,2024-11-24,Consumer
CUST04295,Customer_04295,Male,60,Delhi,Delhi,2025-03-08,Corporate
CUST04296,Customer_04296,Male,45,Ahmedabad,Gujarat,2024-04-23,Corporate
CUST04297,Customer_04297,Male,31,Bengaluru,Delhi,2025-05-12,Consumer
CUST04298,Customer_04298,Male,34,Chennai,Delhi,2024-10-17,Consumer
CUST04299,Customer_04299,Male,41,Ahmedabad,Tamil Nadu,2025-02-01,Consumer
CUST04300,Customer_04300,Female,51,Pune,West Bengal,2024-09-09,Consumer
CUST04301,Customer_04301,Male,68,Mumbai,Delhi,2024-12-11,Consumer
CUST04302,Customer_04302,Female,65,Hyderabad,Telangana,2023-12-03,Corporate
CUST04303,Customer_04303,Female,39,Pune,West Bengal,2025-02-06,Consumer
CUST04304,Customer_04304,Female,27,Chennai,Tamil Nadu,2025-03-29,Consumer
CUST04305,Customer_04305,Female,25,Kolkata,Karnataka,2024-01-20,Consumer
CUST04306,Customer_04306,Male,38,Hyderabad,Gujarat,2025-10-17,Premium
CUST04307,Customer_04307,Male,54,Mumbai,Maharashtra,2025-12-13,Consumer
CUST04308,Customer_04308,Female,24,Pune,Gujarat,2024-08-14,Consumer
CUST04309,Customer_04309,Female,43,Delhi,Tamil Nadu,2025-04-10,Corporate
CUST04310,Customer_04310,Female,30,Bengaluru,West Bengal,2025-12-17,Consumer
CUST04311,Customer_04311,Male,33,Mumbai,Tamil Nadu,2024-05-17,Corporate
CUST04312,Customer_04312,Female,47,Ahmedabad,West Bengal,2023-07-08,Corporate
CUST04313,Customer_04313,Male,48,Chennai,West Bengal,2025-05-19,Corporate
CUST04314,Customer_04314,Female,22,Delhi,Karnataka,2024-08-01,Consumer
CUST04315,Customer_04315,Female,49,Pune,Delhi,2025-03-09,Premium
CUST04316,Customer_04316,Male,33,Hyderabad,Delhi,2023-05-11,Corporate
CUST04317,Customer_04317,Female,64,Delhi,Tamil Nadu,2024-11-08,Consumer
CUST04318,Customer_04318,Male,26,Delhi,Delhi,2025-08-06,Corporate
CUST04319,Customer_04319,Male,39,Chennai,Tamil Nadu,2023-06-01,Consumer
CUST04320,Customer_04320,Female,61,Bengaluru,Gujarat,2025-07-10,Consumer
CUST04321,Customer_04321,Female,57,Kolkata,Maharashtra,2024-12-13,Consumer
CUST04322,Customer_04322,Female,62,Ahmedabad,Gujarat,2025-03-15,Consumer
CUST04323,Customer_04323,Female,54,Ahmedabad,Maharashtra,2024-03-07,Consumer
CUST04324,Customer_04324,Male,31,Delhi,Karnataka,2023-01-28,Corporate
CUST04325,Customer_04325,Female,33,Delhi,Telangana,2023-12-21,Consumer
CUST04326,Customer_04326,Female,60,Bengaluru,Telangana,2024-11-08,Corporate
CUST04327,Customer_04327,Male,37,Bengaluru,Gujarat,2023-05-16,Consumer
CUST04328,Customer_04328,Other,61,Hyderabad,Delhi,2025-12-27,Premium
CUST04329,Customer_04329,Male,32,Pune,Telangana,2023-06-03,Consumer
CUST04330,Customer_04330,Female,61,Ahmedabad,Maharashtra,2023-11-22,Consumer
CUST04331,Customer_04331,Male,43,Hyderabad,Karnataka,2025-03-26,Corporate
CUST04332,Customer_04332,Male,26,Bengaluru,Maharashtra,2023-04-18,Consumer
CUST04333,Customer_04333,Male,18,Kolkata,West Bengal,2025-12-05,Corporate
CUST04334,Customer_04334,Female,52,Mumbai,Tamil Nadu,2024-03-29,Consumer
CUST04335,Customer_04335,Male,61,Bengaluru,Delhi,2023-11-19,Consumer
CUST04336,Customer_04336,Male,37,Hyderabad,Delhi,2023-10-12,Corporate
CUST04337,Customer_04337,Female,62,Chennai,Telangana,2024-10-11,Consumer
CUST04338,Customer_04338,Female,23,Chennai,Tamil Nadu,2025-01-18,Consumer
CUST04339,Customer_04339,Male,59,Pune,Telangana,2024-03-24,Consumer
CUST04340,Customer_04340,Male,27,Delhi,West Bengal,2023-11-17,Consumer
CUST04341,Customer_04341,Male,65,Kolkata,Telangana,2023-10-05,Corporate
CUST04342,Customer_04342,Male,50,Chennai,Telangana,2024-09-03,Consumer
CUST04343,Customer_04343,Female,33,Hyderabad,Tamil Nadu,2025-11-03,Consumer
CUST04344,Customer_04344,Female,53,Chennai,Telangana,2024-02-18,Consumer
CUST04345,Customer_04345,Female,23,Kolkata,West Bengal,2024-05-08,Consumer
CUST04346,Customer_04346,Male,36,Kolkata,Delhi,2023-02-16,Consumer
CUST04347,Customer_04347,Female,48,Mumbai,Telangana,2024-10-17,Premium
CUST04348,Customer_04348,Female,19,Bengaluru,Tamil Nadu,2025-02-07,Consumer
CUST04349,Customer_04349,Female,35,Bengaluru,Tamil Nadu,2024-03-07,Consumer
CUST04350,Customer_04350,Female,59,Hyderabad,Maharashtra,2025-08-13,Consumer
CUST04351,Customer_04351,Female,45,Delhi,Telangana,2024-01-12,Consumer
CUST04352,Customer_04352,Female,21,Kolkata,Tamil Nadu,2025-11-13,Corporate
CUST04353,Customer_04353,Male,18,Bengaluru,Gujarat,2025-06-27,Premium
CUST04354,Customer_04354,Female,64,Ahmedabad,Telangana,2023-11-21,Premium
CUST04355,Customer_04355,Female,59,Chennai,Karnataka,2023-11-12,Corporate
CUST04356,Customer_04356,Female,67,Kolkata,Delhi,2023-08-09,Consumer
CUST04357,Customer_04357,Male,33,Mumbai,Delhi,2023-08-02,Consumer
CUST04358,Customer_04358,Female,62,Ahmedabad,Gujarat,2025-04-24,Consumer
CUST04359,Customer_04359,Female,64,Delhi,Telangana,2024-01-20,Consumer
CUST04360,Customer_04360,Male,19,Delhi,West Bengal,2025-10-24,Consumer
CUST04361,Customer_04361,Male,69,Delhi,Delhi,2025-05-26,Consumer
CUST04362,Customer_04362,Female,53,Ahmedabad,Delhi,2024-10-14,Premium
CUST04363,Customer_04363,Female,18,Bengaluru,West Bengal,2023-10-14,Corporate
CUST04364,Customer_04364,Female,56,Pune,Karnataka,2024-01-19,Consumer
CUST04365,Customer_04365,Male,40,Delhi,Delhi,2025-10-14,Consumer
CUST04366,Customer_04366,Female,43,Ahmedabad,Delhi,2025-04-26,Consumer
CUST04367,Customer_04367,Male,28,Ahmedabad,Tamil Nadu,2024-05-31,Consumer
CUST04368,Customer_04368,Male,59,Hyderabad,Delhi,2023-05-07,Consumer
CUST04369,Customer_04369,Male,18,Chennai,Telangana,2025-12-04,Consumer
CUST04370,Customer_04370,Male,28,Pune,Delhi,2024-09-14,Consumer
CUST04371,Customer_04371,Male,41,Mumbai,Telangana,2023-10-17,Consumer
CUST04372,Customer_04372,Male,27,Chennai,Delhi,2024-11-27,Consumer
CUST04373,Customer_04373,Male,31,Hyderabad,Telangana,2023-06-06,Consumer
CUST04374,Customer_04374,Male,31,Hyderabad,Delhi,2024-02-10,Consumer
CUST04375,Customer_04375,Female,24,Kolkata,Gujarat,2025-05-26,Consumer
CUST04376,Customer_04376,Male,40,Pune,Telangana,2025-11-12,Corporate
CUST04377,Customer_04377,Male,60,Chennai,Delhi,2023-07-16,Consumer
CUST04378,Customer_04378,Female,39,Bengaluru,West Bengal,2024-04-23,Consumer
CUST04379,Customer_04379,Male,53,Kolkata,Karnataka,2023-10-12,Corporate
CUST04380,Customer_04380,Female,44,Hyderabad,Tamil Nadu,2023-11-04,Consumer
CUST04381,Customer_04381,Male,19,Delhi,Tamil Nadu,2023-12-11,Consumer
CUST04382,Customer_04382,Male,56,Mumbai,Tamil Nadu,2025-10-17,Corporate
CUST04383,Customer_04383,Female,68,Ahmedabad,West Bengal,2025-09-17,Corporate
CUST04384,Customer_04384,Female,63,Mumbai,Tamil Nadu,2024-02-02,Consumer
CUST04385,Customer_04385,Female,36,Hyderabad,West Bengal,2025-02-23,Premium
CUST04386,Customer_04386,Female,24,Delhi,Karnataka,2025-03-06,Premium
CUST04387,Customer_04387,Female,29,Chennai,Gujarat,2024-09-27,Corporate
CUST04388,Customer_04388,Male,20,Ahmedabad,Gujarat,2024-03-25,Consumer
CUST04389,Customer_04389,Male,64,Mumbai,Karnataka,2025-02-10,Corporate
CUST04390,Customer_04390,Male,22,Delhi,Delhi,2024-11-11,Consumer
CUST04391,Customer_04391,Male,25,Delhi,Karnataka,2024-07-01,Consumer
CUST04392,Customer_04392,Female,31,Bengaluru,Tamil Nadu,2023-08-17,Corporate
CUST04393,Customer_04393,Female,53,Hyderabad,West Bengal,2023-09-01,Consumer
CUST04394,Customer_04394,Male,24,Delhi,Gujarat,2023-03-06,Consumer
CUST04395,Customer_04395,Female,24,Kolkata,Maharashtra,2025-08-03,Corporate
CUST04396,Customer_04396,Female,67,Chennai,Delhi,2025-10-23,Corporate
CUST04397,Customer_04397,Male,63,Mumbai,Telangana,2025-11-26,Corporate
CUST04398,Customer_04398,Male,49,Kolkata,Gujarat,2025-09-28,Corporate
CUST04399,Customer_04399,Male,25,Bengaluru,Tamil Nadu,2023-01-03,Consumer
CUST04400,Customer_04400,Male,29,Chennai,West Bengal,2025-08-12,Consumer
CUST04401,Customer_04401,Male,27,Mumbai,Gujarat,2023-05-23,Premium
CUST04402,Customer_04402,Female,31,Hyderabad,West Bengal,2025-12-15,Consumer
CUST04403,Customer_04403,Male,26,Chennai,Tamil Nadu,2023-03-02,Corporate
CUST04404,Customer_04404,Male,55,Ahmedabad,Tamil Nadu,2023-03-09,Consumer
CUST04405,Customer_04405,Other,47,Mumbai,Gujarat,2023-03-20,Premium
CUST04406,Customer_04406,Female,22,Bengaluru,Gujarat,2024-01-02,Consumer
CUST04407,Customer_04407,Female,18,Ahmedabad,Gujarat,2025-08-15,Consumer
CUST04408,Customer_04408,Male,18,Kolkata,Karnataka,2024-06-09,Corporate
CUST04409,Customer_04409,Male,37,Mumbai,Gujarat,2024-01-25,Corporate
CUST04410,Customer_04410,Female,66,Ahmedabad,West Bengal,2024-06-04,Consumer
CUST04411,Customer_04411,Male,28,Delhi,Telangana,2023-09-10,Consumer
CUST04412,Customer_04412,Male,43,Bengaluru,Delhi,2023-01-03,Consumer
CUST04413,Customer_04413,Female,61,Chennai,Tamil Nadu,2024-11-26,Consumer
CUST04414,Customer_04414,Female,20,Ahmedabad,Gujarat,2023-02-15,Corporate
CUST04415,Customer_04415,Male,23,Pune,Telangana,2024-10-14,Consumer
CUST04416,Customer_04416,Male,60,Ahmedabad,Maharashtra,2024-06-08,Corporate
CUST04417,Customer_04417,Male,62,Hyderabad,West Bengal,2024-02-22,Consumer
CUST04418,Customer_04418,Male,28,Kolkata,Gujarat,2025-09-28,Consumer
CUST04419,Customer_04419,Male,25,Bengaluru,Karnataka,2025-12-02,Consumer
CUST04420,Customer_04420,Male,46,Kolkata,Tamil Nadu,2025-06-14,Consumer
CUST04421,Customer_04421,Male,27,Bengaluru,Telangana,2024-11-26,Consumer
CUST04422,Customer_04422,Female,51,Bengaluru,West Bengal,2024-07-12,Consumer
CUST04423,Customer_04423,Female,41,Mumbai,Gujarat,2025-07-19,Corporate
CUST04424,Customer_04424,Female,63,Ahmedabad,Telangana,2024-08-17,Corporate
CUST04425,Customer_04425,Male,65,Delhi,Tamil Nadu,2025-05-16,Corporate
CUST04426,Customer_04426,Male,34,Pune,Telangana,2024-01-19,Consumer
CUST04427,Customer_04427,Male,49,Hyderabad,Telangana,2025-12-31,Consumer
CUST04428,Customer_04428,Male,28,Ahmedabad,West Bengal,2023-08-05,Consumer
CUST04429,Customer_04429,Male,51,Kolkata,Gujarat,2025-04-12,Consumer
CUST04430,Customer_04430,Female,41,Hyderabad,Gujarat,2025-03-16,Consumer
CUST04431,Customer_04431,Female,22,Delhi,West Bengal,2025-11-22,Consumer
CUST04432,Customer_04432,Female,46,Mumbai,Delhi,2025-02-19,Corporate
CUST04433,Customer_04433,Male,65,Mumbai,Karnataka,2023-08-04,Corporate
CUST04434,Customer_04434,Female,65,Delhi,Delhi,2023-04-11,Premium
CUST04435,Customer_04435,Male,51,Kolkata,Karnataka,2024-04-14,Corporate
CUST04436,Customer_04436,Male,33,Delhi,Karnataka,2023-06-29,Premium
CUST04437,Customer_04437,Male,42,Chennai,Delhi,2024-09-30,Consumer
CUST04438,Customer_04438,Female,54,Mumbai,West Bengal,2024-01-12,Consumer
CUST04439,Customer_04439,Other,25,Kolkata,Tamil Nadu,2024-11-11,Consumer
CUST04440,Customer_04440,Male,46,Bengaluru,West Bengal,2025-03-27,Premium
CUST04441,Customer_04441,Female,69,Ahmedabad,Telangana,2023-10-07,Consumer
CUST04442,Customer_04442,Female,63,Hyderabad,Maharashtra,2025-04-28,Consumer
CUST04443,Customer_04443,Male,42,Mumbai,Delhi,2025-01-22,Consumer
CUST04444,Customer_04444,Male,59,Delhi,Delhi,2023-09-07,Consumer
CUST04445,Customer_04445,Male,40,Bengaluru,Tamil Nadu,2025-07-02,Consumer
CUST04446,Customer_04446,Female,51,Ahmedabad,Telangana,2025-02-11,Consumer
CUST04447,Customer_04447,Male,20,Ahmedabad,Gujarat,2024-10-02,Corporate
CUST04448,Customer_04448,Female,47,Ahmedabad,West Bengal,2023-11-23,Consumer
CUST04449,Customer_04449,Male,67,Chennai,Delhi,2025-06-08,Consumer
CUST04450,Customer_04450,Female,51,Pune,Maharashtra,2025-02-09,Consumer
CUST04451,Customer_04451,Male,49,Chennai,Telangana,2024-01-12,Corporate
CUST04452,Customer_04452,Female,46,Bengaluru,Delhi,2025-11-04,Consumer
CUST04453,Customer_04453,Female,26,Ahmedabad,Gujarat,2024-11-26,Consumer
CUST04454,Customer_04454,Female,19,Kolkata,Delhi,2024-04-25,Corporate
CUST04455,Customer_04455,Female,56,Kolkata,Gujarat,2025-11-05,Consumer
CUST04456,Customer_04456,Male,24,Bengaluru,Karnataka,2024-07-28,Consumer
CUST04457,Customer_04457,Female,63,Kolkata,Karnataka,2024-04-29,Corporate
CUST04458,Customer_04458,Male,22,Delhi,Delhi,2025-07-28,Consumer
CUST04459,Customer_04459,Male,25,Kolkata,Tamil Nadu,2023-09-14,Consumer
CUST04460,Customer_04460,Female,49,Pune,Karnataka,2023-01-27,Consumer
CUST04461,Customer_04461,Male,35,Delhi,Delhi,2025-11-14,Corporate
CUST04462,Customer_04462,Female,55,Hyderabad,Gujarat,2025-12-21,Consumer
CUST04463,Customer_04463,Other,63,Kolkata,Telangana,2023-08-21,Corporate
CUST04464,Customer_04464,Male,35,Pune,West Bengal,2023-12-15,Consumer
CUST04465,Customer_04465,Female,66,Pune,Gujarat,2024-02-18,Consumer
CUST04466,Customer_04466,Male,58,Hyderabad,Maharashtra,2024-02-10,Consumer
CUST04467,Customer_04467,Male,62,Chennai,Karnataka,2025-08-16,Consumer
CUST04468,Customer_04468,Male,33,Bengaluru,West Bengal,2024-05-30,Consumer
CUST04469,Customer_04469,Female,38,Chennai,West Bengal,2025-10-06,Consumer
CUST04470,Customer_04470,Female,27,Kolkata,West Bengal,2023-10-14,Consumer
CUST04471,Customer_04471,Female,59,Kolkata,Delhi,2023-11-03,Corporate
CUST04472,Customer_04472,Other,21,Delhi,Karnataka,2024-07-15,Consumer
CUST04473,Customer_04473,Male,61,Mumbai,Gujarat,2025-02-20,Consumer
CUST04474,Customer_04474,Male,25,Kolkata,Gujarat,2025-10-28,Corporate
CUST04475,Customer_04475,Female,64,Kolkata,Telangana,2023-12-23,Consumer
CUST04476,Customer_04476,Male,36,Delhi,Tamil Nadu,2024-08-03,Consumer
CUST04477,Customer_04477,Male,64,Mumbai,Delhi,2023-05-19,Consumer
CUST04478,Customer_04478,Male,57,Ahmedabad,Telangana,2024-02-27,Consumer
CUST04479,Customer_04479,Female,57,Ahmedabad,Maharashtra,2024-02-01,Corporate
CUST04480,Customer_04480,Female,68,Ahmedabad,Delhi,2025-04-11,Consumer
CUST04481,Customer_04481,Male,26,Bengaluru,Maharashtra,2023-11-01,Consumer
CUST04482,Customer_04482,Male,47,Bengaluru,Tamil Nadu,2025-11-08,Consumer
CUST04483,Customer_04483,Female,34,Ahmedabad,Delhi,2023-08-14,Consumer
CUST04484,Customer_04484,Female,57,Pune,Delhi,2025-04-30,Consumer
CUST04485,Customer_04485,Male,61,Bengaluru,West Bengal,2024-05-09,Consumer
CUST04486,Customer_04486,Female,32,Hyderabad,Telangana,2024-09-18,Consumer
CUST04487,Customer_04487,Male,21,Hyderabad,Karnataka,2023-11-23,Corporate
CUST04488,Customer_04488,Male,23,Ahmedabad,Delhi,2024-05-19,Corporate
CUST04489,Customer_04489,Female,33,Mumbai,Tamil Nadu,2024-08-29,Corporate
CUST04490,Customer_04490,Female,43,Chennai,Delhi,2024-08-29,Consumer
CUST04491,Customer_04491,Male,54,Pune,Delhi,2025-09-30,Consumer
CUST04492,Customer_04492,Female,40,Chennai,Delhi,2024-05-23,Consumer
CUST04493,Customer_04493,Female,30,Mumbai,West Bengal,2024-10-18,Consumer
CUST04494,Customer_04494,Female,64,Hyderabad,Delhi,2024-06-14,Consumer
CUST04495,Customer_04495,Female,34,Delhi,Tamil Nadu,2023-02-06,Premium
CUST04496,Customer_04496,Female,44,Kolkata,Telangana,2023-11-10,Corporate
CUST04497,Customer_04497,Male,69,Ahmedabad,Karnataka,2023-08-08,Consumer
CUST04498,Customer_04498,Male,39,Pune,Tamil Nadu,2024-10-01,Consumer
CUST04499,Customer_04499,Male,54,Mumbai,Tamil Nadu,2024-02-08,Corporate
CUST04500,Customer_04500,Male,36,Chennai,Maharashtra,2024-04-23,Consumer
CUST04501,Customer_04501,Female,56,Mumbai,Karnataka,2024-12-22,Consumer
CUST04502,Customer_04502,Female,52,Mumbai,West Bengal,2025-07-25,Consumer
CUST04503,Customer_04503,Male,30,Bengaluru,Telangana,2025-04-03,Consumer
CUST04504,Customer_04504,Male,31,Ahmedabad,Gujarat,2023-08-08,Corporate
CUST04505,Customer_04505,Female,65,Hyderabad,Telangana,2024-01-02,Consumer
CUST04506,Customer_04506,Male,48,Pune,Gujarat,2025-09-10,Corporate
CUST04507,Customer_04507,Female,62,Bengaluru,Maharashtra,2024-11-14,Consumer
CUST04508,Customer_04508,Male,19,Hyderabad,Maharashtra,2025-08-26,Corporate
CUST04509,Customer_04509,Female,63,Ahmedabad,West Bengal,2025-11-21,Consumer
CUST04510,Customer_04510,Female,69,Mumbai,Tamil Nadu,2025-10-15,Corporate
CUST04511,Customer_04511,Male,56,Hyderabad,Telangana,2025-12-13,Corporate
CUST04512,Customer_04512,Male,54,Chennai,Gujarat,2024-02-27,Consumer
CUST04513,Customer_04513,Male,31,Ahmedabad,Telangana,2025-09-30,Consumer
CUST04514,Customer_04514,Female,26,Pune,Gujarat,2023-08-22,Premium
CUST04515,Customer_04515,Female,27,Ahmedabad,Telangana,2025-04-08,Consumer
CUST04516,Customer_04516,Male,24,Ahmedabad,Tamil Nadu,2025-01-12,Corporate
CUST04517,Customer_04517,Female,45,Bengaluru,Gujarat,2025-09-13,Corporate
CUST04518,Customer_04518,Female,63,Pune,Telangana,2025-05-28,Consumer
CUST04519,Customer_04519,Male,42,Mumbai,Delhi,2025-01-02,Corporate
CUST04520,Customer_04520,Male,63,Chennai,Maharashtra,2024-11-05,Consumer
CUST04521,Customer_04521,Female,45,Hyderabad,West Bengal,2024-10-16,Consumer
CUST04522,Customer_04522,Female,19,Kolkata,Maharashtra,2023-09-15,Corporate
CUST04523,Customer_04523,Female,34,Hyderabad,Gujarat,2025-09-28,Corporate
CUST04524,Customer_04524,Female,69,Chennai,Maharashtra,2024-09-15,Consumer
CUST04525,Customer_04525,Female,21,Kolkata,West Bengal,2023-04-09,Corporate
CUST04526,Customer_04526,Male,30,Hyderabad,Maharashtra,2023-01-12,Consumer
CUST04527,Customer_04527,Female,35,Bengaluru,Delhi,2025-03-23,Corporate
CUST04528,Customer_04528,Female,20,Delhi,Karnataka,2023-06-28,Consumer
CUST04529,Customer_04529,Female,68,Hyderabad,Telangana,2025-10-27,Consumer
CUST04530,Customer_04530,Male,54,Mumbai,Gujarat,2023-06-01,Consumer
CUST04531,Customer_04531,Male,50,Hyderabad,Maharashtra,2025-04-14,Consumer
CUST04532,Customer_04532,Male,58,Pune,Telangana,2024-08-04,Consumer
CUST04533,Customer_04533,Male,41,Mumbai,Telangana,2024-07-18,Corporate
CUST04534,Customer_04534,Male,25,Hyderabad,Delhi,2023-07-15,Premium
CUST04535,Customer_04535,Female,52,Hyderabad,West Bengal,2023-11-21,Consumer
CUST04536,Customer_04536,Female,19,Ahmedabad,Telangana,2024-04-26,Consumer
CUST04537,Customer_04537,Male,50,Mumbai,West Bengal,2023-07-27,Consumer
CUST04538,Customer_04538,Female,29,Bengaluru,Maharashtra,2025-07-24,Corporate
CUST04539,Customer_04539,Male,39,Kolkata,Gujarat,2025-08-14,Consumer
CUST04540,Customer_04540,Male,30,Kolkata,Telangana,2024-03-01,Consumer
CUST04541,Customer_04541,Male,27,Delhi,Delhi,2025-12-21,Consumer
CUST04542,Customer_04542,Female,34,Delhi,Gujarat,2024-07-20,Consumer
CUST04543,Customer_04543,Male,60,Kolkata,Gujarat,2024-09-09,Consumer
CUST04544,Customer_04544,Male,22,Bengaluru,Gujarat,2025-08-02,Consumer
CUST04545,Customer_04545,Male,26,Hyderabad,Maharashtra,2025-06-05,Premium
CUST04546,Customer_04546,Female,30,Delhi,Delhi,2025-07-17,Corporate
CUST04547,Customer_04547,Male,69,Bengaluru,Tamil Nadu,2023-10-11,Corporate
CUST04548,Customer_04548,Female,40,Bengaluru,Karnataka,2025-12-16,Consumer
CUST04549,Customer_04549,Female,47,Delhi,Telangana,2024-11-11,Premium
CUST04550,Customer_04550,Female,60,Kolkata,Telangana,2024-01-11,Corporate
CUST04551,Customer_04551,Female,21,Mumbai,Telangana,2024-01-11,Consumer
CUST04552,Customer_04552,Male,38,Chennai,West Bengal,2025-02-10,Corporate
CUST04553,Customer_04553,Male,60,Kolkata,Tamil Nadu,2025-02-26,Corporate
CUST04554,Customer_04554,Female,26,Mumbai,Gujarat,2024-01-08,Corporate
CUST04555,Customer_04555,Male,24,Kolkata,Gujarat,2025-05-06,Corporate
CUST04556,Customer_04556,Female,33,Hyderabad,West Bengal,2023-09-01,Corporate
CUST04557,Customer_04557,Female,40,Mumbai,Karnataka,2025-01-31,Premium
CUST04558,Customer_04558,Female,40,Pune,Delhi,2025-11-28,Consumer
CUST04559,Customer_04559,Female,48,Chennai,Tamil Nadu,2024-09-24,Premium
CUST04560,Customer_04560,Other,22,Kolkata,Tamil Nadu,2023-03-27,Corporate
CUST04561,Customer_04561,Female,23,Ahmedabad,Maharashtra,2023-04-09,Consumer
CUST04562,Customer_04562,Male,68,Chennai,Gujarat,2024-01-09,Consumer
CUST04563,Customer_04563,Female,18,Bengaluru,Tamil Nadu,2025-01-27,Consumer
CUST04564,Customer_04564,Male,65,Pune,Tamil Nadu,2024-09-16,Corporate
CUST04565,Customer_04565,Male,45,Hyderabad,Telangana,2025-09-09,Consumer
CUST04566,Customer_04566,Female,35,Bengaluru,West Bengal,2023-03-24,Consumer
CUST04567,Customer_04567,Male,41,Mumbai,Gujarat,2023-01-01,Consumer
CUST04568,Customer_04568,Male,30,Mumbai,Maharashtra,2024-03-12,Premium
CUST04569,Customer_04569,Male,50,Delhi,Delhi,2024-11-16,Corporate
CUST04570,Customer_04570,Female,27,Bengaluru,Karnataka,2023-09-07,Consumer
CUST04571,Customer_04571,Female,24,Pune,Delhi,2024-02-14,Consumer
CUST04572,Customer_04572,Female,54,Bengaluru,Maharashtra,2025-01-07,Premium
CUST04573,Customer_04573,Male,49,Bengaluru,Telangana,2024-05-04,Consumer
CUST04574,Customer_04574,Female,62,Bengaluru,Karnataka,2023-08-27,Consumer
CUST04575,Customer_04575,Female,39,Chennai,Delhi,2025-07-11,Corporate
CUST04576,Customer_04576,Male,33,Delhi,Gujarat,2024-06-23,Consumer
CUST04577,Customer_04577,Male,41,Kolkata,Gujarat,2024-01-15,Consumer
CUST04578,Customer_04578,Male,69,Hyderabad,Karnataka,2025-03-09,Premium
CUST04579,Customer_04579,Female,31,Hyderabad,Karnataka,2025-07-31,Consumer
CUST04580,Customer_04580,Female,28,Ahmedabad,Karnataka,2024-11-25,Consumer
CUST04581,Customer_04581,Female,36,Hyderabad,Tamil Nadu,2023-05-15,Consumer
CUST04582,Customer_04582,Male,40,Ahmedabad,Maharashtra,2023-12-27,Corporate
CUST04583,Customer_04583,Female,51,Chennai,Gujarat,2024-07-22,Consumer
CUST04584,Customer_04584,Female,57,Delhi,Gujarat,2023-07-05,Corporate
CUST04585,Customer_04585,Female,30,Pune,Maharashtra,2024-04-22,Consumer
CUST04586,Customer_04586,Female,56,Delhi,Telangana,2025-06-06,Consumer
CUST04587,Customer_04587,Male,61,Ahmedabad,Gujarat,2023-01-01,Corporate
CUST04588,Customer_04588,Male,45,Chennai,Delhi,2025-04-29,Corporate
CUST04589,Customer_04589,Female,57,Pune,Telangana,2025-08-25,Corporate
CUST04590,Customer_04590,Female,33,Bengaluru,West Bengal,2024-06-24,Consumer
CUST04591,Customer_04591,Female,67,Mumbai,West Bengal,2025-09-18,Consumer
CUST04592,Customer_04592,Male,68,Bengaluru,Delhi,2024-12-02,Corporate
CUST04593,Customer_04593,Female,45,Hyderabad,Karnataka,2023-09-27,Consumer
CUST04594,Customer_04594,Male,21,Bengaluru,Gujarat,2025-06-16,Consumer
CUST04595,Customer_04595,Male,45,Chennai,Delhi,2024-02-23,Consumer
CUST04596,Customer_04596,Female,29,Hyderabad,Delhi,2023-07-14,Corporate
CUST04597,Customer_04597,Female,33,Mumbai,Karnataka,2023-09-12,Corporate
CUST04598,Customer_04598,Male,66,Pune,West Bengal,2023-03-20,Consumer
CUST04599,Customer_04599,Male,53,Ahmedabad,Telangana,2025-02-24,Premium
CUST04600,Customer_04600,Male,37,Ahmedabad,Delhi,2025-03-24,Corporate
CUST04601,Customer_04601,Male,43,Pune,Gujarat,2024-03-22,Consumer
CUST04602,Customer_04602,Female,43,Ahmedabad,Telangana,2023-05-03,Consumer
CUST04603,Customer_04603,Female,39,Hyderabad,Telangana,2024-11-06,Consumer
CUST04604,Customer_04604,Male,26,Kolkata,Maharashtra,2023-12-25,Corporate
CUST04605,Customer_04605,Female,22,Kolkata,West Bengal,2023-08-27,Consumer
CUST04606,Customer_04606,Female,34,Bengaluru,Gujarat,2025-03-15,Consumer
CUST04607,Customer_04607,Female,66,Kolkata,Gujarat,2024-11-13,Premium
CUST04608,Customer_04608,Male,51,Ahmedabad,Karnataka,2024-10-30,Consumer
CUST04609,Customer_04609,Female,19,Delhi,Karnataka,2023-07-23,Consumer
CUST04610,Customer_04610,Male,24,Delhi,Tamil Nadu,2023-05-23,Corporate
CUST04611,Customer_04611,Male,53,Pune,Gujarat,2023-07-06,Consumer
CUST04612,Customer_04612,Male,30,Delhi,West Bengal,2023-05-02,Consumer
CUST04613,Customer_04613,Male,37,Hyderabad,Telangana,2023-10-11,Consumer
CUST04614,Customer_04614,Male,47,Delhi,Tamil Nadu,2025-08-06,Corporate
CUST04615,Customer_04615,Male,47,Chennai,Gujarat,2024-06-10,Consumer
CUST04616,Customer_04616,Male,28,Pune,Karnataka,2024-01-19,Consumer
CUST04617,Customer_04617,Female,48,Mumbai,West Bengal,2025-06-16,Consumer
CUST04618,Customer_04618,Female,20,Delhi,Karnataka,2023-07-06,Consumer
CUST04619,Customer_04619,Male,19,Chennai,Gujarat,2025-10-28,Consumer
CUST04620,Customer_04620,Female,65,Chennai,Tamil Nadu,2024-09-15,Consumer
CUST04621,Customer_04621,Female,20,Hyderabad,Karnataka,2024-06-28,Consumer
CUST04622,Customer_04622,Female,32,Pune,Karnataka,2025-07-02,Consumer
CUST04623,Customer_04623,Male,34,Hyderabad,Maharashtra,2023-03-31,Corporate
CUST04624,Customer_04624,Female,65,Mumbai,Delhi,2024-05-10,Premium
CUST04625,Customer_04625,Female,69,Mumbai,Gujarat,2025-08-17,Consumer
CUST04626,Customer_04626,Female,24,Ahmedabad,Maharashtra,2023-04-26,Consumer
CUST04627,Customer_04627,Male,65,Bengaluru,West Bengal,2024-11-15,Consumer
CUST04628,Customer_04628,Female,22,Mumbai,Delhi,2025-11-09,Corporate
CUST04629,Customer_04629,Female,51,Pune,Gujarat,2023-05-12,Premium
CUST04630,Customer_04630,Female,50,Kolkata,Maharashtra,2023-08-11,Corporate
CUST04631,Customer_04631,Male,62,Kolkata,Maharashtra,2024-03-11,Consumer
CUST04632,Customer_04632,Male,33,Pune,Gujarat,2025-11-28,Corporate
CUST04633,Customer_04633,Female,54,Ahmedabad,Telangana,2023-11-23,Consumer
CUST04634,Customer_04634,Female,20,Ahmedabad,Tamil Nadu,2023-04-16,Consumer
CUST04635,Customer_04635,Male,64,Hyderabad,Gujarat,2024-10-13,Consumer
CUST04636,Customer_04636,Female,65,Chennai,Maharashtra,2024-07-20,Corporate
CUST04637,Customer_04637,Male,60,Bengaluru,Telangana,2024-09-21,Corporate
CUST04638,Customer_04638,Female,68,Kolkata,Maharashtra,2024-11-18,Corporate
CUST04639,Customer_04639,Female,67,Ahmedabad,Tamil Nadu,2024-04-14,Consumer
CUST04640,Customer_04640,Female,38,Kolkata,West Bengal,2024-12-25,Premium
CUST04641,Customer_04641,Female,58,Mumbai,Telangana,2023-09-22,Corporate
CUST04642,Customer_04642,Male,25,Chennai,Gujarat,2025-04-16,Consumer
CUST04643,Customer_04643,Female,39,Hyderabad,Delhi,2025-04-30,Corporate
CUST04644,Customer_04644,Male,68,Ahmedabad,West Bengal,2025-02-23,Consumer
CUST04645,Customer_04645,Female,22,Delhi,Tamil Nadu,2024-06-17,Consumer
CUST04646,Customer_04646,Female,34,Bengaluru,Karnataka,2024-01-04,Premium
CUST04647,Customer_04647,Female,54,Pune,Gujarat,2024-11-29,Premium
CUST04648,Customer_04648,Male,31,Chennai,Gujarat,2025-08-03,Corporate
CUST04649,Customer_04649,Female,56,Hyderabad,Gujarat,2023-06-03,Consumer
CUST04650,Customer_04650,Male,58,Hyderabad,Telangana,2024-09-11,Consumer
CUST04651,Customer_04651,Male,45,Bengaluru,Karnataka,2023-11-12,Consumer
CUST04652,Customer_04652,Female,48,Bengaluru,West Bengal,2025-03-21,Consumer
CUST04653,Customer_04653,Male,34,Ahmedabad,West Bengal,2023-05-31,Consumer
CUST04654,Customer_04654,Female,52,Mumbai,Telangana,2023-06-24,Consumer
CUST04655,Customer_04655,Male,57,Mumbai,Delhi,2025-12-14,Consumer
CUST04656,Customer_04656,Male,39,Pune,Telangana,2025-02-17,Premium
CUST04657,Customer_04657,Female,62,Pune,Gujarat,2023-06-03,Consumer
CUST04658,Customer_04658,Female,65,Ahmedabad,Maharashtra,2024-05-15,Consumer
CUST04659,Customer_04659,Male,46,Bengaluru,Karnataka,2024-05-20,Consumer
CUST04660,Customer_04660,Female,27,Bengaluru,Karnataka,2023-05-29,Corporate
CUST04661,Customer_04661,Female,35,Chennai,West Bengal,2023-01-08,Consumer
CUST04662,Customer_04662,Female,52,Mumbai,West Bengal,2024-08-15,Consumer
CUST04663,Customer_04663,Male,61,Hyderabad,Telangana,2024-08-13,Consumer
CUST04664,Customer_04664,Female,33,Kolkata,Maharashtra,2024-04-13,Consumer
CUST04665,Customer_04665,Female,67,Kolkata,Maharashtra,2023-11-17,Consumer
CUST04666,Customer_04666,Female,66,Kolkata,Telangana,2024-07-25,Consumer
CUST04667,Customer_04667,Male,24,Ahmedabad,Tamil Nadu,2024-03-26,Consumer
CUST04668,Customer_04668,Female,47,Mumbai,Delhi,2023-05-08,Corporate
CUST04669,Customer_04669,Female,36,Mumbai,Telangana,2025-05-02,Consumer
CUST04670,Customer_04670,Female,40,Bengaluru,Gujarat,2023-03-28,Consumer
CUST04671,Customer_04671,Male,25,Kolkata,Maharashtra,2024-06-17,Consumer
CUST04672,Customer_04672,Female,34,Bengaluru,Delhi,2023-07-09,Consumer
CUST04673,Customer_04673,Female,38,Mumbai,Telangana,2025-04-03,Corporate
CUST04674,Customer_04674,Male,43,Delhi,Delhi,2024-01-14,Consumer
CUST04675,Customer_04675,Male,45,Delhi,Tamil Nadu,2024-03-31,Consumer
CUST04676,Customer_04676,Female,56,Pune,Maharashtra,2025-10-28,Consumer
CUST04677,Customer_04677,Male,50,Mumbai,Tamil Nadu,2023-11-14,Consumer
CUST04678,Customer_04678,Female,57,Kolkata,West Bengal,2023-11-30,Corporate
CUST04679,Customer_04679,Female,36,Ahmedabad,Tamil Nadu,2023-08-18,Corporate
CUST04680,Customer_04680,Female,46,Delhi,Maharashtra,2024-10-25,Consumer
CUST04681,Customer_04681,Male,37,Ahmedabad,West Bengal,2024-05-22,Premium
CUST04682,Customer_04682,Male,37,Ahmedabad,Gujarat,2025-02-28,Consumer
CUST04683,Customer_04683,Female,27,Pune,Tamil Nadu,2025-07-12,Consumer
CUST04684,Customer_04684,Male,29,Pune,Telangana,2025-08-26,Consumer
CUST04685,Customer_04685,Female,50,Mumbai,Telangana,2025-01-29,Consumer
CUST04686,Customer_04686,Male,42,Pune,Delhi,2024-03-21,Consumer
CUST04687,Customer_04687,Male,42,Bengaluru,Telangana,2023-11-21,Consumer
CUST04688,Customer_04688,Male,21,Bengaluru,Telangana,2025-05-26,Corporate
CUST04689,Customer_04689,Female,21,Bengaluru,West Bengal,2023-06-16,Consumer
CUST04690,Customer_04690,Female,26,Hyderabad,West Bengal,2024-08-03,Consumer
CUST04691,Customer_04691,Male,32,Ahmedabad,Delhi,2025-04-18,Corporate
CUST04692,Customer_04692,Male,43,Bengaluru,Karnataka,2025-03-16,Corporate
CUST04693,Customer_04693,Male,32,Kolkata,Maharashtra,2025-02-10,Consumer
CUST04694,Customer_04694,Female,43,Bengaluru,Telangana,2025-07-16,Consumer
CUST04695,Customer_04695,Male,45,Mumbai,Delhi,2025-05-10,Consumer
CUST04696,Customer_04696,Female,24,Delhi,Tamil Nadu,2025-08-13,Consumer
CUST04697,Customer_04697,Female,49,Kolkata,Tamil Nadu,2023-02-28,Consumer
CUST04698,Customer_04698,Female,29,Delhi,West Bengal,2024-08-28,Consumer
CUST04699,Customer_04699,Male,52,Bengaluru,Gujarat,2023-01-05,Consumer
CUST04700,Customer_04700,Other,69,Ahmedabad,Telangana,2023-03-24,Corporate
CUST04701,Customer_04701,Male,49,Bengaluru,Maharashtra,2025-04-19,Consumer
CUST04702,Customer_04702,Male,26,Bengaluru,Delhi,2024-07-02,Corporate
CUST04703,Customer_04703,Female,31,Pune,West Bengal,2025-11-16,Consumer
CUST04704,Customer_04704,Female,30,Mumbai,Gujarat,2024-06-08,Consumer
CUST04705,Customer_04705,Male,61,Mumbai,Gujarat,2025-09-28,Corporate
CUST04706,Customer_04706,Male,50,Ahmedabad,Delhi,2024-02-18,Consumer
CUST04707,Customer_04707,Female,49,Mumbai,West Bengal,2024-12-15,Consumer
CUST04708,Customer_04708,Male,36,Delhi,West Bengal,2023-06-29,Premium
CUST04709,Customer_04709,Female,47,Kolkata,Delhi,2025-02-21,Corporate
CUST04710,Customer_04710,Female,33,Kolkata,Delhi,2025-06-19,Corporate
CUST04711,Customer_04711,Male,29,Hyderabad,Delhi,2024-06-10,Consumer
CUST04712,Customer_04712,Male,27,Delhi,Maharashtra,2023-01-01,Consumer
CUST04713,Customer_04713,Male,19,Mumbai,Delhi,2023-09-28,Consumer
CUST04714,Customer_04714,Female,35,Ahmedabad,West Bengal,2024-04-28,Consumer
CUST04715,Customer_04715,Female,30,Chennai,Maharashtra,2025-08-13,Consumer
CUST04716,Customer_04716,Male,46,Hyderabad,Maharashtra,2025-12-07,Consumer
CUST04717,Customer_04717,Female,41,Bengaluru,Maharashtra,2024-11-24,Corporate
CUST04718,Customer_04718,Other,55,Pune,Tamil Nadu,2025-04-19,Corporate
CUST04719,Customer_04719,Male,29,Delhi,Karnataka,2024-01-08,Corporate
CUST04720,Customer_04720,Female,46,Pune,Gujarat,2024-06-22,Consumer
CUST04721,Customer_04721,Male,39,Hyderabad,Telangana,2024-10-31,Corporate
CUST04722,Customer_04722,Male,53,Ahmedabad,Tamil Nadu,2024-07-25,Premium
CUST04723,Customer_04723,Male,18,Kolkata,West Bengal,2023-03-07,Corporate
CUST04724,Customer_04724,Male,60,Ahmedabad,Karnataka,2023-02-21,Consumer
CUST04725,Customer_04725,Male,57,Chennai,Gujarat,2024-04-14,Corporate
CUST04726,Customer_04726,Male,51,Hyderabad,Tamil Nadu,2023-08-31,Corporate
CUST04727,Customer_04727,Female,51,Delhi,Gujarat,2023-12-03,Consumer
CUST04728,Customer_04728,Female,65,Mumbai,Maharashtra,2025-01-25,Consumer
CUST04729,Customer_04729,Female,50,Bengaluru,Maharashtra,2024-07-07,Consumer
CUST04730,Customer_04730,Male,21,Mumbai,Delhi,2025-12-04,Corporate
CUST04731,Customer_04731,Male,55,Mumbai,West Bengal,2023-02-21,Consumer
CUST04732,Customer_04732,Male,47,Ahmedabad,Maharashtra,2024-02-17,Consumer
CUST04733,Customer_04733,Female,69,Delhi,Tamil Nadu,2024-07-22,Premium
CUST04734,Customer_04734,Female,63,Mumbai,Gujarat,2023-01-08,Corporate
CUST04735,Customer_04735,Male,37,Ahmedabad,Telangana,2025-08-03,Consumer
CUST04736,Customer_04736,Male,43,Mumbai,West Bengal,2023-09-04,Corporate
CUST04737,Customer_04737,Female,32,Delhi,Gujarat,2025-04-13,Consumer
CUST04738,Customer_04738,Male,24,Ahmedabad,Maharashtra,2024-02-16,Corporate
CUST04739,Customer_04739,Male,24,Delhi,Gujarat,2025-08-09,Corporate
CUST04740,Customer_04740,Female,67,Chennai,Karnataka,2025-04-22,Corporate
CUST04741,Customer_04741,Female,46,Mumbai,Gujarat,2023-08-23,Consumer
CUST04742,Customer_04742,Male,40,Hyderabad,Tamil Nadu,2024-10-03,Consumer
CUST04743,Customer_04743,Male,51,Kolkata,Karnataka,2024-08-10,Corporate
CUST04744,Customer_04744,Other,37,Bengaluru,West Bengal,2023-08-21,Corporate
CUST04745,Customer_04745,Male,32,Pune,Delhi,2025-01-11,Consumer
CUST04746,Customer_04746,Male,50,Bengaluru,Delhi,2025-09-23,Corporate
CUST04747,Customer_04747,Male,34,Delhi,Gujarat,2023-11-06,Consumer
CUST04748,Customer_04748,Male,37,Ahmedabad,Telangana,2025-08-01,Consumer
CUST04749,Customer_04749,Male,30,Pune,Tamil Nadu,2025-06-26,Consumer
CUST04750,Customer_04750,Female,61,Delhi,Telangana,2024-12-01,Premium
CUST04751,Customer_04751,Male,41,Kolkata,Karnataka,2024-04-22,Corporate
CUST04752,Customer_04752,Male,64,Ahmedabad,Telangana,2023-12-02,Consumer
CUST04753,Customer_04753,Female,54,Kolkata,West Bengal,2023-02-21,Consumer
CUST04754,Customer_04754,Female,24,Chennai,Karnataka,2024-06-29,Consumer
CUST04755,Customer_04755,Female,25,Mumbai,West Bengal,2023-10-28,Consumer
CUST04756,Customer_04756,Female,40,Delhi,Telangana,2024-10-02,Consumer
CUST04757,Customer_04757,Male,31,Kolkata,Delhi,2023-12-22,Premium
CUST04758,Customer_04758,Female,21,Delhi,Tamil Nadu,2025-03-30,Premium
CUST04759,Customer_04759,Male,38,Bengaluru,Telangana,2025-04-14,Consumer
CUST04760,Customer_04760,Other,63,Mumbai,Gujarat,2024-08-10,Consumer
CUST04761,Customer_04761,Male,27,Chennai,West Bengal,2025-05-26,Corporate
CUST04762,Customer_04762,Other,39,Kolkata,Karnataka,2024-12-31,Consumer
CUST04763,Customer_04763,Female,47,Ahmedabad,West Bengal,2025-01-06,Corporate
CUST04764,Customer_04764,Male,47,Delhi,Gujarat,2025-04-03,Corporate
CUST04765,Customer_04765,Female,33,Delhi,Tamil Nadu,2023-06-05,Consumer
CUST04766,Customer_04766,Other,28,Ahmedabad,Gujarat,2025-02-09,Premium
CUST04767,Customer_04767,Female,39,Delhi,Delhi,2025-07-22,Consumer
CUST04768,Customer_04768,Male,46,Bengaluru,West Bengal,2024-07-29,Consumer
CUST04769,Customer_04769,Female,42,Kolkata,Delhi,2025-11-25,Consumer
CUST04770,Customer_04770,Male,31,Delhi,Maharashtra,2023-09-05,Premium
CUST04771,Customer_04771,Male,31,Delhi,Tamil Nadu,2025-12-03,Consumer
CUST04772,Customer_04772,Male,19,Bengaluru,Telangana,2024-03-28,Premium
CUST04773,Customer_04773,Male,30,Delhi,Delhi,2024-11-23,Premium
CUST04774,Customer_04774,Female,20,Ahmedabad,Telangana,2025-06-27,Corporate
CUST04775,Customer_04775,Male,47,Mumbai,West Bengal,2025-07-28,Corporate
CUST04776,Customer_04776,Female,35,Mumbai,Telangana,2025-12-29,Consumer
CUST04777,Customer_04777,Male,53,Bengaluru,West Bengal,2025-08-04,Premium
CUST04778,Customer_04778,Male,38,Mumbai,Karnataka,2024-03-29,Premium
CUST04779,Customer_04779,Male,36,Pune,Gujarat,2023-09-24,Corporate
CUST04780,Customer_04780,Male,33,Pune,Telangana,2024-12-31,Consumer
CUST04781,Customer_04781,Male,45,Pune,West Bengal,2024-01-01,Consumer
CUST04782,Customer_04782,Male,21,Chennai,Maharashtra,2023-03-02,Corporate
CUST04783,Customer_04783,Female,68,Delhi,Tamil Nadu,2023-06-17,Corporate
CUST04784,Customer_04784,Male,32,Chennai,Tamil Nadu,2023-05-12,Consumer
CUST04785,Customer_04785,Male,18,Mumbai,Karnataka,2023-06-04,Consumer
CUST04786,Customer_04786,Male,65,Bengaluru,Maharashtra,2025-02-22,Consumer
CUST04787,Customer_04787,Female,64,Pune,Gujarat,2024-12-22,Corporate
CUST04788,Customer_04788,Female,33,Bengaluru,Maharashtra,2023-01-07,Corporate
CUST04789,Customer_04789,Female,37,Chennai,West Bengal,2024-06-06,Consumer
CUST04790,Customer_04790,Male,50,Ahmedabad,Tamil Nadu,2023-09-08,Corporate
CUST04791,Customer_04791,Male,34,Mumbai,Maharashtra,2024-11-22,Premium
CUST04792,Customer_04792,Female,22,Kolkata,Gujarat,2023-04-30,Consumer
CUST04793,Customer_04793,Male,22,Delhi,Delhi,2023-02-17,Consumer
CUST04794,Customer_04794,Male,56,Kolkata,Telangana,2025-12-28,Consumer
CUST04795,Customer_04795,Male,30,Mumbai,West Bengal,2025-01-11,Corporate
CUST04796,Customer_04796,Male,61,Pune,Telangana,2023-08-12,Premium
CUST04797,Customer_04797,Male,53,Ahmedabad,Tamil Nadu,2024-04-01,Consumer
CUST04798,Customer_04798,Female,47,Mumbai,Tamil Nadu,2024-12-19,Consumer
CUST04799,Customer_04799,Male,21,Bengaluru,Gujarat,2025-05-02,Consumer
CUST04800,Customer_04800,Female,40,Hyderabad,Maharashtra,2025-08-06,Corporate
CUST04801,Customer_04801,Male,38,Ahmedabad,Gujarat,2023-01-28,Corporate
CUST04802,Customer_04802,Male,38,Pune,Karnataka,2025-05-26,Consumer
CUST04803,Customer_04803,Female,23,Kolkata,Tamil Nadu,2025-06-19,Corporate
CUST04804,Customer_04804,Male,41,Delhi,West Bengal,2025-04-28,Premium
CUST04805,Customer_04805,Female,64,Pune,West Bengal,2023-04-11,Consumer
CUST04806,Customer_04806,Female,48,Pune,Tamil Nadu,2023-02-27,Consumer
CUST04807,Customer_04807,Male,36,Delhi,Tamil Nadu,2025-11-13,Consumer
CUST04808,Customer_04808,Female,55,Kolkata,Gujarat,2024-02-19,Consumer
CUST04809,Customer_04809,Male,29,Pune,West Bengal,2023-12-29,Consumer
CUST04810,Customer_04810,Female,31,Bengaluru,Gujarat,2024-02-25,Corporate
CUST04811,Customer_04811,Male,67,Mumbai,Maharashtra,2023-01-21,Consumer
CUST04812,Customer_04812,Female,29,Bengaluru,Delhi,2024-09-27,Consumer
CUST04813,Customer_04813,Male,32,Mumbai,Tamil Nadu,2024-04-08,Consumer
CUST04814,Customer_04814,Female,36,Hyderabad,Delhi,2023-04-07,Corporate
CUST04815,Customer_04815,Female,45,Pune,Gujarat,2023-01-24,Corporate
CUST04816,Customer_04816,Female,57,Hyderabad,Maharashtra,2024-01-15,Consumer
CUST04817,Customer_04817,Female,58,Chennai,Gujarat,2024-01-31,Consumer
CUST04818,Customer_04818,Female,22,Kolkata,Karnataka,2023-02-23,Consumer
CUST04819,Customer_04819,Female,22,Mumbai,West Bengal,2025-10-10,Consumer
CUST04820,Customer_04820,Male,23,Bengaluru,Telangana,2024-02-26,Consumer
CUST04821,Customer_04821,Male,40,Ahmedabad,Telangana,2023-05-11,Consumer
CUST04822,Customer_04822,Male,20,Bengaluru,Gujarat,2024-02-24,Consumer
CUST04823,Customer_04823,Male,54,Pune,Telangana,2025-02-14,Consumer
CUST04824,Customer_04824,Male,50,Bengaluru,Telangana,2025-02-13,Corporate
CUST04825,Customer_04825,Female,60,Chennai,Maharashtra,2025-12-27,Consumer
CUST04826,Customer_04826,Male,38,Delhi,Telangana,2025-05-24,Consumer
CUST04827,Customer_04827,Female,37,Bengaluru,Maharashtra,2023-06-24,Consumer
CUST04828,Customer_04828,Male,18,Pune,Karnataka,2024-04-08,Corporate
CUST04829,Customer_04829,Male,56,Hyderabad,Tamil Nadu,2024-01-25,Consumer
CUST04830,Customer_04830,Female,64,Kolkata,Tamil Nadu,2025-01-17,Corporate
CUST04831,Customer_04831,Female,34,Bengaluru,Tamil Nadu,2023-05-16,Consumer
CUST04832,Customer_04832,Female,46,Bengaluru,West Bengal,2024-02-13,Corporate
CUST04833,Customer_04833,Female,25,Bengaluru,Maharashtra,2023-08-12,Consumer
CUST04834,Customer_04834,Male,43,Pune,Maharashtra,2024-08-23,Consumer
CUST04835,Customer_04835,Female,45,Kolkata,Maharashtra,2025-08-27,Corporate
CUST04836,Customer_04836,Male,51,Delhi,Karnataka,2024-09-10,Consumer
CUST04837,Customer_04837,Male,43,Bengaluru,Delhi,2025-05-27,Consumer
CUST04838,Customer_04838,Male,30,Delhi,Maharashtra,2023-01-09,Consumer
CUST04839,Customer_04839,Male,61,Delhi,Maharashtra,2024-08-16,Premium
CUST04840,Customer_04840,Male,54,Kolkata,Tamil Nadu,2024-08-28,Consumer
CUST04841,Customer_04841,Female,30,Kolkata,Gujarat,2023-04-26,Consumer
CUST04842,Customer_04842,Female,55,Chennai,West Bengal,2023-09-02,Consumer
CUST04843,Customer_04843,Male,42,Hyderabad,Telangana,2024-03-26,Corporate
CUST04844,Customer_04844,Male,64,Bengaluru,Telangana,2025-11-14,Corporate
CUST04845,Customer_04845,Male,40,Bengaluru,Karnataka,2023-08-21,Consumer
CUST04846,Customer_04846,Male,39,Bengaluru,Telangana,2024-11-15,Consumer
CUST04847,Customer_04847,Female,38,Delhi,Delhi,2023-07-03,Consumer
CUST04848,Customer_04848,Male,47,Ahmedabad,Tamil Nadu,2023-09-08,Corporate
CUST04849,Customer_04849,Female,28,Kolkata,Karnataka,2023-10-18,Consumer
CUST04850,Customer_04850,Male,21,Mumbai,Telangana,2025-08-06,Consumer
CUST04851,Customer_04851,Other,50,Ahmedabad,Telangana,2025-03-08,Consumer
CUST04852,Customer_04852,Male,64,Hyderabad,Gujarat,2024-09-15,Consumer
CUST04853,Customer_04853,Female,29,Pune,Tamil Nadu,2023-11-01,Consumer
CUST04854,Customer_04854,Male,26,Bengaluru,Karnataka,2023-12-16,Corporate
CUST04855,Customer_04855,Female,49,Mumbai,Tamil Nadu,2024-04-23,Consumer
CUST04856,Customer_04856,Male,28,Mumbai,Karnataka,2025-10-12,Corporate
CUST04857,Customer_04857,Male,54,Kolkata,West Bengal,2023-05-10,Consumer
CUST04858,Customer_04858,Female,41,Mumbai,West Bengal,2023-07-06,Consumer
CUST04859,Customer_04859,Female,24,Hyderabad,Telangana,2024-10-31,Consumer
CUST04860,Customer_04860,Female,25,Mumbai,Tamil Nadu,2023-08-23,Consumer
CUST04861,Customer_04861,Female,50,Pune,Tamil Nadu,2023-10-05,Consumer
CUST04862,Customer_04862,Female,42,Bengaluru,Delhi,2025-02-25,Premium
CUST04863,Customer_04863,Male,18,Pune,West Bengal,2025-04-14,Consumer
CUST04864,Customer_04864,Male,20,Bengaluru,Gujarat,2023-10-01,Corporate
CUST04865,Customer_04865,Male,57,Chennai,Tamil Nadu,2023-12-31,Corporate
CUST04866,Customer_04866,Female,45,Delhi,Karnataka,2024-04-12,Consumer
CUST04867,Customer_04867,Male,60,Mumbai,Delhi,2024-10-12,Corporate
CUST04868,Customer_04868,Male,50,Pune,Tamil Nadu,2025-04-05,Corporate
CUST04869,Customer_04869,Female,63,Delhi,Tamil Nadu,2025-05-10,Corporate
CUST04870,Customer_04870,Female,18,Delhi,Delhi,2023-07-03,Consumer
CUST04871,Customer_04871,Male,55,Delhi,Telangana,2025-07-06,Premium
CUST04872,Customer_04872,Male,44,Delhi,Tamil Nadu,2023-09-29,Consumer
CUST04873,Customer_04873,Male,55,Delhi,Maharashtra,2023-07-15,Corporate
CUST04874,Customer_04874,Male,52,Bengaluru,Gujarat,2025-02-20,Consumer
CUST04875,Customer_04875,Male,27,Hyderabad,Telangana,2025-06-23,Premium
CUST04876,Customer_04876,Female,29,Mumbai,Tamil Nadu,2023-11-27,Consumer
CUST04877,Customer_04877,Female,27,Mumbai,Telangana,2024-09-11,Corporate
CUST04878,Customer_04878,Female,51,Bengaluru,Karnataka,2024-05-13,Corporate
CUST04879,Customer_04879,Male,41,Pune,Telangana,2023-03-22,Consumer
CUST04880,Customer_04880,Female,45,Bengaluru,Delhi,2025-05-10,Consumer
CUST04881,Customer_04881,Male,39,Kolkata,Tamil Nadu,2025-10-14,Consumer
CUST04882,Customer_04882,Male,62,Ahmedabad,Telangana,2025-11-06,Consumer
CUST04883,Customer_04883,Female,33,Delhi,Maharashtra,2023-05-06,Consumer
CUST04884,Customer_04884,Male,30,Hyderabad,Karnataka,2023-05-10,Consumer
CUST04885,Customer_04885,Male,53,Mumbai,Karnataka,2023-08-02,Consumer
CUST04886,Customer_04886,Female,53,Pune,West Bengal,2025-08-27,Corporate
CUST04887,Customer_04887,Male,60,Chennai,Telangana,2025-12-16,Consumer
CUST04888,Customer_04888,Female,40,Bengaluru,Delhi,2024-08-20,Corporate
CUST04889,Customer_04889,Male,31,Chennai,Karnataka,2024-09-06,Corporate
CUST04890,Customer_04890,Female,49,Mumbai,West Bengal,2024-02-27,Corporate
CUST04891,Customer_04891,Male,20,Bengaluru,Telangana,2023-11-30,Corporate
CUST04892,Customer_04892,Male,44,Mumbai,Telangana,2024-11-18,Premium
CUST04893,Customer_04893,Female,36,Bengaluru,Karnataka,2023-09-21,Consumer
CUST04894,Customer_04894,Male,39,Pune,Telangana,2023-05-27,Premium
CUST04895,Customer_04895,Male,18,Mumbai,Telangana,2023-01-12,Premium
CUST04896,Customer_04896,Male,22,Kolkata,Gujarat,2023-02-24,Consumer
CUST04897,Customer_04897,Male,66,Chennai,Maharashtra,2023-08-18,Consumer
CUST04898,Customer_04898,Male,50,Hyderabad,Telangana,2025-05-10,Consumer
CUST04899,Customer_04899,Male,68,Pune,Gujarat,2023-06-11,Corporate
CUST04900,Customer_04900,Female,36,Kolkata,Gujarat,2025-03-13,Corporate
CUST04901,Customer_04901,Male,53,Pune,Telangana,2023-06-28,Corporate
CUST04902,Customer_04902,Male,68,Bengaluru,Delhi,2025-06-23,Corporate
CUST04903,Customer_04903,Male,23,Chennai,Karnataka,2024-07-05,Consumer
CUST04904,Customer_04904,Male,32,Mumbai,Gujarat,2024-12-26,Consumer
CUST04905,Customer_04905,Female,53,Chennai,Gujarat,2023-10-20,Consumer
CUST04906,Customer_04906,Male,50,Pune,West Bengal,2024-03-11,Consumer
CUST04907,Customer_04907,Female,41,Bengaluru,Delhi,2024-01-31,Corporate
CUST04908,Customer_04908,Male,44,Ahmedabad,Tamil Nadu,2023-06-15,Corporate
CUST04909,Customer_04909,Female,66,Chennai,Delhi,2025-09-20,Corporate
CUST04910,Customer_04910,Female,28,Kolkata,West Bengal,2025-02-22,Corporate
CUST04911,Customer_04911,Female,66,Mumbai,Tamil Nadu,2025-08-14,Consumer
CUST04912,Customer_04912,Female,40,Delhi,Tamil Nadu,2024-02-05,Consumer
CUST04913,Customer_04913,Female,50,Pune,Delhi,2023-04-25,Consumer
CUST04914,Customer_04914,Male,58,Hyderabad,Maharashtra,2023-12-17,Consumer
CUST04915,Customer_04915,Male,63,Hyderabad,Delhi,2025-03-28,Consumer
CUST04916,Customer_04916,Female,64,Pune,Gujarat,2025-05-25,Consumer
CUST04917,Customer_04917,Male,46,Ahmedabad,Karnataka,2024-09-05,Consumer
CUST04918,Customer_04918,Male,48,Delhi,Delhi,2023-05-11,Consumer
CUST04919,Customer_04919,Female,18,Bengaluru,Maharashtra,2023-09-21,Consumer
CUST04920,Customer_04920,Male,51,Chennai,Delhi,2025-04-13,Consumer
CUST04921,Customer_04921,Female,35,Chennai,Maharashtra,2023-06-30,Consumer
CUST04922,Customer_04922,Female,35,Delhi,Karnataka,2023-12-15,Consumer
CUST04923,Customer_04923,Female,23,Kolkata,Telangana,2024-04-15,Consumer
CUST04924,Customer_04924,Female,69,Delhi,Maharashtra,2023-06-10,Premium
CUST04925,Customer_04925,Male,57,Mumbai,Maharashtra,2023-04-24,Consumer
CUST04926,Customer_04926,Male,18,Mumbai,Gujarat,2023-01-18,Consumer
CUST04927,Customer_04927,Male,64,Hyderabad,Maharashtra,2023-05-23,Corporate
CUST04928,Customer_04928,Male,59,Bengaluru,Karnataka,2024-10-16,Consumer
CUST04929,Customer_04929,Female,47,Ahmedabad,Tamil Nadu,2025-08-21,Consumer
CUST04930,Customer_04930,Female,21,Bengaluru,Maharashtra,2024-03-28,Corporate
CUST04931,Customer_04931,Male,49,Kolkata,West Bengal,2024-03-26,Consumer
CUST04932,Customer_04932,Male,27,Delhi,Karnataka,2023-03-03,Consumer
CUST04933,Customer_04933,Female,60,Hyderabad,Gujarat,2024-08-18,Consumer
CUST04934,Customer_04934,Male,22,Hyderabad,West Bengal,2025-07-28,Consumer
CUST04935,Customer_04935,Male,26,Mumbai,Gujarat,2023-12-30,Consumer
CUST04936,Customer_04936,Male,22,Chennai,Telangana,2025-12-26,Consumer
CUST04937,Customer_04937,Female,28,Kolkata,Maharashtra,2023-02-16,Corporate
CUST04938,Customer_04938,Female,52,Bengaluru,Tamil Nadu,2025-08-26,Consumer
CUST04939,Customer_04939,Female,44,Kolkata,Karnataka,2025-04-01,Consumer
CUST04940,Customer_04940,Female,21,Hyderabad,Telangana,2024-10-21,Consumer
CUST04941,Customer_04941,Male,27,Mumbai,Tamil Nadu,2025-01-31,Consumer
CUST04942,Customer_04942,Male,56,Mumbai,Telangana,2023-08-26,Consumer
CUST04943,Customer_04943,Female,50,Mumbai,Tamil Nadu,2025-03-06,Consumer
CUST04944,Customer_04944,Male,55,Kolkata,Delhi,2023-02-04,Corporate
CUST04945,Customer_04945,Female,25,Chennai,Delhi,2025-05-19,Consumer
CUST04946,Customer_04946,Female,66,Hyderabad,Delhi,2024-05-06,Consumer
CUST04947,Customer_04947,Female,41,Delhi,Telangana,2023-09-15,Consumer
CUST04948,Customer_04948,Female,56,Delhi,Delhi,2024-01-22,Premium
CUST04949,Customer_04949,Female,50,Mumbai,Karnataka,2023-09-27,Consumer
CUST04950,Customer_04950,Female,58,Mumbai,Karnataka,2025-05-16,Corporate
CUST04951,Customer_04951,Male,60,Chennai,Delhi,2025-12-06,Consumer
CUST04952,Customer_04952,Male,36,Mumbai,Tamil Nadu,2024-08-28,Corporate
CUST04953,Customer_04953,Male,19,Pune,Tamil Nadu,2024-11-24,Consumer
CUST04954,Customer_04954,Female,28,Hyderabad,Telangana,2025-08-11,Consumer
CUST04955,Customer_04955,Male,52,Ahmedabad,Tamil Nadu,2024-02-15,Consumer
CUST04956,Customer_04956,Female,34,Ahmedabad,West Bengal,2025-04-24,Consumer
CUST04957,Customer_04957,Male,59,Mumbai,West Bengal,2023-05-05,Consumer
CUST04958,Customer_04958,Female,20,Ahmedabad,West Bengal,2023-07-31,Consumer
CUST04959,Customer_04959,Male,39,Mumbai,Maharashtra,2025-08-02,Consumer
CUST04960,Customer_04960,Female,52,Hyderabad,Tamil Nadu,2025-07-08,Consumer
CUST04961,Customer_04961,Female,38,Bengaluru,Karnataka,2023-05-15,Consumer
CUST04962,Customer_04962,Male,42,Pune,Gujarat,2025-02-23,Premium
CUST04963,Customer_04963,Male,56,Pune,Tamil Nadu,2025-02-28,Consumer
CUST04964,Customer_04964,Female,19,Ahmedabad,West Bengal,2023-11-11,Corporate
CUST04965,Customer_04965,Male,18,Delhi,Telangana,2023-10-27,Corporate
CUST04966,Customer_04966,Male,24,Mumbai,Tamil Nadu,2023-10-06,Premium
CUST04967,Customer_04967,Female,37,Hyderabad,West Bengal,2024-01-09,Consumer
CUST04968,Customer_04968,Female,60,Delhi,Telangana,2024-12-26,Consumer
CUST04969,Customer_04969,Female,23,Kolkata,Maharashtra,2023-03-03,Consumer
CUST04970,Customer_04970,Male,53,Ahmedabad,Delhi,2025-05-28,Consumer
CUST04971,Customer_04971,Male,68,Kolkata,Maharashtra,2025-12-13,Corporate
CUST04972,Customer_04972,Female,38,Chennai,Karnataka,2023-12-04,Consumer
CUST04973,Customer_04973,Female,68,Kolkata,Gujarat,2025-05-26,Consumer
CUST04974,Customer_04974,Female,63,Kolkata,Maharashtra,2024-04-18,Consumer
CUST04975,Customer_04975,Male,52,Bengaluru,Maharashtra,2023-04-22,Consumer
CUST04976,Customer_04976,Male,53,Mumbai,Karnataka,2025-09-16,Consumer
CUST04977,Customer_04977,Male,25,Bengaluru,Karnataka,2023-11-20,Consumer
CUST04978,Customer_04978,Male,67,Mumbai,Delhi,2024-09-10,Consumer
CUST04979,Customer_04979,Male,21,Mumbai,Delhi,2025-03-05,Consumer
CUST04980,Customer_04980,Male,60,Mumbai,Tamil Nadu,2025-06-01,Consumer
CUST04981,Customer_04981,Female,33,Bengaluru,Telangana,2025-01-17,Corporate
CUST04982,Customer_04982,Male,20,Pune,Karnataka,2024-01-07,Consumer
CUST04983,Customer_04983,Female,24,Chennai,Maharashtra,2024-08-18,Premium
CUST04984,Customer_04984,Female,19,Pune,Maharashtra,2024-05-22,Consumer
CUST04985,Customer_04985,Female,18,Hyderabad,Delhi,2023-08-16,Consumer
CUST04986,Customer_04986,Male,18,Hyderabad,Telangana,2024-08-17,Consumer
CUST04987,Customer_04987,Female,55,Kolkata,West Bengal,2023-01-15,Consumer
CUST04988,Customer_04988,Female,68,Pune,Karnataka,2025-10-01,Consumer
CUST04989,Customer_04989,Female,24,Chennai,Delhi,2025-03-23,Corporate
CUST04990,Customer_04990,Female,41,Kolkata,West Bengal,2023-06-30,Premium
CUST04991,Customer_04991,Female,22,Chennai,Telangana,2023-12-04,Consumer
CUST04992,Customer_04992,Female,38,Mumbai,Karnataka,2025-07-14,Premium
CUST04993,Customer_04993,Male,45,Mumbai,Maharashtra,2023-03-19,Consumer
CUST04994,Customer_04994,Female,35,Hyderabad,Maharashtra,2023-08-17,Consumer
CUST04995,Customer_04995,Male,41,Mumbai,Delhi,2025-11-19,Corporate
CUST04996,Customer_04996,Female,49,Kolkata,Telangana,2024-01-09,Consumer
CUST04997,Customer_04997,Male,62,Mumbai,Maharashtra,2023-06-04,Corporate
CUST04998,Customer_04998,Male,50,Chennai,West Bengal,2025-03-27,Corporate
CUST04999,Customer_04999,Female,27,Bengaluru,Telangana,2024-03-23,Premium
CUST05000,Customer_05000,Female,26,Ahmedabad,Delhi,2025-05-18,Consumer
CUST05001,Customer_05001,Male,66,Pune,West Bengal,2024-03-22,Consumer
CUST05002,Customer_05002,Male,50,Delhi,West Bengal,2024-03-07,Premium
CUST05003,Customer_05003,Female,50,Delhi,Tamil Nadu,2025-02-05,Corporate
CUST05004,Customer_05004,Male,24,Mumbai,Telangana,2025-03-08,Corporate
CUST05005,Customer_05005,Female,21,Mumbai,Gujarat,2025-09-14,Corporate
CUST05006,Customer_05006,Male,45,Pune,Telangana,2024-07-02,Corporate
CUST05007,Customer_05007,Female,40,Delhi,Delhi,2025-12-13,Consumer
CUST05008,Customer_05008,Female,49,Chennai,Gujarat,2024-04-13,Corporate
CUST05009,Customer_05009,Male,61,Ahmedabad,Tamil Nadu,2024-01-04,Consumer
CUST05010,Customer_05010,Male,33,Delhi,Maharashtra,2025-05-03,Corporate
CUST05011,Customer_05011,Male,63,Delhi,Karnataka,2025-09-10,Consumer
CUST05012,Customer_05012,Female,27,Kolkata,Delhi,2024-12-25,Premium
CUST05013,Customer_05013,Female,31,Delhi,Karnataka,2025-09-08,Premium
CUST05014,Customer_05014,Female,56,Mumbai,Tamil Nadu,2024-08-20,Consumer
CUST05015,Customer_05015,Male,53,Kolkata,Gujarat,2024-02-18,Corporate
CUST05016,Customer_05016,Male,51,Mumbai,Tamil Nadu,2023-04-03,Premium
CUST05017,Customer_05017,Male,41,Pune,Telangana,2025-08-22,Consumer
CUST05018,Customer_05018,Male,35,Delhi,Karnataka,2024-07-14,Corporate
CUST05019,Customer_05019,Female,33,Ahmedabad,Karnataka,2025-11-28,Consumer
CUST05020,Customer_05020,Female,58,Mumbai,Tamil Nadu,2024-06-29,Consumer
CUST05021,Customer_05021,Female,54,Pune,Gujarat,2025-02-16,Corporate
CUST05022,Customer_05022,Male,58,Delhi,Karnataka,2025-10-29,Corporate
CUST05023,Customer_05023,Female,42,Ahmedabad,West Bengal,2023-07-07,Consumer
CUST05024,Customer_05024,Female,25,Chennai,Maharashtra,2024-08-30,Corporate
CUST05025,Customer_05025,Female,41,Mumbai,Tamil Nadu,2024-10-06,Consumer
CUST05026,Customer_05026,Female,37,Ahmedabad,Telangana,2024-11-05,Consumer
CUST05027,Customer_05027,Male,65,Ahmedabad,Telangana,2023-05-19,Consumer
CUST05028,Customer_05028,Male,47,Ahmedabad,Telangana,2023-10-25,Consumer
CUST05029,Customer_05029,Female,37,Bengaluru,Karnataka,2023-06-28,Premium
CUST05030,Customer_05030,Male,35,Ahmedabad,Tamil Nadu,2023-08-06,Corporate
CUST05031,Customer_05031,Male,21,Pune,Telangana,2023-09-24,Corporate
CUST05032,Customer_05032,Female,65,Mumbai,Tamil Nadu,2024-08-13,Consumer
CUST05033,Customer_05033,Female,53,Chennai,Karnataka,2024-11-09,Consumer
CUST05034,Customer_05034,Female,23,Chennai,Maharashtra,2024-09-07,Consumer
CUST05035,Customer_05035,Male,20,Mumbai,Maharashtra,2025-04-29,Corporate
CUST05036,Customer_05036,Male,35,Ahmedabad,Maharashtra,2024-12-27,Consumer
CUST05037,Customer_05037,Female,64,Hyderabad,Karnataka,2023-03-16,Consumer
CUST05038,Customer_05038,Female,57,Pune,Telangana,2025-01-06,Corporate
CUST05039,Customer_05039,Female,35,Delhi,Karnataka,2023-12-02,Consumer
CUST05040,Customer_05040,Female,40,Delhi,Tamil Nadu,2025-03-14,Consumer
CUST05041,Customer_05041,Female,52,Chennai,Maharashtra,2025-05-04,Consumer
CUST05042,Customer_05042,Female,23,Ahmedabad,Tamil Nadu,2023-12-29,Consumer
CUST05043,Customer_05043,Male,43,Mumbai,Karnataka,2023-07-09,Consumer
CUST05044,Customer_05044,Female,38,Hyderabad,Delhi,2023-03-11,Corporate
CUST05045,Customer_05045,Female,41,Pune,Delhi,2024-06-05,Premium
CUST05046,Customer_05046,Female,32,Bengaluru,West Bengal,2025-09-09,Consumer
CUST05047,Customer_05047,Male,44,Delhi,Karnataka,2024-05-31,Consumer
CUST05048,Customer_05048,Female,49,Kolkata,Telangana,2023-01-28,Consumer
CUST05049,Customer_05049,Male,29,Pune,Gujarat,2025-06-23,Consumer
CUST05050,Customer_05050,Female,22,Ahmedabad,Tamil Nadu,2023-04-02,Consumer
CUST05051,Customer_05051,Male,24,Pune,Karnataka,2023-12-29,Consumer
CUST05052,Customer_05052,Female,39,Hyderabad,Karnataka,2023-02-07,Corporate
CUST05053,Customer_05053,Male,44,Pune,Delhi,2024-10-25,Consumer
CUST05054,Customer_05054,Male,32,Delhi,Maharashtra,2024-12-04,Corporate
CUST05055,Customer_05055,Male,56,Mumbai,Maharashtra,2024-05-05,Premium
CUST05056,Customer_05056,Female,62,Ahmedabad,Gujarat,2023-05-24,Consumer
CUST05057,Customer_05057,Male,52,Delhi,Telangana,2025-04-13,Consumer
CUST05058,Customer_05058,Male,43,Bengaluru,Telangana,2025-12-05,Premium
CUST05059,Customer_05059,Female,40,Mumbai,Gujarat,2023-05-18,Consumer
CUST05060,Customer_05060,Male,30,Chennai,Telangana,2024-05-04,Corporate
CUST05061,Customer_05061,Female,43,Hyderabad,West Bengal,2024-02-06,Consumer
CUST05062,Customer_05062,Female,20,Ahmedabad,West Bengal,2024-08-24,Consumer
CUST05063,Customer_05063,Female,46,Delhi,Delhi,2024-12-24,Consumer
CUST05064,Customer_05064,Male,19,Mumbai,Karnataka,2024-11-11,Consumer
CUST05065,Customer_05065,Female,45,Pune,Telangana,2025-07-20,Consumer
CUST05066,Customer_05066,Male,40,Mumbai,Delhi,2024-09-16,Corporate
CUST05067,Customer_05067,Male,53,Delhi,West Bengal,2023-12-07,Consumer
CUST05068,Customer_05068,Male,66,Chennai,Tamil Nadu,2023-10-29,Consumer
CUST05069,Customer_05069,Female,23,Delhi,Karnataka,2023-04-28,Consumer
CUST05070,Customer_05070,Male,28,Chennai,Gujarat,2023-05-31,Corporate
CUST05071,Customer_05071,Female,55,Pune,Tamil Nadu,2024-08-29,Corporate
CUST05072,Customer_05072,Female,51,Delhi,Maharashtra,2025-02-10,Corporate
CUST05073,Customer_05073,Male,34,Mumbai,Maharashtra,2025-09-23,Consumer
CUST05074,Customer_05074,Male,20,Bengaluru,Karnataka,2024-03-12,Consumer
CUST05075,Customer_05075,Female,61,Bengaluru,Telangana,2024-09-23,Corporate
CUST05076,Customer_05076,Female,63,Pune,Karnataka,2023-12-28,Corporate
CUST05077,Customer_05077,Female,51,Kolkata,Telangana,2023-04-06,Consumer
CUST05078,Customer_05078,Male,39,Kolkata,Gujarat,2023-10-19,Premium
CUST05079,Customer_05079,Male,46,Mumbai,Maharashtra,2023-01-27,Consumer
CUST05080,Customer_05080,Male,46,Bengaluru,West Bengal,2025-03-31,Consumer
CUST05081,Customer_05081,Male,22,Pune,West Bengal,2023-11-01,Premium
CUST05082,Customer_05082,Male,27,Chennai,Karnataka,2024-12-23,Corporate
CUST05083,Customer_05083,Female,27,Mumbai,Karnataka,2025-05-19,Corporate
CUST05084,Customer_05084,Male,26,Kolkata,Gujarat,2025-02-07,Corporate
CUST05085,Customer_05085,Male,38,Ahmedabad,West Bengal,2025-09-12,Corporate
CUST05086,Customer_05086,Female,30,Chennai,Telangana,2025-07-30,Consumer
CUST05087,Customer_05087,Female,27,Mumbai,Maharashtra,2023-07-24,Consumer
CUST05088,Customer_05088,Male,55,Chennai,Maharashtra,2025-05-16,Consumer
CUST05089,Customer_05089,Female,28,Chennai,Telangana,2025-10-11,Consumer
CUST05090,Customer_05090,Male,21,Bengaluru,Gujarat,2024-07-31,Consumer
CUST05091,Customer_05091,Male,63,Ahmedabad,Telangana,2024-10-23,Corporate
CUST05092,Customer_05092,Male,48,Mumbai,Gujarat,2024-11-09,Consumer
CUST05093,Customer_05093,Female,66,Delhi,Telangana,2023-08-08,Corporate
CUST05094,Customer_05094,Male,69,Bengaluru,Maharashtra,2023-10-27,Corporate
CUST05095,Customer_05095,Male,51,Chennai,Maharashtra,2023-09-15,Corporate
CUST05096,Customer_05096,Male,59,Chennai,Karnataka,2024-12-15,Consumer
CUST05097,Customer_05097,Female,52,Kolkata,West Bengal,2023-08-28,Premium
CUST05098,Customer_05098,Male,56,Delhi,West Bengal,2023-08-06,Consumer
CUST05099,Customer_05099,Male,56,Kolkata,Gujarat,2024-04-09,Consumer
CUST05100,Customer_05100,Male,50,Delhi,Maharashtra,2023-07-14,Consumer
CUST05101,Customer_05101,Male,25,Chennai,Gujarat,2023-09-27,Corporate
CUST05102,Customer_05102,Female,49,Delhi,Gujarat,2024-07-16,Corporate
CUST05103,Customer_05103,Female,50,Ahmedabad,Tamil Nadu,2023-12-22,Consumer
CUST05104,Customer_05104,Male,25,Hyderabad,Tamil Nadu,2024-06-23,Premium
CUST05105,Customer_05105,Male,63,Kolkata,Telangana,2024-04-20,Consumer
CUST05106,Customer_05106,Male,31,Kolkata,West Bengal,2024-07-18,Consumer
CUST05107,Customer_05107,Male,51,Bengaluru,Gujarat,2023-11-04,Consumer
CUST05108,Customer_05108,Male,25,Ahmedabad,Telangana,2024-09-19,Corporate
CUST05109,Customer_05109,Female,68,Mumbai,Telangana,2024-02-13,Consumer
CUST05110,Customer_05110,Female,59,Kolkata,Karnataka,2024-06-04,Consumer
CUST05111,Customer_05111,Female,24,Delhi,Tamil Nadu,2024-04-29,Consumer
CUST05112,Customer_05112,Female,30,Delhi,Tamil Nadu,2024-11-24,Consumer
CUST05113,Customer_05113,Female,38,Hyderabad,Maharashtra,2025-07-18,Consumer
CUST05114,Customer_05114,Female,64,Mumbai,Tamil Nadu,2024-10-12,Consumer
CUST05115,Customer_05115,Male,49,Hyderabad,Maharashtra,2025-03-07,Consumer
CUST05116,Customer_05116,Female,28,Mumbai,Gujarat,2023-04-21,Corporate
CUST05117,Customer_05117,Male,31,Kolkata,Karnataka,2024-08-26,Consumer
CUST05118,Customer_05118,Male,28,Kolkata,Telangana,2023-08-08,Consumer
CUST05119,Customer_05119,Female,19,Bengaluru,Telangana,2025-10-25,Consumer
CUST05120,Customer_05120,Male,51,Delhi,Gujarat,2024-10-30,Consumer
CUST05121,Customer_05121,Male,61,Bengaluru,Maharashtra,2025-06-13,Consumer
CUST05122,Customer_05122,Female,64,Mumbai,Delhi,2024-05-27,Consumer
CUST05123,Customer_05123,Male,34,Delhi,Gujarat,2023-04-29,Consumer
CUST05124,Customer_05124,Male,31,Kolkata,Maharashtra,2024-01-20,Consumer
CUST05125,Customer_05125,Female,42,Hyderabad,Gujarat,2023-09-17,Corporate
CUST05126,Customer_05126,Female,65,Kolkata,Karnataka,2023-05-14,Consumer
CUST05127,Customer_05127,Female,44,Kolkata,Gujarat,2023-04-12,Consumer
CUST05128,Customer_05128,Male,25,Chennai,Gujarat,2024-01-20,Consumer
CUST05129,Customer_05129,Male,34,Hyderabad,Tamil Nadu,2024-03-30,Corporate
CUST05130,Customer_05130,Female,22,Chennai,Maharashtra,2025-12-21,Consumer
CUST05131,Customer_05131,Female,29,Ahmedabad,Karnataka,2025-08-17,Consumer
CUST05132,Customer_05132,Female,55,Ahmedabad,West Bengal,2025-06-19,Corporate
CUST05133,Customer_05133,Male,35,Hyderabad,Telangana,2024-07-19,Consumer
CUST05134,Customer_05134,Male,43,Mumbai,Delhi,2023-01-07,Corporate
CUST05135,Customer_05135,Female,48,Bengaluru,Delhi,2025-05-17,Corporate
CUST05136,Customer_05136,Male,54,Ahmedabad,Maharashtra,2024-05-29,Premium
CUST05137,Customer_05137,Female,23,Chennai,Gujarat,2023-11-28,Consumer
CUST05138,Customer_05138,Male,58,Mumbai,Tamil Nadu,2024-03-20,Consumer
CUST05139,Customer_05139,Female,32,Bengaluru,Gujarat,2023-12-01,Consumer
CUST05140,Customer_05140,Female,59,Bengaluru,Maharashtra,2024-10-22,Consumer
CUST05141,Customer_05141,Female,66,Delhi,Delhi,2023-10-15,Consumer
CUST05142,Customer_05142,Male,43,Kolkata,Delhi,2025-11-01,Consumer
CUST05143,Customer_05143,Female,68,Delhi,Gujarat,2025-09-23,Consumer
CUST05144,Customer_05144,Female,29,Kolkata,Gujarat,2023-06-22,Consumer
CUST05145,Customer_05145,Male,58,Delhi,Gujarat,2023-11-17,Consumer
CUST05146,Customer_05146,Female,64,Chennai,Telangana,2025-12-04,Corporate
CUST05147,Customer_05147,Female,31,Chennai,Tamil Nadu,2023-07-30,Corporate
CUST05148,Customer_05148,Female,18,Kolkata,Tamil Nadu,2025-06-25,Consumer
CUST05149,Customer_05149,Female,34,Ahmedabad,West Bengal,2025-01-06,Consumer
CUST05150,Customer_05150,Male,50,Bengaluru,West Bengal,2024-02-21,Corporate
CUST05151,Customer_05151,Male,46,Chennai,Delhi,2023-09-21,Consumer
CUST05152,Customer_05152,Male,62,Bengaluru,Delhi,2023-10-28,Consumer
CUST05153,Customer_05153,Female,48,Mumbai,Maharashtra,2023-04-14,Consumer
CUST05154,Customer_05154,Female,25,Hyderabad,Maharashtra,2025-09-13,Consumer
CUST05155,Customer_05155,Female,47,Bengaluru,West Bengal,2023-08-09,Consumer
CUST05156,Customer_05156,Male,30,Bengaluru,Telangana,2023-11-30,Premium
CUST05157,Customer_05157,Male,33,Mumbai,Delhi,2024-02-22,Consumer
CUST05158,Customer_05158,Female,19,Kolkata,Maharashtra,2024-09-26,Premium
CUST05159,Customer_05159,Male,62,Delhi,Telangana,2025-08-18,Consumer
CUST05160,Customer_05160,Male,35,Pune,Tamil Nadu,2024-03-11,Corporate
CUST05161,Customer_05161,Female,52,Ahmedabad,Delhi,2024-01-29,Consumer
CUST05162,Customer_05162,Male,62,Kolkata,Karnataka,2025-01-03,Consumer
CUST05163,Customer_05163,Male,36,Delhi,Delhi,2023-02-12,Consumer
CUST05164,Customer_05164,Male,30,Delhi,Maharashtra,2023-07-29,Corporate
CUST05165,Customer_05165,Male,68,Ahmedabad,Delhi,2025-08-23,Corporate
CUST05166,Customer_05166,Other,21,Kolkata,West Bengal,2023-01-11,Consumer
CUST05167,Customer_05167,Male,36,Kolkata,Karnataka,2023-08-04,Consumer
CUST05168,Customer_05168,Male,67,Ahmedabad,West Bengal,2023-08-13,Corporate
CUST05169,Customer_05169,Male,42,Bengaluru,Delhi,2024-10-19,Premium
CUST05170,Customer_05170,Female,55,Bengaluru,West Bengal,2025-02-11,Consumer
CUST05171,Customer_05171,Male,68,Chennai,Maharashtra,2023-01-16,Consumer
CUST05172,Customer_05172,Female,48,Chennai,Tamil Nadu,2025-10-29,Consumer
CUST05173,Customer_05173,Male,53,Hyderabad,Maharashtra,2024-05-28,Consumer
CUST05174,Customer_05174,Male,21,Hyderabad,Telangana,2023-10-20,Consumer
CUST05175,Customer_05175,Male,56,Pune,West Bengal,2023-02-27,Consumer
CUST05176,Customer_05176,Female,24,Kolkata,Maharashtra,2025-09-11,Consumer
CUST05177,Customer_05177,Female,33,Chennai,Telangana,2025-04-30,Consumer
CUST05178,Customer_05178,Male,65,Kolkata,Delhi,2024-10-09,Premium
CUST05179,Customer_05179,Female,22,Bengaluru,Telangana,2024-04-05,Corporate
CUST05180,Customer_05180,Female,64,Mumbai,West Bengal,2025-08-26,Consumer
CUST05181,Customer_05181,Male,40,Chennai,Gujarat,2024-11-22,Consumer
CUST05182,Customer_05182,Female,53,Bengaluru,Delhi,2023-10-17,Consumer
CUST05183,Customer_05183,Male,49,Kolkata,Telangana,2025-07-08,Corporate
CUST05184,Customer_05184,Female,41,Ahmedabad,West Bengal,2023-09-06,Consumer
CUST05185,Customer_05185,Female,42,Chennai,West Bengal,2025-01-02,Consumer
CUST05186,Customer_05186,Female,62,Delhi,Maharashtra,2024-06-08,Consumer
CUST05187,Customer_05187,Female,45,Chennai,Karnataka,2024-12-05,Consumer
CUST05188,Customer_05188,Male,36,Kolkata,Delhi,2025-02-10,Consumer
CUST05189,Customer_05189,Female,24,Kolkata,Telangana,2024-07-29,Consumer
CUST05190,Customer_05190,Male,61,Pune,Karnataka,2025-04-21,Consumer
CUST05191,Customer_05191,Male,58,Kolkata,West Bengal,2025-01-13,Consumer
CUST05192,Customer_05192,Female,34,Delhi,Telangana,2023-06-16,Consumer
CUST05193,Customer_05193,Female,19,Bengaluru,Telangana,2023-09-06,Consumer
CUST05194,Customer_05194,Female,33,Delhi,Telangana,2023-12-06,Consumer
CUST05195,Customer_05195,Male,56,Chennai,Maharashtra,2023-04-19,Consumer
CUST05196,Customer_05196,Female,35,Ahmedabad,Telangana,2025-04-09,Consumer
CUST05197,Customer_05197,Female,56,Delhi,Karnataka,2024-02-21,Consumer
CUST05198,Customer_05198,Male,18,Pune,Gujarat,2024-03-01,Corporate
CUST05199,Customer_05199,Male,20,Mumbai,Telangana,2025-12-03,Consumer
CUST05200,Customer_05200,Male,38,Delhi,Gujarat,2023-12-08,Consumer
CUST05201,Customer_05201,Male,47,Kolkata,Tamil Nadu,2025-09-29,Premium
CUST05202,Customer_05202,Other,28,Pune,West Bengal,2023-07-20,Consumer
CUST05203,Customer_05203,Female,39,Delhi,Delhi,2024-01-13,Premium
CUST05204,Customer_05204,Female,64,Hyderabad,Maharashtra,2024-04-02,Consumer
CUST05205,Customer_05205,Female,42,Mumbai,Tamil Nadu,2025-09-17,Consumer
CUST05206,Customer_05206,Male,20,Bengaluru,Tamil Nadu,2025-06-19,Consumer
CUST05207,Customer_05207,Female,47,Kolkata,Karnataka,2024-09-23,Corporate
CUST05208,Customer_05208,Male,41,Pune,Karnataka,2025-11-17,Consumer
CUST05209,Customer_05209,Female,62,Delhi,Gujarat,2024-06-23,Consumer
CUST05210,Customer_05210,Male,53,Ahmedabad,Gujarat,2023-07-14,Corporate
CUST05211,Customer_05211,Female,40,Mumbai,Maharashtra,2025-02-10,Corporate
CUST05212,Customer_05212,Male,25,Bengaluru,Maharashtra,2025-05-21,Premium
CUST05213,Customer_05213,Male,21,Mumbai,Delhi,2024-11-19,Premium
CUST05214,Customer_05214,Female,67,Pune,Telangana,2023-05-08,Corporate
CUST05215,Customer_05215,Male,56,Hyderabad,Maharashtra,2023-04-16,Consumer
CUST05216,Customer_05216,Female,60,Pune,Maharashtra,2023-12-18,Consumer
CUST05217,Customer_05217,Male,48,Pune,Gujarat,2025-04-13,Consumer
CUST05218,Customer_05218,Female,46,Ahmedabad,Telangana,2023-11-10,Consumer
CUST05219,Customer_05219,Male,53,Bengaluru,Delhi,2025-09-27,Consumer
CUST05220,Customer_05220,Male,30,Ahmedabad,West Bengal,2024-01-19,Consumer
CUST05221,Customer_05221,Male,58,Ahmedabad,West Bengal,2025-09-28,Consumer
CUST05222,Customer_05222,Male,26,Bengaluru,Karnataka,2023-01-17,Premium
CUST05223,Customer_05223,Male,38,Delhi,Delhi,2025-12-25,Corporate
CUST05224,Customer_05224,Male,68,Chennai,Telangana,2025-06-04,Consumer
CUST05225,Customer_05225,Male,20,Pune,Karnataka,2023-03-12,Consumer
CUST05226,Customer_05226,Male,42,Bengaluru,Karnataka,2025-12-20,Corporate
CUST05227,Customer_05227,Female,42,Ahmedabad,Karnataka,2024-03-19,Consumer
CUST05228,Customer_05228,Female,29,Pune,Delhi,2025-08-26,Consumer
CUST05229,Customer_05229,Male,46,Pune,Gujarat,2024-04-27,Premium
CUST05230,Customer_05230,Female,28,Ahmedabad,Telangana,2024-05-31,Consumer
CUST05231,Customer_05231,Female,69,Bengaluru,Delhi,2023-11-13,Premium
CUST05232,Customer_05232,Male,28,Hyderabad,Delhi,2025-11-10,Consumer
CUST05233,Customer_05233,Female,66,Hyderabad,Tamil Nadu,2024-11-28,Premium
CUST05234,Customer_05234,Male,43,Pune,Maharashtra,2024-12-21,Consumer
CUST05235,Customer_05235,Female,31,Hyderabad,West Bengal,2023-08-19,Consumer
CUST05236,Customer_05236,Male,33,Pune,Delhi,2025-05-13,Consumer
CUST05237,Customer_05237,Female,27,Ahmedabad,Tamil Nadu,2024-07-16,Consumer
CUST05238,Customer_05238,Female,48,Delhi,West Bengal,2025-02-07,Consumer
CUST05239,Customer_05239,Male,48,Bengaluru,Gujarat,2025-03-18,Consumer
CUST05240,Customer_05240,Male,53,Pune,Gujarat,2024-06-13,Consumer
CUST05241,Customer_05241,Female,27,Hyderabad,Telangana,2023-10-17,Premium
CUST05242,Customer_05242,Male,43,Hyderabad,Tamil Nadu,2023-04-10,Consumer
CUST05243,Customer_05243,Female,37,Mumbai,Delhi,2023-05-29,Consumer
CUST05244,Customer_05244,Female,61,Mumbai,Telangana,2024-01-30,Corporate
CUST05245,Customer_05245,Female,26,Kolkata,Tamil Nadu,2024-01-11,Consumer
CUST05246,Customer_05246,Female,32,Hyderabad,Delhi,2023-04-12,Consumer
CUST05247,Customer_05247,Female,26,Kolkata,Telangana,2025-02-20,Consumer
CUST05248,Customer_05248,Female,24,Kolkata,West Bengal,2023-04-02,Consumer
CUST05249,Customer_05249,Male,43,Kolkata,Telangana,2024-02-15,Consumer
CUST05250,Customer_05250,Male,41,Delhi,West Bengal,2024-02-10,Consumer
CUST05251,Customer_05251,Male,29,Chennai,Maharashtra,2023-01-21,Premium
CUST05252,Customer_05252,Female,37,Pune,Gujarat,2024-09-23,Corporate
CUST05253,Customer_05253,Female,31,Mumbai,West Bengal,2023-01-19,Corporate
CUST05254,Customer_05254,Male,39,Pune,Delhi,2023-06-02,Corporate
CUST05255,Customer_05255,Female,33,Mumbai,Maharashtra,2023-10-28,Consumer
CUST05256,Customer_05256,Male,46,Bengaluru,Telangana,2024-02-17,Consumer
CUST05257,Customer_05257,Male,49,Bengaluru,Telangana,2023-07-21,Corporate
CUST05258,Customer_05258,Female,36,Hyderabad,Tamil Nadu,2023-05-19,Consumer
CUST05259,Customer_05259,Male,52,Bengaluru,Maharashtra,2023-01-24,Corporate
CUST05260,Customer_05260,Female,60,Ahmedabad,Karnataka,2023-01-12,Premium
CUST05261,Customer_05261,Male,49,Bengaluru,Delhi,2023-05-15,Consumer
CUST05262,Customer_05262,Female,37,Chennai,Gujarat,2025-07-24,Consumer
CUST05263,Customer_05263,Female,68,Kolkata,West Bengal,2023-03-22,Consumer
CUST05264,Customer_05264,Male,57,Delhi,Maharashtra,2025-12-29,Corporate
CUST05265,Customer_05265,Female,37,Hyderabad,Telangana,2024-08-13,Consumer
CUST05266,Customer_05266,Female,25,Chennai,Tamil Nadu,2025-09-18,Corporate
CUST05267,Customer_05267,Male,52,Ahmedabad,Delhi,2024-12-11,Consumer
CUST05268,Customer_05268,Male,59,Hyderabad,Gujarat,2025-03-07,Consumer
CUST05269,Customer_05269,Female,30,Delhi,West Bengal,2024-12-31,Corporate
CUST05270,Customer_05270,Male,58,Hyderabad,Delhi,2023-10-04,Consumer
CUST05271,Customer_05271,Male,23,Pune,Tamil Nadu,2023-02-18,Corporate
CUST05272,Customer_05272,Male,64,Pune,Telangana,2024-09-01,Corporate
CUST05273,Customer_05273,Male,33,Pune,West Bengal,2023-10-20,Consumer
CUST05274,Customer_05274,Female,22,Bengaluru,Gujarat,2025-11-10,Consumer
CUST05275,Customer_05275,Male,62,Delhi,Karnataka,2024-04-16,Consumer
CUST05276,Customer_05276,Male,68,Chennai,Tamil Nadu,2023-08-18,Premium
CUST05277,Customer_05277,Male,51,Chennai,Karnataka,2025-04-17,Corporate
CUST05278,Customer_05278,Male,23,Ahmedabad,Maharashtra,2023-12-23,Consumer
CUST05279,Customer_05279,Female,50,Mumbai,Delhi,2024-06-24,Consumer
CUST05280,Customer_05280,Male,32,Chennai,Gujarat,2025-04-06,Corporate
CUST05281,Customer_05281,Other,32,Kolkata,Telangana,2025-07-24,Consumer
CUST05282,Customer_05282,Male,31,Pune,Karnataka,2025-11-10,Consumer
CUST05283,Customer_05283,Male,56,Kolkata,Telangana,2025-03-24,Consumer
CUST05284,Customer_05284,Female,22,Ahmedabad,Maharashtra,2024-10-06,Consumer
CUST05285,Customer_05285,Male,69,Kolkata,Karnataka,2024-06-10,Corporate
CUST05286,Customer_05286,Female,43,Pune,Telangana,2025-10-18,Consumer
CUST05287,Customer_05287,Other,65,Mumbai,Telangana,2024-09-14,Corporate
CUST05288,Customer_05288,Male,34,Bengaluru,West Bengal,2025-04-30,Consumer
CUST05289,Customer_05289,Male,60,Chennai,Maharashtra,2024-02-28,Consumer
CUST05290,Customer_05290,Female,64,Delhi,Tamil Nadu,2024-09-14,Consumer
CUST05291,Customer_05291,Male,69,Mumbai,Gujarat,2023-01-04,Consumer
CUST05292,Customer_05292,Male,33,Chennai,Maharashtra,2024-04-13,Consumer
CUST05293,Customer_05293,Male,52,Bengaluru,Karnataka,2024-10-25,Consumer
CUST05294,Customer_05294,Male,55,Kolkata,Karnataka,2025-06-05,Premium
CUST05295,Customer_05295,Female,40,Delhi,Delhi,2024-06-21,Premium
CUST05296,Customer_05296,Male,30,Delhi,Telangana,2023-12-26,Corporate
CUST05297,Customer_05297,Male,50,Ahmedabad,Gujarat,2024-06-03,Consumer
CUST05298,Customer_05298,Female,46,Kolkata,Karnataka,2023-03-09,Corporate
CUST05299,Customer_05299,Male,63,Bengaluru,Tamil Nadu,2024-11-25,Consumer
CUST05300,Customer_05300,Male,51,Chennai,Tamil Nadu,2023-03-26,Consumer
CUST05301,Customer_05301,Female,51,Kolkata,Maharashtra,2023-03-20,Corporate
CUST05302,Customer_05302,Male,44,Hyderabad,Karnataka,2023-01-20,Consumer
CUST05303,Customer_05303,Female,32,Ahmedabad,Gujarat,2023-06-05,Consumer
CUST05304,Customer_05304,Female,67,Chennai,Gujarat,2025-05-29,Corporate
CUST05305,Customer_05305,Male,26,Kolkata,Karnataka,2025-07-27,Consumer
CUST05306,Customer_05306,Female,43,Kolkata,West Bengal,2023-01-28,Consumer
CUST05307,Customer_05307,Male,20,Mumbai,Delhi,2024-09-01,Corporate
CUST05308,Customer_05308,Male,53,Mumbai,Delhi,2025-08-31,Consumer
CUST05309,Customer_05309,Female,64,Chennai,Delhi,2024-02-23,Consumer
CUST05310,Customer_05310,Female,22,Ahmedabad,West Bengal,2023-01-22,Consumer
CUST05311,Customer_05311,Male,37,Pune,Karnataka,2023-09-18,Consumer
CUST05312,Customer_05312,Female,37,Mumbai,Maharashtra,2023-03-01,Corporate
CUST05313,Customer_05313,Female,22,Hyderabad,West Bengal,2025-07-25,Consumer
CUST05314,Customer_05314,Female,27,Pune,Gujarat,2023-06-12,Consumer
CUST05315,Customer_05315,Female,33,Hyderabad,Maharashtra,2023-12-20,Consumer
CUST05316,Customer_05316,Male,42,Delhi,Maharashtra,2023-07-15,Consumer
CUST05317,Customer_05317,Male,61,Mumbai,West Bengal,2025-12-04,Consumer
CUST05318,Customer_05318,Female,42,Kolkata,Maharashtra,2024-09-16,Consumer
CUST05319,Customer_05319,Male,47,Pune,Tamil Nadu,2025-06-23,Consumer
CUST05320,Customer_05320,Female,31,Chennai,Karnataka,2023-06-28,Consumer
CUST05321,Customer_05321,Male,39,Pune,Telangana,2023-11-21,Corporate
CUST05322,Customer_05322,Male,60,Kolkata,Karnataka,2024-01-05,Corporate
CUST05323,Customer_05323,Male,45,Delhi,Maharashtra,2024-07-21,Consumer
CUST05324,Customer_05324,Other,47,Hyderabad,Tamil Nadu,2025-02-17,Consumer
CUST05325,Customer_05325,Male,36,Delhi,Tamil Nadu,2025-07-14,Premium
CUST05326,Customer_05326,Female,55,Bengaluru,Karnataka,2023-04-25,Consumer
CUST05327,Customer_05327,Male,59,Mumbai,Telangana,2023-12-23,Consumer
CUST05328,Customer_05328,Male,37,Chennai,West Bengal,2023-04-25,Consumer
CUST05329,Customer_05329,Male,52,Hyderabad,West Bengal,2025-03-08,Premium
CUST05330,Customer_05330,Female,39,Delhi,Maharashtra,2023-11-19,Consumer
CUST05331,Customer_05331,Male,32,Chennai,Tamil Nadu,2023-02-11,Consumer
CUST05332,Customer_05332,Male,28,Mumbai,Maharashtra,2024-07-27,Corporate
CUST05333,Customer_05333,Male,51,Kolkata,Maharashtra,2024-03-16,Premium
CUST05334,Customer_05334,Male,41,Chennai,Gujarat,2023-10-12,Consumer
CUST05335,Customer_05335,Female,23,Mumbai,Maharashtra,2023-04-14,Consumer
CUST05336,Customer_05336,Female,34,Mumbai,Delhi,2024-07-22,Premium
CUST05337,Customer_05337,Male,45,Mumbai,Gujarat,2024-04-01,Consumer
CUST05338,Customer_05338,Female,67,Delhi,Maharashtra,2023-11-07,Corporate
CUST05339,Customer_05339,Female,48,Kolkata,Maharashtra,2024-02-11,Consumer
CUST05340,Customer_05340,Male,53,Mumbai,Telangana,2025-04-24,Corporate
CUST05341,Customer_05341,Female,26,Chennai,West Bengal,2024-08-03,Consumer
CUST05342,Customer_05342,Female,27,Kolkata,Gujarat,2025-12-17,Consumer
CUST05343,Customer_05343,Male,38,Bengaluru,West Bengal,2024-12-19,Consumer
CUST05344,Customer_05344,Male,51,Chennai,Gujarat,2024-08-19,Consumer
CUST05345,Customer_05345,Female,48,Delhi,Telangana,2023-07-06,Consumer
CUST05346,Customer_05346,Female,46,Mumbai,Delhi,2025-06-14,Corporate
CUST05347,Customer_05347,Male,60,Ahmedabad,Gujarat,2024-04-08,Premium
CUST05348,Customer_05348,Male,60,Kolkata,Delhi,2023-11-26,Consumer
CUST05349,Customer_05349,Male,28,Bengaluru,Maharashtra,2023-12-15,Consumer
CUST05350,Customer_05350,Female,50,Delhi,Tamil Nadu,2024-05-14,Premium
CUST05351,Customer_05351,Female,63,Hyderabad,Tamil Nadu,2024-05-04,Corporate
CUST05352,Customer_05352,Other,18,Hyderabad,Karnataka,2025-10-01,Consumer
CUST05353,Customer_05353,Male,38,Ahmedabad,Tamil Nadu,2023-10-07,Consumer
CUST05354,Customer_05354,Female,40,Ahmedabad,Tamil Nadu,2025-05-04,Consumer
CUST05355,Customer_05355,Female,26,Hyderabad,Telangana,2025-10-01,Consumer
CUST05356,Customer_05356,Male,18,Bengaluru,Karnataka,2024-02-02,Consumer
CUST05357,Customer_05357,Male,38,Kolkata,West Bengal,2025-12-27,Consumer
CUST05358,Customer_05358,Female,39,Chennai,Karnataka,2024-03-03,Consumer
CUST05359,Customer_05359,Female,21,Bengaluru,Telangana,2024-01-10,Consumer
CUST05360,Customer_05360,Female,18,Ahmedabad,Tamil Nadu,2025-10-12,Corporate
CUST05361,Customer_05361,Female,68,Kolkata,Tamil Nadu,2024-09-23,Premium
CUST05362,Customer_05362,Male,27,Bengaluru,Karnataka,2025-09-15,Corporate
CUST05363,Customer_05363,Female,32,Kolkata,Tamil Nadu,2024-11-27,Consumer
CUST05364,Customer_05364,Female,69,Bengaluru,Karnataka,2025-07-16,Consumer
CUST05365,Customer_05365,Female,53,Hyderabad,Tamil Nadu,2023-03-19,Corporate
CUST05366,Customer_05366,Other,46,Pune,Maharashtra,2024-05-02,Consumer
CUST05367,Customer_05367,Female,69,Kolkata,Telangana,2025-11-27,Corporate
CUST05368,Customer_05368,Male,63,Kolkata,Gujarat,2024-07-20,Consumer
CUST05369,Customer_05369,Female,22,Kolkata,Delhi,2025-08-08,Corporate
CUST05370,Customer_05370,Male,46,Chennai,West Bengal,2024-07-11,Consumer
CUST05371,Customer_05371,Male,64,Pune,Maharashtra,2023-06-20,Consumer
CUST05372,Customer_05372,Male,64,Pune,Tamil Nadu,2024-10-03,Consumer
CUST05373,Customer_05373,Male,44,Bengaluru,Delhi,2023-10-19,Corporate
CUST05374,Customer_05374,Female,42,Chennai,Gujarat,2024-08-03,Consumer
CUST05375,Customer_05375,Male,33,Pune,Maharashtra,2024-02-26,Consumer
CUST05376,Customer_05376,Female,33,Mumbai,Gujarat,2023-04-15,Corporate
CUST05377,Customer_05377,Female,53,Bengaluru,Telangana,2024-07-19,Consumer
CUST05378,Customer_05378,Male,42,Bengaluru,Delhi,2025-05-29,Premium
CUST05379,Customer_05379,Female,58,Bengaluru,Gujarat,2025-05-24,Premium
CUST05380,Customer_05380,Male,18,Mumbai,Delhi,2023-09-05,Consumer
CUST05381,Customer_05381,Male,22,Ahmedabad,Telangana,2025-07-15,Consumer
CUST05382,Customer_05382,Female,58,Mumbai,Gujarat,2023-11-05,Consumer
CUST05383,Customer_05383,Male,37,Hyderabad,Maharashtra,2023-11-11,Corporate
CUST05384,Customer_05384,Male,22,Ahmedabad,Delhi,2024-08-31,Corporate
CUST05385,Customer_05385,Female,53,Delhi,West Bengal,2025-08-02,Consumer
CUST05386,Customer_05386,Female,46,Chennai,West Bengal,2024-06-22,Consumer
CUST05387,Customer_05387,Male,65,Delhi,West Bengal,2023-03-13,Consumer
CUST05388,Customer_05388,Female,51,Bengaluru,Gujarat,2024-01-13,Consumer
CUST05389,Customer_05389,Female,65,Pune,Telangana,2023-05-14,Consumer
CUST05390,Customer_05390,Female,35,Bengaluru,West Bengal,2024-01-28,Premium
CUST05391,Customer_05391,Male,19,Pune,Gujarat,2025-12-23,Corporate
CUST05392,Customer_05392,Female,33,Hyderabad,Gujarat,2025-09-22,Corporate
CUST05393,Customer_05393,Female,46,Kolkata,Maharashtra,2024-02-19,Consumer
CUST05394,Customer_05394,Female,50,Delhi,Tamil Nadu,2024-02-07,Consumer
CUST05395,Customer_05395,Female,33,Kolkata,Karnataka,2023-03-06,Consumer
CUST05396,Customer_05396,Male,52,Kolkata,Tamil Nadu,2025-05-15,Premium
CUST05397,Customer_05397,Male,64,Bengaluru,Tamil Nadu,2024-02-05,Consumer
CUST05398,Customer_05398,Male,60,Delhi,Karnataka,2023-10-17,Consumer
CUST05399,Customer_05399,Male,59,Ahmedabad,Gujarat,2025-01-28,Corporate
CUST05400,Customer_05400,Female,34,Ahmedabad,Tamil Nadu,2025-04-23,Corporate
CUST05401,Customer_05401,Male,21,Hyderabad,Tamil Nadu,2024-10-22,Consumer
CUST05402,Customer_05402,Female,66,Delhi,Telangana,2023-12-23,Consumer
CUST05403,Customer_05403,Female,21,Pune,Telangana,2025-05-27,Corporate
CUST05404,Customer_05404,Male,68,Chennai,Maharashtra,2025-09-24,Premium
CUST05405,Customer_05405,Male,42,Kolkata,Delhi,2025-01-21,Consumer
CUST05406,Customer_05406,Female,50,Ahmedabad,Gujarat,2025-01-18,Consumer
CUST05407,Customer_05407,Female,31,Hyderabad,West Bengal,2023-12-31,Consumer
CUST05408,Customer_05408,Male,41,Delhi,Maharashtra,2023-09-24,Consumer
CUST05409,Customer_05409,Male,28,Bengaluru,Telangana,2024-02-10,Premium
CUST05410,Customer_05410,Female,42,Mumbai,Telangana,2023-05-19,Consumer
CUST05411,Customer_05411,Female,45,Mumbai,Karnataka,2024-10-27,Consumer
CUST05412,Customer_05412,Male,24,Hyderabad,Karnataka,2023-07-04,Corporate
CUST05413,Customer_05413,Female,66,Ahmedabad,West Bengal,2025-02-21,Consumer
CUST05414,Customer_05414,Male,53,Mumbai,West Bengal,2025-05-20,Consumer
CUST05415,Customer_05415,Male,27,Ahmedabad,Telangana,2024-12-03,Consumer
CUST05416,Customer_05416,Male,66,Chennai,Tamil Nadu,2025-06-25,Corporate
CUST05417,Customer_05417,Male,53,Hyderabad,West Bengal,2023-07-20,Premium
CUST05418,Customer_05418,Male,48,Bengaluru,Maharashtra,2024-09-09,Consumer
CUST05419,Customer_05419,Female,36,Bengaluru,Telangana,2023-08-08,Consumer
CUST05420,Customer_05420,Male,35,Hyderabad,Gujarat,2025-05-06,Consumer
CUST05421,Customer_05421,Male,66,Mumbai,Telangana,2025-10-08,Consumer
CUST05422,Customer_05422,Male,23,Mumbai,Karnataka,2025-11-18,Consumer
CUST05423,Customer_05423,Female,45,Bengaluru,Maharashtra,2023-03-05,Consumer
CUST05424,Customer_05424,Male,24,Chennai,Maharashtra,2025-07-25,Consumer
CUST05425,Customer_05425,Male,55,Pune,Delhi,2024-06-23,Corporate
CUST05426,Customer_05426,Female,29,Mumbai,Telangana,2024-05-24,Consumer
CUST05427,Customer_05427,Other,58,Chennai,Delhi,2023-09-08,Consumer
CUST05428,Customer_05428,Male,67,Kolkata,Karnataka,2023-02-08,Consumer
CUST05429,Customer_05429,Female,51,Mumbai,Delhi,2023-03-10,Consumer
CUST05430,Customer_05430,Female,42,Pune,Tamil Nadu,2023-10-04,Consumer
CUST05431,Customer_05431,Female,34,Hyderabad,Telangana,2023-06-26,Corporate
CUST05432,Customer_05432,Male,50,Delhi,Telangana,2025-08-28,Consumer
CUST05433,Customer_05433,Female,40,Bengaluru,Maharashtra,2024-08-28,Consumer
CUST05434,Customer_05434,Male,26,Hyderabad,West Bengal,2023-03-22,Consumer
CUST05435,Customer_05435,Female,23,Mumbai,Delhi,2023-12-07,Consumer
CUST05436,Customer_05436,Female,19,Pune,Maharashtra,2024-02-25,Consumer
CUST05437,Customer_05437,Male,55,Bengaluru,Gujarat,2023-08-16,Premium
CUST05438,Customer_05438,Female,26,Delhi,Delhi,2024-04-17,Consumer
CUST05439,Customer_05439,Male,20,Delhi,West Bengal,2023-03-29,Consumer
CUST05440,Customer_05440,Female,33,Pune,Delhi,2023-07-09,Consumer
CUST05441,Customer_05441,Male,42,Pune,West Bengal,2025-05-16,Corporate
CUST05442,Customer_05442,Male,41,Mumbai,West Bengal,2025-09-07,Consumer
CUST05443,Customer_05443,Male,64,Bengaluru,Karnataka,2025-09-07,Consumer
CUST05444,Customer_05444,Female,46,Kolkata,Delhi,2023-05-16,Consumer
CUST05445,Customer_05445,Male,61,Kolkata,Maharashtra,2023-02-09,Consumer
CUST05446,Customer_05446,Male,57,Ahmedabad,Gujarat,2023-09-13,Consumer
CUST05447,Customer_05447,Male,43,Mumbai,West Bengal,2025-08-04,Consumer
CUST05448,Customer_05448,Female,55,Delhi,Delhi,2024-06-22,Consumer
CUST05449,Customer_05449,Female,52,Hyderabad,Delhi,2025-05-07,Consumer
CUST05450,Customer_05450,Male,40,Hyderabad,Telangana,2023-05-12,Consumer
CUST05451,Customer_05451,Male,21,Chennai,Telangana,2025-05-17,Corporate
CUST05452,Customer_05452,Male,59,Delhi,Gujarat,2025-01-10,Premium
CUST05453,Customer_05453,Male,31,Kolkata,West Bengal,2024-06-22,Premium
CUST05454,Customer_05454,Male,64,Kolkata,Telangana,2023-10-09,Consumer
CUST05455,Customer_05455,Female,56,Delhi,Tamil Nadu,2024-05-06,Corporate
CUST05456,Customer_05456,Male,24,Mumbai,Telangana,2023-10-07,Corporate
CUST05457,Customer_05457,Male,25,Chennai,Tamil Nadu,2025-06-27,Consumer
CUST05458,Customer_05458,Male,59,Ahmedabad,Gujarat,2024-10-27,Consumer
CUST05459,Customer_05459,Female,68,Pune,Tamil Nadu,2024-07-08,Consumer
CUST05460,Customer_05460,Female,36,Chennai,Gujarat,2024-04-15,Premium
CUST05461,Customer_05461,Female,19,Bengaluru,Maharashtra,2024-02-16,Consumer
CUST05462,Customer_05462,Male,64,Mumbai,Telangana,2024-05-27,Consumer
CUST05463,Customer_05463,Male,18,Pune,Delhi,2025-05-27,Corporate
CUST05464,Customer_05464,Male,59,Pune,West Bengal,2024-11-20,Corporate
CUST05465,Customer_05465,Male,55,Kolkata,Karnataka,2025-08-06,Consumer
CUST05466,Customer_05466,Female,30,Hyderabad,West Bengal,2023-03-01,Consumer
CUST05467,Customer_05467,Female,59,Bengaluru,Delhi,2024-02-23,Consumer
CUST05468,Customer_05468,Female,61,Chennai,Telangana,2025-08-14,Premium
CUST05469,Customer_05469,Female,41,Hyderabad,Delhi,2025-04-04,Consumer
CUST05470,Customer_05470,Male,49,Delhi,Telangana,2025-06-26,Consumer
CUST05471,Customer_05471,Female,47,Mumbai,West Bengal,2025-01-02,Consumer
CUST05472,Customer_05472,Male,23,Ahmedabad,Telangana,2024-01-26,Consumer
CUST05473,Customer_05473,Male,55,Chennai,Delhi,2025-01-05,Corporate
CUST05474,Customer_05474,Female,50,Delhi,Tamil Nadu,2024-10-22,Consumer
CUST05475,Customer_05475,Male,61,Pune,Maharashtra,2023-01-27,Consumer
CUST05476,Customer_05476,Male,40,Kolkata,Maharashtra,2024-09-14,Consumer
CUST05477,Customer_05477,Male,27,Chennai,Maharashtra,2025-06-02,Consumer
CUST05478,Customer_05478,Female,63,Hyderabad,Maharashtra,2023-05-07,Corporate
CUST05479,Customer_05479,Female,32,Bengaluru,Karnataka,2023-10-08,Consumer
CUST05480,Customer_05480,Male,40,Hyderabad,Gujarat,2023-11-15,Consumer
CUST05481,Customer_05481,Female,53,Mumbai,Telangana,2024-03-16,Premium
CUST05482,Customer_05482,Male,18,Kolkata,Karnataka,2023-12-07,Consumer
CUST05483,Customer_05483,Male,25,Mumbai,Maharashtra,2024-11-24,Consumer
CUST05484,Customer_05484,Female,20,Chennai,Maharashtra,2023-04-29,Consumer
CUST05485,Customer_05485,Female,31,Hyderabad,West Bengal,2025-02-16,Premium
CUST05486,Customer_05486,Other,34,Bengaluru,Delhi,2024-11-20,Consumer
CUST05487,Customer_05487,Male,51,Pune,Maharashtra,2024-12-13,Consumer
CUST05488,Customer_05488,Female,64,Mumbai,Telangana,2024-01-20,Consumer
CUST05489,Customer_05489,Female,23,Bengaluru,West Bengal,2024-05-24,Corporate
CUST05490,Customer_05490,Female,22,Delhi,Maharashtra,2023-03-27,Corporate
CUST05491,Customer_05491,Male,63,Chennai,Maharashtra,2023-12-27,Consumer
CUST05492,Customer_05492,Female,68,Bengaluru,Karnataka,2025-10-02,Premium
CUST05493,Customer_05493,Female,58,Chennai,Telangana,2025-03-02,Consumer
CUST05494,Customer_05494,Male,57,Delhi,Tamil Nadu,2023-12-25,Consumer
CUST05495,Customer_05495,Male,46,Bengaluru,Delhi,2024-12-27,Consumer
CUST05496,Customer_05496,Male,52,Kolkata,Tamil Nadu,2024-03-22,Consumer
CUST05497,Customer_05497,Female,35,Bengaluru,Gujarat,2025-12-14,Consumer
CUST05498,Customer_05498,Female,57,Pune,Karnataka,2023-11-01,Premium
CUST05499,Customer_05499,Female,65,Delhi,Maharashtra,2025-02-09,Consumer
CUST05500,Customer_05500,Female,47,Ahmedabad,Delhi,2024-06-17,Corporate
CUST05501,Customer_05501,Female,32,Kolkata,Gujarat,2023-02-04,Consumer
CUST05502,Customer_05502,Male,32,Kolkata,Gujarat,2024-11-12,Corporate
CUST05503,Customer_05503,Male,33,Hyderabad,Telangana,2025-10-11,Consumer
CUST05504,Customer_05504,Female,50,Ahmedabad,Delhi,2024-10-02,Consumer
CUST05505,Customer_05505,Male,27,Bengaluru,Gujarat,2025-09-16,Consumer
CUST05506,Customer_05506,Male,36,Pune,Karnataka,2025-01-28,Consumer
CUST05507,Customer_05507,Female,54,Bengaluru,Maharashtra,2025-11-12,Premium
CUST05508,Customer_05508,Male,67,Pune,Karnataka,2023-10-11,Consumer
CUST05509,Customer_05509,Male,20,Kolkata,West Bengal,2023-04-23,Consumer
CUST05510,Customer_05510,Male,53,Mumbai,Gujarat,2024-01-08,Consumer
CUST05511,Customer_05511,Male,21,Kolkata,Telangana,2023-07-16,Corporate
CUST05512,Customer_05512,Female,28,Hyderabad,Tamil Nadu,2025-06-11,Consumer
CUST05513,Customer_05513,Female,58,Bengaluru,Maharashtra,2025-04-01,Consumer
CUST05514,Customer_05514,Female,50,Ahmedabad,Maharashtra,2023-01-10,Premium
CUST05515,Customer_05515,Male,45,Delhi,Karnataka,2024-02-02,Premium
CUST05516,Customer_05516,Female,49,Chennai,Karnataka,2023-06-01,Corporate
CUST05517,Customer_05517,Female,33,Delhi,Karnataka,2023-07-10,Consumer
CUST05518,Customer_05518,Female,26,Hyderabad,Gujarat,2023-10-04,Consumer
CUST05519,Customer_05519,Male,28,Mumbai,Maharashtra,2024-05-07,Corporate
CUST05520,Customer_05520,Female,23,Mumbai,Karnataka,2024-05-02,Corporate
CUST05521,Customer_05521,Female,66,Mumbai,West Bengal,2023-10-03,Corporate
CUST05522,Customer_05522,Female,44,Pune,Delhi,2023-07-09,Consumer
CUST05523,Customer_05523,Female,29,Delhi,Gujarat,2025-05-13,Consumer
CUST05524,Customer_05524,Male,39,Ahmedabad,Gujarat,2023-10-23,Corporate
CUST05525,Customer_05525,Female,57,Chennai,Delhi,2023-12-07,Corporate
CUST05526,Customer_05526,Male,65,Kolkata,Delhi,2024-08-15,Consumer
CUST05527,Customer_05527,Female,54,Kolkata,Gujarat,2025-06-01,Consumer
CUST05528,Customer_05528,Male,38,Chennai,Maharashtra,2025-08-07,Consumer
CUST05529,Customer_05529,Male,50,Kolkata,Karnataka,2023-09-15,Corporate
CUST05530,Customer_05530,Male,34,Pune,West Bengal,2025-09-03,Consumer
CUST05531,Customer_05531,Female,46,Bengaluru,Telangana,2023-01-14,Premium
CUST05532,Customer_05532,Male,57,Pune,Karnataka,2025-11-03,Consumer
CUST05533,Customer_05533,Female,27,Chennai,Maharashtra,2024-07-09,Consumer
CUST05534,Customer_05534,Female,35,Chennai,Delhi,2025-10-04,Consumer
CUST05535,Customer_05535,Male,64,Ahmedabad,Maharashtra,2023-07-29,Premium
CUST05536,Customer_05536,Male,69,Ahmedabad,Karnataka,2025-11-29,Consumer
CUST05537,Customer_05537,Male,30,Bengaluru,West Bengal,2025-11-23,Consumer
CUST05538,Customer_05538,Female,44,Delhi,Maharashtra,2025-01-16,Consumer
CUST05539,Customer_05539,Female,27,Delhi,Telangana,2025-05-04,Consumer
CUST05540,Customer_05540,Male,49,Hyderabad,Maharashtra,2025-04-27,Consumer
CUST05541,Customer_05541,Male,58,Ahmedabad,Tamil Nadu,2025-08-08,Consumer
CUST05542,Customer_05542,Female,62,Delhi,Maharashtra,2024-10-01,Consumer
CUST05543,Customer_05543,Female,20,Mumbai,Karnataka,2024-02-12,Consumer
CUST05544,Customer_05544,Female,39,Ahmedabad,Tamil Nadu,2025-03-26,Consumer
CUST05545,Customer_05545,Female,44,Ahmedabad,Delhi,2023-06-25,Corporate
CUST05546,Customer_05546,Male,20,Mumbai,Karnataka,2025-10-11,Consumer
CUST05547,Customer_05547,Male,50,Ahmedabad,Gujarat,2025-04-27,Consumer
CUST05548,Customer_05548,Male,19,Ahmedabad,Telangana,2023-11-14,Corporate
CUST05549,Customer_05549,Male,28,Hyderabad,Maharashtra,2024-02-14,Consumer
CUST05550,Customer_05550,Male,63,Chennai,Maharashtra,2023-09-04,Consumer
CUST05551,Customer_05551,Male,27,Ahmedabad,Karnataka,2023-06-26,Consumer
CUST05552,Customer_05552,Male,56,Hyderabad,Maharashtra,2025-03-21,Corporate
CUST05553,Customer_05553,Female,50,Bengaluru,Maharashtra,2023-09-21,Consumer
CUST05554,Customer_05554,Female,24,Hyderabad,Delhi,2023-06-17,Consumer
CUST05555,Customer_05555,Female,32,Hyderabad,Maharashtra,2025-11-14,Corporate
CUST05556,Customer_05556,Female,43,Pune,Maharashtra,2024-12-03,Consumer
CUST05557,Customer_05557,Male,28,Mumbai,Delhi,2024-06-11,Consumer
CUST05558,Customer_05558,Female,55,Bengaluru,Gujarat,2023-01-28,Consumer
CUST05559,Customer_05559,Male,44,Pune,Maharashtra,2024-10-25,Corporate
CUST05560,Customer_05560,Female,56,Bengaluru,Gujarat,2024-08-02,Consumer
CUST05561,Customer_05561,Male,24,Hyderabad,Delhi,2023-02-06,Corporate
CUST05562,Customer_05562,Other,18,Ahmedabad,Telangana,2025-06-06,Corporate
CUST05563,Customer_05563,Male,27,Pune,Maharashtra,2024-06-30,Consumer
CUST05564,Customer_05564,Male,38,Pune,Karnataka,2024-10-07,Consumer
CUST05565,Customer_05565,Female,32,Bengaluru,Tamil Nadu,2025-05-27,Corporate
CUST05566,Customer_05566,Male,47,Bengaluru,Telangana,2024-11-03,Premium
CUST05567,Customer_05567,Female,47,Delhi,Maharashtra,2024-01-07,Consumer
CUST05568,Customer_05568,Female,25,Kolkata,Karnataka,2025-01-05,Corporate
CUST05569,Customer_05569,Female,41,Bengaluru,Tamil Nadu,2023-04-12,Consumer
CUST05570,Customer_05570,Female,36,Pune,Delhi,2024-04-09,Consumer
CUST05571,Customer_05571,Female,20,Chennai,Maharashtra,2024-11-24,Consumer
CUST05572,Customer_05572,Male,32,Bengaluru,West Bengal,2024-04-24,Consumer
CUST05573,Customer_05573,Female,53,Mumbai,Gujarat,2025-06-28,Consumer
CUST05574,Customer_05574,Female,23,Delhi,Gujarat,2023-08-04,Consumer
CUST05575,Customer_05575,Female,59,Mumbai,Delhi,2025-09-25,Consumer
CUST05576,Customer_05576,Male,67,Kolkata,Telangana,2024-11-30,Consumer
CUST05577,Customer_05577,Female,65,Mumbai,Gujarat,2024-08-22,Consumer
CUST05578,Customer_05578,Other,35,Chennai,Tamil Nadu,2025-10-09,Corporate
CUST05579,Customer_05579,Female,55,Ahmedabad,Gujarat,2023-11-30,Consumer
CUST05580,Customer_05580,Male,36,Delhi,West Bengal,2024-10-25,Premium
CUST05581,Customer_05581,Male,66,Kolkata,West Bengal,2025-02-17,Consumer
CUST05582,Customer_05582,Male,67,Hyderabad,Tamil Nadu,2025-09-28,Corporate
CUST05583,Customer_05583,Female,47,Pune,Gujarat,2024-03-25,Consumer
CUST05584,Customer_05584,Female,30,Pune,Delhi,2023-08-04,Consumer
CUST05585,Customer_05585,Male,56,Bengaluru,Delhi,2025-07-29,Consumer
CUST05586,Customer_05586,Male,69,Pune,Gujarat,2024-08-08,Consumer
CUST05587,Customer_05587,Male,29,Chennai,West Bengal,2024-11-02,Corporate
CUST05588,Customer_05588,Male,51,Pune,Telangana,2025-10-13,Consumer
CUST05589,Customer_05589,Female,29,Chennai,Karnataka,2024-05-19,Consumer
CUST05590,Customer_05590,Female,61,Hyderabad,West Bengal,2024-03-13,Consumer
CUST05591,Customer_05591,Male,41,Ahmedabad,Gujarat,2024-04-14,Consumer
CUST05592,Customer_05592,Female,21,Chennai,West Bengal,2023-01-06,Consumer
CUST05593,Customer_05593,Male,53,Hyderabad,West Bengal,2023-08-07,Corporate
CUST05594,Customer_05594,Female,67,Hyderabad,Maharashtra,2024-07-29,Corporate
CUST05595,Customer_05595,Male,65,Hyderabad,Karnataka,2024-05-27,Corporate
CUST05596,Customer_05596,Male,31,Chennai,West Bengal,2025-05-18,Premium
CUST05597,Customer_05597,Male,34,Kolkata,Gujarat,2025-09-01,Consumer
CUST05598,Customer_05598,Female,66,Hyderabad,West Bengal,2025-02-07,Consumer
CUST05599,Customer_05599,Female,20,Ahmedabad,Tamil Nadu,2025-09-03,Corporate
CUST05600,Customer_05600,Female,55,Kolkata,Maharashtra,2024-11-16,Consumer
CUST05601,Customer_05601,Male,40,Chennai,Telangana,2024-09-12,Corporate
CUST05602,Customer_05602,Male,30,Ahmedabad,Karnataka,2024-07-08,Consumer
CUST05603,Customer_05603,Male,26,Delhi,Karnataka,2024-07-03,Consumer
CUST05604,Customer_05604,Female,38,Ahmedabad,Maharashtra,2023-12-29,Consumer
CUST05605,Customer_05605,Male,58,Hyderabad,Telangana,2024-08-16,Consumer
CUST05606,Customer_05606,Female,25,Chennai,West Bengal,2024-09-14,Consumer
CUST05607,Customer_05607,Female,34,Chennai,Gujarat,2024-03-09,Consumer
CUST05608,Customer_05608,Female,33,Kolkata,Telangana,2023-11-14,Consumer
CUST05609,Customer_05609,Male,33,Chennai,Gujarat,2024-06-18,Consumer
CUST05610,Customer_05610,Male,45,Bengaluru,Karnataka,2025-12-18,Consumer
CUST05611,Customer_05611,Male,68,Kolkata,West Bengal,2025-02-16,Consumer
CUST05612,Customer_05612,Female,33,Kolkata,Gujarat,2023-05-20,Corporate
CUST05613,Customer_05613,Female,63,Bengaluru,Karnataka,2025-06-11,Corporate
CUST05614,Customer_05614,Male,69,Hyderabad,Delhi,2024-09-19,Corporate
CUST05615,Customer_05615,Male,63,Pune,Maharashtra,2023-06-07,Consumer
CUST05616,Customer_05616,Female,31,Delhi,West Bengal,2025-08-31,Consumer
CUST05617,Customer_05617,Female,63,Pune,Telangana,2023-07-15,Premium
CUST05618,Customer_05618,Male,61,Hyderabad,Tamil Nadu,2024-12-24,Consumer
CUST05619,Customer_05619,Female,55,Mumbai,Maharashtra,2024-07-06,Consumer
CUST05620,Customer_05620,Male,37,Mumbai,Gujarat,2025-05-11,Consumer
CUST05621,Customer_05621,Male,62,Ahmedabad,Delhi,2025-06-02,Corporate
CUST05622,Customer_05622,Female,65,Delhi,Maharashtra,2024-04-02,Consumer
CUST05623,Customer_05623,Female,58,Kolkata,Karnataka,2025-03-30,Consumer
CUST05624,Customer_05624,Female,51,Delhi,Maharashtra,2025-12-04,Corporate
CUST05625,Customer_05625,Male,46,Delhi,West Bengal,2023-02-07,Consumer
CUST05626,Customer_05626,Female,20,Bengaluru,Gujarat,2024-11-06,Corporate
CUST05627,Customer_05627,Male,27,Bengaluru,Maharashtra,2023-12-07,Consumer
CUST05628,Customer_05628,Male,37,Mumbai,West Bengal,2023-10-29,Corporate
CUST05629,Customer_05629,Female,19,Delhi,Maharashtra,2024-09-26,Corporate
CUST05630,Customer_05630,Male,44,Ahmedabad,Gujarat,2025-06-16,Consumer
CUST05631,Customer_05631,Female,49,Chennai,Tamil Nadu,2024-09-07,Consumer
CUST05632,Customer_05632,Female,27,Pune,Delhi,2023-05-12,Consumer
CUST05633,Customer_05633,Male,57,Mumbai,Maharashtra,2025-08-02,Corporate
CUST05634,Customer_05634,Male,34,Delhi,Maharashtra,2025-06-03,Consumer
CUST05635,Customer_05635,Male,50,Chennai,Tamil Nadu,2024-04-15,Corporate
CUST05636,Customer_05636,Male,23,Delhi,Telangana,2023-12-15,Corporate
CUST05637,Customer_05637,Female,56,Kolkata,Maharashtra,2023-02-12,Consumer
CUST05638,Customer_05638,Female,64,Hyderabad,West Bengal,2025-02-14,Corporate
CUST05639,Customer_05639,Male,35,Chennai,Gujarat,2024-04-26,Consumer
CUST05640,Customer_05640,Male,26,Kolkata,West Bengal,2023-03-19,Premium
CUST05641,Customer_05641,Female,25,Pune,Gujarat,2025-11-25,Consumer
CUST05642,Customer_05642,Female,42,Hyderabad,Maharashtra,2025-03-26,Consumer
CUST05643,Customer_05643,Male,48,Kolkata,Telangana,2025-07-16,Premium
CUST05644,Customer_05644,Male,59,Bengaluru,Gujarat,2024-10-08,Premium
CUST05645,Customer_05645,Female,21,Mumbai,West Bengal,2024-10-13,Corporate
CUST05646,Customer_05646,Male,37,Delhi,West Bengal,2025-12-14,Consumer
CUST05647,Customer_05647,Male,45,Mumbai,Maharashtra,2025-02-02,Corporate
CUST05648,Customer_05648,Female,57,Pune,Maharashtra,2023-10-06,Consumer
CUST05649,Customer_05649,Female,18,Delhi,Maharashtra,2024-04-03,Consumer
CUST05650,Customer_05650,Female,57,Hyderabad,Delhi,2024-11-22,Corporate
CUST05651,Customer_05651,Female,61,Chennai,Gujarat,2024-06-08,Corporate
CUST05652,Customer_05652,Female,40,Chennai,Karnataka,2024-05-06,Consumer
CUST05653,Customer_05653,Male,64,Delhi,Delhi,2023-03-15,Corporate
CUST05654,Customer_05654,Male,30,Hyderabad,Telangana,2025-03-29,Consumer
CUST05655,Customer_05655,Male,33,Delhi,Delhi,2023-06-04,Consumer
CUST05656,Customer_05656,Male,43,Delhi,West Bengal,2024-06-02,Consumer
CUST05657,Customer_05657,Female,48,Ahmedabad,Delhi,2024-01-10,Consumer
CUST05658,Customer_05658,Female,67,Kolkata,Tamil Nadu,2023-12-09,Premium
CUST05659,Customer_05659,Female,18,Delhi,Telangana,2024-10-26,Corporate
CUST05660,Customer_05660,Female,34,Chennai,Telangana,2023-02-13,Corporate
CUST05661,Customer_05661,Male,33,Ahmedabad,Telangana,2024-07-01,Premium
CUST05662,Customer_05662,Male,54,Pune,Delhi,2023-06-14,Consumer
CUST05663,Customer_05663,Female,69,Delhi,Telangana,2025-01-15,Premium
CUST05664,Customer_05664,Female,27,Chennai,Gujarat,2024-03-11,Consumer
CUST05665,Customer_05665,Female,55,Bengaluru,Tamil Nadu,2024-03-22,Consumer
CUST05666,Customer_05666,Female,61,Hyderabad,Maharashtra,2025-10-27,Consumer
CUST05667,Customer_05667,Female,48,Bengaluru,Delhi,2024-03-19,Consumer
CUST05668,Customer_05668,Female,27,Delhi,Maharashtra,2024-04-23,Corporate
CUST05669,Customer_05669,Male,66,Chennai,Maharashtra,2023-02-06,Consumer
CUST05670,Customer_05670,Female,51,Hyderabad,Delhi,2023-04-08,Consumer
CUST05671,Customer_05671,Female,68,Mumbai,Gujarat,2025-03-24,Consumer
CUST05672,Customer_05672,Male,69,Hyderabad,Delhi,2025-11-10,Corporate
CUST05673,Customer_05673,Female,23,Hyderabad,Telangana,2024-04-12,Consumer
CUST05674,Customer_05674,Male,45,Ahmedabad,Tamil Nadu,2023-12-20,Consumer
CUST05675,Customer_05675,Female,45,Delhi,Delhi,2023-03-13,Consumer
CUST05676,Customer_05676,Male,30,Kolkata,Maharashtra,2025-12-11,Consumer
CUST05677,Customer_05677,Female,58,Bengaluru,Delhi,2025-10-20,Corporate
CUST05678,Customer_05678,Male,29,Bengaluru,Tamil Nadu,2025-09-16,Consumer
CUST05679,Customer_05679,Female,67,Ahmedabad,Karnataka,2024-04-04,Corporate
CUST05680,Customer_05680,Male,57,Mumbai,Gujarat,2024-05-15,Consumer
CUST05681,Customer_05681,Male,67,Delhi,Maharashtra,2024-12-17,Consumer
CUST05682,Customer_05682,Female,19,Hyderabad,Karnataka,2024-01-02,Premium
CUST05683,Customer_05683,Female,25,Kolkata,Karnataka,2025-11-25,Corporate
CUST05684,Customer_05684,Male,59,Pune,West Bengal,2024-08-29,Consumer
CUST05685,Customer_05685,Male,26,Bengaluru,Tamil Nadu,2024-06-11,Premium
CUST05686,Customer_05686,Female,67,Bengaluru,Gujarat,2025-09-25,Corporate
CUST05687,Customer_05687,Female,25,Chennai,Delhi,2025-01-18,Consumer
CUST05688,Customer_05688,Female,68,Hyderabad,Karnataka,2024-08-24,Consumer
CUST05689,Customer_05689,Male,20,Delhi,West Bengal,2024-09-11,Consumer
CUST05690,Customer_05690,Female,26,Bengaluru,Telangana,2023-09-12,Corporate
CUST05691,Customer_05691,Male,30,Ahmedabad,Delhi,2025-07-18,Consumer
CUST05692,Customer_05692,Male,26,Kolkata,Gujarat,2024-11-07,Consumer
CUST05693,Customer_05693,Female,48,Ahmedabad,Maharashtra,2025-04-15,Consumer
CUST05694,Customer_05694,Female,42,Ahmedabad,Delhi,2024-10-30,Consumer
CUST05695,Customer_05695,Female,69,Ahmedabad,Tamil Nadu,2025-11-20,Consumer
CUST05696,Customer_05696,Male,61,Delhi,West Bengal,2024-08-23,Premium
CUST05697,Customer_05697,Male,62,Hyderabad,Tamil Nadu,2024-04-30,Corporate
CUST05698,Customer_05698,Male,25,Ahmedabad,Maharashtra,2023-09-16,Premium
CUST05699,Customer_05699,Other,64,Hyderabad,Maharashtra,2023-09-10,Corporate
CUST05700,Customer_05700,Male,48,Bengaluru,Maharashtra,2024-05-08,Consumer
CUST05701,Customer_05701,Male,62,Mumbai,West Bengal,2025-02-28,Corporate
CUST05702,Customer_05702,Male,62,Delhi,West Bengal,2023-12-02,Consumer
CUST05703,Customer_05703,Female,48,Ahmedabad,Tamil Nadu,2023-02-22,Corporate
CUST05704,Customer_05704,Male,34,Ahmedabad,Gujarat,2024-11-17,Corporate
CUST05705,Customer_05705,Female,64,Delhi,West Bengal,2025-12-01,Corporate
CUST05706,Customer_05706,Male,36,Chennai,Gujarat,2023-07-29,Consumer
CUST05707,Customer_05707,Female,20,Kolkata,West Bengal,2025-12-01,Corporate
CUST05708,Customer_05708,Male,63,Hyderabad,Delhi,2025-10-09,Consumer
CUST05709,Customer_05709,Female,47,Hyderabad,Karnataka,2024-11-12,Consumer
CUST05710,Customer_05710,Female,27,Bengaluru,Karnataka,2025-06-12,Corporate
CUST05711,Customer_05711,Male,66,Bengaluru,Telangana,2023-12-03,Corporate
CUST05712,Customer_05712,Female,46,Bengaluru,Tamil Nadu,2024-12-16,Consumer
CUST05713,Customer_05713,Male,57,Chennai,Maharashtra,2025-04-28,Consumer
CUST05714,Customer_05714,Female,35,Kolkata,Gujarat,2024-11-05,Consumer
CUST05715,Customer_05715,Female,29,Ahmedabad,West Bengal,2023-04-15,Consumer
CUST05716,Customer_05716,Male,66,Mumbai,Delhi,2024-12-03,Corporate
CUST05717,Customer_05717,Male,40,Bengaluru,Gujarat,2023-01-06,Consumer
CUST05718,Customer_05718,Male,28,Bengaluru,Tamil Nadu,2025-03-10,Consumer
CUST05719,Customer_05719,Male,26,Pune,Telangana,2025-12-02,Consumer
CUST05720,Customer_05720,Male,41,Kolkata,Gujarat,2024-10-14,Corporate
CUST05721,Customer_05721,Male,42,Bengaluru,Karnataka,2024-07-04,Consumer
CUST05722,Customer_05722,Male,42,Chennai,Delhi,2025-07-30,Consumer
CUST05723,Customer_05723,Female,64,Delhi,Karnataka,2024-11-04,Consumer
CUST05724,Customer_05724,Male,26,Mumbai,Delhi,2025-07-16,Consumer
CUST05725,Customer_05725,Male,29,Delhi,Maharashtra,2023-11-20,Consumer
CUST05726,Customer_05726,Female,28,Ahmedabad,Delhi,2024-09-07,Consumer
CUST05727,Customer_05727,Male,66,Pune,West Bengal,2025-01-26,Consumer
CUST05728,Customer_05728,Male,55,Hyderabad,Maharashtra,2025-12-24,Corporate
CUST05729,Customer_05729,Male,45,Hyderabad,Tamil Nadu,2023-07-20,Consumer
CUST05730,Customer_05730,Female,25,Bengaluru,Karnataka,2023-08-30,Consumer
CUST05731,Customer_05731,Female,27,Pune,Delhi,2025-10-27,Consumer
CUST05732,Customer_05732,Male,42,Delhi,Delhi,2023-01-03,Corporate
CUST05733,Customer_05733,Female,64,Chennai,Telangana,2025-05-03,Consumer
CUST05734,Customer_05734,Female,53,Mumbai,Karnataka,2025-08-25,Premium
CUST05735,Customer_05735,Female,67,Kolkata,Tamil Nadu,2025-08-22,Consumer
CUST05736,Customer_05736,Female,60,Delhi,Maharashtra,2023-11-01,Corporate
CUST05737,Customer_05737,Female,26,Pune,Tamil Nadu,2023-11-10,Corporate
CUST05738,Customer_05738,Male,58,Ahmedabad,Telangana,2024-04-22,Consumer
CUST05739,Customer_05739,Male,25,Pune,Tamil Nadu,2025-03-06,Premium
CUST05740,Customer_05740,Male,20,Kolkata,Maharashtra,2025-06-01,Consumer
CUST05741,Customer_05741,Female,35,Delhi,Karnataka,2024-05-12,Consumer
CUST05742,Customer_05742,Female,63,Ahmedabad,Gujarat,2023-03-12,Consumer
CUST05743,Customer_05743,Female,52,Mumbai,Telangana,2025-11-02,Corporate
CUST05744,Customer_05744,Other,34,Delhi,West Bengal,2024-02-10,Consumer
CUST05745,Customer_05745,Male,53,Delhi,Delhi,2025-11-11,Consumer
CUST05746,Customer_05746,Female,45,Mumbai,Delhi,2025-06-13,Consumer
CUST05747,Customer_05747,Female,67,Chennai,Karnataka,2023-01-31,Consumer
CUST05748,Customer_05748,Female,32,Kolkata,Gujarat,2025-12-21,Consumer
CUST05749,Customer_05749,Other,36,Pune,Tamil Nadu,2023-06-11,Consumer
CUST05750,Customer_05750,Female,39,Mumbai,West Bengal,2024-07-17,Consumer
CUST05751,Customer_05751,Male,23,Bengaluru,West Bengal,2023-06-07,Consumer
CUST05752,Customer_05752,Female,64,Bengaluru,Delhi,2023-01-13,Corporate
CUST05753,Customer_05753,Male,24,Bengaluru,Telangana,2025-01-03,Premium
CUST05754,Customer_05754,Female,61,Bengaluru,Gujarat,2025-01-22,Consumer
CUST05755,Customer_05755,Female,65,Ahmedabad,Maharashtra,2023-11-05,Corporate
CUST05756,Customer_05756,Male,26,Kolkata,West Bengal,2023-05-28,Consumer
CUST05757,Customer_05757,Female,37,Hyderabad,Tamil Nadu,2025-10-17,Consumer
CUST05758,Customer_05758,Male,54,Chennai,Gujarat,2025-12-14,Consumer
CUST05759,Customer_05759,Male,28,Hyderabad,West Bengal,2025-07-15,Corporate
CUST05760,Customer_05760,Male,19,Delhi,Maharashtra,2024-07-24,Consumer
CUST05761,Customer_05761,Female,39,Delhi,Gujarat,2024-10-29,Consumer
CUST05762,Customer_05762,Female,65,Mumbai,Gujarat,2024-11-22,Corporate
CUST05763,Customer_05763,Female,53,Bengaluru,Tamil Nadu,2024-05-24,Premium
CUST05764,Customer_05764,Male,22,Ahmedabad,Telangana,2024-08-08,Consumer
CUST05765,Customer_05765,Female,24,Ahmedabad,Maharashtra,2025-07-25,Corporate
CUST05766,Customer_05766,Female,23,Mumbai,Telangana,2023-02-14,Consumer
CUST05767,Customer_05767,Male,39,Delhi,Maharashtra,2023-03-27,Consumer
CUST05768,Customer_05768,Male,27,Bengaluru,West Bengal,2023-09-21,Consumer
CUST05769,Customer_05769,Male,63,Kolkata,West Bengal,2025-10-04,Consumer
CUST05770,Customer_05770,Female,57,Pune,Tamil Nadu,2023-08-04,Consumer
CUST05771,Customer_05771,Female,63,Chennai,Telangana,2023-08-19,Consumer
CUST05772,Customer_05772,Female,63,Delhi,West Bengal,2024-10-15,Consumer
CUST05773,Customer_05773,Male,37,Pune,Tamil Nadu,2024-12-02,Consumer
CUST05774,Customer_05774,Female,45,Mumbai,Gujarat,2024-12-07,Consumer
CUST05775,Customer_05775,Male,40,Pune,Gujarat,2024-05-27,Consumer
CUST05776,Customer_05776,Male,52,Mumbai,Tamil Nadu,2023-11-01,Corporate
CUST05777,Customer_05777,Female,18,Delhi,Maharashtra,2023-12-17,Consumer
CUST05778,Customer_05778,Male,46,Hyderabad,West Bengal,2025-03-13,Corporate
CUST05779,Customer_05779,Female,26,Ahmedabad,Gujarat,2024-03-26,Consumer
CUST05780,Customer_05780,Male,26,Kolkata,Maharashtra,2025-07-21,Consumer
CUST05781,Customer_05781,Female,39,Kolkata,Telangana,2025-11-27,Consumer
CUST05782,Customer_05782,Male,19,Ahmedabad,Delhi,2025-06-20,Corporate
CUST05783,Customer_05783,Female,33,Chennai,Gujarat,2025-01-31,Consumer
CUST05784,Customer_05784,Male,57,Kolkata,Gujarat,2025-01-02,Corporate
CUST05785,Customer_05785,Male,23,Pune,Karnataka,2023-03-04,Corporate
CUST05786,Customer_05786,Female,30,Kolkata,Maharashtra,2024-05-19,Premium
CUST05787,Customer_05787,Male,50,Pune,Tamil Nadu,2025-08-02,Premium
CUST05788,Customer_05788,Female,36,Delhi,Karnataka,2023-09-22,Corporate
CUST05789,Customer_05789,Other,32,Kolkata,Telangana,2024-06-18,Consumer
CUST05790,Customer_05790,Male,50,Delhi,Karnataka,2025-08-03,Consumer
CUST05791,Customer_05791,Male,27,Kolkata,Karnataka,2024-05-09,Consumer
CUST05792,Customer_05792,Female,18,Ahmedabad,Delhi,2025-06-21,Corporate
CUST05793,Customer_05793,Female,29,Mumbai,Delhi,2025-02-02,Consumer
CUST05794,Customer_05794,Female,60,Bengaluru,Karnataka,2025-05-04,Consumer
CUST05795,Customer_05795,Female,46,Bengaluru,Delhi,2023-11-27,Corporate
CUST05796,Customer_05796,Female,34,Bengaluru,West Bengal,2025-06-22,Consumer
CUST05797,Customer_05797,Male,21,Mumbai,Delhi,2023-10-19,Consumer
CUST05798,Customer_05798,Female,46,Bengaluru,Karnataka,2024-03-01,Consumer
CUST05799,Customer_05799,Female,24,Ahmedabad,Maharashtra,2023-10-22,Corporate
CUST05800,Customer_05800,Male,61,Delhi,Delhi,2025-04-12,Consumer
CUST05801,Customer_05801,Male,30,Hyderabad,Karnataka,2024-05-14,Premium
CUST05802,Customer_05802,Male,22,Hyderabad,Maharashtra,2025-04-24,Premium
CUST05803,Customer_05803,Male,23,Kolkata,Gujarat,2024-10-14,Consumer
CUST05804,Customer_05804,Female,51,Hyderabad,Delhi,2025-11-26,Consumer
CUST05805,Customer_05805,Male,24,Bengaluru,Karnataka,2024-09-25,Consumer
CUST05806,Customer_05806,Male,63,Hyderabad,Delhi,2025-01-19,Corporate
CUST05807,Customer_05807,Male,45,Pune,Maharashtra,2024-01-31,Consumer
CUST05808,Customer_05808,Other,63,Bengaluru,West Bengal,2025-11-11,Consumer
CUST05809,Customer_05809,Female,27,Pune,Karnataka,2024-05-09,Consumer
CUST05810,Customer_05810,Male,21,Delhi,Maharashtra,2025-07-14,Consumer
CUST05811,Customer_05811,Male,20,Pune,Gujarat,2025-08-07,Consumer
CUST05812,Customer_05812,Other,42,Delhi,Tamil Nadu,2025-11-04,Consumer
CUST05813,Customer_05813,Female,40,Mumbai,Telangana,2025-11-19,Consumer
CUST05814,Customer_05814,Male,44,Mumbai,West Bengal,2025-11-18,Consumer
CUST05815,Customer_05815,Male,31,Kolkata,Tamil Nadu,2023-06-09,Premium
CUST05816,Customer_05816,Male,55,Pune,Delhi,2024-10-31,Corporate
CUST05817,Customer_05817,Male,49,Chennai,Maharashtra,2024-09-11,Corporate
CUST05818,Customer_05818,Female,40,Delhi,Karnataka,2024-09-18,Consumer
CUST05819,Customer_05819,Female,64,Ahmedabad,West Bengal,2023-09-29,Consumer
CUST05820,Customer_05820,Female,57,Bengaluru,Maharashtra,2024-02-24,Consumer
CUST05821,Customer_05821,Female,54,Chennai,Delhi,2025-04-29,Corporate
CUST05822,Customer_05822,Male,20,Delhi,Karnataka,2024-05-03,Consumer
CUST05823,Customer_05823,Female,52,Bengaluru,West Bengal,2023-06-25,Corporate
CUST05824,Customer_05824,Female,30,Delhi,Tamil Nadu,2025-03-06,Premium
CUST05825,Customer_05825,Male,51,Delhi,Maharashtra,2025-01-31,Consumer
CUST05826,Customer_05826,Male,41,Ahmedabad,Telangana,2024-04-11,Consumer
CUST05827,Customer_05827,Female,18,Bengaluru,West Bengal,2024-03-15,Consumer
CUST05828,Customer_05828,Male,29,Delhi,Gujarat,2025-12-15,Corporate
CUST05829,Customer_05829,Male,25,Ahmedabad,Gujarat,2023-09-30,Consumer
CUST05830,Customer_05830,Female,36,Delhi,Delhi,2024-12-02,Consumer
CUST05831,Customer_05831,Other,26,Delhi,Delhi,2025-11-10,Corporate
CUST05832,Customer_05832,Male,45,Kolkata,Maharashtra,2023-06-14,Consumer
CUST05833,Customer_05833,Female,31,Mumbai,Tamil Nadu,2025-06-01,Consumer
CUST05834,Customer_05834,Male,44,Hyderabad,Tamil Nadu,2025-09-18,Consumer
CUST05835,Customer_05835,Female,35,Delhi,Telangana,2025-08-13,Premium
CUST05836,Customer_05836,Female,59,Kolkata,Telangana,2025-06-03,Consumer
CUST05837,Customer_05837,Female,58,Ahmedabad,Maharashtra,2023-07-07,Consumer
CUST05838,Customer_05838,Male,23,Bengaluru,Karnataka,2023-07-27,Consumer
CUST05839,Customer_05839,Female,50,Pune,Tamil Nadu,2023-03-15,Corporate
CUST05840,Customer_05840,Female,54,Delhi,West Bengal,2024-11-04,Consumer
CUST05841,Customer_05841,Male,59,Kolkata,West Bengal,2024-11-03,Consumer
CUST05842,Customer_05842,Male,42,Mumbai,West Bengal,2024-05-04,Premium
CUST05843,Customer_05843,Male,30,Kolkata,Karnataka,2024-07-25,Consumer
CUST05844,Customer_05844,Male,40,Mumbai,Karnataka,2025-11-15,Corporate
CUST05845,Customer_05845,Female,53,Pune,Maharashtra,2025-05-23,Consumer
CUST05846,Customer_05846,Male,50,Delhi,Telangana,2024-05-29,Consumer
CUST05847,Customer_05847,Male,38,Chennai,Karnataka,2023-10-07,Consumer
CUST05848,Customer_05848,Female,51,Pune,Maharashtra,2025-03-28,Premium
CUST05849,Customer_05849,Male,53,Hyderabad,Telangana,2025-07-27,Consumer
CUST05850,Customer_05850,Female,34,Bengaluru,Karnataka,2025-01-29,Consumer
CUST05851,Customer_05851,Male,27,Kolkata,Karnataka,2024-07-09,Corporate
CUST05852,Customer_05852,Female,40,Bengaluru,West Bengal,2025-11-22,Premium
CUST05853,Customer_05853,Female,61,Bengaluru,Telangana,2023-10-18,Consumer
CUST05854,Customer_05854,Female,19,Ahmedabad,Gujarat,2025-02-23,Consumer
CUST05855,Customer_05855,Male,52,Ahmedabad,Telangana,2025-04-05,Consumer
CUST05856,Customer_05856,Female,31,Bengaluru,Delhi,2025-12-02,Corporate
CUST05857,Customer_05857,Male,64,Mumbai,West Bengal,2025-08-28,Consumer
CUST05858,Customer_05858,Male,62,Kolkata,Delhi,2025-01-11,Corporate
CUST05859,Customer_05859,Male,58,Ahmedabad,Maharashtra,2023-03-24,Consumer
CUST05860,Customer_05860,Female,19,Hyderabad,Maharashtra,2024-10-03,Consumer
CUST05861,Customer_05861,Male,36,Delhi,Tamil Nadu,2023-03-24,Corporate
CUST05862,Customer_05862,Female,33,Delhi,Delhi,2024-10-09,Consumer
CUST05863,Customer_05863,Male,60,Chennai,Telangana,2024-09-10,Consumer
CUST05864,Customer_05864,Male,61,Delhi,Delhi,2023-05-31,Corporate
CUST05865,Customer_05865,Female,42,Ahmedabad,Gujarat,2025-08-01,Consumer
CUST05866,Customer_05866,Male,18,Hyderabad,West Bengal,2025-05-09,Corporate
CUST05867,Customer_05867,Female,19,Delhi,Maharashtra,2023-11-15,Corporate
CUST05868,Customer_05868,Male,65,Mumbai,Gujarat,2025-11-26,Consumer
CUST05869,Customer_05869,Female,44,Pune,Maharashtra,2023-04-25,Consumer
CUST05870,Customer_05870,Female,19,Delhi,Gujarat,2024-12-05,Corporate
CUST05871,Customer_05871,Male,47,Bengaluru,Maharashtra,2024-12-26,Consumer
CUST05872,Customer_05872,Male,68,Bengaluru,Telangana,2025-06-05,Consumer
CUST05873,Customer_05873,Female,27,Pune,Gujarat,2025-02-16,Corporate
CUST05874,Customer_05874,Female,36,Bengaluru,West Bengal,2025-03-20,Consumer
CUST05875,Customer_05875,Male,59,Bengaluru,Karnataka,2023-06-03,Corporate
CUST05876,Customer_05876,Male,33,Mumbai,Maharashtra,2023-09-10,Consumer
CUST05877,Customer_05877,Female,30,Mumbai,Delhi,2024-05-16,Consumer
CUST05878,Customer_05878,Female,65,Mumbai,Karnataka,2024-03-23,Corporate
CUST05879,Customer_05879,Male,67,Ahmedabad,Delhi,2025-07-18,Consumer
CUST05880,Customer_05880,Male,25,Delhi,Maharashtra,2025-04-04,Corporate
CUST05881,Customer_05881,Male,67,Pune,Telangana,2025-05-03,Consumer
CUST05882,Customer_05882,Female,48,Bengaluru,West Bengal,2024-05-21,Premium
CUST05883,Customer_05883,Male,62,Chennai,West Bengal,2023-05-12,Corporate
CUST05884,Customer_05884,Other,42,Pune,Karnataka,2023-12-17,Consumer
CUST05885,Customer_05885,Male,56,Chennai,Karnataka,2025-03-28,Corporate
CUST05886,Customer_05886,Male,38,Bengaluru,Maharashtra,2023-05-06,Consumer
CUST05887,Customer_05887,Female,67,Hyderabad,West Bengal,2025-04-14,Corporate
CUST05888,Customer_05888,Female,55,Pune,West Bengal,2025-06-14,Consumer
CUST05889,Customer_05889,Female,58,Ahmedabad,Gujarat,2025-08-12,Premium
CUST05890,Customer_05890,Male,46,Delhi,Maharashtra,2024-04-06,Consumer
CUST05891,Customer_05891,Female,23,Chennai,Maharashtra,2024-09-16,Corporate
CUST05892,Customer_05892,Female,35,Pune,West Bengal,2023-04-15,Consumer
CUST05893,Customer_05893,Female,66,Pune,Tamil Nadu,2023-03-04,Consumer
CUST05894,Customer_05894,Male,61,Mumbai,Telangana,2025-08-20,Consumer
CUST05895,Customer_05895,Male,52,Hyderabad,Gujarat,2025-01-20,Consumer
CUST05896,Customer_05896,Male,44,Mumbai,Telangana,2023-01-26,Consumer
CUST05897,Customer_05897,Female,22,Hyderabad,West Bengal,2023-01-01,Consumer
CUST05898,Customer_05898,Male,24,Hyderabad,Maharashtra,2023-04-04,Premium
CUST05899,Customer_05899,Female,27,Delhi,Tamil Nadu,2025-06-01,Consumer
CUST05900,Customer_05900,Female,27,Pune,West Bengal,2024-03-27,Consumer
CUST05901,Customer_05901,Female,68,Mumbai,Maharashtra,2025-11-01,Premium
CUST05902,Customer_05902,Female,45,Ahmedabad,Maharashtra,2023-10-25,Consumer
CUST05903,Customer_05903,Male,53,Mumbai,Telangana,2023-09-11,Consumer
CUST05904,Customer_05904,Male,27,Chennai,West Bengal,2023-07-28,Corporate
CUST05905,Customer_05905,Male,67,Pune,Tamil Nadu,2025-06-25,Consumer
CUST05906,Customer_05906,Female,52,Bengaluru,Telangana,2023-10-11,Consumer
CUST05907,Customer_05907,Male,52,Bengaluru,Maharashtra,2023-12-16,Consumer
CUST05908,Customer_05908,Female,54,Chennai,Delhi,2023-07-03,Consumer
CUST05909,Customer_05909,Male,65,Hyderabad,Karnataka,2023-07-31,Consumer
CUST05910,Customer_05910,Male,37,Ahmedabad,West Bengal,2023-06-16,Consumer
CUST05911,Customer_05911,Male,30,Chennai,Gujarat,2025-05-24,Corporate
CUST05912,Customer_05912,Female,28,Chennai,Maharashtra,2024-02-11,Corporate
CUST05913,Customer_05913,Female,62,Mumbai,Gujarat,2024-03-13,Consumer
CUST05914,Customer_05914,Male,36,Chennai,Tamil Nadu,2024-02-09,Consumer
CUST05915,Customer_05915,Female,45,Kolkata,West Bengal,2023-10-02,Consumer
CUST05916,Customer_05916,Male,55,Ahmedabad,Delhi,2024-07-15,Consumer
CUST05917,Customer_05917,Other,62,Hyderabad,Gujarat,2023-04-22,Corporate
CUST05918,Customer_05918,Female,21,Bengaluru,West Bengal,2025-03-02,Consumer
CUST05919,Customer_05919,Male,54,Delhi,Gujarat,2023-10-29,Premium
CUST05920,Customer_05920,Female,36,Ahmedabad,Tamil Nadu,2023-05-16,Consumer
CUST05921,Customer_05921,Male,54,Ahmedabad,Maharashtra,2023-11-29,Premium
CUST05922,Customer_05922,Female,31,Pune,Maharashtra,2025-10-23,Corporate
CUST05923,Customer_05923,Male,48,Chennai,Karnataka,2023-03-18,Consumer
CUST05924,Customer_05924,Female,45,Pune,Tamil Nadu,2023-07-04,Consumer
CUST05925,Customer_05925,Male,53,Chennai,Delhi,2024-07-23,Consumer
CUST05926,Customer_05926,Female,61,Kolkata,Karnataka,2025-11-10,Consumer
CUST05927,Customer_05927,Female,55,Pune,West Bengal,2025-08-10,Consumer
CUST05928,Customer_05928,Female,36,Mumbai,Tamil Nadu,2023-10-26,Consumer
CUST05929,Customer_05929,Female,59,Mumbai,Maharashtra,2024-04-16,Corporate
CUST05930,Customer_05930,Female,18,Pune,Karnataka,2024-02-14,Consumer
CUST05931,Customer_05931,Male,40,Chennai,Maharashtra,2024-11-17,Consumer
CUST05932,Customer_05932,Male,45,Kolkata,Telangana,2023-06-14,Premium
CUST05933,Customer_05933,Male,65,Kolkata,Telangana,2024-10-19,Consumer
CUST05934,Customer_05934,Other,21,Chennai,Karnataka,2023-06-13,Corporate
CUST05935,Customer_05935,Male,58,Hyderabad,Karnataka,2023-04-14,Consumer
CUST05936,Customer_05936,Female,35,Bengaluru,Tamil Nadu,2024-08-18,Consumer
CUST05937,Customer_05937,Female,66,Ahmedabad,West Bengal,2023-04-30,Consumer
CUST05938,Customer_05938,Male,64,Ahmedabad,Delhi,2023-09-16,Consumer
CUST05939,Customer_05939,Male,68,Bengaluru,Delhi,2023-12-30,Consumer
CUST05940,Customer_05940,Male,56,Kolkata,Telangana,2024-01-04,Consumer
CUST05941,Customer_05941,Male,42,Delhi,Telangana,2025-08-15,Consumer
CUST05942,Customer_05942,Male,35,Bengaluru,Telangana,2024-01-29,Consumer
CUST05943,Customer_05943,Male,23,Delhi,Maharashtra,2024-06-13,Consumer
CUST05944,Customer_05944,Female,36,Mumbai,Delhi,2023-05-15,Corporate
CUST05945,Customer_05945,Female,29,Ahmedabad,Karnataka,2023-02-14,Consumer
CUST05946,Customer_05946,Male,42,Delhi,Telangana,2024-09-15,Premium
CUST05947,Customer_05947,Male,52,Delhi,Gujarat,2025-07-13,Consumer
CUST05948,Customer_05948,Male,18,Bengaluru,Tamil Nadu,2024-08-17,Corporate
CUST05949,Customer_05949,Female,22,Kolkata,West Bengal,2025-02-04,Consumer
CUST05950,Customer_05950,Female,18,Chennai,Karnataka,2023-10-20,Consumer
CUST05951,Customer_05951,Male,25,Kolkata,West Bengal,2024-06-19,Consumer
CUST05952,Customer_05952,Male,56,Mumbai,Karnataka,2024-09-25,Consumer
CUST05953,Customer_05953,Female,64,Hyderabad,Karnataka,2024-04-10,Consumer
CUST05954,Customer_05954,Female,60,Delhi,Delhi,2023-02-18,Consumer
CUST05955,Customer_05955,Male,35,Delhi,Telangana,2024-10-22,Corporate
CUST05956,Customer_05956,Female,63,Pune,Tamil Nadu,2024-04-03,Consumer
CUST05957,Customer_05957,Male,26,Delhi,West Bengal,2024-11-27,Consumer
CUST05958,Customer_05958,Male,22,Kolkata,Maharashtra,2025-01-31,Premium
CUST05959,Customer_05959,Female,21,Chennai,Tamil Nadu,2024-02-29,Consumer
CUST05960,Customer_05960,Female,61,Hyderabad,Tamil Nadu,2025-01-24,Consumer
CUST05961,Customer_05961,Male,46,Kolkata,Gujarat,2025-05-26,Consumer
CUST05962,Customer_05962,Female,18,Pune,Tamil Nadu,2024-10-22,Consumer
CUST05963,Customer_05963,Male,47,Kolkata,Maharashtra,2023-03-09,Consumer
CUST05964,Customer_05964,Female,62,Bengaluru,Tamil Nadu,2024-05-23,Premium
CUST05965,Customer_05965,Male,18,Mumbai,Gujarat,2025-01-05,Consumer
CUST05966,Customer_05966,Female,20,Chennai,Tamil Nadu,2023-07-29,Consumer
CUST05967,Customer_05967,Female,39,Hyderabad,West Bengal,2024-12-04,Consumer
CUST05968,Customer_05968,Male,25,Mumbai,Telangana,2023-05-04,Consumer
CUST05969,Customer_05969,Female,35,Bengaluru,Gujarat,2025-03-06,Consumer
CUST05970,Customer_05970,Female,42,Mumbai,Telangana,2023-10-19,Consumer
CUST05971,Customer_05971,Female,65,Pune,Telangana,2024-02-25,Consumer
CUST05972,Customer_05972,Male,69,Delhi,Karnataka,2025-03-22,Consumer
CUST05973,Customer_05973,Female,37,Delhi,Gujarat,2023-02-19,Corporate
CUST05974,Customer_05974,Female,48,Chennai,Tamil Nadu,2023-07-02,Consumer
CUST05975,Customer_05975,Male,47,Mumbai,West Bengal,2023-09-04,Consumer
CUST05976,Customer_05976,Female,33,Kolkata,West Bengal,2024-10-11,Consumer
CUST05977,Customer_05977,Male,19,Delhi,West Bengal,2024-07-03,Consumer
CUST05978,Customer_05978,Male,34,Chennai,Delhi,2024-07-14,Corporate
CUST05979,Customer_05979,Female,27,Chennai,Delhi,2023-03-13,Consumer
CUST05980,Customer_05980,Female,24,Pune,Delhi,2025-02-08,Consumer
CUST05981,Customer_05981,Female,59,Chennai,West Bengal,2024-07-09,Consumer
CUST05982,Customer_05982,Male,68,Bengaluru,Maharashtra,2024-05-18,Consumer
CUST05983,Customer_05983,Female,69,Kolkata,West Bengal,2024-09-19,Consumer
CUST05984,Customer_05984,Male,26,Delhi,Telangana,2024-10-22,Consumer
CUST05985,Customer_05985,Male,34,Delhi,Telangana,2024-05-22,Consumer
CUST05986,Customer_05986,Male,26,Hyderabad,West Bengal,2025-12-30,Consumer
CUST05987,Customer_05987,Female,26,Bengaluru,Telangana,2023-06-10,Consumer
CUST05988,Customer_05988,Female,54,Delhi,Gujarat,2023-05-07,Premium
CUST05989,Customer_05989,Female,41,Pune,Maharashtra,2024-05-04,Consumer
CUST05990,Customer_05990,Female,56,Delhi,Tamil Nadu,2023-08-27,Corporate
CUST05991,Customer_05991,Male,28,Hyderabad,Karnataka,2023-06-25,Consumer
CUST05992,Customer_05992,Female,25,Ahmedabad,West Bengal,2023-07-29,Premium
CUST05993,Customer_05993,Male,42,Mumbai,West Bengal,2023-12-25,Corporate
CUST05994,Customer_05994,Female,63,Mumbai,Gujarat,2024-09-25,Consumer
CUST05995,Customer_05995,Male,19,Bengaluru,Telangana,2025-11-22,Premium
CUST05996,Customer_05996,Female,27,Chennai,Tamil Nadu,2024-05-15,Corporate
CUST05997,Customer_05997,Female,41,Hyderabad,Delhi,2023-11-08,Consumer
CUST05998,Customer_05998,Female,65,Ahmedabad,West Bengal,2023-04-21,Premium
CUST05999,Customer_05999,Male,33,Hyderabad,Karnataka,2024-06-03,Consumer
CUST06000,Customer_06000,Male,36,Ahmedabad,Delhi,2025-11-18,Consumer
CUST06001,Customer_06001,Female,48,Ahmedabad,West Bengal,2025-04-29,Corporate
CUST06002,Customer_06002,Male,28,Delhi,Tamil Nadu,2025-07-21,Corporate
CUST06003,Customer_06003,Female,23,Pune,Tamil Nadu,2024-02-12,Consumer
CUST06004,Customer_06004,Female,23,Delhi,Delhi,2024-09-15,Consumer
CUST06005,Customer_06005,Male,49,Pune,Gujarat,2024-12-19,Consumer
CUST06006,Customer_06006,Female,56,Hyderabad,Karnataka,2024-07-05,Consumer
CUST06007,Customer_06007,Female,65,Chennai,Delhi,2025-02-18,Consumer
CUST06008,Customer_06008,Male,30,Mumbai,Delhi,2023-11-16,Consumer
CUST06009,Customer_06009,Female,20,Bengaluru,Gujarat,2025-12-05,Corporate
CUST06010,Customer_06010,Male,58,Kolkata,Delhi,2024-10-28,Consumer
CUST06011,Customer_06011,Female,52,Pune,Karnataka,2024-09-19,Consumer
CUST06012,Customer_06012,Female,55,Mumbai,Maharashtra,2025-11-26,Consumer
CUST06013,Customer_06013,Female,34,Bengaluru,Karnataka,2023-03-17,Premium
CUST06014,Customer_06014,Female,20,Chennai,Gujarat,2024-09-01,Consumer
CUST06015,Customer_06015,Male,51,Hyderabad,Delhi,2024-04-23,Consumer
CUST06016,Customer_06016,Female,29,Chennai,Telangana,2024-08-10,Consumer
CUST06017,Customer_06017,Male,41,Pune,Telangana,2024-08-15,Corporate
CUST06018,Customer_06018,Female,23,Hyderabad,Tamil Nadu,2023-12-30,Consumer
CUST06019,Customer_06019,Female,59,Ahmedabad,Maharashtra,2023-11-05,Premium
CUST06020,Customer_06020,Male,28,Delhi,West Bengal,2025-12-22,Consumer
CUST06021,Customer_06021,Male,65,Ahmedabad,West Bengal,2023-09-24,Consumer
CUST06022,Customer_06022,Female,44,Bengaluru,Gujarat,2023-02-02,Corporate
CUST06023,Customer_06023,Female,65,Delhi,Tamil Nadu,2023-02-09,Consumer
CUST06024,Customer_06024,Male,41,Hyderabad,West Bengal,2024-11-16,Consumer
CUST06025,Customer_06025,Male,35,Kolkata,Tamil Nadu,2023-09-17,Consumer
CUST06026,Customer_06026,Male,44,Bengaluru,Telangana,2025-01-05,Corporate
CUST06027,Customer_06027,Female,58,Bengaluru,Karnataka,2023-09-24,Consumer
CUST06028,Customer_06028,Male,38,Delhi,Tamil Nadu,2024-10-28,Corporate
CUST06029,Customer_06029,Female,68,Bengaluru,Tamil Nadu,2024-09-30,Premium
CUST06030,Customer_06030,Male,51,Hyderabad,West Bengal,2025-10-25,Corporate
CUST06031,Customer_06031,Female,50,Ahmedabad,Maharashtra,2025-10-17,Consumer
CUST06032,Customer_06032,Male,65,Kolkata,West Bengal,2024-03-21,Consumer
CUST06033,Customer_06033,Female,35,Pune,Telangana,2023-10-15,Consumer
CUST06034,Customer_06034,Male,20,Pune,Karnataka,2025-12-17,Consumer
CUST06035,Customer_06035,Female,41,Hyderabad,Maharashtra,2025-12-31,Consumer
CUST06036,Customer_06036,Male,18,Delhi,Karnataka,2025-03-04,Consumer
CUST06037,Customer_06037,Female,23,Chennai,West Bengal,2025-02-13,Corporate
CUST06038,Customer_06038,Female,36,Hyderabad,Karnataka,2023-10-04,Consumer
CUST06039,Customer_06039,Male,39,Pune,Tamil Nadu,2025-08-20,Consumer
CUST06040,Customer_06040,Female,68,Hyderabad,Maharashtra,2025-01-05,Corporate
CUST06041,Customer_06041,Female,60,Bengaluru,Tamil Nadu,2025-01-05,Corporate
CUST06042,Customer_06042,Male,25,Bengaluru,Delhi,2023-04-24,Consumer
CUST06043,Customer_06043,Male,22,Hyderabad,Karnataka,2025-02-10,Premium
CUST06044,Customer_06044,Male,69,Delhi,Maharashtra,2023-06-06,Premium
CUST06045,Customer_06045,Female,26,Chennai,Telangana,2025-10-09,Corporate
CUST06046,Customer_06046,Female,64,Bengaluru,Tamil Nadu,2023-09-12,Consumer
CUST06047,Customer_06047,Male,38,Pune,Delhi,2025-11-20,Consumer
CUST06048,Customer_06048,Female,45,Kolkata,Gujarat,2023-04-18,Consumer
CUST06049,Customer_06049,Female,63,Bengaluru,Delhi,2023-10-09,Corporate
CUST06050,Customer_06050,Female,21,Pune,Delhi,2024-09-12,Corporate
CUST06051,Customer_06051,Female,41,Ahmedabad,Tamil Nadu,2024-01-25,Corporate
CUST06052,Customer_06052,Female,25,Ahmedabad,Telangana,2024-06-12,Consumer
CUST06053,Customer_06053,Female,69,Kolkata,West Bengal,2025-05-27,Consumer
CUST06054,Customer_06054,Male,34,Chennai,Maharashtra,2024-03-29,Consumer
CUST06055,Customer_06055,Female,51,Kolkata,Karnataka,2024-05-23,Corporate
CUST06056,Customer_06056,Female,37,Bengaluru,Telangana,2023-04-06,Premium
CUST06057,Customer_06057,Male,33,Kolkata,Tamil Nadu,2023-07-21,Consumer
CUST06058,Customer_06058,Female,27,Delhi,Gujarat,2025-11-26,Consumer
CUST06059,Customer_06059,Female,51,Pune,Maharashtra,2023-04-01,Corporate
CUST06060,Customer_06060,Female,60,Bengaluru,Karnataka,2023-08-21,Consumer
CUST06061,Customer_06061,Male,27,Bengaluru,Gujarat,2024-10-20,Corporate
CUST06062,Customer_06062,Male,47,Hyderabad,Maharashtra,2025-10-07,Consumer
CUST06063,Customer_06063,Female,47,Ahmedabad,Karnataka,2025-03-19,Consumer
CUST06064,Customer_06064,Female,68,Delhi,West Bengal,2025-06-30,Corporate
CUST06065,Customer_06065,Male,42,Delhi,Karnataka,2023-09-10,Consumer
CUST06066,Customer_06066,Female,63,Hyderabad,Delhi,2024-12-24,Consumer
CUST06067,Customer_06067,Male,60,Kolkata,Gujarat,2024-03-16,Consumer
CUST06068,Customer_06068,Male,58,Pune,Gujarat,2025-09-22,Consumer
CUST06069,Customer_06069,Male,24,Mumbai,Tamil Nadu,2023-03-05,Consumer
CUST06070,Customer_06070,Male,64,Chennai,Telangana,2023-01-05,Consumer
CUST06071,Customer_06071,Female,37,Ahmedabad,West Bengal,2023-03-13,Corporate
CUST06072,Customer_06072,Male,34,Delhi,Delhi,2024-09-08,Consumer
CUST06073,Customer_06073,Male,20,Ahmedabad,Delhi,2023-11-26,Corporate
CUST06074,Customer_06074,Male,64,Mumbai,Maharashtra,2023-12-15,Corporate
CUST06075,Customer_06075,Male,63,Pune,Gujarat,2023-12-31,Consumer
CUST06076,Customer_06076,Male,57,Chennai,Karnataka,2025-03-01,Consumer
CUST06077,Customer_06077,Male,53,Delhi,Karnataka,2024-02-20,Consumer
CUST06078,Customer_06078,Female,43,Bengaluru,West Bengal,2024-09-16,Corporate
CUST06079,Customer_06079,Female,27,Delhi,Maharashtra,2024-05-21,Corporate
CUST06080,Customer_06080,Male,51,Chennai,Gujarat,2024-06-06,Consumer
CUST06081,Customer_06081,Male,31,Kolkata,Tamil Nadu,2024-12-06,Corporate
CUST06082,Customer_06082,Female,25,Mumbai,Karnataka,2023-09-07,Consumer
CUST06083,Customer_06083,Male,44,Ahmedabad,Delhi,2025-06-19,Consumer
CUST06084,Customer_06084,Male,27,Kolkata,Delhi,2023-09-06,Consumer
CUST06085,Customer_06085,Male,67,Bengaluru,Gujarat,2025-05-03,Consumer
CUST06086,Customer_06086,Male,32,Chennai,Karnataka,2024-03-23,Consumer
CUST06087,Customer_06087,Female,54,Pune,Karnataka,2023-03-24,Consumer
CUST06088,Customer_06088,Male,39,Kolkata,Tamil Nadu,2023-12-05,Premium
CUST06089,Customer_06089,Female,62,Chennai,Gujarat,2023-04-05,Consumer
CUST06090,Customer_06090,Male,67,Delhi,Karnataka,2025-06-30,Consumer
CUST06091,Customer_06091,Male,48,Ahmedabad,Tamil Nadu,2023-09-16,Premium
CUST06092,Customer_06092,Female,19,Pune,Delhi,2023-05-02,Consumer
CUST06093,Customer_06093,Male,62,Hyderabad,Tamil Nadu,2024-06-18,Consumer
CUST06094,Customer_06094,Female,48,Hyderabad,Karnataka,2025-08-10,Consumer
CUST06095,Customer_06095,Male,31,Kolkata,Telangana,2025-06-23,Consumer
CUST06096,Customer_06096,Female,27,Bengaluru,Gujarat,2025-08-04,Corporate
CUST06097,Customer_06097,Male,47,Chennai,West Bengal,2023-04-02,Consumer
CUST06098,Customer_06098,Female,53,Mumbai,Karnataka,2025-11-13,Premium
CUST06099,Customer_06099,Male,64,Bengaluru,Telangana,2023-02-21,Consumer
CUST06100,Customer_06100,Female,57,Pune,Delhi,2024-12-11,Consumer
CUST06101,Customer_06101,Male,32,Kolkata,Gujarat,2023-10-21,Corporate
CUST06102,Customer_06102,Female,31,Bengaluru,West Bengal,2023-10-27,Consumer
CUST06103,Customer_06103,Male,48,Kolkata,Maharashtra,2023-12-11,Consumer
CUST06104,Customer_06104,Female,46,Delhi,Gujarat,2023-07-13,Corporate
CUST06105,Customer_06105,Male,44,Pune,Delhi,2024-03-11,Consumer
CUST06106,Customer_06106,Male,38,Ahmedabad,Delhi,2024-01-20,Consumer
CUST06107,Customer_06107,Female,26,Mumbai,Delhi,2025-05-04,Corporate
CUST06108,Customer_06108,Male,37,Chennai,Tamil Nadu,2025-01-20,Consumer
CUST06109,Customer_06109,Male,52,Pune,West Bengal,2023-11-16,Consumer
CUST06110,Customer_06110,Female,32,Chennai,Delhi,2023-08-27,Consumer
CUST06111,Customer_06111,Female,41,Chennai,Maharashtra,2024-01-27,Consumer
CUST06112,Customer_06112,Male,66,Bengaluru,Karnataka,2024-10-09,Consumer
CUST06113,Customer_06113,Female,33,Delhi,Telangana,2023-01-13,Premium
CUST06114,Customer_06114,Female,53,Bengaluru,Gujarat,2024-06-24,Consumer
CUST06115,Customer_06115,Male,28,Hyderabad,Gujarat,2024-11-20,Premium
CUST06116,Customer_06116,Female,25,Hyderabad,Delhi,2023-09-14,Corporate
CUST06117,Customer_06117,Female,20,Chennai,Telangana,2023-04-18,Consumer
CUST06118,Customer_06118,Other,36,Delhi,Delhi,2023-07-02,Consumer
CUST06119,Customer_06119,Male,63,Pune,Tamil Nadu,2024-01-02,Consumer
CUST06120,Customer_06120,Female,58,Chennai,Telangana,2025-10-16,Corporate
CUST06121,Customer_06121,Male,20,Pune,Delhi,2025-04-10,Consumer
CUST06122,Customer_06122,Male,53,Chennai,Delhi,2025-05-11,Consumer
CUST06123,Customer_06123,Male,42,Ahmedabad,Maharashtra,2025-05-23,Premium
CUST06124,Customer_06124,Other,53,Bengaluru,Maharashtra,2023-06-22,Corporate
CUST06125,Customer_06125,Female,28,Ahmedabad,West Bengal,2025-01-29,Corporate
CUST06126,Customer_06126,Female,68,Chennai,Maharashtra,2025-02-09,Consumer
CUST06127,Customer_06127,Female,33,Chennai,West Bengal,2024-03-27,Consumer
CUST06128,Customer_06128,Male,34,Delhi,Tamil Nadu,2024-04-15,Corporate
CUST06129,Customer_06129,Male,59,Delhi,West Bengal,2023-11-17,Consumer
CUST06130,Customer_06130,Male,41,Kolkata,Telangana,2024-03-16,Consumer
CUST06131,Customer_06131,Male,34,Pune,Tamil Nadu,2024-02-03,Corporate
CUST06132,Customer_06132,Female,65,Delhi,Karnataka,2023-07-07,Consumer
CUST06133,Customer_06133,Female,37,Chennai,Delhi,2025-06-03,Consumer
CUST06134,Customer_06134,Male,39,Delhi,Delhi,2025-04-29,Consumer
CUST06135,Customer_06135,Male,23,Delhi,Delhi,2025-01-12,Consumer
CUST06136,Customer_06136,Male,24,Mumbai,Maharashtra,2025-05-11,Consumer
CUST06137,Customer_06137,Male,31,Mumbai,Delhi,2024-05-29,Premium
CUST06138,Customer_06138,Female,28,Hyderabad,West Bengal,2023-06-30,Consumer
CUST06139,Customer_06139,Female,29,Bengaluru,Maharashtra,2024-02-14,Consumer
CUST06140,Customer_06140,Female,63,Kolkata,Karnataka,2024-05-30,Consumer
CUST06141,Customer_06141,Male,22,Kolkata,Tamil Nadu,2025-06-30,Consumer
CUST06142,Customer_06142,Male,22,Bengaluru,Tamil Nadu,2025-05-09,Premium
CUST06143,Customer_06143,Male,37,Delhi,West Bengal,2025-12-31,Consumer
CUST06144,Customer_06144,Female,32,Hyderabad,Tamil Nadu,2023-07-01,Corporate
CUST06145,Customer_06145,Female,43,Hyderabad,Maharashtra,2023-04-14,Consumer
CUST06146,Customer_06146,Male,50,Pune,Gujarat,2023-10-14,Consumer
CUST06147,Customer_06147,Female,47,Kolkata,Gujarat,2023-03-28,Consumer
CUST06148,Customer_06148,Male,41,Mumbai,Telangana,2024-01-21,Consumer
CUST06149,Customer_06149,Female,40,Hyderabad,Gujarat,2024-08-25,Consumer
CUST06150,Customer_06150,Female,26,Chennai,Telangana,2024-11-29,Consumer
CUST06151,Customer_06151,Female,20,Pune,Karnataka,2024-03-18,Consumer
CUST06152,Customer_06152,Female,53,Kolkata,Telangana,2024-08-07,Consumer
CUST06153,Customer_06153,Male,65,Delhi,Karnataka,2023-09-11,Consumer
CUST06154,Customer_06154,Male,24,Chennai,Delhi,2025-08-09,Premium
CUST06155,Customer_06155,Male,39,Bengaluru,West Bengal,2023-12-21,Consumer
CUST06156,Customer_06156,Male,31,Kolkata,Tamil Nadu,2024-02-14,Consumer
CUST06157,Customer_06157,Female,65,Mumbai,West Bengal,2024-03-04,Consumer
CUST06158,Customer_06158,Female,46,Chennai,Gujarat,2024-04-19,Consumer
CUST06159,Customer_06159,Male,67,Delhi,Maharashtra,2024-08-10,Consumer
CUST06160,Customer_06160,Female,33,Ahmedabad,Karnataka,2025-09-03,Consumer
CUST06161,Customer_06161,Male,65,Chennai,Gujarat,2025-07-05,Corporate
CUST06162,Customer_06162,Male,51,Chennai,Maharashtra,2023-12-08,Premium
CUST06163,Customer_06163,Male,27,Hyderabad,Maharashtra,2024-04-18,Corporate
CUST06164,Customer_06164,Male,24,Mumbai,Tamil Nadu,2024-02-01,Consumer
CUST06165,Customer_06165,Male,42,Bengaluru,West Bengal,2025-12-04,Consumer
CUST06166,Customer_06166,Male,44,Ahmedabad,Delhi,2024-11-21,Consumer
CUST06167,Customer_06167,Male,32,Delhi,Delhi,2025-01-03,Consumer
CUST06168,Customer_06168,Other,49,Pune,West Bengal,2025-11-06,Consumer
CUST06169,Customer_06169,Male,45,Pune,Telangana,2023-08-07,Corporate
CUST06170,Customer_06170,Male,26,Delhi,Gujarat,2024-08-18,Corporate
CUST06171,Customer_06171,Male,24,Bengaluru,Delhi,2023-07-10,Premium
CUST06172,Customer_06172,Female,33,Delhi,Tamil Nadu,2024-10-05,Corporate
CUST06173,Customer_06173,Male,43,Hyderabad,Gujarat,2023-04-04,Corporate
CUST06174,Customer_06174,Female,52,Ahmedabad,Maharashtra,2023-12-06,Consumer
CUST06175,Customer_06175,Female,34,Pune,Karnataka,2025-03-18,Corporate
CUST06176,Customer_06176,Female,40,Kolkata,Karnataka,2023-12-26,Consumer
CUST06177,Customer_06177,Female,25,Pune,Delhi,2023-04-22,Consumer
CUST06178,Customer_06178,Male,19,Kolkata,Telangana,2023-10-30,Consumer
CUST06179,Customer_06179,Male,48,Chennai,Karnataka,2023-02-20,Consumer
CUST06180,Customer_06180,Male,69,Hyderabad,Telangana,2025-03-16,Consumer
CUST06181,Customer_06181,Female,49,Pune,Karnataka,2024-12-01,Consumer
CUST06182,Customer_06182,Male,46,Hyderabad,Telangana,2024-10-22,Consumer
CUST06183,Customer_06183,Male,20,Ahmedabad,West Bengal,2023-02-05,Consumer
CUST06184,Customer_06184,Female,25,Hyderabad,Telangana,2024-09-14,Consumer
CUST06185,Customer_06185,Male,19,Bengaluru,Maharashtra,2024-11-13,Consumer
CUST06186,Customer_06186,Female,48,Pune,Tamil Nadu,2025-04-28,Consumer
CUST06187,Customer_06187,Female,68,Kolkata,Karnataka,2025-08-17,Consumer
CUST06188,Customer_06188,Male,66,Mumbai,Gujarat,2023-02-14,Premium
CUST06189,Customer_06189,Male,54,Ahmedabad,Delhi,2025-05-22,Corporate
CUST06190,Customer_06190,Male,37,Kolkata,Tamil Nadu,2025-08-09,Consumer
CUST06191,Customer_06191,Female,46,Ahmedabad,Maharashtra,2024-10-15,Consumer
CUST06192,Customer_06192,Female,34,Ahmedabad,Maharashtra,2023-01-15,Corporate
CUST06193,Customer_06193,Female,27,Bengaluru,Maharashtra,2024-10-01,Premium
CUST06194,Customer_06194,Female,58,Bengaluru,Delhi,2023-06-16,Consumer
CUST06195,Customer_06195,Female,39,Ahmedabad,Karnataka,2023-03-04,Consumer
CUST06196,Customer_06196,Male,23,Hyderabad,Karnataka,2023-07-22,Consumer
CUST06197,Customer_06197,Male,60,Mumbai,West Bengal,2023-10-05,Corporate
CUST06198,Customer_06198,Female,51,Bengaluru,West Bengal,2025-06-13,Consumer
CUST06199,Customer_06199,Male,48,Mumbai,Telangana,2024-02-07,Consumer
CUST06200,Customer_06200,Male,29,Pune,Telangana,2023-12-13,Consumer
CUST06201,Customer_06201,Female,29,Hyderabad,Gujarat,2025-02-25,Consumer
CUST06202,Customer_06202,Male,33,Bengaluru,Telangana,2025-09-02,Corporate
CUST06203,Customer_06203,Female,42,Mumbai,Delhi,2025-04-13,Corporate
CUST06204,Customer_06204,Female,39,Delhi,Tamil Nadu,2023-07-12,Corporate
CUST06205,Customer_06205,Male,44,Kolkata,West Bengal,2025-06-17,Consumer
CUST06206,Customer_06206,Female,41,Bengaluru,Karnataka,2023-06-01,Consumer
CUST06207,Customer_06207,Male,29,Bengaluru,Telangana,2024-01-21,Corporate
CUST06208,Customer_06208,Male,35,Bengaluru,West Bengal,2025-09-15,Consumer
CUST06209,Customer_06209,Male,62,Mumbai,Delhi,2023-06-21,Consumer
CUST06210,Customer_06210,Male,64,Chennai,Delhi,2023-12-03,Consumer
CUST06211,Customer_06211,Female,33,Ahmedabad,Gujarat,2025-06-10,Premium
CUST06212,Customer_06212,Male,21,Pune,Telangana,2024-08-27,Consumer
CUST06213,Customer_06213,Male,29,Kolkata,West Bengal,2024-05-03,Corporate
CUST06214,Customer_06214,Male,66,Bengaluru,West Bengal,2024-10-27,Consumer
CUST06215,Customer_06215,Female,50,Delhi,Gujarat,2023-04-16,Consumer
CUST06216,Customer_06216,Female,39,Delhi,West Bengal,2025-05-19,Corporate
CUST06217,Customer_06217,Male,35,Ahmedabad,Maharashtra,2023-12-18,Corporate
CUST06218,Customer_06218,Male,65,Hyderabad,Maharashtra,2025-04-27,Consumer
CUST06219,Customer_06219,Male,50,Chennai,Maharashtra,2023-02-17,Corporate
CUST06220,Customer_06220,Male,44,Chennai,Telangana,2023-01-31,Consumer
CUST06221,Customer_06221,Female,59,Mumbai,Delhi,2024-04-19,Consumer
CUST06222,Customer_06222,Female,36,Hyderabad,Delhi,2024-04-21,Consumer
CUST06223,Customer_06223,Male,65,Kolkata,Karnataka,2023-08-07,Corporate
CUST06224,Customer_06224,Male,31,Mumbai,West Bengal,2023-09-02,Consumer
CUST06225,Customer_06225,Male,42,Hyderabad,Maharashtra,2024-03-18,Consumer
CUST06226,Customer_06226,Female,51,Pune,Telangana,2024-05-15,Consumer
CUST06227,Customer_06227,Male,41,Chennai,Karnataka,2025-06-16,Corporate
CUST06228,Customer_06228,Other,55,Kolkata,Delhi,2025-02-07,Consumer
CUST06229,Customer_06229,Female,40,Pune,West Bengal,2023-09-12,Corporate
CUST06230,Customer_06230,Male,22,Kolkata,West Bengal,2023-03-11,Corporate
CUST06231,Customer_06231,Female,61,Mumbai,Karnataka,2024-03-30,Consumer
CUST06232,Customer_06232,Female,53,Hyderabad,Maharashtra,2024-07-31,Corporate
CUST06233,Customer_06233,Female,41,Chennai,West Bengal,2025-10-22,Consumer
CUST06234,Customer_06234,Male,53,Chennai,West Bengal,2024-05-09,Corporate
CUST06235,Customer_06235,Male,22,Ahmedabad,West Bengal,2023-11-21,Corporate
CUST06236,Customer_06236,Female,56,Kolkata,Tamil Nadu,2025-02-19,Consumer
CUST06237,Customer_06237,Female,23,Kolkata,Maharashtra,2024-02-07,Consumer
CUST06238,Customer_06238,Female,62,Kolkata,Maharashtra,2025-04-30,Premium
CUST06239,Customer_06239,Female,53,Bengaluru,Telangana,2023-05-09,Corporate
CUST06240,Customer_06240,Female,62,Ahmedabad,Tamil Nadu,2023-05-26,Corporate
CUST06241,Customer_06241,Female,21,Mumbai,West Bengal,2024-05-15,Consumer
CUST06242,Customer_06242,Male,27,Bengaluru,Gujarat,2023-01-08,Consumer
CUST06243,Customer_06243,Female,69,Ahmedabad,Tamil Nadu,2023-08-08,Consumer
CUST06244,Customer_06244,Female,18,Kolkata,Tamil Nadu,2024-12-25,Consumer
CUST06245,Customer_06245,Female,38,Kolkata,Delhi,2023-04-12,Premium
CUST06246,Customer_06246,Female,57,Chennai,Karnataka,2025-02-12,Consumer
CUST06247,Customer_06247,Male,56,Mumbai,Delhi,2023-01-02,Corporate
CUST06248,Customer_06248,Female,54,Mumbai,Gujarat,2024-11-25,Consumer
CUST06249,Customer_06249,Female,20,Pune,Tamil Nadu,2025-02-09,Corporate
CUST06250,Customer_06250,Male,64,Delhi,Telangana,2025-04-13,Consumer
CUST06251,Customer_06251,Male,48,Ahmedabad,Gujarat,2025-01-09,Consumer
CUST06252,Customer_06252,Male,44,Hyderabad,West Bengal,2023-07-19,Consumer
CUST06253,Customer_06253,Male,34,Delhi,Maharashtra,2023-01-26,Consumer
CUST06254,Customer_06254,Male,40,Delhi,West Bengal,2025-08-01,Corporate
CUST06255,Customer_06255,Male,30,Kolkata,Maharashtra,2023-04-12,Premium
CUST06256,Customer_06256,Female,64,Chennai,Delhi,2025-08-20,Consumer
CUST06257,Customer_06257,Female,44,Pune,West Bengal,2025-05-06,Consumer
CUST06258,Customer_06258,Female,68,Hyderabad,Gujarat,2024-01-07,Consumer
CUST06259,Customer_06259,Female,37,Kolkata,Delhi,2023-07-16,Corporate
CUST06260,Customer_06260,Male,63,Kolkata,Telangana,2024-05-24,Corporate
CUST06261,Customer_06261,Male,30,Delhi,Maharashtra,2025-10-11,Consumer
CUST06262,Customer_06262,Female,61,Delhi,West Bengal,2025-11-19,Corporate
CUST06263,Customer_06263,Male,41,Mumbai,Delhi,2025-07-11,Consumer
CUST06264,Customer_06264,Female,58,Chennai,West Bengal,2023-10-26,Corporate
CUST06265,Customer_06265,Female,20,Delhi,Karnataka,2023-01-21,Consumer
CUST06266,Customer_06266,Female,60,Hyderabad,Delhi,2025-11-30,Corporate
CUST06267,Customer_06267,Other,27,Bengaluru,Delhi,2025-08-21,Consumer
CUST06268,Customer_06268,Male,18,Kolkata,Tamil Nadu,2025-08-24,Consumer
CUST06269,Customer_06269,Male,66,Bengaluru,Karnataka,2024-04-03,Consumer
CUST06270,Customer_06270,Female,30,Chennai,Karnataka,2024-05-28,Corporate
CUST06271,Customer_06271,Male,31,Bengaluru,West Bengal,2025-12-03,Corporate
CUST06272,Customer_06272,Female,50,Mumbai,Telangana,2023-02-10,Consumer
CUST06273,Customer_06273,Male,19,Mumbai,West Bengal,2025-04-17,Corporate
CUST06274,Customer_06274,Female,19,Hyderabad,Tamil Nadu,2023-09-20,Corporate
CUST06275,Customer_06275,Female,56,Pune,Karnataka,2024-11-15,Consumer
CUST06276,Customer_06276,Female,58,Chennai,Tamil Nadu,2025-10-29,Consumer
CUST06277,Customer_06277,Male,48,Chennai,Tamil Nadu,2025-12-12,Consumer
CUST06278,Customer_06278,Male,21,Kolkata,Maharashtra,2025-10-19,Consumer
CUST06279,Customer_06279,Female,51,Bengaluru,West Bengal,2023-05-08,Consumer
CUST06280,Customer_06280,Male,36,Delhi,Karnataka,2024-06-14,Corporate
CUST06281,Customer_06281,Female,54,Delhi,Maharashtra,2024-10-05,Consumer
CUST06282,Customer_06282,Female,26,Pune,West Bengal,2024-06-08,Consumer
CUST06283,Customer_06283,Female,41,Kolkata,Delhi,2025-01-26,Premium
CUST06284,Customer_06284,Female,30,Delhi,West Bengal,2025-08-23,Premium
CUST06285,Customer_06285,Male,61,Pune,Delhi,2025-06-12,Consumer
CUST06286,Customer_06286,Female,47,Ahmedabad,Maharashtra,2025-01-28,Consumer
CUST06287,Customer_06287,Female,36,Kolkata,Delhi,2023-08-20,Consumer
CUST06288,Customer_06288,Male,58,Ahmedabad,Maharashtra,2025-07-21,Consumer
CUST06289,Customer_06289,Female,27,Hyderabad,West Bengal,2023-03-29,Corporate
CUST06290,Customer_06290,Male,68,Chennai,Telangana,2025-02-04,Corporate
CUST06291,Customer_06291,Male,59,Bengaluru,Tamil Nadu,2024-09-28,Consumer
CUST06292,Customer_06292,Male,61,Hyderabad,Telangana,2023-07-20,Consumer
CUST06293,Customer_06293,Female,31,Mumbai,Karnataka,2025-09-12,Corporate
CUST06294,Customer_06294,Male,57,Mumbai,Telangana,2023-12-27,Corporate
CUST06295,Customer_06295,Female,65,Mumbai,Telangana,2023-05-12,Premium
CUST06296,Customer_06296,Female,66,Pune,Delhi,2023-06-26,Corporate
CUST06297,Customer_06297,Male,37,Pune,Gujarat,2025-12-11,Consumer
CUST06298,Customer_06298,Male,21,Kolkata,West Bengal,2023-01-22,Consumer
CUST06299,Customer_06299,Female,55,Chennai,Gujarat,2024-10-14,Consumer
CUST06300,Customer_06300,Male,61,Mumbai,Maharashtra,2025-02-21,Consumer
CUST06301,Customer_06301,Female,67,Pune,Karnataka,2023-06-17,Consumer
CUST06302,Customer_06302,Male,56,Kolkata,Gujarat,2025-11-27,Consumer
CUST06303,Customer_06303,Male,22,Pune,Delhi,2025-05-22,Consumer
CUST06304,Customer_06304,Female,59,Delhi,Karnataka,2025-07-28,Premium
CUST06305,Customer_06305,Male,49,Pune,Tamil Nadu,2024-09-23,Consumer
CUST06306,Customer_06306,Male,23,Mumbai,Maharashtra,2025-04-13,Corporate
CUST06307,Customer_06307,Male,31,Hyderabad,Delhi,2024-12-22,Consumer
CUST06308,Customer_06308,Male,23,Mumbai,Telangana,2024-03-15,Corporate
CUST06309,Customer_06309,Female,31,Kolkata,West Bengal,2023-08-31,Consumer
CUST06310,Customer_06310,Female,29,Kolkata,Tamil Nadu,2024-08-23,Consumer
CUST06311,Customer_06311,Male,44,Kolkata,Telangana,2025-01-31,Consumer
CUST06312,Customer_06312,Female,43,Delhi,Gujarat,2024-06-26,Consumer
CUST06313,Customer_06313,Female,29,Mumbai,West Bengal,2023-10-04,Consumer
CUST06314,Customer_06314,Male,25,Bengaluru,Karnataka,2024-07-03,Corporate
CUST06315,Customer_06315,Male,27,Delhi,Tamil Nadu,2024-02-07,Consumer
CUST06316,Customer_06316,Female,33,Chennai,West Bengal,2024-10-11,Corporate
CUST06317,Customer_06317,Female,69,Mumbai,West Bengal,2025-09-23,Premium
CUST06318,Customer_06318,Female,43,Pune,Delhi,2023-03-17,Corporate
CUST06319,Customer_06319,Female,25,Hyderabad,Telangana,2023-12-05,Corporate
CUST06320,Customer_06320,Male,58,Mumbai,Gujarat,2025-02-03,Consumer
CUST06321,Customer_06321,Female,62,Hyderabad,Telangana,2023-02-07,Consumer
CUST06322,Customer_06322,Female,46,Kolkata,Karnataka,2023-11-14,Consumer
CUST06323,Customer_06323,Female,37,Kolkata,Karnataka,2024-10-01,Consumer
CUST06324,Customer_06324,Male,34,Bengaluru,Gujarat,2024-10-31,Corporate
CUST06325,Customer_06325,Male,36,Chennai,Maharashtra,2023-11-25,Corporate
CUST06326,Customer_06326,Male,34,Pune,Gujarat,2024-04-20,Consumer
CUST06327,Customer_06327,Female,56,Delhi,Maharashtra,2024-06-21,Consumer
CUST06328,Customer_06328,Male,18,Ahmedabad,Gujarat,2023-12-09,Consumer
CUST06329,Customer_06329,Male,69,Ahmedabad,Gujarat,2023-05-20,Consumer
CUST06330,Customer_06330,Male,46,Delhi,Karnataka,2023-03-14,Consumer
CUST06331,Customer_06331,Male,31,Chennai,Maharashtra,2024-03-03,Consumer
CUST06332,Customer_06332,Female,34,Bengaluru,Gujarat,2025-09-09,Consumer
CUST06333,Customer_06333,Female,30,Bengaluru,West Bengal,2024-08-22,Corporate
CUST06334,Customer_06334,Female,46,Kolkata,Telangana,2023-04-07,Consumer
CUST06335,Customer_06335,Male,51,Mumbai,Karnataka,2024-04-22,Consumer
CUST06336,Customer_06336,Female,44,Bengaluru,West Bengal,2025-10-18,Premium
CUST06337,Customer_06337,Male,63,Mumbai,West Bengal,2024-05-05,Corporate
CUST06338,Customer_06338,Male,50,Hyderabad,Tamil Nadu,2024-02-10,Corporate
CUST06339,Customer_06339,Male,46,Chennai,Karnataka,2024-12-15,Corporate
CUST06340,Customer_06340,Male,54,Hyderabad,Gujarat,2024-03-22,Consumer
CUST06341,Customer_06341,Male,56,Ahmedabad,Delhi,2024-11-29,Consumer
CUST06342,Customer_06342,Female,36,Hyderabad,Delhi,2025-11-09,Consumer
CUST06343,Customer_06343,Female,63,Hyderabad,West Bengal,2024-08-07,Corporate
CUST06344,Customer_06344,Female,41,Hyderabad,West Bengal,2024-03-02,Consumer
CUST06345,Customer_06345,Male,31,Delhi,Karnataka,2025-08-11,Consumer
CUST06346,Customer_06346,Male,64,Bengaluru,Tamil Nadu,2025-04-29,Corporate
CUST06347,Customer_06347,Male,54,Chennai,Karnataka,2024-08-16,Consumer
CUST06348,Customer_06348,Other,22,Ahmedabad,Tamil Nadu,2023-12-22,Consumer
CUST06349,Customer_06349,Female,41,Ahmedabad,Gujarat,2023-01-27,Consumer
CUST06350,Customer_06350,Female,51,Chennai,Telangana,2025-12-06,Consumer
CUST06351,Customer_06351,Male,67,Ahmedabad,Telangana,2024-03-31,Consumer
CUST06352,Customer_06352,Female,48,Ahmedabad,Tamil Nadu,2023-04-22,Consumer
CUST06353,Customer_06353,Male,47,Pune,West Bengal,2025-01-16,Premium
CUST06354,Customer_06354,Female,26,Hyderabad,Maharashtra,2024-01-10,Consumer
CUST06355,Customer_06355,Female,44,Ahmedabad,Telangana,2025-04-24,Consumer
CUST06356,Customer_06356,Female,45,Chennai,Delhi,2023-05-06,Consumer
CUST06357,Customer_06357,Female,59,Kolkata,Karnataka,2025-10-27,Consumer
CUST06358,Customer_06358,Male,43,Mumbai,Gujarat,2024-07-15,Consumer
CUST06359,Customer_06359,Female,35,Chennai,Maharashtra,2024-07-31,Consumer
CUST06360,Customer_06360,Female,53,Kolkata,West Bengal,2023-12-28,Corporate
CUST06361,Customer_06361,Male,25,Hyderabad,Delhi,2024-11-09,Consumer
CUST06362,Customer_06362,Male,35,Chennai,Karnataka,2025-09-09,Premium
CUST06363,Customer_06363,Male,37,Bengaluru,Delhi,2025-02-02,Corporate
CUST06364,Customer_06364,Male,49,Hyderabad,Maharashtra,2025-02-13,Corporate
CUST06365,Customer_06365,Male,46,Delhi,Tamil Nadu,2025-03-10,Corporate
CUST06366,Customer_06366,Female,66,Ahmedabad,Karnataka,2023-10-02,Corporate
CUST06367,Customer_06367,Male,65,Kolkata,Delhi,2024-01-31,Corporate
CUST06368,Customer_06368,Male,35,Bengaluru,Gujarat,2025-06-24,Consumer
CUST06369,Customer_06369,Female,24,Chennai,West Bengal,2024-05-06,Premium
CUST06370,Customer_06370,Female,18,Delhi,Gujarat,2024-01-12,Corporate
CUST06371,Customer_06371,Female,45,Pune,Delhi,2024-10-20,Consumer
CUST06372,Customer_06372,Male,50,Ahmedabad,West Bengal,2024-06-24,Consumer
CUST06373,Customer_06373,Female,67,Bengaluru,Maharashtra,2025-04-18,Consumer
CUST06374,Customer_06374,Female,21,Pune,Maharashtra,2023-11-16,Consumer
CUST06375,Customer_06375,Male,37,Mumbai,West Bengal,2023-08-13,Consumer
CUST06376,Customer_06376,Male,69,Bengaluru,Gujarat,2024-03-31,Consumer
CUST06377,Customer_06377,Female,53,Delhi,Gujarat,2024-10-12,Consumer
CUST06378,Customer_06378,Female,48,Pune,West Bengal,2024-02-21,Corporate
CUST06379,Customer_06379,Female,55,Mumbai,Maharashtra,2025-03-14,Consumer
CUST06380,Customer_06380,Female,45,Ahmedabad,Tamil Nadu,2025-02-17,Corporate
CUST06381,Customer_06381,Female,20,Pune,Telangana,2025-03-08,Corporate
CUST06382,Customer_06382,Female,23,Chennai,Delhi,2024-08-31,Consumer
CUST06383,Customer_06383,Male,62,Hyderabad,Tamil Nadu,2025-03-03,Consumer
CUST06384,Customer_06384,Male,40,Ahmedabad,Delhi,2025-10-11,Corporate
CUST06385,Customer_06385,Male,24,Pune,Gujarat,2025-12-16,Consumer
CUST06386,Customer_06386,Female,53,Chennai,Tamil Nadu,2024-08-20,Consumer
CUST06387,Customer_06387,Female,18,Hyderabad,Gujarat,2025-08-30,Premium
CUST06388,Customer_06388,Female,23,Hyderabad,West Bengal,2023-01-06,Consumer
CUST06389,Customer_06389,Male,41,Delhi,West Bengal,2023-11-06,Consumer
CUST06390,Customer_06390,Female,54,Kolkata,Gujarat,2025-02-23,Consumer
CUST06391,Customer_06391,Male,62,Mumbai,Gujarat,2025-05-05,Corporate
CUST06392,Customer_06392,Male,68,Kolkata,Karnataka,2025-06-23,Consumer
CUST06393,Customer_06393,Female,53,Ahmedabad,Telangana,2025-10-22,Consumer
CUST06394,Customer_06394,Female,41,Mumbai,Gujarat,2025-02-12,Consumer
CUST06395,Customer_06395,Other,55,Bengaluru,Delhi,2025-01-23,Consumer
CUST06396,Customer_06396,Male,62,Chennai,Maharashtra,2025-04-02,Corporate
CUST06397,Customer_06397,Female,46,Delhi,Telangana,2023-02-27,Premium
CUST06398,Customer_06398,Male,54,Pune,Delhi,2024-06-01,Corporate
CUST06399,Customer_06399,Male,62,Chennai,Karnataka,2023-01-30,Consumer
CUST06400,Customer_06400,Female,49,Pune,Gujarat,2023-05-31,Consumer
CUST06401,Customer_06401,Female,42,Kolkata,Delhi,2024-07-01,Premium
CUST06402,Customer_06402,Female,27,Ahmedabad,Delhi,2023-04-20,Consumer
CUST06403,Customer_06403,Male,52,Pune,Delhi,2023-08-29,Corporate
CUST06404,Customer_06404,Female,42,Kolkata,Telangana,2025-11-19,Consumer
CUST06405,Customer_06405,Male,44,Kolkata,Gujarat,2024-04-10,Consumer
CUST06406,Customer_06406,Female,62,Pune,Delhi,2024-04-09,Consumer
CUST06407,Customer_06407,Male,49,Bengaluru,Maharashtra,2023-08-25,Corporate
CUST06408,Customer_06408,Male,29,Kolkata,Gujarat,2024-01-09,Consumer
CUST06409,Customer_06409,Female,21,Bengaluru,Tamil Nadu,2024-08-22,Corporate
CUST06410,Customer_06410,Female,59,Delhi,Maharashtra,2024-05-30,Consumer
CUST06411,Customer_06411,Male,43,Bengaluru,Karnataka,2023-09-09,Premium
CUST06412,Customer_06412,Male,20,Delhi,West Bengal,2024-07-16,Premium
CUST06413,Customer_06413,Female,34,Bengaluru,Telangana,2024-06-19,Consumer
CUST06414,Customer_06414,Male,26,Mumbai,Tamil Nadu,2025-12-05,Consumer
CUST06415,Customer_06415,Male,46,Delhi,Telangana,2024-09-19,Consumer
CUST06416,Customer_06416,Male,18,Mumbai,Telangana,2024-08-29,Consumer
CUST06417,Customer_06417,Male,35,Kolkata,Delhi,2024-03-10,Consumer
CUST06418,Customer_06418,Female,58,Mumbai,Maharashtra,2024-09-02,Consumer
CUST06419,Customer_06419,Female,37,Ahmedabad,Tamil Nadu,2023-10-03,Consumer
CUST06420,Customer_06420,Female,58,Delhi,Delhi,2025-04-27,Consumer
CUST06421,Customer_06421,Other,51,Chennai,Tamil Nadu,2025-06-22,Consumer
CUST06422,Customer_06422,Male,68,Kolkata,Gujarat,2024-10-28,Premium
CUST06423,Customer_06423,Male,45,Kolkata,Gujarat,2025-02-20,Consumer
CUST06424,Customer_06424,Male,65,Hyderabad,Maharashtra,2025-04-12,Consumer
CUST06425,Customer_06425,Male,52,Ahmedabad,Delhi,2024-05-18,Consumer
CUST06426,Customer_06426,Male,33,Bengaluru,Tamil Nadu,2023-10-03,Consumer
CUST06427,Customer_06427,Female,38,Pune,West Bengal,2023-11-22,Consumer
CUST06428,Customer_06428,Female,30,Bengaluru,Gujarat,2024-07-10,Consumer
CUST06429,Customer_06429,Male,52,Pune,Delhi,2024-05-27,Consumer
CUST06430,Customer_06430,Female,59,Chennai,Telangana,2023-10-22,Consumer
CUST06431,Customer_06431,Female,49,Hyderabad,Gujarat,2024-01-10,Consumer
CUST06432,Customer_06432,Female,67,Chennai,Karnataka,2023-02-25,Consumer
CUST06433,Customer_06433,Female,55,Hyderabad,Tamil Nadu,2025-06-30,Consumer
CUST06434,Customer_06434,Female,23,Delhi,West Bengal,2023-01-20,Consumer
CUST06435,Customer_06435,Female,67,Delhi,Gujarat,2025-05-01,Consumer
CUST06436,Customer_06436,Female,55,Pune,Maharashtra,2024-08-13,Corporate
CUST06437,Customer_06437,Female,55,Mumbai,Tamil Nadu,2025-07-09,Corporate
CUST06438,Customer_06438,Male,30,Mumbai,Karnataka,2024-01-01,Consumer
CUST06439,Customer_06439,Male,63,Pune,Tamil Nadu,2023-01-01,Premium
CUST06440,Customer_06440,Female,56,Ahmedabad,Tamil Nadu,2025-07-01,Consumer
CUST06441,Customer_06441,Male,30,Delhi,Gujarat,2025-04-27,Consumer
CUST06442,Customer_06442,Male,64,Ahmedabad,Tamil Nadu,2024-12-25,Premium
CUST06443,Customer_06443,Female,29,Pune,Maharashtra,2025-01-29,Consumer
CUST06444,Customer_06444,Male,50,Mumbai,Karnataka,2023-08-15,Consumer
CUST06445,Customer_06445,Female,45,Pune,Gujarat,2025-11-13,Corporate
CUST06446,Customer_06446,Female,20,Delhi,Karnataka,2024-12-02,Corporate
CUST06447,Customer_06447,Female,35,Chennai,Maharashtra,2023-11-04,Corporate
CUST06448,Customer_06448,Male,43,Bengaluru,Tamil Nadu,2025-08-19,Consumer
CUST06449,Customer_06449,Male,57,Delhi,Tamil Nadu,2024-07-22,Corporate
CUST06450,Customer_06450,Female,19,Pune,Gujarat,2024-09-12,Consumer
CUST06451,Customer_06451,Female,21,Delhi,Karnataka,2024-10-14,Corporate
CUST06452,Customer_06452,Other,67,Delhi,Tamil Nadu,2025-03-07,Consumer
CUST06453,Customer_06453,Male,45,Mumbai,West Bengal,2024-04-24,Consumer
CUST06454,Customer_06454,Male,45,Pune,Telangana,2025-06-20,Consumer
CUST06455,Customer_06455,Female,42,Mumbai,Tamil Nadu,2025-06-15,Consumer
CUST06456,Customer_06456,Male,43,Pune,West Bengal,2025-07-08,Corporate
CUST06457,Customer_06457,Female,62,Mumbai,Tamil Nadu,2024-08-08,Consumer
CUST06458,Customer_06458,Male,64,Mumbai,Delhi,2023-09-19,Corporate
CUST06459,Customer_06459,Male,19,Chennai,Karnataka,2024-02-08,Corporate
CUST06460,Customer_06460,Male,59,Delhi,Karnataka,2024-11-25,Corporate
CUST06461,Customer_06461,Male,51,Ahmedabad,West Bengal,2025-02-24,Consumer
CUST06462,Customer_06462,Female,47,Chennai,Telangana,2023-10-04,Consumer
CUST06463,Customer_06463,Female,38,Ahmedabad,Telangana,2024-11-07,Corporate
CUST06464,Customer_06464,Male,61,Mumbai,Telangana,2023-08-05,Corporate
CUST06465,Customer_06465,Female,54,Chennai,Karnataka,2023-07-09,Consumer
CUST06466,Customer_06466,Male,61,Kolkata,Delhi,2025-11-07,Premium
CUST06467,Customer_06467,Female,40,Kolkata,Delhi,2025-01-13,Consumer
CUST06468,Customer_06468,Male,50,Delhi,Maharashtra,2023-08-31,Consumer
CUST06469,Customer_06469,Female,19,Delhi,Karnataka,2023-02-22,Consumer
CUST06470,Customer_06470,Female,44,Mumbai,Maharashtra,2024-07-15,Consumer
CUST06471,Customer_06471,Female,65,Delhi,Tamil Nadu,2025-02-10,Consumer
CUST06472,Customer_06472,Female,39,Chennai,Telangana,2023-11-15,Consumer
CUST06473,Customer_06473,Female,51,Hyderabad,Maharashtra,2024-12-07,Consumer
CUST06474,Customer_06474,Female,33,Delhi,Gujarat,2023-09-05,Consumer
CUST06475,Customer_06475,Female,37,Chennai,Maharashtra,2023-06-26,Consumer
CUST06476,Customer_06476,Female,43,Kolkata,Karnataka,2023-01-13,Premium
CUST06477,Customer_06477,Female,33,Kolkata,Telangana,2023-10-16,Corporate
CUST06478,Customer_06478,Male,23,Chennai,Telangana,2024-03-06,Corporate
CUST06479,Customer_06479,Female,62,Ahmedabad,Delhi,2024-07-29,Consumer
CUST06480,Customer_06480,Male,61,Kolkata,Maharashtra,2023-02-03,Consumer
CUST06481,Customer_06481,Female,40,Chennai,Delhi,2024-10-02,Premium
CUST06482,Customer_06482,Male,59,Ahmedabad,Maharashtra,2023-05-13,Premium
CUST06483,Customer_06483,Female,54,Delhi,Karnataka,2025-06-15,Premium
CUST06484,Customer_06484,Male,25,Hyderabad,Karnataka,2025-09-08,Consumer
CUST06485,Customer_06485,Male,23,Mumbai,Tamil Nadu,2024-02-05,Consumer
CUST06486,Customer_06486,Female,54,Mumbai,Maharashtra,2024-08-28,Consumer
CUST06487,Customer_06487,Female,69,Delhi,Maharashtra,2024-09-02,Consumer
CUST06488,Customer_06488,Male,39,Delhi,Telangana,2025-12-19,Premium
CUST06489,Customer_06489,Male,23,Kolkata,West Bengal,2024-10-02,Consumer
CUST06490,Customer_06490,Female,49,Bengaluru,Telangana,2023-05-12,Consumer
CUST06491,Customer_06491,Female,34,Pune,West Bengal,2024-01-28,Consumer
CUST06492,Customer_06492,Male,55,Ahmedabad,Delhi,2025-03-23,Consumer
CUST06493,Customer_06493,Male,34,Hyderabad,Tamil Nadu,2025-07-16,Consumer
CUST06494,Customer_06494,Male,54,Chennai,Karnataka,2024-08-03,Corporate
CUST06495,Customer_06495,Female,40,Pune,Maharashtra,2023-01-14,Consumer
CUST06496,Customer_06496,Male,66,Chennai,Delhi,2024-03-10,Consumer
CUST06497,Customer_06497,Male,66,Pune,Tamil Nadu,2024-04-18,Consumer
CUST06498,Customer_06498,Male,30,Mumbai,Telangana,2023-05-31,Consumer
CUST06499,Customer_06499,Male,49,Pune,Tamil Nadu,2024-04-14,Corporate
CUST06500,Customer_06500,Female,39,Delhi,Delhi,2024-02-15,Consumer
CUST06501,Customer_06501,Male,24,Hyderabad,Karnataka,2023-12-11,Consumer
CUST06502,Customer_06502,Male,39,Mumbai,Telangana,2025-03-14,Premium
CUST06503,Customer_06503,Male,38,Kolkata,Gujarat,2024-06-27,Consumer
CUST06504,Customer_06504,Male,23,Pune,Telangana,2023-07-13,Consumer
CUST06505,Customer_06505,Male,31,Hyderabad,Karnataka,2025-07-26,Premium
CUST06506,Customer_06506,Female,33,Delhi,West Bengal,2024-09-20,Corporate
CUST06507,Customer_06507,Female,20,Kolkata,Telangana,2024-03-05,Corporate
CUST06508,Customer_06508,Female,26,Chennai,Delhi,2023-08-05,Consumer
CUST06509,Customer_06509,Female,64,Kolkata,West Bengal,2025-10-17,Corporate
CUST06510,Customer_06510,Female,38,Ahmedabad,Telangana,2025-08-27,Consumer
CUST06511,Customer_06511,Male,67,Ahmedabad,Maharashtra,2024-04-29,Consumer
CUST06512,Customer_06512,Female,47,Bengaluru,Tamil Nadu,2024-08-23,Premium
CUST06513,Customer_06513,Female,47,Hyderabad,West Bengal,2023-12-26,Consumer
CUST06514,Customer_06514,Female,59,Ahmedabad,Delhi,2024-10-30,Premium
CUST06515,Customer_06515,Female,59,Chennai,Karnataka,2024-02-25,Consumer
CUST06516,Customer_06516,Male,49,Hyderabad,Delhi,2024-08-03,Consumer
CUST06517,Customer_06517,Female,40,Hyderabad,Maharashtra,2025-02-20,Consumer
CUST06518,Customer_06518,Female,20,Hyderabad,West Bengal,2024-05-31,Premium
CUST06519,Customer_06519,Other,18,Delhi,Telangana,2023-08-31,Consumer
CUST06520,Customer_06520,Male,20,Ahmedabad,Telangana,2024-09-21,Corporate
CUST06521,Customer_06521,Male,54,Mumbai,Gujarat,2025-10-13,Consumer
CUST06522,Customer_06522,Male,24,Hyderabad,Delhi,2023-06-21,Corporate
CUST06523,Customer_06523,Female,20,Delhi,Telangana,2024-10-16,Corporate
CUST06524,Customer_06524,Male,53,Bengaluru,Telangana,2025-02-07,Consumer
CUST06525,Customer_06525,Male,66,Ahmedabad,Maharashtra,2024-04-04,Consumer
CUST06526,Customer_06526,Other,20,Mumbai,Karnataka,2024-06-15,Consumer
CUST06527,Customer_06527,Male,21,Delhi,Gujarat,2023-10-18,Premium
CUST06528,Customer_06528,Female,48,Kolkata,Gujarat,2024-10-20,Corporate
CUST06529,Customer_06529,Male,19,Bengaluru,Gujarat,2025-05-01,Corporate
CUST06530,Customer_06530,Female,31,Kolkata,West Bengal,2024-07-07,Consumer
CUST06531,Customer_06531,Female,54,Mumbai,Tamil Nadu,2024-03-03,Corporate
CUST06532,Customer_06532,Female,48,Delhi,Delhi,2024-04-15,Consumer
CUST06533,Customer_06533,Female,19,Bengaluru,Karnataka,2025-05-15,Consumer
CUST06534,Customer_06534,Male,48,Delhi,Tamil Nadu,2024-05-27,Corporate
CUST06535,Customer_06535,Male,64,Bengaluru,Karnataka,2023-11-20,Consumer
CUST06536,Customer_06536,Male,60,Hyderabad,Delhi,2023-09-12,Consumer
CUST06537,Customer_06537,Female,39,Hyderabad,Gujarat,2024-12-21,Consumer
CUST06538,Customer_06538,Female,27,Ahmedabad,Maharashtra,2024-08-12,Consumer
CUST06539,Customer_06539,Male,69,Mumbai,Maharashtra,2023-02-20,Consumer
CUST06540,Customer_06540,Female,47,Bengaluru,Maharashtra,2025-03-10,Consumer
CUST06541,Customer_06541,Male,50,Hyderabad,Karnataka,2023-04-10,Consumer
CUST06542,Customer_06542,Female,36,Mumbai,Delhi,2024-04-08,Corporate
CUST06543,Customer_06543,Female,63,Chennai,Telangana,2024-05-13,Consumer
CUST06544,Customer_06544,Male,42,Hyderabad,Telangana,2025-07-03,Corporate
CUST06545,Customer_06545,Female,63,Hyderabad,Maharashtra,2023-08-25,Consumer
CUST06546,Customer_06546,Male,18,Pune,West Bengal,2024-04-16,Consumer
CUST06547,Customer_06547,Female,49,Delhi,Karnataka,2023-06-06,Consumer
CUST06548,Customer_06548,Female,42,Chennai,Telangana,2023-10-25,Consumer
CUST06549,Customer_06549,Male,58,Bengaluru,Karnataka,2025-11-03,Consumer
CUST06550,Customer_06550,Male,34,Mumbai,Delhi,2023-04-26,Corporate
CUST06551,Customer_06551,Male,31,Chennai,West Bengal,2023-05-19,Consumer
CUST06552,Customer_06552,Female,62,Bengaluru,West Bengal,2023-03-16,Consumer
CUST06553,Customer_06553,Female,30,Hyderabad,Maharashtra,2025-03-25,Consumer
CUST06554,Customer_06554,Male,55,Kolkata,Tamil Nadu,2025-11-13,Consumer
CUST06555,Customer_06555,Female,56,Pune,Maharashtra,2024-02-10,Consumer
CUST06556,Customer_06556,Female,19,Ahmedabad,Tamil Nadu,2025-08-08,Consumer
CUST06557,Customer_06557,Male,49,Kolkata,West Bengal,2024-07-20,Consumer
CUST06558,Customer_06558,Male,49,Ahmedabad,Telangana,2023-11-22,Corporate
CUST06559,Customer_06559,Female,57,Mumbai,West Bengal,2023-11-25,Corporate
CUST06560,Customer_06560,Female,23,Mumbai,Gujarat,2023-03-30,Consumer
CUST06561,Customer_06561,Male,42,Chennai,Tamil Nadu,2023-01-15,Consumer
CUST06562,Customer_06562,Male,20,Ahmedabad,Gujarat,2024-09-25,Consumer
CUST06563,Customer_06563,Male,35,Delhi,Karnataka,2023-06-27,Premium
CUST06564,Customer_06564,Female,67,Bengaluru,West Bengal,2023-09-26,Corporate
CUST06565,Customer_06565,Male,55,Ahmedabad,Gujarat,2023-12-05,Consumer
CUST06566,Customer_06566,Male,60,Pune,Tamil Nadu,2024-01-27,Consumer
CUST06567,Customer_06567,Female,20,Ahmedabad,Telangana,2023-05-21,Premium
CUST06568,Customer_06568,Female,65,Ahmedabad,Telangana,2023-06-18,Consumer
CUST06569,Customer_06569,Male,22,Pune,West Bengal,2025-11-06,Consumer
CUST06570,Customer_06570,Male,41,Kolkata,Maharashtra,2023-01-05,Corporate
CUST06571,Customer_06571,Female,51,Chennai,Telangana,2024-09-10,Consumer
CUST06572,Customer_06572,Male,64,Ahmedabad,Karnataka,2025-02-07,Corporate
CUST06573,Customer_06573,Male,65,Delhi,Tamil Nadu,2024-11-10,Corporate
CUST06574,Customer_06574,Female,56,Delhi,Delhi,2024-04-07,Consumer
CUST06575,Customer_06575,Male,65,Delhi,Telangana,2024-01-17,Consumer
CUST06576,Customer_06576,Female,41,Mumbai,Gujarat,2024-04-26,Consumer
CUST06577,Customer_06577,Female,53,Bengaluru,Tamil Nadu,2024-09-16,Corporate
CUST06578,Customer_06578,Male,45,Bengaluru,Maharashtra,2024-04-20,Corporate
CUST06579,Customer_06579,Male,65,Kolkata,Delhi,2024-04-09,Consumer
CUST06580,Customer_06580,Female,66,Ahmedabad,Maharashtra,2024-05-08,Corporate
CUST06581,Customer_06581,Female,51,Chennai,Karnataka,2024-06-18,Corporate
CUST06582,Customer_06582,Female,33,Hyderabad,Maharashtra,2024-09-22,Consumer
CUST06583,Customer_06583,Female,53,Chennai,Tamil Nadu,2023-10-09,Consumer
CUST06584,Customer_06584,Male,24,Ahmedabad,Delhi,2025-04-10,Consumer
CUST06585,Customer_06585,Female,35,Bengaluru,West Bengal,2024-03-05,Consumer
CUST06586,Customer_06586,Male,23,Ahmedabad,Maharashtra,2024-08-03,Consumer
CUST06587,Customer_06587,Male,67,Kolkata,Maharashtra,2025-05-07,Corporate
CUST06588,Customer_06588,Male,45,Mumbai,West Bengal,2023-09-10,Consumer
CUST06589,Customer_06589,Male,56,Ahmedabad,Gujarat,2024-07-16,Consumer
CUST06590,Customer_06590,Female,51,Chennai,Gujarat,2025-12-02,Consumer
CUST06591,Customer_06591,Male,68,Kolkata,Karnataka,2024-06-20,Consumer
CUST06592,Customer_06592,Male,58,Hyderabad,West Bengal,2025-06-16,Consumer
CUST06593,Customer_06593,Male,46,Pune,West Bengal,2023-09-27,Corporate
CUST06594,Customer_06594,Female,21,Chennai,Tamil Nadu,2024-09-07,Consumer
CUST06595,Customer_06595,Female,31,Ahmedabad,Maharashtra,2025-07-24,Consumer
CUST06596,Customer_06596,Male,22,Kolkata,Tamil Nadu,2023-10-22,Consumer
CUST06597,Customer_06597,Male,42,Delhi,Telangana,2025-06-01,Consumer
CUST06598,Customer_06598,Male,56,Hyderabad,Karnataka,2024-04-16,Consumer
CUST06599,Customer_06599,Female,25,Delhi,Gujarat,2025-03-27,Consumer
CUST06600,Customer_06600,Female,32,Mumbai,West Bengal,2023-02-14,Consumer
CUST06601,Customer_06601,Female,36,Bengaluru,Karnataka,2025-03-09,Consumer
CUST06602,Customer_06602,Female,28,Chennai,Karnataka,2025-05-29,Consumer
CUST06603,Customer_06603,Male,37,Kolkata,Tamil Nadu,2024-11-08,Consumer
CUST06604,Customer_06604,Female,53,Chennai,West Bengal,2023-07-26,Consumer
CUST06605,Customer_06605,Female,35,Delhi,Gujarat,2025-07-24,Consumer
CUST06606,Customer_06606,Male,31,Delhi,Gujarat,2024-03-17,Consumer
CUST06607,Customer_06607,Male,55,Bengaluru,Maharashtra,2025-12-24,Corporate
CUST06608,Customer_06608,Female,42,Kolkata,Maharashtra,2023-09-24,Consumer
CUST06609,Customer_06609,Female,33,Chennai,Tamil Nadu,2024-02-03,Corporate
CUST06610,Customer_06610,Male,35,Kolkata,Tamil Nadu,2023-08-12,Consumer
CUST06611,Customer_06611,Female,18,Bengaluru,Telangana,2024-10-26,Consumer
CUST06612,Customer_06612,Female,57,Delhi,Delhi,2025-07-23,Consumer
CUST06613,Customer_06613,Male,18,Ahmedabad,Delhi,2023-08-14,Consumer
CUST06614,Customer_06614,Male,18,Pune,Karnataka,2023-07-19,Corporate
CUST06615,Customer_06615,Male,68,Kolkata,Maharashtra,2024-05-18,Consumer
CUST06616,Customer_06616,Female,38,Delhi,Gujarat,2023-01-11,Corporate
CUST06617,Customer_06617,Male,42,Hyderabad,West Bengal,2025-06-27,Consumer
CUST06618,Customer_06618,Male,44,Delhi,Karnataka,2025-04-16,Consumer
CUST06619,Customer_06619,Female,27,Delhi,West Bengal,2025-09-05,Corporate
CUST06620,Customer_06620,Female,67,Kolkata,Gujarat,2023-10-04,Corporate
CUST06621,Customer_06621,Male,29,Pune,Maharashtra,2025-10-23,Consumer
CUST06622,Customer_06622,Male,45,Bengaluru,Maharashtra,2025-07-17,Consumer
CUST06623,Customer_06623,Male,66,Hyderabad,Telangana,2025-02-28,Consumer
CUST06624,Customer_06624,Female,49,Hyderabad,Tamil Nadu,2023-01-05,Premium
CUST06625,Customer_06625,Female,50,Chennai,West Bengal,2024-06-04,Consumer
CUST06626,Customer_06626,Male,25,Pune,Tamil Nadu,2023-10-07,Corporate
CUST06627,Customer_06627,Female,59,Ahmedabad,Tamil Nadu,2025-08-29,Consumer
CUST06628,Customer_06628,Female,43,Mumbai,Delhi,2023-11-13,Consumer
CUST06629,Customer_06629,Female,59,Chennai,Tamil Nadu,2023-05-07,Premium
CUST06630,Customer_06630,Female,67,Chennai,Delhi,2023-10-31,Premium
CUST06631,Customer_06631,Male,58,Ahmedabad,Gujarat,2025-01-18,Consumer
CUST06632,Customer_06632,Male,19,Chennai,Karnataka,2024-12-31,Consumer
CUST06633,Customer_06633,Female,52,Hyderabad,West Bengal,2024-05-04,Consumer
CUST06634,Customer_06634,Female,51,Bengaluru,Delhi,2024-03-12,Consumer
CUST06635,Customer_06635,Female,23,Kolkata,Maharashtra,2025-11-27,Consumer
CUST06636,Customer_06636,Male,48,Ahmedabad,Telangana,2024-04-27,Corporate
CUST06637,Customer_06637,Female,40,Delhi,West Bengal,2025-09-18,Consumer
CUST06638,Customer_06638,Female,29,Hyderabad,Telangana,2023-11-11,Consumer
CUST06639,Customer_06639,Male,68,Delhi,Maharashtra,2025-07-27,Consumer
CUST06640,Customer_06640,Male,45,Ahmedabad,Gujarat,2023-01-17,Consumer
CUST06641,Customer_06641,Female,32,Delhi,West Bengal,2025-07-28,Consumer
CUST06642,Customer_06642,Female,36,Mumbai,Karnataka,2025-09-06,Consumer
CUST06643,Customer_06643,Female,29,Kolkata,Telangana,2024-03-22,Consumer
CUST06644,Customer_06644,Female,67,Chennai,West Bengal,2023-10-06,Consumer
CUST06645,Customer_06645,Male,65,Mumbai,Maharashtra,2024-03-27,Consumer
CUST06646,Customer_06646,Male,19,Chennai,Telangana,2024-10-27,Premium
CUST06647,Customer_06647,Female,28,Hyderabad,Delhi,2024-08-28,Corporate
CUST06648,Customer_06648,Female,61,Delhi,Gujarat,2023-01-29,Premium
CUST06649,Customer_06649,Female,54,Mumbai,Telangana,2025-10-30,Consumer
CUST06650,Customer_06650,Female,55,Ahmedabad,Gujarat,2025-03-12,Consumer
CUST06651,Customer_06651,Male,42,Ahmedabad,Gujarat,2023-04-11,Corporate
CUST06652,Customer_06652,Female,60,Pune,Delhi,2024-10-14,Consumer
CUST06653,Customer_06653,Male,38,Hyderabad,West Bengal,2023-03-28,Premium
CUST06654,Customer_06654,Male,59,Hyderabad,Gujarat,2024-04-14,Consumer
CUST06655,Customer_06655,Male,53,Ahmedabad,Delhi,2024-10-01,Corporate
CUST06656,Customer_06656,Male,26,Pune,Telangana,2023-04-29,Corporate
CUST06657,Customer_06657,Male,29,Chennai,Telangana,2025-02-26,Consumer
CUST06658,Customer_06658,Male,27,Delhi,Gujarat,2024-01-12,Corporate
CUST06659,Customer_06659,Male,63,Chennai,Delhi,2024-03-03,Consumer
CUST06660,Customer_06660,Male,22,Chennai,Telangana,2024-12-20,Consumer
CUST06661,Customer_06661,Female,50,Hyderabad,Gujarat,2023-11-10,Consumer
CUST06662,Customer_06662,Male,22,Ahmedabad,West Bengal,2023-08-31,Corporate
CUST06663,Customer_06663,Male,33,Chennai,Karnataka,2025-09-11,Consumer
CUST06664,Customer_06664,Female,54,Bengaluru,Tamil Nadu,2024-09-18,Corporate
CUST06665,Customer_06665,Female,54,Pune,West Bengal,2023-01-16,Consumer
CUST06666,Customer_06666,Female,46,Kolkata,West Bengal,2024-05-30,Consumer
CUST06667,Customer_06667,Male,35,Pune,Tamil Nadu,2023-09-23,Consumer
CUST06668,Customer_06668,Female,46,Delhi,Maharashtra,2024-07-13,Consumer
CUST06669,Customer_06669,Male,23,Pune,Gujarat,2025-01-04,Consumer
CUST06670,Customer_06670,Male,35,Ahmedabad,Tamil Nadu,2024-12-16,Premium
CUST06671,Customer_06671,Male,49,Chennai,Karnataka,2023-01-20,Consumer
CUST06672,Customer_06672,Female,59,Chennai,Gujarat,2025-04-07,Consumer
CUST06673,Customer_06673,Male,64,Mumbai,Tamil Nadu,2023-01-11,Consumer
CUST06674,Customer_06674,Male,48,Delhi,Tamil Nadu,2025-11-09,Corporate
CUST06675,Customer_06675,Male,28,Delhi,Karnataka,2023-10-06,Consumer
CUST06676,Customer_06676,Female,43,Pune,Delhi,2025-06-13,Premium
CUST06677,Customer_06677,Female,45,Chennai,Tamil Nadu,2023-11-29,Consumer
CUST06678,Customer_06678,Male,44,Bengaluru,West Bengal,2025-02-16,Corporate
CUST06679,Customer_06679,Female,36,Ahmedabad,Maharashtra,2025-01-13,Corporate
CUST06680,Customer_06680,Female,62,Ahmedabad,West Bengal,2023-02-07,Premium
CUST06681,Customer_06681,Female,44,Mumbai,Tamil Nadu,2025-08-31,Consumer
CUST06682,Customer_06682,Male,37,Bengaluru,Tamil Nadu,2023-02-01,Consumer
CUST06683,Customer_06683,Female,20,Ahmedabad,Karnataka,2025-12-13,Premium
CUST06684,Customer_06684,Male,33,Chennai,Karnataka,2025-01-06,Corporate
CUST06685,Customer_06685,Female,56,Delhi,Gujarat,2024-09-10,Consumer
CUST06686,Customer_06686,Male,61,Delhi,Maharashtra,2025-09-11,Corporate
CUST06687,Customer_06687,Male,46,Kolkata,Telangana,2025-06-28,Consumer
CUST06688,Customer_06688,Male,32,Ahmedabad,Karnataka,2023-02-14,Consumer
CUST06689,Customer_06689,Female,47,Bengaluru,Telangana,2024-09-21,Consumer
CUST06690,Customer_06690,Male,57,Kolkata,Maharashtra,2023-10-21,Consumer
CUST06691,Customer_06691,Female,66,Kolkata,Tamil Nadu,2023-12-10,Corporate
CUST06692,Customer_06692,Male,18,Hyderabad,Gujarat,2025-09-27,Consumer
CUST06693,Customer_06693,Female,46,Ahmedabad,Tamil Nadu,2025-06-10,Consumer
CUST06694,Customer_06694,Female,47,Ahmedabad,West Bengal,2024-02-27,Consumer
CUST06695,Customer_06695,Female,57,Chennai,Gujarat,2023-06-16,Consumer
CUST06696,Customer_06696,Female,63,Delhi,Telangana,2023-09-26,Consumer
CUST06697,Customer_06697,Female,49,Pune,West Bengal,2025-07-18,Consumer
CUST06698,Customer_06698,Male,27,Hyderabad,Maharashtra,2025-12-17,Consumer
CUST06699,Customer_06699,Female,44,Delhi,Maharashtra,2025-05-29,Consumer
CUST06700,Customer_06700,Male,68,Pune,Karnataka,2023-02-28,Premium
CUST06701,Customer_06701,Female,25,Delhi,Telangana,2024-03-25,Consumer
CUST06702,Customer_06702,Female,68,Hyderabad,Gujarat,2023-08-05,Premium
CUST06703,Customer_06703,Male,53,Bengaluru,Karnataka,2023-09-01,Consumer
CUST06704,Customer_06704,Male,59,Chennai,Telangana,2023-04-13,Corporate
CUST06705,Customer_06705,Male,52,Kolkata,West Bengal,2024-05-31,Consumer
CUST06706,Customer_06706,Female,53,Hyderabad,Karnataka,2023-09-21,Consumer
CUST06707,Customer_06707,Female,65,Hyderabad,Karnataka,2023-08-29,Corporate
CUST06708,Customer_06708,Female,53,Kolkata,Maharashtra,2025-05-10,Consumer
CUST06709,Customer_06709,Female,42,Ahmedabad,Maharashtra,2025-01-03,Consumer
CUST06710,Customer_06710,Female,37,Delhi,Tamil Nadu,2025-07-19,Consumer
CUST06711,Customer_06711,Male,69,Ahmedabad,Tamil Nadu,2024-03-30,Consumer
CUST06712,Customer_06712,Male,62,Pune,Maharashtra,2025-09-12,Consumer
CUST06713,Customer_06713,Female,34,Kolkata,Maharashtra,2024-06-27,Consumer
CUST06714,Customer_06714,Female,40,Hyderabad,West Bengal,2025-05-14,Corporate
CUST06715,Customer_06715,Female,42,Ahmedabad,Karnataka,2024-01-09,Consumer
CUST06716,Customer_06716,Male,65,Chennai,Tamil Nadu,2025-11-13,Consumer
CUST06717,Customer_06717,Male,66,Kolkata,Maharashtra,2024-01-09,Consumer
CUST06718,Customer_06718,Male,48,Kolkata,Telangana,2025-08-18,Consumer
CUST06719,Customer_06719,Male,23,Bengaluru,Telangana,2024-10-01,Consumer
CUST06720,Customer_06720,Male,52,Pune,Tamil Nadu,2023-04-22,Consumer
CUST06721,Customer_06721,Female,69,Ahmedabad,Telangana,2024-05-07,Premium
CUST06722,Customer_06722,Male,21,Bengaluru,Gujarat,2023-10-21,Consumer
CUST06723,Customer_06723,Female,57,Ahmedabad,Karnataka,2024-02-26,Consumer
CUST06724,Customer_06724,Male,37,Bengaluru,Tamil Nadu,2023-05-29,Corporate
CUST06725,Customer_06725,Female,58,Chennai,Gujarat,2023-05-31,Consumer
CUST06726,Customer_06726,Male,18,Delhi,Maharashtra,2023-06-17,Consumer
CUST06727,Customer_06727,Male,62,Pune,West Bengal,2023-03-11,Consumer
CUST06728,Customer_06728,Male,43,Pune,West Bengal,2024-03-01,Corporate
CUST06729,Customer_06729,Female,51,Ahmedabad,Gujarat,2024-06-08,Corporate
CUST06730,Customer_06730,Female,27,Kolkata,Telangana,2023-07-31,Consumer
CUST06731,Customer_06731,Male,40,Chennai,Karnataka,2023-04-12,Premium
CUST06732,Customer_06732,Male,68,Ahmedabad,Maharashtra,2023-11-29,Premium
CUST06733,Customer_06733,Female,66,Pune,Delhi,2023-07-24,Consumer
CUST06734,Customer_06734,Male,41,Hyderabad,Karnataka,2023-08-17,Consumer
CUST06735,Customer_06735,Male,30,Mumbai,Telangana,2025-08-11,Consumer
CUST06736,Customer_06736,Female,46,Kolkata,Karnataka,2024-04-04,Consumer
CUST06737,Customer_06737,Female,63,Mumbai,West Bengal,2024-07-08,Corporate
CUST06738,Customer_06738,Male,44,Mumbai,Delhi,2025-06-08,Consumer
CUST06739,Customer_06739,Male,48,Bengaluru,Delhi,2024-09-27,Consumer
CUST06740,Customer_06740,Female,60,Ahmedabad,Karnataka,2025-11-09,Consumer
CUST06741,Customer_06741,Male,27,Pune,West Bengal,2025-07-19,Corporate
CUST06742,Customer_06742,Male,48,Ahmedabad,Maharashtra,2023-11-07,Consumer
CUST06743,Customer_06743,Female,56,Kolkata,West Bengal,2025-04-21,Consumer
CUST06744,Customer_06744,Female,27,Chennai,Gujarat,2024-11-10,Consumer
CUST06745,Customer_06745,Male,41,Pune,Maharashtra,2025-09-22,Consumer
CUST06746,Customer_06746,Other,50,Chennai,Delhi,2023-03-20,Consumer
CUST06747,Customer_06747,Female,31,Ahmedabad,Tamil Nadu,2023-09-03,Consumer
CUST06748,Customer_06748,Male,52,Pune,Tamil Nadu,2025-02-21,Consumer
CUST06749,Customer_06749,Other,62,Kolkata,Maharashtra,2024-04-16,Corporate
CUST06750,Customer_06750,Male,51,Ahmedabad,Tamil Nadu,2023-11-18,Consumer
CUST06751,Customer_06751,Male,34,Kolkata,Maharashtra,2023-05-21,Consumer
CUST06752,Customer_06752,Female,38,Bengaluru,Telangana,2023-11-09,Consumer
CUST06753,Customer_06753,Male,49,Kolkata,Maharashtra,2023-04-09,Consumer
CUST06754,Customer_06754,Male,20,Hyderabad,Telangana,2024-05-08,Corporate
CUST06755,Customer_06755,Male,32,Mumbai,Gujarat,2023-04-20,Consumer
CUST06756,Customer_06756,Male,25,Mumbai,Delhi,2024-04-28,Consumer
CUST06757,Customer_06757,Female,49,Pune,Tamil Nadu,2023-05-10,Consumer
CUST06758,Customer_06758,Female,55,Bengaluru,Gujarat,2025-04-19,Consumer
CUST06759,Customer_06759,Other,43,Mumbai,Gujarat,2024-05-20,Consumer
CUST06760,Customer_06760,Male,47,Pune,West Bengal,2025-02-07,Corporate
CUST06761,Customer_06761,Male,26,Kolkata,West Bengal,2023-07-29,Corporate
CUST06762,Customer_06762,Male,49,Delhi,Delhi,2023-12-27,Consumer
CUST06763,Customer_06763,Male,28,Pune,Karnataka,2023-06-03,Consumer
CUST06764,Customer_06764,Male,39,Chennai,Karnataka,2024-06-16,Corporate
CUST06765,Customer_06765,Female,51,Mumbai,Gujarat,2023-11-06,Consumer
CUST06766,Customer_06766,Female,58,Mumbai,Gujarat,2024-04-18,Corporate
CUST06767,Customer_06767,Female,35,Delhi,West Bengal,2025-01-05,Consumer
CUST06768,Customer_06768,Male,36,Kolkata,Delhi,2024-09-27,Consumer
CUST06769,Customer_06769,Female,35,Hyderabad,Maharashtra,2025-05-25,Premium
CUST06770,Customer_06770,Male,54,Ahmedabad,Maharashtra,2023-10-27,Consumer
CUST06771,Customer_06771,Male,35,Pune,Tamil Nadu,2023-12-07,Consumer
CUST06772,Customer_06772,Female,29,Hyderabad,Delhi,2025-10-24,Consumer
CUST06773,Customer_06773,Female,21,Pune,Karnataka,2024-09-26,Consumer
CUST06774,Customer_06774,Male,64,Delhi,Delhi,2024-07-07,Corporate
CUST06775,Customer_06775,Male,60,Hyderabad,Delhi,2024-02-24,Premium
CUST06776,Customer_06776,Male,44,Bengaluru,West Bengal,2025-01-06,Corporate
CUST06777,Customer_06777,Female,68,Delhi,Tamil Nadu,2024-01-24,Consumer
CUST06778,Customer_06778,Male,22,Kolkata,Maharashtra,2023-01-11,Premium
CUST06779,Customer_06779,Other,23,Ahmedabad,Gujarat,2024-08-30,Corporate
CUST06780,Customer_06780,Male,30,Pune,Karnataka,2023-10-05,Corporate
CUST06781,Customer_06781,Male,40,Chennai,Tamil Nadu,2025-10-14,Corporate
CUST06782,Customer_06782,Male,59,Kolkata,Karnataka,2023-08-19,Consumer
CUST06783,Customer_06783,Female,42,Kolkata,Karnataka,2023-05-18,Consumer
CUST06784,Customer_06784,Male,63,Chennai,Maharashtra,2025-09-23,Consumer
CUST06785,Customer_06785,Female,21,Chennai,Gujarat,2024-06-14,Corporate
CUST06786,Customer_06786,Female,69,Pune,Gujarat,2024-08-29,Consumer
CUST06787,Customer_06787,Female,49,Kolkata,West Bengal,2025-11-06,Consumer
CUST06788,Customer_06788,Female,61,Mumbai,Maharashtra,2025-03-02,Consumer
CUST06789,Customer_06789,Female,32,Delhi,Tamil Nadu,2023-03-22,Consumer
CUST06790,Customer_06790,Female,43,Delhi,Telangana,2024-11-27,Corporate
CUST06791,Customer_06791,Female,59,Ahmedabad,Tamil Nadu,2023-08-01,Consumer
CUST06792,Customer_06792,Male,28,Hyderabad,Tamil Nadu,2023-07-25,Consumer
CUST06793,Customer_06793,Male,26,Delhi,Telangana,2025-06-18,Corporate
CUST06794,Customer_06794,Male,28,Ahmedabad,Karnataka,2025-01-17,Premium
CUST06795,Customer_06795,Male,19,Ahmedabad,Delhi,2025-05-26,Consumer
CUST06796,Customer_06796,Male,62,Kolkata,Telangana,2024-08-04,Consumer
CUST06797,Customer_06797,Female,44,Delhi,Delhi,2024-01-30,Corporate
CUST06798,Customer_06798,Male,43,Kolkata,Karnataka,2023-12-03,Premium
CUST06799,Customer_06799,Male,25,Hyderabad,Telangana,2025-03-09,Consumer
CUST06800,Customer_06800,Female,38,Delhi,Maharashtra,2025-02-19,Consumer
CUST06801,Customer_06801,Male,38,Delhi,Tamil Nadu,2023-10-06,Consumer
CUST06802,Customer_06802,Male,25,Ahmedabad,Telangana,2023-09-06,Consumer
CUST06803,Customer_06803,Male,18,Bengaluru,Telangana,2025-04-12,Corporate
CUST06804,Customer_06804,Male,55,Pune,Karnataka,2025-11-19,Consumer
CUST06805,Customer_06805,Male,30,Hyderabad,Maharashtra,2025-06-30,Consumer
CUST06806,Customer_06806,Female,26,Bengaluru,Telangana,2025-07-27,Consumer
CUST06807,Customer_06807,Female,45,Mumbai,Maharashtra,2024-06-07,Consumer
CUST06808,Customer_06808,Male,23,Hyderabad,Delhi,2024-04-04,Consumer
CUST06809,Customer_06809,Male,64,Kolkata,Telangana,2024-01-30,Consumer
CUST06810,Customer_06810,Male,40,Pune,Maharashtra,2024-02-17,Consumer
CUST06811,Customer_06811,Female,65,Delhi,Tamil Nadu,2023-04-27,Consumer
CUST06812,Customer_06812,Male,53,Kolkata,Karnataka,2023-04-19,Premium
CUST06813,Customer_06813,Male,34,Delhi,Gujarat,2023-08-24,Consumer
CUST06814,Customer_06814,Female,26,Bengaluru,Maharashtra,2025-04-05,Consumer
CUST06815,Customer_06815,Male,29,Bengaluru,Karnataka,2025-10-06,Consumer
CUST06816,Customer_06816,Male,39,Mumbai,Gujarat,2025-06-27,Consumer
CUST06817,Customer_06817,Male,68,Mumbai,Telangana,2024-01-31,Consumer
CUST06818,Customer_06818,Female,69,Pune,Telangana,2025-09-03,Consumer
CUST06819,Customer_06819,Female,29,Delhi,Delhi,2023-01-01,Corporate
CUST06820,Customer_06820,Female,23,Kolkata,Karnataka,2023-01-08,Consumer
CUST06821,Customer_06821,Male,61,Chennai,Tamil Nadu,2023-05-24,Corporate
CUST06822,Customer_06822,Female,26,Kolkata,West Bengal,2023-10-02,Consumer
CUST06823,Customer_06823,Female,69,Ahmedabad,Tamil Nadu,2023-10-14,Consumer
CUST06824,Customer_06824,Female,54,Mumbai,Maharashtra,2024-05-04,Consumer
CUST06825,Customer_06825,Male,20,Delhi,Tamil Nadu,2024-09-24,Corporate
CUST06826,Customer_06826,Female,51,Kolkata,Gujarat,2024-12-29,Consumer
CUST06827,Customer_06827,Male,25,Kolkata,Karnataka,2023-01-31,Corporate
CUST06828,Customer_06828,Male,27,Mumbai,Telangana,2025-08-21,Consumer
CUST06829,Customer_06829,Female,64,Ahmedabad,Karnataka,2023-09-01,Premium
CUST06830,Customer_06830,Male,58,Kolkata,Karnataka,2023-05-20,Consumer
CUST06831,Customer_06831,Female,59,Kolkata,Telangana,2024-02-05,Premium
CUST06832,Customer_06832,Male,60,Hyderabad,Gujarat,2024-12-25,Consumer
CUST06833,Customer_06833,Female,26,Ahmedabad,Karnataka,2025-09-08,Consumer
CUST06834,Customer_06834,Female,31,Bengaluru,Tamil Nadu,2023-06-13,Consumer
CUST06835,Customer_06835,Female,54,Delhi,Maharashtra,2023-04-14,Consumer
CUST06836,Customer_06836,Male,44,Kolkata,West Bengal,2023-03-04,Consumer
CUST06837,Customer_06837,Male,58,Mumbai,Maharashtra,2023-01-15,Corporate
CUST06838,Customer_06838,Female,49,Bengaluru,Karnataka,2023-06-28,Consumer
CUST06839,Customer_06839,Male,21,Ahmedabad,Gujarat,2024-03-16,Consumer
CUST06840,Customer_06840,Female,19,Kolkata,Telangana,2024-06-08,Consumer
CUST06841,Customer_06841,Female,68,Kolkata,Delhi,2024-12-27,Consumer
CUST06842,Customer_06842,Male,50,Chennai,Gujarat,2023-11-07,Consumer
CUST06843,Customer_06843,Male,38,Mumbai,Karnataka,2025-01-07,Consumer
CUST06844,Customer_06844,Male,18,Delhi,Karnataka,2023-05-10,Premium
CUST06845,Customer_06845,Female,61,Hyderabad,Delhi,2025-08-25,Consumer
CUST06846,Customer_06846,Male,28,Bengaluru,Maharashtra,2025-07-15,Premium
CUST06847,Customer_06847,Male,18,Ahmedabad,Gujarat,2025-11-14,Consumer
CUST06848,Customer_06848,Male,63,Bengaluru,Maharashtra,2025-10-08,Consumer
CUST06849,Customer_06849,Female,28,Hyderabad,West Bengal,2024-03-24,Corporate
CUST06850,Customer_06850,Male,24,Delhi,Delhi,2023-06-09,Consumer
CUST06851,Customer_06851,Male,19,Pune,Telangana,2024-11-18,Premium
CUST06852,Customer_06852,Female,32,Ahmedabad,West Bengal,2025-04-27,Consumer
CUST06853,Customer_06853,Female,25,Chennai,Karnataka,2024-05-04,Consumer
CUST06854,Customer_06854,Female,69,Pune,Tamil Nadu,2023-10-07,Premium
CUST06855,Customer_06855,Male,64,Ahmedabad,Maharashtra,2023-03-22,Consumer
CUST06856,Customer_06856,Male,43,Kolkata,Maharashtra,2023-06-19,Premium
CUST06857,Customer_06857,Female,57,Hyderabad,Gujarat,2024-01-15,Consumer
CUST06858,Customer_06858,Male,59,Chennai,West Bengal,2025-05-09,Corporate
CUST06859,Customer_06859,Female,68,Delhi,West Bengal,2023-04-21,Consumer
CUST06860,Customer_06860,Female,52,Mumbai,Maharashtra,2023-06-13,Consumer
CUST06861,Customer_06861,Male,69,Mumbai,Telangana,2024-02-19,Consumer
CUST06862,Customer_06862,Female,63,Ahmedabad,Delhi,2024-10-01,Consumer
CUST06863,Customer_06863,Female,58,Ahmedabad,Telangana,2023-06-04,Consumer
CUST06864,Customer_06864,Male,58,Pune,Maharashtra,2023-07-13,Consumer
CUST06865,Customer_06865,Female,38,Delhi,Gujarat,2024-11-15,Corporate
CUST06866,Customer_06866,Male,55,Chennai,Karnataka,2025-04-04,Corporate
CUST06867,Customer_06867,Male,25,Ahmedabad,Maharashtra,2023-01-21,Consumer
CUST06868,Customer_06868,Male,60,Ahmedabad,Karnataka,2025-04-02,Consumer
CUST06869,Customer_06869,Female,49,Pune,Gujarat,2025-10-19,Corporate
CUST06870,Customer_06870,Female,25,Hyderabad,Karnataka,2023-04-19,Corporate
CUST06871,Customer_06871,Female,61,Pune,Maharashtra,2024-02-03,Corporate
CUST06872,Customer_06872,Male,27,Delhi,Maharashtra,2025-07-18,Corporate
CUST06873,Customer_06873,Female,40,Kolkata,Karnataka,2025-05-21,Consumer
CUST06874,Customer_06874,Male,21,Delhi,Telangana,2023-05-09,Consumer
CUST06875,Customer_06875,Female,65,Mumbai,Telangana,2023-10-07,Consumer
CUST06876,Customer_06876,Male,69,Hyderabad,Gujarat,2024-03-02,Corporate
CUST06877,Customer_06877,Male,55,Mumbai,Telangana,2025-11-16,Consumer
CUST06878,Customer_06878,Male,47,Chennai,West Bengal,2025-06-23,Consumer
CUST06879,Customer_06879,Female,58,Chennai,Tamil Nadu,2023-12-10,Consumer
CUST06880,Customer_06880,Male,40,Bengaluru,Karnataka,2024-08-26,Consumer
CUST06881,Customer_06881,Female,22,Delhi,Tamil Nadu,2023-07-15,Consumer
CUST06882,Customer_06882,Male,38,Hyderabad,Tamil Nadu,2025-06-11,Consumer
CUST06883,Customer_06883,Male,23,Hyderabad,West Bengal,2025-01-02,Corporate
CUST06884,Customer_06884,Male,66,Mumbai,Karnataka,2023-06-05,Consumer
CUST06885,Customer_06885,Female,34,Pune,Tamil Nadu,2024-03-15,Premium
CUST06886,Customer_06886,Female,42,Pune,Gujarat,2023-04-11,Consumer
CUST06887,Customer_06887,Male,41,Mumbai,Gujarat,2025-01-17,Corporate
CUST06888,Customer_06888,Male,39,Kolkata,Karnataka,2024-05-14,Corporate
CUST06889,Customer_06889,Male,30,Pune,Delhi,2025-12-28,Consumer
CUST06890,Customer_06890,Female,34,Hyderabad,Delhi,2024-01-21,Corporate
CUST06891,Customer_06891,Male,31,Ahmedabad,West Bengal,2023-05-18,Corporate
CUST06892,Customer_06892,Female,51,Ahmedabad,Karnataka,2023-09-05,Consumer
CUST06893,Customer_06893,Female,43,Ahmedabad,Karnataka,2023-04-13,Corporate
CUST06894,Customer_06894,Male,36,Mumbai,Karnataka,2024-05-24,Premium
CUST06895,Customer_06895,Female,43,Ahmedabad,Telangana,2024-12-27,Consumer
CUST06896,Customer_06896,Female,20,Pune,Karnataka,2023-03-28,Premium
CUST06897,Customer_06897,Female,19,Bengaluru,Gujarat,2025-05-29,Consumer
CUST06898,Customer_06898,Male,45,Delhi,Gujarat,2025-07-19,Consumer
CUST06899,Customer_06899,Male,19,Bengaluru,Maharashtra,2025-10-03,Consumer
CUST06900,Customer_06900,Male,39,Pune,Delhi,2025-10-10,Consumer
CUST06901,Customer_06901,Male,24,Chennai,Delhi,2023-09-15,Consumer
CUST06902,Customer_06902,Male,21,Hyderabad,West Bengal,2023-09-30,Corporate
CUST06903,Customer_06903,Male,66,Bengaluru,Karnataka,2025-05-12,Consumer
CUST06904,Customer_06904,Female,55,Bengaluru,Delhi,2025-04-27,Consumer
CUST06905,Customer_06905,Male,56,Mumbai,Karnataka,2025-11-13,Consumer
CUST06906,Customer_06906,Male,37,Mumbai,Karnataka,2025-04-04,Consumer
CUST06907,Customer_06907,Male,23,Mumbai,Delhi,2024-08-17,Consumer
CUST06908,Customer_06908,Female,26,Pune,Delhi,2024-02-04,Consumer
CUST06909,Customer_06909,Female,69,Kolkata,Maharashtra,2023-12-19,Consumer
CUST06910,Customer_06910,Male,48,Kolkata,West Bengal,2025-03-14,Corporate
CUST06911,Customer_06911,Male,43,Ahmedabad,Tamil Nadu,2023-01-10,Consumer
CUST06912,Customer_06912,Female,53,Chennai,Maharashtra,2025-12-02,Consumer
CUST06913,Customer_06913,Male,43,Bengaluru,Maharashtra,2025-12-10,Consumer
CUST06914,Customer_06914,Male,45,Delhi,Delhi,2024-12-19,Consumer
CUST06915,Customer_06915,Male,22,Ahmedabad,West Bengal,2023-04-17,Consumer
CUST06916,Customer_06916,Male,68,Ahmedabad,Gujarat,2025-02-09,Consumer
CUST06917,Customer_06917,Male,27,Mumbai,West Bengal,2024-05-04,Corporate
CUST06918,Customer_06918,Female,35,Chennai,Maharashtra,2024-11-05,Corporate
CUST06919,Customer_06919,Female,32,Pune,Gujarat,2024-04-19,Consumer
CUST06920,Customer_06920,Male,50,Ahmedabad,Delhi,2024-08-03,Corporate
CUST06921,Customer_06921,Female,22,Chennai,Telangana,2025-04-26,Consumer
CUST06922,Customer_06922,Male,54,Mumbai,Karnataka,2024-04-04,Consumer
CUST06923,Customer_06923,Male,57,Hyderabad,Tamil Nadu,2024-02-29,Corporate
CUST06924,Customer_06924,Female,39,Ahmedabad,Gujarat,2023-11-25,Corporate
CUST06925,Customer_06925,Female,39,Bengaluru,Telangana,2025-02-05,Corporate
CUST06926,Customer_06926,Male,39,Mumbai,Gujarat,2024-05-20,Consumer
CUST06927,Customer_06927,Male,69,Delhi,Karnataka,2024-09-19,Consumer
CUST06928,Customer_06928,Female,32,Bengaluru,Karnataka,2024-04-22,Corporate
CUST06929,Customer_06929,Female,34,Chennai,West Bengal,2023-01-14,Consumer
CUST06930,Customer_06930,Female,68,Kolkata,Tamil Nadu,2025-06-08,Premium
CUST06931,Customer_06931,Male,62,Delhi,Maharashtra,2024-12-27,Consumer
CUST06932,Customer_06932,Male,45,Bengaluru,Karnataka,2025-10-07,Consumer
CUST06933,Customer_06933,Male,39,Ahmedabad,Tamil Nadu,2025-01-15,Consumer
CUST06934,Customer_06934,Male,38,Ahmedabad,Gujarat,2023-06-29,Consumer
CUST06935,Customer_06935,Female,59,Delhi,Gujarat,2024-07-19,Consumer
CUST06936,Customer_06936,Male,34,Chennai,Gujarat,2023-11-01,Consumer
CUST06937,Customer_06937,Male,22,Ahmedabad,West Bengal,2024-04-19,Consumer
CUST06938,Customer_06938,Female,35,Ahmedabad,Gujarat,2025-06-17,Consumer
CUST06939,Customer_06939,Female,34,Mumbai,Gujarat,2024-06-07,Consumer
CUST06940,Customer_06940,Male,21,Kolkata,Delhi,2024-02-25,Consumer
CUST06941,Customer_06941,Female,24,Delhi,Karnataka,2024-02-15,Consumer
CUST06942,Customer_06942,Female,42,Mumbai,West Bengal,2024-11-11,Corporate
CUST06943,Customer_06943,Female,54,Kolkata,Karnataka,2024-09-07,Consumer
CUST06944,Customer_06944,Male,57,Chennai,Maharashtra,2024-06-06,Corporate
CUST06945,Customer_06945,Female,57,Kolkata,West Bengal,2023-11-25,Consumer
CUST06946,Customer_06946,Female,60,Chennai,Maharashtra,2023-09-29,Consumer
CUST06947,Customer_06947,Male,26,Ahmedabad,West Bengal,2023-01-14,Premium
CUST06948,Customer_06948,Male,36,Delhi,Delhi,2023-06-24,Consumer
CUST06949,Customer_06949,Female,68,Delhi,Karnataka,2023-06-07,Consumer
CUST06950,Customer_06950,Male,26,Chennai,West Bengal,2024-09-13,Consumer
CUST06951,Customer_06951,Female,40,Delhi,Maharashtra,2023-08-22,Consumer
CUST06952,Customer_06952,Male,48,Ahmedabad,West Bengal,2023-05-21,Corporate
CUST06953,Customer_06953,Male,49,Delhi,Tamil Nadu,2023-04-29,Corporate
CUST06954,Customer_06954,Male,69,Delhi,Gujarat,2024-01-17,Premium
CUST06955,Customer_06955,Female,48,Pune,Gujarat,2024-11-19,Consumer
CUST06956,Customer_06956,Male,34,Delhi,Karnataka,2023-02-18,Premium
CUST06957,Customer_06957,Female,65,Bengaluru,Gujarat,2023-05-29,Consumer
CUST06958,Customer_06958,Female,56,Chennai,Gujarat,2023-06-06,Consumer
CUST06959,Customer_06959,Female,39,Chennai,Tamil Nadu,2024-08-26,Consumer
CUST06960,Customer_06960,Female,52,Hyderabad,Telangana,2023-06-01,Consumer
CUST06961,Customer_06961,Female,47,Mumbai,Delhi,2024-01-11,Corporate
CUST06962,Customer_06962,Male,68,Hyderabad,Maharashtra,2024-11-12,Consumer
CUST06963,Customer_06963,Female,57,Delhi,Telangana,2024-08-18,Consumer
CUST06964,Customer_06964,Female,54,Delhi,Maharashtra,2025-12-07,Premium
CUST06965,Customer_06965,Male,43,Ahmedabad,Telangana,2024-08-11,Corporate
CUST06966,Customer_06966,Male,23,Ahmedabad,Gujarat,2025-10-19,Consumer
CUST06967,Customer_06967,Female,51,Kolkata,Maharashtra,2025-02-14,Consumer
CUST06968,Customer_06968,Male,49,Bengaluru,Delhi,2024-09-23,Consumer
CUST06969,Customer_06969,Female,42,Bengaluru,Karnataka,2023-09-19,Consumer
CUST06970,Customer_06970,Male,68,Bengaluru,Tamil Nadu,2025-04-21,Consumer
CUST06971,Customer_06971,Male,30,Bengaluru,Telangana,2025-12-11,Consumer
CUST06972,Customer_06972,Female,55,Bengaluru,Tamil Nadu,2024-05-03,Consumer
CUST06973,Customer_06973,Male,55,Bengaluru,Tamil Nadu,2023-09-08,Consumer
CUST06974,Customer_06974,Male,19,Bengaluru,Maharashtra,2023-11-10,Consumer
CUST06975,Customer_06975,Female,22,Bengaluru,Karnataka,2025-12-15,Consumer
CUST06976,Customer_06976,Male,28,Kolkata,Maharashtra,2025-01-22,Corporate
CUST06977,Customer_06977,Female,28,Pune,Tamil Nadu,2025-10-03,Corporate
CUST06978,Customer_06978,Female,41,Bengaluru,Gujarat,2023-06-13,Consumer
CUST06979,Customer_06979,Female,31,Chennai,West Bengal,2025-09-01,Corporate
CUST06980,Customer_06980,Male,62,Bengaluru,Delhi,2023-05-13,Consumer
CUST06981,Customer_06981,Male,47,Mumbai,Karnataka,2023-03-22,Premium
CUST06982,Customer_06982,Female,57,Bengaluru,Karnataka,2023-12-16,Consumer
CUST06983,Customer_06983,Female,64,Pune,Gujarat,2023-05-14,Consumer
CUST06984,Customer_06984,Female,61,Kolkata,Tamil Nadu,2025-09-01,Consumer
CUST06985,Customer_06985,Female,52,Ahmedabad,Maharashtra,2025-12-11,Consumer
CUST06986,Customer_06986,Male,38,Ahmedabad,Gujarat,2024-05-08,Consumer
CUST06987,Customer_06987,Male,22,Delhi,Delhi,2023-07-21,Corporate
CUST06988,Customer_06988,Male,55,Pune,Telangana,2024-12-10,Consumer
CUST06989,Customer_06989,Male,19,Pune,Maharashtra,2024-09-09,Premium
CUST06990,Customer_06990,Male,57,Delhi,Karnataka,2025-01-25,Consumer
CUST06991,Customer_06991,Female,54,Bengaluru,Gujarat,2025-08-30,Consumer
CUST06992,Customer_06992,Male,66,Kolkata,Maharashtra,2025-11-03,Corporate
CUST06993,Customer_06993,Male,51,Kolkata,Telangana,2023-06-14,Consumer
CUST06994,Customer_06994,Male,28,Bengaluru,West Bengal,2024-07-14,Consumer
CUST06995,Customer_06995,Female,53,Delhi,West Bengal,2024-08-04,Consumer
CUST06996,Customer_06996,Female,28,Mumbai,Delhi,2023-04-29,Corporate
CUST06997,Customer_06997,Female,26,Hyderabad,West Bengal,2024-11-23,Consumer
CUST06998,Customer_06998,Female,23,Chennai,West Bengal,2023-12-01,Premium
CUST06999,Customer_06999,Male,51,Delhi,Gujarat,2024-09-28,Corporate
CUST07000,Customer_07000,Female,64,Bengaluru,Delhi,2023-08-19,Corporate
CUST07001,Customer_07001,Male,54,Chennai,Telangana,2023-11-07,Premium
CUST07002,Customer_07002,Male,49,Ahmedabad,Telangana,2023-01-03,Consumer
CUST07003,Customer_07003,Female,29,Ahmedabad,West Bengal,2024-11-15,Corporate
CUST07004,Customer_07004,Female,62,Bengaluru,Tamil Nadu,2023-03-22,Consumer
CUST07005,Customer_07005,Male,49,Hyderabad,Karnataka,2024-01-23,Consumer
CUST07006,Customer_07006,Male,34,Hyderabad,Tamil Nadu,2025-04-06,Premium
CUST07007,Customer_07007,Female,21,Delhi,Maharashtra,2023-08-07,Corporate
CUST07008,Customer_07008,Male,59,Chennai,Telangana,2024-10-13,Consumer
CUST07009,Customer_07009,Male,50,Pune,Tamil Nadu,2023-03-04,Consumer
CUST07010,Customer_07010,Male,60,Kolkata,Karnataka,2024-03-15,Corporate
CUST07011,Customer_07011,Male,65,Kolkata,Karnataka,2025-11-16,Consumer
CUST07012,Customer_07012,Female,60,Chennai,Telangana,2024-12-08,Corporate
CUST07013,Customer_07013,Male,26,Ahmedabad,Gujarat,2023-07-29,Corporate
CUST07014,Customer_07014,Male,51,Pune,Tamil Nadu,2025-11-11,Consumer
CUST07015,Customer_07015,Female,56,Ahmedabad,Delhi,2025-11-08,Corporate
CUST07016,Customer_07016,Female,68,Hyderabad,Telangana,2024-05-23,Corporate
CUST07017,Customer_07017,Male,47,Bengaluru,West Bengal,2024-11-04,Consumer
CUST07018,Customer_07018,Male,67,Kolkata,Maharashtra,2024-10-12,Consumer
CUST07019,Customer_07019,Male,37,Pune,Tamil Nadu,2025-06-06,Corporate
CUST07020,Customer_07020,Female,56,Pune,Tamil Nadu,2023-02-06,Consumer
CUST07021,Customer_07021,Female,40,Delhi,Telangana,2024-02-11,Consumer
CUST07022,Customer_07022,Female,58,Mumbai,Gujarat,2024-02-28,Consumer
CUST07023,Customer_07023,Female,61,Hyderabad,Tamil Nadu,2024-11-13,Consumer
CUST07024,Customer_07024,Female,52,Pune,Tamil Nadu,2023-12-04,Consumer
CUST07025,Customer_07025,Female,40,Ahmedabad,Maharashtra,2025-07-07,Consumer
CUST07026,Customer_07026,Female,65,Ahmedabad,Gujarat,2025-02-05,Consumer
CUST07027,Customer_07027,Male,56,Hyderabad,Maharashtra,2024-10-13,Consumer
CUST07028,Customer_07028,Other,40,Ahmedabad,Delhi,2025-08-05,Consumer
CUST07029,Customer_07029,Male,54,Delhi,Maharashtra,2025-12-17,Premium
CUST07030,Customer_07030,Male,40,Bengaluru,West Bengal,2024-01-11,Corporate
CUST07031,Customer_07031,Female,56,Chennai,Delhi,2024-02-11,Consumer
CUST07032,Customer_07032,Male,45,Hyderabad,Maharashtra,2023-02-25,Consumer
CUST07033,Customer_07033,Female,36,Delhi,Delhi,2024-04-19,Consumer
CUST07034,Customer_07034,Female,66,Delhi,Gujarat,2023-01-17,Consumer
CUST07035,Customer_07035,Male,65,Delhi,Maharashtra,2024-03-08,Consumer
CUST07036,Customer_07036,Female,47,Kolkata,Maharashtra,2023-08-25,Corporate
CUST07037,Customer_07037,Male,38,Ahmedabad,Telangana,2023-11-03,Consumer
CUST07038,Customer_07038,Male,41,Kolkata,Maharashtra,2024-03-08,Consumer
CUST07039,Customer_07039,Female,38,Kolkata,Delhi,2023-01-24,Corporate
CUST07040,Customer_07040,Female,43,Chennai,Telangana,2025-10-10,Consumer
CUST07041,Customer_07041,Female,68,Kolkata,Delhi,2024-11-11,Consumer
CUST07042,Customer_07042,Male,67,Hyderabad,Maharashtra,2025-08-09,Corporate
CUST07043,Customer_07043,Female,68,Pune,Maharashtra,2024-02-19,Consumer
CUST07044,Customer_07044,Male,53,Delhi,Delhi,2025-01-22,Consumer
CUST07045,Customer_07045,Female,43,Chennai,Gujarat,2024-02-20,Consumer
CUST07046,Customer_07046,Male,50,Kolkata,Gujarat,2025-05-25,Consumer
CUST07047,Customer_07047,Female,53,Bengaluru,West Bengal,2025-03-20,Consumer
CUST07048,Customer_07048,Male,21,Mumbai,Gujarat,2025-06-08,Premium
CUST07049,Customer_07049,Male,26,Hyderabad,Tamil Nadu,2024-11-07,Consumer
CUST07050,Customer_07050,Male,25,Chennai,Telangana,2024-02-04,Consumer
CUST07051,Customer_07051,Female,19,Mumbai,Telangana,2025-05-02,Consumer
CUST07052,Customer_07052,Female,46,Mumbai,Gujarat,2023-05-21,Consumer
CUST07053,Customer_07053,Female,40,Kolkata,Maharashtra,2024-01-13,Corporate
CUST07054,Customer_07054,Male,23,Chennai,Telangana,2024-03-25,Consumer
CUST07055,Customer_07055,Female,60,Ahmedabad,Delhi,2025-06-06,Consumer
CUST07056,Customer_07056,Male,53,Pune,Maharashtra,2025-04-29,Corporate
CUST07057,Customer_07057,Female,63,Pune,Telangana,2023-04-02,Consumer
CUST07058,Customer_07058,Male,38,Chennai,Karnataka,2024-04-29,Corporate
CUST07059,Customer_07059,Female,39,Chennai,Telangana,2024-02-25,Consumer
CUST07060,Customer_07060,Female,26,Delhi,Gujarat,2024-12-16,Consumer
CUST07061,Customer_07061,Female,51,Bengaluru,Delhi,2024-07-05,Consumer
CUST07062,Customer_07062,Female,43,Pune,Telangana,2025-06-22,Consumer
CUST07063,Customer_07063,Female,18,Delhi,West Bengal,2025-12-13,Consumer
CUST07064,Customer_07064,Female,53,Ahmedabad,Tamil Nadu,2024-08-23,Consumer
CUST07065,Customer_07065,Male,61,Mumbai,Gujarat,2023-07-04,Corporate
CUST07066,Customer_07066,Female,22,Mumbai,West Bengal,2025-08-22,Consumer
CUST07067,Customer_07067,Male,58,Mumbai,West Bengal,2025-05-01,Corporate
CUST07068,Customer_07068,Female,39,Chennai,Tamil Nadu,2023-07-10,Consumer
CUST07069,Customer_07069,Male,21,Ahmedabad,Maharashtra,2023-07-18,Premium
CUST07070,Customer_07070,Male,65,Hyderabad,Tamil Nadu,2023-12-10,Premium
CUST07071,Customer_07071,Male,19,Delhi,Delhi,2023-06-23,Consumer
CUST07072,Customer_07072,Male,33,Hyderabad,Karnataka,2023-08-05,Corporate
CUST07073,Customer_07073,Female,33,Kolkata,Karnataka,2023-06-23,Premium
CUST07074,Customer_07074,Male,39,Bengaluru,Maharashtra,2023-03-19,Consumer
CUST07075,Customer_07075,Female,60,Bengaluru,Maharashtra,2024-07-29,Consumer
CUST07076,Customer_07076,Male,18,Delhi,Tamil Nadu,2025-04-20,Consumer
CUST07077,Customer_07077,Female,32,Mumbai,West Bengal,2024-03-12,Consumer
CUST07078,Customer_07078,Female,41,Kolkata,Delhi,2023-07-18,Corporate
CUST07079,Customer_07079,Female,21,Pune,Tamil Nadu,2024-08-24,Corporate
CUST07080,Customer_07080,Female,35,Ahmedabad,Delhi,2025-10-27,Premium
CUST07081,Customer_07081,Male,34,Bengaluru,Delhi,2025-09-30,Consumer
CUST07082,Customer_07082,Female,24,Hyderabad,Karnataka,2024-09-25,Consumer
CUST07083,Customer_07083,Male,67,Hyderabad,West Bengal,2024-09-19,Consumer
CUST07084,Customer_07084,Male,62,Pune,Delhi,2024-06-08,Corporate
CUST07085,Customer_07085,Female,69,Chennai,Telangana,2025-08-20,Consumer
CUST07086,Customer_07086,Male,69,Mumbai,Delhi,2025-11-09,Premium
CUST07087,Customer_07087,Female,27,Chennai,Karnataka,2023-09-11,Premium
CUST07088,Customer_07088,Female,18,Delhi,Gujarat,2024-08-20,Consumer
CUST07089,Customer_07089,Male,19,Bengaluru,Tamil Nadu,2024-07-26,Consumer
CUST07090,Customer_07090,Male,66,Pune,Delhi,2025-06-11,Consumer
CUST07091,Customer_07091,Male,39,Pune,Telangana,2023-08-03,Consumer
CUST07092,Customer_07092,Female,49,Pune,Maharashtra,2025-06-02,Premium
CUST07093,Customer_07093,Female,46,Chennai,Tamil Nadu,2024-08-24,Consumer
CUST07094,Customer_07094,Male,52,Ahmedabad,Maharashtra,2024-07-21,Corporate
CUST07095,Customer_07095,Male,34,Chennai,Telangana,2024-08-28,Consumer
CUST07096,Customer_07096,Female,29,Delhi,Karnataka,2024-07-05,Consumer
CUST07097,Customer_07097,Female,41,Hyderabad,Gujarat,2023-12-03,Corporate
CUST07098,Customer_07098,Male,47,Hyderabad,West Bengal,2023-11-15,Consumer
CUST07099,Customer_07099,Male,61,Kolkata,Karnataka,2024-04-10,Consumer
CUST07100,Customer_07100,Female,47,Delhi,Gujarat,2024-12-29,Corporate
CUST07101,Customer_07101,Male,37,Ahmedabad,West Bengal,2025-06-18,Corporate
CUST07102,Customer_07102,Male,59,Pune,Tamil Nadu,2023-12-17,Consumer
CUST07103,Customer_07103,Female,24,Hyderabad,Delhi,2025-12-21,Consumer
CUST07104,Customer_07104,Female,59,Delhi,Delhi,2025-08-07,Consumer
CUST07105,Customer_07105,Male,67,Hyderabad,Maharashtra,2023-07-09,Consumer
CUST07106,Customer_07106,Male,55,Ahmedabad,Karnataka,2025-12-19,Consumer
CUST07107,Customer_07107,Male,24,Kolkata,Delhi,2024-11-17,Consumer
CUST07108,Customer_07108,Male,66,Delhi,Gujarat,2023-03-14,Consumer
CUST07109,Customer_07109,Female,47,Hyderabad,West Bengal,2024-02-20,Consumer
CUST07110,Customer_07110,Male,29,Pune,Delhi,2023-06-28,Corporate
CUST07111,Customer_07111,Female,66,Ahmedabad,Karnataka,2025-12-26,Corporate
CUST07112,Customer_07112,Female,48,Chennai,Karnataka,2023-03-18,Consumer
CUST07113,Customer_07113,Male,35,Ahmedabad,Telangana,2023-09-05,Consumer
CUST07114,Customer_07114,Male,63,Chennai,West Bengal,2024-12-07,Consumer
CUST07115,Customer_07115,Female,60,Ahmedabad,Maharashtra,2025-09-14,Consumer
CUST07116,Customer_07116,Female,19,Kolkata,West Bengal,2023-03-09,Corporate
CUST07117,Customer_07117,Female,50,Pune,Karnataka,2025-04-29,Consumer
CUST07118,Customer_07118,Male,28,Hyderabad,West Bengal,2024-08-10,Consumer
CUST07119,Customer_07119,Female,51,Pune,Telangana,2025-04-22,Consumer
CUST07120,Customer_07120,Female,33,Delhi,West Bengal,2025-02-19,Consumer
CUST07121,Customer_07121,Female,52,Chennai,Karnataka,2025-05-31,Consumer
CUST07122,Customer_07122,Male,69,Bengaluru,Tamil Nadu,2024-12-22,Corporate
CUST07123,Customer_07123,Female,50,Kolkata,Gujarat,2023-11-20,Consumer
CUST07124,Customer_07124,Female,38,Hyderabad,Gujarat,2025-11-22,Consumer
CUST07125,Customer_07125,Male,37,Bengaluru,Tamil Nadu,2024-10-16,Consumer
CUST07126,Customer_07126,Male,25,Bengaluru,Tamil Nadu,2023-05-25,Consumer
CUST07127,Customer_07127,Male,68,Ahmedabad,Karnataka,2025-02-12,Consumer
CUST07128,Customer_07128,Male,43,Kolkata,Delhi,2023-11-06,Consumer
CUST07129,Customer_07129,Male,50,Mumbai,Delhi,2023-05-24,Consumer
CUST07130,Customer_07130,Female,43,Bengaluru,Tamil Nadu,2025-07-30,Consumer
CUST07131,Customer_07131,Male,54,Bengaluru,Maharashtra,2024-10-25,Consumer
CUST07132,Customer_07132,Male,47,Pune,Gujarat,2025-06-11,Consumer
CUST07133,Customer_07133,Female,48,Mumbai,Telangana,2024-05-31,Consumer
CUST07134,Customer_07134,Male,50,Mumbai,Tamil Nadu,2023-07-14,Consumer
CUST07135,Customer_07135,Male,28,Mumbai,Gujarat,2025-03-28,Corporate
CUST07136,Customer_07136,Female,58,Kolkata,Telangana,2024-12-29,Corporate
CUST07137,Customer_07137,Female,22,Delhi,West Bengal,2024-04-20,Consumer
CUST07138,Customer_07138,Female,19,Mumbai,Telangana,2024-03-09,Consumer
CUST07139,Customer_07139,Female,30,Pune,Tamil Nadu,2024-02-21,Consumer
CUST07140,Customer_07140,Male,35,Delhi,Delhi,2024-12-11,Corporate
CUST07141,Customer_07141,Female,43,Hyderabad,Maharashtra,2023-05-18,Corporate
CUST07142,Customer_07142,Male,42,Delhi,Gujarat,2025-03-19,Consumer
CUST07143,Customer_07143,Female,61,Hyderabad,Tamil Nadu,2023-05-14,Corporate
CUST07144,Customer_07144,Male,31,Mumbai,Telangana,2025-02-22,Consumer
CUST07145,Customer_07145,Female,22,Mumbai,Gujarat,2025-03-02,Corporate
CUST07146,Customer_07146,Female,59,Hyderabad,Karnataka,2025-01-03,Consumer
CUST07147,Customer_07147,Female,69,Chennai,West Bengal,2024-01-12,Consumer
CUST07148,Customer_07148,Male,19,Pune,Karnataka,2024-01-30,Consumer
CUST07149,Customer_07149,Male,21,Delhi,Gujarat,2024-04-14,Consumer
CUST07150,Customer_07150,Female,29,Pune,Gujarat,2025-02-09,Corporate
CUST07151,Customer_07151,Female,28,Pune,Telangana,2023-01-19,Consumer
CUST07152,Customer_07152,Male,21,Bengaluru,Tamil Nadu,2025-03-18,Consumer
CUST07153,Customer_07153,Female,60,Mumbai,Delhi,2023-09-04,Consumer
CUST07154,Customer_07154,Female,26,Delhi,Tamil Nadu,2025-12-26,Consumer
CUST07155,Customer_07155,Male,27,Pune,Maharashtra,2023-12-08,Corporate
CUST07156,Customer_07156,Female,44,Delhi,Gujarat,2023-12-11,Premium
CUST07157,Customer_07157,Female,23,Pune,Karnataka,2025-07-12,Consumer
CUST07158,Customer_07158,Male,32,Mumbai,Telangana,2024-01-22,Corporate
CUST07159,Customer_07159,Male,59,Pune,Delhi,2023-12-08,Consumer
CUST07160,Customer_07160,Female,48,Hyderabad,West Bengal,2023-04-18,Premium
CUST07161,Customer_07161,Female,39,Mumbai,Tamil Nadu,2024-11-07,Consumer
CUST07162,Customer_07162,Male,23,Delhi,Maharashtra,2024-09-24,Premium
CUST07163,Customer_07163,Female,50,Kolkata,Tamil Nadu,2025-09-24,Consumer
CUST07164,Customer_07164,Female,46,Chennai,West Bengal,2024-08-18,Corporate
CUST07165,Customer_07165,Female,38,Pune,Maharashtra,2024-08-07,Consumer
CUST07166,Customer_07166,Male,69,Hyderabad,Tamil Nadu,2024-04-21,Consumer
CUST07167,Customer_07167,Female,47,Mumbai,Delhi,2023-12-03,Corporate
CUST07168,Customer_07168,Male,38,Bengaluru,Delhi,2023-11-09,Consumer
CUST07169,Customer_07169,Male,53,Kolkata,Telangana,2024-08-31,Premium
CUST07170,Customer_07170,Male,39,Kolkata,Delhi,2025-02-28,Consumer
CUST07171,Customer_07171,Male,63,Mumbai,Maharashtra,2024-08-16,Premium
CUST07172,Customer_07172,Female,37,Ahmedabad,Telangana,2023-10-27,Consumer
CUST07173,Customer_07173,Male,39,Kolkata,West Bengal,2024-11-22,Consumer
CUST07174,Customer_07174,Female,69,Delhi,Delhi,2024-12-28,Consumer
CUST07175,Customer_07175,Male,57,Delhi,Karnataka,2023-08-24,Corporate
CUST07176,Customer_07176,Male,28,Bengaluru,West Bengal,2025-08-22,Corporate
CUST07177,Customer_07177,Other,64,Hyderabad,Maharashtra,2025-06-15,Corporate
CUST07178,Customer_07178,Female,48,Delhi,West Bengal,2023-07-30,Corporate
CUST07179,Customer_07179,Male,68,Hyderabad,West Bengal,2023-10-13,Premium
CUST07180,Customer_07180,Female,57,Hyderabad,Telangana,2024-02-27,Corporate
CUST07181,Customer_07181,Male,30,Mumbai,Maharashtra,2024-05-08,Premium
CUST07182,Customer_07182,Male,35,Hyderabad,Telangana,2025-10-14,Corporate
CUST07183,Customer_07183,Female,39,Pune,Maharashtra,2025-04-16,Corporate
CUST07184,Customer_07184,Female,34,Ahmedabad,Karnataka,2025-02-05,Consumer
CUST07185,Customer_07185,Male,55,Delhi,West Bengal,2023-12-11,Corporate
CUST07186,Customer_07186,Female,42,Delhi,Delhi,2024-06-06,Consumer
CUST07187,Customer_07187,Female,49,Chennai,Tamil Nadu,2025-03-29,Consumer
CUST07188,Customer_07188,Male,32,Kolkata,West Bengal,2023-11-15,Consumer
CUST07189,Customer_07189,Female,30,Hyderabad,Tamil Nadu,2025-10-13,Corporate
CUST07190,Customer_07190,Female,43,Chennai,Tamil Nadu,2024-11-25,Consumer
CUST07191,Customer_07191,Female,67,Mumbai,West Bengal,2024-08-12,Consumer
CUST07192,Customer_07192,Male,28,Chennai,Telangana,2024-09-26,Consumer
CUST07193,Customer_07193,Female,30,Kolkata,Delhi,2023-07-27,Consumer
CUST07194,Customer_07194,Male,50,Hyderabad,West Bengal,2023-07-05,Consumer
CUST07195,Customer_07195,Female,67,Ahmedabad,Gujarat,2025-09-03,Consumer
CUST07196,Customer_07196,Female,54,Kolkata,Telangana,2023-01-17,Consumer
CUST07197,Customer_07197,Male,55,Delhi,West Bengal,2023-09-11,Consumer
CUST07198,Customer_07198,Female,18,Ahmedabad,West Bengal,2025-08-28,Consumer
CUST07199,Customer_07199,Female,56,Mumbai,Telangana,2024-09-02,Consumer
CUST07200,Customer_07200,Female,44,Hyderabad,West Bengal,2024-03-21,Consumer
CUST07201,Customer_07201,Male,53,Ahmedabad,Telangana,2025-09-22,Consumer
CUST07202,Customer_07202,Male,49,Ahmedabad,West Bengal,2025-06-02,Consumer
CUST07203,Customer_07203,Female,58,Ahmedabad,Gujarat,2025-09-09,Corporate
CUST07204,Customer_07204,Male,32,Ahmedabad,West Bengal,2024-05-20,Consumer
CUST07205,Customer_07205,Female,48,Ahmedabad,Telangana,2023-11-24,Corporate
CUST07206,Customer_07206,Male,23,Ahmedabad,Delhi,2023-12-15,Premium
CUST07207,Customer_07207,Male,42,Mumbai,West Bengal,2023-11-03,Corporate
CUST07208,Customer_07208,Male,66,Bengaluru,Tamil Nadu,2023-07-18,Corporate
CUST07209,Customer_07209,Male,69,Ahmedabad,Maharashtra,2024-08-29,Consumer
CUST07210,Customer_07210,Female,35,Hyderabad,Telangana,2024-09-02,Consumer
CUST07211,Customer_07211,Male,39,Bengaluru,West Bengal,2025-07-09,Consumer
CUST07212,Customer_07212,Male,48,Ahmedabad,Delhi,2023-08-23,Corporate
CUST07213,Customer_07213,Male,53,Chennai,Karnataka,2025-02-23,Corporate
CUST07214,Customer_07214,Female,26,Hyderabad,Maharashtra,2025-04-21,Consumer
CUST07215,Customer_07215,Male,63,Bengaluru,Telangana,2025-11-07,Consumer
CUST07216,Customer_07216,Female,20,Pune,Telangana,2025-08-16,Corporate
CUST07217,Customer_07217,Female,50,Delhi,West Bengal,2024-01-16,Consumer
CUST07218,Customer_07218,Female,44,Chennai,Maharashtra,2025-02-06,Corporate
CUST07219,Customer_07219,Female,60,Hyderabad,Maharashtra,2023-04-06,Corporate
CUST07220,Customer_07220,Female,18,Hyderabad,Telangana,2023-01-31,Consumer
CUST07221,Customer_07221,Female,61,Delhi,Delhi,2023-04-07,Consumer
CUST07222,Customer_07222,Male,26,Delhi,Karnataka,2024-12-05,Consumer
CUST07223,Customer_07223,Male,22,Kolkata,West Bengal,2025-12-05,Consumer
CUST07224,Customer_07224,Male,32,Ahmedabad,Delhi,2023-08-24,Corporate
CUST07225,Customer_07225,Female,67,Bengaluru,Gujarat,2023-12-03,Consumer
CUST07226,Customer_07226,Female,26,Bengaluru,Tamil Nadu,2024-11-04,Consumer
CUST07227,Customer_07227,Female,62,Bengaluru,Tamil Nadu,2023-10-12,Consumer
CUST07228,Customer_07228,Male,45,Kolkata,Tamil Nadu,2023-05-14,Consumer
CUST07229,Customer_07229,Female,30,Ahmedabad,Telangana,2025-02-07,Corporate
CUST07230,Customer_07230,Male,41,Mumbai,West Bengal,2024-11-25,Corporate
CUST07231,Customer_07231,Male,62,Chennai,West Bengal,2024-06-22,Consumer
CUST07232,Customer_07232,Male,27,Ahmedabad,Karnataka,2023-09-17,Corporate
CUST07233,Customer_07233,Male,59,Hyderabad,Karnataka,2024-05-17,Consumer
CUST07234,Customer_07234,Female,39,Chennai,West Bengal,2024-08-14,Premium
CUST07235,Customer_07235,Male,56,Delhi,Gujarat,2025-06-14,Corporate
CUST07236,Customer_07236,Male,39,Ahmedabad,Telangana,2025-10-18,Premium
CUST07237,Customer_07237,Female,54,Pune,Telangana,2023-03-25,Corporate
CUST07238,Customer_07238,Female,69,Chennai,Telangana,2024-02-14,Corporate
CUST07239,Customer_07239,Female,56,Chennai,Karnataka,2023-11-24,Consumer
CUST07240,Customer_07240,Male,37,Bengaluru,Telangana,2023-12-12,Consumer
CUST07241,Customer_07241,Female,27,Delhi,Maharashtra,2025-07-11,Corporate
CUST07242,Customer_07242,Female,27,Chennai,Maharashtra,2023-04-07,Consumer
CUST07243,Customer_07243,Male,43,Hyderabad,Maharashtra,2024-09-28,Consumer
CUST07244,Customer_07244,Female,42,Bengaluru,Telangana,2023-07-02,Premium
CUST07245,Customer_07245,Male,45,Kolkata,Maharashtra,2025-03-24,Consumer
CUST07246,Customer_07246,Male,30,Chennai,West Bengal,2025-06-14,Consumer
CUST07247,Customer_07247,Female,32,Delhi,Gujarat,2024-10-22,Consumer
CUST07248,Customer_07248,Female,23,Ahmedabad,Telangana,2025-08-02,Consumer
CUST07249,Customer_07249,Male,69,Pune,Gujarat,2025-03-12,Consumer
CUST07250,Customer_07250,Female,29,Ahmedabad,Maharashtra,2024-01-13,Consumer
CUST07251,Customer_07251,Female,36,Ahmedabad,Telangana,2024-11-10,Consumer
CUST07252,Customer_07252,Female,49,Hyderabad,Delhi,2023-03-31,Corporate
CUST07253,Customer_07253,Male,28,Pune,Tamil Nadu,2024-05-02,Corporate
CUST07254,Customer_07254,Female,55,Delhi,Delhi,2025-03-30,Premium
CUST07255,Customer_07255,Male,50,Delhi,Tamil Nadu,2025-05-12,Consumer
CUST07256,Customer_07256,Female,19,Delhi,Tamil Nadu,2025-01-12,Consumer
CUST07257,Customer_07257,Male,32,Pune,Maharashtra,2024-03-21,Corporate
CUST07258,Customer_07258,Male,53,Mumbai,Tamil Nadu,2025-05-13,Consumer
CUST07259,Customer_07259,Female,22,Hyderabad,Tamil Nadu,2025-11-06,Corporate
CUST07260,Customer_07260,Male,32,Delhi,Delhi,2024-11-16,Premium
CUST07261,Customer_07261,Male,60,Mumbai,Tamil Nadu,2025-10-24,Premium
CUST07262,Customer_07262,Male,27,Bengaluru,Telangana,2023-10-08,Premium
CUST07263,Customer_07263,Female,34,Mumbai,Gujarat,2025-08-26,Consumer
CUST07264,Customer_07264,Male,51,Bengaluru,West Bengal,2024-06-16,Consumer
CUST07265,Customer_07265,Female,69,Pune,Gujarat,2024-08-27,Consumer
CUST07266,Customer_07266,Male,41,Kolkata,Telangana,2024-04-22,Corporate
CUST07267,Customer_07267,Male,27,Kolkata,West Bengal,2023-03-30,Consumer
CUST07268,Customer_07268,Male,69,Mumbai,Maharashtra,2024-09-01,Corporate
CUST07269,Customer_07269,Male,47,Pune,West Bengal,2023-05-22,Consumer
CUST07270,Customer_07270,Male,20,Delhi,West Bengal,2024-10-23,Corporate
CUST07271,Customer_07271,Male,68,Mumbai,Delhi,2024-07-13,Consumer
CUST07272,Customer_07272,Female,54,Mumbai,West Bengal,2023-02-20,Consumer
CUST07273,Customer_07273,Female,20,Delhi,West Bengal,2023-07-27,Premium
CUST07274,Customer_07274,Male,57,Bengaluru,Karnataka,2024-06-06,Consumer
CUST07275,Customer_07275,Male,22,Delhi,Gujarat,2024-12-09,Consumer
CUST07276,Customer_07276,Female,45,Hyderabad,Delhi,2025-03-18,Corporate
CUST07277,Customer_07277,Male,61,Kolkata,Gujarat,2023-03-22,Consumer
CUST07278,Customer_07278,Male,31,Ahmedabad,Karnataka,2024-02-13,Consumer
CUST07279,Customer_07279,Female,56,Ahmedabad,Tamil Nadu,2025-08-31,Corporate
CUST07280,Customer_07280,Female,28,Kolkata,Karnataka,2025-06-09,Corporate
CUST07281,Customer_07281,Female,25,Mumbai,Tamil Nadu,2024-11-12,Consumer
CUST07282,Customer_07282,Male,54,Hyderabad,Gujarat,2023-03-27,Corporate
CUST07283,Customer_07283,Male,25,Delhi,West Bengal,2023-04-14,Consumer
CUST07284,Customer_07284,Female,29,Kolkata,Delhi,2024-04-04,Consumer
CUST07285,Customer_07285,Male,32,Pune,Delhi,2025-01-09,Consumer
CUST07286,Customer_07286,Female,36,Delhi,Maharashtra,2024-04-05,Consumer
CUST07287,Customer_07287,Female,65,Chennai,Gujarat,2024-03-15,Consumer
CUST07288,Customer_07288,Male,63,Hyderabad,Maharashtra,2024-07-22,Premium
CUST07289,Customer_07289,Female,45,Kolkata,West Bengal,2025-05-18,Consumer
CUST07290,Customer_07290,Female,24,Chennai,Gujarat,2024-07-03,Premium
CUST07291,Customer_07291,Female,57,Hyderabad,West Bengal,2023-08-17,Consumer
CUST07292,Customer_07292,Male,24,Ahmedabad,Tamil Nadu,2023-06-20,Consumer
CUST07293,Customer_07293,Male,47,Pune,Gujarat,2023-02-04,Consumer
CUST07294,Customer_07294,Female,35,Chennai,Gujarat,2023-12-07,Consumer
CUST07295,Customer_07295,Male,41,Chennai,Tamil Nadu,2024-07-23,Corporate
CUST07296,Customer_07296,Female,23,Hyderabad,Telangana,2024-06-20,Corporate
CUST07297,Customer_07297,Male,68,Delhi,West Bengal,2024-06-27,Corporate
CUST07298,Customer_07298,Male,21,Bengaluru,Telangana,2023-12-22,Consumer
CUST07299,Customer_07299,Male,20,Delhi,Gujarat,2025-01-14,Consumer
CUST07300,Customer_07300,Female,66,Bengaluru,Telangana,2025-10-16,Consumer
CUST07301,Customer_07301,Male,68,Hyderabad,Delhi,2024-06-16,Consumer
CUST07302,Customer_07302,Male,64,Mumbai,Gujarat,2024-01-08,Premium
CUST07303,Customer_07303,Male,23,Delhi,Karnataka,2025-10-12,Consumer
CUST07304,Customer_07304,Female,43,Chennai,Tamil Nadu,2023-01-14,Consumer
CUST07305,Customer_07305,Male,61,Delhi,Maharashtra,2023-08-03,Consumer
CUST07306,Customer_07306,Female,68,Ahmedabad,Tamil Nadu,2024-06-19,Consumer
CUST07307,Customer_07307,Female,55,Hyderabad,Gujarat,2025-11-09,Corporate
CUST07308,Customer_07308,Male,28,Ahmedabad,Karnataka,2025-07-16,Corporate
CUST07309,Customer_07309,Female,69,Mumbai,Tamil Nadu,2024-03-11,Consumer
CUST07310,Customer_07310,Male,46,Mumbai,Maharashtra,2025-09-17,Premium
CUST07311,Customer_07311,Female,37,Delhi,Maharashtra,2025-12-11,Consumer
CUST07312,Customer_07312,Female,27,Delhi,Karnataka,2023-12-23,Consumer
CUST07313,Customer_07313,Male,43,Ahmedabad,Maharashtra,2024-12-19,Premium
CUST07314,Customer_07314,Male,65,Pune,Delhi,2025-05-21,Consumer
CUST07315,Customer_07315,Male,44,Delhi,Maharashtra,2024-08-29,Consumer
CUST07316,Customer_07316,Other,67,Hyderabad,West Bengal,2025-02-16,Consumer
CUST07317,Customer_07317,Male,31,Bengaluru,Karnataka,2023-11-22,Consumer
CUST07318,Customer_07318,Female,53,Pune,Karnataka,2024-06-10,Consumer
CUST07319,Customer_07319,Male,29,Bengaluru,Tamil Nadu,2024-11-17,Corporate
CUST07320,Customer_07320,Female,69,Ahmedabad,Maharashtra,2023-08-07,Corporate
CUST07321,Customer_07321,Male,40,Chennai,Maharashtra,2024-06-05,Corporate
CUST07322,Customer_07322,Female,38,Kolkata,Gujarat,2024-02-09,Consumer
CUST07323,Customer_07323,Male,25,Hyderabad,Gujarat,2025-11-08,Consumer
CUST07324,Customer_07324,Female,56,Pune,Karnataka,2024-08-02,Consumer
CUST07325,Customer_07325,Male,26,Ahmedabad,Gujarat,2025-02-28,Premium
CUST07326,Customer_07326,Male,41,Mumbai,Tamil Nadu,2023-10-21,Corporate
CUST07327,Customer_07327,Male,48,Pune,West Bengal,2023-01-15,Consumer
CUST07328,Customer_07328,Female,42,Chennai,Tamil Nadu,2023-11-22,Corporate
CUST07329,Customer_07329,Male,34,Mumbai,Delhi,2025-08-28,Consumer
CUST07330,Customer_07330,Female,59,Pune,West Bengal,2023-06-07,Consumer
CUST07331,Customer_07331,Male,46,Ahmedabad,Delhi,2025-06-18,Consumer
CUST07332,Customer_07332,Female,20,Mumbai,Karnataka,2025-03-16,Corporate
CUST07333,Customer_07333,Female,38,Delhi,Tamil Nadu,2023-05-27,Consumer
CUST07334,Customer_07334,Female,25,Mumbai,Tamil Nadu,2024-05-28,Premium
CUST07335,Customer_07335,Male,31,Pune,Delhi,2025-12-27,Consumer
CUST07336,Customer_07336,Male,56,Mumbai,West Bengal,2024-05-18,Consumer
CUST07337,Customer_07337,Male,33,Hyderabad,Gujarat,2025-12-28,Consumer
CUST07338,Customer_07338,Male,35,Delhi,Delhi,2024-02-17,Consumer
CUST07339,Customer_07339,Female,48,Delhi,Karnataka,2025-12-23,Consumer
CUST07340,Customer_07340,Female,28,Chennai,West Bengal,2024-08-14,Consumer
CUST07341,Customer_07341,Female,55,Delhi,Tamil Nadu,2025-02-04,Consumer
CUST07342,Customer_07342,Male,37,Bengaluru,Karnataka,2023-08-25,Consumer
CUST07343,Customer_07343,Female,63,Hyderabad,Delhi,2024-01-31,Consumer
CUST07344,Customer_07344,Male,62,Chennai,Maharashtra,2023-05-12,Consumer
CUST07345,Customer_07345,Female,21,Bengaluru,Delhi,2023-08-14,Consumer
CUST07346,Customer_07346,Male,37,Mumbai,Tamil Nadu,2023-04-28,Premium
CUST07347,Customer_07347,Male,48,Kolkata,Karnataka,2024-09-29,Corporate
CUST07348,Customer_07348,Male,37,Bengaluru,Gujarat,2023-12-05,Consumer
CUST07349,Customer_07349,Female,28,Chennai,Gujarat,2024-02-23,Premium
CUST07350,Customer_07350,Female,67,Delhi,Tamil Nadu,2024-04-06,Corporate
CUST07351,Customer_07351,Male,18,Hyderabad,Delhi,2024-11-06,Consumer
CUST07352,Customer_07352,Male,61,Kolkata,Delhi,2024-12-18,Consumer
CUST07353,Customer_07353,Female,35,Chennai,Telangana,2023-04-24,Premium
CUST07354,Customer_07354,Female,56,Bengaluru,Delhi,2024-07-16,Consumer
CUST07355,Customer_07355,Male,61,Kolkata,Tamil Nadu,2023-11-02,Consumer
CUST07356,Customer_07356,Female,50,Bengaluru,West Bengal,2024-09-14,Consumer
CUST07357,Customer_07357,Other,53,Ahmedabad,West Bengal,2023-02-24,Consumer
CUST07358,Customer_07358,Female,35,Chennai,Karnataka,2024-06-07,Consumer
CUST07359,Customer_07359,Male,64,Kolkata,Karnataka,2024-03-09,Corporate
CUST07360,Customer_07360,Female,48,Pune,Telangana,2023-07-09,Consumer
CUST07361,Customer_07361,Female,52,Pune,Gujarat,2024-01-24,Consumer
CUST07362,Customer_07362,Male,56,Chennai,Tamil Nadu,2024-10-28,Consumer
CUST07363,Customer_07363,Female,55,Pune,Delhi,2023-12-12,Corporate
CUST07364,Customer_07364,Female,32,Chennai,Maharashtra,2023-09-22,Premium
CUST07365,Customer_07365,Male,64,Delhi,Karnataka,2025-05-21,Consumer
CUST07366,Customer_07366,Male,23,Kolkata,Tamil Nadu,2023-05-21,Corporate
CUST07367,Customer_07367,Female,25,Chennai,West Bengal,2025-01-18,Consumer
CUST07368,Customer_07368,Female,57,Mumbai,Telangana,2024-07-09,Corporate
CUST07369,Customer_07369,Male,39,Hyderabad,Maharashtra,2023-08-27,Consumer
CUST07370,Customer_07370,Female,18,Hyderabad,Gujarat,2025-04-15,Premium
CUST07371,Customer_07371,Female,30,Mumbai,Tamil Nadu,2025-08-27,Corporate
CUST07372,Customer_07372,Female,41,Bengaluru,Delhi,2024-07-18,Corporate
CUST07373,Customer_07373,Male,38,Bengaluru,Gujarat,2024-09-12,Consumer
CUST07374,Customer_07374,Female,62,Bengaluru,West Bengal,2023-09-14,Corporate
CUST07375,Customer_07375,Male,60,Ahmedabad,Karnataka,2025-10-31,Consumer
CUST07376,Customer_07376,Male,21,Kolkata,West Bengal,2023-06-27,Consumer
CUST07377,Customer_07377,Female,24,Bengaluru,Delhi,2025-09-09,Corporate
CUST07378,Customer_07378,Male,29,Delhi,Telangana,2024-02-01,Corporate
CUST07379,Customer_07379,Female,30,Mumbai,Karnataka,2024-06-20,Consumer
CUST07380,Customer_07380,Male,61,Hyderabad,Maharashtra,2024-09-29,Consumer
CUST07381,Customer_07381,Male,33,Mumbai,Karnataka,2023-09-23,Corporate
CUST07382,Customer_07382,Male,23,Hyderabad,West Bengal,2025-09-11,Corporate
CUST07383,Customer_07383,Other,31,Bengaluru,Delhi,2024-02-08,Consumer
CUST07384,Customer_07384,Female,68,Delhi,Gujarat,2023-05-19,Corporate
CUST07385,Customer_07385,Female,65,Chennai,Tamil Nadu,2023-03-10,Premium
CUST07386,Customer_07386,Male,48,Chennai,West Bengal,2025-03-15,Consumer
CUST07387,Customer_07387,Male,53,Pune,Tamil Nadu,2023-06-26,Consumer
CUST07388,Customer_07388,Female,54,Bengaluru,Tamil Nadu,2024-06-28,Premium
CUST07389,Customer_07389,Male,58,Bengaluru,West Bengal,2023-10-28,Consumer
CUST07390,Customer_07390,Male,52,Mumbai,West Bengal,2025-10-11,Consumer
CUST07391,Customer_07391,Female,27,Delhi,West Bengal,2024-10-07,Consumer
CUST07392,Customer_07392,Male,34,Delhi,Telangana,2024-02-03,Premium
CUST07393,Customer_07393,Female,68,Ahmedabad,Telangana,2025-01-26,Premium
CUST07394,Customer_07394,Female,59,Mumbai,Tamil Nadu,2024-07-26,Corporate
CUST07395,Customer_07395,Male,47,Delhi,Maharashtra,2023-02-25,Consumer
CUST07396,Customer_07396,Male,61,Kolkata,Delhi,2024-01-17,Corporate
CUST07397,Customer_07397,Male,24,Kolkata,Maharashtra,2024-04-15,Consumer
CUST07398,Customer_07398,Female,35,Delhi,West Bengal,2024-09-26,Consumer
CUST07399,Customer_07399,Female,36,Kolkata,West Bengal,2025-01-12,Corporate
CUST07400,Customer_07400,Male,32,Ahmedabad,Tamil Nadu,2023-02-04,Consumer
CUST07401,Customer_07401,Male,56,Chennai,Delhi,2025-09-02,Consumer
CUST07402,Customer_07402,Female,61,Delhi,Telangana,2023-01-21,Consumer
CUST07403,Customer_07403,Female,39,Kolkata,Karnataka,2023-09-22,Corporate
CUST07404,Customer_07404,Male,56,Bengaluru,Karnataka,2024-04-01,Consumer
CUST07405,Customer_07405,Male,59,Chennai,Delhi,2025-08-07,Corporate
CUST07406,Customer_07406,Male,47,Bengaluru,Maharashtra,2024-01-18,Consumer
CUST07407,Customer_07407,Female,37,Bengaluru,Delhi,2024-06-18,Consumer
CUST07408,Customer_07408,Female,49,Kolkata,Maharashtra,2025-11-28,Consumer
CUST07409,Customer_07409,Male,59,Kolkata,West Bengal,2025-09-10,Consumer
CUST07410,Customer_07410,Female,42,Mumbai,Gujarat,2025-11-11,Corporate
CUST07411,Customer_07411,Male,40,Pune,Maharashtra,2023-02-16,Consumer
CUST07412,Customer_07412,Male,22,Delhi,Karnataka,2025-01-15,Consumer
CUST07413,Customer_07413,Male,67,Delhi,Telangana,2024-06-22,Premium
CUST07414,Customer_07414,Female,58,Delhi,Tamil Nadu,2025-12-07,Consumer
CUST07415,Customer_07415,Male,47,Delhi,West Bengal,2024-11-09,Consumer
CUST07416,Customer_07416,Female,65,Kolkata,Telangana,2025-09-10,Consumer
CUST07417,Customer_07417,Male,56,Chennai,Tamil Nadu,2023-02-14,Consumer
CUST07418,Customer_07418,Male,44,Hyderabad,Gujarat,2023-10-02,Consumer
CUST07419,Customer_07419,Male,59,Bengaluru,Karnataka,2025-09-11,Consumer
CUST07420,Customer_07420,Female,54,Pune,West Bengal,2023-08-20,Corporate
CUST07421,Customer_07421,Male,24,Ahmedabad,Tamil Nadu,2023-03-27,Consumer
CUST07422,Customer_07422,Female,22,Pune,Gujarat,2023-06-26,Corporate
CUST07423,Customer_07423,Male,32,Hyderabad,West Bengal,2024-09-29,Consumer
CUST07424,Customer_07424,Male,68,Ahmedabad,Maharashtra,2025-12-19,Corporate
CUST07425,Customer_07425,Male,59,Ahmedabad,Delhi,2024-08-10,Consumer
CUST07426,Customer_07426,Male,25,Hyderabad,West Bengal,2024-08-25,Consumer
CUST07427,Customer_07427,Male,26,Ahmedabad,West Bengal,2024-09-29,Corporate
CUST07428,Customer_07428,Male,28,Hyderabad,Tamil Nadu,2023-04-24,Corporate
CUST07429,Customer_07429,Female,39,Kolkata,Telangana,2025-09-25,Premium
CUST07430,Customer_07430,Female,51,Chennai,Karnataka,2024-09-03,Consumer
CUST07431,Customer_07431,Male,52,Hyderabad,Karnataka,2023-05-31,Consumer
CUST07432,Customer_07432,Male,30,Ahmedabad,West Bengal,2024-08-06,Consumer
CUST07433,Customer_07433,Male,28,Ahmedabad,West Bengal,2025-09-14,Premium
CUST07434,Customer_07434,Male,49,Chennai,Gujarat,2024-01-05,Consumer
CUST07435,Customer_07435,Male,59,Kolkata,Delhi,2025-09-01,Premium
CUST07436,Customer_07436,Female,32,Mumbai,Maharashtra,2023-03-13,Corporate
CUST07437,Customer_07437,Male,55,Ahmedabad,West Bengal,2025-05-09,Premium
CUST07438,Customer_07438,Male,18,Ahmedabad,Maharashtra,2023-12-19,Consumer
CUST07439,Customer_07439,Male,63,Mumbai,Karnataka,2025-10-31,Consumer
CUST07440,Customer_07440,Male,67,Pune,Maharashtra,2025-03-20,Consumer
CUST07441,Customer_07441,Female,41,Mumbai,West Bengal,2025-01-10,Consumer
CUST07442,Customer_07442,Male,60,Chennai,West Bengal,2024-09-29,Premium
CUST07443,Customer_07443,Male,57,Chennai,Gujarat,2023-06-02,Consumer
CUST07444,Customer_07444,Female,39,Bengaluru,Delhi,2024-01-21,Consumer
CUST07445,Customer_07445,Male,20,Ahmedabad,Karnataka,2024-11-21,Consumer
CUST07446,Customer_07446,Female,31,Hyderabad,Maharashtra,2023-05-19,Consumer
CUST07447,Customer_07447,Female,19,Delhi,Tamil Nadu,2023-07-25,Corporate
CUST07448,Customer_07448,Male,49,Delhi,Tamil Nadu,2023-04-06,Consumer
CUST07449,Customer_07449,Female,65,Hyderabad,Gujarat,2024-12-26,Consumer
CUST07450,Customer_07450,Male,55,Delhi,Maharashtra,2023-11-14,Consumer
CUST07451,Customer_07451,Female,50,Delhi,Tamil Nadu,2024-05-26,Consumer
CUST07452,Customer_07452,Male,63,Kolkata,Delhi,2023-01-19,Premium
CUST07453,Customer_07453,Male,59,Delhi,Telangana,2024-02-11,Consumer
CUST07454,Customer_07454,Female,23,Pune,Delhi,2025-08-26,Consumer
CUST07455,Customer_07455,Female,58,Ahmedabad,Gujarat,2025-05-12,Corporate
CUST07456,Customer_07456,Other,56,Ahmedabad,Delhi,2023-04-11,Consumer
CUST07457,Customer_07457,Female,42,Ahmedabad,Maharashtra,2024-08-15,Consumer
CUST07458,Customer_07458,Male,51,Chennai,West Bengal,2024-11-25,Corporate
CUST07459,Customer_07459,Male,28,Chennai,Delhi,2023-01-18,Consumer
CUST07460,Customer_07460,Male,63,Chennai,Maharashtra,2023-05-09,Consumer
CUST07461,Customer_07461,Male,54,Hyderabad,Karnataka,2025-09-18,Consumer
CUST07462,Customer_07462,Male,58,Mumbai,Maharashtra,2024-01-01,Consumer
CUST07463,Customer_07463,Female,24,Pune,Gujarat,2024-04-06,Corporate
CUST07464,Customer_07464,Male,63,Pune,Maharashtra,2025-07-23,Consumer
CUST07465,Customer_07465,Male,65,Delhi,Karnataka,2023-11-28,Consumer
CUST07466,Customer_07466,Male,39,Ahmedabad,West Bengal,2024-11-15,Corporate
CUST07467,Customer_07467,Female,65,Bengaluru,Telangana,2025-06-29,Consumer
CUST07468,Customer_07468,Female,56,Chennai,Gujarat,2023-01-20,Corporate
CUST07469,Customer_07469,Female,27,Kolkata,Karnataka,2024-06-29,Consumer
CUST07470,Customer_07470,Male,38,Pune,Maharashtra,2024-07-25,Consumer
CUST07471,Customer_07471,Female,23,Pune,Gujarat,2024-04-06,Premium
CUST07472,Customer_07472,Male,66,Bengaluru,Tamil Nadu,2025-06-27,Corporate
CUST07473,Customer_07473,Female,18,Delhi,Maharashtra,2024-08-27,Consumer
CUST07474,Customer_07474,Female,51,Pune,Karnataka,2023-11-19,Corporate
CUST07475,Customer_07475,Male,31,Ahmedabad,Maharashtra,2023-03-30,Corporate
CUST07476,Customer_07476,Female,53,Pune,West Bengal,2023-06-22,Premium
CUST07477,Customer_07477,Female,44,Mumbai,Karnataka,2023-02-09,Corporate
CUST07478,Customer_07478,Male,26,Bengaluru,Delhi,2025-07-22,Corporate
CUST07479,Customer_07479,Female,23,Kolkata,Telangana,2023-07-22,Consumer
CUST07480,Customer_07480,Male,48,Kolkata,Telangana,2023-08-31,Consumer
CUST07481,Customer_07481,Male,34,Delhi,Gujarat,2023-03-29,Consumer
CUST07482,Customer_07482,Male,60,Delhi,Karnataka,2024-11-04,Corporate
CUST07483,Customer_07483,Male,53,Chennai,Telangana,2024-06-15,Consumer
CUST07484,Customer_07484,Female,38,Mumbai,Tamil Nadu,2024-10-21,Consumer
CUST07485,Customer_07485,Male,44,Delhi,Gujarat,2024-12-13,Premium
CUST07486,Customer_07486,Female,58,Ahmedabad,Tamil Nadu,2023-09-04,Consumer
CUST07487,Customer_07487,Male,45,Mumbai,Telangana,2024-09-16,Consumer
CUST07488,Customer_07488,Female,33,Chennai,Karnataka,2024-12-31,Consumer
CUST07489,Customer_07489,Female,52,Ahmedabad,Gujarat,2025-09-11,Consumer
CUST07490,Customer_07490,Female,53,Kolkata,Tamil Nadu,2024-05-10,Corporate
CUST07491,Customer_07491,Male,52,Bengaluru,West Bengal,2024-02-19,Consumer
CUST07492,Customer_07492,Male,62,Pune,Telangana,2025-08-27,Consumer
CUST07493,Customer_07493,Male,36,Pune,Maharashtra,2024-09-06,Consumer
CUST07494,Customer_07494,Female,38,Hyderabad,Tamil Nadu,2023-03-20,Corporate
CUST07495,Customer_07495,Female,50,Hyderabad,Delhi,2024-06-11,Consumer
CUST07496,Customer_07496,Male,40,Hyderabad,Gujarat,2025-12-18,Premium
CUST07497,Customer_07497,Male,23,Pune,Tamil Nadu,2024-12-06,Corporate
CUST07498,Customer_07498,Female,49,Mumbai,Gujarat,2024-09-28,Consumer
CUST07499,Customer_07499,Male,39,Ahmedabad,Telangana,2025-06-17,Consumer
CUST07500,Customer_07500,Female,20,Hyderabad,Telangana,2025-06-29,Corporate
CUST07501,Customer_07501,Female,52,Bengaluru,Gujarat,2024-06-27,Corporate
CUST07502,Customer_07502,Female,33,Delhi,Telangana,2025-10-12,Consumer
CUST07503,Customer_07503,Male,59,Ahmedabad,Karnataka,2024-11-20,Consumer
CUST07504,Customer_07504,Male,42,Mumbai,Gujarat,2023-08-07,Corporate
CUST07505,Customer_07505,Female,34,Pune,Karnataka,2025-09-21,Corporate
CUST07506,Customer_07506,Female,56,Bengaluru,Gujarat,2023-04-13,Consumer
CUST07507,Customer_07507,Male,30,Kolkata,Maharashtra,2025-06-02,Consumer
CUST07508,Customer_07508,Male,45,Pune,Maharashtra,2024-09-21,Corporate
CUST07509,Customer_07509,Female,28,Mumbai,Tamil Nadu,2025-01-24,Corporate
CUST07510,Customer_07510,Female,27,Mumbai,Telangana,2023-01-07,Consumer
CUST07511,Customer_07511,Female,56,Mumbai,Maharashtra,2024-01-23,Consumer
CUST07512,Customer_07512,Other,41,Chennai,Telangana,2025-04-07,Premium
CUST07513,Customer_07513,Male,55,Delhi,Tamil Nadu,2023-02-11,Corporate
CUST07514,Customer_07514,Male,41,Ahmedabad,Karnataka,2023-04-06,Consumer
CUST07515,Customer_07515,Female,50,Hyderabad,Maharashtra,2023-09-03,Consumer
CUST07516,Customer_07516,Female,34,Chennai,Delhi,2023-04-24,Consumer
CUST07517,Customer_07517,Male,61,Delhi,Delhi,2024-06-27,Corporate
CUST07518,Customer_07518,Male,53,Pune,Delhi,2023-11-26,Consumer
CUST07519,Customer_07519,Female,52,Hyderabad,West Bengal,2023-09-29,Premium
CUST07520,Customer_07520,Male,23,Kolkata,Delhi,2023-09-18,Consumer
CUST07521,Customer_07521,Male,33,Chennai,Delhi,2024-12-17,Consumer
CUST07522,Customer_07522,Female,62,Chennai,Delhi,2023-09-21,Corporate
CUST07523,Customer_07523,Female,45,Ahmedabad,Delhi,2025-03-11,Consumer
CUST07524,Customer_07524,Female,58,Bengaluru,Maharashtra,2023-11-14,Corporate
CUST07525,Customer_07525,Male,49,Ahmedabad,Delhi,2023-06-09,Corporate
CUST07526,Customer_07526,Female,43,Kolkata,Gujarat,2024-04-21,Consumer
CUST07527,Customer_07527,Female,28,Kolkata,Gujarat,2024-10-02,Premium
CUST07528,Customer_07528,Female,69,Chennai,Delhi,2025-05-08,Corporate
CUST07529,Customer_07529,Female,42,Mumbai,West Bengal,2023-05-28,Consumer
CUST07530,Customer_07530,Male,48,Pune,Tamil Nadu,2025-09-01,Consumer
CUST07531,Customer_07531,Male,38,Kolkata,Maharashtra,2023-02-21,Corporate
CUST07532,Customer_07532,Male,62,Ahmedabad,Gujarat,2023-09-15,Consumer
CUST07533,Customer_07533,Male,68,Chennai,Tamil Nadu,2025-10-16,Consumer
CUST07534,Customer_07534,Female,20,Mumbai,Telangana,2023-09-05,Consumer
CUST07535,Customer_07535,Female,29,Delhi,Delhi,2023-10-15,Consumer
CUST07536,Customer_07536,Female,68,Delhi,Karnataka,2025-08-04,Premium
CUST07537,Customer_07537,Female,57,Ahmedabad,West Bengal,2023-08-02,Consumer
CUST07538,Customer_07538,Male,63,Kolkata,West Bengal,2024-06-27,Consumer
CUST07539,Customer_07539,Male,58,Mumbai,West Bengal,2023-08-20,Consumer
CUST07540,Customer_07540,Male,42,Bengaluru,Delhi,2024-10-04,Consumer
CUST07541,Customer_07541,Male,34,Ahmedabad,Delhi,2023-01-13,Consumer
CUST07542,Customer_07542,Male,55,Bengaluru,Tamil Nadu,2025-04-17,Premium
CUST07543,Customer_07543,Female,53,Delhi,West Bengal,2024-06-16,Consumer
CUST07544,Customer_07544,Other,53,Pune,West Bengal,2025-04-18,Premium
CUST07545,Customer_07545,Male,36,Chennai,West Bengal,2024-09-10,Consumer
CUST07546,Customer_07546,Male,61,Ahmedabad,Telangana,2024-02-10,Consumer
CUST07547,Customer_07547,Female,19,Kolkata,Tamil Nadu,2023-10-15,Corporate
CUST07548,Customer_07548,Male,34,Kolkata,Maharashtra,2024-03-01,Consumer
CUST07549,Customer_07549,Female,47,Delhi,West Bengal,2024-03-11,Consumer
CUST07550,Customer_07550,Female,64,Delhi,Telangana,2025-09-16,Corporate
CUST07551,Customer_07551,Female,27,Ahmedabad,Gujarat,2023-03-22,Consumer
CUST07552,Customer_07552,Male,52,Ahmedabad,Telangana,2023-12-24,Consumer
CUST07553,Customer_07553,Female,69,Mumbai,Telangana,2024-12-02,Corporate
CUST07554,Customer_07554,Male,53,Bengaluru,Tamil Nadu,2023-09-12,Premium
CUST07555,Customer_07555,Female,50,Pune,Delhi,2025-06-17,Consumer
CUST07556,Customer_07556,Male,18,Mumbai,Delhi,2023-06-15,Consumer
CUST07557,Customer_07557,Male,35,Delhi,Delhi,2024-04-09,Corporate
CUST07558,Customer_07558,Female,21,Hyderabad,Delhi,2023-09-13,Corporate
CUST07559,Customer_07559,Female,64,Chennai,Delhi,2024-02-27,Consumer
CUST07560,Customer_07560,Female,44,Delhi,Maharashtra,2023-07-17,Consumer
CUST07561,Customer_07561,Female,42,Ahmedabad,Karnataka,2024-07-10,Consumer
CUST07562,Customer_07562,Female,45,Mumbai,Gujarat,2025-06-01,Consumer
CUST07563,Customer_07563,Male,39,Hyderabad,Telangana,2024-06-08,Corporate
CUST07564,Customer_07564,Female,59,Hyderabad,Karnataka,2025-12-11,Consumer
CUST07565,Customer_07565,Female,42,Delhi,Maharashtra,2024-07-08,Consumer
CUST07566,Customer_07566,Female,34,Pune,West Bengal,2023-01-07,Consumer
CUST07567,Customer_07567,Female,61,Bengaluru,West Bengal,2023-02-13,Consumer
CUST07568,Customer_07568,Male,69,Hyderabad,Delhi,2025-01-04,Premium
CUST07569,Customer_07569,Female,29,Kolkata,West Bengal,2024-08-11,Consumer
CUST07570,Customer_07570,Male,33,Ahmedabad,Maharashtra,2025-03-22,Consumer
CUST07571,Customer_07571,Male,54,Ahmedabad,Gujarat,2024-05-05,Corporate
CUST07572,Customer_07572,Female,33,Chennai,Gujarat,2023-11-14,Corporate
CUST07573,Customer_07573,Male,34,Ahmedabad,Maharashtra,2023-08-06,Corporate
CUST07574,Customer_07574,Female,48,Mumbai,West Bengal,2024-05-15,Consumer
CUST07575,Customer_07575,Male,32,Mumbai,Karnataka,2023-11-29,Consumer
CUST07576,Customer_07576,Male,30,Mumbai,Telangana,2024-07-06,Corporate
CUST07577,Customer_07577,Female,57,Kolkata,Tamil Nadu,2025-11-12,Consumer
CUST07578,Customer_07578,Female,44,Delhi,Tamil Nadu,2023-08-04,Consumer
CUST07579,Customer_07579,Female,38,Mumbai,Gujarat,2025-12-02,Consumer
CUST07580,Customer_07580,Female,19,Kolkata,Telangana,2025-01-12,Premium
CUST07581,Customer_07581,Female,25,Mumbai,Delhi,2025-07-24,Premium
CUST07582,Customer_07582,Male,59,Chennai,Maharashtra,2024-02-18,Corporate
CUST07583,Customer_07583,Male,24,Kolkata,West Bengal,2024-09-13,Corporate
CUST07584,Customer_07584,Male,27,Bengaluru,Delhi,2024-09-08,Consumer
CUST07585,Customer_07585,Female,21,Pune,Gujarat,2023-11-12,Premium
CUST07586,Customer_07586,Female,60,Delhi,Maharashtra,2025-02-05,Corporate
CUST07587,Customer_07587,Male,58,Delhi,Tamil Nadu,2024-05-13,Consumer
CUST07588,Customer_07588,Female,53,Mumbai,Gujarat,2023-12-15,Consumer
CUST07589,Customer_07589,Female,52,Chennai,Gujarat,2023-03-16,Premium
CUST07590,Customer_07590,Male,60,Hyderabad,Telangana,2023-08-21,Premium
CUST07591,Customer_07591,Male,20,Kolkata,Karnataka,2025-07-01,Consumer
CUST07592,Customer_07592,Female,35,Mumbai,Gujarat,2024-12-24,Consumer
CUST07593,Customer_07593,Female,68,Kolkata,Karnataka,2024-07-23,Consumer
CUST07594,Customer_07594,Female,63,Mumbai,Telangana,2023-02-07,Corporate
CUST07595,Customer_07595,Male,60,Delhi,Gujarat,2023-09-19,Consumer
CUST07596,Customer_07596,Other,41,Delhi,West Bengal,2023-07-31,Corporate
CUST07597,Customer_07597,Male,49,Mumbai,Gujarat,2025-09-17,Consumer
CUST07598,Customer_07598,Male,51,Delhi,Tamil Nadu,2025-02-23,Consumer
CUST07599,Customer_07599,Other,19,Chennai,Maharashtra,2023-07-25,Consumer
CUST07600,Customer_07600,Male,19,Hyderabad,West Bengal,2023-01-05,Corporate
CUST07601,Customer_07601,Female,27,Hyderabad,Karnataka,2023-05-28,Consumer
CUST07602,Customer_07602,Male,40,Kolkata,Tamil Nadu,2025-09-01,Consumer
CUST07603,Customer_07603,Female,32,Hyderabad,West Bengal,2024-01-22,Consumer
CUST07604,Customer_07604,Female,29,Kolkata,Gujarat,2024-03-03,Corporate
CUST07605,Customer_07605,Male,60,Mumbai,Telangana,2024-01-04,Corporate
CUST07606,Customer_07606,Female,34,Pune,Delhi,2025-09-27,Consumer
CUST07607,Customer_07607,Male,35,Mumbai,Tamil Nadu,2024-10-09,Consumer
CUST07608,Customer_07608,Female,31,Mumbai,Tamil Nadu,2025-11-11,Corporate
CUST07609,Customer_07609,Male,34,Chennai,Delhi,2024-07-03,Consumer
CUST07610,Customer_07610,Male,32,Hyderabad,Gujarat,2024-06-22,Premium
CUST07611,Customer_07611,Male,29,Delhi,Tamil Nadu,2024-04-21,Consumer
CUST07612,Customer_07612,Male,33,Delhi,Karnataka,2025-12-24,Corporate
CUST07613,Customer_07613,Female,49,Bengaluru,Gujarat,2023-06-23,Consumer
CUST07614,Customer_07614,Male,40,Bengaluru,Karnataka,2023-03-14,Corporate
CUST07615,Customer_07615,Male,55,Kolkata,Karnataka,2025-12-03,Corporate
CUST07616,Customer_07616,Male,51,Ahmedabad,Tamil Nadu,2025-01-14,Consumer
CUST07617,Customer_07617,Male,51,Pune,Gujarat,2025-10-23,Premium
CUST07618,Customer_07618,Female,33,Kolkata,Tamil Nadu,2024-03-18,Premium
CUST07619,Customer_07619,Female,51,Delhi,Tamil Nadu,2023-03-20,Premium
CUST07620,Customer_07620,Male,57,Hyderabad,Gujarat,2023-05-19,Consumer
CUST07621,Customer_07621,Female,24,Kolkata,Gujarat,2025-03-25,Consumer
CUST07622,Customer_07622,Female,50,Mumbai,Gujarat,2025-10-27,Consumer
CUST07623,Customer_07623,Male,21,Delhi,West Bengal,2025-06-01,Consumer
CUST07624,Customer_07624,Female,60,Pune,Gujarat,2024-12-25,Consumer
CUST07625,Customer_07625,Female,69,Pune,Telangana,2024-05-27,Consumer
CUST07626,Customer_07626,Female,24,Delhi,Gujarat,2024-11-26,Consumer
CUST07627,Customer_07627,Female,35,Ahmedabad,Delhi,2024-12-27,Consumer
CUST07628,Customer_07628,Male,21,Bengaluru,Gujarat,2023-03-18,Consumer
CUST07629,Customer_07629,Female,66,Ahmedabad,Tamil Nadu,2025-12-02,Consumer
CUST07630,Customer_07630,Female,28,Hyderabad,Delhi,2024-06-13,Corporate
CUST07631,Customer_07631,Male,60,Delhi,West Bengal,2025-10-09,Corporate
CUST07632,Customer_07632,Female,37,Mumbai,Maharashtra,2023-07-09,Consumer
CUST07633,Customer_07633,Male,28,Mumbai,Karnataka,2025-05-24,Consumer
CUST07634,Customer_07634,Other,32,Chennai,Telangana,2023-09-19,Consumer
CUST07635,Customer_07635,Female,63,Mumbai,Delhi,2023-05-24,Consumer
CUST07636,Customer_07636,Male,34,Delhi,West Bengal,2024-10-02,Corporate
CUST07637,Customer_07637,Male,51,Delhi,Karnataka,2023-10-05,Corporate
CUST07638,Customer_07638,Female,67,Mumbai,Telangana,2025-03-24,Consumer
CUST07639,Customer_07639,Male,65,Bengaluru,Gujarat,2023-11-03,Corporate
CUST07640,Customer_07640,Male,29,Hyderabad,West Bengal,2024-08-29,Corporate
CUST07641,Customer_07641,Male,59,Pune,Karnataka,2024-07-03,Consumer
CUST07642,Customer_07642,Male,45,Delhi,West Bengal,2023-10-27,Consumer
CUST07643,Customer_07643,Male,65,Mumbai,Tamil Nadu,2023-12-13,Consumer
CUST07644,Customer_07644,Male,52,Pune,Tamil Nadu,2024-03-01,Consumer
CUST07645,Customer_07645,Male,25,Mumbai,Gujarat,2023-02-11,Consumer
CUST07646,Customer_07646,Female,44,Delhi,Karnataka,2023-11-12,Consumer
CUST07647,Customer_07647,Female,39,Chennai,Gujarat,2024-09-29,Consumer
CUST07648,Customer_07648,Male,41,Hyderabad,Gujarat,2023-03-18,Consumer
CUST07649,Customer_07649,Male,19,Delhi,Telangana,2023-04-06,Corporate
CUST07650,Customer_07650,Female,48,Pune,Karnataka,2025-03-29,Consumer
CUST07651,Customer_07651,Male,39,Mumbai,Maharashtra,2025-01-06,Consumer
CUST07652,Customer_07652,Male,18,Chennai,Gujarat,2025-01-19,Consumer
CUST07653,Customer_07653,Male,31,Kolkata,Telangana,2023-07-24,Consumer
CUST07654,Customer_07654,Female,42,Delhi,Telangana,2025-07-24,Consumer
CUST07655,Customer_07655,Female,53,Hyderabad,Karnataka,2024-10-16,Consumer
CUST07656,Customer_07656,Female,53,Chennai,Delhi,2023-11-11,Consumer
CUST07657,Customer_07657,Female,58,Pune,West Bengal,2025-01-13,Consumer
CUST07658,Customer_07658,Female,20,Ahmedabad,Gujarat,2023-10-22,Corporate
CUST07659,Customer_07659,Male,22,Mumbai,Gujarat,2025-04-10,Corporate
CUST07660,Customer_07660,Female,18,Bengaluru,Karnataka,2024-10-03,Corporate
CUST07661,Customer_07661,Male,36,Kolkata,Delhi,2023-10-12,Corporate
CUST07662,Customer_07662,Female,50,Kolkata,Telangana,2024-05-26,Corporate
CUST07663,Customer_07663,Female,59,Hyderabad,West Bengal,2025-10-04,Consumer
CUST07664,Customer_07664,Female,47,Ahmedabad,Tamil Nadu,2023-01-29,Consumer
CUST07665,Customer_07665,Male,29,Chennai,Gujarat,2025-10-27,Consumer
CUST07666,Customer_07666,Male,27,Delhi,Tamil Nadu,2024-06-25,Consumer
CUST07667,Customer_07667,Female,51,Delhi,West Bengal,2023-08-03,Corporate
CUST07668,Customer_07668,Female,33,Chennai,Gujarat,2024-09-18,Consumer
CUST07669,Customer_07669,Female,57,Delhi,West Bengal,2023-08-03,Consumer
CUST07670,Customer_07670,Male,63,Kolkata,Karnataka,2023-08-09,Corporate
CUST07671,Customer_07671,Female,46,Kolkata,Gujarat,2025-10-20,Corporate
CUST07672,Customer_07672,Female,32,Kolkata,Delhi,2023-09-18,Consumer
CUST07673,Customer_07673,Female,65,Chennai,Gujarat,2025-10-20,Consumer
CUST07674,Customer_07674,Female,28,Hyderabad,Karnataka,2024-07-19,Premium
CUST07675,Customer_07675,Female,61,Kolkata,West Bengal,2025-03-11,Consumer
CUST07676,Customer_07676,Female,51,Delhi,Maharashtra,2024-10-07,Consumer
CUST07677,Customer_07677,Female,53,Ahmedabad,Karnataka,2025-11-13,Corporate
CUST07678,Customer_07678,Female,47,Hyderabad,Karnataka,2025-09-15,Consumer
CUST07679,Customer_07679,Male,52,Ahmedabad,Karnataka,2025-09-18,Premium
CUST07680,Customer_07680,Male,26,Mumbai,Karnataka,2024-09-20,Consumer
CUST07681,Customer_07681,Female,35,Mumbai,Delhi,2024-04-22,Consumer
CUST07682,Customer_07682,Female,36,Mumbai,Gujarat,2024-01-17,Consumer
CUST07683,Customer_07683,Female,56,Mumbai,Delhi,2025-03-29,Consumer
CUST07684,Customer_07684,Male,21,Delhi,Delhi,2024-01-09,Corporate
CUST07685,Customer_07685,Male,23,Chennai,Maharashtra,2024-07-06,Consumer
CUST07686,Customer_07686,Female,68,Delhi,Maharashtra,2025-01-31,Consumer
CUST07687,Customer_07687,Female,50,Pune,Gujarat,2023-04-02,Premium
CUST07688,Customer_07688,Male,49,Delhi,Gujarat,2024-01-12,Corporate
CUST07689,Customer_07689,Male,33,Hyderabad,West Bengal,2024-08-25,Consumer
CUST07690,Customer_07690,Female,28,Chennai,Karnataka,2023-04-10,Premium
CUST07691,Customer_07691,Male,39,Ahmedabad,Delhi,2025-03-10,Corporate
CUST07692,Customer_07692,Female,53,Kolkata,Maharashtra,2023-01-23,Corporate
CUST07693,Customer_07693,Male,67,Bengaluru,Tamil Nadu,2024-10-17,Consumer
CUST07694,Customer_07694,Female,40,Bengaluru,Karnataka,2025-02-08,Consumer
CUST07695,Customer_07695,Female,43,Kolkata,West Bengal,2024-06-02,Consumer
CUST07696,Customer_07696,Female,48,Chennai,Telangana,2025-07-07,Consumer
CUST07697,Customer_07697,Male,46,Bengaluru,Delhi,2024-01-12,Corporate
CUST07698,Customer_07698,Female,22,Chennai,Karnataka,2025-11-14,Consumer
CUST07699,Customer_07699,Male,55,Hyderabad,Gujarat,2023-10-18,Consumer
CUST07700,Customer_07700,Male,42,Hyderabad,Karnataka,2025-12-28,Consumer
CUST07701,Customer_07701,Other,51,Delhi,Telangana,2025-05-12,Consumer
CUST07702,Customer_07702,Female,29,Bengaluru,Gujarat,2023-12-08,Consumer
CUST07703,Customer_07703,Female,39,Kolkata,Tamil Nadu,2025-05-19,Consumer
CUST07704,Customer_07704,Male,26,Chennai,Maharashtra,2023-11-13,Consumer
CUST07705,Customer_07705,Male,37,Ahmedabad,Maharashtra,2024-06-27,Consumer
CUST07706,Customer_07706,Male,46,Hyderabad,Telangana,2023-03-16,Corporate
CUST07707,Customer_07707,Female,61,Delhi,West Bengal,2025-02-14,Corporate
CUST07708,Customer_07708,Female,46,Bengaluru,Telangana,2023-08-05,Consumer
CUST07709,Customer_07709,Female,62,Bengaluru,West Bengal,2024-09-24,Consumer
CUST07710,Customer_07710,Female,44,Bengaluru,West Bengal,2024-06-15,Consumer
CUST07711,Customer_07711,Male,34,Ahmedabad,Maharashtra,2024-03-24,Corporate
CUST07712,Customer_07712,Male,22,Hyderabad,Tamil Nadu,2025-10-27,Corporate
CUST07713,Customer_07713,Male,69,Ahmedabad,Tamil Nadu,2025-06-07,Consumer
CUST07714,Customer_07714,Male,62,Hyderabad,Karnataka,2024-01-28,Premium
CUST07715,Customer_07715,Male,30,Bengaluru,Telangana,2023-11-12,Corporate
CUST07716,Customer_07716,Female,59,Hyderabad,Telangana,2024-03-29,Consumer
CUST07717,Customer_07717,Male,32,Bengaluru,Telangana,2025-03-23,Consumer
CUST07718,Customer_07718,Female,32,Mumbai,Gujarat,2023-11-14,Corporate
CUST07719,Customer_07719,Male,35,Hyderabad,Maharashtra,2024-01-29,Consumer
CUST07720,Customer_07720,Other,67,Chennai,Maharashtra,2024-01-14,Consumer
CUST07721,Customer_07721,Female,19,Hyderabad,Maharashtra,2024-12-05,Consumer
CUST07722,Customer_07722,Female,40,Bengaluru,Tamil Nadu,2025-03-04,Corporate
CUST07723,Customer_07723,Male,60,Chennai,Maharashtra,2025-11-07,Premium
CUST07724,Customer_07724,Female,30,Delhi,Karnataka,2025-04-06,Consumer
CUST07725,Customer_07725,Female,60,Chennai,Gujarat,2023-05-29,Consumer
CUST07726,Customer_07726,Male,21,Chennai,Maharashtra,2024-07-11,Corporate
CUST07727,Customer_07727,Male,64,Hyderabad,Gujarat,2025-11-01,Corporate
CUST07728,Customer_07728,Male,42,Pune,Gujarat,2025-01-11,Consumer
CUST07729,Customer_07729,Female,28,Chennai,Tamil Nadu,2024-04-06,Consumer
CUST07730,Customer_07730,Female,67,Chennai,Telangana,2025-09-03,Corporate
CUST07731,Customer_07731,Female,65,Kolkata,Gujarat,2024-11-25,Consumer
CUST07732,Customer_07732,Male,59,Bengaluru,Karnataka,2024-07-20,Consumer
CUST07733,Customer_07733,Male,29,Hyderabad,Tamil Nadu,2023-09-23,Premium
CUST07734,Customer_07734,Female,30,Bengaluru,Delhi,2024-06-30,Premium
CUST07735,Customer_07735,Male,26,Hyderabad,Gujarat,2023-03-21,Consumer
CUST07736,Customer_07736,Female,62,Ahmedabad,West Bengal,2024-06-01,Corporate
CUST07737,Customer_07737,Female,55,Delhi,Gujarat,2025-12-27,Consumer
CUST07738,Customer_07738,Male,23,Pune,Telangana,2024-12-02,Consumer
CUST07739,Customer_07739,Female,60,Chennai,Maharashtra,2023-09-01,Consumer
CUST07740,Customer_07740,Male,68,Kolkata,Tamil Nadu,2023-01-09,Premium
CUST07741,Customer_07741,Female,60,Hyderabad,Delhi,2024-04-08,Consumer
CUST07742,Customer_07742,Male,27,Chennai,Tamil Nadu,2024-10-07,Consumer
CUST07743,Customer_07743,Female,40,Chennai,Maharashtra,2023-09-06,Consumer
CUST07744,Customer_07744,Male,32,Mumbai,Tamil Nadu,2023-11-19,Consumer
CUST07745,Customer_07745,Male,62,Ahmedabad,Delhi,2024-07-09,Consumer
CUST07746,Customer_07746,Female,40,Ahmedabad,Tamil Nadu,2024-01-28,Premium
CUST07747,Customer_07747,Male,57,Bengaluru,Karnataka,2025-07-07,Consumer
CUST07748,Customer_07748,Female,54,Ahmedabad,Karnataka,2024-07-22,Consumer
CUST07749,Customer_07749,Male,51,Ahmedabad,Maharashtra,2023-09-01,Consumer
CUST07750,Customer_07750,Female,33,Ahmedabad,West Bengal,2025-12-16,Consumer
CUST07751,Customer_07751,Male,62,Pune,West Bengal,2023-07-11,Corporate
CUST07752,Customer_07752,Female,68,Kolkata,Delhi,2024-06-02,Premium
CUST07753,Customer_07753,Male,58,Hyderabad,Delhi,2025-08-17,Consumer
CUST07754,Customer_07754,Male,64,Ahmedabad,Delhi,2025-11-28,Corporate
CUST07755,Customer_07755,Male,49,Delhi,Delhi,2023-07-12,Consumer
CUST07756,Customer_07756,Female,55,Pune,Delhi,2023-11-23,Premium
CUST07757,Customer_07757,Male,57,Mumbai,West Bengal,2024-04-27,Premium
CUST07758,Customer_07758,Female,63,Bengaluru,Telangana,2023-01-25,Consumer
CUST07759,Customer_07759,Female,22,Delhi,Tamil Nadu,2023-04-12,Corporate
CUST07760,Customer_07760,Male,34,Delhi,Gujarat,2024-10-24,Corporate
CUST07761,Customer_07761,Female,39,Chennai,Delhi,2023-08-05,Consumer
CUST07762,Customer_07762,Male,56,Bengaluru,West Bengal,2025-01-11,Consumer
CUST07763,Customer_07763,Male,58,Mumbai,Gujarat,2023-09-24,Consumer
CUST07764,Customer_07764,Female,65,Hyderabad,Karnataka,2023-06-11,Consumer
CUST07765,Customer_07765,Female,35,Hyderabad,West Bengal,2023-10-14,Corporate
CUST07766,Customer_07766,Female,45,Mumbai,Gujarat,2024-11-08,Consumer
CUST07767,Customer_07767,Male,30,Chennai,West Bengal,2025-06-04,Corporate
CUST07768,Customer_07768,Male,67,Chennai,Gujarat,2023-09-04,Consumer
CUST07769,Customer_07769,Male,59,Delhi,West Bengal,2023-06-23,Consumer
CUST07770,Customer_07770,Female,18,Ahmedabad,Tamil Nadu,2025-10-29,Corporate
CUST07771,Customer_07771,Female,67,Bengaluru,Gujarat,2025-06-27,Consumer
CUST07772,Customer_07772,Female,36,Delhi,Maharashtra,2025-10-14,Consumer
CUST07773,Customer_07773,Male,51,Ahmedabad,West Bengal,2025-02-26,Consumer
CUST07774,Customer_07774,Male,21,Kolkata,Maharashtra,2024-08-19,Consumer
CUST07775,Customer_07775,Male,60,Kolkata,West Bengal,2024-10-23,Corporate
CUST07776,Customer_07776,Male,20,Hyderabad,Delhi,2023-02-10,Consumer
CUST07777,Customer_07777,Male,58,Mumbai,Telangana,2023-12-03,Corporate
CUST07778,Customer_07778,Female,27,Bengaluru,West Bengal,2023-11-22,Corporate
CUST07779,Customer_07779,Female,45,Mumbai,Telangana,2025-07-07,Consumer
CUST07780,Customer_07780,Female,51,Bengaluru,Tamil Nadu,2025-12-22,Consumer
CUST07781,Customer_07781,Male,56,Pune,Telangana,2025-10-12,Consumer
CUST07782,Customer_07782,Male,64,Hyderabad,Gujarat,2025-01-02,Corporate
CUST07783,Customer_07783,Female,36,Hyderabad,Maharashtra,2024-06-03,Corporate
CUST07784,Customer_07784,Male,59,Pune,Delhi,2023-03-26,Consumer
CUST07785,Customer_07785,Female,69,Bengaluru,Karnataka,2023-07-26,Consumer
CUST07786,Customer_07786,Male,63,Chennai,Gujarat,2023-06-10,Consumer
CUST07787,Customer_07787,Male,53,Bengaluru,Maharashtra,2024-03-25,Consumer
CUST07788,Customer_07788,Female,60,Hyderabad,Maharashtra,2023-04-26,Consumer
CUST07789,Customer_07789,Male,20,Kolkata,Tamil Nadu,2023-12-28,Corporate
CUST07790,Customer_07790,Female,40,Mumbai,Gujarat,2025-06-30,Consumer
CUST07791,Customer_07791,Female,34,Delhi,West Bengal,2023-07-02,Consumer
CUST07792,Customer_07792,Male,24,Mumbai,Telangana,2024-11-06,Corporate
CUST07793,Customer_07793,Male,43,Hyderabad,Karnataka,2024-08-14,Premium
CUST07794,Customer_07794,Female,60,Mumbai,Karnataka,2025-10-27,Consumer
CUST07795,Customer_07795,Female,35,Chennai,West Bengal,2025-07-19,Corporate
CUST07796,Customer_07796,Male,63,Chennai,Telangana,2025-02-01,Consumer
CUST07797,Customer_07797,Female,63,Kolkata,West Bengal,2024-09-03,Premium
CUST07798,Customer_07798,Male,23,Bengaluru,Delhi,2023-03-20,Premium
CUST07799,Customer_07799,Male,48,Ahmedabad,Telangana,2024-11-12,Corporate
CUST07800,Customer_07800,Male,46,Mumbai,Delhi,2024-01-28,Consumer
CUST07801,Customer_07801,Male,26,Mumbai,Karnataka,2024-04-12,Consumer
CUST07802,Customer_07802,Male,52,Hyderabad,Gujarat,2025-05-19,Consumer
CUST07803,Customer_07803,Other,34,Bengaluru,Tamil Nadu,2023-01-18,Corporate
CUST07804,Customer_07804,Male,29,Bengaluru,Maharashtra,2023-03-03,Consumer
CUST07805,Customer_07805,Male,53,Mumbai,Gujarat,2023-06-12,Consumer
CUST07806,Customer_07806,Male,69,Delhi,Karnataka,2024-07-05,Consumer
CUST07807,Customer_07807,Female,65,Mumbai,Karnataka,2023-06-28,Corporate
CUST07808,Customer_07808,Female,41,Mumbai,Karnataka,2025-12-19,Corporate
CUST07809,Customer_07809,Male,27,Mumbai,Maharashtra,2023-08-27,Consumer
CUST07810,Customer_07810,Male,47,Chennai,Delhi,2024-07-21,Corporate
CUST07811,Customer_07811,Male,46,Pune,Tamil Nadu,2025-01-15,Consumer
CUST07812,Customer_07812,Male,56,Bengaluru,Gujarat,2023-03-25,Consumer
CUST07813,Customer_07813,Male,27,Pune,Gujarat,2025-11-30,Consumer
CUST07814,Customer_07814,Male,56,Chennai,Tamil Nadu,2024-03-13,Consumer
CUST07815,Customer_07815,Male,45,Delhi,Tamil Nadu,2024-06-12,Consumer
CUST07816,Customer_07816,Female,35,Ahmedabad,Delhi,2023-04-15,Consumer
CUST07817,Customer_07817,Male,58,Hyderabad,Gujarat,2024-06-20,Consumer
CUST07818,Customer_07818,Female,67,Kolkata,Telangana,2024-01-17,Premium
CUST07819,Customer_07819,Female,34,Delhi,Telangana,2023-08-05,Consumer
CUST07820,Customer_07820,Female,28,Bengaluru,Tamil Nadu,2024-05-03,Consumer
CUST07821,Customer_07821,Male,18,Hyderabad,Karnataka,2023-05-31,Corporate
CUST07822,Customer_07822,Male,34,Pune,Karnataka,2025-03-23,Corporate
CUST07823,Customer_07823,Male,53,Delhi,Maharashtra,2024-09-22,Consumer
CUST07824,Customer_07824,Female,53,Bengaluru,Telangana,2024-02-26,Consumer
CUST07825,Customer_07825,Male,63,Kolkata,Karnataka,2024-10-07,Consumer
CUST07826,Customer_07826,Female,26,Ahmedabad,West Bengal,2023-07-26,Consumer
CUST07827,Customer_07827,Female,62,Ahmedabad,Tamil Nadu,2025-02-13,Consumer
CUST07828,Customer_07828,Male,45,Kolkata,Maharashtra,2025-04-13,Consumer
CUST07829,Customer_07829,Female,65,Delhi,Telangana,2024-08-10,Consumer
CUST07830,Customer_07830,Male,50,Hyderabad,Maharashtra,2024-07-17,Consumer
CUST07831,Customer_07831,Male,20,Hyderabad,Karnataka,2023-08-14,Consumer
CUST07832,Customer_07832,Male,68,Delhi,Tamil Nadu,2025-03-14,Corporate
CUST07833,Customer_07833,Male,25,Chennai,West Bengal,2024-11-20,Consumer
CUST07834,Customer_07834,Female,67,Delhi,Tamil Nadu,2023-04-16,Corporate
CUST07835,Customer_07835,Male,23,Pune,Tamil Nadu,2024-05-30,Corporate
CUST07836,Customer_07836,Male,69,Delhi,Karnataka,2025-08-05,Consumer
CUST07837,Customer_07837,Female,23,Delhi,West Bengal,2023-07-06,Consumer
CUST07838,Customer_07838,Female,46,Chennai,West Bengal,2024-06-15,Corporate
CUST07839,Customer_07839,Male,54,Mumbai,Delhi,2023-10-02,Premium
CUST07840,Customer_07840,Female,29,Hyderabad,Gujarat,2024-06-22,Consumer
CUST07841,Customer_07841,Female,26,Pune,Gujarat,2024-10-09,Consumer
CUST07842,Customer_07842,Male,58,Bengaluru,Tamil Nadu,2023-01-18,Corporate
CUST07843,Customer_07843,Male,66,Hyderabad,Gujarat,2023-10-12,Consumer
CUST07844,Customer_07844,Male,36,Hyderabad,Delhi,2025-07-20,Consumer
CUST07845,Customer_07845,Female,34,Mumbai,Tamil Nadu,2025-10-10,Corporate
CUST07846,Customer_07846,Female,65,Hyderabad,Delhi,2025-06-23,Corporate
CUST07847,Customer_07847,Female,61,Hyderabad,Telangana,2024-10-11,Corporate
CUST07848,Customer_07848,Female,49,Chennai,Gujarat,2025-05-01,Corporate
CUST07849,Customer_07849,Male,52,Chennai,West Bengal,2023-09-14,Consumer
CUST07850,Customer_07850,Male,31,Chennai,Telangana,2024-10-05,Consumer
CUST07851,Customer_07851,Male,66,Chennai,Tamil Nadu,2023-12-23,Consumer
CUST07852,Customer_07852,Female,33,Chennai,West Bengal,2023-09-13,Corporate
CUST07853,Customer_07853,Female,38,Ahmedabad,Maharashtra,2024-08-30,Consumer
CUST07854,Customer_07854,Male,29,Pune,Maharashtra,2023-11-30,Corporate
CUST07855,Customer_07855,Female,41,Bengaluru,Karnataka,2023-01-15,Consumer
CUST07856,Customer_07856,Male,51,Mumbai,Telangana,2023-06-28,Corporate
CUST07857,Customer_07857,Male,25,Delhi,Telangana,2023-03-29,Corporate
CUST07858,Customer_07858,Male,61,Kolkata,Maharashtra,2023-04-04,Corporate
CUST07859,Customer_07859,Male,38,Pune,Tamil Nadu,2025-04-24,Consumer
CUST07860,Customer_07860,Male,65,Chennai,West Bengal,2023-01-28,Consumer
CUST07861,Customer_07861,Male,25,Mumbai,West Bengal,2024-11-27,Corporate
CUST07862,Customer_07862,Male,45,Delhi,West Bengal,2023-03-16,Consumer
CUST07863,Customer_07863,Male,33,Hyderabad,Karnataka,2023-02-23,Premium
CUST07864,Customer_07864,Female,27,Ahmedabad,Telangana,2023-11-17,Consumer
CUST07865,Customer_07865,Male,69,Ahmedabad,Karnataka,2025-01-29,Premium
CUST07866,Customer_07866,Female,32,Pune,Telangana,2024-09-21,Corporate
CUST07867,Customer_07867,Male,21,Hyderabad,Delhi,2023-11-28,Corporate
CUST07868,Customer_07868,Male,43,Mumbai,West Bengal,2023-11-13,Consumer
CUST07869,Customer_07869,Male,32,Bengaluru,Delhi,2023-04-11,Consumer
CUST07870,Customer_07870,Male,53,Bengaluru,Karnataka,2023-09-05,Consumer
CUST07871,Customer_07871,Female,49,Ahmedabad,West Bengal,2025-05-10,Corporate
CUST07872,Customer_07872,Male,60,Mumbai,West Bengal,2025-05-19,Consumer
CUST07873,Customer_07873,Female,55,Kolkata,Maharashtra,2023-08-09,Consumer
CUST07874,Customer_07874,Female,21,Kolkata,Maharashtra,2023-05-28,Corporate
CUST07875,Customer_07875,Female,58,Bengaluru,Telangana,2025-10-09,Consumer
CUST07876,Customer_07876,Female,26,Kolkata,Gujarat,2024-08-03,Corporate
CUST07877,Customer_07877,Female,52,Bengaluru,Delhi,2024-04-22,Consumer
CUST07878,Customer_07878,Male,45,Hyderabad,Delhi,2025-11-13,Consumer
CUST07879,Customer_07879,Female,54,Kolkata,Karnataka,2025-06-01,Corporate
CUST07880,Customer_07880,Male,64,Bengaluru,West Bengal,2023-06-19,Corporate
CUST07881,Customer_07881,Male,26,Bengaluru,Gujarat,2024-03-13,Consumer
CUST07882,Customer_07882,Male,19,Mumbai,Karnataka,2025-10-13,Consumer
CUST07883,Customer_07883,Female,20,Bengaluru,Maharashtra,2023-10-28,Premium
CUST07884,Customer_07884,Female,61,Kolkata,Maharashtra,2024-11-18,Consumer
CUST07885,Customer_07885,Male,65,Ahmedabad,Gujarat,2025-09-14,Consumer
CUST07886,Customer_07886,Female,22,Ahmedabad,Gujarat,2023-05-24,Consumer
CUST07887,Customer_07887,Male,27,Kolkata,Maharashtra,2024-06-06,Corporate
CUST07888,Customer_07888,Male,45,Pune,Tamil Nadu,2024-10-20,Consumer
CUST07889,Customer_07889,Male,32,Chennai,West Bengal,2024-04-29,Consumer
CUST07890,Customer_07890,Male,31,Chennai,Delhi,2025-04-01,Corporate
CUST07891,Customer_07891,Male,63,Mumbai,Delhi,2023-07-14,Consumer
CUST07892,Customer_07892,Female,40,Chennai,Karnataka,2024-04-10,Consumer
CUST07893,Customer_07893,Female,30,Hyderabad,Delhi,2025-09-04,Premium
CUST07894,Customer_07894,Male,33,Pune,Karnataka,2024-05-04,Consumer
CUST07895,Customer_07895,Female,47,Pune,Gujarat,2023-04-10,Corporate
CUST07896,Customer_07896,Female,57,Mumbai,Gujarat,2023-04-26,Consumer
CUST07897,Customer_07897,Female,25,Kolkata,Tamil Nadu,2024-01-15,Premium
CUST07898,Customer_07898,Female,34,Bengaluru,West Bengal,2025-04-03,Consumer
CUST07899,Customer_07899,Male,47,Chennai,Gujarat,2023-03-04,Corporate
CUST07900,Customer_07900,Female,34,Hyderabad,West Bengal,2023-05-12,Consumer
CUST07901,Customer_07901,Female,52,Kolkata,Maharashtra,2024-01-30,Consumer
CUST07902,Customer_07902,Male,18,Mumbai,Tamil Nadu,2024-10-04,Consumer
CUST07903,Customer_07903,Male,66,Kolkata,Maharashtra,2025-09-02,Consumer
CUST07904,Customer_07904,Female,41,Mumbai,Maharashtra,2025-07-02,Consumer
CUST07905,Customer_07905,Male,65,Bengaluru,Karnataka,2024-10-31,Consumer
CUST07906,Customer_07906,Other,66,Delhi,West Bengal,2024-12-28,Corporate
CUST07907,Customer_07907,Male,42,Ahmedabad,Maharashtra,2024-06-29,Corporate
CUST07908,Customer_07908,Female,19,Chennai,West Bengal,2024-01-10,Consumer
CUST07909,Customer_07909,Male,42,Hyderabad,Tamil Nadu,2025-04-23,Consumer
CUST07910,Customer_07910,Female,31,Mumbai,Telangana,2023-10-25,Consumer
CUST07911,Customer_07911,Female,56,Kolkata,Gujarat,2025-09-22,Consumer
CUST07912,Customer_07912,Male,68,Chennai,Karnataka,2023-10-23,Consumer
CUST07913,Customer_07913,Female,50,Kolkata,West Bengal,2023-04-25,Consumer
CUST07914,Customer_07914,Male,34,Hyderabad,Gujarat,2024-05-07,Consumer
CUST07915,Customer_07915,Male,48,Pune,Maharashtra,2025-12-16,Premium
CUST07916,Customer_07916,Male,27,Pune,Maharashtra,2025-05-28,Consumer
CUST07917,Customer_07917,Female,23,Ahmedabad,Delhi,2024-12-19,Consumer
CUST07918,Customer_07918,Male,56,Ahmedabad,West Bengal,2024-10-13,Corporate
CUST07919,Customer_07919,Male,42,Hyderabad,Karnataka,2024-09-10,Consumer
CUST07920,Customer_07920,Male,55,Ahmedabad,Karnataka,2024-02-13,Consumer
CUST07921,Customer_07921,Female,54,Pune,Tamil Nadu,2025-10-22,Consumer
CUST07922,Customer_07922,Female,47,Mumbai,Telangana,2025-02-24,Consumer
CUST07923,Customer_07923,Male,51,Chennai,Tamil Nadu,2023-02-04,Corporate
CUST07924,Customer_07924,Male,35,Hyderabad,Tamil Nadu,2024-01-30,Consumer
CUST07925,Customer_07925,Female,41,Mumbai,Tamil Nadu,2025-12-26,Consumer
CUST07926,Customer_07926,Male,66,Chennai,Telangana,2025-12-28,Consumer
CUST07927,Customer_07927,Female,44,Chennai,Tamil Nadu,2023-12-27,Corporate
CUST07928,Customer_07928,Female,44,Mumbai,Gujarat,2024-04-02,Consumer
CUST07929,Customer_07929,Female,56,Chennai,Karnataka,2023-10-21,Premium
CUST07930,Customer_07930,Male,38,Delhi,Telangana,2024-08-15,Premium
CUST07931,Customer_07931,Female,36,Hyderabad,Maharashtra,2025-08-12,Consumer
CUST07932,Customer_07932,Female,56,Hyderabad,Delhi,2023-10-24,Consumer
CUST07933,Customer_07933,Female,40,Chennai,Delhi,2025-08-03,Consumer
CUST07934,Customer_07934,Male,56,Mumbai,West Bengal,2023-09-18,Consumer
CUST07935,Customer_07935,Male,65,Bengaluru,Gujarat,2025-02-27,Consumer
CUST07936,Customer_07936,Male,61,Ahmedabad,Karnataka,2025-12-27,Consumer
CUST07937,Customer_07937,Female,64,Pune,Delhi,2024-02-06,Consumer
CUST07938,Customer_07938,Female,32,Chennai,Gujarat,2025-04-06,Corporate
CUST07939,Customer_07939,Male,60,Bengaluru,Gujarat,2023-12-02,Corporate
CUST07940,Customer_07940,Male,19,Chennai,Delhi,2025-08-19,Consumer
CUST07941,Customer_07941,Male,52,Bengaluru,Delhi,2023-01-29,Consumer
CUST07942,Customer_07942,Female,68,Chennai,Gujarat,2025-03-14,Consumer
CUST07943,Customer_07943,Female,37,Mumbai,Gujarat,2025-04-23,Consumer
CUST07944,Customer_07944,Male,45,Pune,Maharashtra,2023-02-14,Corporate
CUST07945,Customer_07945,Male,32,Kolkata,Delhi,2024-02-23,Corporate
CUST07946,Customer_07946,Male,33,Kolkata,Tamil Nadu,2024-09-07,Consumer
CUST07947,Customer_07947,Female,50,Bengaluru,Gujarat,2023-09-19,Consumer
CUST07948,Customer_07948,Female,64,Ahmedabad,Karnataka,2025-02-03,Consumer
CUST07949,Customer_07949,Female,29,Ahmedabad,Karnataka,2023-10-19,Corporate
CUST07950,Customer_07950,Male,56,Delhi,West Bengal,2024-06-17,Corporate
CUST07951,Customer_07951,Female,56,Mumbai,Gujarat,2025-12-28,Premium
CUST07952,Customer_07952,Male,60,Pune,Karnataka,2024-07-28,Corporate
CUST07953,Customer_07953,Female,37,Chennai,Maharashtra,2023-08-25,Consumer
CUST07954,Customer_07954,Male,46,Bengaluru,West Bengal,2023-12-29,Premium
CUST07955,Customer_07955,Female,60,Ahmedabad,Maharashtra,2024-06-14,Consumer
CUST07956,Customer_07956,Female,66,Pune,Gujarat,2025-01-12,Consumer
CUST07957,Customer_07957,Female,20,Hyderabad,West Bengal,2024-04-09,Consumer
CUST07958,Customer_07958,Female,65,Ahmedabad,Delhi,2024-01-17,Consumer
CUST07959,Customer_07959,Male,22,Mumbai,Tamil Nadu,2023-05-07,Corporate
CUST07960,Customer_07960,Male,19,Bengaluru,Delhi,2024-10-19,Consumer
CUST07961,Customer_07961,Female,40,Mumbai,Karnataka,2023-08-31,Corporate
CUST07962,Customer_07962,Male,43,Bengaluru,West Bengal,2024-07-06,Corporate
CUST07963,Customer_07963,Male,43,Kolkata,Tamil Nadu,2024-03-14,Corporate
CUST07964,Customer_07964,Male,24,Hyderabad,Karnataka,2024-02-12,Consumer
CUST07965,Customer_07965,Female,27,Delhi,Tamil Nadu,2024-08-11,Consumer
CUST07966,Customer_07966,Male,22,Hyderabad,Gujarat,2025-03-06,Corporate
CUST07967,Customer_07967,Male,64,Chennai,Telangana,2024-10-03,Consumer
CUST07968,Customer_07968,Male,29,Mumbai,Maharashtra,2024-07-17,Corporate
CUST07969,Customer_07969,Male,49,Delhi,West Bengal,2025-03-21,Corporate
CUST07970,Customer_07970,Female,59,Mumbai,Maharashtra,2024-01-05,Consumer
CUST07971,Customer_07971,Other,48,Pune,West Bengal,2025-06-25,Consumer
CUST07972,Customer_07972,Female,39,Bengaluru,Gujarat,2025-02-08,Consumer
CUST07973,Customer_07973,Male,34,Chennai,Karnataka,2024-10-19,Corporate
CUST07974,Customer_07974,Female,37,Chennai,Karnataka,2025-09-19,Consumer
CUST07975,Customer_07975,Female,37,Mumbai,Telangana,2025-09-15,Consumer
CUST07976,Customer_07976,Male,60,Kolkata,Delhi,2025-12-13,Consumer
CUST07977,Customer_07977,Female,25,Chennai,West Bengal,2023-05-02,Consumer
CUST07978,Customer_07978,Female,64,Ahmedabad,Tamil Nadu,2023-06-16,Consumer
CUST07979,Customer_07979,Female,51,Mumbai,Gujarat,2025-08-01,Consumer
CUST07980,Customer_07980,Female,66,Bengaluru,Telangana,2025-04-13,Consumer
CUST07981,Customer_07981,Male,40,Bengaluru,Gujarat,2023-01-22,Consumer
CUST07982,Customer_07982,Male,55,Mumbai,Telangana,2024-02-12,Consumer
CUST07983,Customer_07983,Female,45,Hyderabad,Karnataka,2024-04-26,Corporate
CUST07984,Customer_07984,Male,30,Hyderabad,Karnataka,2023-10-26,Corporate
CUST07985,Customer_07985,Male,46,Bengaluru,Delhi,2023-10-04,Corporate
CUST07986,Customer_07986,Female,25,Delhi,West Bengal,2025-03-26,Consumer
CUST07987,Customer_07987,Female,28,Ahmedabad,West Bengal,2023-11-18,Consumer
CUST07988,Customer_07988,Male,64,Hyderabad,Gujarat,2023-04-25,Consumer
CUST07989,Customer_07989,Female,62,Mumbai,Gujarat,2023-09-29,Corporate
CUST07990,Customer_07990,Female,35,Bengaluru,Delhi,2023-09-21,Consumer
CUST07991,Customer_07991,Female,67,Chennai,Karnataka,2023-09-07,Consumer
CUST07992,Customer_07992,Male,42,Chennai,Maharashtra,2025-05-27,Corporate
CUST07993,Customer_07993,Male,66,Kolkata,Delhi,2024-03-14,Consumer
CUST07994,Customer_07994,Male,39,Ahmedabad,Telangana,2025-12-17,Consumer
CUST07995,Customer_07995,Male,62,Hyderabad,Karnataka,2023-01-05,Consumer
CUST07996,Customer_07996,Male,52,Delhi,Gujarat,2025-05-12,Consumer
CUST07997,Customer_07997,Male,46,Pune,Gujarat,2023-09-22,Corporate
CUST07998,Customer_07998,Male,38,Hyderabad,Tamil Nadu,2023-04-05,Corporate
CUST07999,Customer_07999,Female,24,Delhi,Tamil Nadu,2025-03-29,Premium
CUST08000,Customer_08000,Male,29,Hyderabad,Maharashtra,2024-11-27,Consumer
CUST08001,Customer_08001,Female,53,Chennai,Gujarat,2025-01-10,Consumer
CUST08002,Customer_08002,Female,41,Delhi,Karnataka,2023-11-13,Consumer
CUST08003,Customer_08003,Male,49,Chennai,Gujarat,2025-02-12,Premium
CUST08004,Customer_08004,Female,44,Ahmedabad,Gujarat,2023-04-29,Consumer
CUST08005,Customer_08005,Female,49,Kolkata,Telangana,2025-03-04,Premium
CUST08006,Customer_08006,Male,49,Mumbai,Maharashtra,2023-07-21,Consumer
CUST08007,Customer_08007,Female,49,Mumbai,Telangana,2025-12-12,Consumer
CUST08008,Customer_08008,Male,43,Bengaluru,West Bengal,2023-11-13,Premium
CUST08009,Customer_08009,Female,28,Chennai,Tamil Nadu,2025-03-23,Premium
CUST08010,Customer_08010,Male,63,Chennai,Telangana,2023-02-07,Corporate
CUST08011,Customer_08011,Female,35,Kolkata,Tamil Nadu,2024-02-17,Consumer
CUST08012,Customer_08012,Male,56,Bengaluru,West Bengal,2023-08-31,Consumer
CUST08013,Customer_08013,Female,22,Ahmedabad,Delhi,2025-12-23,Corporate
CUST08014,Customer_08014,Male,33,Mumbai,West Bengal,2025-05-04,Consumer
CUST08015,Customer_08015,Female,28,Mumbai,Tamil Nadu,2023-07-20,Corporate
CUST08016,Customer_08016,Female,52,Delhi,Gujarat,2023-11-03,Consumer
CUST08017,Customer_08017,Male,65,Delhi,West Bengal,2023-06-24,Consumer
CUST08018,Customer_08018,Female,28,Pune,Tamil Nadu,2025-08-29,Corporate
CUST08019,Customer_08019,Male,59,Kolkata,West Bengal,2025-10-12,Consumer
CUST08020,Customer_08020,Female,40,Mumbai,Gujarat,2025-09-20,Consumer
CUST08021,Customer_08021,Female,51,Pune,Maharashtra,2024-08-19,Consumer
CUST08022,Customer_08022,Female,65,Hyderabad,Gujarat,2024-11-02,Corporate
CUST08023,Customer_08023,Female,34,Chennai,West Bengal,2024-11-24,Consumer
CUST08024,Customer_08024,Male,27,Delhi,Gujarat,2024-07-01,Corporate
CUST08025,Customer_08025,Male,35,Hyderabad,Gujarat,2024-07-02,Consumer
CUST08026,Customer_08026,Male,61,Delhi,Maharashtra,2023-09-30,Consumer
CUST08027,Customer_08027,Female,25,Bengaluru,Karnataka,2025-09-02,Consumer
CUST08028,Customer_08028,Male,43,Chennai,West Bengal,2025-02-22,Premium
CUST08029,Customer_08029,Female,20,Pune,Karnataka,2025-07-28,Consumer
CUST08030,Customer_08030,Female,69,Ahmedabad,West Bengal,2024-03-27,Consumer
CUST08031,Customer_08031,Male,41,Pune,Tamil Nadu,2024-07-14,Corporate
CUST08032,Customer_08032,Female,20,Ahmedabad,Delhi,2023-04-04,Corporate
CUST08033,Customer_08033,Male,55,Ahmedabad,Karnataka,2024-05-31,Consumer
CUST08034,Customer_08034,Male,19,Delhi,Tamil Nadu,2025-08-11,Consumer
CUST08035,Customer_08035,Female,52,Mumbai,Maharashtra,2023-06-23,Premium
CUST08036,Customer_08036,Male,34,Kolkata,Karnataka,2024-11-25,Consumer
CUST08037,Customer_08037,Male,26,Pune,Karnataka,2025-06-26,Consumer
CUST08038,Customer_08038,Female,53,Bengaluru,Gujarat,2023-02-25,Premium
CUST08039,Customer_08039,Male,39,Bengaluru,West Bengal,2024-11-25,Consumer
CUST08040,Customer_08040,Female,48,Mumbai,Gujarat,2024-09-25,Corporate
CUST08041,Customer_08041,Female,51,Bengaluru,Tamil Nadu,2023-09-01,Corporate
CUST08042,Customer_08042,Male,41,Kolkata,Gujarat,2025-06-12,Corporate
CUST08043,Customer_08043,Male,26,Chennai,Tamil Nadu,2023-07-23,Corporate
CUST08044,Customer_08044,Female,63,Delhi,Telangana,2023-01-16,Consumer
CUST08045,Customer_08045,Male,60,Bengaluru,West Bengal,2023-05-06,Corporate
CUST08046,Customer_08046,Male,19,Chennai,Telangana,2024-08-21,Premium
CUST08047,Customer_08047,Female,38,Mumbai,Delhi,2024-04-10,Consumer
CUST08048,Customer_08048,Male,51,Delhi,West Bengal,2025-02-28,Consumer
CUST08049,Customer_08049,Female,44,Mumbai,Karnataka,2023-03-20,Consumer
CUST08050,Customer_08050,Male,54,Delhi,Telangana,2025-02-27,Corporate
CUST08051,Customer_08051,Male,24,Kolkata,Tamil Nadu,2023-09-21,Corporate
CUST08052,Customer_08052,Male,39,Bengaluru,Gujarat,2023-11-01,Corporate
CUST08053,Customer_08053,Female,21,Bengaluru,Gujarat,2025-01-09,Corporate
CUST08054,Customer_08054,Female,31,Delhi,Karnataka,2023-05-05,Consumer
CUST08055,Customer_08055,Female,51,Chennai,West Bengal,2024-09-09,Consumer
CUST08056,Customer_08056,Male,40,Chennai,Telangana,2025-01-11,Consumer
CUST08057,Customer_08057,Male,61,Chennai,Delhi,2023-03-22,Consumer
CUST08058,Customer_08058,Male,59,Hyderabad,Delhi,2025-05-21,Consumer
CUST08059,Customer_08059,Male,42,Pune,Delhi,2023-06-24,Consumer
CUST08060,Customer_08060,Female,18,Pune,Delhi,2024-11-06,Consumer
CUST08061,Customer_08061,Female,68,Pune,Gujarat,2023-12-14,Consumer
CUST08062,Customer_08062,Male,65,Chennai,Gujarat,2025-05-27,Consumer
CUST08063,Customer_08063,Female,32,Bengaluru,Gujarat,2025-04-22,Premium
CUST08064,Customer_08064,Male,49,Kolkata,West Bengal,2024-07-27,Corporate
CUST08065,Customer_08065,Female,31,Hyderabad,Tamil Nadu,2024-12-24,Consumer
CUST08066,Customer_08066,Male,58,Ahmedabad,Delhi,2024-08-30,Consumer
CUST08067,Customer_08067,Male,38,Ahmedabad,Maharashtra,2024-07-22,Corporate
CUST08068,Customer_08068,Male,64,Chennai,Gujarat,2023-08-22,Premium
CUST08069,Customer_08069,Male,24,Bengaluru,Delhi,2023-12-24,Consumer
CUST08070,Customer_08070,Female,53,Hyderabad,Telangana,2025-12-24,Consumer
CUST08071,Customer_08071,Male,38,Bengaluru,West Bengal,2023-10-20,Consumer
CUST08072,Customer_08072,Male,67,Delhi,Karnataka,2025-09-17,Corporate
CUST08073,Customer_08073,Female,57,Bengaluru,Gujarat,2024-06-12,Consumer
CUST08074,Customer_08074,Female,29,Hyderabad,Gujarat,2023-05-15,Consumer
CUST08075,Customer_08075,Female,32,Chennai,Telangana,2025-03-30,Consumer
CUST08076,Customer_08076,Male,32,Pune,Karnataka,2023-05-10,Consumer
CUST08077,Customer_08077,Female,34,Hyderabad,Tamil Nadu,2024-07-22,Consumer
CUST08078,Customer_08078,Female,51,Chennai,Gujarat,2024-06-05,Corporate
CUST08079,Customer_08079,Male,61,Chennai,Karnataka,2024-04-04,Premium
CUST08080,Customer_08080,Male,52,Kolkata,Maharashtra,2024-08-15,Consumer
CUST08081,Customer_08081,Male,56,Mumbai,Gujarat,2025-07-30,Corporate
CUST08082,Customer_08082,Male,55,Ahmedabad,Delhi,2025-06-19,Consumer
CUST08083,Customer_08083,Male,31,Kolkata,West Bengal,2024-09-05,Consumer
CUST08084,Customer_08084,Male,22,Delhi,Telangana,2024-06-22,Corporate
CUST08085,Customer_08085,Female,47,Mumbai,Karnataka,2023-09-18,Consumer
CUST08086,Customer_08086,Female,21,Pune,Telangana,2024-08-31,Consumer
CUST08087,Customer_08087,Female,32,Hyderabad,Delhi,2023-08-16,Consumer
CUST08088,Customer_08088,Female,56,Mumbai,Tamil Nadu,2025-01-30,Consumer
CUST08089,Customer_08089,Male,52,Pune,West Bengal,2023-09-15,Corporate
CUST08090,Customer_08090,Female,62,Chennai,Delhi,2025-04-05,Corporate
CUST08091,Customer_08091,Female,27,Hyderabad,Tamil Nadu,2025-11-09,Consumer
CUST08092,Customer_08092,Male,19,Mumbai,Telangana,2024-02-28,Consumer
CUST08093,Customer_08093,Female,61,Bengaluru,Tamil Nadu,2024-02-17,Corporate
CUST08094,Customer_08094,Female,41,Pune,Gujarat,2023-12-11,Consumer
CUST08095,Customer_08095,Female,45,Pune,Tamil Nadu,2024-10-11,Consumer
CUST08096,Customer_08096,Female,39,Delhi,Tamil Nadu,2024-04-11,Corporate
CUST08097,Customer_08097,Male,61,Ahmedabad,Gujarat,2023-07-08,Premium
CUST08098,Customer_08098,Male,49,Bengaluru,Tamil Nadu,2025-08-10,Consumer
CUST08099,Customer_08099,Male,48,Hyderabad,Gujarat,2023-09-27,Consumer
CUST08100,Customer_08100,Female,36,Mumbai,Gujarat,2024-10-26,Consumer
CUST08101,Customer_08101,Female,68,Chennai,West Bengal,2023-01-21,Premium
CUST08102,Customer_08102,Other,38,Mumbai,Tamil Nadu,2024-12-14,Corporate
CUST08103,Customer_08103,Male,20,Ahmedabad,Gujarat,2024-03-04,Corporate
CUST08104,Customer_08104,Male,23,Kolkata,Karnataka,2024-07-29,Consumer
CUST08105,Customer_08105,Female,49,Ahmedabad,Tamil Nadu,2024-08-18,Corporate
CUST08106,Customer_08106,Female,19,Hyderabad,Tamil Nadu,2024-08-07,Consumer
CUST08107,Customer_08107,Male,41,Hyderabad,Delhi,2025-10-14,Premium
CUST08108,Customer_08108,Female,62,Hyderabad,Delhi,2025-09-17,Corporate
CUST08109,Customer_08109,Female,44,Hyderabad,West Bengal,2024-10-20,Corporate
CUST08110,Customer_08110,Female,26,Kolkata,West Bengal,2025-12-06,Consumer
CUST08111,Customer_08111,Female,30,Pune,West Bengal,2023-08-11,Corporate
CUST08112,Customer_08112,Male,31,Mumbai,Delhi,2025-08-17,Consumer
CUST08113,Customer_08113,Female,68,Bengaluru,Tamil Nadu,2023-06-07,Consumer
CUST08114,Customer_08114,Female,28,Chennai,Delhi,2025-12-06,Consumer
CUST08115,Customer_08115,Male,31,Chennai,Karnataka,2025-03-11,Consumer
CUST08116,Customer_08116,Male,33,Delhi,Telangana,2024-12-22,Consumer
CUST08117,Customer_08117,Female,27,Pune,Delhi,2023-11-15,Consumer
CUST08118,Customer_08118,Male,37,Hyderabad,Gujarat,2023-10-25,Consumer
CUST08119,Customer_08119,Male,33,Ahmedabad,Delhi,2024-03-20,Consumer
CUST08120,Customer_08120,Female,51,Hyderabad,Karnataka,2023-04-15,Consumer
CUST08121,Customer_08121,Male,33,Hyderabad,Gujarat,2025-06-01,Consumer
CUST08122,Customer_08122,Female,31,Ahmedabad,Gujarat,2025-12-27,Consumer
CUST08123,Customer_08123,Male,45,Pune,Gujarat,2024-06-21,Premium
CUST08124,Customer_08124,Female,35,Bengaluru,Gujarat,2024-11-03,Consumer
CUST08125,Customer_08125,Male,43,Hyderabad,Maharashtra,2025-03-11,Consumer
CUST08126,Customer_08126,Male,55,Delhi,Maharashtra,2025-03-27,Consumer
CUST08127,Customer_08127,Male,24,Delhi,Gujarat,2025-11-30,Corporate
CUST08128,Customer_08128,Female,62,Bengaluru,Gujarat,2025-08-25,Consumer
CUST08129,Customer_08129,Female,51,Pune,Gujarat,2025-05-12,Corporate
CUST08130,Customer_08130,Male,64,Hyderabad,Karnataka,2023-08-30,Consumer
CUST08131,Customer_08131,Female,66,Kolkata,Delhi,2025-07-31,Corporate
CUST08132,Customer_08132,Female,62,Mumbai,Telangana,2023-01-20,Premium
CUST08133,Customer_08133,Female,24,Mumbai,West Bengal,2025-06-12,Consumer
CUST08134,Customer_08134,Male,50,Chennai,Gujarat,2025-04-20,Consumer
CUST08135,Customer_08135,Female,52,Bengaluru,West Bengal,2025-01-13,Corporate
CUST08136,Customer_08136,Male,69,Mumbai,Delhi,2025-11-05,Corporate
CUST08137,Customer_08137,Male,67,Chennai,Karnataka,2023-10-28,Consumer
CUST08138,Customer_08138,Female,56,Delhi,West Bengal,2023-06-14,Premium
CUST08139,Customer_08139,Female,38,Chennai,Karnataka,2025-02-19,Corporate
CUST08140,Customer_08140,Male,66,Hyderabad,Gujarat,2023-12-19,Consumer
CUST08141,Customer_08141,Male,45,Hyderabad,West Bengal,2025-10-17,Consumer
CUST08142,Customer_08142,Female,49,Delhi,Tamil Nadu,2025-05-20,Consumer
CUST08143,Customer_08143,Female,61,Bengaluru,Karnataka,2025-01-28,Consumer
CUST08144,Customer_08144,Male,33,Pune,Tamil Nadu,2025-05-27,Consumer
CUST08145,Customer_08145,Female,27,Ahmedabad,West Bengal,2025-01-22,Premium
CUST08146,Customer_08146,Male,40,Ahmedabad,West Bengal,2025-05-15,Premium
CUST08147,Customer_08147,Male,65,Hyderabad,Karnataka,2025-10-29,Consumer
CUST08148,Customer_08148,Female,69,Ahmedabad,Tamil Nadu,2023-08-16,Consumer
CUST08149,Customer_08149,Male,67,Hyderabad,Tamil Nadu,2025-11-21,Corporate
CUST08150,Customer_08150,Male,32,Chennai,Gujarat,2024-03-06,Corporate
CUST08151,Customer_08151,Female,60,Chennai,Gujarat,2025-02-27,Consumer
CUST08152,Customer_08152,Female,67,Chennai,West Bengal,2023-06-19,Consumer
CUST08153,Customer_08153,Male,23,Mumbai,Delhi,2023-03-11,Premium
CUST08154,Customer_08154,Female,50,Kolkata,Tamil Nadu,2023-01-02,Corporate
CUST08155,Customer_08155,Female,56,Delhi,Maharashtra,2025-12-15,Consumer
CUST08156,Customer_08156,Male,29,Bengaluru,Karnataka,2024-10-31,Corporate
CUST08157,Customer_08157,Female,69,Chennai,Gujarat,2023-09-28,Corporate
CUST08158,Customer_08158,Male,53,Bengaluru,Telangana,2024-06-27,Premium
CUST08159,Customer_08159,Male,48,Kolkata,West Bengal,2023-09-27,Premium
CUST08160,Customer_08160,Female,27,Chennai,Karnataka,2023-07-09,Consumer
CUST08161,Customer_08161,Female,51,Hyderabad,Delhi,2024-12-22,Consumer
CUST08162,Customer_08162,Male,58,Kolkata,Delhi,2023-01-22,Consumer
CUST08163,Customer_08163,Male,27,Bengaluru,Tamil Nadu,2023-01-14,Consumer
CUST08164,Customer_08164,Male,69,Mumbai,Delhi,2024-07-21,Consumer
CUST08165,Customer_08165,Male,28,Chennai,Gujarat,2024-07-28,Corporate
CUST08166,Customer_08166,Male,31,Pune,Delhi,2024-08-14,Corporate
CUST08167,Customer_08167,Male,20,Delhi,Karnataka,2024-07-05,Consumer
CUST08168,Customer_08168,Female,50,Hyderabad,West Bengal,2025-03-16,Premium
CUST08169,Customer_08169,Male,24,Kolkata,Maharashtra,2025-07-02,Premium
CUST08170,Customer_08170,Male,21,Kolkata,Maharashtra,2023-10-06,Premium
CUST08171,Customer_08171,Female,56,Chennai,West Bengal,2025-02-06,Corporate
CUST08172,Customer_08172,Female,65,Kolkata,West Bengal,2023-02-17,Consumer
CUST08173,Customer_08173,Male,27,Bengaluru,Tamil Nadu,2025-01-13,Consumer
CUST08174,Customer_08174,Male,32,Ahmedabad,West Bengal,2024-11-16,Consumer
CUST08175,Customer_08175,Female,33,Chennai,Delhi,2024-09-16,Corporate
CUST08176,Customer_08176,Male,55,Hyderabad,Delhi,2024-01-16,Consumer
CUST08177,Customer_08177,Male,21,Delhi,Maharashtra,2023-11-06,Premium
CUST08178,Customer_08178,Female,21,Delhi,West Bengal,2024-07-05,Premium
CUST08179,Customer_08179,Male,53,Delhi,Tamil Nadu,2024-06-25,Consumer
CUST08180,Customer_08180,Male,44,Pune,Delhi,2025-02-05,Corporate
CUST08181,Customer_08181,Male,39,Ahmedabad,Tamil Nadu,2023-07-03,Corporate
CUST08182,Customer_08182,Male,39,Hyderabad,Gujarat,2024-04-10,Consumer
CUST08183,Customer_08183,Male,34,Pune,Karnataka,2024-09-30,Consumer
CUST08184,Customer_08184,Other,62,Pune,Gujarat,2024-08-16,Consumer
CUST08185,Customer_08185,Male,51,Kolkata,Delhi,2024-12-04,Premium
CUST08186,Customer_08186,Male,49,Chennai,Delhi,2023-01-01,Premium
CUST08187,Customer_08187,Male,69,Hyderabad,Delhi,2025-10-04,Consumer
CUST08188,Customer_08188,Female,23,Hyderabad,Maharashtra,2023-12-28,Consumer
CUST08189,Customer_08189,Female,50,Kolkata,Maharashtra,2024-12-19,Consumer
CUST08190,Customer_08190,Male,25,Chennai,Delhi,2023-10-10,Consumer
CUST08191,Customer_08191,Female,67,Mumbai,Delhi,2025-04-10,Consumer
CUST08192,Customer_08192,Male,53,Pune,Karnataka,2023-06-18,Consumer
CUST08193,Customer_08193,Male,22,Delhi,Karnataka,2025-06-07,Consumer
CUST08194,Customer_08194,Male,22,Ahmedabad,Tamil Nadu,2023-05-02,Consumer
CUST08195,Customer_08195,Male,64,Bengaluru,West Bengal,2024-03-16,Corporate
CUST08196,Customer_08196,Male,27,Ahmedabad,Tamil Nadu,2024-09-30,Consumer
CUST08197,Customer_08197,Female,57,Pune,Maharashtra,2024-04-18,Corporate
CUST08198,Customer_08198,Male,24,Bengaluru,Telangana,2025-01-01,Consumer
CUST08199,Customer_08199,Female,29,Chennai,Karnataka,2025-07-29,Corporate
CUST08200,Customer_08200,Male,47,Ahmedabad,Tamil Nadu,2024-10-21,Corporate
CUST08201,Customer_08201,Male,42,Bengaluru,West Bengal,2023-10-19,Corporate
CUST08202,Customer_08202,Male,45,Mumbai,West Bengal,2025-07-26,Consumer
CUST08203,Customer_08203,Female,60,Hyderabad,Karnataka,2023-09-04,Consumer
CUST08204,Customer_08204,Male,30,Delhi,Karnataka,2023-07-07,Consumer
CUST08205,Customer_08205,Female,64,Bengaluru,Gujarat,2024-07-10,Consumer
CUST08206,Customer_08206,Male,66,Bengaluru,Telangana,2025-06-08,Corporate
CUST08207,Customer_08207,Male,39,Ahmedabad,Karnataka,2023-09-04,Consumer
CUST08208,Customer_08208,Male,35,Chennai,Gujarat,2025-08-16,Consumer
CUST08209,Customer_08209,Male,44,Chennai,West Bengal,2023-10-19,Consumer
CUST08210,Customer_08210,Male,25,Kolkata,Telangana,2025-06-13,Corporate
CUST08211,Customer_08211,Male,23,Hyderabad,West Bengal,2023-05-31,Consumer
CUST08212,Customer_08212,Female,28,Delhi,Gujarat,2023-05-31,Consumer
CUST08213,Customer_08213,Male,46,Kolkata,West Bengal,2023-05-04,Consumer
CUST08214,Customer_08214,Female,58,Kolkata,Gujarat,2023-09-29,Consumer
CUST08215,Customer_08215,Male,22,Bengaluru,Telangana,2024-10-20,Consumer
CUST08216,Customer_08216,Female,24,Hyderabad,Karnataka,2024-08-30,Premium
CUST08217,Customer_08217,Female,39,Ahmedabad,Karnataka,2025-09-07,Consumer
CUST08218,Customer_08218,Male,64,Ahmedabad,Tamil Nadu,2024-07-08,Corporate
CUST08219,Customer_08219,Male,21,Ahmedabad,Karnataka,2024-06-14,Premium
CUST08220,Customer_08220,Female,49,Delhi,West Bengal,2024-12-25,Consumer
CUST08221,Customer_08221,Female,36,Hyderabad,Karnataka,2024-10-07,Consumer
CUST08222,Customer_08222,Male,62,Bengaluru,Karnataka,2023-03-05,Corporate
CUST08223,Customer_08223,Male,50,Ahmedabad,Tamil Nadu,2024-06-01,Consumer
CUST08224,Customer_08224,Female,18,Chennai,Telangana,2023-11-25,Premium
CUST08225,Customer_08225,Male,63,Chennai,Tamil Nadu,2024-11-20,Consumer
CUST08226,Customer_08226,Female,58,Chennai,West Bengal,2024-04-23,Consumer
CUST08227,Customer_08227,Male,61,Mumbai,West Bengal,2024-01-26,Consumer
CUST08228,Customer_08228,Male,67,Hyderabad,Karnataka,2024-07-28,Premium
CUST08229,Customer_08229,Female,58,Ahmedabad,Delhi,2024-02-16,Corporate
CUST08230,Customer_08230,Female,25,Bengaluru,Karnataka,2025-05-18,Corporate
CUST08231,Customer_08231,Male,49,Hyderabad,Tamil Nadu,2024-05-21,Premium
CUST08232,Customer_08232,Male,47,Chennai,Gujarat,2025-08-15,Premium
CUST08233,Customer_08233,Female,63,Pune,Gujarat,2023-10-21,Consumer
CUST08234,Customer_08234,Female,45,Pune,Tamil Nadu,2025-02-01,Corporate
CUST08235,Customer_08235,Male,58,Ahmedabad,Maharashtra,2024-05-22,Corporate
CUST08236,Customer_08236,Female,69,Hyderabad,West Bengal,2023-04-29,Consumer
CUST08237,Customer_08237,Female,49,Ahmedabad,Gujarat,2024-04-22,Consumer
CUST08238,Customer_08238,Female,42,Delhi,Delhi,2024-07-17,Premium
CUST08239,Customer_08239,Female,51,Pune,Tamil Nadu,2025-04-21,Consumer
CUST08240,Customer_08240,Male,50,Pune,Gujarat,2025-12-07,Consumer
CUST08241,Customer_08241,Female,30,Hyderabad,Gujarat,2024-04-19,Consumer
CUST08242,Customer_08242,Female,42,Kolkata,Telangana,2025-08-03,Consumer
CUST08243,Customer_08243,Male,59,Mumbai,Karnataka,2025-01-21,Consumer
CUST08244,Customer_08244,Male,57,Mumbai,Gujarat,2024-07-03,Consumer
CUST08245,Customer_08245,Male,56,Chennai,Gujarat,2024-12-28,Consumer
CUST08246,Customer_08246,Female,61,Ahmedabad,Telangana,2023-05-16,Consumer
CUST08247,Customer_08247,Male,66,Bengaluru,West Bengal,2024-06-01,Consumer
CUST08248,Customer_08248,Female,61,Kolkata,Tamil Nadu,2025-01-28,Corporate
CUST08249,Customer_08249,Female,65,Ahmedabad,Tamil Nadu,2023-11-20,Premium
CUST08250,Customer_08250,Female,27,Delhi,Telangana,2023-04-21,Consumer
CUST08251,Customer_08251,Female,48,Ahmedabad,Telangana,2024-12-24,Corporate
CUST08252,Customer_08252,Female,61,Kolkata,Maharashtra,2024-05-02,Premium
CUST08253,Customer_08253,Male,28,Ahmedabad,Karnataka,2023-12-31,Corporate
CUST08254,Customer_08254,Female,42,Bengaluru,Telangana,2025-02-05,Consumer
CUST08255,Customer_08255,Male,63,Bengaluru,Karnataka,2025-04-11,Premium
CUST08256,Customer_08256,Female,69,Delhi,Gujarat,2023-04-23,Corporate
CUST08257,Customer_08257,Male,62,Mumbai,Delhi,2023-11-16,Consumer
CUST08258,Customer_08258,Other,51,Kolkata,Tamil Nadu,2023-06-24,Consumer
CUST08259,Customer_08259,Female,37,Ahmedabad,Telangana,2025-11-08,Corporate
CUST08260,Customer_08260,Female,24,Pune,Delhi,2023-05-06,Corporate
CUST08261,Customer_08261,Male,50,Chennai,Tamil Nadu,2025-09-21,Consumer
CUST08262,Customer_08262,Male,52,Hyderabad,Maharashtra,2023-09-11,Corporate
CUST08263,Customer_08263,Female,46,Mumbai,Tamil Nadu,2025-07-17,Consumer
CUST08264,Customer_08264,Male,69,Chennai,Telangana,2025-02-05,Consumer
CUST08265,Customer_08265,Female,29,Pune,Delhi,2023-10-19,Consumer
CUST08266,Customer_08266,Male,22,Mumbai,Delhi,2023-07-18,Consumer
CUST08267,Customer_08267,Female,29,Kolkata,Delhi,2024-11-17,Consumer
CUST08268,Customer_08268,Male,46,Delhi,Tamil Nadu,2025-02-20,Consumer
CUST08269,Customer_08269,Female,52,Bengaluru,Karnataka,2025-07-29,Consumer
CUST08270,Customer_08270,Female,37,Delhi,West Bengal,2023-08-06,Consumer
CUST08271,Customer_08271,Male,54,Pune,Karnataka,2024-09-21,Consumer
CUST08272,Customer_08272,Male,18,Hyderabad,Tamil Nadu,2025-03-28,Consumer
CUST08273,Customer_08273,Male,33,Ahmedabad,Telangana,2025-04-12,Corporate
CUST08274,Customer_08274,Female,47,Delhi,Tamil Nadu,2023-01-23,Corporate
CUST08275,Customer_08275,Female,26,Pune,Karnataka,2024-09-28,Corporate
CUST08276,Customer_08276,Female,59,Bengaluru,Tamil Nadu,2024-12-11,Consumer
CUST08277,Customer_08277,Female,27,Mumbai,Delhi,2024-11-29,Corporate
CUST08278,Customer_08278,Male,30,Chennai,Telangana,2023-11-25,Consumer
CUST08279,Customer_08279,Male,65,Pune,West Bengal,2024-12-11,Consumer
CUST08280,Customer_08280,Male,37,Pune,Telangana,2024-04-17,Consumer
CUST08281,Customer_08281,Male,46,Kolkata,Maharashtra,2024-04-22,Premium
CUST08282,Customer_08282,Female,21,Hyderabad,West Bengal,2025-07-10,Consumer
CUST08283,Customer_08283,Female,63,Mumbai,Tamil Nadu,2024-07-09,Consumer
CUST08284,Customer_08284,Male,66,Pune,Gujarat,2024-08-10,Corporate
CUST08285,Customer_08285,Female,45,Pune,Gujarat,2024-11-24,Consumer
CUST08286,Customer_08286,Female,54,Chennai,West Bengal,2023-04-29,Consumer
CUST08287,Customer_08287,Male,30,Ahmedabad,West Bengal,2025-11-29,Premium
CUST08288,Customer_08288,Male,20,Bengaluru,West Bengal,2023-09-17,Corporate
CUST08289,Customer_08289,Male,54,Delhi,Gujarat,2025-08-06,Corporate
CUST08290,Customer_08290,Female,65,Kolkata,Delhi,2025-01-25,Consumer
CUST08291,Customer_08291,Female,36,Mumbai,Gujarat,2023-01-06,Consumer
CUST08292,Customer_08292,Female,45,Chennai,Tamil Nadu,2023-11-07,Corporate
CUST08293,Customer_08293,Male,36,Chennai,Maharashtra,2023-03-07,Consumer
CUST08294,Customer_08294,Male,34,Delhi,Maharashtra,2024-12-31,Consumer
CUST08295,Customer_08295,Female,35,Mumbai,Tamil Nadu,2023-01-29,Consumer
CUST08296,Customer_08296,Female,35,Mumbai,Gujarat,2024-10-21,Consumer
CUST08297,Customer_08297,Female,40,Kolkata,Tamil Nadu,2025-06-18,Consumer
CUST08298,Customer_08298,Female,57,Bengaluru,West Bengal,2025-06-22,Corporate
CUST08299,Customer_08299,Male,67,Mumbai,West Bengal,2023-12-27,Corporate
CUST08300,Customer_08300,Female,26,Kolkata,Tamil Nadu,2025-08-19,Consumer
CUST08301,Customer_08301,Female,46,Pune,West Bengal,2023-01-26,Corporate
CUST08302,Customer_08302,Male,68,Delhi,Karnataka,2023-03-12,Corporate
CUST08303,Customer_08303,Female,59,Mumbai,Maharashtra,2023-06-26,Consumer
CUST08304,Customer_08304,Male,46,Ahmedabad,Telangana,2023-01-27,Consumer
CUST08305,Customer_08305,Male,19,Ahmedabad,Gujarat,2025-04-19,Corporate
CUST08306,Customer_08306,Male,34,Bengaluru,Gujarat,2025-03-27,Consumer
CUST08307,Customer_08307,Male,62,Chennai,Karnataka,2024-07-28,Corporate
CUST08308,Customer_08308,Male,48,Pune,Delhi,2025-09-26,Consumer
CUST08309,Customer_08309,Male,45,Mumbai,Telangana,2024-06-14,Consumer
CUST08310,Customer_08310,Female,60,Delhi,Telangana,2024-05-07,Consumer
CUST08311,Customer_08311,Male,65,Mumbai,Telangana,2023-10-05,Consumer
CUST08312,Customer_08312,Male,69,Kolkata,West Bengal,2025-09-25,Premium
CUST08313,Customer_08313,Male,56,Hyderabad,Maharashtra,2025-04-18,Consumer
CUST08314,Customer_08314,Female,47,Ahmedabad,Delhi,2025-04-26,Premium
CUST08315,Customer_08315,Male,52,Bengaluru,Karnataka,2025-06-18,Consumer
CUST08316,Customer_08316,Male,65,Chennai,West Bengal,2023-10-20,Premium
CUST08317,Customer_08317,Female,68,Hyderabad,Delhi,2025-11-17,Corporate
CUST08318,Customer_08318,Female,37,Delhi,Gujarat,2023-09-13,Corporate
CUST08319,Customer_08319,Female,33,Mumbai,Karnataka,2025-06-23,Consumer
CUST08320,Customer_08320,Female,51,Bengaluru,West Bengal,2024-10-26,Corporate
CUST08321,Customer_08321,Male,31,Pune,Maharashtra,2023-09-22,Consumer
CUST08322,Customer_08322,Female,43,Kolkata,Gujarat,2024-02-05,Consumer
CUST08323,Customer_08323,Male,37,Kolkata,Delhi,2024-04-04,Corporate
CUST08324,Customer_08324,Male,59,Mumbai,Telangana,2025-02-15,Corporate
CUST08325,Customer_08325,Male,68,Ahmedabad,Delhi,2025-10-17,Consumer
CUST08326,Customer_08326,Female,41,Mumbai,Gujarat,2024-02-07,Corporate
CUST08327,Customer_08327,Male,60,Mumbai,West Bengal,2025-09-21,Consumer
CUST08328,Customer_08328,Female,35,Pune,West Bengal,2023-10-28,Consumer
CUST08329,Customer_08329,Female,60,Mumbai,Maharashtra,2025-12-30,Consumer
CUST08330,Customer_08330,Male,26,Bengaluru,Maharashtra,2023-08-02,Consumer
CUST08331,Customer_08331,Female,36,Pune,Maharashtra,2025-05-23,Consumer
CUST08332,Customer_08332,Female,37,Pune,Karnataka,2024-01-09,Consumer
CUST08333,Customer_08333,Female,59,Ahmedabad,Delhi,2023-12-10,Consumer
CUST08334,Customer_08334,Male,47,Hyderabad,Telangana,2025-05-11,Corporate
CUST08335,Customer_08335,Female,43,Delhi,West Bengal,2023-10-28,Consumer
CUST08336,Customer_08336,Male,48,Pune,Telangana,2025-01-18,Consumer
CUST08337,Customer_08337,Female,52,Hyderabad,Tamil Nadu,2024-03-12,Consumer
CUST08338,Customer_08338,Male,20,Bengaluru,Maharashtra,2023-04-12,Corporate
CUST08339,Customer_08339,Male,57,Delhi,Gujarat,2023-01-10,Premium
CUST08340,Customer_08340,Female,46,Pune,Telangana,2025-11-30,Corporate
CUST08341,Customer_08341,Female,23,Chennai,Maharashtra,2024-01-05,Consumer
CUST08342,Customer_08342,Female,69,Hyderabad,Telangana,2023-05-06,Consumer
CUST08343,Customer_08343,Male,18,Bengaluru,Delhi,2025-02-23,Consumer
CUST08344,Customer_08344,Male,69,Bengaluru,Tamil Nadu,2024-01-18,Consumer
CUST08345,Customer_08345,Female,41,Bengaluru,Maharashtra,2023-11-23,Consumer
CUST08346,Customer_08346,Female,55,Kolkata,Karnataka,2024-03-25,Consumer
CUST08347,Customer_08347,Female,51,Delhi,Karnataka,2024-06-06,Consumer
CUST08348,Customer_08348,Male,68,Ahmedabad,Telangana,2025-10-06,Premium
CUST08349,Customer_08349,Male,24,Mumbai,West Bengal,2025-07-30,Premium
CUST08350,Customer_08350,Female,28,Chennai,Delhi,2025-09-09,Consumer
CUST08351,Customer_08351,Female,28,Delhi,Gujarat,2023-09-30,Consumer
CUST08352,Customer_08352,Male,53,Delhi,West Bengal,2024-05-16,Premium
CUST08353,Customer_08353,Female,37,Ahmedabad,Maharashtra,2025-05-15,Consumer
CUST08354,Customer_08354,Female,33,Ahmedabad,Tamil Nadu,2023-12-07,Premium
CUST08355,Customer_08355,Male,22,Pune,Delhi,2023-09-29,Consumer
CUST08356,Customer_08356,Male,41,Kolkata,Telangana,2024-01-30,Consumer
CUST08357,Customer_08357,Male,47,Hyderabad,Delhi,2025-06-28,Consumer
CUST08358,Customer_08358,Female,47,Chennai,Tamil Nadu,2023-07-14,Corporate
CUST08359,Customer_08359,Male,56,Bengaluru,Delhi,2025-11-22,Corporate
CUST08360,Customer_08360,Male,65,Delhi,Maharashtra,2023-07-30,Consumer
CUST08361,Customer_08361,Female,64,Chennai,Telangana,2025-03-23,Consumer
CUST08362,Customer_08362,Male,54,Hyderabad,Tamil Nadu,2024-11-24,Consumer
CUST08363,Customer_08363,Male,50,Mumbai,Telangana,2025-01-22,Consumer
CUST08364,Customer_08364,Male,37,Chennai,Gujarat,2025-09-27,Corporate
CUST08365,Customer_08365,Female,39,Kolkata,Maharashtra,2025-12-10,Consumer
CUST08366,Customer_08366,Female,58,Kolkata,Tamil Nadu,2025-06-10,Corporate
CUST08367,Customer_08367,Male,38,Bengaluru,Gujarat,2024-06-24,Premium
CUST08368,Customer_08368,Female,54,Kolkata,Gujarat,2024-06-01,Consumer
CUST08369,Customer_08369,Female,44,Delhi,Gujarat,2025-07-23,Corporate
CUST08370,Customer_08370,Male,55,Mumbai,Tamil Nadu,2023-05-13,Consumer
CUST08371,Customer_08371,Male,52,Ahmedabad,Telangana,2023-04-06,Consumer
CUST08372,Customer_08372,Male,55,Hyderabad,Delhi,2024-02-28,Consumer
CUST08373,Customer_08373,Male,57,Bengaluru,Delhi,2025-05-07,Corporate
CUST08374,Customer_08374,Female,23,Ahmedabad,Gujarat,2025-08-31,Consumer
CUST08375,Customer_08375,Female,49,Mumbai,Karnataka,2023-03-23,Premium
CUST08376,Customer_08376,Male,33,Pune,Karnataka,2025-02-27,Corporate
CUST08377,Customer_08377,Male,45,Pune,Tamil Nadu,2023-11-11,Consumer
CUST08378,Customer_08378,Male,33,Hyderabad,Telangana,2025-07-04,Consumer
CUST08379,Customer_08379,Female,44,Bengaluru,Tamil Nadu,2024-01-01,Corporate
CUST08380,Customer_08380,Male,20,Kolkata,Telangana,2024-01-01,Corporate
CUST08381,Customer_08381,Female,66,Delhi,Maharashtra,2023-03-12,Consumer
CUST08382,Customer_08382,Male,38,Hyderabad,Karnataka,2023-11-22,Consumer
CUST08383,Customer_08383,Female,55,Kolkata,Tamil Nadu,2025-04-23,Premium
CUST08384,Customer_08384,Female,55,Mumbai,West Bengal,2023-08-02,Consumer
CUST08385,Customer_08385,Male,47,Bengaluru,Maharashtra,2025-12-06,Consumer
CUST08386,Customer_08386,Female,39,Pune,Delhi,2023-03-30,Corporate
CUST08387,Customer_08387,Female,36,Pune,Karnataka,2025-09-22,Corporate
CUST08388,Customer_08388,Male,48,Chennai,Telangana,2023-08-05,Consumer
CUST08389,Customer_08389,Female,37,Bengaluru,Gujarat,2023-10-28,Corporate
CUST08390,Customer_08390,Male,64,Mumbai,Delhi,2025-07-14,Consumer
CUST08391,Customer_08391,Female,36,Mumbai,Delhi,2025-05-02,Corporate
CUST08392,Customer_08392,Male,19,Chennai,Maharashtra,2025-06-12,Consumer
CUST08393,Customer_08393,Female,57,Kolkata,West Bengal,2023-06-19,Corporate
CUST08394,Customer_08394,Female,56,Mumbai,Tamil Nadu,2024-09-11,Consumer
CUST08395,Customer_08395,Female,44,Kolkata,Gujarat,2024-11-12,Corporate
CUST08396,Customer_08396,Female,25,Kolkata,Tamil Nadu,2024-10-04,Corporate
CUST08397,Customer_08397,Female,62,Bengaluru,Maharashtra,2023-02-06,Premium
CUST08398,Customer_08398,Male,44,Kolkata,Delhi,2025-02-09,Consumer
CUST08399,Customer_08399,Female,32,Pune,Karnataka,2025-10-07,Corporate
CUST08400,Customer_08400,Female,29,Hyderabad,Delhi,2024-09-27,Consumer
CUST08401,Customer_08401,Female,64,Pune,Maharashtra,2024-03-01,Consumer
CUST08402,Customer_08402,Female,31,Kolkata,Delhi,2024-02-12,Consumer
CUST08403,Customer_08403,Female,24,Ahmedabad,Gujarat,2025-02-13,Consumer
CUST08404,Customer_08404,Female,34,Pune,Delhi,2025-05-14,Consumer
CUST08405,Customer_08405,Male,43,Bengaluru,Delhi,2023-08-05,Corporate
CUST08406,Customer_08406,Male,54,Kolkata,Delhi,2023-06-19,Corporate
CUST08407,Customer_08407,Male,37,Ahmedabad,Karnataka,2024-09-01,Consumer
CUST08408,Customer_08408,Male,27,Mumbai,Telangana,2023-12-24,Consumer
CUST08409,Customer_08409,Female,36,Chennai,Telangana,2023-07-05,Consumer
CUST08410,Customer_08410,Male,35,Chennai,Tamil Nadu,2024-12-25,Premium
CUST08411,Customer_08411,Male,47,Delhi,Telangana,2025-05-19,Consumer
CUST08412,Customer_08412,Other,47,Chennai,Telangana,2025-04-03,Consumer
CUST08413,Customer_08413,Male,42,Chennai,Telangana,2024-11-09,Consumer
CUST08414,Customer_08414,Male,41,Mumbai,West Bengal,2023-10-11,Consumer
CUST08415,Customer_08415,Male,27,Hyderabad,Delhi,2023-07-03,Consumer
CUST08416,Customer_08416,Male,19,Hyderabad,West Bengal,2023-05-22,Consumer
CUST08417,Customer_08417,Female,55,Mumbai,Delhi,2023-08-19,Premium
CUST08418,Customer_08418,Female,49,Chennai,Gujarat,2024-01-23,Corporate
CUST08419,Customer_08419,Female,52,Bengaluru,Karnataka,2025-01-04,Corporate
CUST08420,Customer_08420,Male,68,Pune,West Bengal,2023-06-07,Consumer
CUST08421,Customer_08421,Female,54,Kolkata,Delhi,2024-07-30,Consumer
CUST08422,Customer_08422,Male,24,Pune,Delhi,2025-12-11,Consumer
CUST08423,Customer_08423,Male,24,Ahmedabad,Telangana,2025-10-23,Consumer
CUST08424,Customer_08424,Male,44,Hyderabad,Karnataka,2023-03-18,Consumer
CUST08425,Customer_08425,Male,27,Ahmedabad,Karnataka,2024-08-04,Consumer
CUST08426,Customer_08426,Male,50,Mumbai,Telangana,2024-08-30,Corporate
CUST08427,Customer_08427,Male,60,Ahmedabad,West Bengal,2025-11-05,Consumer
CUST08428,Customer_08428,Other,24,Bengaluru,Telangana,2023-08-18,Consumer
CUST08429,Customer_08429,Male,23,Chennai,Karnataka,2025-06-22,Consumer
CUST08430,Customer_08430,Male,23,Mumbai,Maharashtra,2025-07-05,Consumer
CUST08431,Customer_08431,Male,30,Ahmedabad,Telangana,2025-06-07,Corporate
CUST08432,Customer_08432,Female,65,Hyderabad,Telangana,2025-10-26,Consumer
CUST08433,Customer_08433,Male,30,Kolkata,Karnataka,2023-05-23,Consumer
CUST08434,Customer_08434,Female,19,Bengaluru,West Bengal,2023-07-26,Consumer
CUST08435,Customer_08435,Female,36,Bengaluru,Maharashtra,2024-03-04,Consumer
CUST08436,Customer_08436,Male,68,Hyderabad,Gujarat,2023-06-15,Consumer
CUST08437,Customer_08437,Male,36,Bengaluru,Maharashtra,2023-09-17,Consumer
CUST08438,Customer_08438,Male,67,Pune,Tamil Nadu,2024-01-29,Consumer
CUST08439,Customer_08439,Female,55,Kolkata,Maharashtra,2023-05-01,Premium
CUST08440,Customer_08440,Male,19,Hyderabad,Telangana,2025-08-07,Consumer
CUST08441,Customer_08441,Male,68,Pune,Delhi,2024-02-17,Consumer
CUST08442,Customer_08442,Male,43,Mumbai,Karnataka,2023-06-17,Consumer
CUST08443,Customer_08443,Female,23,Delhi,Gujarat,2024-02-25,Premium
CUST08444,Customer_08444,Male,37,Kolkata,Telangana,2025-02-26,Premium
CUST08445,Customer_08445,Male,40,Chennai,Gujarat,2023-09-25,Consumer
CUST08446,Customer_08446,Female,32,Mumbai,Karnataka,2023-02-07,Premium
CUST08447,Customer_08447,Female,23,Pune,Gujarat,2025-07-14,Corporate
CUST08448,Customer_08448,Female,45,Chennai,Maharashtra,2023-12-04,Premium
CUST08449,Customer_08449,Male,52,Chennai,Karnataka,2023-11-26,Corporate
CUST08450,Customer_08450,Female,28,Pune,Telangana,2023-07-18,Consumer
CUST08451,Customer_08451,Female,25,Pune,Delhi,2025-03-20,Corporate
CUST08452,Customer_08452,Male,67,Kolkata,Telangana,2023-01-05,Corporate
CUST08453,Customer_08453,Female,66,Hyderabad,West Bengal,2025-09-15,Consumer
CUST08454,Customer_08454,Male,68,Delhi,Tamil Nadu,2025-06-13,Corporate
CUST08455,Customer_08455,Female,68,Kolkata,Karnataka,2023-04-13,Corporate
CUST08456,Customer_08456,Male,41,Pune,Telangana,2024-03-10,Premium
CUST08457,Customer_08457,Female,38,Chennai,Maharashtra,2024-10-11,Consumer
CUST08458,Customer_08458,Male,66,Chennai,Maharashtra,2024-01-16,Consumer
CUST08459,Customer_08459,Female,53,Mumbai,West Bengal,2023-03-07,Premium
CUST08460,Customer_08460,Male,24,Delhi,Gujarat,2024-08-01,Consumer
CUST08461,Customer_08461,Female,22,Delhi,Telangana,2023-09-27,Consumer
CUST08462,Customer_08462,Female,46,Ahmedabad,Gujarat,2023-02-16,Consumer
CUST08463,Customer_08463,Male,33,Ahmedabad,Tamil Nadu,2025-07-04,Corporate
CUST08464,Customer_08464,Female,23,Chennai,Karnataka,2023-12-31,Consumer
CUST08465,Customer_08465,Other,31,Delhi,Tamil Nadu,2023-03-09,Premium
CUST08466,Customer_08466,Male,69,Mumbai,Delhi,2025-11-15,Premium
CUST08467,Customer_08467,Male,19,Hyderabad,West Bengal,2023-07-26,Consumer
CUST08468,Customer_08468,Female,42,Chennai,Gujarat,2023-03-14,Consumer
CUST08469,Customer_08469,Male,48,Bengaluru,Telangana,2023-01-30,Consumer
CUST08470,Customer_08470,Male,67,Chennai,Gujarat,2025-10-23,Consumer
CUST08471,Customer_08471,Male,67,Chennai,Tamil Nadu,2024-06-04,Consumer
CUST08472,Customer_08472,Male,30,Hyderabad,West Bengal,2025-06-06,Consumer
CUST08473,Customer_08473,Male,35,Pune,Delhi,2024-02-05,Corporate
CUST08474,Customer_08474,Male,34,Ahmedabad,Tamil Nadu,2024-10-15,Premium
CUST08475,Customer_08475,Female,62,Pune,Delhi,2025-08-07,Consumer
CUST08476,Customer_08476,Female,45,Bengaluru,West Bengal,2025-04-27,Corporate
CUST08477,Customer_08477,Male,29,Ahmedabad,Maharashtra,2025-07-23,Consumer
CUST08478,Customer_08478,Female,52,Bengaluru,Maharashtra,2024-03-06,Corporate
CUST08479,Customer_08479,Female,39,Bengaluru,Telangana,2024-06-22,Consumer
CUST08480,Customer_08480,Female,56,Ahmedabad,Tamil Nadu,2023-03-12,Consumer
CUST08481,Customer_08481,Male,18,Pune,Maharashtra,2023-09-13,Consumer
CUST08482,Customer_08482,Male,54,Kolkata,Gujarat,2023-05-27,Consumer
CUST08483,Customer_08483,Female,38,Hyderabad,West Bengal,2025-06-20,Consumer
CUST08484,Customer_08484,Female,18,Delhi,Karnataka,2024-10-31,Consumer
CUST08485,Customer_08485,Female,21,Bengaluru,West Bengal,2023-05-20,Consumer
CUST08486,Customer_08486,Female,49,Ahmedabad,Gujarat,2024-10-16,Consumer
CUST08487,Customer_08487,Male,18,Delhi,Maharashtra,2024-09-12,Consumer
CUST08488,Customer_08488,Female,30,Mumbai,Maharashtra,2025-05-20,Consumer
CUST08489,Customer_08489,Male,63,Ahmedabad,Tamil Nadu,2023-03-05,Corporate
CUST08490,Customer_08490,Male,64,Hyderabad,Delhi,2025-05-17,Consumer
CUST08491,Customer_08491,Female,34,Delhi,Karnataka,2025-04-14,Consumer
CUST08492,Customer_08492,Male,29,Pune,Karnataka,2024-05-27,Consumer
CUST08493,Customer_08493,Male,24,Kolkata,Delhi,2025-10-27,Consumer
CUST08494,Customer_08494,Female,68,Pune,Tamil Nadu,2025-10-21,Consumer
CUST08495,Customer_08495,Male,20,Bengaluru,Maharashtra,2023-02-16,Consumer
CUST08496,Customer_08496,Female,67,Kolkata,Delhi,2025-05-17,Consumer
CUST08497,Customer_08497,Other,43,Bengaluru,West Bengal,2025-02-16,Consumer
CUST08498,Customer_08498,Female,48,Kolkata,West Bengal,2025-10-22,Corporate
CUST08499,Customer_08499,Male,53,Delhi,West Bengal,2024-06-18,Consumer
CUST08500,Customer_08500,Male,43,Pune,Karnataka,2023-12-25,Consumer
CUST08501,Customer_08501,Male,20,Delhi,Karnataka,2025-03-25,Consumer
CUST08502,Customer_08502,Male,61,Mumbai,West Bengal,2024-08-18,Consumer
CUST08503,Customer_08503,Male,45,Ahmedabad,West Bengal,2023-07-23,Consumer
CUST08504,Customer_08504,Female,61,Hyderabad,West Bengal,2025-08-28,Consumer
CUST08505,Customer_08505,Male,34,Pune,Maharashtra,2023-08-15,Consumer
CUST08506,Customer_08506,Female,55,Chennai,Maharashtra,2025-08-05,Consumer
CUST08507,Customer_08507,Male,64,Pune,Telangana,2025-03-27,Corporate
CUST08508,Customer_08508,Female,47,Mumbai,Gujarat,2023-05-31,Premium
CUST08509,Customer_08509,Female,19,Pune,Delhi,2023-01-17,Consumer
CUST08510,Customer_08510,Male,25,Mumbai,Maharashtra,2023-10-31,Consumer
CUST08511,Customer_08511,Male,31,Pune,Telangana,2025-02-19,Corporate
CUST08512,Customer_08512,Female,54,Mumbai,Tamil Nadu,2025-12-20,Corporate
CUST08513,Customer_08513,Female,52,Kolkata,West Bengal,2023-09-24,Consumer
CUST08514,Customer_08514,Female,59,Bengaluru,Karnataka,2023-02-04,Corporate
CUST08515,Customer_08515,Male,56,Delhi,Delhi,2025-02-24,Premium
CUST08516,Customer_08516,Male,28,Ahmedabad,Gujarat,2023-03-09,Corporate
CUST08517,Customer_08517,Female,32,Pune,Tamil Nadu,2023-07-08,Consumer
CUST08518,Customer_08518,Female,19,Hyderabad,Delhi,2023-02-10,Consumer
CUST08519,Customer_08519,Male,54,Bengaluru,Delhi,2024-08-30,Consumer
CUST08520,Customer_08520,Female,60,Mumbai,Maharashtra,2024-11-13,Consumer
CUST08521,Customer_08521,Male,49,Hyderabad,Telangana,2025-08-02,Corporate
CUST08522,Customer_08522,Male,57,Bengaluru,Delhi,2025-06-25,Premium
CUST08523,Customer_08523,Male,30,Ahmedabad,Gujarat,2025-12-26,Consumer
CUST08524,Customer_08524,Male,60,Chennai,Tamil Nadu,2025-08-04,Consumer
CUST08525,Customer_08525,Female,34,Pune,Gujarat,2025-05-02,Consumer
CUST08526,Customer_08526,Male,32,Pune,Delhi,2025-08-31,Corporate
CUST08527,Customer_08527,Male,50,Mumbai,Gujarat,2025-12-29,Corporate
CUST08528,Customer_08528,Female,68,Bengaluru,Gujarat,2025-10-07,Consumer
CUST08529,Customer_08529,Female,33,Ahmedabad,West Bengal,2025-01-26,Corporate
CUST08530,Customer_08530,Female,68,Bengaluru,Telangana,2025-10-03,Consumer
CUST08531,Customer_08531,Female,30,Mumbai,Karnataka,2024-07-01,Corporate
CUST08532,Customer_08532,Male,39,Chennai,Delhi,2025-07-03,Consumer
CUST08533,Customer_08533,Female,40,Pune,Tamil Nadu,2024-04-28,Corporate
CUST08534,Customer_08534,Female,53,Delhi,West Bengal,2024-08-10,Consumer
CUST08535,Customer_08535,Female,60,Chennai,West Bengal,2023-10-09,Consumer
CUST08536,Customer_08536,Male,67,Mumbai,Karnataka,2024-09-21,Consumer
CUST08537,Customer_08537,Male,67,Delhi,Gujarat,2024-02-23,Corporate
CUST08538,Customer_08538,Female,27,Bengaluru,Karnataka,2023-08-11,Consumer
CUST08539,Customer_08539,Male,34,Kolkata,Maharashtra,2023-03-21,Consumer
CUST08540,Customer_08540,Female,47,Ahmedabad,Maharashtra,2025-04-05,Consumer
CUST08541,Customer_08541,Female,30,Kolkata,Delhi,2024-11-12,Consumer
CUST08542,Customer_08542,Female,47,Ahmedabad,West Bengal,2024-02-17,Consumer
CUST08543,Customer_08543,Female,63,Chennai,Tamil Nadu,2023-11-30,Consumer
CUST08544,Customer_08544,Female,47,Kolkata,Maharashtra,2025-06-07,Corporate
CUST08545,Customer_08545,Male,24,Chennai,Gujarat,2025-10-22,Premium
CUST08546,Customer_08546,Female,27,Kolkata,Telangana,2023-09-15,Consumer
CUST08547,Customer_08547,Female,52,Ahmedabad,Telangana,2025-02-01,Consumer
CUST08548,Customer_08548,Male,19,Pune,Gujarat,2025-04-16,Corporate
CUST08549,Customer_08549,Male,47,Kolkata,Karnataka,2024-03-30,Corporate
CUST08550,Customer_08550,Male,36,Ahmedabad,Gujarat,2023-01-19,Corporate
CUST08551,Customer_08551,Female,56,Pune,Karnataka,2025-08-11,Corporate
CUST08552,Customer_08552,Male,54,Delhi,Karnataka,2025-09-05,Consumer
CUST08553,Customer_08553,Female,20,Bengaluru,Telangana,2024-03-08,Consumer
CUST08554,Customer_08554,Male,42,Chennai,Maharashtra,2023-09-09,Consumer
CUST08555,Customer_08555,Male,51,Delhi,Gujarat,2025-03-06,Consumer
CUST08556,Customer_08556,Female,39,Chennai,Maharashtra,2025-06-25,Consumer
CUST08557,Customer_08557,Male,55,Kolkata,Delhi,2024-10-10,Consumer
CUST08558,Customer_08558,Female,31,Pune,Tamil Nadu,2025-06-28,Corporate
CUST08559,Customer_08559,Female,56,Bengaluru,Telangana,2025-01-07,Premium
CUST08560,Customer_08560,Female,19,Kolkata,West Bengal,2023-08-09,Consumer
CUST08561,Customer_08561,Male,49,Bengaluru,Karnataka,2023-04-23,Consumer
CUST08562,Customer_08562,Female,60,Hyderabad,Tamil Nadu,2024-07-13,Consumer
CUST08563,Customer_08563,Female,20,Delhi,Karnataka,2025-12-17,Corporate
CUST08564,Customer_08564,Female,58,Pune,Tamil Nadu,2023-07-16,Corporate
CUST08565,Customer_08565,Male,25,Pune,Tamil Nadu,2025-11-07,Consumer
CUST08566,Customer_08566,Female,43,Pune,Maharashtra,2025-02-18,Consumer
CUST08567,Customer_08567,Female,49,Kolkata,West Bengal,2023-08-03,Corporate
CUST08568,Customer_08568,Female,28,Mumbai,Delhi,2024-09-27,Consumer
CUST08569,Customer_08569,Male,67,Chennai,Delhi,2025-11-05,Consumer
CUST08570,Customer_08570,Male,18,Bengaluru,Karnataka,2024-11-07,Consumer
CUST08571,Customer_08571,Male,32,Chennai,Telangana,2024-10-21,Consumer
CUST08572,Customer_08572,Male,21,Chennai,Delhi,2023-08-21,Consumer
CUST08573,Customer_08573,Male,21,Mumbai,Telangana,2023-01-25,Consumer
CUST08574,Customer_08574,Male,45,Bengaluru,Karnataka,2025-07-26,Corporate
CUST08575,Customer_08575,Female,27,Hyderabad,Telangana,2025-10-15,Consumer
CUST08576,Customer_08576,Male,28,Pune,Tamil Nadu,2023-03-12,Consumer
CUST08577,Customer_08577,Female,67,Delhi,Tamil Nadu,2023-01-25,Consumer
CUST08578,Customer_08578,Male,40,Chennai,Karnataka,2024-04-02,Corporate
CUST08579,Customer_08579,Male,64,Mumbai,Telangana,2023-07-30,Corporate
CUST08580,Customer_08580,Male,20,Mumbai,West Bengal,2024-06-24,Premium
CUST08581,Customer_08581,Male,56,Delhi,West Bengal,2025-02-09,Consumer
CUST08582,Customer_08582,Female,56,Delhi,Telangana,2025-11-28,Corporate
CUST08583,Customer_08583,Female,34,Kolkata,Karnataka,2024-11-07,Consumer
CUST08584,Customer_08584,Male,39,Ahmedabad,West Bengal,2023-04-05,Consumer
CUST08585,Customer_08585,Male,69,Bengaluru,Delhi,2023-08-08,Consumer
CUST08586,Customer_08586,Male,44,Chennai,Maharashtra,2025-06-24,Consumer
CUST08587,Customer_08587,Female,33,Chennai,Delhi,2025-12-25,Consumer
CUST08588,Customer_08588,Female,33,Delhi,Gujarat,2023-07-12,Consumer
CUST08589,Customer_08589,Female,57,Ahmedabad,Maharashtra,2023-06-24,Consumer
CUST08590,Customer_08590,Female,20,Pune,Telangana,2023-04-22,Premium
CUST08591,Customer_08591,Female,69,Kolkata,Maharashtra,2023-04-21,Corporate
CUST08592,Customer_08592,Male,64,Hyderabad,West Bengal,2024-03-28,Consumer
CUST08593,Customer_08593,Male,50,Chennai,Maharashtra,2024-02-17,Corporate
CUST08594,Customer_08594,Female,59,Mumbai,Telangana,2024-08-26,Consumer
CUST08595,Customer_08595,Female,19,Pune,Tamil Nadu,2025-08-17,Consumer
CUST08596,Customer_08596,Female,56,Delhi,Maharashtra,2023-07-05,Consumer
CUST08597,Customer_08597,Female,63,Chennai,West Bengal,2023-02-20,Consumer
CUST08598,Customer_08598,Male,65,Bengaluru,West Bengal,2025-11-30,Consumer
CUST08599,Customer_08599,Female,44,Delhi,Karnataka,2023-12-21,Corporate
CUST08600,Customer_08600,Female,32,Mumbai,Delhi,2023-12-29,Consumer
CUST08601,Customer_08601,Male,24,Bengaluru,Telangana,2024-06-19,Premium
CUST08602,Customer_08602,Female,62,Kolkata,Telangana,2023-02-05,Consumer
CUST08603,Customer_08603,Female,59,Delhi,Maharashtra,2023-10-04,Corporate
CUST08604,Customer_08604,Male,26,Delhi,Tamil Nadu,2025-10-06,Consumer
CUST08605,Customer_08605,Male,58,Chennai,Tamil Nadu,2023-07-01,Consumer
CUST08606,Customer_08606,Male,23,Bengaluru,Delhi,2024-04-15,Consumer
CUST08607,Customer_08607,Female,29,Ahmedabad,Delhi,2024-02-21,Consumer
CUST08608,Customer_08608,Male,47,Kolkata,West Bengal,2025-06-07,Consumer
CUST08609,Customer_08609,Female,37,Ahmedabad,Tamil Nadu,2024-02-08,Consumer
CUST08610,Customer_08610,Female,37,Delhi,Gujarat,2024-05-28,Consumer
CUST08611,Customer_08611,Male,63,Pune,Tamil Nadu,2024-07-19,Consumer
CUST08612,Customer_08612,Female,44,Ahmedabad,Tamil Nadu,2024-03-16,Consumer
CUST08613,Customer_08613,Other,37,Mumbai,Maharashtra,2025-09-18,Corporate
CUST08614,Customer_08614,Male,24,Bengaluru,West Bengal,2025-12-05,Corporate
CUST08615,Customer_08615,Male,57,Pune,Karnataka,2023-03-16,Consumer
CUST08616,Customer_08616,Female,57,Chennai,Delhi,2024-02-10,Corporate
CUST08617,Customer_08617,Female,47,Hyderabad,Gujarat,2023-01-03,Consumer
CUST08618,Customer_08618,Male,25,Kolkata,Gujarat,2025-10-29,Corporate
CUST08619,Customer_08619,Male,19,Delhi,Telangana,2024-05-28,Consumer
CUST08620,Customer_08620,Male,31,Hyderabad,Tamil Nadu,2024-06-23,Consumer
CUST08621,Customer_08621,Other,27,Delhi,Tamil Nadu,2023-10-17,Corporate
CUST08622,Customer_08622,Male,67,Ahmedabad,Karnataka,2023-06-30,Corporate
CUST08623,Customer_08623,Female,35,Pune,West Bengal,2023-09-23,Corporate
CUST08624,Customer_08624,Female,35,Chennai,Tamil Nadu,2023-03-24,Consumer
CUST08625,Customer_08625,Male,33,Ahmedabad,Delhi,2023-09-15,Consumer
CUST08626,Customer_08626,Female,69,Chennai,Gujarat,2025-08-07,Consumer
CUST08627,Customer_08627,Male,22,Ahmedabad,Tamil Nadu,2023-07-18,Premium
CUST08628,Customer_08628,Female,69,Chennai,Karnataka,2024-10-09,Consumer
CUST08629,Customer_08629,Male,48,Chennai,Maharashtra,2023-09-23,Corporate
CUST08630,Customer_08630,Female,54,Bengaluru,Delhi,2025-09-23,Premium
CUST08631,Customer_08631,Female,37,Ahmedabad,Maharashtra,2025-05-19,Consumer
CUST08632,Customer_08632,Male,40,Bengaluru,Telangana,2024-12-31,Corporate
CUST08633,Customer_08633,Male,49,Delhi,Karnataka,2025-05-10,Consumer
CUST08634,Customer_08634,Male,59,Bengaluru,Telangana,2023-01-19,Consumer
CUST08635,Customer_08635,Male,34,Delhi,Telangana,2024-01-06,Corporate
CUST08636,Customer_08636,Female,30,Kolkata,Gujarat,2025-11-12,Consumer
CUST08637,Customer_08637,Female,66,Bengaluru,Telangana,2024-09-10,Consumer
CUST08638,Customer_08638,Male,67,Bengaluru,Telangana,2024-10-04,Consumer
CUST08639,Customer_08639,Female,30,Bengaluru,Karnataka,2024-01-14,Corporate
CUST08640,Customer_08640,Female,34,Kolkata,Maharashtra,2025-03-27,Consumer
CUST08641,Customer_08641,Female,32,Mumbai,Tamil Nadu,2025-04-03,Consumer
CUST08642,Customer_08642,Male,43,Kolkata,Telangana,2023-03-31,Consumer
CUST08643,Customer_08643,Male,61,Chennai,Gujarat,2023-05-24,Premium
CUST08644,Customer_08644,Male,45,Kolkata,West Bengal,2024-09-12,Consumer
CUST08645,Customer_08645,Female,59,Mumbai,Tamil Nadu,2025-05-13,Consumer
CUST08646,Customer_08646,Male,62,Bengaluru,Gujarat,2023-07-23,Consumer
CUST08647,Customer_08647,Male,47,Bengaluru,Tamil Nadu,2025-05-14,Consumer
CUST08648,Customer_08648,Male,60,Mumbai,Telangana,2023-06-02,Consumer
CUST08649,Customer_08649,Female,52,Ahmedabad,Delhi,2024-06-12,Consumer
CUST08650,Customer_08650,Male,39,Pune,West Bengal,2023-12-05,Consumer
CUST08651,Customer_08651,Male,27,Delhi,Tamil Nadu,2025-01-18,Consumer
CUST08652,Customer_08652,Male,28,Chennai,Delhi,2025-12-15,Corporate
CUST08653,Customer_08653,Male,55,Kolkata,Maharashtra,2024-07-09,Premium
CUST08654,Customer_08654,Female,50,Delhi,Tamil Nadu,2025-01-22,Consumer
CUST08655,Customer_08655,Male,23,Ahmedabad,Karnataka,2025-07-19,Consumer
CUST08656,Customer_08656,Male,54,Pune,Gujarat,2024-07-04,Corporate
CUST08657,Customer_08657,Female,24,Chennai,West Bengal,2023-04-08,Premium
CUST08658,Customer_08658,Male,61,Hyderabad,Maharashtra,2025-03-03,Consumer
CUST08659,Customer_08659,Male,29,Chennai,Maharashtra,2024-02-26,Premium
CUST08660,Customer_08660,Female,24,Kolkata,West Bengal,2023-03-21,Corporate
CUST08661,Customer_08661,Male,19,Delhi,Delhi,2023-10-15,Consumer
CUST08662,Customer_08662,Male,18,Chennai,Telangana,2025-04-26,Consumer
CUST08663,Customer_08663,Male,40,Hyderabad,Gujarat,2023-06-18,Corporate
CUST08664,Customer_08664,Female,42,Hyderabad,Karnataka,2023-03-12,Consumer
CUST08665,Customer_08665,Female,35,Bengaluru,West Bengal,2023-09-20,Consumer
CUST08666,Customer_08666,Female,61,Kolkata,West Bengal,2024-12-12,Consumer
CUST08667,Customer_08667,Female,24,Hyderabad,Karnataka,2024-12-23,Consumer
CUST08668,Customer_08668,Male,68,Mumbai,Delhi,2024-06-13,Consumer
CUST08669,Customer_08669,Male,20,Delhi,Delhi,2025-02-23,Corporate
CUST08670,Customer_08670,Female,46,Mumbai,Maharashtra,2023-07-29,Premium
CUST08671,Customer_08671,Female,27,Pune,West Bengal,2023-04-27,Consumer
CUST08672,Customer_08672,Male,60,Mumbai,Delhi,2024-09-07,Consumer
CUST08673,Customer_08673,Female,22,Delhi,Telangana,2023-11-11,Consumer
CUST08674,Customer_08674,Male,51,Ahmedabad,Maharashtra,2023-01-11,Consumer
CUST08675,Customer_08675,Male,25,Pune,Maharashtra,2025-12-10,Consumer
CUST08676,Customer_08676,Male,31,Mumbai,Maharashtra,2025-10-27,Corporate
CUST08677,Customer_08677,Male,57,Ahmedabad,Karnataka,2025-08-12,Consumer
CUST08678,Customer_08678,Female,23,Mumbai,Gujarat,2023-09-18,Consumer
CUST08679,Customer_08679,Female,18,Kolkata,Gujarat,2023-07-19,Consumer
CUST08680,Customer_08680,Male,50,Pune,Karnataka,2023-11-26,Consumer
CUST08681,Customer_08681,Male,57,Mumbai,Maharashtra,2023-03-31,Consumer
CUST08682,Customer_08682,Female,28,Hyderabad,Telangana,2024-08-13,Consumer
CUST08683,Customer_08683,Male,67,Ahmedabad,Tamil Nadu,2023-02-24,Consumer
CUST08684,Customer_08684,Female,41,Delhi,Maharashtra,2023-04-02,Corporate
CUST08685,Customer_08685,Male,27,Delhi,Delhi,2023-02-25,Consumer
CUST08686,Customer_08686,Female,61,Delhi,West Bengal,2023-03-02,Corporate
CUST08687,Customer_08687,Male,69,Mumbai,West Bengal,2023-04-27,Corporate
CUST08688,Customer_08688,Male,40,Hyderabad,Gujarat,2024-08-12,Consumer
CUST08689,Customer_08689,Male,33,Delhi,West Bengal,2023-08-24,Corporate
CUST08690,Customer_08690,Male,54,Chennai,Tamil Nadu,2023-02-02,Consumer
CUST08691,Customer_08691,Male,33,Delhi,Karnataka,2025-02-24,Consumer
CUST08692,Customer_08692,Female,61,Bengaluru,Karnataka,2023-01-21,Premium
CUST08693,Customer_08693,Male,48,Chennai,Tamil Nadu,2025-07-06,Consumer
CUST08694,Customer_08694,Male,23,Delhi,Gujarat,2023-10-29,Consumer
CUST08695,Customer_08695,Female,47,Mumbai,Gujarat,2023-10-24,Corporate
CUST08696,Customer_08696,Female,54,Ahmedabad,Delhi,2025-02-11,Consumer
CUST08697,Customer_08697,Female,18,Delhi,Karnataka,2025-12-03,Corporate
CUST08698,Customer_08698,Female,68,Hyderabad,Karnataka,2024-02-23,Consumer
CUST08699,Customer_08699,Male,59,Hyderabad,Maharashtra,2023-03-03,Consumer
CUST08700,Customer_08700,Female,42,Delhi,Telangana,2025-05-07,Consumer
CUST08701,Customer_08701,Female,63,Kolkata,Delhi,2024-06-21,Corporate
CUST08702,Customer_08702,Female,38,Mumbai,Maharashtra,2024-11-26,Consumer
CUST08703,Customer_08703,Male,52,Mumbai,West Bengal,2025-03-28,Consumer
CUST08704,Customer_08704,Male,55,Mumbai,Telangana,2025-11-25,Consumer
CUST08705,Customer_08705,Male,22,Delhi,West Bengal,2025-07-08,Corporate
CUST08706,Customer_08706,Female,66,Ahmedabad,Karnataka,2025-09-01,Consumer
CUST08707,Customer_08707,Female,67,Delhi,Telangana,2024-06-25,Corporate
CUST08708,Customer_08708,Female,29,Bengaluru,Karnataka,2025-02-28,Consumer
CUST08709,Customer_08709,Male,22,Hyderabad,Gujarat,2023-02-02,Consumer
CUST08710,Customer_08710,Female,26,Kolkata,Maharashtra,2024-08-03,Corporate
CUST08711,Customer_08711,Female,61,Chennai,Karnataka,2023-12-18,Corporate
CUST08712,Customer_08712,Male,69,Chennai,Telangana,2023-09-12,Premium
CUST08713,Customer_08713,Female,26,Ahmedabad,Maharashtra,2025-12-09,Corporate
CUST08714,Customer_08714,Male,52,Hyderabad,Telangana,2025-11-12,Consumer
CUST08715,Customer_08715,Female,18,Pune,Telangana,2023-09-30,Consumer
CUST08716,Customer_08716,Female,64,Bengaluru,Tamil Nadu,2024-11-23,Consumer
CUST08717,Customer_08717,Female,27,Hyderabad,Karnataka,2023-09-07,Premium
CUST08718,Customer_08718,Female,63,Bengaluru,Karnataka,2025-06-22,Consumer
CUST08719,Customer_08719,Female,56,Pune,Telangana,2023-08-20,Consumer
CUST08720,Customer_08720,Female,53,Bengaluru,West Bengal,2024-03-03,Consumer
CUST08721,Customer_08721,Male,54,Mumbai,Gujarat,2025-08-14,Corporate
CUST08722,Customer_08722,Female,69,Hyderabad,Karnataka,2024-09-25,Consumer
CUST08723,Customer_08723,Male,65,Chennai,Delhi,2023-08-30,Consumer
CUST08724,Customer_08724,Male,52,Delhi,Gujarat,2023-05-14,Consumer
CUST08725,Customer_08725,Female,34,Pune,Gujarat,2025-12-30,Premium
CUST08726,Customer_08726,Female,30,Pune,Gujarat,2025-10-20,Consumer
CUST08727,Customer_08727,Male,23,Delhi,Karnataka,2023-08-07,Corporate
CUST08728,Customer_08728,Male,54,Hyderabad,Gujarat,2024-11-27,Premium
CUST08729,Customer_08729,Male,65,Kolkata,Gujarat,2023-11-03,Corporate
CUST08730,Customer_08730,Male,49,Delhi,Maharashtra,2023-11-10,Consumer
CUST08731,Customer_08731,Male,28,Bengaluru,Karnataka,2025-07-11,Consumer
CUST08732,Customer_08732,Female,34,Delhi,Gujarat,2023-10-08,Corporate
CUST08733,Customer_08733,Male,22,Bengaluru,West Bengal,2023-02-04,Consumer
CUST08734,Customer_08734,Male,23,Bengaluru,Delhi,2023-03-11,Corporate
CUST08735,Customer_08735,Male,27,Chennai,Gujarat,2023-12-26,Corporate
CUST08736,Customer_08736,Other,50,Delhi,Telangana,2024-02-12,Corporate
CUST08737,Customer_08737,Male,47,Kolkata,Karnataka,2024-08-02,Consumer
CUST08738,Customer_08738,Male,38,Chennai,Maharashtra,2024-06-02,Consumer
CUST08739,Customer_08739,Male,59,Kolkata,Delhi,2024-08-28,Consumer
CUST08740,Customer_08740,Female,34,Delhi,Tamil Nadu,2023-03-22,Premium
CUST08741,Customer_08741,Female,44,Kolkata,Telangana,2023-09-07,Consumer
CUST08742,Customer_08742,Male,20,Bengaluru,Telangana,2025-11-27,Consumer
CUST08743,Customer_08743,Male,46,Kolkata,Telangana,2023-02-14,Consumer
CUST08744,Customer_08744,Male,19,Delhi,Delhi,2023-05-17,Corporate
CUST08745,Customer_08745,Female,46,Pune,Karnataka,2025-04-02,Consumer
CUST08746,Customer_08746,Female,66,Pune,Karnataka,2025-09-05,Corporate
CUST08747,Customer_08747,Male,53,Chennai,Gujarat,2025-03-30,Corporate
CUST08748,Customer_08748,Male,51,Ahmedabad,Gujarat,2024-01-02,Consumer
CUST08749,Customer_08749,Male,54,Mumbai,Karnataka,2023-08-17,Consumer
CUST08750,Customer_08750,Male,59,Pune,West Bengal,2023-07-02,Consumer
CUST08751,Customer_08751,Female,18,Kolkata,Gujarat,2024-04-11,Consumer
CUST08752,Customer_08752,Male,43,Chennai,West Bengal,2025-04-17,Consumer
CUST08753,Customer_08753,Male,18,Kolkata,Karnataka,2023-07-23,Consumer
CUST08754,Customer_08754,Male,21,Mumbai,Telangana,2025-09-01,Consumer
CUST08755,Customer_08755,Female,56,Hyderabad,Tamil Nadu,2024-09-14,Corporate
CUST08756,Customer_08756,Female,31,Chennai,Telangana,2025-12-27,Consumer
CUST08757,Customer_08757,Male,63,Pune,West Bengal,2025-05-18,Consumer
CUST08758,Customer_08758,Male,35,Pune,Gujarat,2024-07-03,Consumer
CUST08759,Customer_08759,Male,51,Delhi,Tamil Nadu,2024-08-26,Consumer
CUST08760,Customer_08760,Female,18,Mumbai,Tamil Nadu,2025-01-24,Corporate
CUST08761,Customer_08761,Male,39,Pune,Karnataka,2024-09-19,Consumer
CUST08762,Customer_08762,Female,33,Delhi,Maharashtra,2025-10-12,Premium
CUST08763,Customer_08763,Female,39,Mumbai,Delhi,2023-04-05,Consumer
CUST08764,Customer_08764,Female,67,Chennai,Maharashtra,2024-11-15,Premium
CUST08765,Customer_08765,Male,33,Chennai,Tamil Nadu,2025-03-07,Premium
CUST08766,Customer_08766,Female,45,Delhi,Maharashtra,2024-01-04,Consumer
CUST08767,Customer_08767,Female,45,Chennai,Gujarat,2023-10-06,Consumer
CUST08768,Customer_08768,Male,39,Delhi,Tamil Nadu,2023-12-17,Consumer
CUST08769,Customer_08769,Male,23,Bengaluru,Telangana,2024-02-10,Premium
CUST08770,Customer_08770,Male,42,Kolkata,Gujarat,2024-03-21,Corporate
CUST08771,Customer_08771,Male,59,Mumbai,Telangana,2023-11-19,Consumer
CUST08772,Customer_08772,Male,19,Delhi,Gujarat,2024-09-21,Consumer
CUST08773,Customer_08773,Female,24,Mumbai,Karnataka,2023-03-14,Corporate
CUST08774,Customer_08774,Male,34,Ahmedabad,West Bengal,2024-06-01,Consumer
CUST08775,Customer_08775,Female,52,Bengaluru,Gujarat,2023-01-22,Consumer
CUST08776,Customer_08776,Male,37,Mumbai,Delhi,2023-06-28,Consumer
CUST08777,Customer_08777,Female,61,Delhi,Telangana,2024-12-08,Corporate
CUST08778,Customer_08778,Male,19,Kolkata,Gujarat,2025-07-26,Corporate
CUST08779,Customer_08779,Female,24,Kolkata,Delhi,2025-10-15,Consumer
CUST08780,Customer_08780,Male,49,Chennai,Karnataka,2025-08-05,Consumer
CUST08781,Customer_08781,Male,66,Kolkata,Gujarat,2024-06-14,Consumer
CUST08782,Customer_08782,Female,36,Kolkata,West Bengal,2023-12-30,Consumer
CUST08783,Customer_08783,Male,29,Ahmedabad,Delhi,2024-02-29,Consumer
CUST08784,Customer_08784,Female,26,Mumbai,West Bengal,2025-08-16,Consumer
CUST08785,Customer_08785,Female,44,Mumbai,Gujarat,2025-12-07,Corporate
CUST08786,Customer_08786,Male,31,Pune,Telangana,2024-11-02,Consumer
CUST08787,Customer_08787,Female,19,Pune,Telangana,2025-11-19,Consumer
CUST08788,Customer_08788,Female,38,Bengaluru,Maharashtra,2025-10-09,Consumer
CUST08789,Customer_08789,Male,21,Hyderabad,Maharashtra,2025-05-28,Consumer
CUST08790,Customer_08790,Female,68,Kolkata,Gujarat,2025-08-04,Consumer
CUST08791,Customer_08791,Female,38,Chennai,Maharashtra,2025-09-14,Consumer
CUST08792,Customer_08792,Male,65,Kolkata,Gujarat,2023-06-01,Consumer
CUST08793,Customer_08793,Male,39,Delhi,Gujarat,2023-09-12,Consumer
CUST08794,Customer_08794,Female,66,Bengaluru,West Bengal,2024-12-03,Consumer
CUST08795,Customer_08795,Male,19,Delhi,Delhi,2024-10-15,Consumer
CUST08796,Customer_08796,Male,34,Delhi,Telangana,2025-01-27,Consumer
CUST08797,Customer_08797,Male,36,Mumbai,Karnataka,2025-11-23,Consumer
CUST08798,Customer_08798,Female,57,Bengaluru,Tamil Nadu,2023-07-06,Consumer
CUST08799,Customer_08799,Male,41,Bengaluru,Telangana,2025-05-28,Consumer
CUST08800,Customer_08800,Male,37,Pune,Maharashtra,2024-11-03,Corporate
CUST08801,Customer_08801,Female,55,Ahmedabad,Gujarat,2025-05-25,Consumer
CUST08802,Customer_08802,Male,29,Chennai,Maharashtra,2023-04-28,Consumer
CUST08803,Customer_08803,Male,42,Hyderabad,Delhi,2025-12-17,Corporate
CUST08804,Customer_08804,Other,40,Delhi,Maharashtra,2025-11-07,Consumer
CUST08805,Customer_08805,Female,67,Kolkata,Delhi,2025-05-20,Consumer
CUST08806,Customer_08806,Female,51,Chennai,Karnataka,2024-04-02,Consumer
CUST08807,Customer_08807,Male,49,Kolkata,Gujarat,2024-12-06,Consumer
CUST08808,Customer_08808,Female,68,Pune,Maharashtra,2024-10-03,Consumer
CUST08809,Customer_08809,Male,41,Ahmedabad,Delhi,2025-08-23,Corporate
CUST08810,Customer_08810,Male,59,Ahmedabad,Maharashtra,2023-07-31,Corporate
CUST08811,Customer_08811,Male,42,Chennai,Delhi,2024-04-30,Corporate
CUST08812,Customer_08812,Male,20,Delhi,West Bengal,2025-06-09,Consumer
CUST08813,Customer_08813,Female,42,Mumbai,Gujarat,2025-10-23,Consumer
CUST08814,Customer_08814,Male,45,Mumbai,Gujarat,2025-09-28,Consumer
CUST08815,Customer_08815,Female,29,Delhi,Telangana,2025-09-11,Consumer
CUST08816,Customer_08816,Female,43,Pune,Delhi,2023-12-09,Consumer
CUST08817,Customer_08817,Female,65,Pune,Tamil Nadu,2025-12-16,Corporate
CUST08818,Customer_08818,Male,61,Bengaluru,Karnataka,2023-10-21,Corporate
CUST08819,Customer_08819,Female,25,Hyderabad,Telangana,2023-01-28,Corporate
CUST08820,Customer_08820,Male,22,Kolkata,Karnataka,2025-05-08,Consumer
CUST08821,Customer_08821,Male,28,Mumbai,Telangana,2024-07-26,Consumer
CUST08822,Customer_08822,Other,59,Hyderabad,Maharashtra,2025-07-16,Consumer
CUST08823,Customer_08823,Male,52,Chennai,Delhi,2025-11-21,Corporate
CUST08824,Customer_08824,Male,44,Kolkata,Maharashtra,2024-02-01,Consumer
CUST08825,Customer_08825,Female,58,Kolkata,Karnataka,2025-11-06,Consumer
CUST08826,Customer_08826,Male,61,Kolkata,Gujarat,2024-08-23,Consumer
CUST08827,Customer_08827,Female,55,Chennai,Karnataka,2025-12-11,Premium
CUST08828,Customer_08828,Male,36,Delhi,Telangana,2024-01-05,Corporate
CUST08829,Customer_08829,Male,65,Ahmedabad,Karnataka,2023-06-13,Corporate
CUST08830,Customer_08830,Male,49,Ahmedabad,Delhi,2024-03-25,Premium
CUST08831,Customer_08831,Male,63,Delhi,Karnataka,2024-06-27,Consumer
CUST08832,Customer_08832,Male,45,Delhi,Maharashtra,2024-12-10,Corporate
CUST08833,Customer_08833,Female,53,Kolkata,Gujarat,2023-12-17,Consumer
CUST08834,Customer_08834,Female,35,Pune,Delhi,2024-01-14,Consumer
CUST08835,Customer_08835,Female,27,Mumbai,Karnataka,2023-07-20,Consumer
CUST08836,Customer_08836,Male,49,Hyderabad,Tamil Nadu,2024-05-19,Consumer
CUST08837,Customer_08837,Female,35,Ahmedabad,Tamil Nadu,2025-10-08,Corporate
CUST08838,Customer_08838,Female,29,Chennai,Gujarat,2025-11-17,Consumer
CUST08839,Customer_08839,Female,68,Hyderabad,Maharashtra,2023-12-03,Corporate
CUST08840,Customer_08840,Male,25,Ahmedabad,Telangana,2023-10-14,Premium
CUST08841,Customer_08841,Female,50,Mumbai,Telangana,2024-09-22,Consumer
CUST08842,Customer_08842,Female,63,Kolkata,Gujarat,2025-11-20,Consumer
CUST08843,Customer_08843,Male,55,Hyderabad,Karnataka,2024-10-27,Consumer
CUST08844,Customer_08844,Female,31,Kolkata,Delhi,2023-04-17,Consumer
CUST08845,Customer_08845,Male,19,Hyderabad,Gujarat,2024-05-20,Consumer
CUST08846,Customer_08846,Female,26,Pune,Telangana,2023-04-27,Corporate
CUST08847,Customer_08847,Female,61,Ahmedabad,Tamil Nadu,2023-03-20,Consumer
CUST08848,Customer_08848,Female,22,Delhi,Telangana,2025-01-10,Consumer
CUST08849,Customer_08849,Male,51,Pune,Tamil Nadu,2023-01-23,Consumer
CUST08850,Customer_08850,Male,36,Pune,Telangana,2023-12-27,Corporate
CUST08851,Customer_08851,Female,24,Kolkata,Maharashtra,2024-11-30,Consumer
CUST08852,Customer_08852,Male,56,Hyderabad,Gujarat,2023-08-05,Corporate
CUST08853,Customer_08853,Male,59,Hyderabad,Delhi,2025-09-16,Consumer
CUST08854,Customer_08854,Female,34,Pune,Gujarat,2024-12-07,Consumer
CUST08855,Customer_08855,Male,43,Hyderabad,West Bengal,2024-09-19,Consumer
CUST08856,Customer_08856,Male,63,Pune,Karnataka,2024-07-20,Corporate
CUST08857,Customer_08857,Male,44,Bengaluru,Tamil Nadu,2024-03-18,Consumer
CUST08858,Customer_08858,Male,60,Ahmedabad,Telangana,2024-04-03,Premium
CUST08859,Customer_08859,Female,45,Pune,Karnataka,2023-05-24,Corporate
CUST08860,Customer_08860,Female,37,Chennai,Tamil Nadu,2023-11-10,Consumer
CUST08861,Customer_08861,Female,23,Chennai,Gujarat,2025-05-24,Consumer
CUST08862,Customer_08862,Female,25,Hyderabad,Tamil Nadu,2024-12-29,Corporate
CUST08863,Customer_08863,Female,49,Pune,Maharashtra,2024-09-30,Premium
CUST08864,Customer_08864,Female,36,Pune,Telangana,2024-04-18,Consumer
CUST08865,Customer_08865,Male,49,Delhi,West Bengal,2024-11-15,Consumer
CUST08866,Customer_08866,Female,36,Ahmedabad,Gujarat,2024-08-28,Consumer
CUST08867,Customer_08867,Male,41,Kolkata,West Bengal,2025-06-20,Corporate
CUST08868,Customer_08868,Female,41,Delhi,Karnataka,2023-10-02,Consumer
CUST08869,Customer_08869,Female,34,Delhi,Telangana,2025-01-21,Corporate
CUST08870,Customer_08870,Male,35,Pune,Gujarat,2023-08-05,Consumer
CUST08871,Customer_08871,Female,29,Ahmedabad,West Bengal,2024-11-06,Consumer
CUST08872,Customer_08872,Male,58,Pune,Telangana,2024-12-10,Consumer
CUST08873,Customer_08873,Female,40,Chennai,Delhi,2025-07-11,Premium
CUST08874,Customer_08874,Male,65,Mumbai,Tamil Nadu,2024-02-12,Premium
CUST08875,Customer_08875,Female,35,Hyderabad,West Bengal,2023-05-28,Corporate
CUST08876,Customer_08876,Male,33,Chennai,Tamil Nadu,2024-05-17,Corporate
CUST08877,Customer_08877,Male,33,Delhi,Delhi,2023-08-20,Corporate
CUST08878,Customer_08878,Male,53,Chennai,Delhi,2024-05-12,Corporate
CUST08879,Customer_08879,Male,40,Chennai,Telangana,2024-02-27,Consumer
CUST08880,Customer_08880,Male,39,Chennai,Tamil Nadu,2023-09-04,Consumer
CUST08881,Customer_08881,Female,56,Ahmedabad,Karnataka,2023-04-15,Premium
CUST08882,Customer_08882,Male,50,Delhi,Maharashtra,2023-08-22,Corporate
CUST08883,Customer_08883,Male,41,Mumbai,Gujarat,2024-04-19,Consumer
CUST08884,Customer_08884,Male,37,Bengaluru,Delhi,2025-09-30,Consumer
CUST08885,Customer_08885,Female,50,Hyderabad,Karnataka,2025-01-28,Corporate
CUST08886,Customer_08886,Female,48,Hyderabad,Karnataka,2025-05-24,Consumer
CUST08887,Customer_08887,Female,57,Kolkata,Telangana,2023-04-22,Consumer
CUST08888,Customer_08888,Female,25,Chennai,Delhi,2023-01-23,Consumer
CUST08889,Customer_08889,Male,27,Mumbai,Karnataka,2025-07-25,Consumer
CUST08890,Customer_08890,Male,18,Delhi,Maharashtra,2023-11-11,Premium
CUST08891,Customer_08891,Male,38,Bengaluru,Karnataka,2023-07-21,Corporate
CUST08892,Customer_08892,Female,42,Bengaluru,Maharashtra,2024-09-09,Consumer
CUST08893,Customer_08893,Other,49,Chennai,West Bengal,2024-08-28,Corporate
CUST08894,Customer_08894,Female,63,Chennai,Maharashtra,2025-09-21,Consumer
CUST08895,Customer_08895,Male,63,Delhi,Maharashtra,2023-01-25,Consumer
CUST08896,Customer_08896,Male,27,Kolkata,Delhi,2024-10-18,Corporate
CUST08897,Customer_08897,Male,68,Delhi,West Bengal,2024-06-14,Corporate
CUST08898,Customer_08898,Female,65,Ahmedabad,Maharashtra,2023-02-15,Consumer
CUST08899,Customer_08899,Male,26,Pune,Delhi,2025-11-24,Corporate
CUST08900,Customer_08900,Female,37,Delhi,West Bengal,2023-07-21,Premium
CUST08901,Customer_08901,Male,65,Chennai,Karnataka,2023-12-31,Consumer
CUST08902,Customer_08902,Female,37,Mumbai,West Bengal,2024-04-14,Consumer
CUST08903,Customer_08903,Female,57,Chennai,Maharashtra,2025-02-15,Premium
CUST08904,Customer_08904,Female,24,Kolkata,West Bengal,2024-02-20,Premium
CUST08905,Customer_08905,Female,28,Chennai,Tamil Nadu,2024-11-29,Consumer
CUST08906,Customer_08906,Female,38,Bengaluru,Karnataka,2025-03-20,Consumer
CUST08907,Customer_08907,Female,55,Ahmedabad,Gujarat,2023-07-09,Premium
CUST08908,Customer_08908,Female,64,Delhi,West Bengal,2023-12-15,Consumer
CUST08909,Customer_08909,Female,36,Hyderabad,West Bengal,2024-01-08,Consumer
CUST08910,Customer_08910,Other,63,Delhi,West Bengal,2025-09-11,Consumer
CUST08911,Customer_08911,Female,32,Pune,Tamil Nadu,2025-09-13,Consumer
CUST08912,Customer_08912,Female,23,Mumbai,Tamil Nadu,2023-04-21,Consumer
CUST08913,Customer_08913,Female,27,Mumbai,Telangana,2024-10-07,Consumer
CUST08914,Customer_08914,Male,63,Delhi,Delhi,2025-11-02,Consumer
CUST08915,Customer_08915,Male,33,Delhi,Telangana,2024-06-06,Consumer
CUST08916,Customer_08916,Male,62,Chennai,Delhi,2023-07-16,Consumer
CUST08917,Customer_08917,Female,28,Hyderabad,Telangana,2023-02-24,Consumer
CUST08918,Customer_08918,Female,52,Kolkata,Karnataka,2023-07-02,Consumer
CUST08919,Customer_08919,Male,25,Chennai,Tamil Nadu,2025-11-08,Premium
CUST08920,Customer_08920,Female,45,Ahmedabad,Karnataka,2023-12-29,Corporate
CUST08921,Customer_08921,Female,20,Bengaluru,Delhi,2024-04-17,Premium
CUST08922,Customer_08922,Male,19,Ahmedabad,Tamil Nadu,2023-01-09,Consumer
CUST08923,Customer_08923,Female,31,Bengaluru,Tamil Nadu,2024-10-21,Premium
CUST08924,Customer_08924,Female,69,Ahmedabad,Delhi,2023-01-25,Corporate
CUST08925,Customer_08925,Male,46,Mumbai,Karnataka,2025-12-16,Premium
CUST08926,Customer_08926,Female,64,Mumbai,Tamil Nadu,2025-04-03,Consumer
CUST08927,Customer_08927,Female,20,Hyderabad,Gujarat,2023-03-09,Corporate
CUST08928,Customer_08928,Male,18,Mumbai,West Bengal,2025-10-21,Consumer
CUST08929,Customer_08929,Male,32,Pune,Karnataka,2023-02-17,Premium
CUST08930,Customer_08930,Other,37,Ahmedabad,Karnataka,2025-08-02,Consumer
CUST08931,Customer_08931,Male,39,Bengaluru,Karnataka,2025-12-07,Premium
CUST08932,Customer_08932,Male,51,Hyderabad,Tamil Nadu,2023-12-21,Consumer
CUST08933,Customer_08933,Male,67,Bengaluru,Maharashtra,2025-10-06,Consumer
CUST08934,Customer_08934,Female,50,Delhi,West Bengal,2024-03-12,Consumer
CUST08935,Customer_08935,Female,26,Delhi,Telangana,2024-11-30,Consumer
CUST08936,Customer_08936,Female,20,Hyderabad,Delhi,2024-09-17,Consumer
CUST08937,Customer_08937,Male,19,Chennai,Karnataka,2023-03-31,Consumer
CUST08938,Customer_08938,Female,21,Pune,Tamil Nadu,2024-01-04,Consumer
CUST08939,Customer_08939,Male,33,Kolkata,Delhi,2025-07-27,Corporate
CUST08940,Customer_08940,Male,50,Pune,Maharashtra,2025-08-12,Consumer
CUST08941,Customer_08941,Male,26,Ahmedabad,Gujarat,2024-05-14,Consumer
CUST08942,Customer_08942,Male,57,Kolkata,Maharashtra,2024-12-04,Consumer
CUST08943,Customer_08943,Female,55,Mumbai,Tamil Nadu,2023-05-13,Premium
CUST08944,Customer_08944,Female,69,Kolkata,Karnataka,2023-06-21,Consumer
CUST08945,Customer_08945,Male,35,Hyderabad,Maharashtra,2025-02-01,Consumer
CUST08946,Customer_08946,Female,33,Pune,West Bengal,2024-03-16,Consumer
CUST08947,Customer_08947,Female,25,Kolkata,Maharashtra,2025-09-11,Consumer
CUST08948,Customer_08948,Female,40,Mumbai,Maharashtra,2023-04-22,Corporate
CUST08949,Customer_08949,Male,53,Bengaluru,West Bengal,2025-11-29,Premium
CUST08950,Customer_08950,Female,20,Kolkata,Gujarat,2023-04-12,Consumer
CUST08951,Customer_08951,Male,32,Chennai,Tamil Nadu,2023-12-07,Consumer
CUST08952,Customer_08952,Female,55,Mumbai,Delhi,2025-07-08,Corporate
CUST08953,Customer_08953,Male,50,Delhi,Telangana,2025-03-24,Corporate
CUST08954,Customer_08954,Female,35,Kolkata,Tamil Nadu,2023-07-15,Consumer
CUST08955,Customer_08955,Male,40,Delhi,Karnataka,2024-05-19,Consumer
CUST08956,Customer_08956,Male,60,Bengaluru,Tamil Nadu,2025-12-30,Consumer
CUST08957,Customer_08957,Female,20,Hyderabad,Tamil Nadu,2023-08-07,Corporate
CUST08958,Customer_08958,Female,47,Mumbai,Gujarat,2023-06-14,Consumer
CUST08959,Customer_08959,Female,62,Kolkata,Telangana,2024-01-16,Corporate
CUST08960,Customer_08960,Female,34,Kolkata,Telangana,2024-01-04,Consumer
CUST08961,Customer_08961,Male,67,Bengaluru,Telangana,2023-01-08,Consumer
CUST08962,Customer_08962,Female,49,Kolkata,Delhi,2024-03-23,Premium
CUST08963,Customer_08963,Male,63,Delhi,Tamil Nadu,2023-02-03,Consumer
CUST08964,Customer_08964,Male,24,Kolkata,Gujarat,2024-05-11,Consumer
CUST08965,Customer_08965,Female,56,Ahmedabad,Karnataka,2025-05-13,Consumer
CUST08966,Customer_08966,Female,31,Kolkata,Telangana,2023-01-22,Corporate
CUST08967,Customer_08967,Female,32,Delhi,West Bengal,2024-10-24,Consumer
CUST08968,Customer_08968,Female,61,Delhi,Telangana,2024-08-12,Premium
CUST08969,Customer_08969,Female,29,Chennai,West Bengal,2024-11-07,Corporate
CUST08970,Customer_08970,Male,25,Chennai,Tamil Nadu,2023-09-28,Consumer
CUST08971,Customer_08971,Male,33,Delhi,Karnataka,2023-01-01,Corporate
CUST08972,Customer_08972,Female,58,Pune,Gujarat,2023-10-14,Corporate
CUST08973,Customer_08973,Male,51,Hyderabad,Telangana,2025-07-27,Consumer
CUST08974,Customer_08974,Male,63,Chennai,Tamil Nadu,2025-05-03,Consumer
CUST08975,Customer_08975,Male,41,Mumbai,Maharashtra,2023-02-19,Consumer
CUST08976,Customer_08976,Female,46,Chennai,Gujarat,2024-09-08,Consumer
CUST08977,Customer_08977,Male,33,Mumbai,West Bengal,2023-07-09,Consumer
CUST08978,Customer_08978,Female,22,Chennai,Delhi,2025-12-02,Consumer
CUST08979,Customer_08979,Female,22,Delhi,Gujarat,2025-01-29,Consumer
CUST08980,Customer_08980,Male,69,Kolkata,Tamil Nadu,2023-03-07,Consumer
CUST08981,Customer_08981,Female,47,Mumbai,Telangana,2024-01-31,Corporate
CUST08982,Customer_08982,Female,67,Ahmedabad,Gujarat,2023-05-08,Premium
CUST08983,Customer_08983,Female,67,Kolkata,Karnataka,2024-11-27,Corporate
CUST08984,Customer_08984,Female,22,Kolkata,West Bengal,2023-07-07,Consumer
CUST08985,Customer_08985,Male,60,Hyderabad,Maharashtra,2024-07-31,Consumer
CUST08986,Customer_08986,Female,30,Chennai,Karnataka,2025-04-20,Consumer
CUST08987,Customer_08987,Male,52,Chennai,Karnataka,2025-01-31,Consumer
CUST08988,Customer_08988,Female,66,Delhi,Karnataka,2024-10-28,Consumer
CUST08989,Customer_08989,Female,42,Mumbai,Tamil Nadu,2025-07-21,Premium
CUST08990,Customer_08990,Female,67,Pune,Tamil Nadu,2023-03-20,Consumer
CUST08991,Customer_08991,Male,31,Delhi,Gujarat,2025-11-08,Premium
CUST08992,Customer_08992,Male,61,Kolkata,West Bengal,2023-02-14,Consumer
CUST08993,Customer_08993,Male,63,Mumbai,Delhi,2023-05-09,Corporate
CUST08994,Customer_08994,Male,43,Chennai,West Bengal,2024-09-09,Premium
CUST08995,Customer_08995,Male,35,Chennai,Maharashtra,2025-02-01,Consumer
CUST08996,Customer_08996,Female,37,Chennai,Gujarat,2025-03-03,Premium
CUST08997,Customer_08997,Male,51,Chennai,Karnataka,2024-02-01,Consumer
CUST08998,Customer_08998,Female,24,Ahmedabad,Gujarat,2023-10-02,Premium
CUST08999,Customer_08999,Male,64,Bengaluru,West Bengal,2023-05-18,Corporate
CUST09000,Customer_09000,Female,27,Chennai,Telangana,2025-02-21,Consumer
CUST09001,Customer_09001,Female,32,Chennai,Gujarat,2023-08-03,Consumer
CUST09002,Customer_09002,Female,34,Pune,West Bengal,2023-08-16,Corporate
CUST09003,Customer_09003,Female,28,Pune,Gujarat,2023-04-17,Consumer
CUST09004,Customer_09004,Male,51,Mumbai,West Bengal,2023-06-08,Consumer
CUST09005,Customer_09005,Female,44,Kolkata,Karnataka,2023-01-30,Consumer
CUST09006,Customer_09006,Male,38,Chennai,Gujarat,2024-08-31,Consumer
CUST09007,Customer_09007,Male,48,Chennai,Maharashtra,2025-02-07,Consumer
CUST09008,Customer_09008,Female,67,Ahmedabad,Karnataka,2025-02-22,Premium
CUST09009,Customer_09009,Female,21,Mumbai,Tamil Nadu,2025-05-31,Corporate
CUST09010,Customer_09010,Female,58,Kolkata,Tamil Nadu,2025-07-11,Consumer
CUST09011,Customer_09011,Male,66,Chennai,Gujarat,2023-12-08,Consumer
CUST09012,Customer_09012,Male,34,Ahmedabad,Gujarat,2023-06-17,Corporate
CUST09013,Customer_09013,Male,66,Chennai,Maharashtra,2024-11-14,Consumer
CUST09014,Customer_09014,Male,65,Delhi,West Bengal,2024-09-23,Consumer
CUST09015,Customer_09015,Male,37,Bengaluru,West Bengal,2024-03-07,Consumer
CUST09016,Customer_09016,Male,42,Mumbai,Delhi,2023-02-08,Consumer
CUST09017,Customer_09017,Male,57,Delhi,Karnataka,2025-09-06,Consumer
CUST09018,Customer_09018,Female,40,Pune,Maharashtra,2024-01-22,Consumer
CUST09019,Customer_09019,Male,32,Kolkata,Gujarat,2025-02-07,Premium
CUST09020,Customer_09020,Female,50,Hyderabad,Gujarat,2025-03-01,Consumer
CUST09021,Customer_09021,Male,36,Hyderabad,Gujarat,2025-01-11,Consumer
CUST09022,Customer_09022,Female,32,Pune,Gujarat,2024-02-05,Consumer
CUST09023,Customer_09023,Male,58,Bengaluru,Telangana,2023-04-12,Consumer
CUST09024,Customer_09024,Male,22,Kolkata,Gujarat,2024-10-16,Corporate
CUST09025,Customer_09025,Female,33,Kolkata,Gujarat,2025-06-21,Consumer
CUST09026,Customer_09026,Male,62,Ahmedabad,Telangana,2025-01-21,Corporate
CUST09027,Customer_09027,Female,65,Hyderabad,Delhi,2023-03-28,Premium
CUST09028,Customer_09028,Male,49,Bengaluru,West Bengal,2025-05-08,Consumer
CUST09029,Customer_09029,Other,39,Hyderabad,Tamil Nadu,2023-11-15,Consumer
CUST09030,Customer_09030,Male,60,Hyderabad,Gujarat,2025-08-24,Consumer
CUST09031,Customer_09031,Male,49,Kolkata,West Bengal,2025-06-05,Corporate
CUST09032,Customer_09032,Female,30,Ahmedabad,Gujarat,2024-09-24,Corporate
CUST09033,Customer_09033,Male,55,Delhi,Maharashtra,2024-10-13,Consumer
CUST09034,Customer_09034,Female,43,Kolkata,Karnataka,2025-08-07,Corporate
CUST09035,Customer_09035,Male,69,Hyderabad,Maharashtra,2023-08-28,Consumer
CUST09036,Customer_09036,Female,34,Kolkata,Gujarat,2023-05-23,Premium
CUST09037,Customer_09037,Male,22,Pune,Delhi,2025-08-11,Premium
CUST09038,Customer_09038,Female,66,Bengaluru,Maharashtra,2023-04-29,Corporate
CUST09039,Customer_09039,Female,50,Chennai,Delhi,2024-08-18,Consumer
CUST09040,Customer_09040,Male,44,Kolkata,Delhi,2023-06-12,Consumer
CUST09041,Customer_09041,Male,22,Kolkata,Gujarat,2024-10-15,Consumer
CUST09042,Customer_09042,Male,54,Chennai,Delhi,2023-12-16,Consumer
CUST09043,Customer_09043,Female,24,Chennai,Maharashtra,2023-01-31,Corporate
CUST09044,Customer_09044,Male,65,Bengaluru,Telangana,2024-04-02,Premium
CUST09045,Customer_09045,Male,35,Ahmedabad,Karnataka,2023-04-01,Corporate
CUST09046,Customer_09046,Male,48,Bengaluru,Delhi,2023-05-08,Consumer
CUST09047,Customer_09047,Male,23,Chennai,West Bengal,2025-02-17,Consumer
CUST09048,Customer_09048,Female,19,Pune,Gujarat,2025-08-27,Consumer
CUST09049,Customer_09049,Female,30,Hyderabad,Tamil Nadu,2025-04-27,Corporate
CUST09050,Customer_09050,Female,59,Chennai,Delhi,2025-03-02,Corporate
CUST09051,Customer_09051,Female,69,Mumbai,West Bengal,2024-05-23,Consumer
CUST09052,Customer_09052,Female,28,Kolkata,Maharashtra,2025-07-24,Consumer
CUST09053,Customer_09053,Male,43,Bengaluru,Delhi,2025-01-14,Corporate
CUST09054,Customer_09054,Male,38,Mumbai,Tamil Nadu,2025-01-09,Consumer
CUST09055,Customer_09055,Female,19,Mumbai,West Bengal,2023-08-25,Premium
CUST09056,Customer_09056,Female,57,Bengaluru,Telangana,2025-10-09,Corporate
CUST09057,Customer_09057,Female,68,Ahmedabad,Maharashtra,2025-09-03,Consumer
CUST09058,Customer_09058,Male,37,Kolkata,Maharashtra,2025-10-19,Corporate
CUST09059,Customer_09059,Male,34,Chennai,Gujarat,2025-12-10,Corporate
CUST09060,Customer_09060,Male,33,Pune,Maharashtra,2024-04-13,Consumer
CUST09061,Customer_09061,Female,59,Delhi,Tamil Nadu,2024-01-23,Consumer
CUST09062,Customer_09062,Female,22,Ahmedabad,West Bengal,2025-12-21,Corporate
CUST09063,Customer_09063,Female,31,Ahmedabad,Maharashtra,2025-01-05,Corporate
CUST09064,Customer_09064,Male,41,Mumbai,Telangana,2024-10-15,Consumer
CUST09065,Customer_09065,Female,68,Chennai,Karnataka,2023-02-10,Premium
CUST09066,Customer_09066,Male,21,Delhi,Karnataka,2025-08-10,Consumer
CUST09067,Customer_09067,Male,69,Kolkata,Delhi,2025-03-19,Corporate
CUST09068,Customer_09068,Female,65,Mumbai,Karnataka,2024-01-17,Corporate
CUST09069,Customer_09069,Male,41,Chennai,Tamil Nadu,2023-04-06,Consumer
CUST09070,Customer_09070,Male,64,Mumbai,Karnataka,2025-06-30,Consumer
CUST09071,Customer_09071,Female,26,Ahmedabad,Tamil Nadu,2025-02-25,Corporate
CUST09072,Customer_09072,Female,20,Chennai,Tamil Nadu,2023-10-20,Consumer
CUST09073,Customer_09073,Male,26,Ahmedabad,Delhi,2023-12-07,Corporate
CUST09074,Customer_09074,Female,35,Kolkata,Karnataka,2024-12-19,Consumer
CUST09075,Customer_09075,Male,53,Pune,Delhi,2025-08-14,Consumer
CUST09076,Customer_09076,Female,36,Kolkata,Maharashtra,2024-06-21,Consumer
CUST09077,Customer_09077,Female,41,Hyderabad,Telangana,2025-05-21,Consumer
CUST09078,Customer_09078,Female,21,Hyderabad,West Bengal,2025-08-17,Premium
CUST09079,Customer_09079,Female,26,Kolkata,Karnataka,2024-01-16,Consumer
CUST09080,Customer_09080,Male,50,Bengaluru,Maharashtra,2025-05-08,Consumer
CUST09081,Customer_09081,Male,18,Delhi,Gujarat,2024-08-21,Corporate
CUST09082,Customer_09082,Male,69,Kolkata,West Bengal,2025-07-18,Consumer
CUST09083,Customer_09083,Male,68,Kolkata,West Bengal,2025-11-12,Corporate
CUST09084,Customer_09084,Female,52,Mumbai,West Bengal,2025-01-31,Consumer
CUST09085,Customer_09085,Male,27,Mumbai,Maharashtra,2023-12-30,Consumer
CUST09086,Customer_09086,Male,29,Chennai,Delhi,2024-07-19,Consumer
CUST09087,Customer_09087,Male,35,Delhi,Delhi,2025-08-26,Consumer
CUST09088,Customer_09088,Female,31,Ahmedabad,West Bengal,2025-04-06,Corporate
CUST09089,Customer_09089,Male,27,Mumbai,West Bengal,2024-05-19,Premium
CUST09090,Customer_09090,Female,27,Delhi,Telangana,2023-08-06,Premium
CUST09091,Customer_09091,Male,35,Kolkata,Telangana,2024-04-26,Consumer
CUST09092,Customer_09092,Male,41,Delhi,West Bengal,2025-07-25,Consumer
CUST09093,Customer_09093,Male,18,Hyderabad,Telangana,2025-01-18,Consumer
CUST09094,Customer_09094,Female,47,Ahmedabad,West Bengal,2025-04-15,Corporate
CUST09095,Customer_09095,Female,32,Mumbai,Telangana,2024-05-03,Corporate
CUST09096,Customer_09096,Female,25,Mumbai,West Bengal,2025-03-10,Consumer
CUST09097,Customer_09097,Male,52,Bengaluru,Delhi,2023-07-30,Consumer
CUST09098,Customer_09098,Male,35,Delhi,Tamil Nadu,2024-10-27,Corporate
CUST09099,Customer_09099,Female,58,Chennai,Delhi,2023-09-16,Consumer
CUST09100,Customer_09100,Male,33,Ahmedabad,Tamil Nadu,2024-01-07,Consumer
CUST09101,Customer_09101,Female,38,Hyderabad,Delhi,2025-09-18,Consumer
CUST09102,Customer_09102,Female,32,Kolkata,Gujarat,2023-03-29,Consumer
CUST09103,Customer_09103,Male,22,Bengaluru,Delhi,2024-02-04,Consumer
CUST09104,Customer_09104,Female,62,Hyderabad,Telangana,2023-11-05,Consumer
CUST09105,Customer_09105,Male,69,Chennai,Tamil Nadu,2023-01-04,Consumer
CUST09106,Customer_09106,Male,24,Bengaluru,Maharashtra,2023-08-14,Consumer
CUST09107,Customer_09107,Male,65,Hyderabad,Gujarat,2023-12-05,Premium
CUST09108,Customer_09108,Female,24,Chennai,Maharashtra,2023-02-27,Consumer
CUST09109,Customer_09109,Male,44,Pune,Gujarat,2024-07-09,Corporate
CUST09110,Customer_09110,Female,42,Bengaluru,Maharashtra,2025-07-07,Consumer
CUST09111,Customer_09111,Female,39,Chennai,Telangana,2024-06-07,Consumer
CUST09112,Customer_09112,Female,65,Bengaluru,Maharashtra,2024-06-09,Corporate
CUST09113,Customer_09113,Female,30,Mumbai,West Bengal,2025-12-04,Corporate
CUST09114,Customer_09114,Male,34,Mumbai,Delhi,2023-01-24,Consumer
CUST09115,Customer_09115,Male,58,Hyderabad,Telangana,2025-02-01,Consumer
CUST09116,Customer_09116,Male,61,Ahmedabad,West Bengal,2023-08-30,Consumer
CUST09117,Customer_09117,Female,30,Delhi,Maharashtra,2023-07-22,Corporate
CUST09118,Customer_09118,Other,43,Pune,Telangana,2023-08-25,Corporate
CUST09119,Customer_09119,Female,26,Kolkata,Delhi,2025-08-08,Consumer
CUST09120,Customer_09120,Female,22,Delhi,Telangana,2025-10-18,Corporate
CUST09121,Customer_09121,Female,56,Kolkata,Maharashtra,2023-10-21,Premium
CUST09122,Customer_09122,Male,50,Kolkata,Telangana,2023-07-29,Consumer
CUST09123,Customer_09123,Female,21,Kolkata,Gujarat,2025-02-26,Consumer
CUST09124,Customer_09124,Female,45,Chennai,Karnataka,2025-10-22,Consumer
CUST09125,Customer_09125,Male,43,Bengaluru,Maharashtra,2023-08-17,Consumer
CUST09126,Customer_09126,Female,21,Mumbai,Delhi,2024-02-14,Consumer
CUST09127,Customer_09127,Male,33,Delhi,Tamil Nadu,2025-02-08,Consumer
CUST09128,Customer_09128,Female,54,Ahmedabad,Telangana,2025-08-20,Premium
CUST09129,Customer_09129,Female,39,Kolkata,Gujarat,2024-04-02,Consumer
CUST09130,Customer_09130,Female,53,Mumbai,Telangana,2024-07-07,Corporate
CUST09131,Customer_09131,Male,55,Kolkata,Maharashtra,2023-08-01,Corporate
CUST09132,Customer_09132,Female,52,Pune,Gujarat,2024-01-21,Corporate
CUST09133,Customer_09133,Female,42,Chennai,Maharashtra,2024-06-11,Consumer
CUST09134,Customer_09134,Male,25,Ahmedabad,Karnataka,2025-09-16,Consumer
CUST09135,Customer_09135,Female,34,Pune,Delhi,2023-04-12,Consumer
CUST09136,Customer_09136,Female,35,Pune,Gujarat,2024-01-25,Corporate
CUST09137,Customer_09137,Female,67,Chennai,Gujarat,2025-04-20,Consumer
CUST09138,Customer_09138,Male,29,Bengaluru,Telangana,2023-08-23,Consumer
CUST09139,Customer_09139,Male,50,Ahmedabad,Telangana,2023-04-24,Consumer
CUST09140,Customer_09140,Female,40,Pune,Tamil Nadu,2025-09-08,Consumer
CUST09141,Customer_09141,Male,29,Delhi,West Bengal,2025-12-26,Consumer
CUST09142,Customer_09142,Male,28,Kolkata,Gujarat,2025-03-19,Corporate
CUST09143,Customer_09143,Female,30,Chennai,Telangana,2025-11-29,Corporate
CUST09144,Customer_09144,Female,52,Chennai,Telangana,2023-04-13,Consumer
CUST09145,Customer_09145,Female,44,Kolkata,West Bengal,2024-02-15,Consumer
CUST09146,Customer_09146,Male,42,Mumbai,Karnataka,2025-03-18,Corporate
CUST09147,Customer_09147,Male,57,Hyderabad,Tamil Nadu,2025-11-26,Consumer
CUST09148,Customer_09148,Male,20,Ahmedabad,West Bengal,2023-03-08,Consumer
CUST09149,Customer_09149,Male,66,Pune,Telangana,2024-02-07,Corporate
CUST09150,Customer_09150,Female,42,Delhi,Telangana,2023-07-25,Corporate
CUST09151,Customer_09151,Female,62,Bengaluru,Delhi,2023-12-07,Consumer
CUST09152,Customer_09152,Female,27,Pune,Gujarat,2025-12-11,Consumer
CUST09153,Customer_09153,Male,34,Kolkata,Telangana,2024-03-01,Consumer
CUST09154,Customer_09154,Female,20,Bengaluru,Karnataka,2025-08-13,Consumer
CUST09155,Customer_09155,Male,62,Mumbai,Telangana,2023-07-28,Consumer
CUST09156,Customer_09156,Male,39,Pune,Gujarat,2024-11-06,Consumer
CUST09157,Customer_09157,Female,55,Bengaluru,Telangana,2025-11-11,Consumer
CUST09158,Customer_09158,Female,31,Pune,West Bengal,2024-01-04,Consumer
CUST09159,Customer_09159,Female,44,Chennai,Maharashtra,2025-09-20,Consumer
CUST09160,Customer_09160,Male,59,Pune,Telangana,2023-03-23,Consumer
CUST09161,Customer_09161,Female,37,Delhi,Tamil Nadu,2024-01-12,Consumer
CUST09162,Customer_09162,Female,65,Pune,Gujarat,2023-01-03,Premium
CUST09163,Customer_09163,Female,35,Bengaluru,Gujarat,2024-11-14,Consumer
CUST09164,Customer_09164,Male,30,Delhi,Maharashtra,2025-02-02,Corporate
CUST09165,Customer_09165,Female,59,Bengaluru,Tamil Nadu,2023-09-23,Consumer
CUST09166,Customer_09166,Female,23,Ahmedabad,Tamil Nadu,2024-03-10,Premium
CUST09167,Customer_09167,Female,27,Kolkata,Gujarat,2024-11-12,Consumer
CUST09168,Customer_09168,Male,54,Kolkata,Karnataka,2024-12-25,Consumer
CUST09169,Customer_09169,Male,46,Hyderabad,Telangana,2025-03-03,Premium
CUST09170,Customer_09170,Male,23,Hyderabad,Tamil Nadu,2024-01-11,Corporate
CUST09171,Customer_09171,Male,56,Delhi,Telangana,2024-01-01,Premium
CUST09172,Customer_09172,Female,28,Kolkata,Telangana,2025-02-05,Consumer
CUST09173,Customer_09173,Male,65,Hyderabad,West Bengal,2024-03-03,Consumer
CUST09174,Customer_09174,Male,42,Hyderabad,Karnataka,2025-10-28,Consumer
CUST09175,Customer_09175,Male,61,Chennai,Karnataka,2025-11-30,Premium
CUST09176,Customer_09176,Male,61,Bengaluru,Tamil Nadu,2024-10-04,Consumer
CUST09177,Customer_09177,Male,47,Hyderabad,Tamil Nadu,2024-07-17,Consumer
CUST09178,Customer_09178,Female,37,Delhi,Gujarat,2023-09-01,Consumer
CUST09179,Customer_09179,Female,54,Chennai,West Bengal,2025-04-24,Consumer
CUST09180,Customer_09180,Male,33,Kolkata,West Bengal,2025-07-27,Consumer
CUST09181,Customer_09181,Male,48,Hyderabad,Maharashtra,2023-10-30,Consumer
CUST09182,Customer_09182,Male,46,Pune,Telangana,2024-01-05,Consumer
CUST09183,Customer_09183,Male,23,Kolkata,Gujarat,2025-04-30,Consumer
CUST09184,Customer_09184,Female,46,Delhi,Telangana,2023-10-02,Consumer
CUST09185,Customer_09185,Female,49,Bengaluru,Karnataka,2023-03-11,Corporate
CUST09186,Customer_09186,Female,26,Ahmedabad,Karnataka,2023-02-16,Consumer
CUST09187,Customer_09187,Female,54,Kolkata,West Bengal,2023-04-27,Consumer
CUST09188,Customer_09188,Male,40,Pune,Gujarat,2024-05-31,Consumer
CUST09189,Customer_09189,Female,33,Kolkata,Tamil Nadu,2025-04-11,Corporate
CUST09190,Customer_09190,Female,35,Hyderabad,Maharashtra,2024-09-10,Consumer
CUST09191,Customer_09191,Female,36,Delhi,West Bengal,2025-01-25,Consumer
CUST09192,Customer_09192,Male,61,Pune,Maharashtra,2025-08-17,Consumer
CUST09193,Customer_09193,Female,19,Ahmedabad,Karnataka,2023-02-05,Consumer
CUST09194,Customer_09194,Female,27,Delhi,Karnataka,2025-06-23,Consumer
CUST09195,Customer_09195,Female,29,Mumbai,Maharashtra,2024-02-11,Consumer
CUST09196,Customer_09196,Male,63,Kolkata,Maharashtra,2024-02-16,Corporate
CUST09197,Customer_09197,Female,35,Pune,Tamil Nadu,2024-05-02,Consumer
CUST09198,Customer_09198,Female,36,Delhi,Maharashtra,2025-02-17,Consumer
CUST09199,Customer_09199,Female,55,Pune,Telangana,2025-04-11,Corporate
CUST09200,Customer_09200,Female,54,Mumbai,Maharashtra,2024-10-05,Corporate
CUST09201,Customer_09201,Female,44,Bengaluru,Delhi,2024-02-17,Consumer
CUST09202,Customer_09202,Male,65,Ahmedabad,Maharashtra,2023-05-04,Consumer
CUST09203,Customer_09203,Female,31,Bengaluru,Karnataka,2025-10-02,Premium
CUST09204,Customer_09204,Male,62,Kolkata,Karnataka,2024-10-14,Corporate
CUST09205,Customer_09205,Female,51,Chennai,West Bengal,2023-08-20,Premium
CUST09206,Customer_09206,Male,19,Pune,Delhi,2024-03-08,Corporate
CUST09207,Customer_09207,Female,61,Mumbai,Telangana,2024-05-05,Consumer
CUST09208,Customer_09208,Female,50,Ahmedabad,Maharashtra,2023-03-27,Consumer
CUST09209,Customer_09209,Female,36,Delhi,Maharashtra,2025-11-19,Premium
CUST09210,Customer_09210,Female,44,Chennai,Delhi,2025-05-24,Corporate
CUST09211,Customer_09211,Female,65,Pune,West Bengal,2023-06-05,Consumer
CUST09212,Customer_09212,Female,47,Chennai,Tamil Nadu,2025-01-26,Consumer
CUST09213,Customer_09213,Male,24,Ahmedabad,Tamil Nadu,2025-06-16,Consumer
CUST09214,Customer_09214,Male,44,Pune,West Bengal,2024-06-15,Premium
CUST09215,Customer_09215,Male,38,Kolkata,Telangana,2023-06-01,Consumer
CUST09216,Customer_09216,Male,24,Kolkata,Maharashtra,2023-06-21,Consumer
CUST09217,Customer_09217,Female,65,Bengaluru,Maharashtra,2025-01-31,Premium
CUST09218,Customer_09218,Female,42,Delhi,Maharashtra,2024-11-23,Consumer
CUST09219,Customer_09219,Female,55,Mumbai,West Bengal,2023-07-14,Consumer
CUST09220,Customer_09220,Male,35,Kolkata,Karnataka,2023-04-10,Consumer
CUST09221,Customer_09221,Male,50,Bengaluru,Gujarat,2025-09-28,Consumer
CUST09222,Customer_09222,Female,50,Chennai,Tamil Nadu,2025-06-27,Consumer
CUST09223,Customer_09223,Female,49,Hyderabad,West Bengal,2024-03-03,Consumer
CUST09224,Customer_09224,Male,42,Kolkata,Gujarat,2024-08-09,Consumer
CUST09225,Customer_09225,Female,31,Chennai,Delhi,2025-07-08,Consumer
CUST09226,Customer_09226,Female,55,Ahmedabad,Gujarat,2023-09-13,Corporate
CUST09227,Customer_09227,Male,55,Hyderabad,Karnataka,2024-12-21,Corporate
CUST09228,Customer_09228,Female,21,Pune,Karnataka,2024-02-08,Consumer
CUST09229,Customer_09229,Male,61,Bengaluru,Tamil Nadu,2025-08-17,Consumer
CUST09230,Customer_09230,Female,35,Pune,Maharashtra,2024-08-02,Corporate
CUST09231,Customer_09231,Male,27,Mumbai,Telangana,2025-12-13,Consumer
CUST09232,Customer_09232,Male,52,Delhi,Gujarat,2024-02-11,Corporate
CUST09233,Customer_09233,Female,52,Kolkata,West Bengal,2023-08-30,Consumer
CUST09234,Customer_09234,Male,57,Hyderabad,West Bengal,2023-02-16,Consumer
CUST09235,Customer_09235,Female,40,Kolkata,Delhi,2023-04-25,Consumer
CUST09236,Customer_09236,Male,42,Delhi,Tamil Nadu,2025-10-13,Consumer
CUST09237,Customer_09237,Male,18,Pune,Telangana,2025-03-16,Consumer
CUST09238,Customer_09238,Male,35,Bengaluru,Tamil Nadu,2023-05-10,Consumer
CUST09239,Customer_09239,Female,32,Bengaluru,Tamil Nadu,2025-09-20,Premium
CUST09240,Customer_09240,Female,42,Pune,Tamil Nadu,2024-05-09,Corporate
CUST09241,Customer_09241,Male,49,Pune,Tamil Nadu,2023-03-23,Corporate
CUST09242,Customer_09242,Female,37,Bengaluru,Maharashtra,2025-08-22,Corporate
CUST09243,Customer_09243,Female,34,Mumbai,West Bengal,2024-10-30,Consumer
CUST09244,Customer_09244,Female,28,Hyderabad,Karnataka,2025-11-14,Corporate
CUST09245,Customer_09245,Female,30,Delhi,West Bengal,2025-03-19,Corporate
CUST09246,Customer_09246,Female,42,Chennai,West Bengal,2025-11-30,Consumer
CUST09247,Customer_09247,Male,37,Kolkata,Gujarat,2024-03-20,Consumer
CUST09248,Customer_09248,Male,42,Pune,Tamil Nadu,2025-05-18,Consumer
CUST09249,Customer_09249,Male,59,Pune,Telangana,2024-07-14,Consumer
CUST09250,Customer_09250,Male,62,Kolkata,Gujarat,2023-02-26,Consumer
CUST09251,Customer_09251,Male,66,Bengaluru,Telangana,2023-01-06,Consumer
CUST09252,Customer_09252,Female,48,Delhi,Telangana,2025-08-02,Corporate
CUST09253,Customer_09253,Male,18,Delhi,Karnataka,2024-08-01,Consumer
CUST09254,Customer_09254,Male,69,Mumbai,Karnataka,2025-07-03,Corporate
CUST09255,Customer_09255,Female,33,Hyderabad,Telangana,2023-06-11,Consumer
CUST09256,Customer_09256,Male,65,Mumbai,Maharashtra,2025-02-13,Consumer
CUST09257,Customer_09257,Male,45,Ahmedabad,Karnataka,2023-02-26,Consumer
CUST09258,Customer_09258,Male,38,Mumbai,Karnataka,2024-06-11,Consumer
CUST09259,Customer_09259,Female,47,Ahmedabad,Maharashtra,2025-12-18,Consumer
CUST09260,Customer_09260,Male,20,Delhi,Tamil Nadu,2024-06-29,Consumer
CUST09261,Customer_09261,Male,51,Hyderabad,Karnataka,2023-02-15,Consumer
CUST09262,Customer_09262,Female,23,Hyderabad,Gujarat,2025-07-21,Premium
CUST09263,Customer_09263,Female,60,Ahmedabad,Telangana,2025-03-21,Consumer
CUST09264,Customer_09264,Female,46,Hyderabad,Telangana,2023-02-16,Consumer
CUST09265,Customer_09265,Female,20,Kolkata,Maharashtra,2023-09-09,Consumer
CUST09266,Customer_09266,Male,50,Bengaluru,Telangana,2023-06-15,Consumer
CUST09267,Customer_09267,Male,28,Hyderabad,West Bengal,2024-01-03,Corporate
CUST09268,Customer_09268,Male,62,Delhi,Delhi,2024-08-04,Premium
CUST09269,Customer_09269,Male,22,Kolkata,Telangana,2024-07-25,Corporate
CUST09270,Customer_09270,Male,67,Bengaluru,Maharashtra,2023-12-14,Corporate
CUST09271,Customer_09271,Male,49,Chennai,Maharashtra,2025-04-24,Consumer
CUST09272,Customer_09272,Female,64,Ahmedabad,Maharashtra,2024-09-09,Consumer
CUST09273,Customer_09273,Female,35,Pune,West Bengal,2024-05-11,Corporate
CUST09274,Customer_09274,Male,64,Mumbai,Gujarat,2024-11-26,Consumer
CUST09275,Customer_09275,Female,37,Hyderabad,Delhi,2024-05-25,Corporate
CUST09276,Customer_09276,Male,69,Ahmedabad,West Bengal,2024-03-27,Consumer
CUST09277,Customer_09277,Male,69,Chennai,Karnataka,2024-06-26,Consumer
CUST09278,Customer_09278,Female,56,Hyderabad,Tamil Nadu,2023-08-04,Consumer
CUST09279,Customer_09279,Male,66,Mumbai,Telangana,2024-04-14,Corporate
CUST09280,Customer_09280,Male,57,Delhi,Gujarat,2025-05-02,Premium
CUST09281,Customer_09281,Male,45,Delhi,Karnataka,2023-10-31,Corporate
CUST09282,Customer_09282,Female,30,Mumbai,Maharashtra,2023-10-25,Consumer
CUST09283,Customer_09283,Female,43,Chennai,Karnataka,2023-10-13,Consumer
CUST09284,Customer_09284,Male,33,Ahmedabad,West Bengal,2025-10-08,Consumer
CUST09285,Customer_09285,Female,42,Bengaluru,Karnataka,2023-05-06,Consumer
CUST09286,Customer_09286,Female,27,Pune,Delhi,2023-02-20,Consumer
CUST09287,Customer_09287,Female,46,Pune,Maharashtra,2025-12-10,Consumer
CUST09288,Customer_09288,Female,63,Ahmedabad,Gujarat,2024-04-15,Consumer
CUST09289,Customer_09289,Male,55,Pune,Gujarat,2024-10-31,Corporate
CUST09290,Customer_09290,Male,37,Bengaluru,Maharashtra,2024-03-13,Corporate
CUST09291,Customer_09291,Female,43,Hyderabad,Telangana,2025-04-30,Corporate
CUST09292,Customer_09292,Female,49,Ahmedabad,Gujarat,2023-12-08,Consumer
CUST09293,Customer_09293,Female,56,Mumbai,Gujarat,2025-01-18,Consumer
CUST09294,Customer_09294,Female,55,Mumbai,Telangana,2024-06-07,Consumer
CUST09295,Customer_09295,Female,66,Bengaluru,Telangana,2024-10-16,Consumer
CUST09296,Customer_09296,Female,41,Chennai,West Bengal,2024-05-20,Corporate
CUST09297,Customer_09297,Female,48,Pune,Gujarat,2024-02-03,Corporate
CUST09298,Customer_09298,Female,57,Ahmedabad,Gujarat,2025-06-24,Premium
CUST09299,Customer_09299,Female,29,Kolkata,Gujarat,2023-03-02,Consumer
CUST09300,Customer_09300,Male,53,Mumbai,Telangana,2023-11-09,Consumer
CUST09301,Customer_09301,Male,27,Ahmedabad,Gujarat,2023-09-22,Consumer
CUST09302,Customer_09302,Female,23,Delhi,Karnataka,2025-11-18,Corporate
CUST09303,Customer_09303,Female,24,Delhi,Karnataka,2024-12-12,Corporate
CUST09304,Customer_09304,Female,48,Kolkata,Telangana,2025-07-01,Consumer
CUST09305,Customer_09305,Female,44,Mumbai,Telangana,2023-12-05,Consumer
CUST09306,Customer_09306,Male,25,Pune,Telangana,2023-03-30,Consumer
CUST09307,Customer_09307,Male,20,Pune,Tamil Nadu,2023-11-28,Corporate
CUST09308,Customer_09308,Female,57,Pune,Telangana,2023-06-01,Consumer
CUST09309,Customer_09309,Male,64,Chennai,West Bengal,2024-12-08,Consumer
CUST09310,Customer_09310,Male,38,Delhi,Tamil Nadu,2023-05-06,Corporate
CUST09311,Customer_09311,Male,18,Chennai,Telangana,2025-12-02,Consumer
CUST09312,Customer_09312,Male,62,Bengaluru,Maharashtra,2024-02-25,Corporate
CUST09313,Customer_09313,Female,67,Hyderabad,Delhi,2023-09-10,Corporate
CUST09314,Customer_09314,Male,32,Pune,Gujarat,2025-09-25,Consumer
CUST09315,Customer_09315,Female,24,Bengaluru,Gujarat,2023-10-20,Consumer
CUST09316,Customer_09316,Male,32,Hyderabad,Karnataka,2023-06-18,Corporate
CUST09317,Customer_09317,Female,42,Kolkata,Maharashtra,2025-01-03,Consumer
CUST09318,Customer_09318,Male,20,Delhi,Delhi,2023-01-16,Consumer
CUST09319,Customer_09319,Female,47,Hyderabad,Gujarat,2023-02-06,Corporate
CUST09320,Customer_09320,Female,31,Ahmedabad,Gujarat,2023-10-23,Consumer
CUST09321,Customer_09321,Male,69,Hyderabad,Tamil Nadu,2024-03-10,Consumer
CUST09322,Customer_09322,Female,21,Mumbai,Karnataka,2023-11-16,Corporate
CUST09323,Customer_09323,Female,53,Hyderabad,Tamil Nadu,2024-06-17,Premium
CUST09324,Customer_09324,Male,20,Mumbai,West Bengal,2024-07-27,Consumer
CUST09325,Customer_09325,Male,22,Hyderabad,West Bengal,2025-07-11,Corporate
CUST09326,Customer_09326,Female,42,Mumbai,Tamil Nadu,2025-11-05,Consumer
CUST09327,Customer_09327,Female,48,Delhi,Karnataka,2025-09-07,Consumer
CUST09328,Customer_09328,Male,28,Delhi,Delhi,2024-01-30,Consumer
CUST09329,Customer_09329,Male,25,Ahmedabad,Karnataka,2023-10-04,Consumer
CUST09330,Customer_09330,Female,43,Hyderabad,Telangana,2024-10-10,Corporate
CUST09331,Customer_09331,Female,19,Kolkata,Tamil Nadu,2023-10-10,Consumer
CUST09332,Customer_09332,Female,45,Kolkata,Telangana,2025-09-25,Consumer
CUST09333,Customer_09333,Male,65,Chennai,Karnataka,2023-03-27,Corporate
CUST09334,Customer_09334,Female,27,Kolkata,Karnataka,2023-07-26,Consumer
CUST09335,Customer_09335,Male,67,Ahmedabad,Gujarat,2024-07-16,Corporate
CUST09336,Customer_09336,Male,56,Delhi,West Bengal,2024-04-21,Consumer
CUST09337,Customer_09337,Female,54,Bengaluru,Delhi,2024-08-14,Corporate
CUST09338,Customer_09338,Female,56,Kolkata,Tamil Nadu,2023-05-11,Consumer
CUST09339,Customer_09339,Male,38,Bengaluru,West Bengal,2024-02-04,Consumer
CUST09340,Customer_09340,Male,45,Mumbai,Maharashtra,2023-05-16,Consumer
CUST09341,Customer_09341,Female,55,Chennai,Karnataka,2023-06-19,Corporate
CUST09342,Customer_09342,Female,50,Ahmedabad,Gujarat,2025-08-26,Premium
CUST09343,Customer_09343,Female,28,Ahmedabad,Maharashtra,2023-07-18,Consumer
CUST09344,Customer_09344,Female,62,Pune,Tamil Nadu,2025-01-08,Consumer
CUST09345,Customer_09345,Male,61,Mumbai,Telangana,2025-12-07,Consumer
CUST09346,Customer_09346,Other,18,Hyderabad,Tamil Nadu,2025-02-03,Consumer
CUST09347,Customer_09347,Female,64,Kolkata,West Bengal,2023-04-13,Consumer
CUST09348,Customer_09348,Female,50,Ahmedabad,Delhi,2024-07-01,Premium
CUST09349,Customer_09349,Female,20,Delhi,Maharashtra,2023-01-06,Consumer
CUST09350,Customer_09350,Female,43,Chennai,Gujarat,2024-12-11,Consumer
CUST09351,Customer_09351,Male,32,Mumbai,West Bengal,2023-01-12,Consumer
CUST09352,Customer_09352,Male,58,Mumbai,Maharashtra,2023-04-13,Consumer
CUST09353,Customer_09353,Female,31,Bengaluru,Telangana,2024-11-29,Consumer
CUST09354,Customer_09354,Male,40,Hyderabad,West Bengal,2024-03-02,Corporate
CUST09355,Customer_09355,Male,25,Mumbai,Gujarat,2023-06-20,Consumer
CUST09356,Customer_09356,Female,53,Ahmedabad,Telangana,2023-03-30,Consumer
CUST09357,Customer_09357,Female,37,Bengaluru,Karnataka,2024-12-16,Consumer
CUST09358,Customer_09358,Male,69,Chennai,West Bengal,2025-05-04,Corporate
CUST09359,Customer_09359,Female,23,Mumbai,Tamil Nadu,2024-08-22,Corporate
CUST09360,Customer_09360,Female,50,Pune,West Bengal,2024-03-01,Premium
CUST09361,Customer_09361,Female,45,Pune,West Bengal,2025-10-07,Consumer
CUST09362,Customer_09362,Female,67,Bengaluru,Delhi,2025-09-22,Consumer
CUST09363,Customer_09363,Male,55,Pune,Karnataka,2023-06-27,Consumer
CUST09364,Customer_09364,Male,47,Ahmedabad,Tamil Nadu,2024-07-16,Consumer
CUST09365,Customer_09365,Male,63,Hyderabad,Telangana,2024-02-22,Consumer
CUST09366,Customer_09366,Female,60,Ahmedabad,Delhi,2024-07-07,Consumer
CUST09367,Customer_09367,Female,34,Delhi,Telangana,2023-08-30,Consumer
CUST09368,Customer_09368,Female,26,Pune,Gujarat,2024-02-12,Consumer
CUST09369,Customer_09369,Female,45,Ahmedabad,Telangana,2025-11-07,Consumer
CUST09370,Customer_09370,Female,24,Chennai,Maharashtra,2025-12-06,Consumer
CUST09371,Customer_09371,Female,63,Mumbai,Tamil Nadu,2025-04-01,Corporate
CUST09372,Customer_09372,Male,45,Ahmedabad,Karnataka,2024-06-13,Consumer
CUST09373,Customer_09373,Male,34,Bengaluru,West Bengal,2024-05-14,Corporate
CUST09374,Customer_09374,Female,57,Mumbai,Maharashtra,2023-07-11,Consumer
CUST09375,Customer_09375,Male,65,Delhi,Gujarat,2023-02-18,Consumer
CUST09376,Customer_09376,Male,61,Ahmedabad,Tamil Nadu,2023-04-04,Corporate
CUST09377,Customer_09377,Female,61,Mumbai,Gujarat,2025-07-19,Consumer
CUST09378,Customer_09378,Male,22,Mumbai,Tamil Nadu,2023-06-16,Premium
CUST09379,Customer_09379,Female,22,Bengaluru,Tamil Nadu,2023-09-11,Consumer
CUST09380,Customer_09380,Male,31,Ahmedabad,Delhi,2023-02-26,Consumer
CUST09381,Customer_09381,Male,23,Delhi,Maharashtra,2023-01-06,Consumer
CUST09382,Customer_09382,Male,24,Chennai,Karnataka,2023-08-26,Consumer
CUST09383,Customer_09383,Female,34,Bengaluru,Maharashtra,2025-01-02,Corporate
CUST09384,Customer_09384,Male,26,Kolkata,Gujarat,2024-08-12,Consumer
CUST09385,Customer_09385,Female,48,Delhi,Telangana,2023-01-20,Consumer
CUST09386,Customer_09386,Female,39,Delhi,Gujarat,2025-02-15,Consumer
CUST09387,Customer_09387,Female,62,Mumbai,Tamil Nadu,2023-05-22,Corporate
CUST09388,Customer_09388,Male,26,Hyderabad,Telangana,2024-01-11,Consumer
CUST09389,Customer_09389,Male,33,Hyderabad,Maharashtra,2024-02-11,Consumer
CUST09390,Customer_09390,Female,53,Ahmedabad,Karnataka,2025-03-26,Consumer
CUST09391,Customer_09391,Female,51,Chennai,Telangana,2023-03-21,Consumer
CUST09392,Customer_09392,Other,62,Mumbai,Telangana,2023-07-29,Consumer
CUST09393,Customer_09393,Male,30,Hyderabad,West Bengal,2025-02-06,Corporate
CUST09394,Customer_09394,Female,36,Bengaluru,Delhi,2024-01-12,Premium
CUST09395,Customer_09395,Male,29,Ahmedabad,Maharashtra,2023-02-09,Premium
CUST09396,Customer_09396,Male,53,Chennai,Telangana,2024-03-28,Consumer
CUST09397,Customer_09397,Male,27,Mumbai,Maharashtra,2024-12-14,Consumer
CUST09398,Customer_09398,Male,33,Pune,Karnataka,2023-03-27,Consumer
CUST09399,Customer_09399,Male,45,Bengaluru,Telangana,2023-08-24,Consumer
CUST09400,Customer_09400,Male,36,Hyderabad,Karnataka,2024-10-05,Corporate
CUST09401,Customer_09401,Female,57,Hyderabad,Gujarat,2024-10-28,Consumer
CUST09402,Customer_09402,Male,23,Hyderabad,Telangana,2023-12-27,Consumer
CUST09403,Customer_09403,Female,21,Hyderabad,West Bengal,2025-05-17,Corporate
CUST09404,Customer_09404,Male,47,Delhi,Tamil Nadu,2025-01-19,Consumer
CUST09405,Customer_09405,Male,56,Pune,Delhi,2023-06-24,Consumer
CUST09406,Customer_09406,Male,48,Chennai,Delhi,2025-04-07,Consumer
CUST09407,Customer_09407,Male,63,Chennai,Delhi,2025-03-14,Consumer
CUST09408,Customer_09408,Female,44,Hyderabad,Karnataka,2023-03-02,Consumer
CUST09409,Customer_09409,Male,62,Chennai,Maharashtra,2025-02-13,Consumer
CUST09410,Customer_09410,Female,38,Pune,West Bengal,2024-02-18,Consumer
CUST09411,Customer_09411,Male,54,Bengaluru,Delhi,2023-04-26,Consumer
CUST09412,Customer_09412,Female,26,Bengaluru,Gujarat,2025-10-25,Consumer
CUST09413,Customer_09413,Female,52,Kolkata,Telangana,2024-11-28,Corporate
CUST09414,Customer_09414,Male,59,Chennai,Telangana,2025-03-10,Consumer
CUST09415,Customer_09415,Male,64,Hyderabad,Tamil Nadu,2024-09-18,Consumer
CUST09416,Customer_09416,Male,69,Mumbai,Karnataka,2024-02-28,Consumer
CUST09417,Customer_09417,Female,38,Pune,Telangana,2024-06-06,Consumer
CUST09418,Customer_09418,Male,34,Hyderabad,Telangana,2023-06-24,Consumer
CUST09419,Customer_09419,Female,41,Delhi,West Bengal,2025-06-16,Consumer
CUST09420,Customer_09420,Female,48,Ahmedabad,Tamil Nadu,2025-09-13,Premium
CUST09421,Customer_09421,Female,23,Mumbai,Tamil Nadu,2024-01-09,Consumer
CUST09422,Customer_09422,Female,52,Pune,Maharashtra,2024-09-23,Corporate
CUST09423,Customer_09423,Female,67,Delhi,Maharashtra,2023-08-25,Premium
CUST09424,Customer_09424,Male,54,Chennai,Maharashtra,2025-10-06,Consumer
CUST09425,Customer_09425,Female,30,Delhi,Telangana,2025-08-25,Consumer
CUST09426,Customer_09426,Female,42,Chennai,Tamil Nadu,2024-03-18,Corporate
CUST09427,Customer_09427,Male,49,Delhi,Gujarat,2025-11-27,Consumer
CUST09428,Customer_09428,Female,18,Mumbai,Karnataka,2025-02-22,Premium
CUST09429,Customer_09429,Male,66,Delhi,Maharashtra,2025-10-16,Corporate
CUST09430,Customer_09430,Female,52,Hyderabad,Gujarat,2025-06-05,Corporate
CUST09431,Customer_09431,Female,36,Chennai,Delhi,2025-04-25,Consumer
CUST09432,Customer_09432,Male,69,Bengaluru,Telangana,2025-04-21,Consumer
CUST09433,Customer_09433,Female,29,Delhi,Karnataka,2024-09-26,Corporate
CUST09434,Customer_09434,Male,57,Chennai,Telangana,2023-06-05,Consumer
CUST09435,Customer_09435,Male,57,Bengaluru,Gujarat,2024-12-29,Consumer
CUST09436,Customer_09436,Male,64,Chennai,Maharashtra,2025-03-23,Corporate
CUST09437,Customer_09437,Female,60,Ahmedabad,Gujarat,2024-10-01,Consumer
CUST09438,Customer_09438,Male,37,Kolkata,Gujarat,2025-11-30,Corporate
CUST09439,Customer_09439,Male,50,Chennai,West Bengal,2023-07-05,Consumer
CUST09440,Customer_09440,Female,46,Ahmedabad,Telangana,2024-04-05,Corporate
CUST09441,Customer_09441,Male,33,Bengaluru,Maharashtra,2024-06-29,Consumer
CUST09442,Customer_09442,Male,31,Bengaluru,Telangana,2024-11-29,Corporate
CUST09443,Customer_09443,Male,24,Mumbai,Maharashtra,2023-11-03,Corporate
CUST09444,Customer_09444,Male,23,Pune,West Bengal,2025-08-02,Premium
CUST09445,Customer_09445,Male,38,Kolkata,Tamil Nadu,2023-05-17,Consumer
CUST09446,Customer_09446,Male,53,Delhi,Tamil Nadu,2025-06-11,Corporate
CUST09447,Customer_09447,Female,39,Delhi,West Bengal,2024-10-16,Premium
CUST09448,Customer_09448,Female,57,Kolkata,West Bengal,2024-09-12,Consumer
CUST09449,Customer_09449,Male,36,Chennai,West Bengal,2023-06-06,Consumer
CUST09450,Customer_09450,Male,42,Kolkata,West Bengal,2023-06-30,Corporate
CUST09451,Customer_09451,Male,20,Hyderabad,Tamil Nadu,2024-02-13,Consumer
CUST09452,Customer_09452,Female,53,Ahmedabad,Tamil Nadu,2025-05-02,Consumer
CUST09453,Customer_09453,Male,62,Hyderabad,West Bengal,2025-09-03,Consumer
CUST09454,Customer_09454,Male,51,Pune,Tamil Nadu,2025-11-17,Consumer
CUST09455,Customer_09455,Female,28,Chennai,Delhi,2025-05-20,Corporate
CUST09456,Customer_09456,Male,65,Mumbai,Telangana,2024-09-03,Premium
CUST09457,Customer_09457,Male,59,Bengaluru,Gujarat,2023-03-10,Corporate
CUST09458,Customer_09458,Female,64,Chennai,West Bengal,2024-08-24,Consumer
CUST09459,Customer_09459,Female,44,Ahmedabad,Tamil Nadu,2023-01-17,Consumer
CUST09460,Customer_09460,Male,59,Delhi,Delhi,2025-04-28,Consumer
CUST09461,Customer_09461,Female,19,Hyderabad,West Bengal,2025-05-28,Consumer
CUST09462,Customer_09462,Male,23,Ahmedabad,Delhi,2025-04-14,Premium
CUST09463,Customer_09463,Female,63,Hyderabad,Telangana,2024-06-29,Corporate
CUST09464,Customer_09464,Male,19,Hyderabad,Telangana,2023-03-01,Consumer
CUST09465,Customer_09465,Female,59,Mumbai,Maharashtra,2023-07-03,Corporate
CUST09466,Customer_09466,Female,34,Delhi,Maharashtra,2025-04-17,Consumer
CUST09467,Customer_09467,Female,57,Mumbai,Tamil Nadu,2025-10-18,Corporate
CUST09468,Customer_09468,Female,65,Bengaluru,Karnataka,2025-01-22,Consumer
CUST09469,Customer_09469,Female,31,Chennai,Maharashtra,2024-12-23,Corporate
CUST09470,Customer_09470,Male,27,Chennai,Karnataka,2023-11-26,Consumer
CUST09471,Customer_09471,Male,62,Kolkata,Gujarat,2025-02-19,Consumer
CUST09472,Customer_09472,Female,50,Hyderabad,Maharashtra,2025-10-25,Consumer
CUST09473,Customer_09473,Female,59,Kolkata,Gujarat,2024-02-06,Premium
CUST09474,Customer_09474,Male,29,Hyderabad,Delhi,2024-09-19,Consumer
CUST09475,Customer_09475,Female,49,Bengaluru,Delhi,2023-07-22,Consumer
CUST09476,Customer_09476,Female,66,Ahmedabad,Gujarat,2025-11-26,Consumer
CUST09477,Customer_09477,Female,41,Mumbai,Delhi,2023-02-23,Consumer
CUST09478,Customer_09478,Female,31,Pune,Gujarat,2023-10-15,Corporate
CUST09479,Customer_09479,Male,22,Pune,Karnataka,2025-12-04,Consumer
CUST09480,Customer_09480,Male,68,Pune,Tamil Nadu,2023-10-11,Consumer
CUST09481,Customer_09481,Male,22,Delhi,Gujarat,2025-04-12,Consumer
CUST09482,Customer_09482,Male,64,Bengaluru,Maharashtra,2024-08-04,Consumer
CUST09483,Customer_09483,Female,49,Chennai,Maharashtra,2023-02-11,Corporate
CUST09484,Customer_09484,Female,62,Chennai,Karnataka,2023-09-29,Premium
CUST09485,Customer_09485,Female,66,Mumbai,Gujarat,2025-07-05,Consumer
CUST09486,Customer_09486,Female,50,Kolkata,Delhi,2024-07-24,Consumer
CUST09487,Customer_09487,Male,63,Bengaluru,Tamil Nadu,2025-01-21,Consumer
CUST09488,Customer_09488,Male,21,Delhi,Maharashtra,2023-02-16,Consumer
CUST09489,Customer_09489,Male,47,Bengaluru,Tamil Nadu,2023-05-06,Consumer
CUST09490,Customer_09490,Male,58,Bengaluru,Tamil Nadu,2024-04-16,Consumer
CUST09491,Customer_09491,Female,34,Mumbai,Telangana,2025-03-21,Corporate
CUST09492,Customer_09492,Male,20,Ahmedabad,Tamil Nadu,2024-09-12,Consumer
CUST09493,Customer_09493,Male,30,Delhi,Gujarat,2024-11-07,Consumer
CUST09494,Customer_09494,Male,61,Pune,West Bengal,2024-01-05,Consumer
CUST09495,Customer_09495,Female,65,Chennai,Telangana,2025-02-09,Consumer
CUST09496,Customer_09496,Male,53,Ahmedabad,West Bengal,2024-08-10,Premium
CUST09497,Customer_09497,Female,35,Hyderabad,Karnataka,2023-01-07,Consumer
CUST09498,Customer_09498,Male,40,Kolkata,Delhi,2024-11-28,Consumer
CUST09499,Customer_09499,Female,52,Pune,Telangana,2023-03-06,Consumer
CUST09500,Customer_09500,Male,66,Delhi,West Bengal,2023-07-21,Consumer
CUST09501,Customer_09501,Female,50,Chennai,Tamil Nadu,2023-05-22,Consumer
CUST09502,Customer_09502,Female,68,Pune,Delhi,2025-03-27,Premium
CUST09503,Customer_09503,Female,53,Ahmedabad,Tamil Nadu,2023-08-05,Consumer
CUST09504,Customer_09504,Female,34,Ahmedabad,Tamil Nadu,2025-09-17,Premium
CUST09505,Customer_09505,Male,56,Mumbai,Telangana,2023-09-19,Corporate
CUST09506,Customer_09506,Male,51,Kolkata,Karnataka,2023-10-11,Consumer
CUST09507,Customer_09507,Male,29,Delhi,West Bengal,2023-04-12,Premium
CUST09508,Customer_09508,Female,22,Delhi,Tamil Nadu,2024-01-12,Consumer
CUST09509,Customer_09509,Male,65,Chennai,Gujarat,2023-07-25,Consumer
CUST09510,Customer_09510,Male,57,Chennai,Telangana,2025-11-02,Premium
CUST09511,Customer_09511,Female,44,Bengaluru,Gujarat,2025-01-30,Corporate
CUST09512,Customer_09512,Female,57,Ahmedabad,Gujarat,2023-01-10,Consumer
CUST09513,Customer_09513,Male,30,Bengaluru,West Bengal,2023-05-31,Consumer
CUST09514,Customer_09514,Female,43,Delhi,Tamil Nadu,2025-11-26,Consumer
CUST09515,Customer_09515,Female,31,Hyderabad,West Bengal,2025-02-14,Consumer
CUST09516,Customer_09516,Male,49,Mumbai,Gujarat,2025-10-25,Premium
CUST09517,Customer_09517,Male,28,Chennai,West Bengal,2025-06-08,Corporate
CUST09518,Customer_09518,Female,55,Bengaluru,Delhi,2024-02-07,Corporate
CUST09519,Customer_09519,Female,33,Mumbai,Karnataka,2025-07-27,Premium
CUST09520,Customer_09520,Male,39,Kolkata,Tamil Nadu,2025-03-21,Consumer
CUST09521,Customer_09521,Male,64,Pune,Gujarat,2025-11-24,Consumer
CUST09522,Customer_09522,Female,33,Pune,Karnataka,2024-05-13,Consumer
CUST09523,Customer_09523,Female,30,Ahmedabad,West Bengal,2024-05-26,Consumer
CUST09524,Customer_09524,Female,29,Delhi,Karnataka,2023-11-13,Consumer
CUST09525,Customer_09525,Male,35,Chennai,Delhi,2023-10-30,Consumer
CUST09526,Customer_09526,Male,46,Ahmedabad,Delhi,2023-03-23,Consumer
CUST09527,Customer_09527,Female,35,Pune,Maharashtra,2024-10-19,Corporate
CUST09528,Customer_09528,Male,63,Kolkata,Karnataka,2023-07-12,Consumer
CUST09529,Customer_09529,Other,19,Chennai,Tamil Nadu,2023-08-12,Consumer
CUST09530,Customer_09530,Female,19,Bengaluru,Delhi,2023-02-22,Corporate
CUST09531,Customer_09531,Male,20,Pune,Tamil Nadu,2025-10-11,Consumer
CUST09532,Customer_09532,Female,46,Hyderabad,Karnataka,2023-12-11,Corporate
CUST09533,Customer_09533,Male,25,Pune,Delhi,2025-09-13,Consumer
CUST09534,Customer_09534,Female,28,Chennai,Maharashtra,2024-10-02,Corporate
CUST09535,Customer_09535,Male,29,Hyderabad,Karnataka,2023-07-30,Consumer
CUST09536,Customer_09536,Male,49,Mumbai,Tamil Nadu,2025-05-13,Consumer
CUST09537,Customer_09537,Female,21,Pune,Maharashtra,2025-02-14,Consumer
CUST09538,Customer_09538,Female,26,Chennai,Karnataka,2025-07-03,Consumer
CUST09539,Customer_09539,Male,41,Pune,Delhi,2023-07-02,Consumer
CUST09540,Customer_09540,Female,66,Pune,Gujarat,2024-05-20,Corporate
CUST09541,Customer_09541,Male,33,Chennai,Karnataka,2023-01-12,Consumer
CUST09542,Customer_09542,Male,34,Hyderabad,Telangana,2023-04-03,Consumer
CUST09543,Customer_09543,Male,64,Bengaluru,Tamil Nadu,2023-11-26,Corporate
CUST09544,Customer_09544,Male,69,Kolkata,Delhi,2023-07-09,Corporate
CUST09545,Customer_09545,Male,39,Pune,Delhi,2025-05-15,Premium
CUST09546,Customer_09546,Male,24,Delhi,Telangana,2025-08-11,Consumer
CUST09547,Customer_09547,Male,27,Mumbai,Gujarat,2025-10-18,Consumer
CUST09548,Customer_09548,Male,46,Chennai,Maharashtra,2023-10-20,Consumer
CUST09549,Customer_09549,Male,53,Pune,Delhi,2023-09-18,Consumer
CUST09550,Customer_09550,Female,41,Kolkata,West Bengal,2024-12-10,Consumer
CUST09551,Customer_09551,Male,63,Bengaluru,Maharashtra,2023-11-19,Consumer
CUST09552,Customer_09552,Female,31,Chennai,Maharashtra,2023-01-10,Consumer
CUST09553,Customer_09553,Female,31,Ahmedabad,Maharashtra,2025-08-22,Consumer
CUST09554,Customer_09554,Female,42,Pune,Gujarat,2023-03-29,Consumer
CUST09555,Customer_09555,Female,63,Mumbai,Karnataka,2023-12-06,Consumer
CUST09556,Customer_09556,Female,39,Delhi,Telangana,2024-11-17,Consumer
CUST09557,Customer_09557,Male,69,Chennai,Tamil Nadu,2023-07-28,Consumer
CUST09558,Customer_09558,Female,67,Pune,Telangana,2025-12-08,Consumer
CUST09559,Customer_09559,Female,64,Hyderabad,Delhi,2025-07-10,Premium
CUST09560,Customer_09560,Female,40,Bengaluru,Telangana,2023-09-20,Consumer
CUST09561,Customer_09561,Female,49,Delhi,Tamil Nadu,2024-10-31,Corporate
CUST09562,Customer_09562,Male,43,Chennai,Karnataka,2023-01-20,Consumer
CUST09563,Customer_09563,Female,68,Pune,Delhi,2024-07-21,Consumer
CUST09564,Customer_09564,Female,44,Delhi,Karnataka,2025-08-27,Premium
CUST09565,Customer_09565,Male,62,Hyderabad,Delhi,2023-05-20,Corporate
CUST09566,Customer_09566,Male,29,Chennai,Tamil Nadu,2023-09-28,Consumer
CUST09567,Customer_09567,Female,36,Ahmedabad,Karnataka,2023-10-11,Consumer
CUST09568,Customer_09568,Female,36,Delhi,Tamil Nadu,2024-01-01,Consumer
CUST09569,Customer_09569,Female,69,Chennai,Tamil Nadu,2024-04-28,Consumer
CUST09570,Customer_09570,Female,51,Ahmedabad,Gujarat,2023-01-03,Consumer
CUST09571,Customer_09571,Male,49,Chennai,Telangana,2025-09-30,Corporate
CUST09572,Customer_09572,Male,46,Delhi,Delhi,2025-02-22,Corporate
CUST09573,Customer_09573,Male,38,Chennai,Maharashtra,2023-06-13,Corporate
CUST09574,Customer_09574,Male,52,Hyderabad,Maharashtra,2024-01-23,Consumer
CUST09575,Customer_09575,Male,59,Delhi,Karnataka,2025-09-21,Consumer
CUST09576,Customer_09576,Male,22,Pune,Tamil Nadu,2025-10-29,Consumer
CUST09577,Customer_09577,Female,29,Kolkata,Telangana,2025-10-12,Corporate
CUST09578,Customer_09578,Female,24,Delhi,Delhi,2023-01-12,Consumer
CUST09579,Customer_09579,Male,58,Hyderabad,Karnataka,2023-03-15,Consumer
CUST09580,Customer_09580,Male,19,Hyderabad,Tamil Nadu,2023-08-26,Consumer
CUST09581,Customer_09581,Male,42,Hyderabad,Gujarat,2025-07-03,Corporate
CUST09582,Customer_09582,Female,27,Ahmedabad,Maharashtra,2023-08-22,Corporate
CUST09583,Customer_09583,Male,55,Pune,Maharashtra,2025-05-21,Corporate
CUST09584,Customer_09584,Male,61,Pune,Delhi,2023-06-02,Premium
CUST09585,Customer_09585,Female,23,Kolkata,Delhi,2024-06-11,Corporate
CUST09586,Customer_09586,Female,44,Kolkata,Delhi,2025-03-21,Consumer
CUST09587,Customer_09587,Male,52,Chennai,Karnataka,2023-02-25,Consumer
CUST09588,Customer_09588,Male,27,Chennai,Delhi,2024-09-06,Consumer
CUST09589,Customer_09589,Male,26,Mumbai,Karnataka,2025-07-22,Consumer
CUST09590,Customer_09590,Female,37,Kolkata,Telangana,2024-10-24,Corporate
CUST09591,Customer_09591,Female,54,Kolkata,Tamil Nadu,2023-10-27,Consumer
CUST09592,Customer_09592,Male,52,Chennai,Maharashtra,2025-09-02,Consumer
CUST09593,Customer_09593,Female,54,Hyderabad,West Bengal,2024-09-21,Corporate
CUST09594,Customer_09594,Male,57,Mumbai,West Bengal,2023-05-24,Consumer
CUST09595,Customer_09595,Male,25,Kolkata,Karnataka,2023-08-17,Consumer
CUST09596,Customer_09596,Male,63,Hyderabad,Tamil Nadu,2024-04-10,Premium
CUST09597,Customer_09597,Female,48,Bengaluru,Gujarat,2023-05-17,Consumer
CUST09598,Customer_09598,Male,66,Ahmedabad,Delhi,2023-08-28,Consumer
CUST09599,Customer_09599,Male,60,Kolkata,Maharashtra,2024-03-24,Consumer
CUST09600,Customer_09600,Male,33,Pune,Gujarat,2023-05-31,Consumer
CUST09601,Customer_09601,Male,45,Delhi,Karnataka,2025-03-13,Consumer
CUST09602,Customer_09602,Female,23,Bengaluru,Delhi,2023-12-19,Consumer
CUST09603,Customer_09603,Male,49,Pune,Tamil Nadu,2024-04-10,Consumer
CUST09604,Customer_09604,Male,45,Pune,Telangana,2025-11-29,Consumer
CUST09605,Customer_09605,Female,28,Ahmedabad,Tamil Nadu,2024-10-15,Consumer
CUST09606,Customer_09606,Female,59,Hyderabad,Karnataka,2023-02-22,Consumer
CUST09607,Customer_09607,Female,40,Chennai,Telangana,2023-12-17,Corporate
CUST09608,Customer_09608,Female,47,Delhi,Telangana,2025-01-08,Consumer
CUST09609,Customer_09609,Male,26,Chennai,Delhi,2023-12-06,Corporate
CUST09610,Customer_09610,Female,45,Chennai,Tamil Nadu,2023-03-06,Premium
CUST09611,Customer_09611,Female,41,Kolkata,Karnataka,2023-10-23,Consumer
CUST09612,Customer_09612,Male,45,Delhi,Gujarat,2025-07-30,Corporate
CUST09613,Customer_09613,Female,41,Delhi,Gujarat,2023-07-24,Consumer
CUST09614,Customer_09614,Male,32,Bengaluru,Telangana,2024-10-08,Consumer
CUST09615,Customer_09615,Other,56,Hyderabad,Delhi,2023-05-15,Corporate
CUST09616,Customer_09616,Female,67,Chennai,Gujarat,2024-01-13,Consumer
CUST09617,Customer_09617,Female,50,Ahmedabad,Telangana,2025-12-11,Consumer
CUST09618,Customer_09618,Female,64,Hyderabad,West Bengal,2025-05-17,Consumer
CUST09619,Customer_09619,Female,51,Hyderabad,Tamil Nadu,2024-08-02,Consumer
CUST09620,Customer_09620,Male,39,Ahmedabad,Gujarat,2025-10-13,Corporate
CUST09621,Customer_09621,Male,46,Kolkata,Maharashtra,2024-12-10,Consumer
CUST09622,Customer_09622,Male,51,Mumbai,West Bengal,2023-03-08,Consumer
CUST09623,Customer_09623,Male,59,Bengaluru,Karnataka,2023-01-03,Corporate
CUST09624,Customer_09624,Female,69,Chennai,West Bengal,2024-05-24,Consumer
CUST09625,Customer_09625,Male,64,Pune,Maharashtra,2025-02-15,Consumer
CUST09626,Customer_09626,Male,27,Delhi,Tamil Nadu,2023-04-12,Consumer
CUST09627,Customer_09627,Female,68,Delhi,Maharashtra,2025-03-09,Consumer
CUST09628,Customer_09628,Female,62,Hyderabad,Tamil Nadu,2025-01-03,Consumer
CUST09629,Customer_09629,Male,47,Ahmedabad,Tamil Nadu,2025-11-10,Premium
CUST09630,Customer_09630,Male,28,Bengaluru,Delhi,2024-01-22,Consumer
CUST09631,Customer_09631,Male,51,Bengaluru,West Bengal,2024-06-16,Corporate
CUST09632,Customer_09632,Female,38,Chennai,Maharashtra,2023-04-02,Corporate
CUST09633,Customer_09633,Male,30,Chennai,Telangana,2025-04-18,Consumer
CUST09634,Customer_09634,Female,42,Hyderabad,Tamil Nadu,2024-05-19,Consumer
CUST09635,Customer_09635,Male,38,Hyderabad,West Bengal,2025-04-20,Premium
CUST09636,Customer_09636,Male,18,Hyderabad,Maharashtra,2024-11-17,Consumer
CUST09637,Customer_09637,Female,22,Mumbai,Telangana,2024-12-25,Corporate
CUST09638,Customer_09638,Male,39,Bengaluru,Karnataka,2023-05-28,Consumer
CUST09639,Customer_09639,Male,24,Hyderabad,Telangana,2025-07-22,Corporate
CUST09640,Customer_09640,Male,30,Kolkata,Maharashtra,2025-06-02,Consumer
CUST09641,Customer_09641,Male,62,Bengaluru,Maharashtra,2023-11-10,Corporate
CUST09642,Customer_09642,Female,69,Pune,Telangana,2024-10-18,Corporate
CUST09643,Customer_09643,Male,40,Delhi,Telangana,2023-10-25,Consumer
CUST09644,Customer_09644,Male,38,Delhi,Gujarat,2023-08-11,Consumer
CUST09645,Customer_09645,Male,23,Bengaluru,Tamil Nadu,2023-12-19,Consumer
CUST09646,Customer_09646,Female,37,Pune,Maharashtra,2024-02-20,Consumer
CUST09647,Customer_09647,Female,29,Delhi,Tamil Nadu,2023-03-03,Consumer
CUST09648,Customer_09648,Female,57,Delhi,Tamil Nadu,2024-08-30,Corporate
CUST09649,Customer_09649,Female,26,Delhi,West Bengal,2024-09-15,Consumer
CUST09650,Customer_09650,Male,67,Chennai,Karnataka,2024-01-11,Consumer
CUST09651,Customer_09651,Male,45,Pune,West Bengal,2024-08-21,Consumer
CUST09652,Customer_09652,Male,28,Ahmedabad,Maharashtra,2024-02-09,Premium
CUST09653,Customer_09653,Male,69,Chennai,Tamil Nadu,2025-07-17,Consumer
CUST09654,Customer_09654,Male,49,Bengaluru,Karnataka,2024-01-25,Consumer
CUST09655,Customer_09655,Female,28,Bengaluru,Gujarat,2025-02-04,Consumer
CUST09656,Customer_09656,Female,41,Mumbai,Tamil Nadu,2023-12-14,Corporate
CUST09657,Customer_09657,Female,32,Ahmedabad,Tamil Nadu,2025-12-23,Consumer
CUST09658,Customer_09658,Male,58,Chennai,Gujarat,2025-08-15,Consumer
CUST09659,Customer_09659,Female,52,Bengaluru,Maharashtra,2024-05-31,Premium
CUST09660,Customer_09660,Female,34,Ahmedabad,West Bengal,2023-11-26,Consumer
CUST09661,Customer_09661,Female,42,Chennai,Telangana,2025-08-31,Corporate
CUST09662,Customer_09662,Male,66,Mumbai,Gujarat,2023-04-02,Consumer
CUST09663,Customer_09663,Male,52,Bengaluru,Telangana,2023-07-09,Consumer
CUST09664,Customer_09664,Male,36,Bengaluru,Maharashtra,2024-07-25,Consumer
CUST09665,Customer_09665,Male,58,Bengaluru,West Bengal,2023-07-24,Corporate
CUST09666,Customer_09666,Female,48,Bengaluru,Telangana,2023-07-31,Consumer
CUST09667,Customer_09667,Male,34,Hyderabad,West Bengal,2025-02-08,Consumer
CUST09668,Customer_09668,Male,67,Pune,Delhi,2023-03-30,Consumer
CUST09669,Customer_09669,Female,40,Pune,Telangana,2025-08-12,Consumer
CUST09670,Customer_09670,Female,64,Chennai,West Bengal,2023-12-29,Consumer
CUST09671,Customer_09671,Male,18,Chennai,Gujarat,2023-11-28,Premium
CUST09672,Customer_09672,Female,27,Ahmedabad,Tamil Nadu,2025-07-09,Consumer
CUST09673,Customer_09673,Male,25,Ahmedabad,Tamil Nadu,2024-12-08,Consumer
CUST09674,Customer_09674,Male,59,Chennai,Karnataka,2025-04-23,Consumer
CUST09675,Customer_09675,Male,43,Mumbai,Gujarat,2024-11-25,Corporate
CUST09676,Customer_09676,Female,51,Kolkata,West Bengal,2024-02-26,Premium
CUST09677,Customer_09677,Female,36,Hyderabad,Maharashtra,2025-02-01,Consumer
CUST09678,Customer_09678,Male,31,Kolkata,Karnataka,2025-01-05,Premium
CUST09679,Customer_09679,Female,25,Chennai,Tamil Nadu,2024-12-10,Corporate
CUST09680,Customer_09680,Male,68,Ahmedabad,Tamil Nadu,2023-09-06,Corporate
CUST09681,Customer_09681,Female,18,Ahmedabad,Karnataka,2023-06-30,Consumer
CUST09682,Customer_09682,Male,65,Chennai,Gujarat,2024-04-27,Premium
CUST09683,Customer_09683,Male,42,Bengaluru,Delhi,2025-02-27,Corporate
CUST09684,Customer_09684,Female,41,Ahmedabad,Telangana,2023-09-05,Corporate
CUST09685,Customer_09685,Female,64,Kolkata,West Bengal,2023-11-15,Consumer
CUST09686,Customer_09686,Male,37,Ahmedabad,West Bengal,2025-08-21,Consumer
CUST09687,Customer_09687,Male,47,Bengaluru,Delhi,2024-11-30,Corporate
CUST09688,Customer_09688,Male,22,Ahmedabad,Delhi,2024-06-14,Consumer
CUST09689,Customer_09689,Male,20,Kolkata,Delhi,2024-07-16,Consumer
CUST09690,Customer_09690,Female,49,Kolkata,West Bengal,2023-05-03,Consumer
CUST09691,Customer_09691,Female,34,Bengaluru,Gujarat,2025-01-19,Consumer
CUST09692,Customer_09692,Male,59,Chennai,Delhi,2023-11-15,Consumer
CUST09693,Customer_09693,Male,22,Bengaluru,Telangana,2024-08-08,Corporate
CUST09694,Customer_09694,Female,28,Chennai,Maharashtra,2023-09-02,Consumer
CUST09695,Customer_09695,Male,55,Kolkata,Karnataka,2024-06-27,Corporate
CUST09696,Customer_09696,Female,21,Mumbai,Delhi,2023-06-02,Consumer
CUST09697,Customer_09697,Male,56,Mumbai,Delhi,2024-10-17,Corporate
CUST09698,Customer_09698,Female,36,Delhi,Karnataka,2023-01-15,Corporate
CUST09699,Customer_09699,Female,56,Ahmedabad,West Bengal,2023-09-02,Consumer
CUST09700,Customer_09700,Female,63,Hyderabad,West Bengal,2025-03-01,Premium
CUST09701,Customer_09701,Female,66,Bengaluru,Karnataka,2024-07-20,Corporate
CUST09702,Customer_09702,Male,40,Pune,West Bengal,2024-07-07,Consumer
CUST09703,Customer_09703,Female,34,Bengaluru,West Bengal,2025-06-17,Consumer
CUST09704,Customer_09704,Female,30,Hyderabad,Maharashtra,2023-02-21,Consumer
CUST09705,Customer_09705,Male,44,Ahmedabad,Tamil Nadu,2023-01-11,Corporate
CUST09706,Customer_09706,Male,18,Ahmedabad,Maharashtra,2025-04-02,Consumer
CUST09707,Customer_09707,Male,19,Kolkata,Tamil Nadu,2023-08-15,Consumer
CUST09708,Customer_09708,Male,35,Hyderabad,Gujarat,2023-04-24,Consumer
CUST09709,Customer_09709,Male,53,Kolkata,Telangana,2024-08-26,Consumer
CUST09710,Customer_09710,Female,62,Delhi,West Bengal,2024-08-15,Consumer
CUST09711,Customer_09711,Male,50,Hyderabad,Maharashtra,2025-07-25,Consumer
CUST09712,Customer_09712,Female,53,Chennai,Telangana,2023-07-29,Consumer
CUST09713,Customer_09713,Male,19,Bengaluru,Karnataka,2025-08-08,Consumer
CUST09714,Customer_09714,Male,21,Hyderabad,Maharashtra,2025-10-01,Corporate
CUST09715,Customer_09715,Male,33,Chennai,Gujarat,2024-09-02,Consumer
CUST09716,Customer_09716,Female,21,Hyderabad,Karnataka,2025-12-16,Consumer
CUST09717,Customer_09717,Male,26,Pune,Gujarat,2025-12-22,Consumer
CUST09718,Customer_09718,Male,66,Chennai,Gujarat,2023-12-04,Consumer
CUST09719,Customer_09719,Male,38,Mumbai,Delhi,2024-12-25,Premium
CUST09720,Customer_09720,Female,40,Ahmedabad,Karnataka,2025-03-25,Consumer
CUST09721,Customer_09721,Female,69,Chennai,West Bengal,2024-06-15,Consumer
CUST09722,Customer_09722,Male,19,Delhi,Gujarat,2025-01-28,Consumer
CUST09723,Customer_09723,Female,20,Kolkata,Delhi,2023-01-06,Premium
CUST09724,Customer_09724,Female,40,Chennai,Tamil Nadu,2024-08-07,Consumer
CUST09725,Customer_09725,Male,43,Hyderabad,Delhi,2024-09-10,Consumer
CUST09726,Customer_09726,Female,64,Mumbai,West Bengal,2025-03-07,Premium
CUST09727,Customer_09727,Female,24,Ahmedabad,Tamil Nadu,2023-12-22,Consumer
CUST09728,Customer_09728,Male,53,Ahmedabad,Delhi,2023-08-07,Consumer
CUST09729,Customer_09729,Male,61,Mumbai,Delhi,2024-01-02,Premium
CUST09730,Customer_09730,Male,50,Chennai,Telangana,2025-06-07,Consumer
CUST09731,Customer_09731,Male,66,Hyderabad,Telangana,2024-07-14,Consumer
CUST09732,Customer_09732,Female,53,Ahmedabad,West Bengal,2023-12-30,Consumer
CUST09733,Customer_09733,Male,21,Mumbai,Karnataka,2024-05-19,Corporate
CUST09734,Customer_09734,Female,40,Pune,Gujarat,2023-06-26,Consumer
CUST09735,Customer_09735,Female,42,Chennai,West Bengal,2025-03-23,Consumer
CUST09736,Customer_09736,Female,58,Chennai,Telangana,2024-07-30,Consumer
CUST09737,Customer_09737,Female,43,Kolkata,Tamil Nadu,2025-03-28,Corporate
CUST09738,Customer_09738,Male,45,Ahmedabad,Telangana,2025-12-13,Consumer
CUST09739,Customer_09739,Male,45,Ahmedabad,Karnataka,2025-03-29,Corporate
CUST09740,Customer_09740,Female,38,Ahmedabad,Maharashtra,2024-04-23,Premium
CUST09741,Customer_09741,Male,27,Chennai,Tamil Nadu,2024-12-22,Consumer
CUST09742,Customer_09742,Male,44,Mumbai,Maharashtra,2024-08-03,Consumer
CUST09743,Customer_09743,Female,68,Bengaluru,Tamil Nadu,2025-01-15,Corporate
CUST09744,Customer_09744,Female,68,Hyderabad,Gujarat,2025-11-04,Consumer
CUST09745,Customer_09745,Male,32,Delhi,Gujarat,2025-05-27,Consumer
CUST09746,Customer_09746,Female,34,Delhi,Gujarat,2023-05-14,Corporate
CUST09747,Customer_09747,Female,56,Ahmedabad,Karnataka,2024-12-18,Corporate
CUST09748,Customer_09748,Male,52,Hyderabad,Telangana,2025-11-13,Consumer
CUST09749,Customer_09749,Male,22,Bengaluru,Maharashtra,2024-01-12,Consumer
CUST09750,Customer_09750,Female,33,Kolkata,Maharashtra,2024-10-13,Consumer
CUST09751,Customer_09751,Male,40,Kolkata,Telangana,2023-06-15,Consumer
CUST09752,Customer_09752,Male,56,Kolkata,Karnataka,2025-11-30,Consumer
CUST09753,Customer_09753,Female,65,Kolkata,Telangana,2023-09-29,Consumer
CUST09754,Customer_09754,Female,26,Hyderabad,Delhi,2025-09-16,Consumer
CUST09755,Customer_09755,Male,50,Chennai,Delhi,2023-06-15,Consumer
CUST09756,Customer_09756,Male,52,Pune,Gujarat,2025-01-31,Corporate
CUST09757,Customer_09757,Male,57,Hyderabad,Delhi,2024-10-10,Consumer
CUST09758,Customer_09758,Other,67,Hyderabad,Maharashtra,2025-04-24,Consumer
CUST09759,Customer_09759,Male,41,Pune,Gujarat,2024-07-04,Corporate
CUST09760,Customer_09760,Female,41,Mumbai,Maharashtra,2024-08-21,Consumer
CUST09761,Customer_09761,Female,67,Delhi,Karnataka,2023-06-04,Premium
CUST09762,Customer_09762,Male,41,Ahmedabad,Tamil Nadu,2024-02-21,Consumer
CUST09763,Customer_09763,Female,36,Delhi,Telangana,2023-03-08,Consumer
CUST09764,Customer_09764,Female,56,Ahmedabad,West Bengal,2024-05-31,Consumer
CUST09765,Customer_09765,Female,42,Chennai,West Bengal,2025-12-18,Consumer
CUST09766,Customer_09766,Male,69,Pune,West Bengal,2025-10-03,Consumer
CUST09767,Customer_09767,Female,48,Kolkata,Tamil Nadu,2024-08-10,Consumer
CUST09768,Customer_09768,Female,55,Kolkata,Maharashtra,2025-02-10,Consumer
CUST09769,Customer_09769,Other,42,Chennai,Telangana,2025-01-29,Corporate
CUST09770,Customer_09770,Male,44,Mumbai,Maharashtra,2025-11-05,Corporate
CUST09771,Customer_09771,Female,49,Chennai,Karnataka,2023-06-25,Corporate
CUST09772,Customer_09772,Male,28,Pune,Gujarat,2023-11-18,Consumer
CUST09773,Customer_09773,Male,22,Pune,Telangana,2023-05-16,Consumer
CUST09774,Customer_09774,Male,61,Bengaluru,Maharashtra,2024-03-03,Consumer
CUST09775,Customer_09775,Female,50,Mumbai,Delhi,2025-07-19,Corporate
CUST09776,Customer_09776,Male,36,Pune,West Bengal,2025-06-29,Consumer
CUST09777,Customer_09777,Female,60,Pune,Delhi,2024-11-10,Consumer
CUST09778,Customer_09778,Other,64,Mumbai,Maharashtra,2023-11-18,Consumer
CUST09779,Customer_09779,Male,33,Kolkata,Tamil Nadu,2025-02-19,Consumer
CUST09780,Customer_09780,Female,52,Hyderabad,Gujarat,2023-06-20,Consumer
CUST09781,Customer_09781,Male,28,Kolkata,Karnataka,2025-07-12,Consumer
CUST09782,Customer_09782,Male,28,Hyderabad,Karnataka,2023-05-09,Consumer
CUST09783,Customer_09783,Female,27,Bengaluru,West Bengal,2024-11-10,Consumer
CUST09784,Customer_09784,Female,51,Kolkata,Maharashtra,2024-02-01,Consumer
CUST09785,Customer_09785,Female,69,Pune,Karnataka,2023-03-02,Corporate
CUST09786,Customer_09786,Female,22,Mumbai,Telangana,2024-04-17,Consumer
CUST09787,Customer_09787,Male,40,Mumbai,Karnataka,2025-01-07,Consumer
CUST09788,Customer_09788,Male,42,Ahmedabad,Delhi,2024-02-01,Premium
CUST09789,Customer_09789,Female,46,Hyderabad,Maharashtra,2025-03-14,Corporate
CUST09790,Customer_09790,Male,57,Kolkata,Telangana,2025-08-14,Consumer
CUST09791,Customer_09791,Male,30,Delhi,West Bengal,2024-10-16,Corporate
CUST09792,Customer_09792,Female,64,Delhi,Karnataka,2024-08-24,Consumer
CUST09793,Customer_09793,Male,49,Pune,West Bengal,2023-09-25,Premium
CUST09794,Customer_09794,Male,51,Hyderabad,Delhi,2023-03-17,Consumer
CUST09795,Customer_09795,Female,29,Pune,Gujarat,2025-12-28,Corporate
CUST09796,Customer_09796,Female,41,Chennai,Tamil Nadu,2025-06-16,Corporate
CUST09797,Customer_09797,Female,57,Mumbai,Karnataka,2025-10-28,Corporate
CUST09798,Customer_09798,Female,38,Kolkata,West Bengal,2025-04-01,Consumer
CUST09799,Customer_09799,Male,46,Kolkata,Delhi,2023-03-29,Consumer
CUST09800,Customer_09800,Female,68,Pune,Gujarat,2024-06-08,Consumer
CUST09801,Customer_09801,Female,40,Bengaluru,Gujarat,2025-04-05,Corporate
CUST09802,Customer_09802,Male,50,Kolkata,Delhi,2024-07-28,Consumer
CUST09803,Customer_09803,Male,25,Delhi,Delhi,2024-11-17,Corporate
CUST09804,Customer_09804,Female,59,Pune,West Bengal,2025-09-01,Premium
CUST09805,Customer_09805,Female,30,Chennai,Delhi,2024-05-20,Consumer
CUST09806,Customer_09806,Female,22,Mumbai,Tamil Nadu,2023-03-15,Consumer
CUST09807,Customer_09807,Female,58,Ahmedabad,Maharashtra,2025-03-16,Consumer
CUST09808,Customer_09808,Female,27,Kolkata,Delhi,2024-08-03,Consumer
CUST09809,Customer_09809,Other,31,Ahmedabad,Maharashtra,2025-12-28,Consumer
CUST09810,Customer_09810,Female,41,Chennai,Gujarat,2023-08-11,Consumer
CUST09811,Customer_09811,Male,28,Ahmedabad,Tamil Nadu,2025-06-15,Consumer
CUST09812,Customer_09812,Female,63,Pune,West Bengal,2024-01-21,Corporate
CUST09813,Customer_09813,Male,20,Mumbai,Gujarat,2023-05-02,Consumer
CUST09814,Customer_09814,Female,46,Mumbai,Tamil Nadu,2025-01-02,Consumer
CUST09815,Customer_09815,Female,65,Hyderabad,Gujarat,2025-04-02,Consumer
CUST09816,Customer_09816,Female,69,Hyderabad,Telangana,2024-04-01,Corporate
CUST09817,Customer_09817,Female,47,Ahmedabad,Telangana,2023-06-13,Consumer
CUST09818,Customer_09818,Male,66,Bengaluru,Delhi,2023-04-02,Corporate
CUST09819,Customer_09819,Male,54,Bengaluru,Maharashtra,2023-12-02,Consumer
CUST09820,Customer_09820,Male,24,Kolkata,Gujarat,2024-08-08,Consumer
CUST09821,Customer_09821,Female,34,Ahmedabad,Tamil Nadu,2025-07-23,Corporate
CUST09822,Customer_09822,Female,37,Chennai,Karnataka,2023-11-10,Consumer
CUST09823,Customer_09823,Female,28,Hyderabad,Telangana,2024-08-24,Consumer
CUST09824,Customer_09824,Male,61,Mumbai,Telangana,2025-09-20,Consumer
CUST09825,Customer_09825,Female,42,Hyderabad,Gujarat,2025-06-28,Consumer
CUST09826,Customer_09826,Female,41,Ahmedabad,West Bengal,2024-07-14,Consumer
CUST09827,Customer_09827,Male,19,Mumbai,Karnataka,2024-04-29,Consumer
CUST09828,Customer_09828,Female,44,Hyderabad,Maharashtra,2024-10-17,Consumer
CUST09829,Customer_09829,Female,36,Mumbai,Maharashtra,2024-09-18,Corporate
CUST09830,Customer_09830,Female,46,Ahmedabad,Maharashtra,2023-03-07,Consumer
CUST09831,Customer_09831,Male,54,Chennai,Delhi,2023-07-20,Consumer
CUST09832,Customer_09832,Female,28,Hyderabad,Delhi,2024-04-12,Consumer
CUST09833,Customer_09833,Male,36,Delhi,West Bengal,2024-03-09,Consumer
CUST09834,Customer_09834,Other,45,Delhi,Gujarat,2023-05-18,Consumer
CUST09835,Customer_09835,Male,56,Mumbai,Karnataka,2025-10-12,Corporate
CUST09836,Customer_09836,Male,38,Chennai,Gujarat,2025-12-11,Consumer
CUST09837,Customer_09837,Female,43,Mumbai,Tamil Nadu,2025-03-12,Consumer
CUST09838,Customer_09838,Male,39,Chennai,Karnataka,2025-05-11,Consumer
CUST09839,Customer_09839,Female,23,Ahmedabad,Tamil Nadu,2023-05-16,Corporate
CUST09840,Customer_09840,Female,28,Bengaluru,Karnataka,2024-03-24,Consumer
CUST09841,Customer_09841,Female,31,Hyderabad,Delhi,2023-03-10,Consumer
CUST09842,Customer_09842,Other,53,Chennai,Maharashtra,2025-08-10,Premium
CUST09843,Customer_09843,Male,57,Ahmedabad,Telangana,2025-03-23,Consumer
CUST09844,Customer_09844,Female,58,Mumbai,West Bengal,2025-10-11,Corporate
CUST09845,Customer_09845,Male,19,Kolkata,Karnataka,2023-04-07,Consumer
CUST09846,Customer_09846,Male,60,Kolkata,Karnataka,2024-01-12,Corporate
CUST09847,Customer_09847,Female,37,Bengaluru,West Bengal,2025-12-12,Consumer
CUST09848,Customer_09848,Male,39,Kolkata,Telangana,2023-01-09,Consumer
CUST09849,Customer_09849,Female,56,Mumbai,West Bengal,2025-10-01,Consumer
CUST09850,Customer_09850,Female,21,Delhi,Karnataka,2023-11-27,Consumer
CUST09851,Customer_09851,Female,46,Delhi,West Bengal,2023-09-08,Corporate
CUST09852,Customer_09852,Female,63,Hyderabad,Maharashtra,2023-12-26,Corporate
CUST09853,Customer_09853,Male,41,Pune,Gujarat,2023-12-15,Consumer
CUST09854,Customer_09854,Female,18,Hyderabad,Telangana,2023-05-04,Consumer
CUST09855,Customer_09855,Female,41,Kolkata,Telangana,2024-09-25,Corporate
CUST09856,Customer_09856,Male,47,Bengaluru,Maharashtra,2023-07-18,Consumer
CUST09857,Customer_09857,Male,29,Kolkata,Maharashtra,2025-04-08,Consumer
CUST09858,Customer_09858,Female,36,Delhi,Telangana,2025-07-06,Corporate
CUST09859,Customer_09859,Male,54,Ahmedabad,Maharashtra,2023-01-30,Premium
CUST09860,Customer_09860,Male,57,Chennai,Gujarat,2024-08-18,Corporate
CUST09861,Customer_09861,Female,60,Delhi,Maharashtra,2025-11-04,Corporate
CUST09862,Customer_09862,Female,21,Pune,Gujarat,2024-10-16,Premium
CUST09863,Customer_09863,Female,32,Hyderabad,Maharashtra,2025-03-31,Consumer
CUST09864,Customer_09864,Female,37,Mumbai,Telangana,2024-04-04,Premium
CUST09865,Customer_09865,Female,61,Kolkata,Karnataka,2023-01-23,Consumer
CUST09866,Customer_09866,Male,37,Bengaluru,Tamil Nadu,2023-11-22,Corporate
CUST09867,Customer_09867,Male,38,Pune,Telangana,2025-05-26,Premium
CUST09868,Customer_09868,Male,27,Delhi,West Bengal,2024-11-15,Consumer
CUST09869,Customer_09869,Female,47,Chennai,Tamil Nadu,2023-09-20,Consumer
CUST09870,Customer_09870,Male,41,Pune,Maharashtra,2025-03-17,Premium
CUST09871,Customer_09871,Male,65,Ahmedabad,Maharashtra,2024-03-08,Consumer
CUST09872,Customer_09872,Female,57,Ahmedabad,Karnataka,2024-07-13,Consumer
CUST09873,Customer_09873,Male,69,Chennai,Maharashtra,2024-05-22,Corporate
CUST09874,Customer_09874,Male,57,Chennai,West Bengal,2023-02-18,Consumer
CUST09875,Customer_09875,Female,55,Bengaluru,Tamil Nadu,2023-06-17,Consumer
CUST09876,Customer_09876,Male,20,Ahmedabad,Telangana,2024-03-16,Consumer
CUST09877,Customer_09877,Male,46,Chennai,Telangana,2024-08-16,Consumer
CUST09878,Customer_09878,Male,25,Chennai,West Bengal,2023-08-16,Consumer
CUST09879,Customer_09879,Female,46,Ahmedabad,Gujarat,2023-08-02,Consumer
CUST09880,Customer_09880,Female,27,Delhi,Karnataka,2025-05-29,Consumer
CUST09881,Customer_09881,Male,22,Bengaluru,West Bengal,2024-08-30,Consumer
CUST09882,Customer_09882,Female,28,Ahmedabad,Tamil Nadu,2025-01-19,Corporate
CUST09883,Customer_09883,Male,21,Ahmedabad,Maharashtra,2025-11-07,Consumer
CUST09884,Customer_09884,Female,66,Mumbai,Delhi,2024-04-11,Consumer
CUST09885,Customer_09885,Male,52,Ahmedabad,Karnataka,2023-12-10,Consumer
CUST09886,Customer_09886,Female,67,Mumbai,Karnataka,2023-11-20,Consumer
CUST09887,Customer_09887,Female,57,Chennai,Delhi,2025-12-19,Consumer
CUST09888,Customer_09888,Female,29,Pune,West Bengal,2025-05-11,Corporate
CUST09889,Customer_09889,Male,38,Ahmedabad,Telangana,2025-12-08,Consumer
CUST09890,Customer_09890,Male,33,Hyderabad,Gujarat,2024-11-08,Corporate
CUST09891,Customer_09891,Female,31,Bengaluru,Telangana,2024-11-10,Corporate
CUST09892,Customer_09892,Male,38,Kolkata,Telangana,2025-04-27,Consumer
CUST09893,Customer_09893,Female,65,Hyderabad,Delhi,2024-07-29,Consumer
CUST09894,Customer_09894,Female,44,Bengaluru,Maharashtra,2024-06-28,Consumer
CUST09895,Customer_09895,Female,53,Bengaluru,Maharashtra,2023-02-27,Consumer
CUST09896,Customer_09896,Male,18,Delhi,Gujarat,2023-03-05,Consumer
CUST09897,Customer_09897,Female,18,Ahmedabad,Gujarat,2025-06-17,Consumer
CUST09898,Customer_09898,Female,39,Chennai,Tamil Nadu,2023-05-05,Corporate
CUST09899,Customer_09899,Female,32,Delhi,Tamil Nadu,2023-03-02,Consumer
CUST09900,Customer_09900,Male,69,Ahmedabad,Telangana,2024-01-15,Corporate
CUST09901,Customer_09901,Male,37,Pune,Delhi,2025-09-04,Consumer
CUST09902,Customer_09902,Male,20,Kolkata,Gujarat,2023-03-07,Corporate
CUST09903,Customer_09903,Male,31,Hyderabad,Karnataka,2025-03-08,Consumer
CUST09904,Customer_09904,Female,26,Hyderabad,Maharashtra,2025-01-24,Consumer
CUST09905,Customer_09905,Female,36,Mumbai,West Bengal,2024-09-23,Consumer
CUST09906,Customer_09906,Male,57,Pune,Delhi,2025-08-15,Corporate
CUST09907,Customer_09907,Female,51,Kolkata,Gujarat,2023-08-15,Consumer
CUST09908,Customer_09908,Male,21,Pune,Tamil Nadu,2023-07-11,Consumer
CUST09909,Customer_09909,Male,50,Ahmedabad,Gujarat,2025-01-21,Consumer
CUST09910,Customer_09910,Male,60,Delhi,Maharashtra,2025-08-13,Consumer
CUST09911,Customer_09911,Male,54,Ahmedabad,Gujarat,2023-04-09,Consumer
CUST09912,Customer_09912,Female,19,Delhi,Maharashtra,2023-12-10,Consumer
CUST09913,Customer_09913,Male,44,Pune,Delhi,2023-08-31,Consumer
CUST09914,Customer_09914,Female,62,Delhi,Gujarat,2023-01-20,Corporate
CUST09915,Customer_09915,Male,34,Mumbai,Gujarat,2023-12-25,Corporate
CUST09916,Customer_09916,Female,66,Ahmedabad,Tamil Nadu,2024-03-08,Consumer
CUST09917,Customer_09917,Male,67,Kolkata,Delhi,2025-09-26,Corporate
CUST09918,Customer_09918,Male,48,Kolkata,Karnataka,2024-09-02,Consumer
CUST09919,Customer_09919,Male,58,Delhi,Maharashtra,2024-05-01,Consumer
CUST09920,Customer_09920,Male,23,Delhi,West Bengal,2023-11-26,Consumer
CUST09921,Customer_09921,Male,69,Kolkata,West Bengal,2023-07-04,Premium
CUST09922,Customer_09922,Female,48,Pune,Delhi,2023-12-01,Consumer
CUST09923,Customer_09923,Female,20,Kolkata,West Bengal,2024-05-20,Consumer
CUST09924,Customer_09924,Female,57,Pune,Delhi,2024-04-07,Consumer
CUST09925,Customer_09925,Female,20,Delhi,West Bengal,2025-09-21,Consumer
CUST09926,Customer_09926,Male,50,Delhi,Karnataka,2023-01-03,Consumer
CUST09927,Customer_09927,Male,69,Ahmedabad,Delhi,2024-10-30,Corporate
CUST09928,Customer_09928,Other,30,Ahmedabad,Maharashtra,2023-06-24,Consumer
CUST09929,Customer_09929,Female,38,Pune,West Bengal,2025-09-26,Consumer
CUST09930,Customer_09930,Female,54,Hyderabad,Telangana,2023-10-25,Consumer
CUST09931,Customer_09931,Female,33,Chennai,Telangana,2023-04-28,Corporate
CUST09932,Customer_09932,Male,38,Hyderabad,Tamil Nadu,2025-02-27,Corporate
CUST09933,Customer_09933,Male,65,Delhi,Karnataka,2024-10-03,Consumer
CUST09934,Customer_09934,Male,61,Bengaluru,Tamil Nadu,2023-07-25,Consumer
CUST09935,Customer_09935,Male,30,Bengaluru,Telangana,2025-11-24,Corporate
CUST09936,Customer_09936,Male,21,Mumbai,Karnataka,2023-01-30,Premium
CUST09937,Customer_09937,Male,48,Hyderabad,Delhi,2025-07-30,Consumer
CUST09938,Customer_09938,Female,26,Pune,Delhi,2025-04-02,Consumer
CUST09939,Customer_09939,Female,65,Ahmedabad,Maharashtra,2023-09-14,Premium
CUST09940,Customer_09940,Female,50,Mumbai,Gujarat,2023-07-01,Consumer
CUST09941,Customer_09941,Female,54,Mumbai,Telangana,2023-07-27,Corporate
CUST09942,Customer_09942,Male,54,Bengaluru,Delhi,2025-05-28,Consumer
CUST09943,Customer_09943,Male,41,Hyderabad,Karnataka,2023-12-08,Consumer
CUST09944,Customer_09944,Female,42,Chennai,Gujarat,2024-01-13,Consumer
CUST09945,Customer_09945,Male,68,Kolkata,Gujarat,2024-02-15,Consumer
CUST09946,Customer_09946,Male,58,Pune,Delhi,2024-01-18,Corporate
CUST09947,Customer_09947,Male,46,Hyderabad,Tamil Nadu,2025-04-16,Consumer
CUST09948,Customer_09948,Male,57,Ahmedabad,Tamil Nadu,2024-07-24,Consumer
CUST09949,Customer_09949,Female,68,Mumbai,Tamil Nadu,2024-01-04,Corporate
CUST09950,Customer_09950,Male,67,Delhi,Gujarat,2023-10-07,Corporate
CUST09951,Customer_09951,Female,64,Mumbai,Tamil Nadu,2023-03-13,Corporate
CUST09952,Customer_09952,Female,53,Hyderabad,Tamil Nadu,2024-09-14,Consumer
CUST09953,Customer_09953,Male,32,Bengaluru,Gujarat,2024-05-19,Consumer
CUST09954,Customer_09954,Male,62,Kolkata,Maharashtra,2025-08-07,Consumer
CUST09955,Customer_09955,Male,35,Hyderabad,Tamil Nadu,2023-04-16,Consumer
CUST09956,Customer_09956,Male,37,Chennai,Maharashtra,2023-06-08,Consumer
CUST09957,Customer_09957,Female,22,Pune,Maharashtra,2023-01-14,Consumer
CUST09958,Customer_09958,Female,35,Pune,Delhi,2023-01-05,Consumer
CUST09959,Customer_09959,Female,57,Delhi,Gujarat,2025-10-15,Consumer
CUST09960,Customer_09960,Male,18,Delhi,Karnataka,2023-07-30,Consumer
CUST09961,Customer_09961,Female,36,Mumbai,Tamil Nadu,2023-11-23,Consumer
CUST09962,Customer_09962,Female,40,Hyderabad,Karnataka,2025-05-07,Consumer
CUST09963,Customer_09963,Male,43,Pune,Telangana,2024-04-10,Consumer
CUST09964,Customer_09964,Female,66,Bengaluru,Maharashtra,2025-01-15,Consumer
CUST09965,Customer_09965,Female,46,Chennai,West Bengal,2023-06-26,Corporate
CUST09966,Customer_09966,Female,51,Mumbai,Telangana,2023-05-12,Consumer
CUST09967,Customer_09967,Female,36,Hyderabad,Maharashtra,2025-02-15,Corporate
CUST09968,Customer_09968,Male,65,Bengaluru,Tamil Nadu,2024-02-20,Consumer
CUST09969,Customer_09969,Female,35,Hyderabad,Telangana,2023-12-10,Consumer
CUST09970,Customer_09970,Male,19,Bengaluru,Gujarat,2024-04-29,Corporate
CUST09971,Customer_09971,Male,44,Ahmedabad,Delhi,2024-07-31,Consumer
CUST09972,Customer_09972,Female,23,Kolkata,Telangana,2023-12-11,Consumer
CUST09973,Customer_09973,Female,56,Hyderabad,Maharashtra,2024-04-19,Consumer
CUST09974,Customer_09974,Male,23,Hyderabad,Gujarat,2024-06-08,Consumer
CUST09975,Customer_09975,Male,23,Ahmedabad,Maharashtra,2023-02-15,Consumer
CUST09976,Customer_09976,Male,48,Kolkata,Karnataka,2025-09-07,Consumer
CUST09977,Customer_09977,Male,58,Pune,West Bengal,2023-01-23,Consumer
CUST09978,Customer_09978,Female,57,Mumbai,West Bengal,2023-03-08,Consumer
CUST09979,Customer_09979,Female,47,Hyderabad,Telangana,2024-09-17,Consumer
CUST09980,Customer_09980,Female,38,Hyderabad,Delhi,2023-07-25,Consumer
CUST09981,Customer_09981,Male,58,Mumbai,Tamil Nadu,2023-09-15,Consumer
CUST09982,Customer_09982,Female,61,Mumbai,Karnataka,2024-06-29,Corporate
CUST09983,Customer_09983,Male,35,Delhi,Telangana,2025-03-18,Corporate
CUST09984,Customer_09984,Female,40,Delhi,Karnataka,2023-09-10,Consumer
CUST09985,Customer_09985,Female,55,Pune,Telangana,2023-06-02,Premium
CUST09986,Customer_09986,Female,40,Mumbai,West Bengal,2023-03-18,Consumer
CUST09987,Customer_09987,Male,45,Kolkata,Tamil Nadu,2024-12-03,Consumer
CUST09988,Customer_09988,Male,53,Chennai,Tamil Nadu,2024-06-23,Consumer
CUST09989,Customer_09989,Male,42,Pune,West Bengal,2024-12-25,Consumer
CUST09990,Customer_09990,Female,24,Bengaluru,Delhi,2024-01-04,Consumer
CUST09991,Customer_09991,Male,35,Ahmedabad,Karnataka,2024-07-21,Consumer
CUST09992,Customer_09992,Male,37,Mumbai,Delhi,2024-09-15,Corporate
CUST09993,Customer_09993,Male,22,Delhi,Telangana,2023-06-04,Corporate
CUST09994,Customer_09994,Female,35,Ahmedabad,Tamil Nadu,2025-03-04,Consumer
CUST09995,Customer_09995,Male,59,Hyderabad,Tamil Nadu,2023-09-28,Consumer
CUST09996,Customer_09996,Female,57,Mumbai,Maharashtra,2024-07-15,Consumer
CUST09997,Customer_09997,Female,50,Mumbai,Maharashtra,2025-12-27,Corporate
CUST09998,Customer_09998,Female,32,Delhi,West Bengal,2023-05-12,Consumer
CUST09999,Customer_09999,Male,52,Delhi,Delhi,2025-04-24,Premium
CUST10000,Customer_10000,Male,64,Chennai,Karnataka,2023-09-22,Consumer
CUST10001,Customer_10001,Male,63,Pune,West Bengal,2023-08-08,Consumer
CUST10002,Customer_10002,Male,18,Delhi,Telangana,2025-06-17,Consumer
CUST10003,Customer_10003,Male,38,Delhi,Delhi,2025-07-25,Consumer
CUST10004,Customer_10004,Female,25,Delhi,Tamil Nadu,2025-09-15,Consumer
CUST10005,Customer_10005,Male,24,Ahmedabad,Tamil Nadu,2023-10-16,Consumer
CUST10006,Customer_10006,Female,58,Pune,Tamil Nadu,2025-01-20,Consumer
CUST10007,Customer_10007,Male,67,Hyderabad,Telangana,2023-11-16,Premium
CUST10008,Customer_10008,Female,61,Mumbai,West Bengal,2023-11-14,Premium
CUST10009,Customer_10009,Female,57,Mumbai,Delhi,2024-05-01,Consumer
CUST10010,Customer_10010,Female,57,Delhi,Telangana,2024-08-10,Corporate
CUST10011,Customer_10011,Female,47,Kolkata,Gujarat,2023-02-08,Consumer
CUST10012,Customer_10012,Female,55,Kolkata,Tamil Nadu,2025-07-31,Consumer
CUST10013,Customer_10013,Female,52,Pune,Maharashtra,2023-04-15,Consumer
CUST10014,Customer_10014,Male,19,Chennai,Delhi,2024-05-21,Consumer
CUST10015,Customer_10015,Female,63,Delhi,Maharashtra,2024-07-23,Corporate
CUST10016,Customer_10016,Male,25,Ahmedabad,Delhi,2023-11-25,Consumer
CUST10017,Customer_10017,Male,55,Pune,West Bengal,2025-09-10,Corporate
CUST10018,Customer_10018,Male,21,Pune,Tamil Nadu,2023-11-04,Corporate
CUST10019,Customer_10019,Male,54,Ahmedabad,Maharashtra,2023-08-10,Consumer
CUST10020,Customer_10020,Male,38,Chennai,Maharashtra,2024-10-17,Consumer
CUST10021,Customer_10021,Male,30,Pune,Delhi,2025-11-16,Consumer
CUST10022,Customer_10022,Male,26,Ahmedabad,Gujarat,2024-11-03,Consumer
CUST10023,Customer_10023,Female,62,Mumbai,Gujarat,2023-05-31,Consumer
CUST10024,Customer_10024,Male,46,Chennai,Maharashtra,2023-06-22,Consumer
CUST10025,Customer_10025,Female,58,Chennai,Maharashtra,2024-12-23,Corporate
CUST10026,Customer_10026,Male,41,Bengaluru,West Bengal,2025-09-05,Corporate
CUST10027,Customer_10027,Female,33,Chennai,Tamil Nadu,2025-11-11,Consumer
CUST10028,Customer_10028,Female,29,Chennai,Delhi,2025-03-20,Consumer
CUST10029,Customer_10029,Female,19,Ahmedabad,Delhi,2025-05-26,Consumer
CUST10030,Customer_10030,Female,36,Hyderabad,Karnataka,2024-09-12,Corporate
CUST10031,Customer_10031,Male,47,Mumbai,Delhi,2023-02-16,Consumer
CUST10032,Customer_10032,Other,33,Delhi,Tamil Nadu,2025-06-08,Corporate
CUST10033,Customer_10033,Female,41,Ahmedabad,Maharashtra,2025-04-19,Premium
CUST10034,Customer_10034,Female,30,Bengaluru,West Bengal,2024-07-23,Consumer
CUST10035,Customer_10035,Female,22,Chennai,Karnataka,2024-06-21,Premium
CUST10036,Customer_10036,Male,40,Hyderabad,West Bengal,2023-02-13,Consumer
CUST10037,Customer_10037,Female,55,Hyderabad,West Bengal,2024-08-19,Consumer
CUST10038,Customer_10038,Male,48,Ahmedabad,Maharashtra,2023-01-22,Consumer
CUST10039,Customer_10039,Female,34,Pune,Delhi,2023-08-14,Consumer
CUST10040,Customer_10040,Male,66,Delhi,Telangana,2024-07-02,Consumer
CUST10041,Customer_10041,Female,66,Delhi,Maharashtra,2024-01-09,Corporate
CUST10042,Customer_10042,Male,20,Kolkata,Gujarat,2024-09-04,Consumer
CUST10043,Customer_10043,Male,43,Mumbai,Delhi,2024-10-15,Consumer
CUST10044,Customer_10044,Female,30,Kolkata,Gujarat,2025-10-24,Premium
CUST10045,Customer_10045,Female,61,Pune,Tamil Nadu,2023-01-24,Corporate
CUST10046,Customer_10046,Female,55,Chennai,Gujarat,2025-04-12,Consumer
CUST10047,Customer_10047,Male,39,Hyderabad,Delhi,2024-06-22,Consumer
CUST10048,Customer_10048,Male,38,Bengaluru,Karnataka,2024-01-07,Consumer
CUST10049,Customer_10049,Female,46,Mumbai,Gujarat,2025-07-01,Consumer
CUST10050,Customer_10050,Other,62,Ahmedabad,Telangana,2025-12-28,Consumer
CUST10051,Customer_10051,Female,63,Chennai,West Bengal,2025-12-31,Corporate
CUST10052,Customer_10052,Male,56,Pune,Telangana,2025-01-27,Consumer
CUST10053,Customer_10053,Female,22,Delhi,Telangana,2025-02-24,Premium
CUST10054,Customer_10054,Male,31,Pune,Gujarat,2025-10-10,Corporate
CUST10055,Customer_10055,Female,35,Chennai,Tamil Nadu,2023-02-09,Premium
CUST10056,Customer_10056,Male,21,Pune,Telangana,2025-11-28,Premium
CUST10057,Customer_10057,Male,50,Delhi,Maharashtra,2025-12-15,Consumer
CUST10058,Customer_10058,Female,56,Chennai,West Bengal,2025-06-03,Corporate
CUST10059,Customer_10059,Female,37,Bengaluru,Tamil Nadu,2025-01-14,Consumer
CUST10060,Customer_10060,Male,30,Kolkata,Delhi,2024-07-19,Consumer
CUST10061,Customer_10061,Male,53,Mumbai,Karnataka,2023-10-29,Consumer
CUST10062,Customer_10062,Male,62,Pune,Tamil Nadu,2025-08-19,Consumer
CUST10063,Customer_10063,Female,21,Delhi,West Bengal,2025-07-22,Consumer
CUST10064,Customer_10064,Male,52,Bengaluru,West Bengal,2024-07-08,Corporate
CUST10065,Customer_10065,Male,25,Hyderabad,Karnataka,2023-01-04,Consumer
CUST10066,Customer_10066,Female,69,Bengaluru,Tamil Nadu,2025-05-30,Consumer
CUST10067,Customer_10067,Female,57,Bengaluru,Delhi,2024-02-14,Corporate
CUST10068,Customer_10068,Female,66,Bengaluru,Karnataka,2023-09-22,Consumer
CUST10069,Customer_10069,Female,64,Ahmedabad,West Bengal,2023-01-15,Corporate
CUST10070,Customer_10070,Female,53,Delhi,Tamil Nadu,2023-03-29,Premium
CUST10071,Customer_10071,Female,23,Ahmedabad,West Bengal,2023-04-09,Consumer
CUST10072,Customer_10072,Female,39,Hyderabad,Karnataka,2025-10-04,Consumer
CUST10073,Customer_10073,Female,23,Mumbai,Telangana,2023-08-05,Corporate
CUST10074,Customer_10074,Male,59,Bengaluru,West Bengal,2024-02-14,Corporate
CUST10075,Customer_10075,Other,53,Delhi,Telangana,2023-07-10,Corporate
CUST10076,Customer_10076,Male,26,Delhi,Gujarat,2024-09-08,Consumer
CUST10077,Customer_10077,Male,33,Mumbai,Telangana,2025-11-16,Corporate
CUST10078,Customer_10078,Male,56,Kolkata,Maharashtra,2024-08-17,Consumer
CUST10079,Customer_10079,Male,63,Chennai,Telangana,2023-08-18,Corporate
CUST10080,Customer_10080,Female,55,Hyderabad,Telangana,2025-03-10,Consumer
CUST10081,Customer_10081,Female,50,Hyderabad,Delhi,2024-06-13,Corporate
CUST10082,Customer_10082,Female,35,Pune,Karnataka,2023-03-12,Consumer
CUST10083,Customer_10083,Female,29,Bengaluru,Karnataka,2023-04-27,Consumer
CUST10084,Customer_10084,Female,44,Chennai,Telangana,2023-04-10,Consumer
CUST10085,Customer_10085,Male,64,Kolkata,Karnataka,2024-08-22,Consumer
CUST10086,Customer_10086,Female,18,Hyderabad,Tamil Nadu,2025-05-09,Consumer
CUST10087,Customer_10087,Female,32,Kolkata,Gujarat,2023-10-22,Consumer
CUST10088,Customer_10088,Male,64,Pune,West Bengal,2025-10-01,Consumer
CUST10089,Customer_10089,Female,44,Bengaluru,Telangana,2024-09-25,Consumer
CUST10090,Customer_10090,Male,33,Chennai,Gujarat,2023-02-26,Consumer
CUST10091,Customer_10091,Male,38,Delhi,Telangana,2025-11-02,Corporate
CUST10092,Customer_10092,Male,18,Bengaluru,Maharashtra,2023-07-12,Consumer
CUST10093,Customer_10093,Male,46,Chennai,Gujarat,2025-09-20,Consumer
CUST10094,Customer_10094,Female,20,Mumbai,Tamil Nadu,2025-11-12,Consumer
CUST10095,Customer_10095,Female,29,Hyderabad,Telangana,2023-01-30,Corporate
CUST10096,Customer_10096,Male,45,Kolkata,Telangana,2023-11-06,Corporate
CUST10097,Customer_10097,Female,56,Bengaluru,Karnataka,2024-07-25,Consumer
CUST10098,Customer_10098,Female,54,Pune,Telangana,2023-03-07,Premium
CUST10099,Customer_10099,Male,48,Delhi,Gujarat,2023-06-15,Consumer
CUST10100,Customer_10100,Male,48,Pune,Gujarat,2024-07-17,Consumer
CUST10101,Customer_10101,Female,50,Kolkata,Telangana,2023-06-29,Consumer
CUST10102,Customer_10102,Female,50,Bengaluru,Telangana,2024-06-27,Premium
CUST10103,Customer_10103,Other,64,Hyderabad,Telangana,2024-12-26,Consumer
CUST10104,Customer_10104,Male,57,Hyderabad,Maharashtra,2025-02-15,Consumer
CUST10105,Customer_10105,Female,28,Chennai,Tamil Nadu,2025-11-06,Premium
CUST10106,Customer_10106,Male,63,Pune,West Bengal,2023-05-06,Consumer
CUST10107,Customer_10107,Male,46,Pune,Gujarat,2023-03-23,Premium
CUST10108,Customer_10108,Female,42,Delhi,Maharashtra,2025-11-29,Corporate
CUST10109,Customer_10109,Male,30,Kolkata,West Bengal,2025-08-28,Consumer
CUST10110,Customer_10110,Male,68,Chennai,Karnataka,2024-03-13,Consumer
CUST10111,Customer_10111,Male,61,Delhi,Delhi,2025-08-25,Consumer
CUST10112,Customer_10112,Male,36,Ahmedabad,Telangana,2024-06-13,Consumer
CUST10113,Customer_10113,Female,53,Bengaluru,Gujarat,2025-07-22,Consumer
CUST10114,Customer_10114,Female,45,Bengaluru,West Bengal,2025-01-03,Corporate
CUST10115,Customer_10115,Male,21,Ahmedabad,Karnataka,2024-07-10,Consumer
CUST10116,Customer_10116,Male,20,Pune,Gujarat,2023-08-29,Consumer
CUST10117,Customer_10117,Male,55,Kolkata,Delhi,2023-11-30,Premium
CUST10118,Customer_10118,Female,54,Chennai,West Bengal,2023-02-17,Consumer
CUST10119,Customer_10119,Male,60,Ahmedabad,Telangana,2024-04-07,Consumer
CUST10120,Customer_10120,Female,42,Kolkata,Gujarat,2023-11-13,Consumer
CUST10121,Customer_10121,Male,58,Mumbai,Telangana,2023-01-02,Consumer
CUST10122,Customer_10122,Male,52,Hyderabad,Delhi,2024-01-07,Corporate
CUST10123,Customer_10123,Female,46,Ahmedabad,Maharashtra,2025-10-30,Corporate
CUST10124,Customer_10124,Female,58,Kolkata,West Bengal,2024-08-10,Corporate
CUST10125,Customer_10125,Male,46,Chennai,Delhi,2024-02-27,Consumer
CUST10126,Customer_10126,Female,29,Ahmedabad,Delhi,2025-04-12,Corporate
CUST10127,Customer_10127,Female,52,Kolkata,Gujarat,2025-08-19,Consumer
CUST10128,Customer_10128,Female,37,Ahmedabad,West Bengal,2024-12-27,Consumer
CUST10129,Customer_10129,Female,34,Chennai,Tamil Nadu,2024-04-20,Consumer
CUST10130,Customer_10130,Female,29,Bengaluru,Telangana,2023-09-02,Consumer
CUST10131,Customer_10131,Other,67,Hyderabad,West Bengal,2024-11-22,Premium
CUST10132,Customer_10132,Male,53,Kolkata,Gujarat,2024-05-02,Premium
CUST10133,Customer_10133,Female,27,Kolkata,Telangana,2025-05-02,Premium
CUST10134,Customer_10134,Male,35,Kolkata,Maharashtra,2025-01-22,Consumer
CUST10135,Customer_10135,Male,47,Ahmedabad,West Bengal,2025-07-16,Corporate
CUST10136,Customer_10136,Male,25,Chennai,Maharashtra,2025-10-25,Corporate
CUST10137,Customer_10137,Male,58,Ahmedabad,Tamil Nadu,2023-08-05,Corporate
CUST10138,Customer_10138,Female,68,Kolkata,Tamil Nadu,2025-08-16,Consumer
CUST10139,Customer_10139,Female,30,Bengaluru,Tamil Nadu,2023-11-06,Corporate
CUST10140,Customer_10140,Female,48,Bengaluru,Maharashtra,2023-02-07,Consumer
CUST10141,Customer_10141,Male,23,Pune,Delhi,2025-06-23,Corporate
CUST10142,Customer_10142,Male,24,Ahmedabad,Gujarat,2025-12-20,Corporate
CUST10143,Customer_10143,Female,38,Pune,Telangana,2023-08-21,Corporate
CUST10144,Customer_10144,Male,55,Chennai,Telangana,2024-05-27,Corporate
CUST10145,Customer_10145,Female,60,Chennai,Gujarat,2023-05-30,Consumer
CUST10146,Customer_10146,Female,66,Bengaluru,Karnataka,2023-08-03,Premium
CUST10147,Customer_10147,Female,68,Pune,Maharashtra,2024-02-03,Consumer
CUST10148,Customer_10148,Female,45,Kolkata,Maharashtra,2025-10-26,Consumer
CUST10149,Customer_10149,Female,61,Kolkata,Tamil Nadu,2023-07-08,Consumer
CUST10150,Customer_10150,Male,38,Ahmedabad,West Bengal,2024-10-21,Corporate
CUST10151,Customer_10151,Female,38,Chennai,West Bengal,2023-01-28,Corporate
CUST10152,Customer_10152,Male,41,Hyderabad,Gujarat,2024-11-07,Premium
CUST10153,Customer_10153,Male,44,Bengaluru,Karnataka,2023-05-15,Consumer
CUST10154,Customer_10154,Male,44,Bengaluru,Karnataka,2023-11-01,Consumer
CUST10155,Customer_10155,Female,30,Chennai,Maharashtra,2024-05-09,Consumer
CUST10156,Customer_10156,Male,67,Chennai,Tamil Nadu,2024-12-24,Corporate
CUST10157,Customer_10157,Male,46,Chennai,Telangana,2025-05-09,Consumer
CUST10158,Customer_10158,Male,56,Ahmedabad,Tamil Nadu,2024-01-26,Corporate
CUST10159,Customer_10159,Female,45,Kolkata,Telangana,2025-11-04,Premium
CUST10160,Customer_10160,Female,54,Kolkata,West Bengal,2024-08-21,Consumer
CUST10161,Customer_10161,Female,46,Ahmedabad,Maharashtra,2025-07-07,Corporate
CUST10162,Customer_10162,Female,65,Hyderabad,Tamil Nadu,2025-06-10,Consumer
CUST10163,Customer_10163,Male,39,Ahmedabad,Karnataka,2023-08-11,Consumer
CUST10164,Customer_10164,Male,53,Bengaluru,Gujarat,2025-04-07,Consumer
CUST10165,Customer_10165,Female,47,Mumbai,Delhi,2023-09-23,Corporate
CUST10166,Customer_10166,Male,45,Ahmedabad,Karnataka,2023-09-10,Consumer
CUST10167,Customer_10167,Male,40,Hyderabad,West Bengal,2023-07-18,Consumer
CUST10168,Customer_10168,Male,50,Hyderabad,Gujarat,2025-12-15,Premium
CUST10169,Customer_10169,Female,21,Kolkata,Telangana,2025-07-16,Consumer
CUST10170,Customer_10170,Male,20,Ahmedabad,Maharashtra,2024-02-11,Corporate
CUST10171,Customer_10171,Female,49,Pune,Tamil Nadu,2024-04-30,Corporate
CUST10172,Customer_10172,Male,21,Bengaluru,West Bengal,2025-05-02,Consumer
CUST10173,Customer_10173,Female,18,Kolkata,West Bengal,2023-12-29,Consumer
CUST10174,Customer_10174,Male,29,Mumbai,Maharashtra,2023-07-31,Consumer
CUST10175,Customer_10175,Male,30,Bengaluru,Maharashtra,2024-12-01,Premium
CUST10176,Customer_10176,Male,51,Hyderabad,Telangana,2025-05-26,Consumer
CUST10177,Customer_10177,Female,46,Chennai,Maharashtra,2024-09-05,Corporate
CUST10178,Customer_10178,Male,26,Bengaluru,Tamil Nadu,2025-07-04,Corporate
CUST10179,Customer_10179,Female,48,Ahmedabad,West Bengal,2023-05-23,Consumer
CUST10180,Customer_10180,Female,24,Bengaluru,Karnataka,2025-12-29,Corporate
CUST10181,Customer_10181,Female,30,Chennai,Maharashtra,2025-08-15,Consumer
CUST10182,Customer_10182,Male,19,Mumbai,Tamil Nadu,2025-05-14,Consumer
CUST10183,Customer_10183,Male,50,Mumbai,Tamil Nadu,2023-03-01,Consumer
CUST10184,Customer_10184,Male,67,Bengaluru,Telangana,2024-06-05,Premium
CUST10185,Customer_10185,Female,24,Kolkata,Maharashtra,2023-11-05,Premium
CUST10186,Customer_10186,Female,35,Ahmedabad,West Bengal,2023-12-07,Consumer
CUST10187,Customer_10187,Female,68,Chennai,Telangana,2025-06-18,Consumer
CUST10188,Customer_10188,Female,25,Pune,Karnataka,2025-01-31,Corporate
CUST10189,Customer_10189,Male,29,Bengaluru,Karnataka,2023-08-28,Consumer
CUST10190,Customer_10190,Male,60,Chennai,Gujarat,2023-08-13,Corporate
CUST10191,Customer_10191,Female,47,Hyderabad,Tamil Nadu,2023-10-06,Consumer
CUST10192,Customer_10192,Male,26,Pune,Maharashtra,2024-03-04,Consumer
CUST10193,Customer_10193,Male,45,Chennai,Gujarat,2024-02-06,Corporate
CUST10194,Customer_10194,Female,21,Kolkata,West Bengal,2023-02-15,Consumer
CUST10195,Customer_10195,Male,56,Bengaluru,Tamil Nadu,2024-05-28,Consumer
CUST10196,Customer_10196,Female,34,Delhi,West Bengal,2025-10-20,Consumer
CUST10197,Customer_10197,Female,28,Mumbai,Maharashtra,2023-10-31,Consumer
CUST10198,Customer_10198,Female,19,Bengaluru,Telangana,2023-06-01,Corporate
CUST10199,Customer_10199,Male,40,Chennai,Karnataka,2023-12-17,Corporate
CUST10200,Customer_10200,Male,67,Ahmedabad,Gujarat,2024-12-05,Consumer
CUST10201,Customer_10201,Female,39,Pune,West Bengal,2023-04-02,Consumer
CUST10202,Customer_10202,Male,43,Pune,Gujarat,2023-04-16,Corporate
CUST10203,Customer_10203,Male,29,Chennai,Karnataka,2025-01-10,Premium
CUST10204,Customer_10204,Male,49,Ahmedabad,Telangana,2023-05-12,Consumer
CUST10205,Customer_10205,Male,26,Mumbai,Delhi,2025-02-07,Corporate
CUST10206,Customer_10206,Male,60,Bengaluru,Delhi,2024-04-02,Consumer
CUST10207,Customer_10207,Female,22,Pune,West Bengal,2025-06-17,Corporate
CUST10208,Customer_10208,Male,43,Pune,Delhi,2025-11-10,Consumer
CUST10209,Customer_10209,Male,24,Delhi,Maharashtra,2023-09-06,Corporate
CUST10210,Customer_10210,Female,46,Hyderabad,Gujarat,2023-07-11,Consumer
CUST10211,Customer_10211,Female,50,Delhi,Telangana,2024-08-07,Consumer
CUST10212,Customer_10212,Male,41,Hyderabad,Maharashtra,2023-06-17,Consumer
CUST10213,Customer_10213,Male,42,Pune,Maharashtra,2023-06-20,Consumer
CUST10214,Customer_10214,Female,48,Hyderabad,West Bengal,2024-06-19,Consumer
CUST10215,Customer_10215,Female,46,Bengaluru,Telangana,2024-02-12,Consumer
CUST10216,Customer_10216,Female,22,Pune,Maharashtra,2024-05-15,Corporate
CUST10217,Customer_10217,Female,55,Pune,West Bengal,2023-04-09,Corporate
CUST10218,Customer_10218,Male,62,Ahmedabad,Gujarat,2025-04-15,Corporate
CUST10219,Customer_10219,Female,28,Hyderabad,Telangana,2025-12-16,Premium
CUST10220,Customer_10220,Male,49,Chennai,Delhi,2023-09-04,Consumer
CUST10221,Customer_10221,Female,25,Hyderabad,Delhi,2024-11-14,Corporate
CUST10222,Customer_10222,Female,37,Hyderabad,Maharashtra,2024-12-13,Premium
CUST10223,Customer_10223,Female,51,Mumbai,Karnataka,2023-04-17,Consumer
CUST10224,Customer_10224,Male,64,Mumbai,Telangana,2025-12-07,Consumer
CUST10225,Customer_10225,Male,59,Bengaluru,Tamil Nadu,2025-04-24,Consumer
CUST10226,Customer_10226,Female,25,Bengaluru,West Bengal,2023-02-15,Premium
CUST10227,Customer_10227,Female,19,Chennai,Tamil Nadu,2024-01-31,Consumer
CUST10228,Customer_10228,Female,38,Mumbai,Maharashtra,2025-12-19,Consumer
CUST10229,Customer_10229,Male,32,Delhi,Karnataka,2024-09-07,Consumer
CUST10230,Customer_10230,Male,23,Bengaluru,Telangana,2025-08-07,Consumer
CUST10231,Customer_10231,Female,22,Bengaluru,Delhi,2024-11-04,Corporate
CUST10232,Customer_10232,Male,20,Mumbai,Maharashtra,2023-08-25,Corporate
CUST10233,Customer_10233,Female,60,Mumbai,Telangana,2024-09-20,Consumer
CUST10234,Customer_10234,Male,60,Chennai,Telangana,2023-06-19,Consumer
CUST10235,Customer_10235,Female,33,Ahmedabad,Telangana,2025-03-31,Consumer
CUST10236,Customer_10236,Female,52,Mumbai,Karnataka,2024-01-27,Consumer
CUST10237,Customer_10237,Female,26,Ahmedabad,Telangana,2024-05-15,Consumer
CUST10238,Customer_10238,Male,52,Kolkata,Karnataka,2023-06-23,Corporate
CUST10239,Customer_10239,Female,36,Hyderabad,Karnataka,2024-08-15,Consumer
CUST10240,Customer_10240,Male,60,Pune,Gujarat,2023-06-21,Consumer
CUST10241,Customer_10241,Female,63,Delhi,Telangana,2025-08-15,Consumer
CUST10242,Customer_10242,Male,51,Pune,Gujarat,2024-11-06,Consumer
CUST10243,Customer_10243,Male,56,Hyderabad,Delhi,2025-03-19,Consumer
CUST10244,Customer_10244,Male,27,Kolkata,Gujarat,2024-09-14,Corporate
CUST10245,Customer_10245,Male,27,Kolkata,Gujarat,2024-12-19,Consumer
CUST10246,Customer_10246,Female,37,Hyderabad,West Bengal,2023-12-04,Corporate
CUST10247,Customer_10247,Male,18,Pune,West Bengal,2025-12-29,Corporate
CUST10248,Customer_10248,Female,23,Hyderabad,West Bengal,2025-07-25,Corporate
CUST10249,Customer_10249,Other,63,Bengaluru,Telangana,2024-01-13,Consumer
CUST10250,Customer_10250,Male,19,Kolkata,Delhi,2025-11-01,Consumer
CUST10251,Customer_10251,Female,55,Pune,Maharashtra,2024-02-22,Consumer
CUST10252,Customer_10252,Male,50,Ahmedabad,Tamil Nadu,2023-11-27,Consumer
CUST10253,Customer_10253,Male,20,Hyderabad,Maharashtra,2025-09-09,Consumer
CUST10254,Customer_10254,Male,53,Ahmedabad,Karnataka,2023-10-07,Consumer
CUST10255,Customer_10255,Female,30,Bengaluru,Maharashtra,2025-05-30,Consumer
CUST10256,Customer_10256,Male,52,Mumbai,Tamil Nadu,2024-03-22,Corporate
CUST10257,Customer_10257,Female,32,Kolkata,Tamil Nadu,2025-04-10,Corporate
CUST10258,Customer_10258,Female,62,Delhi,Delhi,2025-01-04,Consumer
CUST10259,Customer_10259,Female,39,Delhi,West Bengal,2025-11-17,Consumer
CUST10260,Customer_10260,Male,60,Hyderabad,Maharashtra,2023-07-12,Consumer
CUST10261,Customer_10261,Female,21,Delhi,Karnataka,2025-03-23,Consumer
CUST10262,Customer_10262,Female,34,Bengaluru,Gujarat,2025-08-19,Consumer
CUST10263,Customer_10263,Female,22,Mumbai,Gujarat,2024-02-28,Consumer
CUST10264,Customer_10264,Female,38,Hyderabad,Karnataka,2024-12-06,Premium
CUST10265,Customer_10265,Female,41,Chennai,Delhi,2023-04-01,Corporate
CUST10266,Customer_10266,Male,48,Pune,Gujarat,2024-10-09,Corporate
CUST10267,Customer_10267,Male,57,Kolkata,Delhi,2025-03-05,Corporate
CUST10268,Customer_10268,Male,47,Ahmedabad,Gujarat,2025-01-10,Corporate
CUST10269,Customer_10269,Male,59,Delhi,Gujarat,2023-05-25,Consumer
CUST10270,Customer_10270,Male,24,Delhi,Maharashtra,2024-03-27,Consumer
CUST10271,Customer_10271,Male,66,Hyderabad,Delhi,2023-08-30,Consumer
CUST10272,Customer_10272,Male,24,Pune,Tamil Nadu,2025-11-20,Corporate
CUST10273,Customer_10273,Female,44,Pune,Karnataka,2025-02-11,Corporate
CUST10274,Customer_10274,Male,41,Delhi,Gujarat,2025-12-19,Consumer
CUST10275,Customer_10275,Female,36,Delhi,West Bengal,2024-04-20,Premium
CUST10276,Customer_10276,Male,58,Ahmedabad,Tamil Nadu,2023-04-11,Consumer
CUST10277,Customer_10277,Female,51,Chennai,Telangana,2025-03-20,Consumer
CUST10278,Customer_10278,Female,39,Pune,Tamil Nadu,2025-03-01,Consumer
CUST10279,Customer_10279,Male,69,Bengaluru,West Bengal,2024-09-24,Consumer
CUST10280,Customer_10280,Male,68,Kolkata,Karnataka,2025-05-26,Corporate
CUST10281,Customer_10281,Male,44,Hyderabad,Telangana,2024-08-11,Consumer
CUST10282,Customer_10282,Male,23,Hyderabad,Maharashtra,2023-09-30,Consumer
CUST10283,Customer_10283,Female,27,Chennai,West Bengal,2025-05-31,Consumer
CUST10284,Customer_10284,Female,62,Kolkata,Telangana,2023-02-27,Corporate
CUST10285,Customer_10285,Male,48,Chennai,Delhi,2025-01-28,Consumer
CUST10286,Customer_10286,Male,42,Bengaluru,Karnataka,2025-09-09,Consumer
CUST10287,Customer_10287,Male,19,Mumbai,Delhi,2025-08-02,Corporate
CUST10288,Customer_10288,Male,27,Hyderabad,Tamil Nadu,2024-01-22,Consumer
CUST10289,Customer_10289,Female,27,Pune,Maharashtra,2023-02-14,Consumer
CUST10290,Customer_10290,Male,43,Kolkata,Karnataka,2023-10-18,Consumer
CUST10291,Customer_10291,Female,22,Delhi,Maharashtra,2025-03-25,Consumer
CUST10292,Customer_10292,Male,39,Kolkata,Gujarat,2023-08-28,Corporate
CUST10293,Customer_10293,Male,21,Bengaluru,Karnataka,2023-10-03,Consumer
CUST10294,Customer_10294,Female,51,Ahmedabad,West Bengal,2024-02-22,Consumer
CUST10295,Customer_10295,Male,24,Hyderabad,Delhi,2023-07-26,Consumer
CUST10296,Customer_10296,Female,67,Pune,Tamil Nadu,2023-12-31,Corporate
CUST10297,Customer_10297,Female,34,Bengaluru,Telangana,2025-04-12,Consumer
CUST10298,Customer_10298,Male,28,Ahmedabad,Maharashtra,2024-07-21,Corporate
CUST10299,Customer_10299,Male,67,Mumbai,Karnataka,2023-06-09,Corporate
CUST10300,Customer_10300,Female,25,Pune,Karnataka,2023-04-06,Consumer
CUST10301,Customer_10301,Female,45,Hyderabad,Gujarat,2024-02-29,Corporate
CUST10302,Customer_10302,Female,61,Kolkata,Maharashtra,2024-08-21,Consumer
CUST10303,Customer_10303,Male,50,Delhi,Telangana,2023-09-25,Consumer
CUST10304,Customer_10304,Other,69,Pune,Tamil Nadu,2023-02-13,Corporate
CUST10305,Customer_10305,Male,42,Ahmedabad,Karnataka,2024-08-17,Corporate
CUST10306,Customer_10306,Female,38,Ahmedabad,Karnataka,2025-10-08,Corporate
CUST10307,Customer_10307,Female,29,Hyderabad,Maharashtra,2023-01-09,Consumer
CUST10308,Customer_10308,Male,43,Ahmedabad,Maharashtra,2024-10-30,Consumer
CUST10309,Customer_10309,Female,46,Bengaluru,Karnataka,2024-01-16,Corporate
CUST10310,Customer_10310,Male,55,Mumbai,Karnataka,2024-12-27,Consumer
CUST10311,Customer_10311,Female,52,Ahmedabad,Gujarat,2023-04-25,Consumer
CUST10312,Customer_10312,Male,54,Pune,Karnataka,2024-01-23,Consumer
CUST10313,Customer_10313,Female,63,Bengaluru,Delhi,2024-03-14,Corporate
CUST10314,Customer_10314,Male,61,Bengaluru,Karnataka,2025-06-28,Premium
CUST10315,Customer_10315,Female,62,Chennai,Tamil Nadu,2025-04-24,Consumer
CUST10316,Customer_10316,Female,62,Bengaluru,Tamil Nadu,2025-07-23,Consumer
CUST10317,Customer_10317,Male,46,Kolkata,West Bengal,2025-05-25,Corporate
CUST10318,Customer_10318,Male,66,Pune,Gujarat,2023-01-28,Corporate
CUST10319,Customer_10319,Female,41,Mumbai,Telangana,2024-09-27,Premium
CUST10320,Customer_10320,Male,32,Delhi,Maharashtra,2023-03-18,Consumer
CUST10321,Customer_10321,Female,23,Chennai,Telangana,2024-08-09,Consumer
CUST10322,Customer_10322,Male,49,Bengaluru,Karnataka,2023-08-22,Consumer
CUST10323,Customer_10323,Female,61,Pune,Maharashtra,2023-11-25,Consumer
CUST10324,Customer_10324,Male,51,Kolkata,Karnataka,2025-10-25,Premium
CUST10325,Customer_10325,Male,53,Kolkata,Maharashtra,2023-12-14,Consumer
CUST10326,Customer_10326,Male,37,Kolkata,Gujarat,2025-01-26,Corporate
CUST10327,Customer_10327,Male,29,Hyderabad,West Bengal,2024-02-23,Consumer
CUST10328,Customer_10328,Male,52,Chennai,Delhi,2024-01-26,Consumer
CUST10329,Customer_10329,Female,66,Mumbai,West Bengal,2024-08-12,Consumer
CUST10330,Customer_10330,Female,55,Hyderabad,Delhi,2023-04-25,Consumer
CUST10331,Customer_10331,Female,34,Ahmedabad,Delhi,2023-01-04,Corporate
CUST10332,Customer_10332,Female,44,Mumbai,West Bengal,2024-10-04,Consumer
CUST10333,Customer_10333,Male,34,Hyderabad,Gujarat,2023-01-09,Corporate
CUST10334,Customer_10334,Female,28,Delhi,West Bengal,2023-04-28,Consumer
CUST10335,Customer_10335,Male,56,Mumbai,Telangana,2025-05-05,Consumer
CUST10336,Customer_10336,Female,19,Hyderabad,Maharashtra,2024-11-30,Consumer
CUST10337,Customer_10337,Male,68,Ahmedabad,Telangana,2025-07-20,Corporate
CUST10338,Customer_10338,Male,19,Kolkata,Maharashtra,2023-05-05,Corporate
CUST10339,Customer_10339,Male,46,Ahmedabad,Karnataka,2023-08-11,Corporate
CUST10340,Customer_10340,Female,62,Mumbai,Delhi,2023-11-24,Consumer
CUST10341,Customer_10341,Male,41,Ahmedabad,Delhi,2025-10-13,Consumer
CUST10342,Customer_10342,Female,41,Chennai,Maharashtra,2025-03-28,Consumer
CUST10343,Customer_10343,Male,33,Mumbai,Telangana,2023-09-16,Corporate
CUST10344,Customer_10344,Female,48,Pune,Telangana,2023-03-08,Consumer
CUST10345,Customer_10345,Female,66,Mumbai,Tamil Nadu,2025-06-01,Corporate
CUST10346,Customer_10346,Male,60,Hyderabad,Delhi,2025-12-21,Consumer
CUST10347,Customer_10347,Male,26,Ahmedabad,Delhi,2025-08-29,Consumer
CUST10348,Customer_10348,Female,44,Ahmedabad,Telangana,2023-10-06,Corporate
CUST10349,Customer_10349,Female,58,Mumbai,Delhi,2024-08-11,Consumer
CUST10350,Customer_10350,Male,31,Delhi,Telangana,2023-09-29,Consumer
CUST10351,Customer_10351,Female,62,Bengaluru,Tamil Nadu,2024-05-16,Corporate
CUST10352,Customer_10352,Female,42,Chennai,Maharashtra,2024-10-19,Consumer
CUST10353,Customer_10353,Male,60,Pune,Maharashtra,2025-06-11,Consumer
CUST10354,Customer_10354,Female,61,Kolkata,Tamil Nadu,2024-07-21,Corporate
CUST10355,Customer_10355,Male,39,Hyderabad,Delhi,2023-08-06,Premium
CUST10356,Customer_10356,Male,52,Kolkata,West Bengal,2024-11-15,Corporate
CUST10357,Customer_10357,Female,50,Kolkata,Karnataka,2023-06-08,Consumer
CUST10358,Customer_10358,Male,44,Ahmedabad,Delhi,2023-12-26,Corporate
CUST10359,Customer_10359,Male,57,Mumbai,Telangana,2024-06-27,Consumer
CUST10360,Customer_10360,Female,43,Mumbai,Gujarat,2023-10-18,Corporate
CUST10361,Customer_10361,Female,36,Mumbai,Karnataka,2023-02-05,Consumer
CUST10362,Customer_10362,Female,62,Ahmedabad,Tamil Nadu,2025-09-05,Consumer
CUST10363,Customer_10363,Female,56,Chennai,Maharashtra,2025-05-09,Premium
CUST10364,Customer_10364,Female,62,Pune,Maharashtra,2023-03-07,Premium
CUST10365,Customer_10365,Male,43,Bengaluru,West Bengal,2025-03-07,Consumer
CUST10366,Customer_10366,Male,23,Delhi,Delhi,2023-06-06,Consumer
CUST10367,Customer_10367,Female,20,Pune,Maharashtra,2023-05-01,Premium
CUST10368,Customer_10368,Male,23,Delhi,Delhi,2023-07-11,Consumer
CUST10369,Customer_10369,Female,45,Kolkata,West Bengal,2023-12-23,Consumer
CUST10370,Customer_10370,Female,20,Pune,West Bengal,2024-06-14,Consumer
CUST10371,Customer_10371,Male,30,Hyderabad,Telangana,2024-04-24,Consumer
CUST10372,Customer_10372,Female,30,Bengaluru,Telangana,2025-03-07,Consumer
CUST10373,Customer_10373,Female,30,Bengaluru,Tamil Nadu,2025-08-11,Premium
CUST10374,Customer_10374,Male,18,Chennai,Gujarat,2023-07-07,Consumer
CUST10375,Customer_10375,Other,57,Ahmedabad,Telangana,2024-04-20,Consumer
CUST10376,Customer_10376,Female,54,Pune,Delhi,2025-07-05,Consumer
CUST10377,Customer_10377,Male,48,Mumbai,Maharashtra,2024-10-10,Consumer
CUST10378,Customer_10378,Female,69,Bengaluru,Telangana,2023-06-11,Consumer
CUST10379,Customer_10379,Female,34,Pune,Telangana,2025-03-12,Premium
CUST10380,Customer_10380,Female,26,Mumbai,Delhi,2023-02-16,Consumer
CUST10381,Customer_10381,Female,62,Chennai,West Bengal,2023-01-24,Premium
CUST10382,Customer_10382,Female,30,Kolkata,Telangana,2023-06-23,Corporate
CUST10383,Customer_10383,Male,54,Kolkata,Maharashtra,2025-05-28,Corporate
CUST10384,Customer_10384,Female,31,Pune,Gujarat,2025-02-12,Consumer
CUST10385,Customer_10385,Female,28,Pune,Maharashtra,2023-08-18,Consumer
CUST10386,Customer_10386,Male,42,Hyderabad,West Bengal,2024-12-03,Consumer
CUST10387,Customer_10387,Male,48,Pune,Gujarat,2023-04-28,Corporate
CUST10388,Customer_10388,Female,31,Hyderabad,Maharashtra,2023-02-22,Consumer
CUST10389,Customer_10389,Female,24,Mumbai,West Bengal,2025-08-05,Consumer
CUST10390,Customer_10390,Female,41,Ahmedabad,Maharashtra,2024-07-25,Corporate
CUST10391,Customer_10391,Female,66,Kolkata,Karnataka,2024-06-06,Consumer
CUST10392,Customer_10392,Female,53,Ahmedabad,West Bengal,2025-02-10,Consumer
CUST10393,Customer_10393,Female,59,Mumbai,Maharashtra,2025-02-20,Consumer
CUST10394,Customer_10394,Female,59,Kolkata,West Bengal,2024-10-16,Corporate
CUST10395,Customer_10395,Male,64,Kolkata,West Bengal,2023-04-23,Consumer
CUST10396,Customer_10396,Female,69,Bengaluru,Karnataka,2023-04-09,Consumer
CUST10397,Customer_10397,Female,61,Chennai,Maharashtra,2024-04-17,Consumer
CUST10398,Customer_10398,Female,58,Ahmedabad,West Bengal,2025-11-12,Corporate
CUST10399,Customer_10399,Female,20,Hyderabad,West Bengal,2023-08-27,Consumer
CUST10400,Customer_10400,Female,64,Kolkata,Maharashtra,2024-09-12,Consumer
CUST10401,Customer_10401,Male,61,Bengaluru,Delhi,2024-11-02,Corporate
CUST10402,Customer_10402,Male,43,Ahmedabad,Gujarat,2024-01-22,Consumer
CUST10403,Customer_10403,Male,64,Delhi,Maharashtra,2024-08-28,Corporate
CUST10404,Customer_10404,Male,43,Bengaluru,Telangana,2023-05-02,Corporate
CUST10405,Customer_10405,Female,18,Mumbai,Maharashtra,2024-07-16,Consumer
CUST10406,Customer_10406,Male,32,Delhi,Tamil Nadu,2023-11-13,Consumer
CUST10407,Customer_10407,Male,28,Ahmedabad,Delhi,2023-01-20,Consumer
CUST10408,Customer_10408,Female,54,Bengaluru,Delhi,2024-06-25,Corporate
CUST10409,Customer_10409,Female,24,Pune,Maharashtra,2024-02-09,Consumer
CUST10410,Customer_10410,Male,29,Chennai,Tamil Nadu,2025-09-04,Consumer
CUST10411,Customer_10411,Female,69,Hyderabad,West Bengal,2024-11-23,Consumer
CUST10412,Customer_10412,Female,55,Pune,Gujarat,2023-04-22,Consumer
CUST10413,Customer_10413,Male,20,Delhi,Maharashtra,2025-10-30,Consumer
CUST10414,Customer_10414,Male,59,Kolkata,Telangana,2024-01-14,Consumer
CUST10415,Customer_10415,Female,43,Chennai,West Bengal,2025-07-28,Consumer
CUST10416,Customer_10416,Female,47,Kolkata,Delhi,2023-08-26,Consumer
CUST10417,Customer_10417,Female,49,Bengaluru,West Bengal,2024-10-05,Corporate
CUST10418,Customer_10418,Male,53,Pune,Delhi,2023-11-26,Consumer
CUST10419,Customer_10419,Male,62,Mumbai,Gujarat,2023-07-04,Consumer
CUST10420,Customer_10420,Female,68,Ahmedabad,Tamil Nadu,2024-04-26,Consumer
CUST10421,Customer_10421,Male,54,Mumbai,Karnataka,2024-08-23,Consumer
CUST10422,Customer_10422,Male,35,Chennai,Gujarat,2023-12-28,Consumer
CUST10423,Customer_10423,Female,18,Mumbai,Tamil Nadu,2025-11-25,Consumer
CUST10424,Customer_10424,Male,38,Hyderabad,West Bengal,2024-05-30,Corporate
CUST10425,Customer_10425,Female,45,Ahmedabad,Telangana,2023-11-26,Consumer
CUST10426,Customer_10426,Female,65,Kolkata,Tamil Nadu,2023-09-26,Corporate
CUST10427,Customer_10427,Male,33,Chennai,Gujarat,2025-12-29,Consumer
CUST10428,Customer_10428,Female,65,Ahmedabad,Karnataka,2025-08-12,Corporate
CUST10429,Customer_10429,Male,45,Chennai,West Bengal,2024-01-13,Consumer
CUST10430,Customer_10430,Female,39,Mumbai,Telangana,2023-10-20,Corporate
CUST10431,Customer_10431,Male,36,Chennai,Telangana,2023-12-26,Consumer
CUST10432,Customer_10432,Male,65,Bengaluru,Karnataka,2024-06-07,Corporate
CUST10433,Customer_10433,Female,18,Delhi,Maharashtra,2024-09-15,Consumer
CUST10434,Customer_10434,Male,48,Pune,Tamil Nadu,2025-11-25,Consumer
CUST10435,Customer_10435,Female,69,Delhi,Gujarat,2023-12-10,Corporate
CUST10436,Customer_10436,Male,69,Ahmedabad,Telangana,2024-09-09,Consumer
CUST10437,Customer_10437,Male,59,Kolkata,Gujarat,2024-07-28,Consumer
CUST10438,Customer_10438,Female,51,Pune,Tamil Nadu,2024-02-01,Corporate
CUST10439,Customer_10439,Male,63,Mumbai,West Bengal,2024-02-25,Consumer
CUST10440,Customer_10440,Male,57,Ahmedabad,Karnataka,2024-10-22,Consumer
CUST10441,Customer_10441,Female,23,Hyderabad,Delhi,2024-02-06,Corporate
CUST10442,Customer_10442,Female,45,Hyderabad,Karnataka,2023-02-15,Corporate
CUST10443,Customer_10443,Female,20,Mumbai,Tamil Nadu,2024-11-17,Consumer
CUST10444,Customer_10444,Female,48,Kolkata,Telangana,2023-06-03,Corporate
CUST10445,Customer_10445,Male,33,Mumbai,West Bengal,2023-09-18,Consumer
CUST10446,Customer_10446,Female,34,Chennai,Tamil Nadu,2024-10-06,Corporate
CUST10447,Customer_10447,Male,61,Hyderabad,West Bengal,2023-10-14,Consumer
CUST10448,Customer_10448,Female,44,Ahmedabad,Delhi,2025-04-24,Consumer
CUST10449,Customer_10449,Male,68,Delhi,Telangana,2024-09-30,Consumer
CUST10450,Customer_10450,Other,41,Mumbai,West Bengal,2024-12-05,Corporate
CUST10451,Customer_10451,Female,37,Kolkata,Delhi,2023-06-06,Consumer
CUST10452,Customer_10452,Female,49,Ahmedabad,West Bengal,2024-09-05,Corporate
CUST10453,Customer_10453,Female,52,Kolkata,Maharashtra,2024-03-04,Consumer
CUST10454,Customer_10454,Female,30,Delhi,Gujarat,2025-09-08,Corporate
CUST10455,Customer_10455,Female,65,Pune,Karnataka,2025-05-01,Consumer
CUST10456,Customer_10456,Male,60,Delhi,Maharashtra,2023-09-24,Corporate
CUST10457,Customer_10457,Male,37,Kolkata,Tamil Nadu,2023-02-28,Corporate
CUST10458,Customer_10458,Male,65,Hyderabad,Maharashtra,2024-09-08,Consumer
CUST10459,Customer_10459,Male,69,Pune,Karnataka,2023-06-20,Consumer
CUST10460,Customer_10460,Female,19,Ahmedabad,Telangana,2024-10-18,Corporate
CUST10461,Customer_10461,Female,21,Delhi,Gujarat,2025-04-16,Corporate
CUST10462,Customer_10462,Female,44,Chennai,Delhi,2025-10-20,Consumer
CUST10463,Customer_10463,Female,42,Chennai,West Bengal,2025-04-01,Consumer
CUST10464,Customer_10464,Female,21,Hyderabad,Telangana,2025-01-03,Corporate
CUST10465,Customer_10465,Male,49,Ahmedabad,Gujarat,2024-02-02,Corporate
CUST10466,Customer_10466,Male,34,Chennai,Maharashtra,2025-11-04,Consumer
CUST10467,Customer_10467,Male,18,Mumbai,Tamil Nadu,2025-08-26,Consumer
CUST10468,Customer_10468,Male,50,Pune,Maharashtra,2024-04-06,Corporate
CUST10469,Customer_10469,Female,47,Hyderabad,Karnataka,2023-05-18,Consumer
CUST10470,Customer_10470,Female,22,Pune,Karnataka,2025-01-31,Corporate
CUST10471,Customer_10471,Female,29,Ahmedabad,Tamil Nadu,2023-05-30,Corporate
CUST10472,Customer_10472,Female,55,Kolkata,Gujarat,2025-05-12,Corporate
CUST10473,Customer_10473,Female,49,Delhi,Telangana,2025-02-19,Corporate
CUST10474,Customer_10474,Male,55,Mumbai,West Bengal,2024-08-15,Consumer
CUST10475,Customer_10475,Female,34,Hyderabad,West Bengal,2023-10-27,Consumer
CUST10476,Customer_10476,Male,62,Delhi,Karnataka,2025-01-28,Consumer
CUST10477,Customer_10477,Male,57,Delhi,Karnataka,2025-06-03,Premium
CUST10478,Customer_10478,Male,49,Delhi,Tamil Nadu,2024-05-18,Consumer
CUST10479,Customer_10479,Male,41,Delhi,Telangana,2025-03-12,Consumer
CUST10480,Customer_10480,Male,29,Delhi,Maharashtra,2025-03-28,Corporate
CUST10481,Customer_10481,Male,64,Hyderabad,Delhi,2023-11-06,Consumer
CUST10482,Customer_10482,Female,48,Chennai,Tamil Nadu,2024-07-27,Corporate
CUST10483,Customer_10483,Female,36,Delhi,Telangana,2024-08-18,Consumer
CUST10484,Customer_10484,Male,46,Kolkata,Delhi,2023-01-27,Consumer
CUST10485,Customer_10485,Male,38,Kolkata,West Bengal,2024-01-16,Consumer
CUST10486,Customer_10486,Female,43,Mumbai,Tamil Nadu,2023-05-11,Consumer
CUST10487,Customer_10487,Male,69,Hyderabad,Maharashtra,2024-09-30,Consumer
CUST10488,Customer_10488,Female,45,Bengaluru,Maharashtra,2025-10-16,Premium
CUST10489,Customer_10489,Female,34,Chennai,Telangana,2023-10-12,Consumer
CUST10490,Customer_10490,Male,26,Mumbai,Telangana,2025-01-06,Premium
CUST10491,Customer_10491,Male,38,Kolkata,Maharashtra,2025-12-27,Premium
CUST10492,Customer_10492,Male,67,Delhi,Maharashtra,2023-08-21,Consumer
CUST10493,Customer_10493,Male,51,Hyderabad,Tamil Nadu,2024-09-02,Consumer
CUST10494,Customer_10494,Male,28,Hyderabad,Gujarat,2023-08-10,Premium
CUST10495,Customer_10495,Female,37,Delhi,West Bengal,2024-03-28,Consumer
CUST10496,Customer_10496,Male,66,Kolkata,Gujarat,2023-10-31,Consumer
CUST10497,Customer_10497,Female,67,Mumbai,Telangana,2025-07-24,Consumer
CUST10498,Customer_10498,Female,64,Hyderabad,Delhi,2023-09-21,Corporate
CUST10499,Customer_10499,Male,56,Pune,Maharashtra,2023-12-31,Consumer
CUST10500,Customer_10500,Male,33,Kolkata,Delhi,2025-01-11,Consumer
CUST10501,Customer_10501,Male,46,Kolkata,Telangana,2024-03-31,Consumer
CUST10502,Customer_10502,Male,18,Chennai,West Bengal,2024-05-19,Consumer
CUST10503,Customer_10503,Female,35,Mumbai,Telangana,2023-11-24,Consumer
CUST10504,Customer_10504,Male,39,Kolkata,Karnataka,2025-03-29,Consumer
CUST10505,Customer_10505,Female,25,Ahmedabad,Maharashtra,2025-01-05,Corporate
CUST10506,Customer_10506,Male,24,Delhi,West Bengal,2024-05-06,Consumer
CUST10507,Customer_10507,Male,42,Ahmedabad,Gujarat,2024-04-05,Consumer
CUST10508,Customer_10508,Female,47,Kolkata,Gujarat,2024-07-19,Corporate
CUST10509,Customer_10509,Female,51,Ahmedabad,Telangana,2025-03-30,Consumer
CUST10510,Customer_10510,Male,61,Mumbai,Telangana,2024-05-30,Consumer
CUST10511,Customer_10511,Male,65,Ahmedabad,Maharashtra,2024-02-22,Consumer
CUST10512,Customer_10512,Female,58,Pune,Karnataka,2024-02-12,Corporate
CUST10513,Customer_10513,Male,69,Kolkata,Karnataka,2025-04-23,Consumer
CUST10514,Customer_10514,Male,28,Mumbai,Karnataka,2023-02-04,Premium
CUST10515,Customer_10515,Female,32,Kolkata,Karnataka,2023-06-03,Corporate
CUST10516,Customer_10516,Female,52,Bengaluru,West Bengal,2025-12-23,Consumer
CUST10517,Customer_10517,Female,40,Ahmedabad,Tamil Nadu,2025-06-08,Consumer
CUST10518,Customer_10518,Female,62,Ahmedabad,Maharashtra,2024-07-21,Corporate
CUST10519,Customer_10519,Female,38,Delhi,Maharashtra,2023-08-17,Consumer
CUST10520,Customer_10520,Female,45,Chennai,Maharashtra,2025-09-02,Consumer
CUST10521,Customer_10521,Female,30,Delhi,West Bengal,2025-09-27,Corporate
CUST10522,Customer_10522,Female,51,Bengaluru,Gujarat,2025-03-15,Consumer
CUST10523,Customer_10523,Female,55,Delhi,West Bengal,2024-07-17,Consumer
CUST10524,Customer_10524,Male,23,Delhi,Karnataka,2025-07-03,Consumer
CUST10525,Customer_10525,Male,61,Chennai,Karnataka,2023-01-15,Consumer
CUST10526,Customer_10526,Female,21,Ahmedabad,Gujarat,2025-06-13,Consumer
CUST10527,Customer_10527,Female,22,Bengaluru,West Bengal,2025-05-03,Consumer
CUST10528,Customer_10528,Male,57,Delhi,Gujarat,2023-12-06,Consumer
CUST10529,Customer_10529,Female,23,Pune,Telangana,2023-12-29,Consumer
CUST10530,Customer_10530,Male,38,Kolkata,Tamil Nadu,2023-06-29,Consumer
CUST10531,Customer_10531,Female,45,Delhi,Gujarat,2024-08-11,Consumer
CUST10532,Customer_10532,Female,20,Hyderabad,Maharashtra,2023-08-03,Consumer
CUST10533,Customer_10533,Female,40,Delhi,Tamil Nadu,2025-12-04,Consumer
CUST10534,Customer_10534,Male,25,Chennai,West Bengal,2023-12-18,Consumer
CUST10535,Customer_10535,Female,36,Hyderabad,Gujarat,2023-01-21,Corporate
CUST10536,Customer_10536,Male,28,Pune,Maharashtra,2025-09-15,Consumer
CUST10537,Customer_10537,Male,67,Kolkata,Karnataka,2024-07-18,Consumer
CUST10538,Customer_10538,Male,27,Pune,West Bengal,2024-10-30,Consumer
CUST10539,Customer_10539,Female,45,Pune,Karnataka,2025-08-01,Premium
CUST10540,Customer_10540,Male,37,Bengaluru,Maharashtra,2024-01-04,Consumer
CUST10541,Customer_10541,Male,61,Pune,Delhi,2024-10-20,Corporate
CUST10542,Customer_10542,Female,69,Mumbai,West Bengal,2024-11-24,Consumer
CUST10543,Customer_10543,Female,45,Chennai,Karnataka,2025-10-19,Consumer
CUST10544,Customer_10544,Female,46,Bengaluru,Telangana,2023-12-25,Consumer
CUST10545,Customer_10545,Female,25,Hyderabad,Gujarat,2024-05-17,Consumer
CUST10546,Customer_10546,Male,36,Mumbai,Karnataka,2023-02-01,Consumer
CUST10547,Customer_10547,Female,65,Bengaluru,Telangana,2023-12-24,Corporate
CUST10548,Customer_10548,Female,38,Chennai,Tamil Nadu,2023-03-03,Premium
CUST10549,Customer_10549,Male,35,Hyderabad,West Bengal,2024-03-27,Consumer
CUST10550,Customer_10550,Male,26,Chennai,Karnataka,2024-02-10,Premium
CUST10551,Customer_10551,Male,21,Chennai,Gujarat,2025-10-02,Consumer
CUST10552,Customer_10552,Male,58,Hyderabad,Karnataka,2023-12-23,Consumer
CUST10553,Customer_10553,Female,42,Pune,Gujarat,2023-05-11,Corporate
CUST10554,Customer_10554,Female,51,Delhi,Tamil Nadu,2025-11-11,Consumer
CUST10555,Customer_10555,Female,26,Chennai,Gujarat,2024-08-18,Consumer
CUST10556,Customer_10556,Female,26,Pune,Telangana,2023-08-14,Consumer
CUST10557,Customer_10557,Male,35,Kolkata,Delhi,2025-08-10,Consumer
CUST10558,Customer_10558,Female,28,Hyderabad,West Bengal,2024-01-29,Consumer
CUST10559,Customer_10559,Male,30,Chennai,Gujarat,2025-05-20,Consumer
CUST10560,Customer_10560,Female,55,Delhi,West Bengal,2023-03-28,Consumer
CUST10561,Customer_10561,Male,26,Kolkata,Gujarat,2024-06-06,Consumer
CUST10562,Customer_10562,Female,33,Hyderabad,West Bengal,2023-04-03,Consumer
CUST10563,Customer_10563,Male,21,Ahmedabad,Telangana,2025-03-14,Consumer
CUST10564,Customer_10564,Male,51,Bengaluru,West Bengal,2023-06-02,Consumer
CUST10565,Customer_10565,Male,24,Bengaluru,Maharashtra,2023-12-20,Consumer
CUST10566,Customer_10566,Female,32,Ahmedabad,Maharashtra,2025-05-28,Consumer
CUST10567,Customer_10567,Female,55,Pune,Maharashtra,2024-08-30,Consumer
CUST10568,Customer_10568,Male,28,Bengaluru,Gujarat,2025-09-09,Premium
CUST10569,Customer_10569,Female,49,Mumbai,Tamil Nadu,2025-07-05,Consumer
CUST10570,Customer_10570,Female,44,Ahmedabad,Telangana,2025-07-03,Corporate
CUST10571,Customer_10571,Female,47,Chennai,Gujarat,2024-02-13,Corporate
CUST10572,Customer_10572,Female,69,Chennai,West Bengal,2023-07-30,Premium
CUST10573,Customer_10573,Male,34,Hyderabad,Karnataka,2024-01-18,Corporate
CUST10574,Customer_10574,Male,53,Mumbai,Gujarat,2025-05-20,Corporate
CUST10575,Customer_10575,Female,36,Chennai,Maharashtra,2025-10-25,Consumer
CUST10576,Customer_10576,Female,24,Hyderabad,Telangana,2024-02-15,Corporate
CUST10577,Customer_10577,Female,60,Delhi,Karnataka,2023-01-04,Consumer
CUST10578,Customer_10578,Female,62,Chennai,Telangana,2025-07-29,Consumer
CUST10579,Customer_10579,Male,38,Pune,Tamil Nadu,2024-03-06,Consumer
CUST10580,Customer_10580,Female,45,Chennai,Maharashtra,2024-02-16,Consumer
CUST10581,Customer_10581,Male,20,Delhi,Delhi,2023-02-04,Consumer
CUST10582,Customer_10582,Other,31,Delhi,Gujarat,2025-06-26,Corporate
CUST10583,Customer_10583,Male,19,Chennai,West Bengal,2023-03-21,Consumer
CUST10584,Customer_10584,Female,46,Delhi,Maharashtra,2023-03-16,Consumer
CUST10585,Customer_10585,Female,35,Hyderabad,Maharashtra,2025-03-21,Consumer
CUST10586,Customer_10586,Male,54,Chennai,Tamil Nadu,2023-10-11,Consumer
CUST10587,Customer_10587,Male,62,Chennai,Karnataka,2024-12-27,Consumer
CUST10588,Customer_10588,Female,62,Bengaluru,Maharashtra,2023-12-03,Consumer
CUST10589,Customer_10589,Female,41,Pune,Karnataka,2024-08-08,Consumer
CUST10590,Customer_10590,Male,63,Chennai,Karnataka,2024-07-20,Consumer
CUST10591,Customer_10591,Female,29,Kolkata,Tamil Nadu,2023-03-24,Consumer
CUST10592,Customer_10592,Female,62,Bengaluru,Maharashtra,2023-11-14,Corporate
CUST10593,Customer_10593,Male,49,Delhi,Gujarat,2025-05-24,Consumer
CUST10594,Customer_10594,Male,35,Pune,Tamil Nadu,2024-11-09,Consumer
CUST10595,Customer_10595,Female,30,Pune,Tamil Nadu,2024-11-30,Consumer
CUST10596,Customer_10596,Female,21,Delhi,Delhi,2025-04-13,Consumer
CUST10597,Customer_10597,Female,40,Hyderabad,Gujarat,2025-08-12,Consumer
CUST10598,Customer_10598,Female,27,Ahmedabad,Tamil Nadu,2025-09-13,Corporate
CUST10599,Customer_10599,Male,22,Ahmedabad,Delhi,2023-01-19,Consumer
CUST10600,Customer_10600,Male,67,Bengaluru,Karnataka,2025-03-24,Consumer
CUST10601,Customer_10601,Male,57,Chennai,Gujarat,2023-01-04,Consumer
CUST10602,Customer_10602,Male,31,Bengaluru,Gujarat,2024-04-11,Consumer
CUST10603,Customer_10603,Female,51,Delhi,Karnataka,2023-07-09,Corporate
CUST10604,Customer_10604,Female,45,Delhi,Telangana,2023-03-04,Consumer
CUST10605,Customer_10605,Male,25,Kolkata,Gujarat,2025-10-10,Corporate
CUST10606,Customer_10606,Male,33,Ahmedabad,West Bengal,2025-10-22,Consumer
CUST10607,Customer_10607,Female,48,Hyderabad,Telangana,2023-03-08,Consumer
CUST10608,Customer_10608,Female,24,Ahmedabad,Karnataka,2025-05-27,Corporate
CUST10609,Customer_10609,Female,20,Pune,Maharashtra,2023-05-12,Consumer
CUST10610,Customer_10610,Female,46,Pune,Telangana,2025-12-07,Corporate
CUST10611,Customer_10611,Female,53,Delhi,Tamil Nadu,2024-08-27,Premium
CUST10612,Customer_10612,Female,56,Bengaluru,Gujarat,2025-07-29,Premium
CUST10613,Customer_10613,Male,21,Pune,West Bengal,2025-09-19,Premium
CUST10614,Customer_10614,Male,26,Kolkata,Telangana,2025-12-06,Consumer
CUST10615,Customer_10615,Male,34,Kolkata,Gujarat,2023-10-11,Consumer
CUST10616,Customer_10616,Female,66,Chennai,Karnataka,2024-07-02,Consumer
CUST10617,Customer_10617,Female,37,Chennai,Maharashtra,2025-11-17,Consumer
CUST10618,Customer_10618,Female,31,Bengaluru,Karnataka,2025-06-20,Consumer
CUST10619,Customer_10619,Male,63,Ahmedabad,Maharashtra,2025-10-29,Premium
CUST10620,Customer_10620,Male,46,Ahmedabad,Gujarat,2025-06-20,Consumer
CUST10621,Customer_10621,Male,30,Hyderabad,Telangana,2025-12-29,Consumer
CUST10622,Customer_10622,Male,53,Chennai,Tamil Nadu,2023-12-08,Consumer
CUST10623,Customer_10623,Female,62,Bengaluru,Tamil Nadu,2023-03-07,Consumer
CUST10624,Customer_10624,Female,34,Bengaluru,Karnataka,2024-08-29,Consumer
CUST10625,Customer_10625,Female,64,Delhi,Gujarat,2025-12-29,Corporate
CUST10626,Customer_10626,Female,67,Pune,Maharashtra,2025-01-15,Consumer
CUST10627,Customer_10627,Female,60,Delhi,Telangana,2024-06-15,Corporate
CUST10628,Customer_10628,Female,21,Pune,West Bengal,2023-12-24,Consumer
CUST10629,Customer_10629,Male,37,Hyderabad,Maharashtra,2024-01-11,Consumer
CUST10630,Customer_10630,Female,28,Hyderabad,Maharashtra,2023-03-05,Corporate
CUST10631,Customer_10631,Female,59,Hyderabad,Maharashtra,2023-06-27,Corporate
CUST10632,Customer_10632,Female,39,Bengaluru,Gujarat,2023-08-23,Corporate
CUST10633,Customer_10633,Male,62,Bengaluru,Telangana,2025-05-14,Consumer
CUST10634,Customer_10634,Male,25,Ahmedabad,Gujarat,2025-01-31,Corporate
CUST10635,Customer_10635,Male,45,Delhi,West Bengal,2023-02-09,Consumer
CUST10636,Customer_10636,Female,62,Chennai,Maharashtra,2023-12-17,Corporate
CUST10637,Customer_10637,Male,58,Kolkata,West Bengal,2024-06-24,Corporate
CUST10638,Customer_10638,Female,47,Pune,West Bengal,2025-08-23,Corporate
CUST10639,Customer_10639,Female,50,Pune,Gujarat,2025-08-19,Consumer
CUST10640,Customer_10640,Male,50,Hyderabad,Tamil Nadu,2025-04-10,Consumer
CUST10641,Customer_10641,Female,64,Ahmedabad,Karnataka,2023-01-30,Consumer
CUST10642,Customer_10642,Female,53,Pune,Delhi,2023-11-05,Consumer
CUST10643,Customer_10643,Male,44,Mumbai,Maharashtra,2023-02-15,Consumer
CUST10644,Customer_10644,Female,37,Hyderabad,West Bengal,2023-05-17,Consumer
CUST10645,Customer_10645,Male,50,Kolkata,Tamil Nadu,2025-02-13,Consumer
CUST10646,Customer_10646,Male,42,Pune,Gujarat,2024-07-09,Corporate
CUST10647,Customer_10647,Female,61,Delhi,West Bengal,2024-03-08,Corporate
CUST10648,Customer_10648,Female,60,Pune,Tamil Nadu,2025-04-26,Corporate
CUST10649,Customer_10649,Other,36,Bengaluru,Karnataka,2023-07-26,Consumer
CUST10650,Customer_10650,Female,64,Delhi,Karnataka,2024-03-21,Consumer
CUST10651,Customer_10651,Female,38,Delhi,Delhi,2025-12-18,Consumer
CUST10652,Customer_10652,Female,59,Delhi,Delhi,2023-11-27,Corporate
CUST10653,Customer_10653,Female,50,Mumbai,West Bengal,2024-08-18,Corporate
CUST10654,Customer_10654,Female,20,Mumbai,Delhi,2024-06-08,Consumer
CUST10655,Customer_10655,Male,31,Pune,Telangana,2025-01-18,Consumer
CUST10656,Customer_10656,Female,32,Hyderabad,Telangana,2023-12-25,Corporate
CUST10657,Customer_10657,Male,50,Ahmedabad,Tamil Nadu,2025-05-01,Consumer
CUST10658,Customer_10658,Female,59,Pune,Gujarat,2024-07-08,Consumer
CUST10659,Customer_10659,Male,39,Pune,Karnataka,2023-12-24,Consumer
CUST10660,Customer_10660,Female,18,Ahmedabad,Maharashtra,2025-01-24,Consumer
CUST10661,Customer_10661,Male,48,Ahmedabad,Karnataka,2024-07-02,Premium
CUST10662,Customer_10662,Male,64,Pune,Telangana,2025-03-17,Corporate
CUST10663,Customer_10663,Female,52,Ahmedabad,Tamil Nadu,2025-12-21,Consumer
CUST10664,Customer_10664,Male,37,Kolkata,Maharashtra,2023-02-21,Consumer
CUST10665,Customer_10665,Female,49,Bengaluru,Delhi,2023-11-09,Consumer
CUST10666,Customer_10666,Male,29,Delhi,Delhi,2024-01-23,Premium
CUST10667,Customer_10667,Male,68,Chennai,Telangana,2023-05-19,Consumer
CUST10668,Customer_10668,Male,33,Kolkata,Tamil Nadu,2023-01-19,Premium
CUST10669,Customer_10669,Female,25,Hyderabad,West Bengal,2023-11-17,Consumer
CUST10670,Customer_10670,Male,31,Hyderabad,Gujarat,2023-04-05,Corporate
CUST10671,Customer_10671,Female,35,Delhi,Karnataka,2023-05-10,Corporate
CUST10672,Customer_10672,Male,47,Hyderabad,Telangana,2025-08-02,Corporate
CUST10673,Customer_10673,Male,50,Delhi,Gujarat,2023-09-17,Corporate
CUST10674,Customer_10674,Male,51,Hyderabad,Gujarat,2025-09-13,Consumer
CUST10675,Customer_10675,Male,61,Pune,Karnataka,2025-11-28,Corporate
CUST10676,Customer_10676,Female,66,Bengaluru,Maharashtra,2025-03-27,Corporate
CUST10677,Customer_10677,Female,51,Kolkata,Karnataka,2023-06-03,Corporate
CUST10678,Customer_10678,Female,66,Kolkata,Maharashtra,2024-07-06,Consumer
CUST10679,Customer_10679,Male,24,Hyderabad,Gujarat,2023-05-02,Consumer
CUST10680,Customer_10680,Male,23,Kolkata,Tamil Nadu,2025-01-26,Corporate
CUST10681,Customer_10681,Male,23,Hyderabad,Telangana,2024-06-30,Consumer
CUST10682,Customer_10682,Female,39,Ahmedabad,Karnataka,2024-02-04,Corporate
CUST10683,Customer_10683,Male,25,Ahmedabad,Tamil Nadu,2025-11-22,Consumer
CUST10684,Customer_10684,Female,54,Ahmedabad,Tamil Nadu,2024-02-10,Consumer
CUST10685,Customer_10685,Male,32,Chennai,Karnataka,2023-12-30,Consumer
CUST10686,Customer_10686,Male,43,Kolkata,Delhi,2025-09-06,Corporate
CUST10687,Customer_10687,Male,56,Bengaluru,Gujarat,2023-06-12,Corporate
CUST10688,Customer_10688,Male,20,Kolkata,Delhi,2025-02-02,Premium
CUST10689,Customer_10689,Female,27,Pune,Maharashtra,2024-07-04,Consumer
CUST10690,Customer_10690,Male,20,Bengaluru,Tamil Nadu,2023-05-11,Consumer
CUST10691,Customer_10691,Female,47,Kolkata,Telangana,2024-10-14,Consumer
CUST10692,Customer_10692,Male,63,Bengaluru,Telangana,2025-10-04,Consumer
CUST10693,Customer_10693,Female,39,Kolkata,Tamil Nadu,2023-09-27,Consumer
CUST10694,Customer_10694,Male,20,Hyderabad,Delhi,2025-06-22,Consumer
CUST10695,Customer_10695,Female,18,Mumbai,Gujarat,2025-02-25,Consumer
CUST10696,Customer_10696,Female,50,Ahmedabad,Tamil Nadu,2023-12-31,Corporate
CUST10697,Customer_10697,Female,36,Hyderabad,West Bengal,2024-09-02,Corporate
CUST10698,Customer_10698,Male,53,Delhi,Maharashtra,2025-12-20,Consumer
CUST10699,Customer_10699,Female,51,Ahmedabad,Tamil Nadu,2025-07-20,Consumer
CUST10700,Customer_10700,Male,48,Kolkata,Karnataka,2024-08-11,Consumer
CUST10701,Customer_10701,Male,60,Chennai,Delhi,2023-07-27,Consumer
CUST10702,Customer_10702,Male,41,Bengaluru,Karnataka,2023-12-14,Consumer
CUST10703,Customer_10703,Male,29,Delhi,Karnataka,2023-02-14,Consumer
CUST10704,Customer_10704,Other,30,Pune,Tamil Nadu,2023-12-13,Consumer
CUST10705,Customer_10705,Male,33,Ahmedabad,Gujarat,2024-12-14,Premium
CUST10706,Customer_10706,Female,33,Delhi,Tamil Nadu,2024-10-08,Consumer
CUST10707,Customer_10707,Female,68,Ahmedabad,Gujarat,2024-01-04,Consumer
CUST10708,Customer_10708,Female,69,Mumbai,Telangana,2024-06-17,Consumer
CUST10709,Customer_10709,Female,37,Kolkata,Gujarat,2023-12-24,Consumer
CUST10710,Customer_10710,Male,58,Bengaluru,Karnataka,2024-05-09,Consumer
CUST10711,Customer_10711,Female,65,Hyderabad,Tamil Nadu,2025-06-23,Consumer
CUST10712,Customer_10712,Male,44,Bengaluru,Telangana,2023-03-01,Consumer
CUST10713,Customer_10713,Female,56,Ahmedabad,West Bengal,2023-10-25,Consumer
CUST10714,Customer_10714,Female,30,Chennai,Karnataka,2023-02-28,Consumer
CUST10715,Customer_10715,Female,21,Bengaluru,Telangana,2023-08-19,Consumer
CUST10716,Customer_10716,Male,49,Delhi,Delhi,2025-03-07,Corporate
CUST10717,Customer_10717,Male,62,Delhi,Maharashtra,2024-03-23,Consumer
CUST10718,Customer_10718,Male,57,Hyderabad,Karnataka,2024-09-04,Corporate
CUST10719,Customer_10719,Male,51,Hyderabad,Tamil Nadu,2024-01-03,Consumer
CUST10720,Customer_10720,Male,56,Hyderabad,Gujarat,2024-07-07,Consumer
CUST10721,Customer_10721,Female,60,Pune,Delhi,2025-11-18,Consumer
CUST10722,Customer_10722,Male,34,Kolkata,West Bengal,2025-09-14,Consumer
CUST10723,Customer_10723,Female,41,Chennai,Telangana,2023-10-04,Premium
CUST10724,Customer_10724,Female,46,Pune,Maharashtra,2024-08-31,Consumer
CUST10725,Customer_10725,Female,63,Ahmedabad,Gujarat,2024-12-03,Consumer
CUST10726,Customer_10726,Male,45,Pune,Karnataka,2025-04-10,Corporate
CUST10727,Customer_10727,Male,62,Pune,Maharashtra,2023-02-07,Consumer
CUST10728,Customer_10728,Male,64,Ahmedabad,Delhi,2023-10-16,Consumer
CUST10729,Customer_10729,Male,39,Bengaluru,Maharashtra,2025-09-01,Corporate
CUST10730,Customer_10730,Female,45,Mumbai,Karnataka,2024-03-27,Consumer
CUST10731,Customer_10731,Male,42,Ahmedabad,Delhi,2023-01-28,Corporate
CUST10732,Customer_10732,Female,58,Kolkata,Telangana,2024-12-02,Consumer
CUST10733,Customer_10733,Female,20,Bengaluru,Karnataka,2025-01-26,Consumer
CUST10734,Customer_10734,Female,30,Ahmedabad,Maharashtra,2023-11-30,Premium
CUST10735,Customer_10735,Male,48,Hyderabad,Karnataka,2024-07-14,Corporate
CUST10736,Customer_10736,Male,30,Ahmedabad,Delhi,2023-07-23,Corporate
CUST10737,Customer_10737,Female,58,Chennai,Maharashtra,2024-01-14,Consumer
CUST10738,Customer_10738,Male,35,Ahmedabad,Telangana,2025-06-20,Consumer
CUST10739,Customer_10739,Male,54,Pune,West Bengal,2025-11-09,Corporate
CUST10740,Customer_10740,Male,60,Bengaluru,West Bengal,2025-10-04,Consumer
CUST10741,Customer_10741,Male,51,Kolkata,Gujarat,2025-06-30,Corporate
CUST10742,Customer_10742,Female,34,Delhi,Tamil Nadu,2024-01-31,Corporate
CUST10743,Customer_10743,Male,69,Kolkata,Telangana,2025-12-11,Corporate
CUST10744,Customer_10744,Female,38,Pune,Karnataka,2023-12-19,Consumer
CUST10745,Customer_10745,Male,53,Kolkata,Tamil Nadu,2024-05-28,Consumer
CUST10746,Customer_10746,Female,67,Bengaluru,Gujarat,2024-06-29,Corporate
CUST10747,Customer_10747,Female,69,Delhi,Gujarat,2023-10-09,Premium
CUST10748,Customer_10748,Female,57,Ahmedabad,Delhi,2024-11-03,Corporate
CUST10749,Customer_10749,Male,36,Bengaluru,Gujarat,2024-08-28,Corporate
CUST10750,Customer_10750,Male,29,Ahmedabad,West Bengal,2025-01-29,Consumer
CUST10751,Customer_10751,Male,45,Bengaluru,Maharashtra,2024-01-01,Consumer
CUST10752,Customer_10752,Female,28,Ahmedabad,Maharashtra,2024-06-03,Corporate
CUST10753,Customer_10753,Female,65,Pune,Delhi,2023-04-20,Consumer
CUST10754,Customer_10754,Female,54,Ahmedabad,Gujarat,2025-06-24,Consumer
CUST10755,Customer_10755,Male,45,Bengaluru,Karnataka,2025-08-10,Corporate
CUST10756,Customer_10756,Female,52,Hyderabad,Telangana,2024-11-10,Corporate
CUST10757,Customer_10757,Male,61,Kolkata,West Bengal,2025-08-16,Consumer
CUST10758,Customer_10758,Female,32,Delhi,Tamil Nadu,2023-11-20,Consumer
CUST10759,Customer_10759,Male,33,Ahmedabad,Delhi,2023-01-12,Corporate
CUST10760,Customer_10760,Female,62,Chennai,Gujarat,2025-11-12,Premium
CUST10761,Customer_10761,Male,24,Mumbai,Karnataka,2023-09-21,Consumer
CUST10762,Customer_10762,Male,64,Kolkata,Karnataka,2024-01-15,Corporate
CUST10763,Customer_10763,Female,20,Pune,Tamil Nadu,2023-03-21,Consumer
CUST10764,Customer_10764,Male,48,Delhi,Delhi,2024-02-29,Consumer
CUST10765,Customer_10765,Female,29,Hyderabad,Telangana,2024-09-07,Corporate
CUST10766,Customer_10766,Female,25,Delhi,West Bengal,2024-03-11,Consumer
CUST10767,Customer_10767,Female,42,Chennai,Telangana,2025-07-10,Corporate
CUST10768,Customer_10768,Male,61,Pune,Delhi,2025-03-05,Consumer
CUST10769,Customer_10769,Male,67,Delhi,Maharashtra,2025-09-17,Consumer
CUST10770,Customer_10770,Female,52,Kolkata,West Bengal,2024-03-27,Consumer
CUST10771,Customer_10771,Male,29,Hyderabad,Gujarat,2023-09-17,Consumer
CUST10772,Customer_10772,Female,38,Pune,Telangana,2025-04-01,Corporate
CUST10773,Customer_10773,Male,43,Hyderabad,Maharashtra,2024-12-08,Consumer
CUST10774,Customer_10774,Male,19,Pune,Delhi,2025-05-01,Corporate
CUST10775,Customer_10775,Male,31,Mumbai,Gujarat,2024-10-19,Consumer
CUST10776,Customer_10776,Male,63,Chennai,Karnataka,2023-06-24,Consumer
CUST10777,Customer_10777,Male,21,Mumbai,Delhi,2024-12-12,Premium
CUST10778,Customer_10778,Female,34,Kolkata,Karnataka,2024-08-07,Consumer
CUST10779,Customer_10779,Female,64,Kolkata,Delhi,2023-07-05,Corporate
CUST10780,Customer_10780,Male,65,Kolkata,West Bengal,2024-10-13,Corporate
CUST10781,Customer_10781,Female,22,Bengaluru,Maharashtra,2023-06-16,Corporate
CUST10782,Customer_10782,Female,41,Kolkata,Gujarat,2023-05-23,Consumer
CUST10783,Customer_10783,Female,66,Hyderabad,Maharashtra,2024-05-07,Corporate
CUST10784,Customer_10784,Female,24,Mumbai,Gujarat,2023-03-13,Corporate
CUST10785,Customer_10785,Female,40,Hyderabad,West Bengal,2024-05-13,Consumer
CUST10786,Customer_10786,Male,64,Pune,Delhi,2023-05-27,Consumer
CUST10787,Customer_10787,Male,34,Ahmedabad,Karnataka,2025-06-09,Consumer
CUST10788,Customer_10788,Male,29,Hyderabad,Delhi,2025-03-17,Consumer
CUST10789,Customer_10789,Female,28,Bengaluru,Karnataka,2025-04-25,Corporate
CUST10790,Customer_10790,Male,68,Hyderabad,Maharashtra,2025-06-09,Consumer
CUST10791,Customer_10791,Female,28,Pune,Tamil Nadu,2025-03-23,Consumer
CUST10792,Customer_10792,Male,51,Ahmedabad,Telangana,2025-08-28,Consumer
CUST10793,Customer_10793,Female,64,Pune,Maharashtra,2023-03-08,Consumer
CUST10794,Customer_10794,Male,54,Mumbai,Delhi,2025-04-17,Consumer
CUST10795,Customer_10795,Male,67,Kolkata,Delhi,2025-07-15,Corporate
CUST10796,Customer_10796,Male,46,Chennai,Karnataka,2023-12-07,Corporate
CUST10797,Customer_10797,Male,65,Delhi,Telangana,2023-04-12,Corporate
CUST10798,Customer_10798,Male,53,Ahmedabad,Gujarat,2025-08-09,Consumer
CUST10799,Customer_10799,Female,44,Mumbai,Maharashtra,2025-06-25,Consumer
CUST10800,Customer_10800,Male,59,Ahmedabad,West Bengal,2023-12-08,Consumer
CUST10801,Customer_10801,Male,39,Bengaluru,Telangana,2025-04-07,Premium
CUST10802,Customer_10802,Female,19,Delhi,Telangana,2024-11-09,Consumer
CUST10803,Customer_10803,Male,64,Hyderabad,Maharashtra,2023-05-14,Corporate
CUST10804,Customer_10804,Female,53,Mumbai,Karnataka,2025-11-19,Corporate
CUST10805,Customer_10805,Other,65,Delhi,Gujarat,2025-05-24,Corporate
CUST10806,Customer_10806,Male,47,Kolkata,Karnataka,2025-09-22,Consumer
CUST10807,Customer_10807,Male,24,Kolkata,West Bengal,2024-01-20,Corporate
CUST10808,Customer_10808,Male,29,Mumbai,Karnataka,2024-08-20,Corporate
CUST10809,Customer_10809,Female,20,Kolkata,Tamil Nadu,2023-01-09,Consumer
CUST10810,Customer_10810,Female,34,Hyderabad,Telangana,2023-05-16,Corporate
CUST10811,Customer_10811,Female,58,Pune,Tamil Nadu,2025-09-02,Premium
CUST10812,Customer_10812,Female,49,Mumbai,Karnataka,2025-09-05,Consumer
CUST10813,Customer_10813,Male,25,Bengaluru,Gujarat,2023-02-12,Consumer
CUST10814,Customer_10814,Female,40,Delhi,Maharashtra,2025-11-20,Corporate
CUST10815,Customer_10815,Female,55,Delhi,Telangana,2025-02-25,Corporate
CUST10816,Customer_10816,Female,47,Delhi,Maharashtra,2023-04-23,Consumer
CUST10817,Customer_10817,Female,32,Mumbai,Delhi,2025-01-01,Corporate
CUST10818,Customer_10818,Female,27,Hyderabad,Telangana,2023-01-12,Corporate
CUST10819,Customer_10819,Male,55,Mumbai,Maharashtra,2025-05-21,Consumer
CUST10820,Customer_10820,Male,32,Mumbai,Karnataka,2023-09-03,Consumer
CUST10821,Customer_10821,Female,47,Kolkata,Tamil Nadu,2024-05-23,Consumer
CUST10822,Customer_10822,Male,63,Pune,Maharashtra,2023-02-13,Premium
CUST10823,Customer_10823,Female,43,Delhi,West Bengal,2024-08-29,Premium
CUST10824,Customer_10824,Male,68,Hyderabad,Gujarat,2024-05-23,Corporate
CUST10825,Customer_10825,Female,62,Chennai,Delhi,2023-11-04,Corporate
CUST10826,Customer_10826,Female,31,Ahmedabad,Karnataka,2025-05-16,Consumer
CUST10827,Customer_10827,Male,20,Hyderabad,West Bengal,2025-06-30,Consumer
CUST10828,Customer_10828,Female,53,Kolkata,Delhi,2023-02-05,Corporate
CUST10829,Customer_10829,Female,43,Mumbai,Gujarat,2024-12-11,Consumer
CUST10830,Customer_10830,Female,31,Bengaluru,Gujarat,2025-07-29,Consumer
CUST10831,Customer_10831,Male,48,Hyderabad,Tamil Nadu,2025-08-18,Corporate
CUST10832,Customer_10832,Male,31,Delhi,Delhi,2023-08-24,Consumer
CUST10833,Customer_10833,Male,57,Bengaluru,Gujarat,2023-12-27,Consumer
CUST10834,Customer_10834,Male,27,Chennai,Maharashtra,2025-05-17,Consumer
CUST10835,Customer_10835,Female,26,Chennai,Gujarat,2023-01-25,Premium
CUST10836,Customer_10836,Female,63,Ahmedabad,Gujarat,2025-03-25,Premium
CUST10837,Customer_10837,Female,57,Bengaluru,Maharashtra,2025-08-09,Consumer
CUST10838,Customer_10838,Female,60,Kolkata,Karnataka,2025-09-10,Corporate
CUST10839,Customer_10839,Female,59,Chennai,Tamil Nadu,2025-10-21,Corporate
CUST10840,Customer_10840,Male,35,Bengaluru,Tamil Nadu,2023-12-24,Consumer
CUST10841,Customer_10841,Female,53,Mumbai,Telangana,2023-04-28,Consumer
CUST10842,Customer_10842,Male,53,Bengaluru,West Bengal,2024-04-23,Consumer
CUST10843,Customer_10843,Female,29,Mumbai,Telangana,2024-11-07,Consumer
CUST10844,Customer_10844,Male,67,Ahmedabad,Maharashtra,2024-04-03,Consumer
CUST10845,Customer_10845,Male,57,Kolkata,Gujarat,2023-04-23,Consumer
CUST10846,Customer_10846,Female,20,Delhi,Delhi,2025-11-09,Premium
CUST10847,Customer_10847,Female,35,Delhi,Gujarat,2024-04-02,Consumer
CUST10848,Customer_10848,Female,24,Chennai,Gujarat,2024-10-01,Corporate
CUST10849,Customer_10849,Female,48,Pune,Delhi,2024-07-29,Consumer
CUST10850,Customer_10850,Male,18,Pune,Karnataka,2025-03-10,Consumer
CUST10851,Customer_10851,Female,48,Bengaluru,Tamil Nadu,2024-02-07,Corporate
CUST10852,Customer_10852,Male,30,Kolkata,Maharashtra,2023-09-10,Consumer
CUST10853,Customer_10853,Female,46,Ahmedabad,Delhi,2025-08-15,Premium
CUST10854,Customer_10854,Female,20,Mumbai,Telangana,2024-10-23,Premium
CUST10855,Customer_10855,Male,46,Delhi,Maharashtra,2024-10-30,Corporate
CUST10856,Customer_10856,Female,52,Kolkata,Karnataka,2024-12-28,Consumer
CUST10857,Customer_10857,Female,32,Delhi,Maharashtra,2024-09-03,Premium
CUST10858,Customer_10858,Male,38,Delhi,Delhi,2025-09-05,Consumer
CUST10859,Customer_10859,Female,36,Chennai,West Bengal,2024-11-09,Premium
CUST10860,Customer_10860,Female,45,Delhi,Karnataka,2024-07-22,Consumer
CUST10861,Customer_10861,Female,21,Ahmedabad,Gujarat,2024-06-26,Consumer
CUST10862,Customer_10862,Male,62,Pune,Telangana,2024-06-02,Corporate
CUST10863,Customer_10863,Male,30,Ahmedabad,Telangana,2023-01-12,Consumer
CUST10864,Customer_10864,Female,32,Hyderabad,Delhi,2023-01-10,Corporate
CUST10865,Customer_10865,Male,68,Chennai,Karnataka,2023-06-06,Consumer
CUST10866,Customer_10866,Female,65,Bengaluru,Telangana,2025-10-08,Consumer
CUST10867,Customer_10867,Male,56,Hyderabad,Karnataka,2024-12-25,Consumer
CUST10868,Customer_10868,Female,49,Chennai,Maharashtra,2023-05-21,Consumer
CUST10869,Customer_10869,Female,20,Kolkata,West Bengal,2024-09-30,Consumer
CUST10870,Customer_10870,Male,47,Chennai,Tamil Nadu,2023-05-17,Consumer
CUST10871,Customer_10871,Male,37,Ahmedabad,Tamil Nadu,2024-11-21,Corporate
CUST10872,Customer_10872,Female,19,Mumbai,Tamil Nadu,2024-03-18,Consumer
CUST10873,Customer_10873,Female,67,Hyderabad,Telangana,2024-11-06,Consumer
CUST10874,Customer_10874,Male,42,Hyderabad,Delhi,2023-10-04,Consumer
CUST10875,Customer_10875,Female,28,Ahmedabad,Tamil Nadu,2025-07-21,Corporate
CUST10876,Customer_10876,Male,18,Pune,Gujarat,2024-10-02,Corporate
CUST10877,Customer_10877,Male,65,Hyderabad,West Bengal,2023-04-21,Premium
CUST10878,Customer_10878,Female,66,Delhi,Delhi,2025-12-03,Consumer
CUST10879,Customer_10879,Male,65,Pune,West Bengal,2025-06-09,Consumer
CUST10880,Customer_10880,Female,27,Kolkata,Tamil Nadu,2023-07-30,Consumer
CUST10881,Customer_10881,Male,34,Delhi,Maharashtra,2023-12-09,Corporate
CUST10882,Customer_10882,Male,47,Pune,West Bengal,2023-12-27,Consumer
CUST10883,Customer_10883,Male,52,Bengaluru,Tamil Nadu,2024-02-15,Consumer
CUST10884,Customer_10884,Female,67,Kolkata,Delhi,2025-01-28,Corporate
CUST10885,Customer_10885,Female,36,Pune,Telangana,2024-05-22,Corporate
CUST10886,Customer_10886,Female,63,Bengaluru,West Bengal,2023-08-20,Corporate
CUST10887,Customer_10887,Male,51,Pune,Gujarat,2025-03-14,Consumer
CUST10888,Customer_10888,Male,49,Bengaluru,Maharashtra,2023-08-22,Consumer
CUST10889,Customer_10889,Female,29,Delhi,Delhi,2024-06-03,Consumer
CUST10890,Customer_10890,Male,60,Kolkata,Karnataka,2023-10-29,Consumer
CUST10891,Customer_10891,Female,34,Kolkata,Tamil Nadu,2023-04-10,Consumer
CUST10892,Customer_10892,Male,23,Pune,Maharashtra,2023-09-10,Consumer
CUST10893,Customer_10893,Female,68,Mumbai,Telangana,2023-11-04,Consumer
CUST10894,Customer_10894,Male,30,Pune,West Bengal,2025-03-04,Corporate
CUST10895,Customer_10895,Female,56,Bengaluru,Karnataka,2025-03-13,Consumer
CUST10896,Customer_10896,Male,39,Kolkata,West Bengal,2024-01-22,Premium
CUST10897,Customer_10897,Male,28,Chennai,Tamil Nadu,2023-05-12,Corporate
CUST10898,Customer_10898,Male,24,Delhi,Maharashtra,2023-08-09,Corporate
CUST10899,Customer_10899,Male,62,Mumbai,Gujarat,2023-03-03,Consumer
CUST10900,Customer_10900,Male,62,Chennai,Delhi,2025-04-11,Consumer
CUST10901,Customer_10901,Female,38,Ahmedabad,West Bengal,2025-01-01,Consumer
CUST10902,Customer_10902,Female,18,Chennai,Tamil Nadu,2024-02-07,Corporate
CUST10903,Customer_10903,Female,47,Delhi,Maharashtra,2023-06-20,Consumer
CUST10904,Customer_10904,Female,36,Pune,Tamil Nadu,2023-01-14,Consumer
CUST10905,Customer_10905,Female,68,Hyderabad,Gujarat,2023-09-27,Corporate
CUST10906,Customer_10906,Male,64,Mumbai,Maharashtra,2025-12-13,Consumer
CUST10907,Customer_10907,Male,63,Pune,Delhi,2024-12-13,Corporate
CUST10908,Customer_10908,Male,46,Delhi,Tamil Nadu,2025-05-21,Premium
CUST10909,Customer_10909,Female,52,Hyderabad,West Bengal,2024-09-20,Premium
CUST10910,Customer_10910,Male,37,Ahmedabad,Maharashtra,2023-10-28,Consumer
CUST10911,Customer_10911,Male,53,Delhi,West Bengal,2024-12-04,Consumer
CUST10912,Customer_10912,Female,56,Delhi,Karnataka,2024-03-02,Consumer
CUST10913,Customer_10913,Male,18,Chennai,Telangana,2023-04-26,Consumer
CUST10914,Customer_10914,Female,40,Kolkata,Gujarat,2023-08-24,Consumer
CUST10915,Customer_10915,Female,48,Pune,Maharashtra,2023-01-13,Premium
CUST10916,Customer_10916,Male,68,Ahmedabad,West Bengal,2023-03-09,Premium
CUST10917,Customer_10917,Male,52,Delhi,Maharashtra,2025-01-12,Consumer
CUST10918,Customer_10918,Female,69,Pune,Maharashtra,2025-04-16,Corporate
CUST10919,Customer_10919,Female,64,Hyderabad,Tamil Nadu,2024-01-26,Consumer
CUST10920,Customer_10920,Male,62,Chennai,Gujarat,2023-04-14,Consumer
CUST10921,Customer_10921,Female,39,Hyderabad,Telangana,2024-09-05,Corporate
CUST10922,Customer_10922,Female,63,Hyderabad,Gujarat,2025-02-11,Consumer
CUST10923,Customer_10923,Male,24,Chennai,Tamil Nadu,2023-10-31,Corporate
CUST10924,Customer_10924,Male,50,Pune,West Bengal,2024-01-14,Premium
CUST10925,Customer_10925,Female,62,Hyderabad,Maharashtra,2023-03-29,Consumer
CUST10926,Customer_10926,Male,53,Bengaluru,Gujarat,2024-09-21,Premium
CUST10927,Customer_10927,Female,61,Pune,Maharashtra,2024-09-16,Consumer
CUST10928,Customer_10928,Male,24,Kolkata,Telangana,2024-01-01,Consumer
CUST10929,Customer_10929,Female,44,Kolkata,Karnataka,2025-05-26,Consumer
CUST10930,Customer_10930,Female,19,Delhi,Tamil Nadu,2025-01-01,Corporate
CUST10931,Customer_10931,Female,34,Chennai,Karnataka,2025-09-25,Corporate
CUST10932,Customer_10932,Male,18,Kolkata,Gujarat,2024-03-31,Corporate
CUST10933,Customer_10933,Male,63,Chennai,Maharashtra,2024-02-19,Consumer
CUST10934,Customer_10934,Female,47,Pune,West Bengal,2024-03-30,Consumer
CUST10935,Customer_10935,Male,39,Bengaluru,West Bengal,2024-05-25,Consumer
CUST10936,Customer_10936,Male,45,Ahmedabad,Maharashtra,2025-07-23,Consumer
CUST10937,Customer_10937,Female,50,Bengaluru,Delhi,2023-07-28,Consumer
CUST10938,Customer_10938,Male,43,Bengaluru,Delhi,2024-01-06,Consumer
CUST10939,Customer_10939,Male,52,Bengaluru,Karnataka,2025-03-13,Consumer
CUST10940,Customer_10940,Male,28,Mumbai,Delhi,2023-03-27,Consumer
CUST10941,Customer_10941,Female,24,Ahmedabad,West Bengal,2024-10-08,Consumer
CUST10942,Customer_10942,Female,45,Chennai,Gujarat,2025-03-31,Consumer
CUST10943,Customer_10943,Male,42,Hyderabad,Telangana,2023-10-22,Corporate
CUST10944,Customer_10944,Male,58,Chennai,Gujarat,2024-05-20,Corporate
CUST10945,Customer_10945,Male,48,Kolkata,Karnataka,2025-04-06,Corporate
CUST10946,Customer_10946,Female,20,Ahmedabad,Gujarat,2023-04-27,Corporate
CUST10947,Customer_10947,Male,50,Chennai,Delhi,2024-10-10,Consumer
CUST10948,Customer_10948,Female,68,Chennai,Delhi,2023-12-22,Consumer
CUST10949,Customer_10949,Male,51,Ahmedabad,Telangana,2025-02-14,Consumer
CUST10950,Customer_10950,Other,38,Bengaluru,Gujarat,2025-10-19,Consumer
CUST10951,Customer_10951,Male,54,Bengaluru,Telangana,2023-08-24,Corporate
CUST10952,Customer_10952,Female,66,Mumbai,West Bengal,2025-07-30,Corporate
CUST10953,Customer_10953,Male,36,Pune,Karnataka,2023-03-10,Consumer
CUST10954,Customer_10954,Male,54,Chennai,Tamil Nadu,2023-09-24,Consumer
CUST10955,Customer_10955,Female,38,Delhi,Gujarat,2025-03-25,Consumer
CUST10956,Customer_10956,Female,31,Ahmedabad,West Bengal,2024-01-17,Consumer
CUST10957,Customer_10957,Male,27,Pune,West Bengal,2024-01-09,Corporate
CUST10958,Customer_10958,Female,24,Kolkata,Gujarat,2024-11-15,Corporate
CUST10959,Customer_10959,Female,46,Ahmedabad,Telangana,2024-05-20,Consumer
CUST10960,Customer_10960,Female,57,Mumbai,Delhi,2023-08-25,Premium
CUST10961,Customer_10961,Male,25,Ahmedabad,Karnataka,2023-11-21,Consumer
CUST10962,Customer_10962,Female,56,Kolkata,Tamil Nadu,2024-08-12,Consumer
CUST10963,Customer_10963,Male,30,Bengaluru,Gujarat,2025-02-28,Corporate
CUST10964,Customer_10964,Male,63,Kolkata,Karnataka,2025-01-23,Premium
CUST10965,Customer_10965,Female,36,Chennai,Delhi,2025-01-01,Premium
CUST10966,Customer_10966,Male,28,Bengaluru,Tamil Nadu,2023-01-21,Consumer
CUST10967,Customer_10967,Male,19,Ahmedabad,Tamil Nadu,2023-11-01,Consumer
CUST10968,Customer_10968,Female,66,Pune,West Bengal,2024-08-26,Consumer
CUST10969,Customer_10969,Female,23,Hyderabad,Telangana,2025-03-17,Corporate
CUST10970,Customer_10970,Male,46,Bengaluru,Maharashtra,2025-10-06,Corporate
CUST10971,Customer_10971,Male,58,Bengaluru,Delhi,2024-03-20,Corporate
CUST10972,Customer_10972,Female,68,Mumbai,Maharashtra,2023-09-23,Consumer
CUST10973,Customer_10973,Male,22,Hyderabad,Delhi,2025-09-23,Corporate
CUST10974,Customer_10974,Female,58,Pune,Karnataka,2025-12-17,Premium
CUST10975,Customer_10975,Female,47,Ahmedabad,Maharashtra,2024-08-23,Consumer
CUST10976,Customer_10976,Male,56,Delhi,West Bengal,2024-09-24,Consumer
CUST10977,Customer_10977,Female,53,Delhi,Gujarat,2025-01-26,Consumer
CUST10978,Customer_10978,Female,44,Ahmedabad,West Bengal,2023-11-20,Consumer
CUST10979,Customer_10979,Male,67,Delhi,West Bengal,2025-12-21,Corporate
CUST10980,Customer_10980,Female,35,Chennai,Gujarat,2023-03-30,Consumer
CUST10981,Customer_10981,Female,69,Delhi,Gujarat,2024-02-20,Consumer
CUST10982,Customer_10982,Female,66,Chennai,Tamil Nadu,2024-11-12,Consumer
CUST10983,Customer_10983,Female,53,Pune,Telangana,2024-02-09,Consumer
CUST10984,Customer_10984,Male,33,Pune,West Bengal,2023-12-31,Consumer
CUST10985,Customer_10985,Male,22,Bengaluru,Delhi,2024-01-20,Consumer
CUST10986,Customer_10986,Male,26,Ahmedabad,Telangana,2023-01-09,Corporate
CUST10987,Customer_10987,Male,51,Delhi,Delhi,2024-05-29,Consumer
CUST10988,Customer_10988,Male,51,Mumbai,Gujarat,2023-11-05,Premium
CUST10989,Customer_10989,Female,53,Pune,Tamil Nadu,2023-06-19,Consumer
CUST10990,Customer_10990,Female,48,Hyderabad,Tamil Nadu,2023-05-27,Consumer
CUST10991,Customer_10991,Female,69,Hyderabad,Tamil Nadu,2023-03-21,Consumer
CUST10992,Customer_10992,Female,37,Ahmedabad,Tamil Nadu,2025-03-14,Corporate
CUST10993,Customer_10993,Female,34,Ahmedabad,West Bengal,2024-03-27,Consumer
CUST10994,Customer_10994,Male,37,Pune,Tamil Nadu,2025-09-04,Consumer
CUST10995,Customer_10995,Female,45,Bengaluru,Gujarat,2025-03-17,Consumer
CUST10996,Customer_10996,Male,38,Ahmedabad,Telangana,2025-01-26,Consumer
CUST10997,Customer_10997,Female,36,Kolkata,Karnataka,2023-10-22,Consumer
CUST10998,Customer_10998,Female,20,Hyderabad,Maharashtra,2024-09-04,Consumer
CUST10999,Customer_10999,Male,47,Ahmedabad,Telangana,2025-06-01,Consumer
CUST11000,Customer_11000,Female,22,Hyderabad,Gujarat,2024-03-25,Premium
CUST11001,Customer_11001,Female,59,Kolkata,Maharashtra,2023-03-10,Consumer
CUST11002,Customer_11002,Male,23,Bengaluru,Karnataka,2024-07-09,Consumer
CUST11003,Customer_11003,Female,20,Kolkata,Delhi,2025-06-27,Consumer
CUST11004,Customer_11004,Male,66,Bengaluru,West Bengal,2024-05-14,Corporate
CUST11005,Customer_11005,Male,59,Bengaluru,Karnataka,2025-04-09,Corporate
CUST11006,Customer_11006,Female,41,Mumbai,Karnataka,2024-05-16,Consumer
CUST11007,Customer_11007,Female,61,Bengaluru,Gujarat,2025-08-31,Corporate
CUST11008,Customer_11008,Female,18,Bengaluru,West Bengal,2024-12-30,Corporate
CUST11009,Customer_11009,Female,67,Bengaluru,Delhi,2025-06-19,Consumer
CUST11010,Customer_11010,Male,68,Pune,Maharashtra,2024-10-21,Consumer
CUST11011,Customer_11011,Female,69,Ahmedabad,West Bengal,2025-01-30,Corporate
CUST11012,Customer_11012,Female,53,Ahmedabad,Tamil Nadu,2023-02-23,Consumer
CUST11013,Customer_11013,Female,32,Delhi,Delhi,2023-11-28,Consumer
CUST11014,Customer_11014,Male,58,Pune,Delhi,2025-08-16,Corporate
CUST11015,Customer_11015,Female,55,Delhi,Karnataka,2024-10-17,Premium
CUST11016,Customer_11016,Female,61,Mumbai,Delhi,2023-11-09,Corporate
CUST11017,Customer_11017,Female,35,Mumbai,West Bengal,2023-12-21,Consumer
CUST11018,Customer_11018,Female,40,Ahmedabad,Telangana,2023-08-13,Consumer
CUST11019,Customer_11019,Male,64,Ahmedabad,West Bengal,2024-09-05,Consumer
CUST11020,Customer_11020,Female,46,Hyderabad,Tamil Nadu,2023-04-09,Consumer
CUST11021,Customer_11021,Female,68,Kolkata,West Bengal,2023-11-03,Corporate
CUST11022,Customer_11022,Male,58,Kolkata,Karnataka,2025-03-05,Consumer
CUST11023,Customer_11023,Female,39,Pune,Maharashtra,2024-01-26,Consumer
CUST11024,Customer_11024,Male,41,Delhi,Maharashtra,2024-01-09,Consumer
CUST11025,Customer_11025,Male,62,Mumbai,Maharashtra,2023-07-23,Consumer
CUST11026,Customer_11026,Female,65,Mumbai,Maharashtra,2024-08-31,Consumer
CUST11027,Customer_11027,Male,30,Ahmedabad,Maharashtra,2024-09-24,Consumer
CUST11028,Customer_11028,Male,50,Pune,Karnataka,2023-03-07,Consumer
CUST11029,Customer_11029,Female,67,Hyderabad,Telangana,2023-05-11,Consumer
CUST11030,Customer_11030,Male,39,Ahmedabad,Telangana,2025-02-17,Corporate
CUST11031,Customer_11031,Male,52,Ahmedabad,Maharashtra,2025-06-19,Consumer
CUST11032,Customer_11032,Male,34,Bengaluru,Telangana,2025-04-07,Corporate
CUST11033,Customer_11033,Male,39,Chennai,Tamil Nadu,2023-04-02,Consumer
CUST11034,Customer_11034,Female,22,Hyderabad,Telangana,2025-01-08,Consumer
CUST11035,Customer_11035,Female,42,Kolkata,West Bengal,2024-10-14,Consumer
CUST11036,Customer_11036,Female,23,Ahmedabad,Delhi,2023-02-23,Consumer
CUST11037,Customer_11037,Female,34,Kolkata,Maharashtra,2024-10-19,Consumer
CUST11038,Customer_11038,Male,48,Chennai,West Bengal,2024-11-09,Corporate
CUST11039,Customer_11039,Female,34,Hyderabad,Delhi,2023-02-14,Consumer
CUST11040,Customer_11040,Female,50,Hyderabad,Delhi,2023-04-27,Consumer
CUST11041,Customer_11041,Female,56,Bengaluru,Maharashtra,2023-05-27,Corporate
CUST11042,Customer_11042,Female,65,Mumbai,Gujarat,2024-10-20,Consumer
CUST11043,Customer_11043,Female,54,Delhi,Karnataka,2025-11-10,Corporate
CUST11044,Customer_11044,Female,65,Hyderabad,Gujarat,2024-06-19,Corporate
CUST11045,Customer_11045,Male,21,Bengaluru,Telangana,2025-12-07,Consumer
CUST11046,Customer_11046,Female,60,Kolkata,Gujarat,2024-02-23,Consumer
CUST11047,Customer_11047,Male,31,Chennai,Tamil Nadu,2025-10-09,Consumer
CUST11048,Customer_11048,Male,30,Pune,Gujarat,2024-07-24,Premium
CUST11049,Customer_11049,Male,44,Kolkata,Gujarat,2025-09-24,Consumer
CUST11050,Customer_11050,Male,41,Ahmedabad,Karnataka,2024-04-26,Consumer
CUST11051,Customer_11051,Male,44,Pune,Tamil Nadu,2023-09-27,Consumer
CUST11052,Customer_11052,Male,25,Mumbai,Gujarat,2025-07-10,Corporate
CUST11053,Customer_11053,Female,69,Pune,Maharashtra,2024-11-22,Consumer
CUST11054,Customer_11054,Female,64,Hyderabad,Telangana,2025-03-22,Consumer
CUST11055,Customer_11055,Other,67,Chennai,Gujarat,2023-08-30,Corporate
CUST11056,Customer_11056,Male,56,Hyderabad,Karnataka,2025-07-19,Premium
CUST11057,Customer_11057,Female,38,Pune,Maharashtra,2025-12-23,Premium
CUST11058,Customer_11058,Female,68,Delhi,Karnataka,2024-02-02,Corporate
CUST11059,Customer_11059,Male,58,Kolkata,Delhi,2025-06-06,Corporate
CUST11060,Customer_11060,Female,28,Ahmedabad,Gujarat,2023-02-18,Premium
CUST11061,Customer_11061,Female,48,Pune,Telangana,2023-05-25,Consumer
CUST11062,Customer_11062,Male,44,Ahmedabad,Telangana,2025-07-05,Consumer
CUST11063,Customer_11063,Female,59,Delhi,Maharashtra,2024-02-02,Consumer
CUST11064,Customer_11064,Female,63,Pune,Maharashtra,2025-02-09,Consumer
CUST11065,Customer_11065,Male,65,Mumbai,Maharashtra,2024-11-01,Premium
CUST11066,Customer_11066,Male,44,Chennai,Telangana,2024-03-03,Premium
CUST11067,Customer_11067,Male,25,Delhi,Gujarat,2025-11-06,Premium
CUST11068,Customer_11068,Male,50,Bengaluru,Delhi,2023-03-22,Consumer
CUST11069,Customer_11069,Female,29,Mumbai,Telangana,2023-07-03,Corporate
CUST11070,Customer_11070,Female,52,Hyderabad,Maharashtra,2024-04-11,Corporate
CUST11071,Customer_11071,Male,51,Pune,Tamil Nadu,2023-10-10,Consumer
CUST11072,Customer_11072,Female,33,Chennai,Gujarat,2025-12-30,Corporate
CUST11073,Customer_11073,Male,53,Chennai,Delhi,2023-03-31,Premium
CUST11074,Customer_11074,Male,19,Pune,Telangana,2024-12-09,Premium
CUST11075,Customer_11075,Male,29,Bengaluru,Tamil Nadu,2024-10-03,Consumer
CUST11076,Customer_11076,Female,44,Kolkata,Gujarat,2023-07-22,Consumer
CUST11077,Customer_11077,Male,34,Kolkata,West Bengal,2024-08-21,Premium
CUST11078,Customer_11078,Male,37,Delhi,West Bengal,2023-01-06,Consumer
CUST11079,Customer_11079,Male,38,Pune,Delhi,2023-12-23,Consumer
CUST11080,Customer_11080,Female,47,Ahmedabad,West Bengal,2023-02-24,Consumer
CUST11081,Customer_11081,Other,59,Chennai,Telangana,2025-12-26,Consumer
CUST11082,Customer_11082,Male,37,Bengaluru,West Bengal,2023-05-27,Consumer
CUST11083,Customer_11083,Male,25,Kolkata,Gujarat,2024-08-08,Corporate
CUST11084,Customer_11084,Female,35,Bengaluru,Gujarat,2025-09-06,Consumer
CUST11085,Customer_11085,Female,35,Kolkata,Maharashtra,2025-01-05,Consumer
CUST11086,Customer_11086,Male,35,Hyderabad,Telangana,2024-11-25,Premium
CUST11087,Customer_11087,Female,19,Bengaluru,Gujarat,2025-05-03,Corporate
CUST11088,Customer_11088,Female,29,Mumbai,Delhi,2023-09-05,Corporate
CUST11089,Customer_11089,Male,49,Ahmedabad,Maharashtra,2023-05-12,Consumer
CUST11090,Customer_11090,Female,59,Chennai,Gujarat,2025-12-29,Corporate
CUST11091,Customer_11091,Female,25,Mumbai,Karnataka,2023-12-15,Consumer
CUST11092,Customer_11092,Female,68,Kolkata,Tamil Nadu,2024-03-17,Consumer
CUST11093,Customer_11093,Male,27,Bengaluru,Gujarat,2023-09-13,Corporate
CUST11094,Customer_11094,Male,28,Bengaluru,West Bengal,2024-05-19,Consumer
CUST11095,Customer_11095,Male,31,Ahmedabad,Maharashtra,2024-02-20,Consumer
CUST11096,Customer_11096,Male,43,Mumbai,Maharashtra,2023-11-15,Corporate
CUST11097,Customer_11097,Female,64,Hyderabad,Delhi,2023-11-12,Consumer
CUST11098,Customer_11098,Female,47,Bengaluru,Gujarat,2025-09-12,Consumer
CUST11099,Customer_11099,Female,59,Mumbai,Gujarat,2025-09-24,Consumer
CUST11100,Customer_11100,Other,21,Mumbai,Delhi,2023-11-26,Corporate
CUST11101,Customer_11101,Male,56,Ahmedabad,Tamil Nadu,2025-12-22,Consumer
CUST11102,Customer_11102,Female,28,Chennai,Delhi,2025-03-11,Consumer
CUST11103,Customer_11103,Female,41,Hyderabad,Maharashtra,2023-05-03,Consumer
CUST11104,Customer_11104,Male,39,Delhi,Tamil Nadu,2023-09-27,Consumer
CUST11105,Customer_11105,Female,20,Mumbai,West Bengal,2023-01-08,Consumer
CUST11106,Customer_11106,Male,54,Ahmedabad,Tamil Nadu,2024-12-30,Corporate
CUST11107,Customer_11107,Female,19,Ahmedabad,Telangana,2023-12-08,Consumer
CUST11108,Customer_11108,Female,29,Chennai,Maharashtra,2024-11-16,Corporate
CUST11109,Customer_11109,Male,38,Delhi,Maharashtra,2025-04-07,Consumer
CUST11110,Customer_11110,Female,22,Ahmedabad,Delhi,2023-12-02,Consumer
CUST11111,Customer_11111,Female,24,Ahmedabad,Maharashtra,2025-01-17,Corporate
CUST11112,Customer_11112,Male,21,Chennai,Gujarat,2025-05-10,Corporate
CUST11113,Customer_11113,Male,60,Chennai,Delhi,2023-09-13,Consumer
CUST11114,Customer_11114,Male,58,Pune,West Bengal,2023-04-26,Consumer
CUST11115,Customer_11115,Female,53,Hyderabad,Maharashtra,2025-03-01,Corporate
CUST11116,Customer_11116,Female,39,Bengaluru,Gujarat,2023-02-19,Consumer
CUST11117,Customer_11117,Female,46,Hyderabad,Telangana,2024-07-08,Consumer
CUST11118,Customer_11118,Female,26,Delhi,Maharashtra,2024-05-20,Consumer
CUST11119,Customer_11119,Female,43,Pune,Telangana,2023-08-22,Consumer
CUST11120,Customer_11120,Male,29,Ahmedabad,West Bengal,2025-02-13,Corporate
CUST11121,Customer_11121,Female,65,Hyderabad,Maharashtra,2023-07-08,Corporate
CUST11122,Customer_11122,Male,18,Ahmedabad,Maharashtra,2024-07-03,Consumer
CUST11123,Customer_11123,Male,25,Bengaluru,Karnataka,2024-06-07,Consumer
CUST11124,Customer_11124,Female,50,Hyderabad,West Bengal,2025-03-31,Consumer
CUST11125,Customer_11125,Male,69,Hyderabad,Gujarat,2023-01-14,Consumer
CUST11126,Customer_11126,Female,68,Hyderabad,Maharashtra,2025-08-24,Consumer
CUST11127,Customer_11127,Female,21,Mumbai,Telangana,2025-05-09,Consumer
CUST11128,Customer_11128,Male,31,Mumbai,Tamil Nadu,2024-03-08,Corporate
CUST11129,Customer_11129,Male,46,Hyderabad,Telangana,2024-09-03,Premium
CUST11130,Customer_11130,Female,31,Bengaluru,Gujarat,2024-04-06,Consumer
CUST11131,Customer_11131,Female,26,Ahmedabad,Maharashtra,2025-05-27,Consumer
CUST11132,Customer_11132,Male,26,Kolkata,Delhi,2023-10-11,Consumer
CUST11133,Customer_11133,Male,43,Bengaluru,Karnataka,2024-09-14,Consumer
CUST11134,Customer_11134,Female,66,Bengaluru,Delhi,2025-03-10,Consumer
CUST11135,Customer_11135,Female,64,Bengaluru,Karnataka,2024-12-17,Consumer
CUST11136,Customer_11136,Male,59,Ahmedabad,Karnataka,2024-06-17,Corporate
CUST11137,Customer_11137,Male,34,Pune,Delhi,2024-11-12,Consumer
CUST11138,Customer_11138,Female,58,Pune,Gujarat,2025-10-17,Consumer
CUST11139,Customer_11139,Female,21,Chennai,Maharashtra,2025-01-03,Consumer
CUST11140,Customer_11140,Other,63,Hyderabad,Telangana,2023-06-10,Corporate
CUST11141,Customer_11141,Female,20,Kolkata,Delhi,2023-06-23,Consumer
CUST11142,Customer_11142,Female,46,Kolkata,Tamil Nadu,2025-06-23,Consumer
CUST11143,Customer_11143,Male,42,Hyderabad,Karnataka,2023-01-26,Consumer
CUST11144,Customer_11144,Female,38,Chennai,Telangana,2024-03-12,Premium
CUST11145,Customer_11145,Male,29,Bengaluru,West Bengal,2025-01-28,Corporate
CUST11146,Customer_11146,Female,18,Delhi,West Bengal,2023-01-11,Consumer
CUST11147,Customer_11147,Male,18,Delhi,Tamil Nadu,2024-09-10,Consumer
CUST11148,Customer_11148,Male,62,Ahmedabad,Telangana,2025-10-21,Consumer
CUST11149,Customer_11149,Female,63,Chennai,Maharashtra,2024-06-06,Corporate
CUST11150,Customer_11150,Female,65,Kolkata,Tamil Nadu,2023-03-29,Corporate
CUST11151,Customer_11151,Male,24,Delhi,Gujarat,2023-08-30,Consumer
CUST11152,Customer_11152,Female,27,Mumbai,Gujarat,2025-10-05,Corporate
CUST11153,Customer_11153,Male,32,Hyderabad,Delhi,2024-08-20,Premium
CUST11154,Customer_11154,Male,57,Delhi,Telangana,2023-04-21,Consumer
CUST11155,Customer_11155,Female,28,Ahmedabad,West Bengal,2023-10-16,Consumer
CUST11156,Customer_11156,Male,63,Pune,Gujarat,2023-03-15,Consumer
CUST11157,Customer_11157,Female,62,Ahmedabad,Gujarat,2023-04-18,Consumer
CUST11158,Customer_11158,Male,40,Pune,Delhi,2025-03-11,Consumer
CUST11159,Customer_11159,Female,30,Kolkata,Delhi,2025-01-06,Consumer
CUST11160,Customer_11160,Female,44,Kolkata,Gujarat,2023-03-18,Consumer
CUST11161,Customer_11161,Male,58,Mumbai,Telangana,2023-07-22,Consumer
CUST11162,Customer_11162,Male,34,Ahmedabad,Telangana,2025-04-30,Premium
CUST11163,Customer_11163,Female,67,Hyderabad,Karnataka,2025-03-10,Consumer
CUST11164,Customer_11164,Female,68,Ahmedabad,Karnataka,2024-12-07,Premium
CUST11165,Customer_11165,Male,30,Mumbai,Tamil Nadu,2024-02-16,Premium
CUST11166,Customer_11166,Female,29,Hyderabad,West Bengal,2024-03-16,Consumer
CUST11167,Customer_11167,Male,46,Hyderabad,Tamil Nadu,2023-02-22,Consumer
CUST11168,Customer_11168,Male,38,Kolkata,Tamil Nadu,2024-11-02,Consumer
CUST11169,Customer_11169,Male,37,Delhi,Karnataka,2023-01-09,Consumer
CUST11170,Customer_11170,Male,37,Ahmedabad,Delhi,2024-11-21,Consumer
CUST11171,Customer_11171,Female,48,Pune,Gujarat,2023-03-24,Consumer
CUST11172,Customer_11172,Female,25,Chennai,Maharashtra,2025-11-14,Corporate
CUST11173,Customer_11173,Female,41,Delhi,Maharashtra,2023-08-13,Consumer
CUST11174,Customer_11174,Female,28,Ahmedabad,West Bengal,2024-03-05,Corporate
CUST11175,Customer_11175,Female,56,Kolkata,Gujarat,2025-04-14,Consumer
CUST11176,Customer_11176,Female,50,Bengaluru,Telangana,2025-06-13,Consumer
CUST11177,Customer_11177,Female,59,Mumbai,Karnataka,2025-01-29,Consumer
CUST11178,Customer_11178,Female,32,Kolkata,Telangana,2025-09-21,Consumer
CUST11179,Customer_11179,Female,21,Ahmedabad,Maharashtra,2023-03-19,Consumer
CUST11180,Customer_11180,Male,18,Bengaluru,Telangana,2025-12-15,Consumer
CUST11181,Customer_11181,Female,49,Hyderabad,Karnataka,2023-12-23,Consumer
CUST11182,Customer_11182,Female,28,Kolkata,Karnataka,2024-06-18,Corporate
CUST11183,Customer_11183,Female,47,Delhi,Karnataka,2024-11-04,Consumer
CUST11184,Customer_11184,Female,54,Ahmedabad,Maharashtra,2024-07-24,Corporate
CUST11185,Customer_11185,Female,36,Bengaluru,Karnataka,2024-07-31,Consumer
CUST11186,Customer_11186,Other,68,Bengaluru,Tamil Nadu,2024-02-10,Corporate
CUST11187,Customer_11187,Male,53,Pune,Tamil Nadu,2023-04-25,Consumer
CUST11188,Customer_11188,Female,51,Kolkata,West Bengal,2024-04-18,Consumer
CUST11189,Customer_11189,Male,24,Bengaluru,Gujarat,2025-01-23,Consumer
CUST11190,Customer_11190,Female,62,Pune,West Bengal,2023-11-27,Consumer
CUST11191,Customer_11191,Female,37,Pune,Karnataka,2024-12-25,Premium
CUST11192,Customer_11192,Male,29,Hyderabad,Tamil Nadu,2025-09-09,Consumer
CUST11193,Customer_11193,Male,49,Ahmedabad,Karnataka,2023-03-29,Consumer
CUST11194,Customer_11194,Female,19,Pune,Maharashtra,2025-06-26,Consumer
CUST11195,Customer_11195,Male,39,Hyderabad,Tamil Nadu,2024-07-27,Consumer
CUST11196,Customer_11196,Male,58,Pune,Maharashtra,2023-01-03,Consumer
CUST11197,Customer_11197,Female,65,Pune,Tamil Nadu,2024-06-07,Corporate
CUST11198,Customer_11198,Male,57,Kolkata,Delhi,2024-05-20,Consumer
CUST11199,Customer_11199,Male,41,Kolkata,Delhi,2024-10-07,Consumer
CUST11200,Customer_11200,Female,67,Hyderabad,Gujarat,2023-03-25,Consumer
CUST11201,Customer_11201,Male,48,Bengaluru,Gujarat,2023-07-03,Consumer
CUST11202,Customer_11202,Male,21,Mumbai,Gujarat,2023-06-18,Consumer
CUST11203,Customer_11203,Female,41,Delhi,West Bengal,2023-04-18,Premium
CUST11204,Customer_11204,Female,60,Delhi,Maharashtra,2023-07-12,Consumer
CUST11205,Customer_11205,Female,34,Hyderabad,Tamil Nadu,2025-05-01,Consumer
CUST11206,Customer_11206,Female,57,Bengaluru,Delhi,2023-09-29,Corporate
CUST11207,Customer_11207,Female,36,Kolkata,Karnataka,2024-07-09,Premium
CUST11208,Customer_11208,Male,57,Kolkata,Telangana,2025-06-24,Consumer
CUST11209,Customer_11209,Male,55,Mumbai,Delhi,2025-01-07,Consumer
CUST11210,Customer_11210,Male,51,Chennai,West Bengal,2025-02-03,Corporate
CUST11211,Customer_11211,Male,64,Kolkata,Delhi,2025-01-14,Corporate
CUST11212,Customer_11212,Female,50,Hyderabad,Karnataka,2025-02-09,Consumer
CUST11213,Customer_11213,Female,23,Chennai,Delhi,2025-03-09,Consumer
CUST11214,Customer_11214,Male,68,Delhi,Delhi,2023-04-26,Consumer
CUST11215,Customer_11215,Female,53,Delhi,Delhi,2025-08-18,Corporate
CUST11216,Customer_11216,Male,30,Kolkata,Gujarat,2025-10-25,Consumer
CUST11217,Customer_11217,Male,64,Mumbai,Gujarat,2025-02-11,Corporate
CUST11218,Customer_11218,Female,26,Ahmedabad,Tamil Nadu,2023-03-07,Consumer
CUST11219,Customer_11219,Male,52,Mumbai,Gujarat,2024-06-10,Consumer
CUST11220,Customer_11220,Male,51,Chennai,Delhi,2024-03-24,Consumer
CUST11221,Customer_11221,Male,33,Ahmedabad,Telangana,2023-04-11,Premium
CUST11222,Customer_11222,Male,35,Kolkata,West Bengal,2024-12-30,Corporate
CUST11223,Customer_11223,Female,35,Delhi,Gujarat,2024-07-07,Corporate
CUST11224,Customer_11224,Female,55,Mumbai,Tamil Nadu,2023-03-07,Consumer
CUST11225,Customer_11225,Male,67,Mumbai,West Bengal,2023-04-30,Corporate
CUST11226,Customer_11226,Male,60,Ahmedabad,Tamil Nadu,2023-09-02,Corporate
CUST11227,Customer_11227,Female,49,Delhi,Maharashtra,2024-01-24,Corporate
CUST11228,Customer_11228,Female,24,Kolkata,Delhi,2023-10-14,Corporate
CUST11229,Customer_11229,Male,40,Delhi,West Bengal,2025-12-07,Consumer
CUST11230,Customer_11230,Male,40,Bengaluru,Telangana,2025-03-10,Corporate
CUST11231,Customer_11231,Female,63,Pune,Telangana,2025-04-04,Consumer
CUST11232,Customer_11232,Female,35,Mumbai,Maharashtra,2024-02-22,Consumer
CUST11233,Customer_11233,Male,24,Chennai,Telangana,2025-08-27,Premium
CUST11234,Customer_11234,Female,59,Kolkata,West Bengal,2023-12-17,Consumer
CUST11235,Customer_11235,Male,57,Hyderabad,Tamil Nadu,2023-06-04,Corporate
CUST11236,Customer_11236,Female,41,Hyderabad,Karnataka,2023-07-22,Consumer
CUST11237,Customer_11237,Female,31,Delhi,Tamil Nadu,2025-08-22,Consumer
CUST11238,Customer_11238,Female,67,Pune,Gujarat,2024-03-15,Consumer
CUST11239,Customer_11239,Male,22,Kolkata,Karnataka,2024-01-14,Consumer
CUST11240,Customer_11240,Male,63,Kolkata,Telangana,2023-02-17,Corporate
CUST11241,Customer_11241,Male,39,Chennai,Delhi,2023-08-17,Consumer
CUST11242,Customer_11242,Female,39,Bengaluru,West Bengal,2025-09-16,Corporate
CUST11243,Customer_11243,Male,27,Ahmedabad,Karnataka,2024-11-11,Consumer
CUST11244,Customer_11244,Male,43,Mumbai,Tamil Nadu,2025-11-11,Premium
CUST11245,Customer_11245,Male,32,Bengaluru,Tamil Nadu,2025-06-16,Consumer
CUST11246,Customer_11246,Female,55,Kolkata,Gujarat,2025-08-26,Consumer
CUST11247,Customer_11247,Male,58,Chennai,Tamil Nadu,2025-08-12,Premium
CUST11248,Customer_11248,Male,59,Bengaluru,West Bengal,2024-10-07,Premium
CUST11249,Customer_11249,Male,66,Delhi,West Bengal,2023-01-11,Consumer
CUST11250,Customer_11250,Female,18,Hyderabad,Gujarat,2025-11-16,Premium
CUST11251,Customer_11251,Female,31,Delhi,Tamil Nadu,2024-03-31,Consumer
CUST11252,Customer_11252,Female,53,Mumbai,Maharashtra,2025-11-20,Premium
CUST11253,Customer_11253,Female,48,Delhi,Telangana,2024-08-25,Consumer
CUST11254,Customer_11254,Female,45,Chennai,Delhi,2025-08-22,Consumer
CUST11255,Customer_11255,Male,51,Kolkata,Gujarat,2024-08-13,Corporate
CUST11256,Customer_11256,Female,52,Chennai,Maharashtra,2024-05-28,Corporate
CUST11257,Customer_11257,Male,56,Mumbai,Telangana,2024-02-03,Consumer
CUST11258,Customer_11258,Male,40,Mumbai,West Bengal,2024-01-22,Consumer
CUST11259,Customer_11259,Female,63,Hyderabad,Gujarat,2024-09-09,Corporate
CUST11260,Customer_11260,Male,61,Bengaluru,Karnataka,2023-05-18,Consumer
CUST11261,Customer_11261,Male,36,Hyderabad,Maharashtra,2024-10-14,Corporate
CUST11262,Customer_11262,Male,35,Delhi,Gujarat,2024-04-26,Consumer
CUST11263,Customer_11263,Female,32,Bengaluru,West Bengal,2023-10-27,Corporate
CUST11264,Customer_11264,Male,18,Mumbai,Maharashtra,2023-02-01,Premium
CUST11265,Customer_11265,Female,42,Chennai,Maharashtra,2024-04-01,Consumer
CUST11266,Customer_11266,Female,43,Delhi,Maharashtra,2024-06-25,Corporate
CUST11267,Customer_11267,Female,52,Ahmedabad,Karnataka,2023-02-13,Corporate
CUST11268,Customer_11268,Male,32,Hyderabad,Tamil Nadu,2024-06-30,Consumer
CUST11269,Customer_11269,Female,21,Kolkata,West Bengal,2025-09-10,Consumer
CUST11270,Customer_11270,Male,32,Pune,Maharashtra,2024-02-28,Corporate
CUST11271,Customer_11271,Male,59,Pune,Telangana,2023-02-14,Consumer
CUST11272,Customer_11272,Male,55,Mumbai,Tamil Nadu,2024-01-15,Consumer
CUST11273,Customer_11273,Female,62,Kolkata,Karnataka,2024-05-11,Premium
CUST11274,Customer_11274,Male,56,Bengaluru,Delhi,2025-06-02,Consumer
CUST11275,Customer_11275,Male,18,Pune,Karnataka,2025-08-16,Corporate
CUST11276,Customer_11276,Male,39,Bengaluru,Delhi,2023-05-18,Consumer
CUST11277,Customer_11277,Male,28,Chennai,Telangana,2024-02-12,Consumer
CUST11278,Customer_11278,Female,63,Mumbai,Delhi,2023-07-04,Consumer
CUST11279,Customer_11279,Female,55,Ahmedabad,Gujarat,2024-05-03,Consumer
CUST11280,Customer_11280,Female,54,Mumbai,Maharashtra,2023-01-18,Corporate
CUST11281,Customer_11281,Male,68,Delhi,Tamil Nadu,2025-12-31,Premium
CUST11282,Customer_11282,Male,43,Delhi,West Bengal,2024-09-26,Corporate
CUST11283,Customer_11283,Female,68,Kolkata,Gujarat,2023-06-20,Premium
CUST11284,Customer_11284,Male,44,Bengaluru,Tamil Nadu,2024-02-04,Corporate
CUST11285,Customer_11285,Female,30,Ahmedabad,Maharashtra,2025-06-28,Consumer
CUST11286,Customer_11286,Male,24,Pune,Tamil Nadu,2023-08-27,Consumer
CUST11287,Customer_11287,Female,25,Pune,Karnataka,2023-11-16,Consumer
CUST11288,Customer_11288,Male,63,Hyderabad,Maharashtra,2024-06-05,Consumer
CUST11289,Customer_11289,Male,68,Ahmedabad,Maharashtra,2024-06-11,Corporate
CUST11290,Customer_11290,Female,68,Bengaluru,Tamil Nadu,2024-04-21,Corporate
CUST11291,Customer_11291,Female,40,Pune,West Bengal,2025-01-28,Consumer
CUST11292,Customer_11292,Male,43,Delhi,Gujarat,2023-02-11,Consumer
CUST11293,Customer_11293,Female,61,Delhi,Delhi,2023-08-22,Consumer
CUST11294,Customer_11294,Female,44,Ahmedabad,West Bengal,2024-07-09,Premium
CUST11295,Customer_11295,Male,26,Delhi,West Bengal,2024-03-12,Corporate
CUST11296,Customer_11296,Male,63,Bengaluru,Telangana,2024-11-06,Corporate
CUST11297,Customer_11297,Male,55,Mumbai,West Bengal,2025-01-12,Premium
CUST11298,Customer_11298,Male,64,Kolkata,Delhi,2025-06-26,Consumer
CUST11299,Customer_11299,Female,30,Hyderabad,Karnataka,2025-03-13,Corporate
CUST11300,Customer_11300,Male,24,Hyderabad,Maharashtra,2025-04-30,Consumer
CUST11301,Customer_11301,Male,28,Delhi,Maharashtra,2025-09-23,Premium
CUST11302,Customer_11302,Male,27,Chennai,Karnataka,2025-04-25,Corporate
CUST11303,Customer_11303,Female,50,Ahmedabad,Telangana,2024-05-24,Corporate
CUST11304,Customer_11304,Male,56,Bengaluru,Maharashtra,2023-01-22,Consumer
CUST11305,Customer_11305,Male,67,Ahmedabad,Delhi,2025-10-04,Consumer
CUST11306,Customer_11306,Male,20,Pune,Karnataka,2023-08-30,Consumer
CUST11307,Customer_11307,Female,58,Ahmedabad,Maharashtra,2025-04-22,Corporate
CUST11308,Customer_11308,Male,46,Pune,Delhi,2024-07-31,Consumer
CUST11309,Customer_11309,Female,54,Ahmedabad,Karnataka,2024-03-28,Corporate
CUST11310,Customer_11310,Male,62,Ahmedabad,Karnataka,2024-05-21,Consumer
CUST11311,Customer_11311,Male,33,Kolkata,Karnataka,2023-08-01,Corporate
CUST11312,Customer_11312,Female,33,Mumbai,Telangana,2025-09-19,Corporate
CUST11313,Customer_11313,Male,61,Delhi,Karnataka,2024-02-13,Consumer
CUST11314,Customer_11314,Female,67,Chennai,West Bengal,2024-09-13,Consumer
CUST11315,Customer_11315,Female,60,Delhi,Gujarat,2024-07-12,Consumer
CUST11316,Customer_11316,Female,66,Ahmedabad,Tamil Nadu,2025-05-21,Consumer
CUST11317,Customer_11317,Female,24,Ahmedabad,Tamil Nadu,2024-10-29,Consumer
CUST11318,Customer_11318,Male,32,Chennai,Karnataka,2024-08-14,Corporate
CUST11319,Customer_11319,Male,55,Hyderabad,Maharashtra,2025-12-04,Consumer
CUST11320,Customer_11320,Female,23,Chennai,West Bengal,2024-12-07,Consumer
CUST11321,Customer_11321,Female,35,Hyderabad,West Bengal,2024-12-23,Corporate
CUST11322,Customer_11322,Female,36,Hyderabad,Tamil Nadu,2025-02-18,Consumer
CUST11323,Customer_11323,Male,69,Ahmedabad,Delhi,2024-05-21,Consumer
CUST11324,Customer_11324,Male,68,Bengaluru,Delhi,2024-03-25,Corporate
CUST11325,Customer_11325,Female,19,Kolkata,Maharashtra,2025-01-19,Corporate
CUST11326,Customer_11326,Male,20,Chennai,Delhi,2024-06-21,Corporate
CUST11327,Customer_11327,Male,63,Mumbai,Gujarat,2024-05-12,Consumer
CUST11328,Customer_11328,Male,42,Mumbai,Maharashtra,2024-12-16,Consumer
CUST11329,Customer_11329,Female,53,Chennai,Delhi,2024-02-04,Corporate
CUST11330,Customer_11330,Male,66,Kolkata,Karnataka,2024-08-06,Consumer
CUST11331,Customer_11331,Female,45,Bengaluru,West Bengal,2025-07-09,Consumer
CUST11332,Customer_11332,Male,55,Mumbai,Delhi,2023-12-05,Corporate
CUST11333,Customer_11333,Female,45,Delhi,West Bengal,2024-04-01,Consumer
CUST11334,Customer_11334,Female,49,Mumbai,Karnataka,2024-10-06,Corporate
CUST11335,Customer_11335,Male,68,Ahmedabad,Delhi,2023-10-09,Consumer
CUST11336,Customer_11336,Female,58,Bengaluru,Delhi,2024-02-18,Consumer
CUST11337,Customer_11337,Male,53,Hyderabad,Delhi,2023-06-12,Consumer
CUST11338,Customer_11338,Male,56,Hyderabad,Karnataka,2025-04-22,Corporate
CUST11339,Customer_11339,Female,53,Hyderabad,Delhi,2023-06-10,Consumer
CUST11340,Customer_11340,Male,60,Ahmedabad,Delhi,2023-09-12,Premium
CUST11341,Customer_11341,Male,40,Bengaluru,West Bengal,2025-12-29,Consumer
CUST11342,Customer_11342,Male,19,Hyderabad,Gujarat,2024-02-16,Consumer
CUST11343,Customer_11343,Male,27,Kolkata,Telangana,2024-12-14,Corporate
CUST11344,Customer_11344,Female,23,Hyderabad,Karnataka,2023-02-05,Premium
CUST11345,Customer_11345,Male,25,Bengaluru,Gujarat,2024-12-30,Consumer
CUST11346,Customer_11346,Female,32,Ahmedabad,Tamil Nadu,2024-04-14,Consumer
CUST11347,Customer_11347,Female,62,Delhi,West Bengal,2023-11-05,Consumer
CUST11348,Customer_11348,Male,46,Mumbai,Maharashtra,2024-04-25,Consumer
CUST11349,Customer_11349,Male,45,Bengaluru,West Bengal,2024-12-04,Consumer
CUST11350,Customer_11350,Female,39,Bengaluru,Telangana,2025-02-27,Consumer
CUST11351,Customer_11351,Male,51,Chennai,Gujarat,2023-10-18,Consumer
CUST11352,Customer_11352,Male,37,Hyderabad,Gujarat,2024-03-05,Consumer
CUST11353,Customer_11353,Male,50,Pune,Delhi,2024-08-20,Consumer
CUST11354,Customer_11354,Female,32,Delhi,Tamil Nadu,2024-03-07,Corporate
CUST11355,Customer_11355,Female,24,Pune,Tamil Nadu,2024-10-07,Consumer
CUST11356,Customer_11356,Male,41,Chennai,Delhi,2024-05-19,Consumer
CUST11357,Customer_11357,Male,43,Delhi,Gujarat,2024-11-03,Consumer
CUST11358,Customer_11358,Female,67,Hyderabad,West Bengal,2025-03-17,Corporate
CUST11359,Customer_11359,Female,27,Pune,Gujarat,2023-02-10,Premium
CUST11360,Customer_11360,Female,32,Ahmedabad,Delhi,2024-01-19,Corporate
CUST11361,Customer_11361,Female,54,Hyderabad,Telangana,2025-06-04,Corporate
CUST11362,Customer_11362,Male,41,Hyderabad,Karnataka,2023-07-02,Consumer
CUST11363,Customer_11363,Female,28,Mumbai,Telangana,2025-02-02,Corporate
CUST11364,Customer_11364,Male,57,Delhi,Karnataka,2025-11-29,Premium
CUST11365,Customer_11365,Male,38,Delhi,Tamil Nadu,2023-05-18,Consumer
CUST11366,Customer_11366,Female,57,Chennai,Maharashtra,2023-12-01,Consumer
CUST11367,Customer_11367,Male,55,Ahmedabad,Delhi,2023-05-18,Corporate
CUST11368,Customer_11368,Other,32,Bengaluru,Telangana,2024-05-02,Corporate
CUST11369,Customer_11369,Male,32,Hyderabad,Tamil Nadu,2024-07-29,Premium
CUST11370,Customer_11370,Female,54,Hyderabad,Telangana,2024-09-20,Consumer
CUST11371,Customer_11371,Female,62,Pune,Gujarat,2025-06-16,Premium
CUST11372,Customer_11372,Male,31,Chennai,Karnataka,2024-02-13,Consumer
CUST11373,Customer_11373,Female,60,Delhi,Delhi,2025-10-29,Premium
CUST11374,Customer_11374,Male,69,Mumbai,Gujarat,2025-05-08,Corporate
CUST11375,Customer_11375,Female,38,Delhi,Karnataka,2023-08-07,Corporate
CUST11376,Customer_11376,Male,61,Mumbai,Gujarat,2025-04-21,Consumer
CUST11377,Customer_11377,Female,37,Mumbai,Karnataka,2023-12-16,Consumer
CUST11378,Customer_11378,Male,50,Delhi,Karnataka,2024-02-09,Consumer
CUST11379,Customer_11379,Male,20,Pune,Gujarat,2023-02-12,Consumer
CUST11380,Customer_11380,Male,57,Hyderabad,Tamil Nadu,2023-09-15,Premium
CUST11381,Customer_11381,Male,40,Mumbai,Delhi,2025-05-01,Consumer
CUST11382,Customer_11382,Female,61,Pune,Maharashtra,2025-12-04,Consumer
CUST11383,Customer_11383,Female,64,Chennai,Telangana,2025-10-10,Consumer
CUST11384,Customer_11384,Female,40,Chennai,West Bengal,2024-03-10,Consumer
CUST11385,Customer_11385,Male,44,Mumbai,Karnataka,2024-06-13,Consumer
CUST11386,Customer_11386,Male,52,Hyderabad,Delhi,2023-03-10,Consumer
CUST11387,Customer_11387,Male,42,Mumbai,Telangana,2025-11-14,Consumer
CUST11388,Customer_11388,Female,49,Chennai,Delhi,2024-07-21,Consumer
CUST11389,Customer_11389,Other,39,Kolkata,Gujarat,2024-05-27,Consumer
CUST11390,Customer_11390,Male,25,Chennai,Telangana,2023-07-02,Consumer
CUST11391,Customer_11391,Male,68,Delhi,Delhi,2023-02-23,Corporate
CUST11392,Customer_11392,Male,69,Kolkata,Maharashtra,2023-06-09,Consumer
CUST11393,Customer_11393,Female,55,Hyderabad,West Bengal,2025-01-07,Corporate
CUST11394,Customer_11394,Female,35,Delhi,Delhi,2023-09-21,Consumer
CUST11395,Customer_11395,Female,45,Kolkata,West Bengal,2024-09-12,Corporate
CUST11396,Customer_11396,Male,45,Pune,Delhi,2025-10-02,Consumer
CUST11397,Customer_11397,Female,28,Kolkata,West Bengal,2025-12-03,Corporate
CUST11398,Customer_11398,Female,29,Pune,Karnataka,2023-07-20,Consumer
CUST11399,Customer_11399,Male,19,Pune,West Bengal,2023-05-27,Consumer
CUST11400,Customer_11400,Female,54,Kolkata,West Bengal,2024-12-11,Corporate
CUST11401,Customer_11401,Male,21,Kolkata,Karnataka,2024-06-30,Corporate
CUST11402,Customer_11402,Male,58,Bengaluru,Karnataka,2025-05-21,Consumer
CUST11403,Customer_11403,Female,62,Kolkata,Gujarat,2024-07-28,Consumer
CUST11404,Customer_11404,Male,62,Pune,West Bengal,2023-03-23,Consumer
CUST11405,Customer_11405,Female,64,Mumbai,Delhi,2023-09-20,Consumer
CUST11406,Customer_11406,Female,51,Delhi,Maharashtra,2025-07-11,Corporate
CUST11407,Customer_11407,Male,40,Pune,Telangana,2025-11-28,Premium
CUST11408,Customer_11408,Female,30,Hyderabad,Karnataka,2023-10-13,Consumer
CUST11409,Customer_11409,Female,24,Ahmedabad,Tamil Nadu,2023-01-23,Consumer
CUST11410,Customer_11410,Male,49,Kolkata,Delhi,2023-10-30,Consumer
CUST11411,Customer_11411,Male,40,Pune,Maharashtra,2023-07-25,Premium
CUST11412,Customer_11412,Male,66,Mumbai,Maharashtra,2023-04-05,Consumer
CUST11413,Customer_11413,Male,25,Ahmedabad,Karnataka,2024-04-19,Consumer
CUST11414,Customer_11414,Male,67,Kolkata,Gujarat,2023-05-17,Consumer
CUST11415,Customer_11415,Male,64,Mumbai,Karnataka,2023-05-31,Consumer
CUST11416,Customer_11416,Male,64,Ahmedabad,Gujarat,2024-12-03,Consumer
CUST11417,Customer_11417,Female,54,Ahmedabad,Tamil Nadu,2023-07-21,Premium
CUST11418,Customer_11418,Male,51,Mumbai,Tamil Nadu,2025-07-31,Corporate
CUST11419,Customer_11419,Female,65,Mumbai,Karnataka,2023-03-15,Premium
CUST11420,Customer_11420,Female,46,Mumbai,Telangana,2024-07-02,Corporate
CUST11421,Customer_11421,Female,54,Hyderabad,West Bengal,2024-09-28,Consumer
CUST11422,Customer_11422,Male,40,Bengaluru,Karnataka,2025-09-26,Consumer
CUST11423,Customer_11423,Female,55,Chennai,Karnataka,2025-09-24,Consumer
CUST11424,Customer_11424,Female,46,Bengaluru,Maharashtra,2025-10-21,Consumer
CUST11425,Customer_11425,Female,61,Chennai,Karnataka,2023-10-18,Consumer
CUST11426,Customer_11426,Male,22,Delhi,Karnataka,2023-03-12,Consumer
CUST11427,Customer_11427,Male,69,Kolkata,Karnataka,2023-04-18,Consumer
CUST11428,Customer_11428,Female,57,Mumbai,Telangana,2024-08-20,Consumer
CUST11429,Customer_11429,Male,28,Delhi,Maharashtra,2025-11-14,Premium
CUST11430,Customer_11430,Male,31,Delhi,Delhi,2023-07-22,Consumer
CUST11431,Customer_11431,Male,66,Kolkata,Delhi,2024-07-22,Consumer
CUST11432,Customer_11432,Female,59,Chennai,Delhi,2023-06-13,Consumer
CUST11433,Customer_11433,Female,19,Hyderabad,Delhi,2025-07-18,Consumer
CUST11434,Customer_11434,Male,52,Mumbai,Maharashtra,2023-06-29,Premium
CUST11435,Customer_11435,Female,62,Ahmedabad,Karnataka,2024-08-20,Consumer
CUST11436,Customer_11436,Female,66,Pune,Delhi,2024-04-16,Consumer
CUST11437,Customer_11437,Female,52,Kolkata,Karnataka,2025-12-04,Consumer
CUST11438,Customer_11438,Female,59,Ahmedabad,West Bengal,2024-06-15,Consumer
CUST11439,Customer_11439,Female,45,Kolkata,West Bengal,2024-08-31,Consumer
CUST11440,Customer_11440,Female,25,Ahmedabad,Delhi,2024-03-06,Consumer
CUST11441,Customer_11441,Male,49,Delhi,Telangana,2025-12-18,Consumer
CUST11442,Customer_11442,Female,21,Bengaluru,Karnataka,2025-09-01,Premium
CUST11443,Customer_11443,Male,62,Ahmedabad,Maharashtra,2025-09-01,Consumer
CUST11444,Customer_11444,Male,24,Mumbai,Gujarat,2023-08-12,Consumer
CUST11445,Customer_11445,Male,56,Ahmedabad,Telangana,2025-03-20,Consumer
CUST11446,Customer_11446,Female,65,Hyderabad,Gujarat,2023-07-08,Consumer
CUST11447,Customer_11447,Female,44,Mumbai,Telangana,2023-02-28,Premium
CUST11448,Customer_11448,Male,54,Pune,Maharashtra,2025-10-28,Consumer
CUST11449,Customer_11449,Male,34,Pune,Telangana,2025-04-04,Consumer
CUST11450,Customer_11450,Female,27,Delhi,West Bengal,2024-02-10,Consumer
CUST11451,Customer_11451,Male,21,Ahmedabad,Karnataka,2024-09-05,Consumer
CUST11452,Customer_11452,Female,40,Bengaluru,Tamil Nadu,2025-11-10,Consumer
CUST11453,Customer_11453,Male,31,Delhi,Tamil Nadu,2024-01-19,Corporate
CUST11454,Customer_11454,Male,22,Hyderabad,Delhi,2024-02-16,Consumer
CUST11455,Customer_11455,Other,19,Chennai,West Bengal,2024-12-28,Consumer
CUST11456,Customer_11456,Male,63,Pune,Delhi,2023-08-19,Consumer
CUST11457,Customer_11457,Male,41,Bengaluru,Karnataka,2023-08-24,Consumer
CUST11458,Customer_11458,Male,35,Pune,Maharashtra,2024-10-24,Consumer
CUST11459,Customer_11459,Female,44,Hyderabad,Karnataka,2023-02-15,Consumer
CUST11460,Customer_11460,Female,41,Hyderabad,Delhi,2023-08-10,Corporate
CUST11461,Customer_11461,Male,46,Ahmedabad,Telangana,2025-01-21,Consumer
CUST11462,Customer_11462,Male,28,Pune,Gujarat,2023-06-05,Corporate
CUST11463,Customer_11463,Female,65,Delhi,West Bengal,2025-03-28,Consumer
CUST11464,Customer_11464,Male,35,Pune,Karnataka,2024-07-28,Consumer
CUST11465,Customer_11465,Female,65,Ahmedabad,Karnataka,2023-01-10,Consumer
CUST11466,Customer_11466,Male,21,Delhi,Maharashtra,2023-03-30,Corporate
CUST11467,Customer_11467,Male,50,Pune,Delhi,2025-06-27,Corporate
CUST11468,Customer_11468,Female,31,Delhi,Karnataka,2023-11-22,Corporate
CUST11469,Customer_11469,Male,61,Ahmedabad,Telangana,2023-10-13,Corporate
CUST11470,Customer_11470,Female,59,Chennai,Gujarat,2023-08-03,Consumer
CUST11471,Customer_11471,Male,49,Mumbai,Telangana,2025-09-22,Consumer
CUST11472,Customer_11472,Male,68,Mumbai,Tamil Nadu,2025-12-31,Consumer
CUST11473,Customer_11473,Other,21,Delhi,Delhi,2025-09-08,Consumer
CUST11474,Customer_11474,Male,37,Delhi,Telangana,2024-02-06,Corporate
CUST11475,Customer_11475,Female,38,Kolkata,Maharashtra,2024-09-03,Consumer
CUST11476,Customer_11476,Male,20,Kolkata,Gujarat,2024-06-06,Consumer
CUST11477,Customer_11477,Female,42,Chennai,Delhi,2023-12-06,Corporate
CUST11478,Customer_11478,Female,21,Ahmedabad,Telangana,2025-04-08,Corporate
CUST11479,Customer_11479,Male,64,Mumbai,Karnataka,2025-06-24,Premium
CUST11480,Customer_11480,Female,28,Chennai,Delhi,2023-12-23,Consumer
CUST11481,Customer_11481,Female,33,Kolkata,Telangana,2024-01-13,Consumer
CUST11482,Customer_11482,Male,53,Kolkata,West Bengal,2023-03-16,Consumer
CUST11483,Customer_11483,Female,23,Hyderabad,Karnataka,2023-09-22,Consumer
CUST11484,Customer_11484,Female,48,Pune,Tamil Nadu,2025-06-29,Consumer
CUST11485,Customer_11485,Male,57,Kolkata,Gujarat,2025-10-10,Consumer
CUST11486,Customer_11486,Male,30,Mumbai,Delhi,2023-08-16,Consumer
CUST11487,Customer_11487,Male,40,Delhi,Delhi,2023-05-11,Consumer
CUST11488,Customer_11488,Male,69,Ahmedabad,Telangana,2025-10-30,Consumer
CUST11489,Customer_11489,Female,21,Bengaluru,Tamil Nadu,2024-06-28,Consumer
CUST11490,Customer_11490,Male,54,Kolkata,Maharashtra,2023-09-01,Consumer
CUST11491,Customer_11491,Female,59,Hyderabad,Telangana,2023-08-16,Consumer
CUST11492,Customer_11492,Male,54,Pune,Telangana,2023-09-02,Consumer
CUST11493,Customer_11493,Male,61,Bengaluru,Maharashtra,2024-03-19,Corporate
CUST11494,Customer_11494,Female,50,Chennai,Maharashtra,2024-09-06,Corporate
CUST11495,Customer_11495,Female,59,Pune,Maharashtra,2025-06-05,Corporate
CUST11496,Customer_11496,Female,46,Chennai,Gujarat,2025-04-04,Corporate
CUST11497,Customer_11497,Male,54,Chennai,Maharashtra,2025-07-24,Corporate
CUST11498,Customer_11498,Male,36,Delhi,West Bengal,2024-01-17,Corporate
CUST11499,Customer_11499,Male,68,Chennai,Maharashtra,2024-09-30,Consumer
CUST11500,Customer_11500,Other,37,Kolkata,Karnataka,2024-06-05,Consumer
CUST11501,Customer_11501,Male,49,Bengaluru,Karnataka,2025-04-21,Premium
CUST11502,Customer_11502,Female,61,Hyderabad,Maharashtra,2023-06-07,Consumer
CUST11503,Customer_11503,Female,33,Ahmedabad,Gujarat,2024-06-30,Corporate
CUST11504,Customer_11504,Male,22,Kolkata,Gujarat,2024-05-20,Corporate
CUST11505,Customer_11505,Female,66,Delhi,Tamil Nadu,2025-03-31,Premium
CUST11506,Customer_11506,Female,63,Hyderabad,Gujarat,2023-06-16,Corporate
CUST11507,Customer_11507,Female,29,Chennai,West Bengal,2023-01-22,Corporate
CUST11508,Customer_11508,Male,62,Mumbai,West Bengal,2023-03-08,Corporate
CUST11509,Customer_11509,Male,38,Pune,Tamil Nadu,2024-12-10,Consumer
CUST11510,Customer_11510,Male,31,Delhi,Maharashtra,2024-09-03,Consumer
CUST11511,Customer_11511,Male,54,Chennai,Gujarat,2025-04-27,Premium
CUST11512,Customer_11512,Female,39,Delhi,Karnataka,2024-08-09,Premium
CUST11513,Customer_11513,Female,47,Mumbai,Tamil Nadu,2025-06-06,Consumer
CUST11514,Customer_11514,Male,40,Ahmedabad,Karnataka,2023-01-17,Consumer
CUST11515,Customer_11515,Female,22,Bengaluru,West Bengal,2024-10-20,Consumer
CUST11516,Customer_11516,Female,46,Kolkata,Telangana,2025-01-31,Consumer
CUST11517,Customer_11517,Male,47,Bengaluru,West Bengal,2023-09-12,Corporate
CUST11518,Customer_11518,Male,35,Pune,West Bengal,2023-11-24,Consumer
CUST11519,Customer_11519,Female,63,Bengaluru,Karnataka,2023-12-12,Corporate
CUST11520,Customer_11520,Female,67,Ahmedabad,Maharashtra,2023-08-28,Corporate
CUST11521,Customer_11521,Female,69,Kolkata,Gujarat,2023-11-03,Premium
CUST11522,Customer_11522,Male,18,Kolkata,West Bengal,2023-06-25,Corporate
CUST11523,Customer_11523,Male,56,Ahmedabad,Gujarat,2023-11-09,Consumer
CUST11524,Customer_11524,Male,34,Mumbai,Delhi,2025-06-24,Premium
CUST11525,Customer_11525,Female,20,Hyderabad,Maharashtra,2024-06-27,Consumer
CUST11526,Customer_11526,Female,59,Ahmedabad,Telangana,2023-12-01,Premium
CUST11527,Customer_11527,Male,24,Mumbai,Gujarat,2025-04-15,Consumer
CUST11528,Customer_11528,Female,44,Mumbai,Karnataka,2025-06-18,Consumer
CUST11529,Customer_11529,Female,45,Chennai,Tamil Nadu,2024-12-01,Consumer
CUST11530,Customer_11530,Female,61,Ahmedabad,West Bengal,2023-09-26,Consumer
CUST11531,Customer_11531,Female,48,Bengaluru,Maharashtra,2025-03-16,Consumer
CUST11532,Customer_11532,Male,32,Delhi,Gujarat,2023-07-05,Consumer
CUST11533,Customer_11533,Female,65,Kolkata,Tamil Nadu,2023-04-20,Premium
CUST11534,Customer_11534,Male,25,Pune,Karnataka,2025-02-05,Corporate
CUST11535,Customer_11535,Male,23,Hyderabad,Gujarat,2023-02-04,Corporate
CUST11536,Customer_11536,Female,45,Kolkata,Telangana,2025-03-08,Premium
CUST11537,Customer_11537,Female,21,Delhi,West Bengal,2024-09-22,Corporate
CUST11538,Customer_11538,Female,47,Chennai,West Bengal,2023-01-10,Consumer
CUST11539,Customer_11539,Female,60,Ahmedabad,Maharashtra,2023-07-28,Corporate
CUST11540,Customer_11540,Female,34,Chennai,Tamil Nadu,2023-02-07,Consumer
CUST11541,Customer_11541,Female,51,Hyderabad,Gujarat,2023-04-04,Consumer
CUST11542,Customer_11542,Male,23,Delhi,West Bengal,2025-06-05,Consumer
CUST11543,Customer_11543,Female,53,Hyderabad,Maharashtra,2025-04-18,Consumer
CUST11544,Customer_11544,Male,52,Hyderabad,Gujarat,2024-10-13,Consumer
CUST11545,Customer_11545,Male,56,Bengaluru,Maharashtra,2023-08-30,Consumer
CUST11546,Customer_11546,Male,56,Ahmedabad,Tamil Nadu,2024-11-12,Consumer
CUST11547,Customer_11547,Female,33,Delhi,Telangana,2023-04-08,Consumer
CUST11548,Customer_11548,Female,19,Bengaluru,Maharashtra,2024-08-01,Corporate
CUST11549,Customer_11549,Female,25,Kolkata,Telangana,2024-09-07,Corporate
CUST11550,Customer_11550,Female,32,Bengaluru,Telangana,2023-05-21,Consumer
CUST11551,Customer_11551,Male,44,Kolkata,West Bengal,2023-07-22,Premium
CUST11552,Customer_11552,Female,33,Pune,West Bengal,2024-02-21,Consumer
CUST11553,Customer_11553,Female,18,Bengaluru,Karnataka,2025-03-12,Consumer
CUST11554,Customer_11554,Female,27,Mumbai,Gujarat,2025-08-03,Consumer
CUST11555,Customer_11555,Female,24,Chennai,Tamil Nadu,2023-05-17,Consumer
CUST11556,Customer_11556,Female,65,Chennai,Karnataka,2025-02-13,Consumer
CUST11557,Customer_11557,Female,27,Mumbai,Delhi,2025-06-23,Consumer
CUST11558,Customer_11558,Female,29,Kolkata,West Bengal,2024-09-09,Consumer
CUST11559,Customer_11559,Male,34,Kolkata,Gujarat,2025-07-10,Corporate
CUST11560,Customer_11560,Female,62,Ahmedabad,Karnataka,2024-09-16,Consumer
CUST11561,Customer_11561,Male,29,Hyderabad,Maharashtra,2025-04-13,Consumer
CUST11562,Customer_11562,Male,32,Delhi,Maharashtra,2023-05-18,Corporate
CUST11563,Customer_11563,Female,63,Delhi,Maharashtra,2024-02-19,Corporate
CUST11564,Customer_11564,Male,68,Delhi,Delhi,2024-09-11,Consumer
CUST11565,Customer_11565,Female,49,Bengaluru,Telangana,2023-09-05,Premium
CUST11566,Customer_11566,Male,49,Delhi,West Bengal,2024-06-09,Corporate
CUST11567,Customer_11567,Male,68,Delhi,Maharashtra,2023-08-13,Consumer
CUST11568,Customer_11568,Female,43,Kolkata,Gujarat,2025-01-04,Corporate
CUST11569,Customer_11569,Male,31,Delhi,Gujarat,2024-12-21,Consumer
CUST11570,Customer_11570,Female,67,Chennai,West Bengal,2024-04-07,Consumer
CUST11571,Customer_11571,Male,43,Mumbai,Karnataka,2025-07-04,Premium
CUST11572,Customer_11572,Male,22,Pune,Telangana,2023-08-28,Corporate
CUST11573,Customer_11573,Male,69,Kolkata,Karnataka,2023-01-21,Consumer
CUST11574,Customer_11574,Male,55,Hyderabad,Karnataka,2024-03-23,Premium
CUST11575,Customer_11575,Female,67,Mumbai,Maharashtra,2024-03-23,Corporate
CUST11576,Customer_11576,Male,63,Delhi,Karnataka,2023-09-12,Consumer
CUST11577,Customer_11577,Female,21,Hyderabad,West Bengal,2023-10-30,Corporate
CUST11578,Customer_11578,Female,45,Hyderabad,Delhi,2025-02-15,Premium
CUST11579,Customer_11579,Female,18,Mumbai,Gujarat,2024-09-15,Consumer
CUST11580,Customer_11580,Female,30,Mumbai,Gujarat,2025-11-19,Consumer
CUST11581,Customer_11581,Male,60,Mumbai,Gujarat,2025-06-05,Consumer
CUST11582,Customer_11582,Male,20,Kolkata,West Bengal,2024-01-23,Consumer
CUST11583,Customer_11583,Female,66,Kolkata,Telangana,2024-11-10,Corporate
CUST11584,Customer_11584,Female,67,Pune,Maharashtra,2024-04-24,Consumer
CUST11585,Customer_11585,Female,42,Mumbai,Maharashtra,2024-08-30,Consumer
CUST11586,Customer_11586,Female,59,Pune,West Bengal,2023-05-15,Corporate
CUST11587,Customer_11587,Male,33,Bengaluru,Karnataka,2025-11-27,Corporate
CUST11588,Customer_11588,Male,38,Ahmedabad,Karnataka,2023-10-15,Consumer
CUST11589,Customer_11589,Female,30,Chennai,Tamil Nadu,2025-12-28,Corporate
CUST11590,Customer_11590,Female,69,Ahmedabad,Tamil Nadu,2025-01-15,Consumer
CUST11591,Customer_11591,Male,61,Pune,Maharashtra,2025-12-26,Premium
CUST11592,Customer_11592,Female,53,Chennai,West Bengal,2023-07-11,Consumer
CUST11593,Customer_11593,Male,25,Delhi,Maharashtra,2024-02-05,Consumer
CUST11594,Customer_11594,Male,61,Bengaluru,Karnataka,2025-06-27,Consumer
CUST11595,Customer_11595,Female,36,Hyderabad,West Bengal,2024-10-19,Consumer
CUST11596,Customer_11596,Female,64,Mumbai,Delhi,2025-11-03,Consumer
CUST11597,Customer_11597,Female,33,Delhi,Delhi,2024-04-13,Premium
CUST11598,Customer_11598,Male,29,Hyderabad,Gujarat,2025-06-11,Consumer
CUST11599,Customer_11599,Male,37,Kolkata,Karnataka,2023-06-03,Premium
CUST11600,Customer_11600,Female,35,Chennai,West Bengal,2025-08-14,Corporate
CUST11601,Customer_11601,Male,29,Hyderabad,Tamil Nadu,2024-11-09,Consumer
CUST11602,Customer_11602,Female,65,Ahmedabad,Tamil Nadu,2024-11-27,Consumer
CUST11603,Customer_11603,Female,42,Mumbai,Delhi,2023-11-02,Consumer
CUST11604,Customer_11604,Female,69,Mumbai,Maharashtra,2023-12-20,Premium
CUST11605,Customer_11605,Male,28,Ahmedabad,Karnataka,2025-06-25,Corporate
CUST11606,Customer_11606,Female,39,Pune,Gujarat,2025-03-08,Corporate
CUST11607,Customer_11607,Male,69,Pune,Gujarat,2024-11-24,Consumer
CUST11608,Customer_11608,Male,63,Kolkata,Maharashtra,2025-05-03,Consumer
CUST11609,Customer_11609,Male,51,Chennai,Tamil Nadu,2023-07-11,Consumer
CUST11610,Customer_11610,Male,30,Mumbai,Delhi,2024-08-15,Corporate
CUST11611,Customer_11611,Female,63,Bengaluru,Maharashtra,2025-06-23,Consumer
CUST11612,Customer_11612,Male,55,Delhi,Tamil Nadu,2025-08-25,Consumer
CUST11613,Customer_11613,Male,29,Chennai,Tamil Nadu,2025-10-16,Corporate
CUST11614,Customer_11614,Female,56,Chennai,West Bengal,2025-06-16,Consumer
CUST11615,Customer_11615,Male,53,Hyderabad,Gujarat,2025-03-26,Corporate
CUST11616,Customer_11616,Female,45,Chennai,Tamil Nadu,2024-07-20,Consumer
CUST11617,Customer_11617,Male,44,Kolkata,Maharashtra,2025-12-26,Consumer
CUST11618,Customer_11618,Male,56,Ahmedabad,Telangana,2024-09-18,Consumer
CUST11619,Customer_11619,Female,30,Delhi,Delhi,2023-04-22,Corporate
CUST11620,Customer_11620,Male,60,Bengaluru,Tamil Nadu,2024-11-01,Consumer
CUST11621,Customer_11621,Female,57,Hyderabad,Maharashtra,2023-01-26,Consumer
CUST11622,Customer_11622,Male,44,Delhi,Gujarat,2025-09-27,Consumer
CUST11623,Customer_11623,Male,68,Ahmedabad,Karnataka,2024-09-13,Premium
CUST11624,Customer_11624,Male,48,Ahmedabad,Gujarat,2025-12-25,Corporate
CUST11625,Customer_11625,Male,19,Pune,West Bengal,2024-12-17,Corporate
CUST11626,Customer_11626,Male,35,Chennai,Delhi,2024-09-04,Consumer
CUST11627,Customer_11627,Female,43,Kolkata,Karnataka,2025-10-21,Consumer
CUST11628,Customer_11628,Male,59,Mumbai,Karnataka,2024-08-04,Corporate
CUST11629,Customer_11629,Male,48,Pune,Gujarat,2024-04-03,Corporate
CUST11630,Customer_11630,Male,55,Mumbai,Maharashtra,2024-01-04,Consumer
CUST11631,Customer_11631,Female,39,Delhi,Gujarat,2024-12-27,Corporate
CUST11632,Customer_11632,Female,53,Bengaluru,Telangana,2023-05-22,Corporate
CUST11633,Customer_11633,Female,36,Mumbai,Maharashtra,2023-01-14,Consumer
CUST11634,Customer_11634,Female,31,Kolkata,Maharashtra,2024-12-11,Consumer
CUST11635,Customer_11635,Male,31,Delhi,Delhi,2024-06-14,Corporate
CUST11636,Customer_11636,Male,67,Hyderabad,West Bengal,2025-04-06,Corporate
CUST11637,Customer_11637,Female,46,Chennai,West Bengal,2025-04-10,Consumer
CUST11638,Customer_11638,Female,34,Bengaluru,Maharashtra,2024-03-13,Consumer
CUST11639,Customer_11639,Male,67,Ahmedabad,Delhi,2024-01-18,Premium
CUST11640,Customer_11640,Male,67,Kolkata,Tamil Nadu,2025-07-03,Corporate
CUST11641,Customer_11641,Other,54,Kolkata,Delhi,2025-03-15,Premium
CUST11642,Customer_11642,Female,26,Bengaluru,West Bengal,2025-08-30,Corporate
CUST11643,Customer_11643,Male,18,Hyderabad,Maharashtra,2025-08-08,Consumer
CUST11644,Customer_11644,Female,21,Bengaluru,Tamil Nadu,2024-02-09,Consumer
CUST11645,Customer_11645,Male,24,Delhi,Tamil Nadu,2025-10-17,Corporate
CUST11646,Customer_11646,Male,28,Bengaluru,Telangana,2025-06-04,Corporate
CUST11647,Customer_11647,Male,31,Bengaluru,Gujarat,2025-08-24,Corporate
CUST11648,Customer_11648,Male,59,Bengaluru,Maharashtra,2023-03-20,Premium
CUST11649,Customer_11649,Male,36,Ahmedabad,Karnataka,2023-11-05,Consumer
CUST11650,Customer_11650,Female,57,Delhi,Gujarat,2024-12-27,Corporate
CUST11651,Customer_11651,Male,20,Pune,Maharashtra,2025-11-22,Consumer
CUST11652,Customer_11652,Female,25,Chennai,Karnataka,2025-06-08,Corporate
CUST11653,Customer_11653,Male,46,Mumbai,Gujarat,2024-12-13,Consumer
CUST11654,Customer_11654,Male,67,Pune,West Bengal,2025-08-08,Premium
CUST11655,Customer_11655,Female,54,Bengaluru,Telangana,2024-04-14,Consumer
CUST11656,Customer_11656,Female,69,Hyderabad,Maharashtra,2024-07-18,Consumer
CUST11657,Customer_11657,Female,60,Kolkata,Gujarat,2025-07-26,Consumer
CUST11658,Customer_11658,Other,26,Hyderabad,Telangana,2023-05-01,Corporate
CUST11659,Customer_11659,Male,36,Delhi,Karnataka,2023-05-30,Corporate
CUST11660,Customer_11660,Male,29,Chennai,Delhi,2023-06-02,Corporate
CUST11661,Customer_11661,Female,44,Bengaluru,West Bengal,2025-09-30,Consumer
CUST11662,Customer_11662,Other,54,Delhi,Maharashtra,2024-07-27,Premium
CUST11663,Customer_11663,Female,65,Mumbai,Tamil Nadu,2025-12-22,Consumer
CUST11664,Customer_11664,Female,42,Chennai,Tamil Nadu,2023-03-09,Consumer
CUST11665,Customer_11665,Female,62,Chennai,Telangana,2023-08-13,Consumer
CUST11666,Customer_11666,Male,55,Delhi,West Bengal,2025-04-26,Premium
CUST11667,Customer_11667,Female,65,Pune,Delhi,2024-07-11,Corporate
CUST11668,Customer_11668,Female,67,Kolkata,Tamil Nadu,2025-05-25,Consumer
CUST11669,Customer_11669,Female,34,Hyderabad,Tamil Nadu,2023-09-04,Consumer
CUST11670,Customer_11670,Male,61,Pune,Maharashtra,2025-06-27,Consumer
CUST11671,Customer_11671,Male,50,Chennai,Tamil Nadu,2023-10-19,Consumer
CUST11672,Customer_11672,Male,56,Hyderabad,West Bengal,2023-08-02,Consumer
CUST11673,Customer_11673,Male,31,Chennai,West Bengal,2025-02-06,Consumer
CUST11674,Customer_11674,Female,45,Ahmedabad,Karnataka,2024-08-27,Consumer
CUST11675,Customer_11675,Male,35,Kolkata,Telangana,2025-08-28,Corporate
CUST11676,Customer_11676,Male,50,Chennai,West Bengal,2025-10-07,Corporate
CUST11677,Customer_11677,Male,69,Chennai,Gujarat,2023-03-15,Consumer
CUST11678,Customer_11678,Female,59,Mumbai,Tamil Nadu,2024-09-16,Consumer
CUST11679,Customer_11679,Female,32,Hyderabad,Maharashtra,2024-10-25,Consumer
CUST11680,Customer_11680,Male,28,Mumbai,Gujarat,2023-02-27,Consumer
CUST11681,Customer_11681,Male,53,Hyderabad,Karnataka,2024-12-26,Corporate
CUST11682,Customer_11682,Male,32,Kolkata,Gujarat,2023-07-27,Corporate
CUST11683,Customer_11683,Female,65,Kolkata,Tamil Nadu,2024-02-17,Consumer
CUST11684,Customer_11684,Male,47,Ahmedabad,Telangana,2025-12-11,Consumer
CUST11685,Customer_11685,Female,32,Mumbai,Telangana,2025-11-06,Consumer
CUST11686,Customer_11686,Male,66,Mumbai,West Bengal,2024-12-30,Consumer
CUST11687,Customer_11687,Male,40,Mumbai,Telangana,2025-01-09,Consumer
CUST11688,Customer_11688,Female,60,Kolkata,Tamil Nadu,2025-03-14,Consumer
CUST11689,Customer_11689,Male,67,Kolkata,Karnataka,2024-02-23,Consumer
CUST11690,Customer_11690,Female,65,Delhi,West Bengal,2025-07-07,Corporate
CUST11691,Customer_11691,Male,32,Mumbai,Delhi,2023-07-20,Consumer
CUST11692,Customer_11692,Female,46,Ahmedabad,Gujarat,2023-03-21,Corporate
CUST11693,Customer_11693,Female,28,Pune,West Bengal,2023-07-08,Consumer
CUST11694,Customer_11694,Female,62,Pune,Telangana,2025-04-07,Corporate
CUST11695,Customer_11695,Male,35,Chennai,Karnataka,2025-01-23,Consumer
CUST11696,Customer_11696,Male,57,Bengaluru,Maharashtra,2025-04-05,Consumer
CUST11697,Customer_11697,Male,48,Mumbai,Maharashtra,2025-12-03,Consumer
CUST11698,Customer_11698,Female,26,Bengaluru,Karnataka,2024-05-24,Premium
CUST11699,Customer_11699,Female,39,Bengaluru,Maharashtra,2024-11-25,Consumer
CUST11700,Customer_11700,Male,28,Chennai,Maharashtra,2023-01-21,Consumer
CUST11701,Customer_11701,Male,34,Bengaluru,Telangana,2024-02-04,Premium
CUST11702,Customer_11702,Female,50,Ahmedabad,Tamil Nadu,2024-07-13,Corporate
CUST11703,Customer_11703,Male,28,Kolkata,Tamil Nadu,2025-11-21,Consumer
CUST11704,Customer_11704,Male,56,Bengaluru,Tamil Nadu,2024-05-03,Consumer
CUST11705,Customer_11705,Male,25,Kolkata,Tamil Nadu,2023-10-15,Corporate
CUST11706,Customer_11706,Female,68,Kolkata,Karnataka,2024-03-12,Corporate
CUST11707,Customer_11707,Female,21,Pune,West Bengal,2023-05-10,Consumer
CUST11708,Customer_11708,Other,53,Kolkata,Telangana,2024-03-16,Corporate
CUST11709,Customer_11709,Male,36,Bengaluru,Karnataka,2025-02-28,Consumer
CUST11710,Customer_11710,Female,41,Hyderabad,Gujarat,2025-09-23,Corporate
CUST11711,Customer_11711,Female,58,Ahmedabad,Gujarat,2025-12-11,Consumer
CUST11712,Customer_11712,Male,66,Mumbai,Maharashtra,2024-12-21,Consumer
CUST11713,Customer_11713,Female,35,Ahmedabad,Telangana,2025-05-13,Corporate
CUST11714,Customer_11714,Male,50,Ahmedabad,Delhi,2023-08-18,Corporate
CUST11715,Customer_11715,Male,63,Mumbai,Tamil Nadu,2024-04-09,Consumer
CUST11716,Customer_11716,Male,53,Bengaluru,Gujarat,2023-07-05,Consumer
CUST11717,Customer_11717,Male,27,Chennai,Gujarat,2023-06-11,Consumer
CUST11718,Customer_11718,Female,31,Hyderabad,Maharashtra,2024-02-05,Consumer
CUST11719,Customer_11719,Male,24,Chennai,Tamil Nadu,2025-03-01,Consumer
CUST11720,Customer_11720,Male,29,Chennai,Tamil Nadu,2025-10-11,Consumer
CUST11721,Customer_11721,Male,39,Bengaluru,Tamil Nadu,2024-06-28,Consumer
CUST11722,Customer_11722,Female,44,Delhi,West Bengal,2024-02-17,Consumer
CUST11723,Customer_11723,Female,65,Bengaluru,Gujarat,2024-06-14,Consumer
CUST11724,Customer_11724,Female,54,Pune,Delhi,2023-03-10,Consumer
CUST11725,Customer_11725,Female,28,Delhi,Maharashtra,2023-10-20,Consumer
CUST11726,Customer_11726,Male,53,Kolkata,Tamil Nadu,2024-09-26,Consumer
CUST11727,Customer_11727,Male,30,Hyderabad,Tamil Nadu,2024-07-19,Consumer
CUST11728,Customer_11728,Female,49,Delhi,Telangana,2024-06-16,Corporate
CUST11729,Customer_11729,Male,25,Bengaluru,Tamil Nadu,2024-10-11,Corporate
CUST11730,Customer_11730,Male,24,Bengaluru,Telangana,2024-07-07,Consumer
CUST11731,Customer_11731,Female,60,Chennai,Maharashtra,2025-08-10,Consumer
CUST11732,Customer_11732,Male,60,Bengaluru,Maharashtra,2025-01-27,Consumer
CUST11733,Customer_11733,Male,34,Kolkata,Maharashtra,2023-01-28,Consumer
CUST11734,Customer_11734,Male,39,Pune,Telangana,2024-07-23,Consumer
CUST11735,Customer_11735,Male,63,Bengaluru,Gujarat,2024-09-30,Consumer
CUST11736,Customer_11736,Female,51,Mumbai,Gujarat,2024-03-03,Consumer
CUST11737,Customer_11737,Female,37,Mumbai,West Bengal,2025-02-13,Consumer
CUST11738,Customer_11738,Female,25,Chennai,Delhi,2025-09-06,Consumer
CUST11739,Customer_11739,Female,39,Delhi,West Bengal,2023-02-04,Premium
CUST11740,Customer_11740,Male,44,Delhi,Delhi,2024-06-09,Corporate
CUST11741,Customer_11741,Male,51,Mumbai,West Bengal,2025-04-09,Consumer
CUST11742,Customer_11742,Male,38,Pune,Gujarat,2024-01-11,Consumer
CUST11743,Customer_11743,Male,32,Hyderabad,West Bengal,2025-04-13,Consumer
CUST11744,Customer_11744,Other,22,Kolkata,Gujarat,2024-10-17,Consumer
CUST11745,Customer_11745,Female,55,Ahmedabad,Tamil Nadu,2025-05-16,Corporate
CUST11746,Customer_11746,Male,34,Kolkata,Maharashtra,2025-10-03,Consumer
CUST11747,Customer_11747,Male,25,Kolkata,Gujarat,2024-05-02,Consumer
CUST11748,Customer_11748,Male,36,Pune,Karnataka,2023-12-19,Consumer
CUST11749,Customer_11749,Male,22,Mumbai,Gujarat,2023-12-20,Consumer
CUST11750,Customer_11750,Male,40,Kolkata,Tamil Nadu,2025-09-05,Corporate
CUST11751,Customer_11751,Female,36,Pune,Gujarat,2024-02-08,Consumer
CUST11752,Customer_11752,Female,31,Hyderabad,Delhi,2024-02-07,Consumer
CUST11753,Customer_11753,Female,27,Delhi,Delhi,2025-01-26,Consumer
CUST11754,Customer_11754,Male,48,Mumbai,West Bengal,2024-01-29,Consumer
CUST11755,Customer_11755,Male,30,Ahmedabad,Maharashtra,2024-08-05,Consumer
CUST11756,Customer_11756,Female,39,Bengaluru,Telangana,2023-04-14,Premium
CUST11757,Customer_11757,Female,54,Kolkata,Tamil Nadu,2023-01-11,Consumer
CUST11758,Customer_11758,Female,56,Hyderabad,Telangana,2025-10-06,Consumer
CUST11759,Customer_11759,Female,27,Hyderabad,Delhi,2024-02-26,Corporate
CUST11760,Customer_11760,Female,48,Hyderabad,West Bengal,2023-09-30,Consumer
CUST11761,Customer_11761,Female,60,Delhi,Maharashtra,2023-02-23,Corporate
CUST11762,Customer_11762,Male,52,Pune,Delhi,2023-09-04,Corporate
CUST11763,Customer_11763,Female,30,Chennai,Maharashtra,2024-10-26,Consumer
CUST11764,Customer_11764,Male,47,Kolkata,Gujarat,2024-09-09,Consumer
CUST11765,Customer_11765,Male,51,Bengaluru,Karnataka,2023-10-22,Consumer
CUST11766,Customer_11766,Female,53,Kolkata,Telangana,2023-10-03,Consumer
CUST11767,Customer_11767,Male,52,Mumbai,Tamil Nadu,2024-08-07,Consumer
CUST11768,Customer_11768,Male,64,Ahmedabad,Maharashtra,2025-12-02,Consumer
CUST11769,Customer_11769,Male,21,Pune,Gujarat,2023-07-13,Consumer
CUST11770,Customer_11770,Male,21,Hyderabad,Gujarat,2023-11-07,Consumer
CUST11771,Customer_11771,Male,64,Ahmedabad,West Bengal,2024-09-11,Consumer
CUST11772,Customer_11772,Male,23,Kolkata,West Bengal,2024-10-06,Consumer
CUST11773,Customer_11773,Male,45,Delhi,Karnataka,2023-09-07,Consumer
CUST11774,Customer_11774,Male,47,Hyderabad,Gujarat,2025-02-20,Corporate
CUST11775,Customer_11775,Other,44,Pune,Gujarat,2025-08-13,Premium
CUST11776,Customer_11776,Male,22,Mumbai,Karnataka,2023-10-23,Consumer
CUST11777,Customer_11777,Male,61,Ahmedabad,Telangana,2023-08-26,Consumer
CUST11778,Customer_11778,Female,56,Bengaluru,Gujarat,2025-03-20,Consumer
CUST11779,Customer_11779,Female,52,Hyderabad,Maharashtra,2023-10-16,Premium
CUST11780,Customer_11780,Female,56,Kolkata,Tamil Nadu,2024-06-20,Corporate
CUST11781,Customer_11781,Male,61,Kolkata,Tamil Nadu,2023-09-13,Corporate
CUST11782,Customer_11782,Female,32,Ahmedabad,Tamil Nadu,2024-06-04,Corporate
CUST11783,Customer_11783,Female,36,Delhi,Delhi,2023-04-29,Corporate
CUST11784,Customer_11784,Female,47,Ahmedabad,West Bengal,2023-06-21,Consumer
CUST11785,Customer_11785,Female,55,Delhi,Delhi,2024-12-23,Consumer
CUST11786,Customer_11786,Female,49,Chennai,Maharashtra,2025-04-05,Corporate
CUST11787,Customer_11787,Female,57,Delhi,West Bengal,2023-12-15,Consumer
CUST11788,Customer_11788,Female,46,Chennai,Gujarat,2024-07-20,Premium
CUST11789,Customer_11789,Male,23,Bengaluru,Gujarat,2024-04-20,Consumer
CUST11790,Customer_11790,Female,43,Mumbai,West Bengal,2023-04-18,Consumer
CUST11791,Customer_11791,Female,44,Chennai,Tamil Nadu,2024-08-11,Consumer
CUST11792,Customer_11792,Male,52,Hyderabad,Karnataka,2024-01-05,Consumer
CUST11793,Customer_11793,Other,45,Pune,Gujarat,2025-01-29,Consumer
CUST11794,Customer_11794,Male,22,Kolkata,Tamil Nadu,2024-07-28,Consumer
CUST11795,Customer_11795,Male,58,Hyderabad,Maharashtra,2023-03-05,Corporate
CUST11796,Customer_11796,Female,65,Kolkata,Tamil Nadu,2023-07-31,Consumer
CUST11797,Customer_11797,Male,33,Mumbai,Telangana,2023-03-10,Consumer
CUST11798,Customer_11798,Male,58,Ahmedabad,Tamil Nadu,2024-01-12,Consumer
CUST11799,Customer_11799,Male,35,Delhi,Gujarat,2024-06-08,Premium
CUST11800,Customer_11800,Male,30,Pune,West Bengal,2023-03-09,Corporate
CUST11801,Customer_11801,Male,60,Hyderabad,Gujarat,2025-12-21,Consumer
CUST11802,Customer_11802,Male,42,Pune,Karnataka,2023-06-10,Consumer
CUST11803,Customer_11803,Male,27,Chennai,Maharashtra,2025-11-15,Premium
CUST11804,Customer_11804,Other,46,Mumbai,West Bengal,2025-01-28,Consumer
CUST11805,Customer_11805,Other,27,Hyderabad,West Bengal,2024-12-01,Consumer
CUST11806,Customer_11806,Male,23,Delhi,West Bengal,2025-04-09,Corporate
CUST11807,Customer_11807,Female,33,Pune,Maharashtra,2025-04-28,Consumer
CUST11808,Customer_11808,Male,42,Delhi,Karnataka,2025-04-17,Premium
CUST11809,Customer_11809,Male,61,Pune,Maharashtra,2023-09-06,Consumer
CUST11810,Customer_11810,Male,21,Hyderabad,Tamil Nadu,2025-11-25,Consumer
CUST11811,Customer_11811,Female,54,Mumbai,Maharashtra,2025-10-27,Premium
CUST11812,Customer_11812,Female,51,Bengaluru,Tamil Nadu,2023-07-21,Consumer
CUST11813,Customer_11813,Male,36,Hyderabad,Maharashtra,2025-04-24,Consumer
CUST11814,Customer_11814,Male,50,Delhi,Gujarat,2024-06-27,Corporate
CUST11815,Customer_11815,Male,21,Bengaluru,Tamil Nadu,2023-06-10,Consumer
CUST11816,Customer_11816,Female,61,Ahmedabad,Tamil Nadu,2025-11-19,Consumer
CUST11817,Customer_11817,Female,51,Mumbai,Gujarat,2023-09-19,Consumer
CUST11818,Customer_11818,Male,29,Delhi,Karnataka,2023-01-10,Consumer
CUST11819,Customer_11819,Female,48,Mumbai,Karnataka,2024-12-15,Premium
CUST11820,Customer_11820,Male,33,Pune,Gujarat,2023-12-25,Consumer
CUST11821,Customer_11821,Female,19,Hyderabad,Delhi,2023-05-04,Corporate
CUST11822,Customer_11822,Female,66,Mumbai,Karnataka,2024-09-21,Consumer
CUST11823,Customer_11823,Male,19,Delhi,Tamil Nadu,2023-09-25,Consumer
CUST11824,Customer_11824,Female,53,Hyderabad,West Bengal,2023-10-05,Consumer
CUST11825,Customer_11825,Female,23,Kolkata,Tamil Nadu,2025-10-20,Premium
CUST11826,Customer_11826,Male,40,Delhi,Maharashtra,2023-03-17,Consumer
CUST11827,Customer_11827,Male,56,Delhi,Maharashtra,2024-06-09,Corporate
CUST11828,Customer_11828,Female,64,Kolkata,Delhi,2024-09-09,Corporate
CUST11829,Customer_11829,Male,69,Kolkata,Tamil Nadu,2025-11-25,Consumer
CUST11830,Customer_11830,Male,61,Bengaluru,Delhi,2023-09-27,Consumer
CUST11831,Customer_11831,Male,54,Chennai,Tamil Nadu,2023-01-02,Consumer
CUST11832,Customer_11832,Female,63,Mumbai,Karnataka,2024-07-26,Consumer
CUST11833,Customer_11833,Female,33,Mumbai,Maharashtra,2024-06-18,Consumer
CUST11834,Customer_11834,Female,60,Bengaluru,Gujarat,2023-12-17,Consumer
CUST11835,Customer_11835,Female,61,Ahmedabad,Gujarat,2025-11-17,Consumer
CUST11836,Customer_11836,Male,36,Pune,West Bengal,2024-06-20,Premium
CUST11837,Customer_11837,Female,66,Ahmedabad,Delhi,2025-05-16,Corporate
CUST11838,Customer_11838,Female,41,Mumbai,Telangana,2025-12-24,Consumer
CUST11839,Customer_11839,Male,44,Kolkata,Gujarat,2025-11-29,Consumer
CUST11840,Customer_11840,Male,24,Ahmedabad,West Bengal,2024-04-08,Consumer
CUST11841,Customer_11841,Male,47,Bengaluru,Tamil Nadu,2023-01-23,Consumer
CUST11842,Customer_11842,Female,58,Mumbai,Karnataka,2024-11-19,Consumer
CUST11843,Customer_11843,Female,31,Mumbai,Telangana,2023-05-08,Consumer
CUST11844,Customer_11844,Female,69,Delhi,Karnataka,2023-02-04,Premium
CUST11845,Customer_11845,Other,61,Bengaluru,Karnataka,2024-05-01,Consumer
CUST11846,Customer_11846,Male,32,Kolkata,Tamil Nadu,2023-04-11,Corporate
CUST11847,Customer_11847,Female,29,Pune,Karnataka,2025-01-06,Consumer
CUST11848,Customer_11848,Female,46,Mumbai,Delhi,2025-01-10,Consumer
CUST11849,Customer_11849,Male,40,Pune,Telangana,2024-09-02,Corporate
CUST11850,Customer_11850,Female,30,Chennai,Karnataka,2023-11-26,Premium
CUST11851,Customer_11851,Male,26,Bengaluru,Gujarat,2023-07-15,Consumer
CUST11852,Customer_11852,Female,41,Bengaluru,Gujarat,2024-02-18,Consumer
CUST11853,Customer_11853,Female,56,Bengaluru,Karnataka,2023-03-09,Consumer
CUST11854,Customer_11854,Female,47,Kolkata,Maharashtra,2025-05-20,Consumer
CUST11855,Customer_11855,Female,18,Ahmedabad,Maharashtra,2025-05-20,Consumer
CUST11856,Customer_11856,Male,27,Kolkata,Delhi,2023-05-21,Premium
CUST11857,Customer_11857,Female,55,Delhi,Gujarat,2023-07-04,Corporate
CUST11858,Customer_11858,Male,64,Ahmedabad,Maharashtra,2025-11-08,Consumer
CUST11859,Customer_11859,Female,32,Bengaluru,Karnataka,2023-03-22,Consumer
CUST11860,Customer_11860,Female,26,Delhi,Gujarat,2024-05-12,Consumer
CUST11861,Customer_11861,Female,30,Kolkata,Karnataka,2023-08-06,Consumer
CUST11862,Customer_11862,Male,40,Chennai,Telangana,2024-06-08,Consumer
CUST11863,Customer_11863,Female,50,Hyderabad,Gujarat,2023-05-01,Consumer
CUST11864,Customer_11864,Female,26,Delhi,Maharashtra,2024-04-13,Consumer
CUST11865,Customer_11865,Female,20,Mumbai,Tamil Nadu,2023-06-28,Consumer
CUST11866,Customer_11866,Male,47,Bengaluru,Maharashtra,2023-04-21,Consumer
CUST11867,Customer_11867,Male,26,Ahmedabad,Karnataka,2023-01-09,Corporate
CUST11868,Customer_11868,Male,69,Hyderabad,Telangana,2023-08-10,Consumer
CUST11869,Customer_11869,Female,42,Delhi,Maharashtra,2025-03-07,Consumer
CUST11870,Customer_11870,Female,64,Ahmedabad,Telangana,2025-05-10,Consumer
CUST11871,Customer_11871,Other,41,Ahmedabad,Maharashtra,2024-09-13,Consumer
CUST11872,Customer_11872,Male,49,Pune,Delhi,2023-07-23,Consumer
CUST11873,Customer_11873,Male,24,Kolkata,Karnataka,2024-06-10,Consumer
CUST11874,Customer_11874,Female,53,Pune,Karnataka,2024-03-28,Corporate
CUST11875,Customer_11875,Female,42,Mumbai,Tamil Nadu,2025-08-03,Corporate
CUST11876,Customer_11876,Female,37,Hyderabad,Karnataka,2023-07-14,Corporate
CUST11877,Customer_11877,Female,34,Chennai,Tamil Nadu,2023-09-18,Consumer
CUST11878,Customer_11878,Male,53,Delhi,Karnataka,2025-05-15,Consumer
CUST11879,Customer_11879,Female,43,Pune,West Bengal,2025-10-29,Consumer
CUST11880,Customer_11880,Female,36,Pune,Maharashtra,2025-07-11,Consumer
CUST11881,Customer_11881,Female,54,Delhi,Maharashtra,2023-12-06,Premium
CUST11882,Customer_11882,Male,65,Pune,Delhi,2023-02-16,Corporate
CUST11883,Customer_11883,Male,20,Chennai,Maharashtra,2025-04-09,Consumer
CUST11884,Customer_11884,Male,60,Ahmedabad,West Bengal,2025-03-23,Consumer
CUST11885,Customer_11885,Female,45,Pune,Telangana,2024-05-03,Consumer
CUST11886,Customer_11886,Male,39,Delhi,West Bengal,2025-03-01,Corporate
CUST11887,Customer_11887,Male,64,Bengaluru,Maharashtra,2023-04-03,Consumer
CUST11888,Customer_11888,Male,36,Pune,Tamil Nadu,2024-08-01,Premium
CUST11889,Customer_11889,Female,63,Delhi,Gujarat,2023-05-18,Corporate
CUST11890,Customer_11890,Male,33,Ahmedabad,Delhi,2023-11-08,Consumer
CUST11891,Customer_11891,Female,23,Ahmedabad,Gujarat,2023-10-17,Corporate
CUST11892,Customer_11892,Male,54,Bengaluru,Gujarat,2023-03-06,Consumer
CUST11893,Customer_11893,Male,48,Pune,Telangana,2024-12-03,Consumer
CUST11894,Customer_11894,Female,66,Pune,West Bengal,2025-08-18,Consumer
CUST11895,Customer_11895,Male,65,Delhi,Telangana,2024-06-22,Consumer
CUST11896,Customer_11896,Male,51,Mumbai,Karnataka,2023-04-27,Consumer
CUST11897,Customer_11897,Male,48,Mumbai,West Bengal,2025-06-10,Consumer
CUST11898,Customer_11898,Female,28,Hyderabad,Tamil Nadu,2024-07-20,Consumer
CUST11899,Customer_11899,Female,53,Mumbai,Gujarat,2024-04-30,Corporate
CUST11900,Customer_11900,Male,23,Chennai,Maharashtra,2025-11-15,Consumer
CUST11901,Customer_11901,Male,44,Ahmedabad,Maharashtra,2025-02-22,Corporate
CUST11902,Customer_11902,Female,24,Hyderabad,West Bengal,2025-10-08,Corporate
CUST11903,Customer_11903,Female,66,Ahmedabad,Karnataka,2025-05-26,Consumer
CUST11904,Customer_11904,Male,49,Mumbai,Maharashtra,2024-09-11,Corporate
CUST11905,Customer_11905,Female,25,Bengaluru,West Bengal,2024-02-18,Consumer
CUST11906,Customer_11906,Female,50,Kolkata,Telangana,2024-03-04,Consumer
CUST11907,Customer_11907,Female,64,Delhi,Maharashtra,2023-08-31,Consumer
CUST11908,Customer_11908,Male,69,Ahmedabad,Gujarat,2023-09-09,Consumer
CUST11909,Customer_11909,Male,61,Mumbai,Maharashtra,2023-04-22,Consumer
CUST11910,Customer_11910,Male,32,Bengaluru,Telangana,2025-02-20,Corporate
CUST11911,Customer_11911,Female,44,Kolkata,Tamil Nadu,2025-08-27,Premium
CUST11912,Customer_11912,Female,47,Hyderabad,Gujarat,2023-12-26,Consumer
CUST11913,Customer_11913,Male,39,Delhi,Tamil Nadu,2025-02-05,Consumer
CUST11914,Customer_11914,Female,64,Ahmedabad,Telangana,2025-07-07,Consumer
CUST11915,Customer_11915,Female,46,Mumbai,Telangana,2023-06-17,Consumer
CUST11916,Customer_11916,Other,58,Hyderabad,Gujarat,2025-01-27,Consumer
CUST11917,Customer_11917,Female,65,Ahmedabad,Delhi,2023-08-01,Premium
CUST11918,Customer_11918,Other,47,Mumbai,Delhi,2025-02-26,Consumer
CUST11919,Customer_11919,Male,19,Hyderabad,Maharashtra,2025-03-02,Consumer
CUST11920,Customer_11920,Female,32,Ahmedabad,Gujarat,2023-02-15,Consumer
CUST11921,Customer_11921,Female,64,Mumbai,Gujarat,2025-11-07,Corporate
CUST11922,Customer_11922,Male,44,Kolkata,West Bengal,2025-05-28,Consumer
CUST11923,Customer_11923,Male,24,Bengaluru,West Bengal,2025-01-27,Corporate
CUST11924,Customer_11924,Female,44,Chennai,Maharashtra,2024-11-18,Consumer
CUST11925,Customer_11925,Male,38,Kolkata,Delhi,2024-02-02,Premium
CUST11926,Customer_11926,Female,30,Ahmedabad,West Bengal,2024-10-22,Consumer
CUST11927,Customer_11927,Male,34,Bengaluru,Maharashtra,2023-04-08,Consumer
CUST11928,Customer_11928,Male,28,Delhi,Tamil Nadu,2025-10-25,Consumer
CUST11929,Customer_11929,Male,27,Mumbai,Tamil Nadu,2023-06-08,Premium
CUST11930,Customer_11930,Male,50,Chennai,West Bengal,2023-03-28,Consumer
CUST11931,Customer_11931,Female,31,Kolkata,Karnataka,2024-03-18,Consumer
CUST11932,Customer_11932,Female,54,Chennai,Delhi,2023-06-21,Consumer
CUST11933,Customer_11933,Male,25,Delhi,Tamil Nadu,2024-11-12,Consumer
CUST11934,Customer_11934,Male,50,Ahmedabad,West Bengal,2023-08-23,Consumer
CUST11935,Customer_11935,Male,24,Delhi,Karnataka,2023-05-01,Consumer
CUST11936,Customer_11936,Male,51,Chennai,Telangana,2024-05-11,Consumer
CUST11937,Customer_11937,Female,24,Delhi,West Bengal,2024-09-03,Corporate
CUST11938,Customer_11938,Male,24,Delhi,Gujarat,2024-02-26,Consumer
CUST11939,Customer_11939,Male,58,Ahmedabad,Tamil Nadu,2023-05-15,Consumer
CUST11940,Customer_11940,Male,53,Mumbai,Karnataka,2023-11-11,Consumer
CUST11941,Customer_11941,Male,24,Bengaluru,Maharashtra,2023-03-10,Consumer
CUST11942,Customer_11942,Male,37,Pune,West Bengal,2023-07-17,Corporate
CUST11943,Customer_11943,Male,35,Ahmedabad,Gujarat,2025-03-27,Consumer
CUST11944,Customer_11944,Female,62,Hyderabad,Karnataka,2023-01-11,Consumer
CUST11945,Customer_11945,Female,60,Ahmedabad,Tamil Nadu,2025-05-18,Consumer
CUST11946,Customer_11946,Female,58,Chennai,Maharashtra,2025-01-04,Corporate
CUST11947,Customer_11947,Male,31,Hyderabad,West Bengal,2025-11-16,Premium
CUST11948,Customer_11948,Male,57,Chennai,Maharashtra,2023-01-16,Corporate
CUST11949,Customer_11949,Female,31,Chennai,Karnataka,2025-08-05,Consumer
CUST11950,Customer_11950,Female,38,Bengaluru,West Bengal,2023-01-07,Corporate
CUST11951,Customer_11951,Other,66,Kolkata,Karnataka,2023-03-02,Consumer
CUST11952,Customer_11952,Male,44,Kolkata,Tamil Nadu,2025-07-13,Consumer
CUST11953,Customer_11953,Male,63,Chennai,Maharashtra,2024-04-29,Corporate
CUST11954,Customer_11954,Female,43,Chennai,Delhi,2024-09-23,Consumer
CUST11955,Customer_11955,Female,44,Bengaluru,West Bengal,2025-07-24,Consumer
CUST11956,Customer_11956,Female,41,Delhi,Karnataka,2025-11-20,Consumer
CUST11957,Customer_11957,Female,22,Kolkata,Delhi,2024-07-13,Consumer
CUST11958,Customer_11958,Female,59,Pune,West Bengal,2023-04-01,Corporate
CUST11959,Customer_11959,Female,55,Ahmedabad,Delhi,2024-03-21,Consumer
CUST11960,Customer_11960,Female,45,Hyderabad,West Bengal,2025-08-07,Consumer
CUST11961,Customer_11961,Female,59,Chennai,West Bengal,2023-11-26,Corporate
CUST11962,Customer_11962,Female,60,Bengaluru,Maharashtra,2025-11-10,Consumer
CUST11963,Customer_11963,Male,49,Chennai,Tamil Nadu,2025-08-12,Corporate
CUST11964,Customer_11964,Male,41,Kolkata,Delhi,2024-04-23,Premium
CUST11965,Customer_11965,Female,23,Bengaluru,Tamil Nadu,2024-06-01,Consumer
CUST11966,Customer_11966,Male,27,Hyderabad,Karnataka,2024-06-19,Consumer
CUST11967,Customer_11967,Female,63,Mumbai,Maharashtra,2023-08-13,Corporate
CUST11968,Customer_11968,Male,69,Kolkata,Telangana,2024-07-25,Consumer
CUST11969,Customer_11969,Male,20,Delhi,Maharashtra,2024-01-03,Consumer
CUST11970,Customer_11970,Female,24,Ahmedabad,Telangana,2025-10-19,Premium
CUST11971,Customer_11971,Male,46,Ahmedabad,Gujarat,2025-11-25,Consumer
CUST11972,Customer_11972,Male,51,Mumbai,West Bengal,2024-04-10,Corporate
CUST11973,Customer_11973,Male,24,Bengaluru,Karnataka,2024-07-25,Premium
CUST11974,Customer_11974,Female,34,Chennai,Tamil Nadu,2024-03-13,Consumer
CUST11975,Customer_11975,Male,30,Delhi,Karnataka,2025-01-26,Consumer
CUST11976,Customer_11976,Female,38,Kolkata,Maharashtra,2024-08-13,Premium
CUST11977,Customer_11977,Male,48,Hyderabad,Telangana,2025-05-30,Consumer
CUST11978,Customer_11978,Female,26,Ahmedabad,Gujarat,2023-07-10,Consumer
CUST11979,Customer_11979,Male,62,Kolkata,Telangana,2023-04-07,Consumer
CUST11980,Customer_11980,Male,64,Pune,Maharashtra,2024-05-18,Corporate
CUST11981,Customer_11981,Male,30,Delhi,Maharashtra,2025-06-06,Consumer
CUST11982,Customer_11982,Male,34,Ahmedabad,West Bengal,2023-05-30,Consumer
CUST11983,Customer_11983,Female,25,Chennai,West Bengal,2023-02-12,Consumer
CUST11984,Customer_11984,Male,26,Ahmedabad,Karnataka,2025-07-01,Consumer
CUST11985,Customer_11985,Male,26,Ahmedabad,Delhi,2023-11-15,Consumer
CUST11986,Customer_11986,Female,57,Mumbai,Telangana,2023-08-06,Consumer
CUST11987,Customer_11987,Male,65,Bengaluru,Maharashtra,2024-05-02,Premium
CUST11988,Customer_11988,Male,69,Mumbai,West Bengal,2023-05-26,Consumer
CUST11989,Customer_11989,Female,47,Kolkata,West Bengal,2023-11-24,Corporate
CUST11990,Customer_11990,Female,24,Delhi,Karnataka,2023-09-16,Consumer
CUST11991,Customer_11991,Male,34,Pune,Delhi,2024-07-19,Corporate
CUST11992,Customer_11992,Male,56,Chennai,West Bengal,2023-04-29,Corporate
CUST11993,Customer_11993,Female,55,Bengaluru,Tamil Nadu,2023-10-17,Consumer
CUST11994,Customer_11994,Male,22,Chennai,Maharashtra,2023-08-13,Consumer
CUST11995,Customer_11995,Female,34,Chennai,Delhi,2025-06-12,Consumer
CUST11996,Customer_11996,Male,57,Pune,Tamil Nadu,2025-01-22,Premium
CUST11997,Customer_11997,Female,18,Delhi,West Bengal,2023-09-02,Consumer
CUST11998,Customer_11998,Male,33,Mumbai,Gujarat,2023-06-25,Consumer
CUST11999,Customer_11999,Female,34,Chennai,West Bengal,2024-06-05,Corporate
CUST12000,Customer_12000,Male,47,Kolkata,Tamil Nadu,2023-04-29,Corporate
