order_id,customer_id,order_date,payment_method,order_status
ORD000001,CUST11173,2025-03-21,COD,Delivered
ORD000002,CUST07342,2024-09-09,UPI,Delivered
ORD000003,CUST03342,2025-12-17,COD,Delivered
ORD000004,CUST04773,2024-06-07,UPI,Delivered
ORD000005,CUST02930,2024-05-14,Net Banking,Delivered
ORD000006,CUST01643,2024-05-06,Debit Card,Delivered
ORD000007,CUST09976,2026-01-27,Net Banking,Delivered
ORD000008,CUST01875,2024-10-11,UPI,Delivered
ORD000009,CUST00853,2024-02-20,COD,Delivered
ORD000010,CUST03101,2025-12-17,UPI,Delivered
ORD000011,CUST05340,2024-08-27,COD,Delivered
ORD000012,CUST09937,2026-06-03,Credit Card,Delivered
ORD000013,CUST07217,2024-03-19,Credit Card,Delivered
ORD000014,CUST02041,2024-06-27,UPI,Delivered
ORD000015,CUST05122,2026-05-11,Credit Card,Delivered
ORD000016,CUST08902,2026-08-24,UPI,Delivered
ORD000017,CUST10841,2026-04-16,Credit Card,Delivered
ORD000018,CUST00070,2024-01-14,Debit Card,Delivered
ORD000019,CUST04801,2024-04-03,Net Banking,Delivered
ORD000020,CUST08238,2024-01-23,Credit Card,Delivered
ORD000021,CUST03135,2024-03-20,Debit Card,Delivered
ORD000022,CUST01655,2024-12-09,Net Banking,Delivered
ORD000023,CUST06882,2025-07-08,COD,Pending
ORD000024,CUST08021,2025-07-21,Net Banking,Delivered
ORD000025,CUST00917,2025-02-08,Net Banking,Delivered
ORD000026,CUST10737,2024-04-16,Debit Card,Delivered
ORD000027,CUST01051,2026-07-14,UPI,Returned
ORD000028,CUST01215,2025-04-04,Debit Card,Delivered
ORD000029,CUST01815,2026-01-26,Net Banking,Delivered
ORD000030,CUST03300,2024-12-30,Net Banking,Delivered
ORD000031,CUST04964,2025-02-27,Debit Card,Delivered
ORD000032,CUST04320,2024-04-03,Credit Card,Delivered
ORD000033,CUST11559,2024-04-11,Net Banking,Delivered
ORD000034,CUST01082,2025-06-17,Net Banking,Delivered
ORD000035,CUST09005,2025-01-20,COD,Delivered
ORD000036,CUST04817,2026-07-07,UPI,Delivered
ORD000037,CUST06798,2025-09-09,Debit Card,Returned
ORD000038,CUST06673,2024-08-02,Net Banking,Pending
ORD000039,CUST09117,2025-04-14,Credit Card,Delivered
ORD000040,CUST04592,2024-07-08,Credit Card,Returned
ORD000041,CUST06896,2025-06-25,COD,Delivered
ORD000042,CUST05158,2024-06-03,Credit Card,Delivered
ORD000043,CUST08026,2025-04-03,Debit Card,Delivered
ORD000044,CUST03170,2026-01-02,Credit Card,Delivered
ORD000045,CUST02106,2024-02-06,COD,Delivered
ORD000046,CUST01371,2024-11-21,COD,Cancelled
ORD000047,CUST00529,2025-06-11,Credit Card,Delivered
ORD000048,CUST08824,2024-05-03,Net Banking,Cancelled
ORD000049,CUST08727,2024-01-20,Credit Card,Pending
ORD000050,CUST04578,2026-04-21,COD,Delivered
ORD000051,CUST02770,2026-07-30,Net Banking,Delivered
ORD000052,CUST08405,2026-05-19,COD,Delivered
ORD000053,CUST02196,2024-08-16,Net Banking,Pending
ORD000054,CUST01120,2025-01-13,Credit Card,Cancelled
ORD000055,CUST06404,2024-11-25,UPI,Delivered
ORD000056,CUST04169,2026-01-17,Debit Card,Delivered
ORD000057,CUST04427,2025-02-12,Net Banking,Delivered
ORD000058,CUST04145,2024-11-10,COD,Returned
ORD000059,CUST03294,2025-12-26,COD,Delivered
ORD000060,CUST07533,2025-11-02,UPI,Delivered
ORD000061,CUST00794,2025-10-18,COD,Delivered
ORD000062,CUST04601,2024-08-05,COD,Delivered
ORD000063,CUST10780,2025-04-08,COD,Delivered
ORD000064,CUST02867,2025-01-28,Net Banking,Delivered
ORD000065,CUST00680,2024-05-24,Net Banking,Delivered
ORD000066,CUST06181,2026-06-16,Debit Card,Cancelled
ORD000067,CUST10986,2025-07-31,UPI,Delivered
ORD000068,CUST01203,2024-01-29,Credit Card,Delivered
ORD000069,CUST08249,2024-08-25,UPI,Delivered
ORD000070,CUST07913,2026-06-09,Debit Card,Delivered
ORD000071,CUST08528,2025-10-05,Net Banking,Cancelled
ORD000072,CUST10736,2024-10-12,Net Banking,Pending
ORD000073,CUST00584,2024-07-07,UPI,Delivered
ORD000074,CUST10435,2026-08-11,Credit Card,Delivered
ORD000075,CUST04099,2024-07-22,Net Banking,Returned
ORD000076,CUST10442,2024-06-10,Net Banking,Delivered
ORD000077,CUST03263,2024-11-29,UPI,Delivered
ORD000078,CUST10124,2024-05-31,UPI,Returned
ORD000079,CUST04303,2026-05-05,Credit Card,Delivered
ORD000080,CUST05231,2024-09-07,Credit Card,Delivered
ORD000081,CUST07674,2025-08-16,UPI,Delivered
ORD000082,CUST02611,2025-06-20,Credit Card,Delivered
ORD000083,CUST10990,2024-12-10,Debit Card,Delivered
ORD000084,CUST09099,2024-04-14,UPI,Delivered
ORD000085,CUST03206,2024-10-07,COD,Delivered
ORD000086,CUST10124,2026-01-01,Credit Card,Delivered
ORD000087,CUST02002,2024-06-06,UPI,Delivered
ORD000088,CUST01305,2026-08-08,COD,Delivered
ORD000089,CUST05346,2025-08-23,Debit Card,Returned
ORD000090,CUST05658,2026-07-08,Debit Card,Delivered
ORD000091,CUST10456,2024-08-19,Net Banking,Delivered
ORD000092,CUST08122,2026-06-13,COD,Delivered
ORD000093,CUST02640,2025-02-26,COD,Delivered
ORD000094,CUST11556,2024-07-23,COD,Delivered
ORD000095,CUST11172,2026-02-08,Debit Card,Delivered
ORD000096,CUST03093,2025-11-04,Net Banking,Delivered
ORD000097,CUST09777,2025-06-11,Debit Card,Delivered
ORD000098,CUST05460,2024-06-24,UPI,Delivered
ORD000099,CUST11638,2024-05-31,COD,Pending
ORD000100,CUST01596,2026-08-03,COD,Delivered
ORD000101,CUST04970,2024-05-09,Net Banking,Delivered
ORD000102,CUST08946,2025-04-21,Net Banking,Delivered
ORD000103,CUST08638,2024-02-08,COD,Cancelled
ORD000104,CUST07699,2024-12-24,Debit Card,Delivered
ORD000105,CUST04491,2024-07-27,Net Banking,Delivered
ORD000106,CUST03662,2025-03-18,COD,Delivered
ORD000107,CUST05476,2025-10-24,UPI,Delivered
ORD000108,CUST10192,2025-06-07,Net Banking,Delivered
ORD000109,CUST00643,2024-03-17,Credit Card,Delivered
ORD000110,CUST10681,2025-08-03,UPI,Delivered
ORD000111,CUST04310,2024-05-22,COD,Delivered
ORD000112,CUST04224,2025-05-15,Net Banking,Cancelled
ORD000113,CUST08704,2024-02-29,Net Banking,Delivered
ORD000114,CUST01643,2024-11-15,Debit Card,Delivered
ORD000115,CUST11957,2026-06-16,COD,Delivered
ORD000116,CUST11582,2026-08-23,Credit Card,Delivered
ORD000117,CUST01069,2026-04-11,COD,Delivered
ORD000118,CUST10297,2024-06-12,Net Banking,Delivered
ORD000119,CUST04482,2024-08-02,Net Banking,Delivered
ORD000120,CUST03941,2024-09-25,Credit Card,Delivered
ORD000121,CUST05303,2026-02-08,UPI,Cancelled
ORD000122,CUST05907,2026-06-06,COD,Delivered
ORD000123,CUST09624,2026-02-11,COD,Delivered
ORD000124,CUST02565,2024-02-09,COD,Delivered
ORD000125,CUST11740,2025-03-23,Debit Card,Delivered
ORD000126,CUST01955,2024-02-08,Credit Card,Pending
ORD000127,CUST03091,2025-11-05,UPI,Delivered
ORD000128,CUST09247,2026-08-10,COD,Cancelled
ORD000129,CUST01515,2025-07-06,UPI,Delivered
ORD000130,CUST10708,2024-06-21,UPI,Returned
ORD000131,CUST07018,2024-06-10,UPI,Delivered
ORD000132,CUST01873,2026-07-03,Net Banking,Delivered
ORD000133,CUST10636,2024-08-22,COD,Delivered
ORD000134,CUST08611,2025-01-16,COD,Returned
ORD000135,CUST11194,2025-12-30,COD,Delivered
ORD000136,CUST05493,2026-03-20,Credit Card,Cancelled
ORD000137,CUST02685,2026-05-24,Debit Card,Delivered
ORD000138,CUST07016,2024-01-17,Debit Card,Delivered
ORD000139,CUST05273,2024-04-22,Debit Card,Delivered
ORD000140,CUST02774,2024-02-04,Debit Card,Delivered
ORD000141,CUST05773,2024-07-22,Net Banking,Returned
ORD000142,CUST01322,2024-06-11,Credit Card,Delivered
ORD000143,CUST03215,2024-12-22,Credit Card,Delivered
ORD000144,CUST11799,2024-09-18,Net Banking,Delivered
ORD000145,CUST11376,2025-03-11,COD,Cancelled
ORD000146,CUST08461,2024-03-14,Net Banking,Delivered
ORD000147,CUST11360,2026-03-21,Debit Card,Delivered
ORD000148,CUST02379,2025-02-10,Credit Card,Delivered
ORD000149,CUST05292,2025-12-23,Net Banking,Delivered
ORD000150,CUST09678,2024-04-25,Debit Card,Delivered
ORD000151,CUST07092,2024-06-19,Debit Card,Delivered
ORD000152,CUST04387,2025-03-12,UPI,Delivered
ORD000153,CUST09007,2025-08-06,COD,Pending
ORD000154,CUST04331,2025-08-07,COD,Cancelled
ORD000155,CUST04183,2025-03-26,COD,Delivered
ORD000156,CUST11048,2026-05-14,Credit Card,Delivered
ORD000157,CUST05453,2024-07-12,Credit Card,Cancelled
ORD000158,CUST00710,2025-02-21,Credit Card,Delivered
ORD000159,CUST00733,2026-07-19,Credit Card,Pending
ORD000160,CUST11407,2025-04-10,Debit Card,Delivered
ORD000161,CUST11066,2025-10-28,COD,Returned
ORD000162,CUST01825,2025-05-11,Credit Card,Delivered
ORD000163,CUST10152,2026-01-17,COD,Delivered
ORD000164,CUST07170,2025-10-28,Debit Card,Pending
ORD000165,CUST04513,2025-03-23,Credit Card,Delivered
ORD000166,CUST11417,2026-03-17,UPI,Delivered
ORD000167,CUST03643,2024-07-06,Net Banking,Delivered
ORD000168,CUST05883,2024-07-27,Credit Card,Delivered
ORD000169,CUST10608,2024-03-13,Credit Card,Delivered
ORD000170,CUST03097,2024-04-05,UPI,Delivered
ORD000171,CUST03315,2026-07-07,Debit Card,Delivered
ORD000172,CUST07595,2026-04-25,Net Banking,Delivered
ORD000173,CUST08644,2025-06-06,Debit Card,Delivered
ORD000174,CUST01102,2024-01-04,UPI,Delivered
ORD000175,CUST02769,2024-02-20,Credit Card,Delivered
ORD000176,CUST02153,2024-10-20,Net Banking,Cancelled
ORD000177,CUST10843,2025-07-16,Debit Card,Delivered
ORD000178,CUST10916,2025-07-13,Credit Card,Delivered
ORD000179,CUST02442,2026-03-14,COD,Cancelled
ORD000180,CUST01139,2024-10-07,UPI,Returned
ORD000181,CUST09878,2024-05-12,Debit Card,Delivered
ORD000182,CUST08790,2026-04-21,COD,Delivered
ORD000183,CUST04144,2025-08-03,Debit Card,Delivered
ORD000184,CUST05695,2026-05-22,Debit Card,Cancelled
ORD000185,CUST10754,2024-12-03,COD,Delivered
ORD000186,CUST08983,2026-06-05,UPI,Delivered
ORD000187,CUST11315,2024-01-23,UPI,Delivered
ORD000188,CUST02274,2025-04-30,COD,Delivered
ORD000189,CUST11632,2025-06-09,UPI,Delivered
ORD000190,CUST03152,2025-11-22,Net Banking,Cancelled
ORD000191,CUST09116,2024-03-27,Net Banking,Delivered
ORD000192,CUST09422,2026-06-11,Credit Card,Delivered
ORD000193,CUST04724,2024-02-17,COD,Delivered
ORD000194,CUST11009,2026-05-16,Net Banking,Delivered
ORD000195,CUST11263,2026-04-04,Debit Card,Delivered
ORD000196,CUST09193,2025-11-03,UPI,Delivered
ORD000197,CUST07567,2026-03-16,Net Banking,Returned
ORD000198,CUST09433,2025-03-24,Net Banking,Delivered
ORD000199,CUST08648,2025-06-01,COD,Delivered
ORD000200,CUST11879,2025-10-22,Debit Card,Returned
ORD000201,CUST11839,2024-01-27,Net Banking,Delivered
ORD000202,CUST04095,2024-11-20,Debit Card,Delivered
ORD000203,CUST01767,2025-04-19,UPI,Delivered
ORD000204,CUST09715,2025-05-20,UPI,Pending
ORD000205,CUST10478,2025-05-06,UPI,Delivered
ORD000206,CUST08107,2025-10-07,Credit Card,Delivered
ORD000207,CUST09523,2026-03-18,COD,Delivered
ORD000208,CUST02810,2024-06-01,UPI,Delivered
ORD000209,CUST10982,2025-05-13,Credit Card,Delivered
ORD000210,CUST09313,2026-04-16,Credit Card,Delivered
ORD000211,CUST08844,2025-12-02,COD,Cancelled
ORD000212,CUST05213,2024-03-19,UPI,Delivered
ORD000213,CUST04748,2024-02-15,COD,Delivered
ORD000214,CUST09245,2025-03-07,COD,Delivered
ORD000215,CUST09065,2025-02-25,Net Banking,Delivered
ORD000216,CUST09277,2025-07-26,COD,Delivered
ORD000217,CUST10281,2025-08-15,Credit Card,Delivered
ORD000218,CUST11758,2024-09-29,UPI,Delivered
ORD000219,CUST06804,2025-07-13,COD,Delivered
ORD000220,CUST04066,2024-02-02,Credit Card,Cancelled
ORD000221,CUST05934,2025-06-13,UPI,Returned
ORD000222,CUST02807,2024-02-05,Debit Card,Delivered
ORD000223,CUST09886,2026-04-01,Credit Card,Delivered
ORD000224,CUST10535,2026-06-17,Debit Card,Delivered
ORD000225,CUST05299,2024-03-29,Debit Card,Delivered
ORD000226,CUST10498,2026-05-16,Net Banking,Delivered
ORD000227,CUST10970,2026-05-26,Debit Card,Delivered
ORD000228,CUST01473,2025-10-21,Credit Card,Delivered
ORD000229,CUST03740,2025-09-03,COD,Delivered
ORD000230,CUST03379,2026-05-24,UPI,Delivered
ORD000231,CUST05116,2024-01-31,Net Banking,Delivered
ORD000232,CUST09480,2024-01-21,UPI,Delivered
ORD000233,CUST10527,2025-10-01,Credit Card,Delivered
ORD000234,CUST09767,2024-12-22,COD,Delivered
ORD000235,CUST09404,2024-10-16,Debit Card,Delivered
ORD000236,CUST10482,2026-01-11,Debit Card,Delivered
ORD000237,CUST01619,2024-07-03,Credit Card,Delivered
ORD000238,CUST10445,2025-11-07,Credit Card,Delivered
ORD000239,CUST08848,2026-02-07,UPI,Returned
ORD000240,CUST10519,2025-07-22,UPI,Delivered
ORD000241,CUST00395,2024-11-06,UPI,Delivered
ORD000242,CUST00472,2025-11-01,Debit Card,Delivered
ORD000243,CUST09910,2025-06-18,Credit Card,Delivered
ORD000244,CUST07180,2025-09-10,Net Banking,Delivered
ORD000245,CUST03364,2025-09-05,Debit Card,Returned
ORD000246,CUST04153,2025-01-03,Net Banking,Cancelled
ORD000247,CUST08656,2024-11-26,UPI,Delivered
ORD000248,CUST09154,2026-03-26,UPI,Delivered
ORD000249,CUST00602,2025-02-07,Credit Card,Delivered
ORD000250,CUST04612,2024-12-22,COD,Delivered
ORD000251,CUST02781,2026-06-21,COD,Delivered
ORD000252,CUST06800,2024-04-08,UPI,Delivered
ORD000253,CUST00022,2025-10-03,COD,Delivered
ORD000254,CUST07275,2024-09-07,COD,Delivered
ORD000255,CUST02474,2026-01-06,UPI,Delivered
ORD000256,CUST07407,2024-10-22,Credit Card,Delivered
ORD000257,CUST08231,2025-02-11,Debit Card,Delivered
ORD000258,CUST03829,2024-12-24,COD,Delivered
ORD000259,CUST07830,2026-08-27,Net Banking,Delivered
ORD000260,CUST08222,2025-09-13,COD,Delivered
ORD000261,CUST07582,2024-01-09,Debit Card,Delivered
ORD000262,CUST02209,2025-09-25,Debit Card,Delivered
ORD000263,CUST00616,2024-10-25,Debit Card,Delivered
ORD000264,CUST05790,2026-05-14,Debit Card,Delivered
ORD000265,CUST10549,2025-07-16,Net Banking,Cancelled
ORD000266,CUST06042,2025-12-25,Credit Card,Delivered
ORD000267,CUST02182,2026-08-31,Debit Card,Delivered
ORD000268,CUST02614,2025-07-15,Debit Card,Delivered
ORD000269,CUST04024,2024-12-08,Net Banking,Delivered
ORD000270,CUST09859,2024-07-22,COD,Delivered
ORD000271,CUST07993,2024-05-29,COD,Delivered
ORD000272,CUST00080,2025-08-26,Net Banking,Delivered
ORD000273,CUST07131,2025-08-25,COD,Delivered
ORD000274,CUST05240,2024-01-10,UPI,Delivered
ORD000275,CUST01158,2024-07-28,Credit Card,Delivered
ORD000276,CUST09933,2025-12-07,COD,Delivered
ORD000277,CUST00447,2025-01-22,Net Banking,Delivered
ORD000278,CUST09244,2024-01-30,UPI,Delivered
ORD000279,CUST05421,2025-04-13,Credit Card,Cancelled
ORD000280,CUST09786,2024-05-29,Debit Card,Pending
ORD000281,CUST00979,2024-04-01,COD,Delivered
ORD000282,CUST00029,2025-12-13,Credit Card,Returned
ORD000283,CUST10079,2024-12-29,Credit Card,Delivered
ORD000284,CUST02425,2024-10-23,Debit Card,Delivered
ORD000285,CUST01974,2025-05-03,Credit Card,Delivered
ORD000286,CUST11577,2025-10-17,COD,Delivered
ORD000287,CUST00033,2026-08-09,UPI,Delivered
ORD000288,CUST07622,2025-04-29,COD,Delivered
ORD000289,CUST05056,2025-08-03,Net Banking,Pending
ORD000290,CUST08812,2025-10-15,Credit Card,Delivered
ORD000291,CUST02948,2025-03-11,Debit Card,Delivered
ORD000292,CUST07669,2024-01-14,Net Banking,Delivered
ORD000293,CUST09488,2025-11-17,Credit Card,Returned
ORD000294,CUST02549,2026-02-22,Credit Card,Delivered
ORD000295,CUST09091,2024-12-24,UPI,Delivered
ORD000296,CUST11097,2025-07-08,Debit Card,Cancelled
ORD000297,CUST04799,2025-08-02,COD,Delivered
ORD000298,CUST03665,2026-02-05,Credit Card,Delivered
ORD000299,CUST01942,2026-07-21,Net Banking,Delivered
ORD000300,CUST11346,2025-10-15,Debit Card,Delivered
ORD000301,CUST10848,2024-02-10,COD,Delivered
ORD000302,CUST03218,2024-03-27,Net Banking,Delivered
ORD000303,CUST06713,2026-04-20,Debit Card,Delivered
ORD000304,CUST06428,2025-02-11,UPI,Delivered
ORD000305,CUST10920,2024-03-15,Net Banking,Delivered
ORD000306,CUST05015,2024-01-19,Debit Card,Delivered
ORD000307,CUST06280,2026-02-18,COD,Delivered
ORD000308,CUST03244,2026-03-25,Credit Card,Returned
ORD000309,CUST04985,2025-09-01,Debit Card,Delivered
ORD000310,CUST09775,2024-05-19,Net Banking,Delivered
ORD000311,CUST07178,2024-05-10,COD,Delivered
ORD000312,CUST02345,2026-07-14,Credit Card,Delivered
ORD000313,CUST02755,2024-07-04,COD,Delivered
ORD000314,CUST04095,2025-01-01,Credit Card,Delivered
ORD000315,CUST00330,2024-06-22,UPI,Delivered
ORD000316,CUST11697,2024-06-27,UPI,Returned
ORD000317,CUST06592,2026-05-16,COD,Delivered
ORD000318,CUST08207,2025-06-10,Credit Card,Delivered
ORD000319,CUST02264,2026-03-21,Credit Card,Delivered
ORD000320,CUST09917,2025-02-09,Debit Card,Delivered
ORD000321,CUST05373,2024-09-21,Debit Card,Delivered
ORD000322,CUST04426,2024-12-13,UPI,Delivered
ORD000323,CUST02612,2026-05-10,UPI,Delivered
ORD000324,CUST05550,2024-02-08,Credit Card,Returned
ORD000325,CUST01083,2024-08-18,Credit Card,Delivered
ORD000326,CUST06320,2025-05-01,Net Banking,Delivered
ORD000327,CUST03890,2024-11-19,Debit Card,Delivered
ORD000328,CUST03420,2024-02-26,Credit Card,Cancelled
ORD000329,CUST04457,2025-03-27,Credit Card,Pending
ORD000330,CUST01790,2024-09-19,UPI,Delivered
ORD000331,CUST07234,2025-05-28,COD,Delivered
ORD000332,CUST06057,2024-02-23,UPI,Returned
ORD000333,CUST02618,2025-02-24,Credit Card,Returned
ORD000334,CUST08831,2026-08-27,Debit Card,Delivered
ORD000335,CUST02564,2025-02-15,COD,Delivered
ORD000336,CUST10475,2024-02-28,Net Banking,Cancelled
ORD000337,CUST02481,2025-03-05,UPI,Delivered
ORD000338,CUST05152,2025-03-22,Net Banking,Delivered
ORD000339,CUST11258,2025-02-22,Debit Card,Returned
ORD000340,CUST05807,2026-05-16,COD,Delivered
ORD000341,CUST01598,2026-06-01,Debit Card,Delivered
ORD000342,CUST02274,2024-04-03,COD,Delivered
ORD000343,CUST06288,2024-07-31,Net Banking,Delivered
ORD000344,CUST09668,2025-07-23,Net Banking,Delivered
ORD000345,CUST06162,2025-12-29,Debit Card,Delivered
ORD000346,CUST02780,2025-10-14,COD,Returned
ORD000347,CUST06890,2026-04-18,Net Banking,Delivered
ORD000348,CUST05510,2026-06-20,COD,Delivered
ORD000349,CUST00747,2024-07-30,Net Banking,Delivered
ORD000350,CUST02410,2026-03-23,Credit Card,Returned
ORD000351,CUST10832,2024-05-12,Net Banking,Delivered
ORD000352,CUST11557,2024-06-14,Credit Card,Delivered
ORD000353,CUST06079,2026-07-28,Debit Card,Returned
ORD000354,CUST04945,2024-08-19,Credit Card,Delivered
ORD000355,CUST06244,2024-01-25,Debit Card,Delivered
ORD000356,CUST04352,2026-04-29,Credit Card,Pending
ORD000357,CUST05435,2025-02-02,Debit Card,Returned
ORD000358,CUST09055,2025-12-12,Net Banking,Delivered
ORD000359,CUST10402,2026-04-24,UPI,Delivered
ORD000360,CUST10533,2026-07-23,UPI,Delivered
ORD000361,CUST00162,2024-02-17,UPI,Delivered
ORD000362,CUST04013,2024-02-21,Credit Card,Delivered
ORD000363,CUST05761,2024-02-29,UPI,Delivered
ORD000364,CUST07933,2025-04-17,Debit Card,Delivered
ORD000365,CUST03215,2026-03-01,Credit Card,Delivered
ORD000366,CUST06367,2025-03-28,Credit Card,Delivered
ORD000367,CUST06451,2026-03-30,Net Banking,Delivered
ORD000368,CUST09826,2026-05-03,Debit Card,Delivered
ORD000369,CUST00571,2026-01-20,Debit Card,Delivered
ORD000370,CUST11777,2026-02-28,Net Banking,Delivered
ORD000371,CUST06289,2025-06-20,COD,Delivered
ORD000372,CUST03896,2024-07-01,Net Banking,Delivered
ORD000373,CUST06801,2024-08-26,COD,Delivered
ORD000374,CUST08978,2024-03-04,UPI,Delivered
ORD000375,CUST00823,2024-11-16,UPI,Delivered
ORD000376,CUST06627,2025-05-30,UPI,Delivered
ORD000377,CUST09775,2026-03-30,UPI,Delivered
ORD000378,CUST11984,2025-09-20,Net Banking,Delivered
ORD000379,CUST08625,2026-07-16,UPI,Delivered
ORD000380,CUST10482,2025-07-18,Net Banking,Delivered
ORD000381,CUST07063,2025-06-21,Debit Card,Pending
ORD000382,CUST10856,2025-09-03,Debit Card,Returned
ORD000383,CUST04373,2025-12-19,Credit Card,Cancelled
ORD000384,CUST03741,2026-07-19,Debit Card,Delivered
ORD000385,CUST02734,2025-12-31,COD,Returned
ORD000386,CUST06244,2025-06-09,COD,Returned
ORD000387,CUST11348,2025-02-21,UPI,Delivered
ORD000388,CUST05173,2025-07-25,Credit Card,Delivered
ORD000389,CUST08839,2025-10-26,Net Banking,Delivered
ORD000390,CUST09502,2025-07-19,Net Banking,Delivered
ORD000391,CUST01885,2026-02-05,Net Banking,Cancelled
ORD000392,CUST10996,2025-02-14,UPI,Delivered
ORD000393,CUST04673,2024-01-21,Credit Card,Delivered
ORD000394,CUST05141,2026-08-01,Debit Card,Delivered
ORD000395,CUST07468,2025-06-30,Debit Card,Delivered
ORD000396,CUST06503,2025-11-22,UPI,Returned
ORD000397,CUST07928,2025-03-29,COD,Pending
ORD000398,CUST08335,2025-04-27,Net Banking,Delivered
ORD000399,CUST04706,2024-06-02,COD,Delivered
ORD000400,CUST07170,2025-10-16,Debit Card,Delivered
ORD000401,CUST00643,2024-01-05,UPI,Delivered
ORD000402,CUST07856,2025-11-03,COD,Delivered
ORD000403,CUST02500,2026-07-09,Debit Card,Delivered
ORD000404,CUST04143,2025-09-24,UPI,Delivered
ORD000405,CUST10993,2025-12-21,Net Banking,Delivered
ORD000406,CUST08619,2026-08-05,Credit Card,Delivered
ORD000407,CUST00868,2025-11-14,Debit Card,Delivered
ORD000408,CUST01563,2026-02-26,Credit Card,Delivered
ORD000409,CUST02948,2026-01-15,UPI,Delivered
ORD000410,CUST11091,2024-11-07,Debit Card,Delivered
ORD000411,CUST11106,2024-11-17,Net Banking,Delivered
ORD000412,CUST11088,2025-09-22,Net Banking,Returned
ORD000413,CUST02740,2025-06-03,UPI,Cancelled
ORD000414,CUST05037,2026-04-30,Credit Card,Delivered
ORD000415,CUST06632,2024-03-04,COD,Delivered
ORD000416,CUST09779,2025-10-30,Net Banking,Delivered
ORD000417,CUST04768,2025-03-07,Credit Card,Delivered
ORD000418,CUST00529,2026-06-08,Credit Card,Delivered
ORD000419,CUST03351,2025-10-20,Debit Card,Delivered
ORD000420,CUST11566,2025-10-10,COD,Delivered
ORD000421,CUST09612,2025-08-06,UPI,Delivered
ORD000422,CUST04662,2025-01-03,Net Banking,Delivered
ORD000423,CUST08717,2024-01-15,COD,Delivered
ORD000424,CUST11978,2025-04-26,Credit Card,Delivered
ORD000425,CUST09156,2024-11-19,COD,Delivered
ORD000426,CUST06902,2024-11-14,Debit Card,Delivered
ORD000427,CUST08642,2024-03-31,Debit Card,Delivered
ORD000428,CUST08975,2026-07-22,Credit Card,Delivered
ORD000429,CUST01764,2024-10-29,Credit Card,Delivered
ORD000430,CUST10302,2024-09-25,UPI,Delivered
ORD000431,CUST09417,2025-04-24,Net Banking,Delivered
ORD000432,CUST06808,2024-04-08,Net Banking,Returned
ORD000433,CUST00497,2025-01-02,COD,Delivered
ORD000434,CUST02887,2024-10-28,Net Banking,Pending
ORD000435,CUST08400,2026-03-14,Credit Card,Pending
ORD000436,CUST05585,2024-01-10,COD,Delivered
ORD000437,CUST01502,2025-03-14,Net Banking,Delivered
ORD000438,CUST10696,2025-06-18,UPI,Returned
ORD000439,CUST10909,2024-10-05,Credit Card,Delivered
ORD000440,CUST06198,2024-03-08,Credit Card,Delivered
ORD000441,CUST01780,2026-07-28,Net Banking,Delivered
ORD000442,CUST09606,2024-05-12,UPI,Delivered
ORD000443,CUST09081,2025-05-30,UPI,Delivered
ORD000444,CUST06359,2025-02-17,Debit Card,Delivered
ORD000445,CUST10226,2024-04-14,Credit Card,Delivered
ORD000446,CUST02502,2026-08-05,Credit Card,Delivered
ORD000447,CUST04507,2024-08-12,Net Banking,Returned
ORD000448,CUST10971,2024-08-27,Net Banking,Delivered
ORD000449,CUST09933,2026-01-13,UPI,Cancelled
ORD000450,CUST03965,2026-06-27,Credit Card,Delivered
ORD000451,CUST04028,2024-04-27,Net Banking,Pending
ORD000452,CUST11977,2025-06-13,UPI,Cancelled
ORD000453,CUST04205,2025-02-19,Credit Card,Delivered
ORD000454,CUST00027,2025-02-20,Debit Card,Delivered
ORD000455,CUST01440,2026-04-05,Credit Card,Returned
ORD000456,CUST01006,2025-09-29,Debit Card,Delivered
ORD000457,CUST09505,2026-04-09,Credit Card,Delivered
ORD000458,CUST11750,2025-12-11,UPI,Delivered
ORD000459,CUST11529,2026-06-28,Credit Card,Delivered
ORD000460,CUST01012,2025-09-07,Net Banking,Delivered
ORD000461,CUST09869,2024-04-21,UPI,Delivered
ORD000462,CUST10465,2024-01-14,Debit Card,Delivered
ORD000463,CUST06494,2026-02-16,Credit Card,Delivered
ORD000464,CUST06006,2025-09-08,Debit Card,Delivered
ORD000465,CUST06790,2026-08-12,Net Banking,Delivered
ORD000466,CUST08522,2025-05-14,UPI,Delivered
ORD000467,CUST06052,2026-03-17,Debit Card,Delivered
ORD000468,CUST04018,2024-08-16,COD,Delivered
ORD000469,CUST03005,2025-11-16,Credit Card,Delivered
ORD000470,CUST11568,2026-07-02,Debit Card,Delivered
ORD000471,CUST06227,2025-02-06,COD,Pending
ORD000472,CUST04363,2024-04-16,COD,Delivered
ORD000473,CUST03458,2026-03-15,Net Banking,Delivered
ORD000474,CUST05177,2024-08-26,Debit Card,Delivered
ORD000475,CUST06943,2024-01-03,Net Banking,Delivered
ORD000476,CUST11641,2026-01-29,Credit Card,Delivered
ORD000477,CUST02235,2026-08-08,UPI,Delivered
ORD000478,CUST10719,2025-10-08,COD,Delivered
ORD000479,CUST10926,2024-11-22,Debit Card,Returned
ORD000480,CUST07505,2026-01-26,Credit Card,Delivered
ORD000481,CUST01871,2025-07-17,Debit Card,Delivered
ORD000482,CUST11911,2025-03-13,COD,Delivered
ORD000483,CUST11358,2024-02-07,UPI,Delivered
ORD000484,CUST05607,2025-07-28,Credit Card,Returned
ORD000485,CUST10638,2026-04-11,COD,Delivered
ORD000486,CUST09737,2025-01-10,Credit Card,Delivered
ORD000487,CUST06257,2024-01-06,Debit Card,Cancelled
ORD000488,CUST06133,2025-12-14,COD,Cancelled
ORD000489,CUST03414,2025-10-01,COD,Delivered
ORD000490,CUST07938,2024-11-03,COD,Delivered
ORD000491,CUST07631,2025-09-25,UPI,Delivered
ORD000492,CUST03782,2024-05-01,COD,Delivered
ORD000493,CUST00919,2024-06-20,Credit Card,Delivered
ORD000494,CUST10622,2025-02-23,COD,Delivered
ORD000495,CUST03702,2026-07-21,UPI,Delivered
ORD000496,CUST08348,2024-11-15,UPI,Delivered
ORD000497,CUST11392,2024-09-03,Debit Card,Delivered
ORD000498,CUST11307,2026-08-01,Credit Card,Delivered
ORD000499,CUST01599,2026-03-05,Net Banking,Cancelled
ORD000500,CUST10621,2025-09-12,Credit Card,Delivered
ORD000501,CUST09873,2024-07-11,Net Banking,Delivered
ORD000502,CUST10148,2026-06-15,Credit Card,Delivered
ORD000503,CUST11539,2025-03-07,COD,Delivered
ORD000504,CUST10629,2026-05-02,Net Banking,Delivered
ORD000505,CUST01047,2024-06-13,Credit Card,Returned
ORD000506,CUST03948,2024-09-07,Debit Card,Delivered
ORD000507,CUST04883,2024-12-13,UPI,Delivered
ORD000508,CUST11648,2024-02-18,Credit Card,Delivered
ORD000509,CUST03483,2024-11-06,Credit Card,Returned
ORD000510,CUST10027,2024-02-08,UPI,Delivered
ORD000511,CUST11545,2024-06-12,Net Banking,Delivered
ORD000512,CUST11446,2024-07-12,Net Banking,Delivered
ORD000513,CUST07942,2025-03-25,COD,Delivered
ORD000514,CUST00228,2024-03-08,COD,Cancelled
ORD000515,CUST05883,2026-02-08,COD,Delivered
ORD000516,CUST03153,2026-04-12,Debit Card,Delivered
ORD000517,CUST02636,2025-09-07,UPI,Delivered
ORD000518,CUST03353,2024-09-30,Net Banking,Delivered
ORD000519,CUST06775,2025-11-11,Debit Card,Delivered
ORD000520,CUST02812,2026-05-15,COD,Delivered
ORD000521,CUST08366,2025-12-31,UPI,Delivered
ORD000522,CUST07527,2024-05-02,COD,Returned
ORD000523,CUST01399,2026-01-09,Credit Card,Delivered
ORD000524,CUST07223,2025-05-17,COD,Delivered
ORD000525,CUST07832,2024-06-15,UPI,Cancelled
ORD000526,CUST03403,2025-10-27,Net Banking,Delivered
ORD000527,CUST03736,2025-04-03,UPI,Delivered
ORD000528,CUST02435,2025-09-07,Net Banking,Delivered
ORD000529,CUST03220,2025-05-29,UPI,Returned
ORD000530,CUST01148,2025-11-19,UPI,Returned
ORD000531,CUST04836,2024-01-28,Net Banking,Delivered
ORD000532,CUST11748,2024-05-23,Credit Card,Delivered
ORD000533,CUST09670,2025-04-27,UPI,Delivered
ORD000534,CUST00706,2024-05-02,UPI,Delivered
ORD000535,CUST11613,2024-04-25,Debit Card,Cancelled
ORD000536,CUST10693,2024-01-22,COD,Delivered
ORD000537,CUST06223,2024-12-01,Debit Card,Delivered
ORD000538,CUST10248,2025-08-31,UPI,Delivered
ORD000539,CUST10082,2024-11-28,UPI,Delivered
ORD000540,CUST11637,2024-02-18,UPI,Delivered
ORD000541,CUST02597,2025-05-23,Credit Card,Delivered
ORD000542,CUST03529,2024-10-10,Debit Card,Delivered
ORD000543,CUST03833,2024-08-23,COD,Cancelled
ORD000544,CUST04808,2025-02-03,Credit Card,Delivered
ORD000545,CUST08793,2024-03-04,Net Banking,Delivered
ORD000546,CUST06370,2024-07-06,UPI,Delivered
ORD000547,CUST11587,2024-07-12,Credit Card,Delivered
ORD000548,CUST02383,2024-01-26,Net Banking,Delivered
ORD000549,CUST08314,2024-06-18,UPI,Delivered
ORD000550,CUST00476,2025-01-21,Credit Card,Delivered
ORD000551,CUST08429,2025-09-11,UPI,Returned
ORD000552,CUST02827,2024-10-03,Debit Card,Delivered
ORD000553,CUST03914,2026-03-10,UPI,Delivered
ORD000554,CUST09860,2025-12-10,COD,Returned
ORD000555,CUST08574,2024-07-15,COD,Delivered
ORD000556,CUST07572,2024-01-24,UPI,Returned
ORD000557,CUST04485,2024-09-11,Credit Card,Delivered
ORD000558,CUST01471,2025-07-30,Net Banking,Returned
ORD000559,CUST03265,2026-03-01,Net Banking,Delivered
ORD000560,CUST03725,2025-08-14,COD,Cancelled
ORD000561,CUST02511,2024-01-08,COD,Delivered
ORD000562,CUST08777,2025-07-10,Credit Card,Delivered
ORD000563,CUST00515,2025-04-17,Debit Card,Delivered
ORD000564,CUST10242,2024-12-31,COD,Delivered
ORD000565,CUST03468,2025-10-12,COD,Cancelled
ORD000566,CUST00210,2025-07-22,UPI,Cancelled
ORD000567,CUST06968,2024-01-12,Debit Card,Delivered
ORD000568,CUST04154,2024-03-12,Debit Card,Delivered
ORD000569,CUST09945,2026-06-24,COD,Returned
ORD000570,CUST11188,2024-03-03,UPI,Delivered
ORD000571,CUST03841,2024-06-11,Credit Card,Delivered
ORD000572,CUST04040,2025-07-03,Net Banking,Delivered
ORD000573,CUST05233,2024-10-03,COD,Delivered
ORD000574,CUST04167,2025-07-16,Net Banking,Delivered
ORD000575,CUST09699,2026-07-02,Net Banking,Delivered
ORD000576,CUST01069,2025-02-05,Net Banking,Delivered
ORD000577,CUST10896,2025-05-20,COD,Delivered
ORD000578,CUST03857,2026-06-08,Credit Card,Delivered
ORD000579,CUST01766,2025-10-27,Debit Card,Returned
ORD000580,CUST06686,2025-06-15,UPI,Delivered
ORD000581,CUST10021,2026-03-03,Debit Card,Delivered
ORD000582,CUST11026,2025-04-23,UPI,Delivered
ORD000583,CUST09420,2024-07-28,Debit Card,Delivered
ORD000584,CUST04572,2025-04-08,COD,Delivered
ORD000585,CUST07408,2024-09-01,COD,Delivered
ORD000586,CUST00572,2025-03-04,Net Banking,Cancelled
ORD000587,CUST07622,2024-09-04,UPI,Delivered
ORD000588,CUST03226,2026-08-11,Credit Card,Delivered
ORD000589,CUST09766,2026-02-24,COD,Delivered
ORD000590,CUST04562,2024-02-17,UPI,Delivered
ORD000591,CUST00225,2024-01-14,COD,Delivered
ORD000592,CUST11209,2025-01-25,Credit Card,Delivered
ORD000593,CUST08750,2026-02-02,UPI,Delivered
ORD000594,CUST05674,2025-11-08,Net Banking,Delivered
ORD000595,CUST03529,2024-04-22,UPI,Delivered
ORD000596,CUST06636,2024-03-04,Credit Card,Delivered
ORD000597,CUST08645,2024-10-11,Net Banking,Delivered
ORD000598,CUST01898,2024-03-27,COD,Cancelled
ORD000599,CUST02850,2025-05-09,Net Banking,Cancelled
ORD000600,CUST00742,2026-01-15,COD,Delivered
ORD000601,CUST10134,2024-09-05,Credit Card,Delivered
ORD000602,CUST08901,2025-09-16,Debit Card,Delivered
ORD000603,CUST08346,2024-08-13,Debit Card,Delivered
ORD000604,CUST08658,2024-07-01,Credit Card,Delivered
ORD000605,CUST08759,2024-03-21,COD,Delivered
ORD000606,CUST04058,2026-07-29,Net Banking,Delivered
ORD000607,CUST02815,2026-02-25,COD,Delivered
ORD000608,CUST05570,2025-01-20,Debit Card,Delivered
ORD000609,CUST06223,2024-04-02,Net Banking,Delivered
ORD000610,CUST08203,2025-12-06,UPI,Delivered
ORD000611,CUST01005,2025-04-10,Debit Card,Pending
ORD000612,CUST10479,2025-05-01,Credit Card,Delivered
ORD000613,CUST04906,2024-04-15,Net Banking,Delivered
ORD000614,CUST04945,2025-09-03,COD,Delivered
ORD000615,CUST06305,2024-02-05,UPI,Delivered
ORD000616,CUST00499,2025-11-26,Debit Card,Delivered
ORD000617,CUST06316,2024-05-28,Net Banking,Delivered
ORD000618,CUST07001,2026-01-06,Debit Card,Cancelled
ORD000619,CUST06370,2025-07-28,Credit Card,Delivered
ORD000620,CUST10101,2025-01-20,Debit Card,Pending
ORD000621,CUST11215,2025-01-17,COD,Delivered
ORD000622,CUST05940,2024-07-20,COD,Delivered
ORD000623,CUST07437,2025-10-16,Credit Card,Delivered
ORD000624,CUST04391,2025-03-21,Credit Card,Delivered
ORD000625,CUST07487,2024-09-24,UPI,Delivered
ORD000626,CUST01552,2024-09-15,Net Banking,Cancelled
ORD000627,CUST00726,2024-09-10,Debit Card,Delivered
ORD000628,CUST04682,2026-06-18,Credit Card,Delivered
ORD000629,CUST06728,2024-09-21,Net Banking,Delivered
ORD000630,CUST04430,2025-03-05,Credit Card,Delivered
ORD000631,CUST11166,2025-07-07,Credit Card,Delivered
ORD000632,CUST06881,2025-12-14,UPI,Delivered
ORD000633,CUST04458,2024-01-31,COD,Delivered
ORD000634,CUST09122,2024-06-13,Net Banking,Delivered
ORD000635,CUST00935,2026-02-17,UPI,Delivered
ORD000636,CUST09265,2025-12-01,COD,Returned
ORD000637,CUST04586,2024-10-09,Credit Card,Pending
ORD000638,CUST03813,2026-07-30,UPI,Delivered
ORD000639,CUST00873,2024-03-10,COD,Delivered
ORD000640,CUST08491,2024-08-22,COD,Delivered
ORD000641,CUST02607,2024-04-03,UPI,Delivered
ORD000642,CUST05819,2024-10-25,Debit Card,Returned
ORD000643,CUST03269,2026-03-23,UPI,Delivered
ORD000644,CUST03985,2026-07-02,Credit Card,Cancelled
ORD000645,CUST07187,2026-03-28,Debit Card,Delivered
ORD000646,CUST06062,2024-09-18,UPI,Delivered
ORD000647,CUST07541,2024-05-20,COD,Delivered
ORD000648,CUST05274,2024-08-17,Net Banking,Delivered
ORD000649,CUST08386,2026-02-18,UPI,Returned
ORD000650,CUST10676,2024-09-19,COD,Delivered
ORD000651,CUST02652,2025-10-15,UPI,Delivered
ORD000652,CUST02436,2025-12-13,Credit Card,Delivered
ORD000653,CUST10575,2024-04-08,Credit Card,Returned
ORD000654,CUST05526,2024-10-29,COD,Delivered
ORD000655,CUST00368,2024-09-19,COD,Delivered
ORD000656,CUST02610,2025-07-04,Debit Card,Delivered
ORD000657,CUST07616,2025-11-26,Credit Card,Delivered
ORD000658,CUST07123,2024-07-31,Net Banking,Delivered
ORD000659,CUST07946,2025-02-06,Credit Card,Delivered
ORD000660,CUST10936,2025-09-26,Credit Card,Returned
ORD000661,CUST01890,2024-10-09,Net Banking,Delivered
ORD000662,CUST08720,2024-03-01,Credit Card,Delivered
ORD000663,CUST02148,2025-07-31,UPI,Delivered
ORD000664,CUST11757,2026-03-30,UPI,Delivered
ORD000665,CUST05559,2025-03-15,Credit Card,Delivered
ORD000666,CUST08470,2026-06-28,Credit Card,Delivered
ORD000667,CUST01402,2024-12-22,Net Banking,Delivered
ORD000668,CUST00329,2026-03-11,Credit Card,Delivered
ORD000669,CUST01024,2024-04-17,COD,Delivered
ORD000670,CUST08956,2024-05-19,UPI,Delivered
ORD000671,CUST10932,2024-08-30,Credit Card,Delivered
ORD000672,CUST00033,2024-12-06,COD,Delivered
ORD000673,CUST03169,2025-08-28,Credit Card,Delivered
ORD000674,CUST00386,2024-12-07,Debit Card,Delivered
ORD000675,CUST06757,2026-04-13,COD,Delivered
ORD000676,CUST03389,2025-10-25,UPI,Delivered
ORD000677,CUST06465,2024-08-11,UPI,Delivered
ORD000678,CUST04182,2024-06-21,Debit Card,Delivered
ORD000679,CUST02590,2025-12-16,COD,Delivered
ORD000680,CUST11547,2026-01-28,COD,Delivered
ORD000681,CUST09280,2024-07-01,Net Banking,Delivered
ORD000682,CUST10017,2026-06-09,Credit Card,Pending
ORD000683,CUST08272,2025-03-30,COD,Delivered
ORD000684,CUST00394,2025-07-18,Net Banking,Delivered
ORD000685,CUST00667,2026-08-19,Debit Card,Pending
ORD000686,CUST11941,2026-05-21,Debit Card,Delivered
ORD000687,CUST02926,2026-02-25,Debit Card,Delivered
ORD000688,CUST07979,2025-11-21,Net Banking,Delivered
ORD000689,CUST02259,2026-04-29,UPI,Delivered
ORD000690,CUST10643,2024-04-07,Debit Card,Delivered
ORD000691,CUST07539,2025-09-29,Net Banking,Delivered
ORD000692,CUST07267,2024-07-12,Net Banking,Delivered
ORD000693,CUST02315,2025-07-10,Credit Card,Cancelled
ORD000694,CUST09268,2025-01-18,Debit Card,Cancelled
ORD000695,CUST07290,2024-12-23,UPI,Delivered
ORD000696,CUST00032,2025-02-27,Net Banking,Returned
ORD000697,CUST01021,2025-12-23,UPI,Delivered
ORD000698,CUST09552,2025-01-24,UPI,Delivered
ORD000699,CUST04564,2026-08-04,Debit Card,Delivered
ORD000700,CUST00292,2025-11-11,Debit Card,Delivered
ORD000701,CUST07599,2026-07-31,Credit Card,Returned
ORD000702,CUST08792,2024-05-24,UPI,Delivered
ORD000703,CUST00171,2026-07-07,UPI,Delivered
ORD000704,CUST06512,2025-07-05,Net Banking,Delivered
ORD000705,CUST10548,2026-04-20,Net Banking,Returned
ORD000706,CUST03893,2025-05-24,Net Banking,Delivered
ORD000707,CUST07301,2025-02-24,UPI,Returned
ORD000708,CUST09299,2026-05-19,Credit Card,Delivered
ORD000709,CUST02931,2024-03-25,COD,Returned
ORD000710,CUST02940,2025-11-28,Net Banking,Delivered
ORD000711,CUST10110,2026-07-05,COD,Delivered
ORD000712,CUST00112,2026-07-11,Credit Card,Pending
ORD000713,CUST00355,2026-06-25,UPI,Cancelled
ORD000714,CUST05890,2025-07-04,COD,Delivered
ORD000715,CUST08074,2026-01-03,Debit Card,Delivered
ORD000716,CUST08383,2025-12-03,UPI,Delivered
ORD000717,CUST03643,2024-01-28,Debit Card,Delivered
ORD000718,CUST02310,2026-05-01,Credit Card,Delivered
ORD000719,CUST09940,2024-06-23,COD,Delivered
ORD000720,CUST09555,2024-08-24,COD,Delivered
ORD000721,CUST07216,2025-07-12,Credit Card,Delivered
ORD000722,CUST05021,2024-04-19,Credit Card,Delivered
ORD000723,CUST03928,2025-04-30,UPI,Returned
ORD000724,CUST10624,2025-01-22,Credit Card,Delivered
ORD000725,CUST04425,2024-07-07,Net Banking,Delivered
ORD000726,CUST11808,2024-09-30,Debit Card,Delivered
ORD000727,CUST02920,2025-11-20,Credit Card,Delivered
ORD000728,CUST08965,2025-05-22,Net Banking,Returned
ORD000729,CUST02065,2025-08-27,COD,Delivered
ORD000730,CUST05656,2026-07-20,Credit Card,Delivered
ORD000731,CUST08027,2025-08-25,Debit Card,Delivered
ORD000732,CUST05744,2024-09-01,Debit Card,Delivered
ORD000733,CUST06226,2025-05-27,UPI,Delivered
ORD000734,CUST05638,2024-02-04,COD,Cancelled
ORD000735,CUST02844,2024-09-17,COD,Delivered
ORD000736,CUST06250,2025-09-19,Debit Card,Cancelled
ORD000737,CUST01684,2024-09-18,Net Banking,Delivered
ORD000738,CUST07888,2024-02-29,Debit Card,Delivered
ORD000739,CUST00147,2024-04-09,Credit Card,Delivered
ORD000740,CUST03080,2025-10-06,UPI,Delivered
ORD000741,CUST03877,2024-08-23,Credit Card,Pending
ORD000742,CUST09917,2025-11-02,COD,Delivered
ORD000743,CUST11949,2026-07-23,Credit Card,Delivered
ORD000744,CUST02559,2024-09-11,COD,Delivered
ORD000745,CUST08927,2026-01-18,UPI,Cancelled
ORD000746,CUST04134,2025-08-29,COD,Delivered
ORD000747,CUST06071,2024-02-09,UPI,Returned
ORD000748,CUST07392,2024-08-24,Net Banking,Delivered
ORD000749,CUST08079,2024-08-23,Net Banking,Returned
ORD000750,CUST08763,2026-03-20,UPI,Cancelled
ORD000751,CUST03659,2024-03-14,Debit Card,Delivered
ORD000752,CUST11397,2026-01-04,UPI,Cancelled
ORD000753,CUST07530,2026-06-22,COD,Delivered
ORD000754,CUST11485,2026-05-08,Net Banking,Delivered
ORD000755,CUST09940,2024-01-29,Net Banking,Delivered
ORD000756,CUST10322,2025-03-19,UPI,Returned
ORD000757,CUST01420,2026-04-25,Debit Card,Delivered
ORD000758,CUST09073,2024-01-23,UPI,Delivered
ORD000759,CUST00849,2025-05-30,COD,Cancelled
ORD000760,CUST06931,2024-08-31,COD,Delivered
ORD000761,CUST08957,2025-06-29,Credit Card,Delivered
ORD000762,CUST11863,2025-09-08,Debit Card,Returned
ORD000763,CUST06427,2025-11-08,Net Banking,Delivered
ORD000764,CUST10226,2026-04-08,COD,Delivered
ORD000765,CUST07605,2024-01-27,COD,Delivered
ORD000766,CUST05802,2024-03-23,Debit Card,Pending
ORD000767,CUST04348,2024-06-07,UPI,Delivered
ORD000768,CUST09588,2026-06-17,Credit Card,Delivered
ORD000769,CUST05421,2025-04-21,COD,Delivered
ORD000770,CUST11598,2026-04-24,Credit Card,Delivered
ORD000771,CUST09540,2025-10-28,Net Banking,Returned
ORD000772,CUST08900,2024-06-19,Credit Card,Delivered
ORD000773,CUST09047,2026-08-13,COD,Returned
ORD000774,CUST02084,2025-08-30,UPI,Pending
ORD000775,CUST07627,2026-03-24,COD,Cancelled
ORD000776,CUST09446,2026-01-22,Net Banking,Delivered
ORD000777,CUST09861,2026-03-15,Credit Card,Delivered
ORD000778,CUST03355,2025-09-24,UPI,Delivered
ORD000779,CUST09755,2024-07-13,UPI,Delivered
ORD000780,CUST09823,2024-08-18,Credit Card,Delivered
ORD000781,CUST07500,2025-10-07,Credit Card,Delivered
ORD000782,CUST11439,2025-07-24,Credit Card,Delivered
ORD000783,CUST07104,2024-05-10,Net Banking,Delivered
ORD000784,CUST02950,2025-05-14,UPI,Delivered
ORD000785,CUST07244,2025-04-05,COD,Returned
ORD000786,CUST03512,2026-06-25,Net Banking,Pending
ORD000787,CUST01152,2024-01-27,Credit Card,Returned
ORD000788,CUST11662,2024-09-01,Credit Card,Delivered
ORD000789,CUST00278,2024-05-09,COD,Delivered
ORD000790,CUST03767,2024-11-15,COD,Delivered
ORD000791,CUST08523,2024-08-19,COD,Pending
ORD000792,CUST06504,2024-06-20,Debit Card,Delivered
ORD000793,CUST07732,2025-08-10,Net Banking,Cancelled
ORD000794,CUST00871,2025-07-20,Debit Card,Delivered
ORD000795,CUST06246,2024-08-26,COD,Delivered
ORD000796,CUST08569,2025-09-24,UPI,Delivered
ORD000797,CUST02637,2026-07-24,Net Banking,Delivered
ORD000798,CUST11014,2024-11-27,Debit Card,Delivered
ORD000799,CUST11668,2025-02-10,Credit Card,Delivered
ORD000800,CUST04094,2025-12-04,Net Banking,Delivered
ORD000801,CUST09014,2026-08-10,UPI,Pending
ORD000802,CUST01864,2025-06-05,UPI,Delivered
ORD000803,CUST11934,2024-10-17,COD,Returned
ORD000804,CUST05979,2025-10-07,COD,Delivered
ORD000805,CUST04224,2025-08-23,Credit Card,Delivered
ORD000806,CUST11396,2026-02-05,UPI,Delivered
ORD000807,CUST09135,2024-06-30,COD,Delivered
ORD000808,CUST06496,2026-01-03,Debit Card,Delivered
ORD000809,CUST10282,2025-01-14,COD,Returned
ORD000810,CUST03754,2025-12-19,Credit Card,Delivered
ORD000811,CUST08451,2026-04-14,Credit Card,Delivered
ORD000812,CUST09426,2024-03-22,Debit Card,Returned
ORD000813,CUST02070,2025-09-23,Net Banking,Delivered
ORD000814,CUST01185,2026-04-03,UPI,Delivered
ORD000815,CUST05862,2024-12-02,Credit Card,Delivered
ORD000816,CUST02407,2024-02-29,UPI,Delivered
ORD000817,CUST11697,2026-02-20,Debit Card,Delivered
ORD000818,CUST01879,2025-11-16,Debit Card,Cancelled
ORD000819,CUST11702,2026-02-22,Net Banking,Delivered
ORD000820,CUST00830,2025-01-05,Credit Card,Pending
ORD000821,CUST05405,2024-10-09,Debit Card,Delivered
ORD000822,CUST05954,2026-01-16,COD,Delivered
ORD000823,CUST06450,2025-02-24,UPI,Delivered
ORD000824,CUST00048,2024-03-01,UPI,Cancelled
ORD000825,CUST07468,2026-06-04,COD,Delivered
ORD000826,CUST09458,2025-02-07,UPI,Delivered
ORD000827,CUST11676,2026-03-03,COD,Delivered
ORD000828,CUST03576,2024-06-26,UPI,Pending
ORD000829,CUST10102,2025-07-23,Debit Card,Delivered
ORD000830,CUST01735,2025-08-12,Net Banking,Delivered
ORD000831,CUST09314,2025-02-24,Credit Card,Delivered
ORD000832,CUST09008,2024-05-12,Credit Card,Cancelled
ORD000833,CUST05385,2026-04-01,Credit Card,Delivered
ORD000834,CUST10211,2026-03-15,Credit Card,Cancelled
ORD000835,CUST06329,2024-11-25,Credit Card,Delivered
ORD000836,CUST10707,2024-01-10,COD,Delivered
ORD000837,CUST09912,2024-09-21,Debit Card,Delivered
ORD000838,CUST06927,2026-04-25,Net Banking,Cancelled
ORD000839,CUST08927,2024-10-15,Credit Card,Delivered
ORD000840,CUST03517,2025-02-11,UPI,Delivered
ORD000841,CUST01907,2024-03-10,UPI,Delivered
ORD000842,CUST01263,2025-05-21,Net Banking,Delivered
ORD000843,CUST00558,2024-02-26,Credit Card,Delivered
ORD000844,CUST06471,2025-06-21,Credit Card,Delivered
ORD000845,CUST03363,2025-11-09,Debit Card,Delivered
ORD000846,CUST08048,2024-06-20,UPI,Delivered
ORD000847,CUST00290,2024-11-15,UPI,Delivered
ORD000848,CUST02275,2025-05-09,COD,Delivered
ORD000849,CUST03871,2025-03-07,UPI,Delivered
ORD000850,CUST03596,2024-07-13,Credit Card,Delivered
ORD000851,CUST04271,2024-02-17,Credit Card,Delivered
ORD000852,CUST11485,2025-07-05,UPI,Delivered
ORD000853,CUST03713,2024-06-22,COD,Delivered
ORD000854,CUST00847,2024-12-17,Net Banking,Delivered
ORD000855,CUST02810,2026-02-09,UPI,Delivered
ORD000856,CUST07875,2026-08-29,Net Banking,Delivered
ORD000857,CUST10510,2025-02-01,UPI,Delivered
ORD000858,CUST11146,2026-02-03,Net Banking,Delivered
ORD000859,CUST04931,2025-12-23,Credit Card,Delivered
ORD000860,CUST10580,2024-09-16,Credit Card,Cancelled
ORD000861,CUST11136,2026-02-05,Net Banking,Pending
ORD000862,CUST07474,2025-10-13,Debit Card,Delivered
ORD000863,CUST04983,2025-05-25,Credit Card,Delivered
ORD000864,CUST01920,2025-01-08,COD,Delivered
ORD000865,CUST07780,2026-02-01,COD,Delivered
ORD000866,CUST00859,2026-07-07,Net Banking,Returned
ORD000867,CUST06897,2024-08-27,Debit Card,Delivered
ORD000868,CUST01140,2025-10-04,COD,Delivered
ORD000869,CUST07844,2024-01-03,Credit Card,Delivered
ORD000870,CUST05871,2025-09-28,UPI,Delivered
ORD000871,CUST09227,2026-01-12,UPI,Delivered
ORD000872,CUST11139,2024-10-24,Credit Card,Delivered
ORD000873,CUST08359,2024-09-05,Debit Card,Delivered
ORD000874,CUST07178,2025-04-08,Net Banking,Delivered
ORD000875,CUST10202,2026-08-30,Credit Card,Delivered
ORD000876,CUST10803,2024-05-26,UPI,Returned
ORD000877,CUST01824,2024-06-04,Net Banking,Cancelled
ORD000878,CUST01972,2024-10-20,Debit Card,Delivered
ORD000879,CUST08520,2024-04-26,COD,Delivered
ORD000880,CUST05167,2025-05-18,UPI,Cancelled
ORD000881,CUST03597,2025-10-10,Debit Card,Delivered
ORD000882,CUST05955,2025-11-26,Credit Card,Delivered
ORD000883,CUST00821,2024-04-19,Debit Card,Cancelled
ORD000884,CUST04495,2026-07-01,Debit Card,Delivered
ORD000885,CUST11385,2025-10-08,Net Banking,Delivered
ORD000886,CUST11050,2025-03-31,UPI,Delivered
ORD000887,CUST07925,2025-09-04,UPI,Delivered
ORD000888,CUST02779,2025-09-19,Debit Card,Pending
ORD000889,CUST02683,2024-04-28,Credit Card,Delivered
ORD000890,CUST00489,2025-12-16,Debit Card,Delivered
ORD000891,CUST09981,2024-02-23,Credit Card,Delivered
ORD000892,CUST04846,2025-06-23,Net Banking,Delivered
ORD000893,CUST09583,2025-01-18,UPI,Delivered
ORD000894,CUST01339,2025-03-25,UPI,Delivered
ORD000895,CUST01134,2024-08-27,UPI,Delivered
ORD000896,CUST11114,2024-09-12,UPI,Delivered
ORD000897,CUST04652,2024-06-04,Net Banking,Delivered
ORD000898,CUST10649,2024-01-25,Debit Card,Delivered
ORD000899,CUST03163,2024-09-10,UPI,Delivered
ORD000900,CUST00239,2026-05-08,COD,Delivered
ORD000901,CUST07468,2024-04-08,Credit Card,Delivered
ORD000902,CUST08962,2025-12-19,Credit Card,Delivered
ORD000903,CUST07411,2025-11-19,UPI,Delivered
ORD000904,CUST07121,2026-08-01,Credit Card,Cancelled
ORD000905,CUST10319,2025-01-14,Credit Card,Delivered
ORD000906,CUST04087,2024-08-14,Net Banking,Delivered
ORD000907,CUST00777,2026-07-31,Credit Card,Delivered
ORD000908,CUST03779,2025-07-27,Net Banking,Delivered
ORD000909,CUST05016,2025-02-20,Credit Card,Delivered
ORD000910,CUST01734,2025-05-06,Net Banking,Delivered
ORD000911,CUST02949,2024-06-18,Credit Card,Delivered
ORD000912,CUST07236,2025-08-21,COD,Pending
ORD000913,CUST01694,2025-06-22,Debit Card,Delivered
ORD000914,CUST07396,2024-08-17,Net Banking,Delivered
ORD000915,CUST10711,2026-06-10,COD,Delivered
ORD000916,CUST11326,2024-01-08,Debit Card,Delivered
ORD000917,CUST00947,2024-07-08,Debit Card,Cancelled
ORD000918,CUST04256,2025-01-06,COD,Pending
ORD000919,CUST04938,2026-07-22,UPI,Delivered
ORD000920,CUST06899,2026-06-01,UPI,Delivered
ORD000921,CUST10995,2024-01-04,Net Banking,Delivered
ORD000922,CUST01125,2024-02-23,UPI,Delivered
ORD000923,CUST09441,2024-06-24,Net Banking,Delivered
ORD000924,CUST08747,2025-03-28,COD,Delivered
ORD000925,CUST01389,2026-06-30,UPI,Delivered
ORD000926,CUST08607,2026-04-08,UPI,Delivered
ORD000927,CUST07646,2024-05-25,Credit Card,Delivered
ORD000928,CUST05143,2024-09-05,Credit Card,Pending
ORD000929,CUST03648,2025-09-12,Debit Card,Returned
ORD000930,CUST00840,2026-07-29,Credit Card,Delivered
ORD000931,CUST01207,2026-02-24,COD,Delivered
ORD000932,CUST08848,2026-06-22,Net Banking,Delivered
ORD000933,CUST09848,2024-01-29,Net Banking,Delivered
ORD000934,CUST04873,2024-05-28,Credit Card,Delivered
ORD000935,CUST00979,2025-05-01,Credit Card,Delivered
ORD000936,CUST00551,2026-04-01,Net Banking,Returned
ORD000937,CUST08492,2025-08-25,Debit Card,Delivered
ORD000938,CUST09513,2025-07-12,UPI,Delivered
ORD000939,CUST05389,2024-07-12,Debit Card,Delivered
ORD000940,CUST11209,2026-04-15,COD,Delivered
ORD000941,CUST03980,2026-08-01,COD,Delivered
ORD000942,CUST02096,2025-12-16,UPI,Delivered
ORD000943,CUST00205,2024-03-20,UPI,Delivered
ORD000944,CUST08614,2024-03-29,Debit Card,Returned
ORD000945,CUST01986,2024-05-30,Net Banking,Delivered
ORD000946,CUST10166,2026-02-23,UPI,Pending
ORD000947,CUST06464,2025-05-23,Debit Card,Cancelled
ORD000948,CUST03747,2024-11-12,Debit Card,Delivered
ORD000949,CUST07312,2024-06-28,Net Banking,Delivered
ORD000950,CUST01704,2025-07-07,Debit Card,Delivered
ORD000951,CUST06234,2026-05-28,COD,Delivered
ORD000952,CUST04025,2025-07-16,Net Banking,Delivered
ORD000953,CUST11429,2026-01-19,Credit Card,Delivered
ORD000954,CUST03684,2026-06-15,Debit Card,Delivered
ORD000955,CUST08166,2025-02-08,UPI,Delivered
ORD000956,CUST01794,2024-07-03,UPI,Delivered
ORD000957,CUST06102,2024-10-18,Net Banking,Delivered
ORD000958,CUST05379,2026-02-08,UPI,Pending
ORD000959,CUST09903,2026-03-01,UPI,Delivered
ORD000960,CUST06255,2025-11-30,Credit Card,Delivered
ORD000961,CUST05659,2025-05-02,UPI,Delivered
ORD000962,CUST06079,2025-11-29,Net Banking,Cancelled
ORD000963,CUST11814,2024-07-12,Net Banking,Delivered
ORD000964,CUST00684,2024-02-12,COD,Delivered
ORD000965,CUST07176,2025-03-18,Debit Card,Delivered
ORD000966,CUST00023,2024-07-20,Debit Card,Delivered
ORD000967,CUST05766,2025-09-10,Debit Card,Delivered
ORD000968,CUST09625,2024-03-13,Net Banking,Delivered
ORD000969,CUST06715,2024-08-08,UPI,Delivered
ORD000970,CUST10681,2025-08-24,Debit Card,Delivered
ORD000971,CUST11322,2025-09-23,UPI,Returned
ORD000972,CUST01792,2025-11-06,UPI,Delivered
ORD000973,CUST06032,2026-04-07,COD,Returned
ORD000974,CUST10010,2026-01-02,Debit Card,Delivered
ORD000975,CUST05455,2025-01-22,Net Banking,Delivered
ORD000976,CUST04783,2025-06-16,Net Banking,Delivered
ORD000977,CUST11360,2025-08-31,COD,Returned
ORD000978,CUST03496,2026-06-05,Debit Card,Delivered
ORD000979,CUST05267,2026-05-17,UPI,Delivered
ORD000980,CUST08187,2026-05-14,Debit Card,Returned
ORD000981,CUST00752,2024-01-04,Net Banking,Delivered
ORD000982,CUST07596,2025-01-22,Net Banking,Cancelled
ORD000983,CUST03427,2024-06-09,Net Banking,Delivered
ORD000984,CUST08858,2025-10-15,UPI,Delivered
ORD000985,CUST08500,2025-05-10,Net Banking,Returned
ORD000986,CUST01869,2026-06-23,Debit Card,Delivered
ORD000987,CUST08495,2024-03-28,UPI,Delivered
ORD000988,CUST00712,2026-04-11,Debit Card,Delivered
ORD000989,CUST00526,2024-07-08,Credit Card,Delivered
ORD000990,CUST07322,2024-03-29,Credit Card,Delivered
ORD000991,CUST08952,2024-05-14,UPI,Delivered
ORD000992,CUST04702,2025-05-08,Net Banking,Cancelled
ORD000993,CUST02547,2024-09-17,Net Banking,Delivered
ORD000994,CUST07912,2026-05-27,UPI,Delivered
ORD000995,CUST08298,2024-01-13,Debit Card,Delivered
ORD000996,CUST08077,2026-01-28,Credit Card,Delivered
ORD000997,CUST04836,2025-01-20,Net Banking,Cancelled
ORD000998,CUST00907,2024-09-06,Net Banking,Delivered
ORD000999,CUST06302,2025-05-17,Credit Card,Delivered
ORD001000,CUST10611,2025-08-18,UPI,Delivered
ORD001001,CUST06389,2026-06-26,UPI,Delivered
ORD001002,CUST03666,2025-09-20,UPI,Delivered
ORD001003,CUST05655,2024-03-31,Net Banking,Cancelled
ORD001004,CUST08262,2024-09-19,Debit Card,Returned
ORD001005,CUST02926,2025-11-04,COD,Delivered
ORD001006,CUST09291,2025-10-22,UPI,Delivered
ORD001007,CUST00135,2025-11-30,COD,Delivered
ORD001008,CUST08111,2026-04-29,Debit Card,Delivered
ORD001009,CUST00737,2025-01-28,Net Banking,Delivered
ORD001010,CUST07034,2025-02-25,COD,Returned
ORD001011,CUST08330,2024-07-04,UPI,Delivered
ORD001012,CUST01877,2025-07-21,COD,Delivered
ORD001013,CUST06857,2025-05-01,Credit Card,Pending
ORD001014,CUST03959,2026-07-28,Debit Card,Delivered
ORD001015,CUST01438,2024-07-31,Credit Card,Delivered
ORD001016,CUST05552,2025-01-05,Debit Card,Delivered
ORD001017,CUST02288,2025-03-23,Debit Card,Delivered
ORD001018,CUST06681,2025-10-21,Net Banking,Delivered
ORD001019,CUST00217,2026-03-28,Debit Card,Delivered
ORD001020,CUST02929,2026-04-01,Debit Card,Delivered
ORD001021,CUST03084,2026-07-30,UPI,Delivered
ORD001022,CUST06651,2024-02-09,Credit Card,Delivered
ORD001023,CUST06562,2024-05-31,COD,Cancelled
ORD001024,CUST00387,2025-05-09,Net Banking,Delivered
ORD001025,CUST05254,2025-08-19,Debit Card,Cancelled
ORD001026,CUST05435,2025-09-11,UPI,Delivered
ORD001027,CUST00923,2024-11-09,Debit Card,Cancelled
ORD001028,CUST11080,2026-03-09,Net Banking,Delivered
ORD001029,CUST08228,2025-05-21,Credit Card,Returned
ORD001030,CUST09021,2025-09-21,COD,Returned
ORD001031,CUST09828,2024-06-26,UPI,Delivered
ORD001032,CUST11730,2024-05-17,Net Banking,Delivered
ORD001033,CUST03265,2024-03-24,Net Banking,Returned
ORD001034,CUST06826,2026-02-20,Debit Card,Delivered
ORD001035,CUST05262,2024-01-19,UPI,Delivered
ORD001036,CUST06392,2024-01-30,COD,Delivered
ORD001037,CUST02369,2024-11-08,Net Banking,Pending
ORD001038,CUST05644,2024-09-28,COD,Returned
ORD001039,CUST03458,2024-01-22,Credit Card,Delivered
ORD001040,CUST11022,2024-11-05,Debit Card,Delivered
ORD001041,CUST11587,2024-03-24,COD,Delivered
ORD001042,CUST03939,2026-04-17,Net Banking,Delivered
ORD001043,CUST09677,2025-09-12,Net Banking,Delivered
ORD001044,CUST10225,2026-07-27,Net Banking,Delivered
ORD001045,CUST08515,2026-01-06,Net Banking,Delivered
ORD001046,CUST05933,2025-05-03,UPI,Delivered
ORD001047,CUST09353,2025-02-06,Debit Card,Delivered
ORD001048,CUST11144,2025-05-31,UPI,Pending
ORD001049,CUST09885,2025-08-05,UPI,Delivered
ORD001050,CUST06205,2025-04-26,Debit Card,Delivered
ORD001051,CUST10166,2024-10-02,Net Banking,Delivered
ORD001052,CUST11175,2025-02-02,Credit Card,Delivered
ORD001053,CUST11262,2025-07-03,UPI,Delivered
ORD001054,CUST01825,2024-05-08,COD,Delivered
ORD001055,CUST02967,2025-09-21,UPI,Delivered
ORD001056,CUST06472,2024-01-05,Debit Card,Delivered
ORD001057,CUST11135,2025-04-26,UPI,Delivered
ORD001058,CUST02216,2025-03-13,COD,Delivered
ORD001059,CUST02406,2025-08-19,UPI,Delivered
ORD001060,CUST11323,2024-11-12,Credit Card,Delivered
ORD001061,CUST02916,2025-08-12,UPI,Delivered
ORD001062,CUST10176,2026-07-01,COD,Delivered
ORD001063,CUST10040,2024-05-04,Net Banking,Cancelled
ORD001064,CUST00683,2026-06-12,Credit Card,Returned
ORD001065,CUST06228,2024-03-16,Net Banking,Delivered
ORD001066,CUST10488,2024-10-09,UPI,Delivered
ORD001067,CUST04922,2026-08-23,COD,Delivered
ORD001068,CUST05616,2026-05-20,Debit Card,Cancelled
ORD001069,CUST03070,2025-05-10,Credit Card,Delivered
ORD001070,CUST03968,2026-03-03,COD,Delivered
ORD001071,CUST11660,2024-12-12,Debit Card,Delivered
ORD001072,CUST09124,2026-07-29,Credit Card,Pending
ORD001073,CUST11209,2024-05-09,Credit Card,Delivered
ORD001074,CUST02529,2025-10-23,UPI,Delivered
ORD001075,CUST08838,2024-12-17,Debit Card,Returned
ORD001076,CUST07456,2026-04-01,Credit Card,Cancelled
ORD001077,CUST04289,2024-05-24,Credit Card,Cancelled
ORD001078,CUST08692,2025-12-01,UPI,Delivered
ORD001079,CUST08861,2025-04-29,UPI,Delivered
ORD001080,CUST10509,2025-07-31,Net Banking,Delivered
ORD001081,CUST04671,2024-09-01,Net Banking,Returned
ORD001082,CUST05657,2024-08-31,Net Banking,Delivered
ORD001083,CUST02039,2024-04-28,Net Banking,Delivered
ORD001084,CUST00317,2025-10-27,Debit Card,Delivered
ORD001085,CUST02648,2025-03-15,Debit Card,Delivered
ORD001086,CUST09179,2025-11-03,COD,Delivered
ORD001087,CUST05658,2025-05-27,COD,Delivered
ORD001088,CUST07446,2025-07-05,Net Banking,Delivered
ORD001089,CUST06073,2024-06-19,Net Banking,Delivered
ORD001090,CUST05950,2024-10-26,Debit Card,Delivered
ORD001091,CUST04474,2024-07-08,Net Banking,Cancelled
ORD001092,CUST02166,2024-10-18,Net Banking,Delivered
ORD001093,CUST01938,2026-08-09,Debit Card,Delivered
ORD001094,CUST03871,2026-07-23,Credit Card,Delivered
ORD001095,CUST06170,2026-06-27,Debit Card,Delivered
ORD001096,CUST11959,2026-03-17,Net Banking,Delivered
ORD001097,CUST04335,2025-09-29,Debit Card,Delivered
ORD001098,CUST07277,2026-02-18,COD,Delivered
ORD001099,CUST05210,2025-06-16,Credit Card,Cancelled
ORD001100,CUST08574,2024-03-27,Credit Card,Delivered
ORD001101,CUST02841,2025-02-05,Credit Card,Delivered
ORD001102,CUST01656,2026-02-19,Debit Card,Delivered
ORD001103,CUST07860,2026-02-25,COD,Delivered
ORD001104,CUST05138,2026-07-19,UPI,Cancelled
ORD001105,CUST00664,2025-07-11,COD,Delivered
ORD001106,CUST00502,2025-09-15,COD,Delivered
ORD001107,CUST00620,2024-07-03,Net Banking,Delivered
ORD001108,CUST05775,2026-07-18,COD,Delivered
ORD001109,CUST01920,2025-05-14,Debit Card,Delivered
ORD001110,CUST06920,2024-07-08,Credit Card,Delivered
ORD001111,CUST11819,2025-07-21,COD,Pending
ORD001112,CUST00217,2024-05-08,COD,Returned
ORD001113,CUST11235,2025-03-16,UPI,Returned
ORD001114,CUST06168,2024-04-19,UPI,Delivered
ORD001115,CUST05614,2026-05-03,Net Banking,Delivered
ORD001116,CUST05882,2025-10-29,UPI,Delivered
ORD001117,CUST05096,2024-05-11,Net Banking,Delivered
ORD001118,CUST06517,2025-04-29,Debit Card,Delivered
ORD001119,CUST10854,2024-07-17,Credit Card,Returned
ORD001120,CUST05953,2024-03-15,UPI,Cancelled
ORD001121,CUST05658,2024-07-22,Debit Card,Delivered
ORD001122,CUST08522,2026-07-24,Credit Card,Delivered
ORD001123,CUST07322,2024-02-22,Debit Card,Delivered
ORD001124,CUST05954,2024-02-08,Debit Card,Pending
ORD001125,CUST00936,2024-10-17,Debit Card,Delivered
ORD001126,CUST06561,2025-04-26,Debit Card,Delivered
ORD001127,CUST09657,2024-12-03,UPI,Delivered
ORD001128,CUST08615,2025-01-28,COD,Delivered
ORD001129,CUST05761,2024-02-20,Debit Card,Delivered
ORD001130,CUST10846,2026-06-04,Credit Card,Delivered
ORD001131,CUST03346,2024-07-10,UPI,Delivered
ORD001132,CUST01182,2025-12-19,UPI,Returned
ORD001133,CUST01691,2024-11-10,Debit Card,Delivered
ORD001134,CUST04796,2026-03-04,Debit Card,Delivered
ORD001135,CUST03505,2024-04-22,Credit Card,Delivered
ORD001136,CUST04209,2024-04-24,COD,Delivered
ORD001137,CUST09133,2026-02-09,UPI,Delivered
ORD001138,CUST01781,2026-04-24,Debit Card,Returned
ORD001139,CUST07780,2026-05-15,Net Banking,Delivered
ORD001140,CUST03510,2026-01-20,Net Banking,Returned
ORD001141,CUST11664,2024-01-17,Debit Card,Delivered
ORD001142,CUST10193,2026-04-12,Net Banking,Delivered
ORD001143,CUST00018,2024-07-24,Credit Card,Delivered
ORD001144,CUST00159,2024-09-13,COD,Delivered
ORD001145,CUST01034,2024-03-28,Net Banking,Delivered
ORD001146,CUST05882,2025-01-08,Credit Card,Delivered
ORD001147,CUST07684,2024-11-08,Net Banking,Cancelled
ORD001148,CUST00565,2026-06-10,Credit Card,Returned
ORD001149,CUST08891,2025-06-06,Credit Card,Delivered
ORD001150,CUST11319,2025-08-01,Debit Card,Delivered
ORD001151,CUST09961,2024-07-23,UPI,Delivered
ORD001152,CUST11420,2026-04-02,Credit Card,Delivered
ORD001153,CUST09082,2024-03-26,Net Banking,Delivered
ORD001154,CUST08583,2024-02-10,Debit Card,Delivered
ORD001155,CUST06283,2025-09-08,UPI,Returned
ORD001156,CUST07028,2026-08-12,COD,Delivered
ORD001157,CUST02810,2025-06-25,Credit Card,Delivered
ORD001158,CUST02173,2024-10-07,Credit Card,Delivered
ORD001159,CUST03700,2024-09-12,UPI,Delivered
ORD001160,CUST02267,2026-08-24,Debit Card,Delivered
ORD001161,CUST10680,2024-11-15,COD,Pending
ORD001162,CUST07920,2024-08-04,UPI,Delivered
ORD001163,CUST06246,2024-04-12,COD,Delivered
ORD001164,CUST03112,2025-02-12,UPI,Delivered
ORD001165,CUST10711,2025-03-25,Debit Card,Delivered
ORD001166,CUST01400,2025-11-04,Net Banking,Delivered
ORD001167,CUST01215,2026-08-08,UPI,Delivered
ORD001168,CUST08055,2025-11-28,Net Banking,Returned
ORD001169,CUST02482,2024-09-12,UPI,Delivered
ORD001170,CUST02059,2024-03-26,Credit Card,Delivered
ORD001171,CUST05820,2025-11-24,Debit Card,Returned
ORD001172,CUST05366,2025-09-20,Credit Card,Pending
ORD001173,CUST06276,2026-06-15,COD,Returned
ORD001174,CUST06628,2024-09-03,Net Banking,Returned
ORD001175,CUST00415,2025-10-19,COD,Delivered
ORD001176,CUST07498,2026-02-22,Net Banking,Delivered
ORD001177,CUST04664,2024-07-02,Net Banking,Delivered
ORD001178,CUST11102,2025-12-14,Debit Card,Delivered
ORD001179,CUST02403,2024-06-07,COD,Delivered
ORD001180,CUST01580,2025-05-17,Credit Card,Delivered
ORD001181,CUST09937,2025-07-13,Credit Card,Returned
ORD001182,CUST08453,2025-09-27,Net Banking,Delivered
ORD001183,CUST06736,2026-04-24,Net Banking,Pending
ORD001184,CUST04676,2025-11-04,Net Banking,Pending
ORD001185,CUST07172,2025-11-04,COD,Delivered
ORD001186,CUST06485,2024-08-21,COD,Delivered
ORD001187,CUST00970,2025-01-10,UPI,Cancelled
ORD001188,CUST00095,2024-02-29,Credit Card,Cancelled
ORD001189,CUST11985,2025-08-10,Net Banking,Delivered
ORD001190,CUST06160,2025-02-24,COD,Delivered
ORD001191,CUST05231,2025-07-05,UPI,Delivered
ORD001192,CUST04082,2025-10-18,Net Banking,Delivered
ORD001193,CUST05342,2024-06-17,Credit Card,Delivered
ORD001194,CUST07439,2026-04-03,COD,Delivered
ORD001195,CUST09067,2026-08-07,Net Banking,Cancelled
ORD001196,CUST11700,2026-06-27,Debit Card,Delivered
ORD001197,CUST10911,2024-06-22,Debit Card,Delivered
ORD001198,CUST08528,2024-03-12,Credit Card,Delivered
ORD001199,CUST09717,2026-07-01,UPI,Pending
ORD001200,CUST00164,2024-05-18,UPI,Delivered
ORD001201,CUST11134,2025-07-05,Debit Card,Delivered
ORD001202,CUST05506,2024-06-22,Credit Card,Delivered
ORD001203,CUST06556,2024-03-05,Debit Card,Delivered
ORD001204,CUST08511,2024-02-01,Net Banking,Delivered
ORD001205,CUST01279,2025-09-11,COD,Pending
ORD001206,CUST01855,2025-11-22,UPI,Delivered
ORD001207,CUST10001,2026-02-16,COD,Delivered
ORD001208,CUST06694,2024-12-29,Credit Card,Delivered
ORD001209,CUST11136,2025-09-18,Credit Card,Delivered
ORD001210,CUST01444,2025-03-18,Debit Card,Delivered
ORD001211,CUST03766,2026-06-29,Credit Card,Pending
ORD001212,CUST00187,2024-05-10,COD,Delivered
ORD001213,CUST06286,2024-09-06,UPI,Delivered
ORD001214,CUST00428,2024-05-16,Debit Card,Delivered
ORD001215,CUST01148,2024-05-15,Credit Card,Delivered
ORD001216,CUST04121,2025-05-25,Net Banking,Delivered
ORD001217,CUST01827,2024-03-14,Credit Card,Delivered
ORD001218,CUST06991,2025-01-14,UPI,Delivered
ORD001219,CUST03759,2025-06-03,Debit Card,Returned
ORD001220,CUST01681,2026-02-22,UPI,Delivered
ORD001221,CUST05143,2026-02-17,COD,Delivered
ORD001222,CUST03808,2024-10-05,COD,Delivered
ORD001223,CUST08314,2026-08-09,Credit Card,Cancelled
ORD001224,CUST11487,2026-04-03,Net Banking,Cancelled
ORD001225,CUST00983,2025-10-23,Net Banking,Returned
ORD001226,CUST09446,2026-05-21,Debit Card,Cancelled
ORD001227,CUST08209,2025-02-05,Credit Card,Cancelled
ORD001228,CUST04098,2026-03-17,UPI,Delivered
ORD001229,CUST08459,2026-06-17,Credit Card,Delivered
ORD001230,CUST05648,2025-10-09,Net Banking,Delivered
ORD001231,CUST10065,2025-10-06,UPI,Delivered
ORD001232,CUST08443,2024-12-12,UPI,Delivered
ORD001233,CUST04373,2026-02-11,Net Banking,Returned
ORD001234,CUST05934,2025-06-14,Debit Card,Delivered
ORD001235,CUST05357,2025-01-15,Credit Card,Returned
ORD001236,CUST03607,2024-03-01,Net Banking,Delivered
ORD001237,CUST10042,2026-03-24,Credit Card,Delivered
ORD001238,CUST09913,2025-10-19,Credit Card,Delivered
ORD001239,CUST06077,2026-08-14,Debit Card,Cancelled
ORD001240,CUST02272,2024-07-06,UPI,Delivered
ORD001241,CUST11815,2025-01-20,Net Banking,Delivered
ORD001242,CUST00941,2025-05-17,UPI,Delivered
ORD001243,CUST07654,2024-06-26,COD,Delivered
ORD001244,CUST11677,2026-08-16,Net Banking,Pending
ORD001245,CUST08665,2024-11-22,Credit Card,Delivered
ORD001246,CUST00514,2024-06-25,Net Banking,Delivered
ORD001247,CUST05462,2024-04-23,UPI,Delivered
ORD001248,CUST10405,2024-07-26,COD,Delivered
ORD001249,CUST08492,2025-03-30,Debit Card,Delivered
ORD001250,CUST07119,2025-06-13,Net Banking,Delivered
ORD001251,CUST02502,2026-05-25,Debit Card,Cancelled
ORD001252,CUST10879,2025-08-24,COD,Delivered
ORD001253,CUST03962,2026-01-02,UPI,Delivered
ORD001254,CUST02529,2024-05-23,COD,Delivered
ORD001255,CUST02123,2025-07-11,Net Banking,Delivered
ORD001256,CUST02357,2024-04-12,Credit Card,Delivered
ORD001257,CUST04172,2025-08-28,UPI,Delivered
ORD001258,CUST10627,2026-07-09,Net Banking,Delivered
ORD001259,CUST11539,2026-06-22,UPI,Delivered
ORD001260,CUST07469,2024-03-04,UPI,Delivered
ORD001261,CUST11197,2025-10-15,Net Banking,Delivered
ORD001262,CUST02795,2024-10-04,Credit Card,Delivered
ORD001263,CUST11975,2026-06-02,Credit Card,Delivered
ORD001264,CUST09757,2024-03-18,Net Banking,Delivered
ORD001265,CUST05936,2025-08-25,UPI,Delivered
ORD001266,CUST10056,2024-02-04,UPI,Delivered
ORD001267,CUST09791,2025-09-07,Net Banking,Delivered
ORD001268,CUST10509,2026-08-04,Net Banking,Delivered
ORD001269,CUST03569,2025-08-10,COD,Delivered
ORD001270,CUST01220,2025-03-02,Credit Card,Delivered
ORD001271,CUST06624,2024-11-26,UPI,Delivered
ORD001272,CUST10072,2024-05-10,UPI,Delivered
ORD001273,CUST03177,2025-04-01,UPI,Delivered
ORD001274,CUST01801,2024-04-16,UPI,Delivered
ORD001275,CUST05194,2025-03-14,Net Banking,Delivered
ORD001276,CUST09291,2024-10-01,Credit Card,Delivered
ORD001277,CUST09313,2026-07-26,COD,Delivered
ORD001278,CUST07409,2026-08-14,Net Banking,Delivered
ORD001279,CUST03723,2024-10-05,UPI,Pending
ORD001280,CUST07277,2025-12-20,Credit Card,Delivered
ORD001281,CUST04124,2024-09-16,Credit Card,Pending
ORD001282,CUST11366,2025-08-30,Debit Card,Delivered
ORD001283,CUST11102,2026-08-18,Net Banking,Delivered
ORD001284,CUST09800,2024-01-04,Credit Card,Delivered
ORD001285,CUST11291,2024-07-05,Net Banking,Cancelled
ORD001286,CUST00150,2024-08-05,Credit Card,Cancelled
ORD001287,CUST08874,2026-05-08,Credit Card,Delivered
ORD001288,CUST03226,2025-09-26,COD,Delivered
ORD001289,CUST08954,2026-05-21,Debit Card,Delivered
ORD001290,CUST08375,2026-04-27,Net Banking,Delivered
ORD001291,CUST07371,2024-10-12,UPI,Delivered
ORD001292,CUST10423,2024-12-23,COD,Delivered
ORD001293,CUST08365,2024-06-09,UPI,Delivered
ORD001294,CUST10782,2024-07-26,COD,Returned
ORD001295,CUST10050,2025-02-20,Credit Card,Delivered
ORD001296,CUST08547,2025-06-15,Debit Card,Returned
ORD001297,CUST02202,2024-02-17,Net Banking,Delivered
ORD001298,CUST06745,2025-06-22,Credit Card,Delivered
ORD001299,CUST10625,2025-11-02,UPI,Returned
ORD001300,CUST08925,2025-04-14,Debit Card,Delivered
ORD001301,CUST09112,2024-06-03,UPI,Delivered
ORD001302,CUST09527,2026-03-03,Net Banking,Delivered
ORD001303,CUST08038,2024-03-06,UPI,Delivered
ORD001304,CUST05218,2024-08-17,Debit Card,Pending
ORD001305,CUST05420,2024-08-02,Net Banking,Delivered
ORD001306,CUST11333,2026-01-25,Credit Card,Delivered
ORD001307,CUST08553,2024-01-12,Credit Card,Pending
ORD001308,CUST06028,2025-09-04,Debit Card,Pending
ORD001309,CUST09066,2025-11-16,Debit Card,Delivered
ORD001310,CUST09279,2024-08-16,Debit Card,Cancelled
ORD001311,CUST00718,2024-08-29,UPI,Delivered
ORD001312,CUST06804,2025-05-24,Credit Card,Delivered
ORD001313,CUST10735,2026-03-26,Credit Card,Delivered
ORD001314,CUST04937,2024-07-31,Credit Card,Delivered
ORD001315,CUST08447,2024-04-21,Net Banking,Delivered
ORD001316,CUST04357,2026-05-23,COD,Delivered
ORD001317,CUST07297,2024-07-21,Debit Card,Returned
ORD001318,CUST00523,2024-12-06,Net Banking,Returned
ORD001319,CUST06020,2024-02-06,COD,Delivered
ORD001320,CUST05649,2025-10-05,Debit Card,Pending
ORD001321,CUST02628,2024-03-30,COD,Delivered
ORD001322,CUST08608,2025-12-24,Credit Card,Delivered
ORD001323,CUST03077,2025-03-20,COD,Delivered
ORD001324,CUST00918,2024-11-22,Debit Card,Returned
ORD001325,CUST08398,2024-04-11,Net Banking,Delivered
ORD001326,CUST06613,2026-07-31,Debit Card,Delivered
ORD001327,CUST10322,2025-04-19,COD,Delivered
ORD001328,CUST09283,2025-07-12,COD,Delivered
ORD001329,CUST04853,2025-09-23,Debit Card,Cancelled
ORD001330,CUST08459,2025-06-12,Credit Card,Delivered
ORD001331,CUST09959,2026-03-10,Debit Card,Pending
ORD001332,CUST09956,2026-06-24,Debit Card,Delivered
ORD001333,CUST04571,2024-06-26,COD,Delivered
ORD001334,CUST09702,2026-08-28,UPI,Delivered
ORD001335,CUST00153,2026-08-12,COD,Delivered
ORD001336,CUST00554,2026-02-24,COD,Delivered
ORD001337,CUST04583,2025-12-06,COD,Delivered
ORD001338,CUST07971,2025-02-22,COD,Delivered
ORD001339,CUST07759,2025-06-01,Credit Card,Delivered
ORD001340,CUST10811,2025-05-29,Net Banking,Delivered
ORD001341,CUST10869,2025-12-11,Debit Card,Delivered
ORD001342,CUST07216,2024-02-04,Debit Card,Delivered
ORD001343,CUST11989,2024-08-26,UPI,Delivered
ORD001344,CUST07192,2025-08-11,Credit Card,Delivered
ORD001345,CUST01399,2025-09-05,UPI,Returned
ORD001346,CUST09964,2025-03-25,Debit Card,Pending
ORD001347,CUST06853,2025-07-31,UPI,Cancelled
ORD001348,CUST03429,2024-02-20,COD,Delivered
ORD001349,CUST09249,2025-09-27,COD,Delivered
ORD001350,CUST07640,2025-12-12,Debit Card,Delivered
ORD001351,CUST09030,2024-03-13,UPI,Returned
ORD001352,CUST02613,2025-11-04,COD,Cancelled
ORD001353,CUST10925,2024-06-15,Credit Card,Delivered
ORD001354,CUST09159,2026-05-12,Credit Card,Delivered
ORD001355,CUST01522,2026-03-27,Debit Card,Returned
ORD001356,CUST10963,2024-06-23,Net Banking,Delivered
ORD001357,CUST03797,2024-10-18,Net Banking,Pending
ORD001358,CUST07976,2024-01-22,UPI,Delivered
ORD001359,CUST09214,2026-04-24,Debit Card,Delivered
ORD001360,CUST07171,2026-01-08,Debit Card,Pending
ORD001361,CUST03121,2024-06-20,COD,Delivered
ORD001362,CUST03086,2025-12-07,COD,Delivered
ORD001363,CUST08061,2024-07-07,Credit Card,Delivered
ORD001364,CUST11982,2024-09-01,Credit Card,Delivered
ORD001365,CUST11458,2025-05-13,Debit Card,Delivered
ORD001366,CUST11033,2024-05-16,COD,Delivered
ORD001367,CUST10153,2024-10-30,COD,Delivered
ORD001368,CUST00247,2024-09-30,Debit Card,Delivered
ORD001369,CUST11839,2024-03-30,Credit Card,Delivered
ORD001370,CUST08624,2025-01-16,COD,Delivered
ORD001371,CUST00567,2024-06-05,Net Banking,Pending
ORD001372,CUST08673,2026-08-01,UPI,Cancelled
ORD001373,CUST08727,2025-10-13,Credit Card,Delivered
ORD001374,CUST06252,2024-06-15,Net Banking,Delivered
ORD001375,CUST04272,2025-02-10,Debit Card,Pending
ORD001376,CUST00469,2026-02-25,Debit Card,Delivered
ORD001377,CUST03959,2024-01-24,UPI,Returned
ORD001378,CUST02575,2026-05-24,COD,Returned
ORD001379,CUST04248,2024-10-26,Net Banking,Delivered
ORD001380,CUST05396,2026-05-11,COD,Delivered
ORD001381,CUST07206,2024-04-04,Net Banking,Delivered
ORD001382,CUST10521,2025-12-23,Debit Card,Delivered
ORD001383,CUST01622,2025-04-13,Debit Card,Delivered
ORD001384,CUST02996,2026-03-27,COD,Delivered
ORD001385,CUST01971,2025-09-14,COD,Delivered
ORD001386,CUST08623,2025-04-02,Net Banking,Delivered
ORD001387,CUST11856,2025-05-30,UPI,Delivered
ORD001388,CUST04416,2025-07-27,Debit Card,Cancelled
ORD001389,CUST11435,2025-06-13,Net Banking,Delivered
ORD001390,CUST02119,2025-03-19,Credit Card,Delivered
ORD001391,CUST01112,2025-09-12,COD,Delivered
ORD001392,CUST02215,2026-06-14,Debit Card,Delivered
ORD001393,CUST04727,2025-09-29,UPI,Delivered
ORD001394,CUST00797,2024-11-15,UPI,Delivered
ORD001395,CUST03308,2025-09-04,Credit Card,Returned
ORD001396,CUST02970,2025-02-07,COD,Delivered
ORD001397,CUST09614,2025-11-22,COD,Delivered
ORD001398,CUST06464,2024-10-18,Net Banking,Cancelled
ORD001399,CUST05935,2025-12-02,Credit Card,Delivered
ORD001400,CUST04628,2024-10-30,UPI,Pending
ORD001401,CUST04103,2026-05-13,UPI,Delivered
ORD001402,CUST09938,2024-09-01,Credit Card,Cancelled
ORD001403,CUST10698,2025-07-22,Credit Card,Delivered
ORD001404,CUST08430,2025-07-22,UPI,Cancelled
ORD001405,CUST08030,2024-08-31,Credit Card,Delivered
ORD001406,CUST02499,2026-05-08,Credit Card,Delivered
ORD001407,CUST05234,2025-02-28,COD,Returned
ORD001408,CUST08641,2026-01-02,Credit Card,Cancelled
ORD001409,CUST03230,2026-03-31,UPI,Delivered
ORD001410,CUST09197,2024-03-28,Debit Card,Delivered
ORD001411,CUST08002,2024-03-02,UPI,Delivered
ORD001412,CUST05519,2025-02-16,COD,Delivered
ORD001413,CUST00639,2025-07-04,Credit Card,Delivered
ORD001414,CUST10443,2025-08-16,UPI,Delivered
ORD001415,CUST07904,2024-01-10,Net Banking,Delivered
ORD001416,CUST02630,2025-03-20,Debit Card,Delivered
ORD001417,CUST11100,2024-02-25,UPI,Delivered
ORD001418,CUST08121,2024-09-21,Credit Card,Delivered
ORD001419,CUST04761,2025-11-20,COD,Delivered
ORD001420,CUST01559,2026-08-28,Debit Card,Delivered
ORD001421,CUST10864,2024-09-24,Net Banking,Delivered
ORD001422,CUST07818,2025-01-20,Net Banking,Delivered
ORD001423,CUST02961,2025-04-18,Credit Card,Returned
ORD001424,CUST02228,2025-08-07,Net Banking,Cancelled
ORD001425,CUST00953,2024-01-17,Debit Card,Cancelled
ORD001426,CUST09728,2024-02-04,Net Banking,Delivered
ORD001427,CUST00493,2026-07-30,Credit Card,Delivered
ORD001428,CUST01617,2025-12-07,Net Banking,Delivered
ORD001429,CUST07881,2025-12-10,COD,Pending
ORD001430,CUST02991,2026-05-04,Debit Card,Delivered
ORD001431,CUST03399,2026-03-13,Credit Card,Delivered
ORD001432,CUST10637,2025-04-07,Credit Card,Delivered
ORD001433,CUST03584,2024-07-18,COD,Delivered
ORD001434,CUST08982,2024-10-16,Credit Card,Cancelled
ORD001435,CUST06066,2024-01-11,UPI,Delivered
ORD001436,CUST09322,2026-05-27,Credit Card,Delivered
ORD001437,CUST02382,2026-06-17,Net Banking,Delivered
ORD001438,CUST09590,2026-01-02,Credit Card,Delivered
ORD001439,CUST11739,2024-01-10,Debit Card,Delivered
ORD001440,CUST02500,2024-03-22,Credit Card,Delivered
ORD001441,CUST04280,2024-12-03,Debit Card,Delivered
ORD001442,CUST11352,2026-02-18,COD,Delivered
ORD001443,CUST06848,2025-04-19,UPI,Cancelled
ORD001444,CUST06484,2026-06-04,Net Banking,Delivered
ORD001445,CUST05992,2024-06-27,UPI,Pending
ORD001446,CUST10618,2025-08-17,UPI,Delivered
ORD001447,CUST10417,2026-01-14,COD,Delivered
ORD001448,CUST04707,2024-12-18,Credit Card,Delivered
ORD001449,CUST10276,2024-03-29,UPI,Delivered
ORD001450,CUST01477,2025-09-11,Net Banking,Cancelled
ORD001451,CUST00225,2024-07-05,Debit Card,Delivered
ORD001452,CUST10233,2025-05-28,COD,Delivered
ORD001453,CUST07000,2026-02-08,COD,Cancelled
ORD001454,CUST11170,2024-05-12,UPI,Delivered
ORD001455,CUST01317,2025-10-23,Credit Card,Delivered
ORD001456,CUST03545,2025-05-18,UPI,Delivered
ORD001457,CUST11557,2026-07-17,Debit Card,Delivered
ORD001458,CUST05974,2025-05-06,UPI,Cancelled
ORD001459,CUST02797,2024-11-20,Credit Card,Delivered
ORD001460,CUST07429,2025-10-29,COD,Delivered
ORD001461,CUST01672,2025-03-17,Net Banking,Delivered
ORD001462,CUST02814,2025-10-15,COD,Delivered
ORD001463,CUST06965,2025-09-07,Credit Card,Delivered
ORD001464,CUST04463,2024-04-16,COD,Delivered
ORD001465,CUST05403,2025-07-15,UPI,Delivered
ORD001466,CUST01507,2025-12-14,UPI,Delivered
ORD001467,CUST00833,2024-06-17,UPI,Delivered
ORD001468,CUST05831,2025-10-16,UPI,Delivered
ORD001469,CUST09216,2026-08-27,Credit Card,Delivered
ORD001470,CUST01411,2024-11-19,Debit Card,Delivered
ORD001471,CUST01213,2026-03-21,UPI,Delivered
ORD001472,CUST06634,2026-08-08,COD,Delivered
ORD001473,CUST06194,2026-03-27,Credit Card,Pending
ORD001474,CUST02249,2025-05-23,Credit Card,Cancelled
ORD001475,CUST08367,2024-05-25,Net Banking,Delivered
ORD001476,CUST10382,2026-04-28,UPI,Delivered
ORD001477,CUST03347,2024-04-04,COD,Delivered
ORD001478,CUST02238,2025-02-12,Debit Card,Delivered
ORD001479,CUST07302,2025-01-30,Debit Card,Delivered
ORD001480,CUST08071,2026-08-08,COD,Cancelled
ORD001481,CUST01637,2026-03-25,Credit Card,Delivered
ORD001482,CUST09050,2025-08-18,COD,Delivered
ORD001483,CUST11021,2025-08-27,Net Banking,Delivered
ORD001484,CUST07982,2024-03-07,Credit Card,Delivered
ORD001485,CUST01569,2025-12-11,Net Banking,Delivered
ORD001486,CUST01652,2026-08-17,Debit Card,Delivered
ORD001487,CUST11361,2025-07-25,UPI,Delivered
ORD001488,CUST02377,2026-05-14,Net Banking,Delivered
ORD001489,CUST11983,2024-08-05,COD,Delivered
ORD001490,CUST11205,2024-07-30,UPI,Pending
ORD001491,CUST07669,2026-07-27,Debit Card,Delivered
ORD001492,CUST07709,2025-02-24,COD,Delivered
ORD001493,CUST01397,2024-06-08,Net Banking,Delivered
ORD001494,CUST03583,2025-04-27,COD,Delivered
ORD001495,CUST02823,2024-12-06,UPI,Delivered
ORD001496,CUST10335,2024-06-28,COD,Delivered
ORD001497,CUST02530,2025-07-18,Net Banking,Delivered
ORD001498,CUST10251,2026-05-22,Credit Card,Delivered
ORD001499,CUST09770,2024-09-10,Debit Card,Delivered
ORD001500,CUST05587,2024-07-02,Debit Card,Delivered
ORD001501,CUST00431,2026-04-19,UPI,Delivered
ORD001502,CUST03586,2025-01-20,COD,Delivered
ORD001503,CUST06148,2024-08-30,COD,Delivered
ORD001504,CUST04433,2026-08-01,Net Banking,Delivered
ORD001505,CUST09311,2025-06-11,Debit Card,Delivered
ORD001506,CUST07615,2026-05-08,Debit Card,Delivered
ORD001507,CUST04126,2026-07-20,UPI,Delivered
ORD001508,CUST09090,2024-05-17,Debit Card,Delivered
ORD001509,CUST09034,2024-12-13,Net Banking,Delivered
ORD001510,CUST10460,2025-08-15,Net Banking,Pending
ORD001511,CUST06272,2026-02-04,Debit Card,Delivered
ORD001512,CUST11435,2024-05-05,UPI,Delivered
ORD001513,CUST01888,2024-12-10,Net Banking,Delivered
ORD001514,CUST08417,2024-07-25,UPI,Delivered
ORD001515,CUST03346,2025-02-05,COD,Delivered
ORD001516,CUST00408,2026-05-09,Debit Card,Delivered
ORD001517,CUST06821,2026-02-05,COD,Delivered
ORD001518,CUST02206,2024-09-14,COD,Delivered
ORD001519,CUST06551,2024-05-07,Debit Card,Cancelled
ORD001520,CUST01193,2024-10-22,COD,Delivered
ORD001521,CUST11059,2025-07-07,Debit Card,Cancelled
ORD001522,CUST02392,2024-08-10,UPI,Delivered
ORD001523,CUST01423,2025-08-29,COD,Delivered
ORD001524,CUST06656,2025-10-26,COD,Delivered
ORD001525,CUST03274,2025-10-02,Net Banking,Delivered
ORD001526,CUST10242,2025-12-22,COD,Cancelled
ORD001527,CUST02043,2025-06-11,Credit Card,Pending
ORD001528,CUST03660,2024-06-18,COD,Cancelled
ORD001529,CUST11356,2025-11-07,COD,Delivered
ORD001530,CUST05729,2024-12-26,Net Banking,Delivered
ORD001531,CUST09386,2025-07-02,Credit Card,Delivered
ORD001532,CUST02819,2025-12-11,UPI,Delivered
ORD001533,CUST09521,2024-05-13,Debit Card,Returned
ORD001534,CUST10835,2025-04-06,COD,Delivered
ORD001535,CUST04178,2025-02-09,UPI,Delivered
ORD001536,CUST01317,2025-01-04,UPI,Delivered
ORD001537,CUST06919,2026-05-12,Debit Card,Delivered
ORD001538,CUST00879,2026-01-18,Debit Card,Delivered
ORD001539,CUST09254,2025-12-14,UPI,Delivered
ORD001540,CUST06586,2024-06-22,Credit Card,Delivered
ORD001541,CUST03205,2024-10-22,Net Banking,Delivered
ORD001542,CUST00595,2024-11-05,UPI,Delivered
ORD001543,CUST10268,2024-02-15,Debit Card,Delivered
ORD001544,CUST04281,2025-02-23,Net Banking,Delivered
ORD001545,CUST00668,2025-09-22,Debit Card,Cancelled
ORD001546,CUST04645,2024-10-23,UPI,Delivered
ORD001547,CUST00217,2026-01-11,Net Banking,Delivered
ORD001548,CUST06008,2026-05-15,Debit Card,Delivered
ORD001549,CUST04704,2026-04-14,Debit Card,Returned
ORD001550,CUST09465,2026-06-12,Credit Card,Delivered
ORD001551,CUST06757,2026-03-01,Debit Card,Delivered
ORD001552,CUST10980,2024-06-19,COD,Delivered
ORD001553,CUST08158,2024-11-12,UPI,Cancelled
ORD001554,CUST09554,2024-09-29,COD,Delivered
ORD001555,CUST04481,2026-01-02,UPI,Delivered
ORD001556,CUST04193,2025-12-05,Credit Card,Delivered
ORD001557,CUST08789,2025-05-29,UPI,Pending
ORD001558,CUST03982,2024-03-18,Credit Card,Cancelled
ORD001559,CUST02799,2024-07-21,Net Banking,Delivered
ORD001560,CUST04784,2024-01-30,COD,Delivered
ORD001561,CUST04739,2024-01-21,COD,Delivered
ORD001562,CUST03579,2024-05-23,Credit Card,Delivered
ORD001563,CUST04785,2026-01-19,COD,Delivered
ORD001564,CUST05560,2026-04-09,COD,Returned
ORD001565,CUST01753,2025-07-25,Credit Card,Delivered
ORD001566,CUST00700,2025-09-18,Credit Card,Delivered
ORD001567,CUST03318,2025-01-27,Debit Card,Delivered
ORD001568,CUST00353,2026-01-28,COD,Delivered
ORD001569,CUST07166,2025-07-31,COD,Delivered
ORD001570,CUST08063,2026-07-10,Net Banking,Delivered
ORD001571,CUST10034,2024-12-27,COD,Delivered
ORD001572,CUST08669,2024-11-18,Credit Card,Delivered
ORD001573,CUST09619,2024-09-27,UPI,Delivered
ORD001574,CUST04091,2026-02-18,Debit Card,Pending
ORD001575,CUST06810,2025-06-14,Credit Card,Delivered
ORD001576,CUST11321,2026-01-14,UPI,Delivered
ORD001577,CUST06135,2025-06-09,COD,Delivered
ORD001578,CUST10662,2024-05-22,Credit Card,Delivered
ORD001579,CUST01070,2025-08-21,COD,Delivered
ORD001580,CUST00862,2024-09-23,Net Banking,Delivered
ORD001581,CUST00086,2024-03-03,Net Banking,Delivered
ORD001582,CUST06891,2026-03-21,Debit Card,Cancelled
ORD001583,CUST11652,2024-07-13,UPI,Delivered
ORD001584,CUST02642,2025-11-13,Credit Card,Delivered
ORD001585,CUST10054,2025-10-02,Debit Card,Pending
ORD001586,CUST11357,2024-05-11,COD,Delivered
ORD001587,CUST06021,2026-05-02,Credit Card,Delivered
ORD001588,CUST11974,2024-01-25,Credit Card,Delivered
ORD001589,CUST09442,2026-05-01,COD,Returned
ORD001590,CUST05266,2024-03-14,Debit Card,Delivered
ORD001591,CUST07422,2024-07-28,Debit Card,Delivered
ORD001592,CUST07690,2024-08-12,Net Banking,Cancelled
ORD001593,CUST06786,2025-07-18,Credit Card,Returned
ORD001594,CUST06107,2025-02-22,Debit Card,Delivered
ORD001595,CUST06589,2025-02-12,Credit Card,Delivered
ORD001596,CUST09078,2024-05-10,Net Banking,Delivered
ORD001597,CUST05526,2026-08-04,UPI,Delivered
ORD001598,CUST03978,2024-06-26,UPI,Returned
ORD001599,CUST03387,2025-06-08,Net Banking,Returned
ORD001600,CUST04076,2024-10-17,Credit Card,Delivered
ORD001601,CUST10331,2025-04-17,Debit Card,Delivered
ORD001602,CUST11660,2026-08-08,Debit Card,Delivered
ORD001603,CUST08255,2024-05-25,COD,Delivered
ORD001604,CUST01778,2026-08-04,Debit Card,Delivered
ORD001605,CUST04031,2024-01-30,Credit Card,Delivered
ORD001606,CUST11255,2024-02-09,Credit Card,Delivered
ORD001607,CUST10089,2025-09-13,Net Banking,Cancelled
ORD001608,CUST10973,2024-01-30,COD,Delivered
ORD001609,CUST03206,2024-07-04,Debit Card,Delivered
ORD001610,CUST00816,2024-12-09,Credit Card,Delivered
ORD001611,CUST09743,2025-08-24,Credit Card,Delivered
ORD001612,CUST11805,2026-04-12,UPI,Delivered
ORD001613,CUST06857,2024-12-18,Credit Card,Delivered
ORD001614,CUST06032,2024-03-12,COD,Delivered
ORD001615,CUST11706,2024-01-12,Debit Card,Delivered
ORD001616,CUST11864,2025-01-26,UPI,Delivered
ORD001617,CUST02210,2026-08-28,Credit Card,Delivered
ORD001618,CUST03070,2024-03-18,COD,Delivered
ORD001619,CUST08619,2024-09-30,Net Banking,Cancelled
ORD001620,CUST08216,2024-08-23,Debit Card,Delivered
ORD001621,CUST05094,2024-04-13,Net Banking,Delivered
ORD001622,CUST05222,2025-07-30,COD,Delivered
ORD001623,CUST01305,2025-12-25,Net Banking,Delivered
ORD001624,CUST11689,2025-01-28,Debit Card,Delivered
ORD001625,CUST10869,2024-02-06,COD,Delivered
ORD001626,CUST03948,2024-10-11,Credit Card,Delivered
ORD001627,CUST07934,2025-11-16,Net Banking,Delivered
ORD001628,CUST04395,2024-04-13,UPI,Delivered
ORD001629,CUST03079,2025-12-28,Net Banking,Delivered
ORD001630,CUST07099,2026-06-08,COD,Cancelled
ORD001631,CUST07707,2024-10-26,UPI,Returned
ORD001632,CUST08740,2026-07-20,COD,Cancelled
ORD001633,CUST06121,2025-06-13,COD,Delivered
ORD001634,CUST05523,2025-08-13,UPI,Cancelled
ORD001635,CUST10511,2026-07-16,COD,Delivered
ORD001636,CUST10310,2024-08-22,UPI,Delivered
ORD001637,CUST07353,2024-12-30,Credit Card,Cancelled
ORD001638,CUST02276,2025-06-15,COD,Delivered
ORD001639,CUST07237,2026-03-12,Credit Card,Cancelled
ORD001640,CUST00197,2025-08-07,Debit Card,Returned
ORD001641,CUST09730,2025-02-28,Net Banking,Returned
ORD001642,CUST09323,2025-05-17,Credit Card,Pending
ORD001643,CUST07314,2024-12-19,Net Banking,Delivered
ORD001644,CUST03232,2024-06-11,UPI,Delivered
ORD001645,CUST00369,2024-07-03,Debit Card,Delivered
ORD001646,CUST03229,2025-01-10,UPI,Delivered
ORD001647,CUST09009,2026-03-05,COD,Delivered
ORD001648,CUST01492,2026-01-15,Net Banking,Delivered
ORD001649,CUST11731,2024-09-30,UPI,Cancelled
ORD001650,CUST07028,2026-07-05,Net Banking,Delivered
ORD001651,CUST00720,2025-10-19,COD,Cancelled
ORD001652,CUST02763,2025-10-28,COD,Delivered
ORD001653,CUST11580,2026-01-04,Net Banking,Delivered
ORD001654,CUST04735,2026-07-12,Debit Card,Delivered
ORD001655,CUST08988,2024-04-06,Net Banking,Pending
ORD001656,CUST10582,2025-05-19,Net Banking,Delivered
ORD001657,CUST02203,2024-05-22,UPI,Delivered
ORD001658,CUST03208,2025-03-04,Net Banking,Cancelled
ORD001659,CUST02504,2025-07-12,Debit Card,Delivered
ORD001660,CUST05783,2025-01-09,Debit Card,Returned
ORD001661,CUST06176,2026-03-14,Net Banking,Delivered
ORD001662,CUST05135,2025-06-14,Credit Card,Delivered
ORD001663,CUST01883,2026-05-16,Net Banking,Delivered
ORD001664,CUST10368,2026-01-05,UPI,Delivered
ORD001665,CUST09595,2024-02-14,Credit Card,Delivered
ORD001666,CUST01988,2024-04-12,COD,Delivered
ORD001667,CUST08288,2024-09-08,COD,Cancelled
ORD001668,CUST00815,2025-07-22,Credit Card,Delivered
ORD001669,CUST02661,2026-04-23,Net Banking,Delivered
ORD001670,CUST09334,2025-09-22,COD,Delivered
ORD001671,CUST02570,2024-06-05,UPI,Delivered
ORD001672,CUST11381,2025-04-26,COD,Delivered
ORD001673,CUST11612,2024-01-16,UPI,Delivered
ORD001674,CUST07348,2024-05-29,Credit Card,Delivered
ORD001675,CUST05344,2024-11-23,UPI,Returned
ORD001676,CUST10488,2024-11-06,Debit Card,Returned
ORD001677,CUST07422,2026-06-26,Debit Card,Delivered
ORD001678,CUST04019,2025-04-26,Debit Card,Returned
ORD001679,CUST00975,2025-10-17,Debit Card,Delivered
ORD001680,CUST01862,2026-04-02,Credit Card,Delivered
ORD001681,CUST00649,2026-03-25,UPI,Delivered
ORD001682,CUST08934,2025-05-22,Net Banking,Delivered
ORD001683,CUST01577,2024-03-13,Debit Card,Delivered
ORD001684,CUST02600,2026-03-05,Debit Card,Delivered
ORD001685,CUST04880,2025-09-14,COD,Delivered
ORD001686,CUST01788,2024-04-08,Debit Card,Pending
ORD001687,CUST11289,2025-01-29,Net Banking,Cancelled
ORD001688,CUST00138,2024-07-29,Net Banking,Delivered
ORD001689,CUST02057,2026-05-12,COD,Delivered
ORD001690,CUST01832,2025-10-16,Credit Card,Returned
ORD001691,CUST08761,2025-03-12,Credit Card,Delivered
ORD001692,CUST04727,2025-09-24,UPI,Delivered
ORD001693,CUST05895,2026-05-08,Net Banking,Cancelled
ORD001694,CUST04267,2025-06-28,Net Banking,Delivered
ORD001695,CUST09076,2024-07-17,Debit Card,Delivered
ORD001696,CUST04608,2025-12-27,Debit Card,Delivered
ORD001697,CUST10112,2024-12-21,Debit Card,Delivered
ORD001698,CUST07679,2024-01-22,UPI,Delivered
ORD001699,CUST04471,2026-04-12,Net Banking,Delivered
ORD001700,CUST01896,2025-07-23,Debit Card,Delivered
ORD001701,CUST08396,2026-03-05,Debit Card,Delivered
ORD001702,CUST04153,2026-06-02,Net Banking,Delivered
ORD001703,CUST00657,2025-04-03,Debit Card,Delivered
ORD001704,CUST09241,2025-10-13,COD,Returned
ORD001705,CUST03463,2025-03-19,COD,Delivered
ORD001706,CUST03127,2025-04-13,Credit Card,Delivered
ORD001707,CUST03025,2024-11-23,Net Banking,Pending
ORD001708,CUST11808,2025-04-05,COD,Delivered
ORD001709,CUST03744,2024-08-16,Net Banking,Delivered
ORD001710,CUST11162,2025-06-28,UPI,Delivered
ORD001711,CUST00072,2025-09-17,Net Banking,Delivered
ORD001712,CUST05654,2024-07-12,Credit Card,Returned
ORD001713,CUST00750,2025-01-27,Credit Card,Pending
ORD001714,CUST00953,2025-04-05,UPI,Delivered
ORD001715,CUST06280,2024-10-08,Net Banking,Delivered
ORD001716,CUST04613,2025-11-15,Net Banking,Delivered
ORD001717,CUST04123,2025-07-20,COD,Cancelled
ORD001718,CUST04180,2025-01-01,COD,Returned
ORD001719,CUST06027,2024-06-28,Credit Card,Delivered
ORD001720,CUST10788,2025-01-27,Net Banking,Pending
ORD001721,CUST05172,2024-09-09,Debit Card,Delivered
ORD001722,CUST00074,2024-09-05,COD,Delivered
ORD001723,CUST11719,2024-05-14,Net Banking,Delivered
ORD001724,CUST11512,2024-11-08,UPI,Delivered
ORD001725,CUST02060,2024-07-03,COD,Delivered
ORD001726,CUST11831,2024-04-28,Credit Card,Delivered
ORD001727,CUST09552,2026-07-21,Credit Card,Delivered
ORD001728,CUST01278,2024-11-24,Credit Card,Delivered
ORD001729,CUST10911,2026-04-25,Credit Card,Delivered
ORD001730,CUST04699,2026-07-14,Net Banking,Pending
ORD001731,CUST09194,2025-07-16,Net Banking,Delivered
ORD001732,CUST01128,2024-10-29,COD,Delivered
ORD001733,CUST00603,2026-05-29,Debit Card,Delivered
ORD001734,CUST06459,2024-03-24,Credit Card,Returned
ORD001735,CUST10088,2025-03-13,Debit Card,Delivered
ORD001736,CUST01525,2025-10-24,Credit Card,Returned
ORD001737,CUST05292,2025-04-07,COD,Delivered
ORD001738,CUST09899,2025-11-28,UPI,Returned
ORD001739,CUST01167,2024-11-07,Credit Card,Delivered
ORD001740,CUST01933,2025-06-26,UPI,Delivered
ORD001741,CUST09953,2024-11-19,Credit Card,Delivered
ORD001742,CUST04293,2024-07-08,Debit Card,Delivered
ORD001743,CUST08857,2025-09-18,Credit Card,Delivered
ORD001744,CUST11929,2025-07-25,Debit Card,Delivered
ORD001745,CUST06334,2025-02-24,UPI,Delivered
ORD001746,CUST00963,2026-03-12,Net Banking,Delivered
ORD001747,CUST09245,2024-09-13,UPI,Returned
ORD001748,CUST09181,2024-10-23,Net Banking,Delivered
ORD001749,CUST06699,2026-01-04,COD,Delivered
ORD001750,CUST00088,2025-09-07,COD,Delivered
ORD001751,CUST04952,2025-03-03,COD,Delivered
ORD001752,CUST08665,2026-03-13,COD,Delivered
ORD001753,CUST02469,2024-06-03,Credit Card,Returned
ORD001754,CUST06213,2025-10-22,UPI,Delivered
ORD001755,CUST04875,2024-07-18,Debit Card,Delivered
ORD001756,CUST03496,2024-12-03,Credit Card,Pending
ORD001757,CUST08043,2024-10-05,Credit Card,Delivered
ORD001758,CUST00247,2025-07-06,COD,Cancelled
ORD001759,CUST02879,2024-09-11,Credit Card,Returned
ORD001760,CUST10262,2025-04-21,Debit Card,Delivered
ORD001761,CUST06132,2025-04-08,UPI,Delivered
ORD001762,CUST04495,2025-03-09,COD,Pending
ORD001763,CUST03977,2025-05-19,COD,Delivered
ORD001764,CUST09714,2024-07-20,Debit Card,Delivered
ORD001765,CUST00326,2025-04-09,Credit Card,Delivered
ORD001766,CUST08794,2025-06-17,Debit Card,Delivered
ORD001767,CUST00811,2024-02-09,Net Banking,Cancelled
ORD001768,CUST08596,2024-05-09,UPI,Delivered
ORD001769,CUST06781,2026-03-20,UPI,Cancelled
ORD001770,CUST05987,2025-02-17,Debit Card,Delivered
ORD001771,CUST05547,2024-06-20,UPI,Delivered
ORD001772,CUST06846,2024-08-18,UPI,Delivered
ORD001773,CUST04690,2024-08-24,Credit Card,Delivered
ORD001774,CUST02275,2025-08-17,COD,Delivered
ORD001775,CUST02228,2024-01-10,COD,Pending
ORD001776,CUST03018,2024-03-24,COD,Delivered
ORD001777,CUST08090,2025-03-22,Debit Card,Delivered
ORD001778,CUST07134,2026-07-08,Debit Card,Delivered
ORD001779,CUST01439,2026-06-20,COD,Delivered
ORD001780,CUST11076,2025-01-13,Net Banking,Delivered
ORD001781,CUST03385,2024-02-14,Net Banking,Returned
ORD001782,CUST00664,2025-09-28,Credit Card,Cancelled
ORD001783,CUST10177,2025-10-19,Debit Card,Returned
ORD001784,CUST08346,2025-10-17,COD,Returned
ORD001785,CUST00733,2025-05-16,Net Banking,Delivered
ORD001786,CUST00806,2026-05-20,COD,Delivered
ORD001787,CUST11300,2025-09-07,UPI,Delivered
ORD001788,CUST04218,2024-02-09,Net Banking,Delivered
ORD001789,CUST08374,2025-02-03,COD,Delivered
ORD001790,CUST08073,2025-09-07,Debit Card,Delivered
ORD001791,CUST03680,2026-04-26,Debit Card,Delivered
ORD001792,CUST04069,2026-06-14,UPI,Delivered
ORD001793,CUST11368,2024-12-25,UPI,Delivered
ORD001794,CUST11346,2025-12-10,Credit Card,Delivered
ORD001795,CUST01704,2024-08-27,COD,Delivered
ORD001796,CUST08530,2025-01-31,Net Banking,Delivered
ORD001797,CUST06247,2026-08-21,Net Banking,Delivered
ORD001798,CUST11528,2025-04-24,Net Banking,Pending
ORD001799,CUST05302,2025-07-15,Credit Card,Delivered
ORD001800,CUST06771,2024-06-05,COD,Returned
ORD001801,CUST07019,2026-08-11,UPI,Delivered
ORD001802,CUST03299,2025-10-08,Credit Card,Delivered
ORD001803,CUST00728,2024-08-12,UPI,Delivered
ORD001804,CUST11764,2026-02-11,Credit Card,Delivered
ORD001805,CUST11213,2026-01-31,Credit Card,Delivered
ORD001806,CUST04959,2024-06-16,Net Banking,Delivered
ORD001807,CUST02938,2025-05-30,Credit Card,Delivered
ORD001808,CUST04024,2025-06-02,Net Banking,Delivered
ORD001809,CUST02014,2025-07-02,Net Banking,Delivered
ORD001810,CUST01834,2025-09-16,Net Banking,Delivered
ORD001811,CUST09692,2025-08-09,Debit Card,Delivered
ORD001812,CUST11594,2024-07-05,Net Banking,Delivered
ORD001813,CUST09100,2025-07-15,COD,Delivered
ORD001814,CUST05668,2026-04-16,COD,Delivered
ORD001815,CUST10420,2024-06-05,Credit Card,Delivered
ORD001816,CUST06008,2025-03-14,UPI,Delivered
ORD001817,CUST10237,2026-06-05,COD,Delivered
ORD001818,CUST10886,2025-08-23,UPI,Delivered
ORD001819,CUST02011,2024-07-13,Net Banking,Pending
ORD001820,CUST02250,2025-04-24,UPI,Delivered
ORD001821,CUST08856,2024-01-30,Net Banking,Delivered
ORD001822,CUST08520,2025-02-07,Debit Card,Delivered
ORD001823,CUST09041,2024-03-07,Credit Card,Returned
ORD001824,CUST08457,2025-07-26,UPI,Delivered
ORD001825,CUST01467,2024-10-26,UPI,Cancelled
ORD001826,CUST08446,2025-07-21,UPI,Delivered
ORD001827,CUST09286,2024-03-19,Credit Card,Delivered
ORD001828,CUST05655,2026-08-13,Debit Card,Delivered
ORD001829,CUST11606,2024-06-17,Credit Card,Delivered
ORD001830,CUST01237,2026-04-25,COD,Delivered
ORD001831,CUST10001,2026-03-18,Credit Card,Delivered
ORD001832,CUST00610,2026-03-28,COD,Delivered
ORD001833,CUST10202,2024-05-17,UPI,Delivered
ORD001834,CUST02034,2026-02-23,Debit Card,Delivered
ORD001835,CUST03195,2024-01-15,Net Banking,Delivered
ORD001836,CUST06681,2025-08-27,Debit Card,Delivered
ORD001837,CUST08742,2025-11-23,COD,Delivered
ORD001838,CUST01219,2025-04-26,Debit Card,Delivered
ORD001839,CUST10510,2026-08-26,UPI,Delivered
ORD001840,CUST09706,2024-02-20,Credit Card,Delivered
ORD001841,CUST04295,2025-12-21,COD,Delivered
ORD001842,CUST02190,2024-04-30,COD,Delivered
ORD001843,CUST09457,2024-03-06,COD,Delivered
ORD001844,CUST05329,2024-01-26,UPI,Returned
ORD001845,CUST11390,2026-03-16,Debit Card,Delivered
ORD001846,CUST09482,2026-06-11,COD,Delivered
ORD001847,CUST00355,2026-05-09,Net Banking,Delivered
ORD001848,CUST02865,2024-10-12,COD,Delivered
ORD001849,CUST08155,2026-01-16,Debit Card,Delivered
ORD001850,CUST02224,2024-02-24,Debit Card,Delivered
ORD001851,CUST03119,2025-10-10,Net Banking,Delivered
ORD001852,CUST02841,2026-02-22,Credit Card,Returned
ORD001853,CUST03719,2024-01-24,COD,Returned
ORD001854,CUST10061,2024-08-01,Debit Card,Delivered
ORD001855,CUST08359,2026-02-26,Net Banking,Delivered
ORD001856,CUST03627,2024-03-02,Net Banking,Delivered
ORD001857,CUST06702,2024-02-21,UPI,Delivered
ORD001858,CUST05419,2025-09-29,Debit Card,Delivered
ORD001859,CUST01127,2024-11-29,Debit Card,Cancelled
ORD001860,CUST00086,2024-02-21,Debit Card,Delivered
ORD001861,CUST03778,2024-10-25,UPI,Pending
ORD001862,CUST11990,2025-08-30,Net Banking,Delivered
ORD001863,CUST03573,2025-10-11,Net Banking,Delivered
ORD001864,CUST02715,2024-11-17,Credit Card,Delivered
ORD001865,CUST05970,2024-11-22,Net Banking,Delivered
ORD001866,CUST02051,2026-08-18,Debit Card,Delivered
ORD001867,CUST02872,2025-09-04,UPI,Delivered
ORD001868,CUST02927,2024-01-15,Credit Card,Delivered
ORD001869,CUST01048,2024-11-26,Net Banking,Delivered
ORD001870,CUST05594,2025-08-18,UPI,Delivered
ORD001871,CUST07828,2024-11-01,COD,Delivered
ORD001872,CUST10036,2024-02-10,Net Banking,Delivered
ORD001873,CUST11206,2024-02-29,UPI,Delivered
ORD001874,CUST09434,2024-10-15,Debit Card,Returned
ORD001875,CUST02731,2026-03-30,COD,Delivered
ORD001876,CUST11102,2025-11-08,Credit Card,Delivered
ORD001877,CUST08782,2025-04-12,Credit Card,Delivered
ORD001878,CUST05877,2025-01-12,Debit Card,Delivered
ORD001879,CUST03174,2024-07-10,UPI,Cancelled
ORD001880,CUST00030,2025-01-28,COD,Delivered
ORD001881,CUST03855,2024-12-17,Net Banking,Returned
ORD001882,CUST06611,2025-09-03,Debit Card,Delivered
ORD001883,CUST06347,2026-08-03,Debit Card,Delivered
ORD001884,CUST00724,2026-08-16,Debit Card,Delivered
ORD001885,CUST02091,2024-11-10,Debit Card,Returned
ORD001886,CUST01576,2024-05-19,Net Banking,Cancelled
ORD001887,CUST02491,2025-07-23,Debit Card,Delivered
ORD001888,CUST02199,2024-08-04,Credit Card,Delivered
ORD001889,CUST07212,2024-01-09,Credit Card,Delivered
ORD001890,CUST05713,2026-08-02,Debit Card,Returned
ORD001891,CUST05377,2025-03-20,UPI,Cancelled
ORD001892,CUST03562,2024-03-21,Credit Card,Delivered
ORD001893,CUST04046,2025-12-18,COD,Delivered
ORD001894,CUST01127,2025-04-16,UPI,Delivered
ORD001895,CUST03965,2025-09-08,Debit Card,Delivered
ORD001896,CUST09769,2026-02-01,Net Banking,Delivered
ORD001897,CUST11472,2025-07-16,UPI,Delivered
ORD001898,CUST09610,2025-03-04,COD,Delivered
ORD001899,CUST04204,2024-03-07,UPI,Delivered
ORD001900,CUST06473,2025-01-04,Credit Card,Cancelled
ORD001901,CUST03406,2024-12-26,Credit Card,Cancelled
ORD001902,CUST09724,2024-03-20,Net Banking,Delivered
ORD001903,CUST07737,2025-06-13,UPI,Delivered
ORD001904,CUST04729,2026-01-12,Net Banking,Delivered
ORD001905,CUST01834,2026-08-14,UPI,Delivered
ORD001906,CUST04693,2024-06-26,Debit Card,Delivered
ORD001907,CUST04522,2025-10-15,UPI,Delivered
ORD001908,CUST11842,2025-10-11,UPI,Delivered
ORD001909,CUST11846,2026-08-27,Debit Card,Delivered
ORD001910,CUST00755,2025-01-24,COD,Delivered
ORD001911,CUST06660,2026-02-09,Credit Card,Delivered
ORD001912,CUST03802,2025-09-16,UPI,Returned
ORD001913,CUST11643,2025-08-20,Net Banking,Delivered
ORD001914,CUST02532,2025-01-20,Debit Card,Delivered
ORD001915,CUST01266,2026-01-12,COD,Pending
ORD001916,CUST07845,2026-04-23,Credit Card,Returned
ORD001917,CUST08468,2026-06-07,Credit Card,Delivered
ORD001918,CUST08032,2026-06-15,Net Banking,Cancelled
ORD001919,CUST02042,2026-08-05,COD,Pending
ORD001920,CUST08370,2024-04-10,Net Banking,Cancelled
ORD001921,CUST08863,2024-05-20,Credit Card,Delivered
ORD001922,CUST00812,2025-06-27,UPI,Delivered
ORD001923,CUST11240,2026-07-09,Debit Card,Delivered
ORD001924,CUST09759,2025-05-13,Debit Card,Delivered
ORD001925,CUST11228,2025-02-25,Net Banking,Delivered
ORD001926,CUST08523,2025-01-23,UPI,Returned
ORD001927,CUST03556,2026-05-18,Credit Card,Delivered
ORD001928,CUST06697,2026-07-02,Debit Card,Cancelled
ORD001929,CUST11780,2024-05-17,Debit Card,Delivered
ORD001930,CUST10098,2024-06-29,Net Banking,Delivered
ORD001931,CUST07438,2025-12-23,COD,Delivered
ORD001932,CUST00174,2025-02-21,Debit Card,Delivered
ORD001933,CUST10038,2025-06-25,Net Banking,Delivered
ORD001934,CUST06621,2026-07-16,Credit Card,Delivered
ORD001935,CUST08284,2025-10-12,Debit Card,Delivered
ORD001936,CUST02558,2025-08-20,Net Banking,Delivered
ORD001937,CUST07040,2024-06-06,COD,Delivered
ORD001938,CUST02649,2025-05-27,UPI,Delivered
ORD001939,CUST00599,2024-01-06,Debit Card,Delivered
ORD001940,CUST05665,2025-08-12,Net Banking,Delivered
ORD001941,CUST02185,2025-11-26,UPI,Cancelled
ORD001942,CUST02726,2024-07-13,COD,Delivered
ORD001943,CUST04185,2024-02-27,Debit Card,Delivered
ORD001944,CUST05714,2024-07-25,Net Banking,Delivered
ORD001945,CUST09259,2025-08-29,UPI,Pending
ORD001946,CUST05767,2024-09-12,Credit Card,Delivered
ORD001947,CUST08536,2025-05-24,Credit Card,Delivered
ORD001948,CUST10536,2026-06-10,Net Banking,Delivered
ORD001949,CUST02679,2024-05-26,UPI,Delivered
ORD001950,CUST01342,2026-08-14,Credit Card,Delivered
ORD001951,CUST08227,2026-04-09,Debit Card,Delivered
ORD001952,CUST11787,2026-04-18,Net Banking,Delivered
ORD001953,CUST04431,2024-08-06,COD,Delivered
ORD001954,CUST04175,2026-07-19,Debit Card,Delivered
ORD001955,CUST07301,2024-06-19,Net Banking,Delivered
ORD001956,CUST06516,2025-05-31,Credit Card,Delivered
ORD001957,CUST05288,2024-05-07,COD,Delivered
ORD001958,CUST05934,2024-02-15,Debit Card,Delivered
ORD001959,CUST05653,2026-03-13,UPI,Delivered
ORD001960,CUST04589,2024-12-21,COD,Delivered
ORD001961,CUST06793,2024-04-10,Credit Card,Delivered
ORD001962,CUST05447,2025-09-27,COD,Pending
ORD001963,CUST04251,2025-12-27,Credit Card,Delivered
ORD001964,CUST02114,2026-07-20,Net Banking,Delivered
ORD001965,CUST01768,2026-02-10,Debit Card,Delivered
ORD001966,CUST09581,2025-03-20,Net Banking,Delivered
ORD001967,CUST00200,2024-09-14,COD,Delivered
ORD001968,CUST08704,2024-04-10,Net Banking,Delivered
ORD001969,CUST06642,2024-06-11,Debit Card,Delivered
ORD001970,CUST02733,2025-07-11,COD,Delivered
ORD001971,CUST10935,2024-01-04,Net Banking,Delivered
ORD001972,CUST01064,2026-02-01,Net Banking,Delivered
ORD001973,CUST06416,2025-01-18,Net Banking,Returned
ORD001974,CUST10964,2025-03-19,UPI,Returned
ORD001975,CUST06304,2025-07-13,COD,Delivered
ORD001976,CUST06179,2025-01-10,Debit Card,Returned
ORD001977,CUST11072,2025-05-30,COD,Pending
ORD001978,CUST06080,2025-12-10,COD,Delivered
ORD001979,CUST11663,2025-07-16,Net Banking,Returned
ORD001980,CUST10666,2024-01-17,Credit Card,Delivered
ORD001981,CUST10361,2024-09-16,Net Banking,Delivered
ORD001982,CUST10656,2024-12-07,Credit Card,Delivered
ORD001983,CUST04382,2025-11-27,UPI,Delivered
ORD001984,CUST07576,2026-08-29,UPI,Delivered
ORD001985,CUST03010,2025-10-08,Credit Card,Delivered
ORD001986,CUST08597,2026-08-01,Net Banking,Delivered
ORD001987,CUST04584,2026-05-09,Net Banking,Delivered
ORD001988,CUST09316,2024-08-25,COD,Delivered
ORD001989,CUST02793,2026-04-24,COD,Returned
ORD001990,CUST09218,2025-05-05,UPI,Delivered
ORD001991,CUST01533,2024-06-09,COD,Delivered
ORD001992,CUST00528,2025-05-02,COD,Delivered
ORD001993,CUST10973,2026-04-24,COD,Delivered
ORD001994,CUST11527,2024-07-14,UPI,Cancelled
ORD001995,CUST06839,2024-05-07,COD,Returned
ORD001996,CUST02447,2025-03-15,Credit Card,Delivered
ORD001997,CUST07191,2024-10-07,Debit Card,Delivered
ORD001998,CUST08439,2024-03-24,Debit Card,Delivered
ORD001999,CUST10181,2024-12-23,COD,Delivered
ORD002000,CUST00628,2024-06-11,COD,Delivered
ORD002001,CUST02117,2024-11-24,COD,Delivered
ORD002002,CUST06042,2025-08-28,Credit Card,Delivered
ORD002003,CUST06708,2025-02-26,UPI,Delivered
ORD002004,CUST08800,2024-01-23,Debit Card,Delivered
ORD002005,CUST06429,2025-01-29,Net Banking,Delivered
ORD002006,CUST02194,2024-03-19,COD,Delivered
ORD002007,CUST10626,2026-01-20,Net Banking,Delivered
ORD002008,CUST05403,2024-04-26,Credit Card,Delivered
ORD002009,CUST00298,2026-02-28,UPI,Delivered
ORD002010,CUST05827,2024-12-02,Net Banking,Delivered
ORD002011,CUST11765,2026-07-31,COD,Delivered
ORD002012,CUST03294,2024-09-24,COD,Delivered
ORD002013,CUST09737,2024-08-30,Credit Card,Delivered
ORD002014,CUST05158,2025-02-22,COD,Delivered
ORD002015,CUST09675,2024-10-16,Net Banking,Delivered
ORD002016,CUST05190,2024-05-08,UPI,Delivered
ORD002017,CUST08974,2024-09-05,COD,Returned
ORD002018,CUST02050,2024-06-08,COD,Delivered
ORD002019,CUST03685,2026-06-18,Net Banking,Delivered
ORD002020,CUST11400,2025-02-11,UPI,Delivered
ORD002021,CUST06986,2025-03-30,Net Banking,Delivered
ORD002022,CUST03285,2025-05-23,Credit Card,Delivered
ORD002023,CUST00083,2024-11-27,COD,Delivered
ORD002024,CUST04451,2026-07-06,Debit Card,Delivered
ORD002025,CUST10002,2024-08-28,Credit Card,Delivered
ORD002026,CUST08333,2026-07-19,Debit Card,Delivered
ORD002027,CUST11190,2025-04-13,Net Banking,Delivered
ORD002028,CUST11916,2025-02-16,Debit Card,Returned
ORD002029,CUST01832,2024-04-22,UPI,Delivered
ORD002030,CUST06744,2026-07-01,COD,Delivered
ORD002031,CUST06098,2024-06-04,UPI,Delivered
ORD002032,CUST10150,2024-10-29,UPI,Returned
ORD002033,CUST05516,2025-02-28,Net Banking,Delivered
ORD002034,CUST04931,2024-01-17,UPI,Delivered
ORD002035,CUST06937,2025-05-30,Debit Card,Delivered
ORD002036,CUST00931,2025-05-18,Credit Card,Pending
ORD002037,CUST05008,2024-02-10,Credit Card,Delivered
ORD002038,CUST02289,2025-10-07,Credit Card,Delivered
ORD002039,CUST02672,2026-07-28,Debit Card,Delivered
ORD002040,CUST05421,2024-05-31,COD,Delivered
ORD002041,CUST09209,2024-02-23,Debit Card,Pending
ORD002042,CUST09368,2025-12-12,Credit Card,Delivered
ORD002043,CUST01021,2026-05-22,COD,Delivered
ORD002044,CUST09178,2024-12-12,Net Banking,Delivered
ORD002045,CUST02954,2025-09-30,Debit Card,Delivered
ORD002046,CUST04883,2026-03-09,UPI,Delivered
ORD002047,CUST10454,2024-09-21,UPI,Delivered
ORD002048,CUST06936,2025-12-22,UPI,Returned
ORD002049,CUST05309,2026-03-31,Debit Card,Delivered
ORD002050,CUST06277,2025-09-27,Net Banking,Delivered
ORD002051,CUST04197,2024-01-02,COD,Returned
ORD002052,CUST08098,2024-08-01,Debit Card,Delivered
ORD002053,CUST05478,2025-02-07,Debit Card,Delivered
ORD002054,CUST06108,2026-06-06,Debit Card,Delivered
ORD002055,CUST09740,2026-05-23,COD,Delivered
ORD002056,CUST05485,2026-02-10,Net Banking,Delivered
ORD002057,CUST03181,2024-08-17,Debit Card,Cancelled
ORD002058,CUST00187,2025-11-14,Credit Card,Delivered
ORD002059,CUST03477,2026-04-09,COD,Pending
ORD002060,CUST05472,2024-09-25,Net Banking,Cancelled
ORD002061,CUST03033,2024-04-22,Credit Card,Delivered
ORD002062,CUST11123,2024-05-27,Debit Card,Delivered
ORD002063,CUST00047,2026-08-05,Credit Card,Delivered
ORD002064,CUST02869,2024-05-13,UPI,Delivered
ORD002065,CUST03913,2025-10-16,Net Banking,Delivered
ORD002066,CUST03038,2024-07-18,Net Banking,Cancelled
ORD002067,CUST03306,2025-07-29,UPI,Delivered
ORD002068,CUST01614,2025-05-24,Credit Card,Delivered
ORD002069,CUST06361,2025-08-28,Net Banking,Delivered
ORD002070,CUST06318,2026-07-20,Debit Card,Delivered
ORD002071,CUST10681,2024-06-12,UPI,Delivered
ORD002072,CUST10346,2024-05-10,Net Banking,Delivered
ORD002073,CUST09893,2024-12-12,Net Banking,Delivered
ORD002074,CUST08146,2024-08-09,COD,Delivered
ORD002075,CUST09629,2024-05-02,Credit Card,Delivered
ORD002076,CUST00113,2025-04-08,UPI,Delivered
ORD002077,CUST04242,2024-02-09,Net Banking,Delivered
ORD002078,CUST02692,2025-02-25,UPI,Pending
ORD002079,CUST03585,2024-02-14,Debit Card,Returned
ORD002080,CUST10776,2024-07-08,COD,Delivered
ORD002081,CUST02346,2025-12-25,Credit Card,Delivered
ORD002082,CUST10351,2024-07-28,Credit Card,Delivered
ORD002083,CUST00056,2025-09-08,Debit Card,Delivered
ORD002084,CUST00581,2026-06-06,Net Banking,Delivered
ORD002085,CUST03546,2025-08-29,COD,Delivered
ORD002086,CUST07562,2025-07-31,Credit Card,Delivered
ORD002087,CUST10129,2024-01-24,UPI,Delivered
ORD002088,CUST07738,2026-02-12,Debit Card,Delivered
ORD002089,CUST01668,2025-01-16,Credit Card,Delivered
ORD002090,CUST08411,2025-05-08,Net Banking,Delivered
ORD002091,CUST09084,2024-12-02,COD,Delivered
ORD002092,CUST04427,2026-05-07,Credit Card,Delivered
ORD002093,CUST05259,2025-05-14,Net Banking,Delivered
ORD002094,CUST11779,2025-04-29,Net Banking,Delivered
ORD002095,CUST06648,2025-10-03,Debit Card,Delivered
ORD002096,CUST07939,2025-06-21,Net Banking,Delivered
ORD002097,CUST10521,2024-02-13,Debit Card,Delivered
ORD002098,CUST00844,2025-05-27,UPI,Delivered
ORD002099,CUST10161,2025-10-03,Debit Card,Delivered
ORD002100,CUST03512,2024-08-12,Credit Card,Delivered
ORD002101,CUST06709,2026-02-17,Debit Card,Delivered
ORD002102,CUST03838,2025-02-17,COD,Delivered
ORD002103,CUST01120,2025-06-29,UPI,Delivered
ORD002104,CUST09994,2026-04-08,Debit Card,Returned
ORD002105,CUST09328,2024-12-12,UPI,Delivered
ORD002106,CUST06035,2024-04-16,Debit Card,Delivered
ORD002107,CUST03766,2026-07-18,Net Banking,Cancelled
ORD002108,CUST07915,2024-07-17,Net Banking,Delivered
ORD002109,CUST06398,2024-12-24,Credit Card,Delivered
ORD002110,CUST10072,2026-01-12,Net Banking,Delivered
ORD002111,CUST06432,2024-09-14,COD,Cancelled
ORD002112,CUST07959,2024-03-04,Net Banking,Delivered
ORD002113,CUST01939,2025-08-28,COD,Delivered
ORD002114,CUST03056,2026-01-21,Debit Card,Delivered
ORD002115,CUST08387,2025-01-21,Debit Card,Returned
ORD002116,CUST03097,2025-01-17,COD,Delivered
ORD002117,CUST01030,2025-03-25,Credit Card,Delivered
ORD002118,CUST01505,2024-06-06,Net Banking,Delivered
ORD002119,CUST00865,2024-04-10,COD,Delivered
ORD002120,CUST02191,2025-04-21,Net Banking,Pending
ORD002121,CUST09876,2025-11-05,UPI,Delivered
ORD002122,CUST10411,2025-09-25,Credit Card,Delivered
ORD002123,CUST00490,2024-08-17,Debit Card,Delivered
ORD002124,CUST07128,2025-10-23,COD,Delivered
ORD002125,CUST05315,2024-09-07,UPI,Delivered
ORD002126,CUST10500,2024-08-16,COD,Delivered
ORD002127,CUST05356,2025-08-16,COD,Returned
ORD002128,CUST02043,2026-04-09,COD,Returned
ORD002129,CUST09734,2025-05-02,COD,Delivered
ORD002130,CUST05881,2025-09-12,Debit Card,Delivered
ORD002131,CUST04883,2025-07-19,Debit Card,Delivered
ORD002132,CUST08314,2025-04-26,Debit Card,Cancelled
ORD002133,CUST05936,2025-11-30,Credit Card,Delivered
ORD002134,CUST03289,2025-05-07,Debit Card,Delivered
ORD002135,CUST07114,2024-04-22,Net Banking,Cancelled
ORD002136,CUST08230,2025-07-03,Debit Card,Delivered
ORD002137,CUST10117,2024-10-12,COD,Delivered
ORD002138,CUST01962,2025-01-20,COD,Returned
ORD002139,CUST05106,2024-01-20,Net Banking,Delivered
ORD002140,CUST03837,2026-07-28,UPI,Delivered
ORD002141,CUST04835,2025-04-08,COD,Delivered
ORD002142,CUST01027,2025-08-02,COD,Cancelled
ORD002143,CUST05929,2026-05-29,Debit Card,Cancelled
ORD002144,CUST08864,2025-12-17,Debit Card,Delivered
ORD002145,CUST11556,2024-07-24,COD,Delivered
ORD002146,CUST04126,2025-06-04,Net Banking,Delivered
ORD002147,CUST00628,2026-01-17,COD,Delivered
ORD002148,CUST05287,2025-02-01,Debit Card,Delivered
ORD002149,CUST10458,2026-02-17,Debit Card,Delivered
ORD002150,CUST03161,2025-05-20,Debit Card,Delivered
ORD002151,CUST03768,2024-09-22,Net Banking,Delivered
ORD002152,CUST05842,2024-07-17,COD,Pending
ORD002153,CUST09078,2024-11-08,Debit Card,Returned
ORD002154,CUST06426,2024-01-06,UPI,Delivered
ORD002155,CUST00975,2026-07-01,Debit Card,Delivered
ORD002156,CUST08581,2024-09-25,Credit Card,Cancelled
ORD002157,CUST05025,2025-07-24,UPI,Returned
ORD002158,CUST10377,2026-03-25,Debit Card,Delivered
ORD002159,CUST05453,2026-01-31,Credit Card,Cancelled
ORD002160,CUST04715,2025-01-14,Net Banking,Cancelled
ORD002161,CUST08604,2024-04-29,Credit Card,Delivered
ORD002162,CUST08599,2026-02-10,COD,Delivered
ORD002163,CUST08189,2025-06-21,COD,Delivered
ORD002164,CUST02025,2025-06-27,Net Banking,Delivered
ORD002165,CUST09341,2026-08-09,Net Banking,Delivered
ORD002166,CUST11461,2025-03-26,Net Banking,Returned
ORD002167,CUST02670,2025-01-29,Credit Card,Delivered
ORD002168,CUST03579,2026-06-04,Credit Card,Delivered
ORD002169,CUST05950,2025-03-17,Net Banking,Delivered
ORD002170,CUST03120,2026-03-30,Credit Card,Delivered
ORD002171,CUST09538,2024-06-05,COD,Delivered
ORD002172,CUST03262,2024-05-09,Debit Card,Delivered
ORD002173,CUST07791,2024-08-22,UPI,Delivered
ORD002174,CUST09950,2025-03-27,Net Banking,Delivered
ORD002175,CUST06213,2024-02-18,COD,Delivered
ORD002176,CUST10936,2025-01-03,Credit Card,Delivered
ORD002177,CUST07498,2025-02-08,UPI,Delivered
ORD002178,CUST06639,2025-06-12,Net Banking,Cancelled
ORD002179,CUST09892,2024-04-18,Credit Card,Delivered
ORD002180,CUST01543,2025-12-17,Credit Card,Returned
ORD002181,CUST09089,2024-04-05,UPI,Returned
ORD002182,CUST07738,2025-05-13,Credit Card,Returned
ORD002183,CUST07670,2026-06-17,UPI,Delivered
ORD002184,CUST03348,2025-07-07,COD,Delivered
ORD002185,CUST08610,2025-11-18,Net Banking,Delivered
ORD002186,CUST05540,2024-04-25,Credit Card,Returned
ORD002187,CUST06042,2024-12-16,Debit Card,Delivered
ORD002188,CUST10967,2025-11-01,UPI,Delivered
ORD002189,CUST01185,2025-09-29,COD,Pending
ORD002190,CUST02049,2025-01-19,Debit Card,Delivered
ORD002191,CUST05187,2024-12-13,Net Banking,Cancelled
ORD002192,CUST11826,2025-08-21,COD,Delivered
ORD002193,CUST07715,2025-09-19,UPI,Delivered
ORD002194,CUST08355,2025-05-17,COD,Cancelled
ORD002195,CUST00315,2025-08-03,COD,Delivered
ORD002196,CUST03681,2025-05-27,COD,Pending
ORD002197,CUST08717,2026-04-27,Net Banking,Delivered
ORD002198,CUST07446,2024-07-21,Debit Card,Cancelled
ORD002199,CUST10629,2024-02-05,COD,Delivered
ORD002200,CUST00593,2025-09-04,Credit Card,Delivered
ORD002201,CUST07083,2026-04-27,COD,Cancelled
ORD002202,CUST01738,2025-11-29,COD,Delivered
ORD002203,CUST03323,2025-07-26,Net Banking,Delivered
ORD002204,CUST00731,2024-11-27,Net Banking,Delivered
ORD002205,CUST03693,2026-01-03,Net Banking,Delivered
ORD002206,CUST11657,2026-01-17,Net Banking,Returned
ORD002207,CUST04220,2024-09-16,COD,Delivered
ORD002208,CUST03143,2024-04-28,COD,Delivered
ORD002209,CUST09913,2024-10-31,UPI,Returned
ORD002210,CUST03497,2026-03-19,Net Banking,Delivered
ORD002211,CUST09101,2026-01-11,UPI,Delivered
ORD002212,CUST02960,2024-07-06,Debit Card,Delivered
ORD002213,CUST08520,2024-07-18,Net Banking,Cancelled
ORD002214,CUST06711,2024-07-18,Debit Card,Delivered
ORD002215,CUST05084,2026-06-07,Credit Card,Delivered
ORD002216,CUST08647,2026-02-27,COD,Delivered
ORD002217,CUST06818,2024-02-09,COD,Returned
ORD002218,CUST08929,2026-08-25,UPI,Delivered
ORD002219,CUST09348,2026-05-10,COD,Delivered
ORD002220,CUST01975,2026-04-26,Debit Card,Delivered
ORD002221,CUST08294,2025-08-12,COD,Delivered
ORD002222,CUST10074,2025-09-05,Net Banking,Delivered
ORD002223,CUST04034,2025-04-02,Credit Card,Delivered
ORD002224,CUST07904,2025-12-31,UPI,Cancelled
ORD002225,CUST05351,2024-06-16,UPI,Delivered
ORD002226,CUST05994,2024-09-01,UPI,Delivered
ORD002227,CUST06715,2026-07-11,Net Banking,Delivered
ORD002228,CUST00809,2024-06-18,COD,Delivered
ORD002229,CUST01242,2026-05-21,Net Banking,Pending
ORD002230,CUST07087,2024-09-06,Debit Card,Cancelled
ORD002231,CUST11547,2026-06-12,COD,Delivered
ORD002232,CUST11855,2025-04-27,Net Banking,Cancelled
ORD002233,CUST03733,2025-02-23,Debit Card,Delivered
ORD002234,CUST10608,2025-10-12,Debit Card,Delivered
ORD002235,CUST09954,2024-03-17,Net Banking,Delivered
ORD002236,CUST01393,2024-02-04,Net Banking,Returned
ORD002237,CUST02187,2025-05-15,Credit Card,Delivered
ORD002238,CUST03415,2026-05-02,Net Banking,Delivered
ORD002239,CUST10354,2024-10-19,UPI,Cancelled
ORD002240,CUST10262,2025-05-06,COD,Delivered
ORD002241,CUST05143,2024-05-19,Debit Card,Delivered
ORD002242,CUST09281,2025-03-09,UPI,Delivered
ORD002243,CUST07739,2026-07-09,UPI,Delivered
ORD002244,CUST03673,2026-04-10,Debit Card,Delivered
ORD002245,CUST01734,2025-01-09,COD,Delivered
ORD002246,CUST08306,2025-09-11,Credit Card,Delivered
ORD002247,CUST01905,2025-05-18,Credit Card,Delivered
ORD002248,CUST09713,2025-04-10,UPI,Delivered
ORD002249,CUST09698,2024-09-22,UPI,Cancelled
ORD002250,CUST02588,2026-04-05,Net Banking,Delivered
ORD002251,CUST09113,2024-04-12,Credit Card,Delivered
ORD002252,CUST11986,2025-05-29,Credit Card,Delivered
ORD002253,CUST07407,2025-12-09,COD,Delivered
ORD002254,CUST01309,2026-04-02,Net Banking,Delivered
ORD002255,CUST07572,2026-06-26,Debit Card,Returned
ORD002256,CUST09262,2026-08-31,Debit Card,Returned
ORD002257,CUST07865,2024-10-27,COD,Delivered
ORD002258,CUST04748,2025-11-11,Debit Card,Pending
ORD002259,CUST04552,2024-12-17,Credit Card,Delivered
ORD002260,CUST06823,2025-11-12,UPI,Delivered
ORD002261,CUST03285,2025-06-28,Net Banking,Delivered
ORD002262,CUST04508,2026-04-17,Debit Card,Delivered
ORD002263,CUST09375,2025-04-22,Debit Card,Delivered
ORD002264,CUST00911,2025-06-01,Debit Card,Delivered
ORD002265,CUST01980,2025-04-23,Debit Card,Delivered
ORD002266,CUST00551,2026-06-16,UPI,Delivered
ORD002267,CUST11233,2024-06-02,UPI,Delivered
ORD002268,CUST05734,2024-02-17,COD,Delivered
ORD002269,CUST03543,2026-01-05,Credit Card,Delivered
ORD002270,CUST10133,2026-04-04,Debit Card,Cancelled
ORD002271,CUST03182,2024-03-09,COD,Delivered
ORD002272,CUST04872,2024-06-22,Credit Card,Delivered
ORD002273,CUST06954,2025-03-07,UPI,Delivered
ORD002274,CUST08635,2025-07-06,Debit Card,Delivered
ORD002275,CUST01359,2024-04-16,UPI,Delivered
ORD002276,CUST02894,2025-06-11,Debit Card,Delivered
ORD002277,CUST00916,2024-06-28,UPI,Cancelled
ORD002278,CUST03645,2026-02-18,COD,Delivered
ORD002279,CUST00544,2024-09-27,COD,Delivered
ORD002280,CUST00645,2024-07-31,UPI,Returned
ORD002281,CUST09963,2024-12-22,UPI,Delivered
ORD002282,CUST03833,2025-06-16,Net Banking,Delivered
ORD002283,CUST08215,2026-07-09,Debit Card,Delivered
ORD002284,CUST00144,2025-12-21,Net Banking,Delivered
ORD002285,CUST10546,2026-08-25,UPI,Delivered
ORD002286,CUST10732,2026-07-14,COD,Delivered
ORD002287,CUST04680,2026-03-11,Debit Card,Delivered
ORD002288,CUST03297,2026-08-19,COD,Delivered
ORD002289,CUST01072,2026-03-11,UPI,Delivered
ORD002290,CUST10786,2026-01-25,Net Banking,Delivered
ORD002291,CUST06549,2024-06-04,Debit Card,Returned
ORD002292,CUST06910,2024-03-30,Net Banking,Delivered
ORD002293,CUST01553,2026-03-19,Debit Card,Delivered
ORD002294,CUST04337,2026-06-15,COD,Delivered
ORD002295,CUST11554,2024-03-03,Credit Card,Delivered
ORD002296,CUST09472,2025-02-22,Debit Card,Delivered
ORD002297,CUST01971,2025-03-07,UPI,Delivered
ORD002298,CUST10601,2025-05-05,Debit Card,Pending
ORD002299,CUST06211,2024-02-08,UPI,Delivered
ORD002300,CUST10520,2024-05-27,Credit Card,Delivered
ORD002301,CUST04874,2026-04-24,Credit Card,Delivered
ORD002302,CUST01029,2025-04-23,COD,Returned
ORD002303,CUST11416,2024-06-14,COD,Delivered
ORD002304,CUST04078,2024-01-23,Credit Card,Delivered
ORD002305,CUST10803,2026-06-26,Debit Card,Delivered
ORD002306,CUST05879,2024-09-18,Debit Card,Delivered
ORD002307,CUST06192,2025-12-28,COD,Delivered
ORD002308,CUST02382,2024-04-07,Debit Card,Delivered
ORD002309,CUST09860,2025-04-25,Debit Card,Delivered
ORD002310,CUST00136,2025-06-02,Debit Card,Returned
ORD002311,CUST04615,2026-03-29,Debit Card,Returned
ORD002312,CUST07651,2024-09-26,UPI,Cancelled
ORD002313,CUST03360,2026-01-09,COD,Delivered
ORD002314,CUST08534,2024-01-16,Credit Card,Delivered
ORD002315,CUST03350,2026-01-19,Credit Card,Delivered
ORD002316,CUST11758,2025-10-24,UPI,Delivered
ORD002317,CUST03802,2024-09-30,COD,Delivered
ORD002318,CUST06771,2024-08-08,UPI,Delivered
ORD002319,CUST08477,2026-06-21,COD,Delivered
ORD002320,CUST09156,2025-08-02,UPI,Pending
ORD002321,CUST07391,2024-10-07,Debit Card,Delivered
ORD002322,CUST09814,2025-06-28,UPI,Delivered
ORD002323,CUST01725,2025-07-16,UPI,Delivered
ORD002324,CUST08569,2026-03-01,Net Banking,Cancelled
ORD002325,CUST00053,2026-03-28,COD,Cancelled
ORD002326,CUST00328,2025-10-22,Debit Card,Delivered
ORD002327,CUST10581,2025-07-28,UPI,Returned
ORD002328,CUST00639,2026-07-05,Debit Card,Delivered
ORD002329,CUST07286,2024-05-01,COD,Delivered
ORD002330,CUST11446,2025-01-02,Credit Card,Delivered
ORD002331,CUST05700,2025-06-22,Net Banking,Delivered
ORD002332,CUST07658,2024-07-27,Net Banking,Delivered
ORD002333,CUST04602,2024-06-02,COD,Delivered
ORD002334,CUST04964,2024-10-01,Net Banking,Delivered
ORD002335,CUST05064,2024-08-12,Credit Card,Pending
ORD002336,CUST08751,2024-02-27,Debit Card,Delivered
ORD002337,CUST04036,2026-02-01,UPI,Delivered
ORD002338,CUST09101,2024-08-27,COD,Delivered
ORD002339,CUST06798,2025-05-14,COD,Delivered
ORD002340,CUST08201,2024-09-19,Net Banking,Returned
ORD002341,CUST05532,2024-08-18,UPI,Delivered
ORD002342,CUST02572,2025-02-02,Net Banking,Cancelled
ORD002343,CUST05724,2024-03-06,Net Banking,Delivered
ORD002344,CUST11277,2025-03-25,Debit Card,Delivered
ORD002345,CUST00277,2024-07-27,Debit Card,Delivered
ORD002346,CUST06583,2025-04-26,Net Banking,Delivered
ORD002347,CUST09254,2025-03-06,Credit Card,Delivered
ORD002348,CUST06964,2024-02-15,COD,Delivered
ORD002349,CUST01818,2026-05-06,Credit Card,Delivered
ORD002350,CUST05910,2025-12-15,COD,Delivered
ORD002351,CUST00435,2025-07-09,UPI,Delivered
ORD002352,CUST01268,2025-10-10,UPI,Delivered
ORD002353,CUST09032,2024-03-11,Credit Card,Delivered
ORD002354,CUST07717,2026-02-17,Net Banking,Cancelled
ORD002355,CUST06888,2025-09-18,Net Banking,Delivered
ORD002356,CUST09558,2025-07-21,UPI,Delivered
ORD002357,CUST06989,2024-05-11,Net Banking,Delivered
ORD002358,CUST06053,2025-01-15,Debit Card,Delivered
ORD002359,CUST04110,2024-10-19,UPI,Delivered
ORD002360,CUST07151,2026-05-07,COD,Delivered
ORD002361,CUST01159,2026-06-03,COD,Returned
ORD002362,CUST09916,2024-10-16,Net Banking,Cancelled
ORD002363,CUST05499,2024-12-01,COD,Returned
ORD002364,CUST00567,2025-09-08,COD,Pending
ORD002365,CUST04898,2024-02-16,Credit Card,Delivered
ORD002366,CUST00127,2024-01-30,Credit Card,Delivered
ORD002367,CUST11565,2025-09-21,COD,Delivered
ORD002368,CUST09987,2024-02-15,UPI,Delivered
ORD002369,CUST05115,2026-04-27,COD,Delivered
ORD002370,CUST06056,2025-08-04,Debit Card,Cancelled
ORD002371,CUST01868,2025-06-28,UPI,Cancelled
ORD002372,CUST03684,2024-02-19,Debit Card,Cancelled
ORD002373,CUST03231,2026-02-21,Debit Card,Pending
ORD002374,CUST01559,2026-02-26,Net Banking,Delivered
ORD002375,CUST09416,2025-04-04,Credit Card,Pending
ORD002376,CUST11329,2026-06-13,Net Banking,Delivered
ORD002377,CUST00739,2024-03-28,Debit Card,Delivered
ORD002378,CUST10863,2024-02-09,Net Banking,Delivered
ORD002379,CUST00079,2025-06-27,Net Banking,Delivered
ORD002380,CUST09973,2025-05-03,UPI,Delivered
ORD002381,CUST03164,2024-04-06,Net Banking,Delivered
ORD002382,CUST02188,2025-09-15,UPI,Returned
ORD002383,CUST09217,2026-01-19,Net Banking,Delivered
ORD002384,CUST00267,2025-06-07,Net Banking,Delivered
ORD002385,CUST07219,2024-09-27,Debit Card,Pending
ORD002386,CUST08421,2024-07-05,Debit Card,Delivered
ORD002387,CUST01393,2025-11-30,COD,Pending
ORD002388,CUST02605,2025-08-06,COD,Delivered
ORD002389,CUST05219,2026-02-10,UPI,Cancelled
ORD002390,CUST11336,2024-01-27,Debit Card,Delivered
ORD002391,CUST00597,2024-04-10,COD,Delivered
ORD002392,CUST11181,2025-03-17,Net Banking,Delivered
ORD002393,CUST09027,2025-11-23,Debit Card,Delivered
ORD002394,CUST08921,2026-08-31,Net Banking,Cancelled
ORD002395,CUST07977,2025-07-04,Net Banking,Cancelled
ORD002396,CUST11100,2025-02-02,UPI,Delivered
ORD002397,CUST01922,2024-10-01,Debit Card,Delivered
ORD002398,CUST02625,2025-09-20,Net Banking,Returned
ORD002399,CUST09109,2024-01-14,UPI,Cancelled
ORD002400,CUST08847,2024-11-22,Credit Card,Cancelled
ORD002401,CUST01975,2026-06-20,Credit Card,Delivered
ORD002402,CUST07510,2026-07-18,Net Banking,Returned
ORD002403,CUST03092,2025-12-28,Net Banking,Delivered
ORD002404,CUST08525,2025-09-28,Credit Card,Returned
ORD002405,CUST10432,2026-03-03,COD,Delivered
ORD002406,CUST08487,2025-02-28,UPI,Delivered
ORD002407,CUST03743,2025-08-23,Net Banking,Delivered
ORD002408,CUST09931,2026-03-28,Credit Card,Delivered
ORD002409,CUST10328,2024-04-20,Credit Card,Delivered
ORD002410,CUST10585,2025-08-13,Credit Card,Returned
ORD002411,CUST02611,2025-11-12,Credit Card,Returned
ORD002412,CUST05816,2024-11-18,Credit Card,Delivered
ORD002413,CUST08033,2026-05-17,Credit Card,Delivered
ORD002414,CUST03869,2025-03-25,Net Banking,Delivered
ORD002415,CUST00250,2025-06-17,UPI,Delivered
ORD002416,CUST07893,2025-10-29,Credit Card,Delivered
ORD002417,CUST00301,2026-05-13,Credit Card,Delivered
ORD002418,CUST05126,2026-05-20,Credit Card,Delivered
ORD002419,CUST11957,2024-08-04,Credit Card,Delivered
ORD002420,CUST04318,2025-05-27,Credit Card,Cancelled
ORD002421,CUST06457,2026-07-28,Debit Card,Delivered
ORD002422,CUST04444,2025-02-10,Debit Card,Pending
ORD002423,CUST08883,2026-02-11,Credit Card,Delivered
ORD002424,CUST06235,2025-09-15,Credit Card,Delivered
ORD002425,CUST08103,2025-09-02,COD,Delivered
ORD002426,CUST03919,2024-03-15,COD,Delivered
ORD002427,CUST01195,2025-10-16,UPI,Delivered
ORD002428,CUST00294,2025-03-28,Debit Card,Delivered
ORD002429,CUST02240,2026-01-11,Net Banking,Delivered
ORD002430,CUST11364,2026-06-18,UPI,Cancelled
ORD002431,CUST02854,2026-07-28,UPI,Returned
ORD002432,CUST08223,2025-08-08,Credit Card,Delivered
ORD002433,CUST04878,2026-08-26,Credit Card,Cancelled
ORD002434,CUST05624,2024-02-02,Net Banking,Delivered
ORD002435,CUST08191,2024-07-06,COD,Delivered
ORD002436,CUST05218,2025-09-09,Credit Card,Delivered
ORD002437,CUST04148,2026-08-23,Debit Card,Delivered
ORD002438,CUST07511,2025-07-11,Net Banking,Delivered
ORD002439,CUST02858,2026-03-05,Net Banking,Delivered
ORD002440,CUST04446,2026-05-24,Credit Card,Delivered
ORD002441,CUST11783,2024-01-28,Net Banking,Delivered
ORD002442,CUST05138,2025-03-05,COD,Cancelled
ORD002443,CUST06374,2024-04-16,Credit Card,Cancelled
ORD002444,CUST08906,2024-02-03,COD,Delivered
ORD002445,CUST07724,2025-02-16,COD,Delivered
ORD002446,CUST00610,2025-08-30,Debit Card,Delivered
ORD002447,CUST01505,2024-05-06,Credit Card,Delivered
ORD002448,CUST10815,2026-08-08,Debit Card,Delivered
ORD002449,CUST11424,2025-07-22,Debit Card,Returned
ORD002450,CUST05532,2025-09-27,Net Banking,Delivered
ORD002451,CUST06532,2024-05-29,UPI,Delivered
ORD002452,CUST08847,2026-02-01,Credit Card,Delivered
ORD002453,CUST06146,2026-06-29,COD,Returned
ORD002454,CUST02940,2025-06-22,Net Banking,Cancelled
ORD002455,CUST00151,2025-12-14,Debit Card,Pending
ORD002456,CUST10171,2024-05-02,Debit Card,Delivered
ORD002457,CUST11799,2024-03-29,Credit Card,Delivered
ORD002458,CUST10010,2025-07-25,Net Banking,Delivered
ORD002459,CUST08945,2024-11-26,COD,Delivered
ORD002460,CUST07586,2024-03-12,Debit Card,Cancelled
ORD002461,CUST05773,2026-07-05,Net Banking,Returned
ORD002462,CUST01192,2025-03-31,COD,Returned
ORD002463,CUST11187,2024-10-19,Net Banking,Delivered
ORD002464,CUST07178,2026-07-08,Debit Card,Delivered
ORD002465,CUST10919,2025-09-13,Debit Card,Delivered
ORD002466,CUST11866,2024-05-05,COD,Delivered
ORD002467,CUST04996,2025-07-13,Net Banking,Delivered
ORD002468,CUST03410,2026-07-07,Debit Card,Returned
ORD002469,CUST01891,2024-09-08,Net Banking,Cancelled
ORD002470,CUST00111,2025-04-16,Credit Card,Delivered
ORD002471,CUST06324,2024-09-25,COD,Delivered
ORD002472,CUST00977,2026-06-04,UPI,Delivered
ORD002473,CUST11960,2024-08-18,COD,Returned
ORD002474,CUST09627,2024-11-10,Debit Card,Delivered
ORD002475,CUST07944,2026-06-19,Net Banking,Delivered
ORD002476,CUST04277,2025-06-10,COD,Delivered
ORD002477,CUST10414,2025-06-19,UPI,Delivered
ORD002478,CUST02134,2026-04-22,Credit Card,Delivered
ORD002479,CUST01707,2026-08-09,Debit Card,Delivered
ORD002480,CUST01630,2026-02-14,Net Banking,Returned
ORD002481,CUST05043,2025-09-09,Credit Card,Delivered
ORD002482,CUST07231,2025-04-16,Debit Card,Delivered
ORD002483,CUST07748,2025-09-22,COD,Delivered
ORD002484,CUST03725,2026-05-19,COD,Delivered
ORD002485,CUST05766,2024-06-18,UPI,Delivered
ORD002486,CUST04265,2024-04-24,Credit Card,Delivered
ORD002487,CUST04413,2025-10-08,COD,Delivered
ORD002488,CUST02452,2025-01-06,UPI,Pending
ORD002489,CUST00213,2024-05-31,Net Banking,Delivered
ORD002490,CUST00634,2024-10-09,Net Banking,Delivered
ORD002491,CUST06018,2025-04-29,Credit Card,Delivered
ORD002492,CUST07914,2025-09-30,Net Banking,Cancelled
ORD002493,CUST11202,2024-12-30,COD,Delivered
ORD002494,CUST09577,2025-05-29,Net Banking,Pending
ORD002495,CUST08864,2025-07-13,COD,Delivered
ORD002496,CUST02171,2026-01-11,UPI,Pending
ORD002497,CUST01046,2026-07-06,COD,Delivered
ORD002498,CUST03290,2026-07-24,COD,Delivered
ORD002499,CUST02601,2024-10-30,Credit Card,Delivered
ORD002500,CUST00877,2024-06-25,Net Banking,Cancelled
ORD002501,CUST00394,2024-10-11,COD,Returned
ORD002502,CUST06701,2025-12-14,Credit Card,Delivered
ORD002503,CUST02572,2024-01-17,Credit Card,Delivered
ORD002504,CUST01769,2026-01-15,Credit Card,Delivered
ORD002505,CUST00233,2025-06-02,Debit Card,Delivered
ORD002506,CUST03570,2024-06-19,Credit Card,Returned
ORD002507,CUST10616,2024-10-17,Credit Card,Returned
ORD002508,CUST05906,2025-11-10,COD,Delivered
ORD002509,CUST00832,2025-12-07,Credit Card,Delivered
ORD002510,CUST08279,2024-07-23,Credit Card,Delivered
ORD002511,CUST07041,2024-05-13,Debit Card,Delivered
ORD002512,CUST10101,2025-04-09,Debit Card,Delivered
ORD002513,CUST06837,2026-02-08,Credit Card,Cancelled
ORD002514,CUST10410,2025-07-04,Credit Card,Delivered
ORD002515,CUST05349,2026-06-10,COD,Delivered
ORD002516,CUST07762,2025-09-05,COD,Delivered
ORD002517,CUST09427,2025-06-28,Debit Card,Delivered
ORD002518,CUST08685,2024-12-27,COD,Delivered
ORD002519,CUST10174,2024-05-30,Net Banking,Delivered
ORD002520,CUST05660,2026-06-02,UPI,Returned
ORD002521,CUST08214,2024-02-02,Debit Card,Delivered
ORD002522,CUST03878,2024-03-29,Debit Card,Pending
ORD002523,CUST03383,2025-08-12,COD,Delivered
ORD002524,CUST00345,2025-04-27,UPI,Delivered
ORD002525,CUST06000,2025-06-25,UPI,Delivered
ORD002526,CUST01161,2026-02-15,Credit Card,Delivered
ORD002527,CUST00484,2026-05-11,Debit Card,Pending
ORD002528,CUST04018,2024-05-05,Credit Card,Cancelled
ORD002529,CUST01829,2024-03-11,COD,Delivered
ORD002530,CUST06721,2024-03-02,UPI,Delivered
ORD002531,CUST10077,2025-12-12,Credit Card,Delivered
ORD002532,CUST11692,2024-11-22,UPI,Delivered
ORD002533,CUST11246,2026-01-15,Credit Card,Delivered
ORD002534,CUST00316,2025-12-31,Credit Card,Returned
ORD002535,CUST04863,2024-06-01,UPI,Delivered
ORD002536,CUST10069,2024-06-23,COD,Delivered
ORD002537,CUST10828,2024-11-02,Net Banking,Returned
ORD002538,CUST02330,2026-03-06,Net Banking,Delivered
ORD002539,CUST09806,2024-12-19,Debit Card,Delivered
ORD002540,CUST04471,2025-01-06,Net Banking,Delivered
ORD002541,CUST02101,2024-07-20,UPI,Cancelled
ORD002542,CUST00809,2025-09-28,Debit Card,Cancelled
ORD002543,CUST04612,2026-07-20,Net Banking,Returned
ORD002544,CUST08706,2025-12-01,Net Banking,Delivered
ORD002545,CUST02339,2024-12-23,Credit Card,Delivered
ORD002546,CUST08187,2026-04-14,Credit Card,Delivered
ORD002547,CUST05025,2025-12-16,Net Banking,Returned
ORD002548,CUST04581,2026-07-17,Debit Card,Delivered
ORD002549,CUST01897,2024-07-08,UPI,Delivered
ORD002550,CUST07602,2025-10-27,Net Banking,Cancelled
ORD002551,CUST02701,2026-08-17,UPI,Returned
ORD002552,CUST07283,2025-05-18,Debit Card,Delivered
ORD002553,CUST01139,2026-01-14,COD,Delivered
ORD002554,CUST00124,2026-08-08,Debit Card,Pending
ORD002555,CUST10095,2024-08-20,COD,Delivered
ORD002556,CUST01627,2024-09-18,Credit Card,Delivered
ORD002557,CUST01585,2024-03-07,UPI,Delivered
ORD002558,CUST03459,2024-08-06,Credit Card,Delivered
ORD002559,CUST04369,2026-02-20,UPI,Delivered
ORD002560,CUST04761,2025-09-16,Debit Card,Delivered
ORD002561,CUST01406,2026-08-02,Net Banking,Cancelled
ORD002562,CUST11486,2026-03-28,Net Banking,Delivered
ORD002563,CUST10231,2024-03-15,COD,Delivered
ORD002564,CUST01245,2026-01-25,Net Banking,Delivered
ORD002565,CUST05893,2024-08-30,UPI,Delivered
ORD002566,CUST00199,2025-10-18,Net Banking,Delivered
ORD002567,CUST02131,2025-11-25,Credit Card,Delivered
ORD002568,CUST11477,2024-07-06,Net Banking,Delivered
ORD002569,CUST05623,2024-06-22,Credit Card,Delivered
ORD002570,CUST01331,2026-08-16,COD,Delivered
ORD002571,CUST11989,2025-03-07,COD,Delivered
ORD002572,CUST03345,2024-03-02,Debit Card,Delivered
ORD002573,CUST05758,2026-01-25,Debit Card,Delivered
ORD002574,CUST09175,2024-05-23,Debit Card,Delivered
ORD002575,CUST03133,2025-01-14,Credit Card,Delivered
ORD002576,CUST04443,2024-08-22,Debit Card,Delivered
ORD002577,CUST06175,2025-03-24,COD,Delivered
ORD002578,CUST03599,2026-03-26,Net Banking,Delivered
ORD002579,CUST10792,2025-07-19,Credit Card,Delivered
ORD002580,CUST01345,2025-03-21,Debit Card,Delivered
ORD002581,CUST04841,2025-01-24,Debit Card,Pending
ORD002582,CUST10658,2024-06-09,COD,Delivered
ORD002583,CUST04929,2024-07-17,Net Banking,Delivered
ORD002584,CUST05920,2024-11-23,UPI,Returned
ORD002585,CUST03312,2025-09-20,Net Banking,Delivered
ORD002586,CUST05270,2026-07-26,Debit Card,Delivered
ORD002587,CUST11326,2024-05-02,Debit Card,Delivered
ORD002588,CUST00429,2025-06-25,Net Banking,Delivered
ORD002589,CUST02299,2025-06-02,Net Banking,Returned
ORD002590,CUST06155,2026-07-24,COD,Delivered
ORD002591,CUST02465,2024-11-12,UPI,Delivered
ORD002592,CUST10790,2025-05-07,Credit Card,Delivered
ORD002593,CUST00577,2024-05-21,Credit Card,Delivered
ORD002594,CUST11455,2024-07-07,UPI,Delivered
ORD002595,CUST08742,2024-11-15,COD,Delivered
ORD002596,CUST04553,2025-07-20,Net Banking,Cancelled
ORD002597,CUST09485,2026-04-14,Debit Card,Delivered
ORD002598,CUST05040,2024-03-30,UPI,Delivered
ORD002599,CUST10484,2025-03-03,COD,Delivered
ORD002600,CUST04376,2026-04-05,UPI,Delivered
ORD002601,CUST08996,2024-06-10,Debit Card,Returned
ORD002602,CUST03220,2025-05-26,Credit Card,Delivered
ORD002603,CUST07723,2025-08-28,Net Banking,Delivered
ORD002604,CUST09325,2024-09-11,COD,Delivered
ORD002605,CUST11705,2025-04-22,Credit Card,Delivered
ORD002606,CUST10689,2025-03-16,Debit Card,Delivered
ORD002607,CUST11196,2025-10-30,UPI,Cancelled
ORD002608,CUST04195,2024-06-13,COD,Delivered
ORD002609,CUST09771,2026-01-17,COD,Delivered
ORD002610,CUST00852,2024-12-10,Credit Card,Delivered
ORD002611,CUST09320,2024-03-08,Credit Card,Returned
ORD002612,CUST11457,2026-04-09,Debit Card,Delivered
ORD002613,CUST04723,2024-09-07,Credit Card,Delivered
ORD002614,CUST08766,2024-01-01,COD,Delivered
ORD002615,CUST04722,2025-12-12,Net Banking,Delivered
ORD002616,CUST09414,2025-09-20,Debit Card,Delivered
ORD002617,CUST06908,2025-03-11,Debit Card,Returned
ORD002618,CUST03994,2025-07-22,Net Banking,Delivered
ORD002619,CUST01551,2026-04-04,Debit Card,Returned
ORD002620,CUST08826,2024-11-17,Debit Card,Delivered
ORD002621,CUST09061,2026-04-28,Credit Card,Delivered
ORD002622,CUST07699,2024-11-12,Debit Card,Delivered
ORD002623,CUST04984,2026-03-30,COD,Returned
ORD002624,CUST06601,2024-12-28,Credit Card,Delivered
ORD002625,CUST06587,2025-07-14,UPI,Delivered
ORD002626,CUST09553,2025-06-18,COD,Delivered
ORD002627,CUST06543,2025-12-25,UPI,Cancelled
ORD002628,CUST06330,2026-01-02,Credit Card,Returned
ORD002629,CUST03637,2024-11-20,COD,Pending
ORD002630,CUST10538,2026-05-13,Credit Card,Cancelled
ORD002631,CUST03996,2024-05-28,UPI,Delivered
ORD002632,CUST09671,2025-11-28,Net Banking,Delivered
ORD002633,CUST11737,2024-09-21,Debit Card,Cancelled
ORD002634,CUST02014,2024-07-17,Net Banking,Pending
ORD002635,CUST11341,2024-03-22,Net Banking,Delivered
ORD002636,CUST06786,2024-03-19,Credit Card,Delivered
ORD002637,CUST00658,2026-08-11,Credit Card,Delivered
ORD002638,CUST00245,2025-12-29,Debit Card,Delivered
ORD002639,CUST11688,2024-06-24,Net Banking,Delivered
ORD002640,CUST05114,2024-12-01,COD,Returned
ORD002641,CUST03765,2026-08-14,Credit Card,Delivered
ORD002642,CUST08328,2025-12-24,Net Banking,Delivered
ORD002643,CUST08397,2025-05-07,UPI,Delivered
ORD002644,CUST09076,2024-02-06,Credit Card,Cancelled
ORD002645,CUST03733,2024-04-24,Debit Card,Delivered
ORD002646,CUST05980,2024-01-05,Net Banking,Delivered
ORD002647,CUST04652,2026-07-17,Credit Card,Delivered
ORD002648,CUST08007,2025-03-24,Debit Card,Delivered
ORD002649,CUST06393,2026-01-21,Debit Card,Delivered
ORD002650,CUST09077,2026-05-30,UPI,Delivered
ORD002651,CUST09175,2024-01-07,Debit Card,Delivered
ORD002652,CUST10637,2024-10-24,Credit Card,Delivered
ORD002653,CUST08164,2024-11-11,Credit Card,Delivered
ORD002654,CUST05282,2025-01-22,COD,Delivered
ORD002655,CUST01221,2026-02-10,Net Banking,Delivered
ORD002656,CUST08898,2024-08-24,Net Banking,Delivered
ORD002657,CUST02607,2024-11-28,UPI,Cancelled
ORD002658,CUST10466,2025-09-02,Net Banking,Delivered
ORD002659,CUST09218,2026-05-24,Debit Card,Pending
ORD002660,CUST03284,2026-07-02,Credit Card,Delivered
ORD002661,CUST10184,2024-04-25,Debit Card,Delivered
ORD002662,CUST07895,2025-09-28,Net Banking,Delivered
ORD002663,CUST01317,2026-08-03,COD,Delivered
ORD002664,CUST03152,2025-09-13,Net Banking,Delivered
ORD002665,CUST00119,2025-12-15,UPI,Delivered
ORD002666,CUST04694,2026-02-19,Credit Card,Delivered
ORD002667,CUST10047,2024-10-13,Debit Card,Delivered
ORD002668,CUST06719,2025-05-01,Net Banking,Delivered
ORD002669,CUST01909,2024-10-24,Credit Card,Returned
ORD002670,CUST04086,2025-08-04,Debit Card,Delivered
ORD002671,CUST06379,2026-05-31,Net Banking,Delivered
ORD002672,CUST00427,2024-05-18,Net Banking,Delivered
ORD002673,CUST10842,2024-05-28,Net Banking,Pending
ORD002674,CUST05736,2025-10-27,UPI,Delivered
ORD002675,CUST10519,2024-01-15,UPI,Delivered
ORD002676,CUST05882,2025-02-11,Debit Card,Delivered
ORD002677,CUST00640,2025-03-19,Debit Card,Delivered
ORD002678,CUST09396,2024-12-03,Credit Card,Delivered
ORD002679,CUST03766,2025-03-31,COD,Delivered
ORD002680,CUST02764,2024-04-14,Credit Card,Delivered
ORD002681,CUST06693,2026-07-19,COD,Delivered
ORD002682,CUST10458,2026-03-06,Net Banking,Returned
ORD002683,CUST07619,2025-10-30,Net Banking,Returned
ORD002684,CUST00146,2024-08-26,Credit Card,Delivered
ORD002685,CUST03131,2026-03-30,UPI,Returned
ORD002686,CUST07571,2025-09-13,UPI,Pending
ORD002687,CUST05773,2024-07-08,Debit Card,Delivered
ORD002688,CUST09249,2025-07-21,Debit Card,Delivered
ORD002689,CUST07134,2024-09-14,Credit Card,Delivered
ORD002690,CUST01458,2024-03-22,UPI,Delivered
ORD002691,CUST05491,2024-07-11,Net Banking,Delivered
ORD002692,CUST11981,2024-11-14,Net Banking,Delivered
ORD002693,CUST01608,2025-07-25,UPI,Delivered
ORD002694,CUST01074,2026-08-19,Credit Card,Pending
ORD002695,CUST10562,2024-12-30,Debit Card,Delivered
ORD002696,CUST01523,2026-05-26,Credit Card,Returned
ORD002697,CUST11347,2025-02-01,UPI,Returned
ORD002698,CUST00536,2026-03-06,Credit Card,Cancelled
ORD002699,CUST06213,2024-02-13,UPI,Returned
ORD002700,CUST03080,2026-06-07,Credit Card,Cancelled
ORD002701,CUST00761,2025-03-19,COD,Delivered
ORD002702,CUST08400,2025-02-08,Net Banking,Delivered
ORD002703,CUST08100,2025-04-12,COD,Delivered
ORD002704,CUST03264,2024-10-16,UPI,Delivered
ORD002705,CUST01998,2025-04-26,Net Banking,Returned
ORD002706,CUST04006,2024-12-31,COD,Cancelled
ORD002707,CUST09588,2025-03-13,Credit Card,Cancelled
ORD002708,CUST00026,2024-06-15,Credit Card,Delivered
ORD002709,CUST08699,2024-09-16,Net Banking,Delivered
ORD002710,CUST00861,2026-01-16,UPI,Delivered
ORD002711,CUST04474,2024-06-04,COD,Delivered
ORD002712,CUST07684,2026-03-17,UPI,Cancelled
ORD002713,CUST11220,2025-12-05,Credit Card,Delivered
ORD002714,CUST08152,2024-06-21,Debit Card,Delivered
ORD002715,CUST04161,2026-04-19,Debit Card,Cancelled
ORD002716,CUST03982,2024-11-12,UPI,Delivered
ORD002717,CUST02851,2024-11-11,Credit Card,Pending
ORD002718,CUST00597,2025-02-03,Credit Card,Delivered
ORD002719,CUST02020,2025-07-16,Debit Card,Delivered
ORD002720,CUST06423,2024-04-21,Debit Card,Delivered
ORD002721,CUST05908,2025-07-10,COD,Pending
ORD002722,CUST05978,2026-03-09,COD,Cancelled
ORD002723,CUST00169,2025-10-08,Debit Card,Delivered
ORD002724,CUST01924,2024-11-02,UPI,Delivered
ORD002725,CUST06507,2025-01-23,Net Banking,Delivered
ORD002726,CUST07655,2024-07-12,Credit Card,Returned
ORD002727,CUST06228,2026-03-19,Credit Card,Delivered
ORD002728,CUST03310,2025-05-10,Credit Card,Returned
ORD002729,CUST07626,2025-09-20,COD,Delivered
ORD002730,CUST07874,2025-08-02,Debit Card,Delivered
ORD002731,CUST08701,2026-02-16,COD,Delivered
ORD002732,CUST04077,2025-09-02,Debit Card,Pending
ORD002733,CUST06985,2026-04-12,UPI,Delivered
ORD002734,CUST05118,2024-09-15,COD,Delivered
ORD002735,CUST00874,2025-03-02,Debit Card,Delivered
ORD002736,CUST03843,2026-07-29,UPI,Delivered
ORD002737,CUST05824,2025-02-13,COD,Delivered
ORD002738,CUST00182,2024-03-21,Credit Card,Delivered
ORD002739,CUST08199,2025-05-20,UPI,Delivered
ORD002740,CUST04761,2024-10-24,COD,Delivered
ORD002741,CUST00408,2025-08-06,Debit Card,Delivered
ORD002742,CUST06406,2024-01-30,Credit Card,Cancelled
ORD002743,CUST09615,2026-04-19,Debit Card,Delivered
ORD002744,CUST09807,2024-08-08,Net Banking,Delivered
ORD002745,CUST10715,2025-01-05,Net Banking,Delivered
ORD002746,CUST07357,2024-09-06,COD,Cancelled
ORD002747,CUST08059,2026-01-24,UPI,Delivered
ORD002748,CUST00826,2024-01-24,UPI,Delivered
ORD002749,CUST05741,2024-11-24,COD,Delivered
ORD002750,CUST00096,2024-12-05,COD,Delivered
ORD002751,CUST11296,2026-06-02,Credit Card,Cancelled
ORD002752,CUST11532,2025-03-03,Debit Card,Delivered
ORD002753,CUST10988,2026-06-27,Debit Card,Pending
ORD002754,CUST10633,2026-03-15,Net Banking,Delivered
ORD002755,CUST11796,2024-10-01,Net Banking,Delivered
ORD002756,CUST08591,2024-09-17,COD,Delivered
ORD002757,CUST01262,2026-07-20,UPI,Delivered
ORD002758,CUST06024,2025-12-28,UPI,Cancelled
ORD002759,CUST07701,2025-05-15,Credit Card,Delivered
ORD002760,CUST07981,2026-08-08,Net Banking,Delivered
ORD002761,CUST08921,2025-07-17,Credit Card,Delivered
ORD002762,CUST05091,2026-07-18,Debit Card,Cancelled
ORD002763,CUST01657,2025-01-01,COD,Delivered
ORD002764,CUST09000,2024-05-15,UPI,Delivered
ORD002765,CUST05470,2024-08-25,Net Banking,Delivered
ORD002766,CUST05471,2024-01-04,Net Banking,Delivered
ORD002767,CUST08959,2026-01-17,COD,Delivered
ORD002768,CUST05131,2024-12-23,COD,Cancelled
ORD002769,CUST05242,2025-12-12,Net Banking,Delivered
ORD002770,CUST10427,2024-03-13,Net Banking,Delivered
ORD002771,CUST10440,2024-02-10,UPI,Delivered
ORD002772,CUST00382,2025-05-10,UPI,Delivered
ORD002773,CUST00295,2025-02-28,COD,Delivered
ORD002774,CUST00055,2026-01-28,Debit Card,Delivered
ORD002775,CUST05964,2025-06-26,Debit Card,Delivered
ORD002776,CUST08835,2024-04-04,COD,Delivered
ORD002777,CUST05547,2024-02-29,COD,Delivered
ORD002778,CUST00080,2025-03-10,Credit Card,Delivered
ORD002779,CUST08832,2026-03-18,Debit Card,Delivered
ORD002780,CUST09705,2025-03-30,Net Banking,Delivered
ORD002781,CUST11995,2024-01-25,Credit Card,Delivered
ORD002782,CUST05371,2026-08-30,Credit Card,Delivered
ORD002783,CUST02344,2025-12-09,COD,Delivered
ORD002784,CUST03907,2026-04-08,UPI,Delivered
ORD002785,CUST04835,2026-07-02,Credit Card,Delivered
ORD002786,CUST00899,2026-04-18,COD,Delivered
ORD002787,CUST11517,2026-07-22,Credit Card,Cancelled
ORD002788,CUST03999,2025-07-29,UPI,Delivered
ORD002789,CUST01513,2025-03-13,COD,Delivered
ORD002790,CUST01821,2024-12-27,UPI,Delivered
ORD002791,CUST07294,2024-11-30,UPI,Returned
ORD002792,CUST02816,2024-06-25,Net Banking,Delivered
ORD002793,CUST10679,2026-03-23,UPI,Returned
ORD002794,CUST09505,2025-12-02,UPI,Delivered
ORD002795,CUST02022,2024-02-21,UPI,Delivered
ORD002796,CUST03251,2024-01-31,Debit Card,Delivered
ORD002797,CUST05200,2024-07-02,Net Banking,Cancelled
ORD002798,CUST04193,2024-04-26,Debit Card,Delivered
ORD002799,CUST00030,2024-03-13,UPI,Delivered
ORD002800,CUST00994,2024-05-26,Debit Card,Delivered
ORD002801,CUST05795,2024-05-03,COD,Delivered
ORD002802,CUST01287,2026-04-17,Debit Card,Delivered
ORD002803,CUST09056,2025-11-24,COD,Delivered
ORD002804,CUST05186,2025-09-03,Credit Card,Delivered
ORD002805,CUST06880,2026-07-12,Net Banking,Delivered
ORD002806,CUST11996,2025-03-18,Debit Card,Delivered
ORD002807,CUST04949,2026-04-09,Credit Card,Returned
ORD002808,CUST05905,2024-06-26,UPI,Pending
ORD002809,CUST10771,2025-11-08,COD,Delivered
ORD002810,CUST07438,2024-01-10,Debit Card,Delivered
ORD002811,CUST09250,2024-06-11,Credit Card,Delivered
ORD002812,CUST10480,2025-07-11,Credit Card,Delivered
ORD002813,CUST08788,2026-03-02,Net Banking,Delivered
ORD002814,CUST01941,2025-09-01,UPI,Delivered
ORD002815,CUST06832,2025-09-18,Net Banking,Delivered
ORD002816,CUST02362,2024-11-24,Debit Card,Delivered
ORD002817,CUST11413,2024-12-19,UPI,Delivered
ORD002818,CUST10011,2025-12-19,Debit Card,Delivered
ORD002819,CUST05575,2024-03-31,COD,Pending
ORD002820,CUST09194,2024-12-12,Debit Card,Delivered
ORD002821,CUST00157,2025-09-30,UPI,Delivered
ORD002822,CUST02953,2025-02-19,Debit Card,Delivered
ORD002823,CUST11496,2024-08-24,Net Banking,Returned
ORD002824,CUST01231,2025-06-22,Credit Card,Delivered
ORD002825,CUST07580,2024-01-26,Debit Card,Delivered
ORD002826,CUST01190,2024-06-20,UPI,Delivered
ORD002827,CUST07695,2025-10-18,Net Banking,Delivered
ORD002828,CUST10142,2026-06-30,UPI,Delivered
ORD002829,CUST04601,2025-04-27,COD,Delivered
ORD002830,CUST00544,2025-10-27,Credit Card,Delivered
ORD002831,CUST01576,2026-05-19,Net Banking,Delivered
ORD002832,CUST09292,2024-11-07,Credit Card,Delivered
ORD002833,CUST05890,2024-08-09,Debit Card,Delivered
ORD002834,CUST05865,2025-05-04,Credit Card,Delivered
ORD002835,CUST08484,2025-02-24,Debit Card,Cancelled
ORD002836,CUST01434,2026-08-31,Net Banking,Delivered
ORD002837,CUST00613,2025-08-16,UPI,Delivered
ORD002838,CUST02641,2024-08-07,Net Banking,Delivered
ORD002839,CUST07289,2024-08-19,UPI,Delivered
ORD002840,CUST07679,2025-10-17,UPI,Delivered
ORD002841,CUST10887,2024-09-14,Credit Card,Delivered
ORD002842,CUST08923,2026-07-14,UPI,Delivered
ORD002843,CUST06378,2024-11-24,COD,Cancelled
ORD002844,CUST08410,2025-03-14,COD,Delivered
ORD002845,CUST09678,2024-07-09,Credit Card,Cancelled
ORD002846,CUST07507,2026-06-01,Credit Card,Returned
ORD002847,CUST01771,2024-11-15,Net Banking,Delivered
ORD002848,CUST05697,2024-03-05,COD,Delivered
ORD002849,CUST08438,2025-10-28,COD,Returned
ORD002850,CUST00404,2024-09-02,UPI,Delivered
ORD002851,CUST11953,2024-05-16,Net Banking,Delivered
ORD002852,CUST06113,2026-05-08,Net Banking,Delivered
ORD002853,CUST02081,2024-06-15,Net Banking,Delivered
ORD002854,CUST09641,2024-06-11,Debit Card,Delivered
ORD002855,CUST10897,2025-11-03,UPI,Delivered
ORD002856,CUST08461,2025-01-31,Credit Card,Delivered
ORD002857,CUST09969,2026-04-25,Net Banking,Delivered
ORD002858,CUST06443,2025-03-12,UPI,Delivered
ORD002859,CUST08305,2024-01-01,UPI,Delivered
ORD002860,CUST03913,2024-06-26,UPI,Cancelled
ORD002861,CUST05624,2026-04-18,COD,Returned
ORD002862,CUST05102,2026-07-31,Credit Card,Pending
ORD002863,CUST09537,2025-04-25,Net Banking,Delivered
ORD002864,CUST11304,2026-05-20,Credit Card,Delivered
ORD002865,CUST07716,2024-08-31,Credit Card,Delivered
ORD002866,CUST00206,2025-11-22,COD,Delivered
ORD002867,CUST01910,2026-03-12,Credit Card,Delivered
ORD002868,CUST09173,2024-08-25,Credit Card,Returned
ORD002869,CUST09451,2024-04-26,UPI,Delivered
ORD002870,CUST02645,2024-12-13,UPI,Delivered
ORD002871,CUST09952,2024-01-07,Net Banking,Delivered
ORD002872,CUST11678,2024-06-22,Debit Card,Delivered
ORD002873,CUST00040,2024-04-25,Net Banking,Delivered
ORD002874,CUST06540,2024-09-11,Net Banking,Delivered
ORD002875,CUST03677,2025-04-16,UPI,Delivered
ORD002876,CUST03969,2025-08-13,Credit Card,Delivered
ORD002877,CUST11738,2025-06-19,COD,Delivered
ORD002878,CUST07952,2025-08-25,Net Banking,Cancelled
ORD002879,CUST03060,2025-07-04,Debit Card,Delivered
ORD002880,CUST02354,2026-08-15,Net Banking,Delivered
ORD002881,CUST09962,2024-07-13,Credit Card,Delivered
ORD002882,CUST10283,2026-04-21,Net Banking,Delivered
ORD002883,CUST06999,2024-07-22,Credit Card,Delivered
ORD002884,CUST01008,2024-06-17,Credit Card,Delivered
ORD002885,CUST04028,2024-06-05,COD,Delivered
ORD002886,CUST07301,2025-12-12,COD,Returned
ORD002887,CUST03989,2026-08-27,Net Banking,Delivered
ORD002888,CUST10817,2026-02-23,COD,Delivered
ORD002889,CUST01618,2026-06-23,Debit Card,Delivered
ORD002890,CUST08341,2026-06-05,UPI,Delivered
ORD002891,CUST02119,2025-05-04,Net Banking,Delivered
ORD002892,CUST02369,2025-05-20,COD,Delivered
ORD002893,CUST05723,2026-02-21,Debit Card,Delivered
ORD002894,CUST02492,2024-01-04,UPI,Delivered
ORD002895,CUST10114,2025-10-22,Debit Card,Delivered
ORD002896,CUST11007,2025-08-05,Net Banking,Delivered
ORD002897,CUST07993,2026-08-01,UPI,Delivered
ORD002898,CUST10000,2026-06-22,COD,Delivered
ORD002899,CUST05480,2025-07-11,Credit Card,Delivered
ORD002900,CUST00458,2025-12-24,COD,Delivered
ORD002901,CUST01876,2025-10-08,Credit Card,Delivered
ORD002902,CUST08880,2024-04-19,Debit Card,Delivered
ORD002903,CUST06117,2024-07-16,Credit Card,Delivered
ORD002904,CUST04889,2025-01-27,Credit Card,Delivered
ORD002905,CUST01220,2026-08-31,Debit Card,Delivered
ORD002906,CUST07328,2025-03-07,Debit Card,Delivered
ORD002907,CUST04188,2024-04-09,Credit Card,Delivered
ORD002908,CUST07848,2024-02-21,Credit Card,Delivered
ORD002909,CUST06289,2025-02-16,Net Banking,Delivered
ORD002910,CUST10479,2024-01-03,COD,Delivered
ORD002911,CUST01095,2025-09-12,UPI,Delivered
ORD002912,CUST11739,2024-06-07,Debit Card,Delivered
ORD002913,CUST07867,2024-12-09,Debit Card,Delivered
ORD002914,CUST11811,2024-03-03,Credit Card,Pending
ORD002915,CUST11159,2024-05-31,Debit Card,Delivered
ORD002916,CUST02715,2024-06-24,COD,Delivered
ORD002917,CUST07567,2024-04-09,Net Banking,Cancelled
ORD002918,CUST03774,2026-03-13,Net Banking,Delivered
ORD002919,CUST08966,2026-06-04,Credit Card,Delivered
ORD002920,CUST07146,2025-06-20,Credit Card,Delivered
ORD002921,CUST09319,2024-07-02,UPI,Delivered
ORD002922,CUST04376,2024-12-24,COD,Delivered
ORD002923,CUST10995,2024-09-03,Debit Card,Delivered
ORD002924,CUST10839,2025-06-16,Credit Card,Delivered
ORD002925,CUST06277,2025-10-16,UPI,Delivered
ORD002926,CUST10951,2026-01-07,Net Banking,Returned
ORD002927,CUST06230,2026-08-26,Debit Card,Returned
ORD002928,CUST01205,2024-05-10,Net Banking,Cancelled
ORD002929,CUST10275,2026-06-07,Net Banking,Delivered
ORD002930,CUST01530,2024-01-10,COD,Delivered
ORD002931,CUST08802,2024-06-26,Credit Card,Pending
ORD002932,CUST11923,2025-12-19,Credit Card,Cancelled
ORD002933,CUST04574,2025-05-23,Credit Card,Delivered
ORD002934,CUST01747,2024-05-05,Net Banking,Delivered
ORD002935,CUST00466,2026-04-27,UPI,Delivered
ORD002936,CUST02433,2025-06-08,COD,Delivered
ORD002937,CUST07849,2024-02-13,COD,Delivered
ORD002938,CUST03194,2026-01-17,Net Banking,Delivered
ORD002939,CUST09525,2025-01-19,Credit Card,Delivered
ORD002940,CUST07376,2025-11-17,UPI,Returned
ORD002941,CUST09342,2024-09-06,Credit Card,Pending
ORD002942,CUST11769,2024-02-24,COD,Delivered
ORD002943,CUST11968,2025-11-03,UPI,Delivered
ORD002944,CUST01960,2026-08-25,Debit Card,Delivered
ORD002945,CUST05182,2024-09-28,Debit Card,Returned
ORD002946,CUST11319,2025-07-13,Net Banking,Delivered
ORD002947,CUST05468,2024-10-17,Debit Card,Delivered
ORD002948,CUST10614,2024-02-20,COD,Delivered
ORD002949,CUST03595,2026-08-13,COD,Delivered
ORD002950,CUST00240,2026-04-25,Debit Card,Returned
ORD002951,CUST00820,2025-09-08,Net Banking,Delivered
ORD002952,CUST11488,2024-12-12,Net Banking,Delivered
ORD002953,CUST10778,2025-03-03,UPI,Cancelled
ORD002954,CUST04951,2026-08-01,Debit Card,Returned
ORD002955,CUST08240,2025-01-19,Debit Card,Delivered
ORD002956,CUST00813,2026-01-23,COD,Cancelled
ORD002957,CUST04583,2026-05-24,Debit Card,Cancelled
ORD002958,CUST03008,2024-12-15,Credit Card,Delivered
ORD002959,CUST01614,2024-10-17,Net Banking,Delivered
ORD002960,CUST05641,2025-05-25,Net Banking,Returned
ORD002961,CUST05634,2026-06-24,UPI,Delivered
ORD002962,CUST07677,2024-12-16,Debit Card,Delivered
ORD002963,CUST09675,2025-06-07,Net Banking,Cancelled
ORD002964,CUST05902,2025-09-07,Debit Card,Pending
ORD002965,CUST00035,2025-06-30,COD,Delivered
ORD002966,CUST09792,2024-08-13,Net Banking,Delivered
ORD002967,CUST05738,2025-11-09,Debit Card,Delivered
ORD002968,CUST07577,2025-10-01,Debit Card,Delivered
ORD002969,CUST02913,2024-12-17,UPI,Delivered
ORD002970,CUST01545,2025-12-16,Net Banking,Delivered
ORD002971,CUST06349,2025-03-04,Credit Card,Delivered
ORD002972,CUST05898,2026-03-06,Net Banking,Delivered
ORD002973,CUST11961,2025-12-23,COD,Delivered
ORD002974,CUST04641,2026-07-08,Debit Card,Delivered
ORD002975,CUST05613,2026-07-04,Net Banking,Delivered
ORD002976,CUST00905,2025-04-14,Debit Card,Delivered
ORD002977,CUST01590,2025-06-06,UPI,Returned
ORD002978,CUST11533,2024-10-10,UPI,Returned
ORD002979,CUST08344,2026-01-13,Net Banking,Returned
ORD002980,CUST07230,2024-01-20,UPI,Delivered
ORD002981,CUST07552,2026-08-22,Debit Card,Cancelled
ORD002982,CUST06971,2026-01-24,COD,Delivered
ORD002983,CUST05432,2026-08-16,Net Banking,Pending
ORD002984,CUST08252,2025-01-06,COD,Delivered
ORD002985,CUST08161,2024-11-09,UPI,Delivered
ORD002986,CUST10519,2026-03-18,UPI,Delivered
ORD002987,CUST03739,2026-02-13,Debit Card,Returned
ORD002988,CUST03692,2026-05-03,Net Banking,Delivered
ORD002989,CUST03372,2025-02-24,Net Banking,Delivered
ORD002990,CUST07737,2026-02-06,Credit Card,Delivered
ORD002991,CUST11162,2025-02-16,Debit Card,Delivered
ORD002992,CUST02008,2024-03-16,Net Banking,Delivered
ORD002993,CUST08139,2024-12-14,COD,Delivered
ORD002994,CUST05981,2025-02-23,UPI,Delivered
ORD002995,CUST01136,2025-06-30,COD,Delivered
ORD002996,CUST06080,2025-09-10,UPI,Delivered
ORD002997,CUST11160,2025-10-23,Debit Card,Delivered
ORD002998,CUST06007,2024-09-30,Net Banking,Delivered
ORD002999,CUST10747,2025-03-16,UPI,Delivered
ORD003000,CUST05962,2024-03-26,Debit Card,Delivered
ORD003001,CUST11261,2025-08-17,COD,Pending
ORD003002,CUST03807,2025-06-29,UPI,Delivered
ORD003003,CUST05827,2025-04-01,Net Banking,Delivered
ORD003004,CUST01717,2024-11-25,COD,Delivered
ORD003005,CUST07339,2024-03-23,Debit Card,Delivered
ORD003006,CUST06504,2025-09-05,COD,Returned
ORD003007,CUST05531,2025-06-04,UPI,Delivered
ORD003008,CUST07217,2026-03-29,Credit Card,Delivered
ORD003009,CUST06704,2025-06-23,Credit Card,Delivered
ORD003010,CUST01488,2024-08-09,Net Banking,Delivered
ORD003011,CUST00739,2026-03-03,Debit Card,Delivered
ORD003012,CUST04322,2024-07-28,Net Banking,Delivered
ORD003013,CUST02441,2025-03-11,UPI,Returned
ORD003014,CUST09021,2025-06-21,Debit Card,Delivered
ORD003015,CUST07801,2024-05-26,Credit Card,Delivered
ORD003016,CUST08280,2024-08-06,COD,Delivered
ORD003017,CUST02147,2026-05-17,COD,Returned
ORD003018,CUST11798,2024-03-08,UPI,Delivered
ORD003019,CUST10726,2024-10-31,UPI,Delivered
ORD003020,CUST11335,2024-01-26,Debit Card,Cancelled
ORD003021,CUST02476,2026-03-23,Credit Card,Returned
ORD003022,CUST00316,2024-11-18,COD,Returned
ORD003023,CUST00477,2025-09-20,Debit Card,Returned
ORD003024,CUST06271,2024-04-09,Debit Card,Delivered
ORD003025,CUST00551,2025-10-08,Debit Card,Delivered
ORD003026,CUST02473,2026-02-16,Net Banking,Delivered
ORD003027,CUST08073,2025-05-07,Debit Card,Returned
ORD003028,CUST07041,2025-12-08,Debit Card,Delivered
ORD003029,CUST09157,2026-06-21,Debit Card,Delivered
ORD003030,CUST02187,2025-10-23,Debit Card,Pending
ORD003031,CUST04228,2024-09-10,Net Banking,Pending
ORD003032,CUST06305,2025-04-14,UPI,Delivered
ORD003033,CUST08749,2026-03-31,Net Banking,Delivered
ORD003034,CUST03476,2024-01-29,Debit Card,Delivered
ORD003035,CUST06309,2026-06-25,UPI,Returned
ORD003036,CUST06996,2024-05-06,Net Banking,Delivered
ORD003037,CUST06370,2024-07-09,Credit Card,Delivered
ORD003038,CUST01331,2025-12-01,Credit Card,Delivered
ORD003039,CUST07824,2026-04-03,Debit Card,Delivered
ORD003040,CUST06880,2024-04-30,Debit Card,Delivered
ORD003041,CUST09636,2024-08-23,COD,Delivered
ORD003042,CUST04274,2026-04-04,Credit Card,Delivered
ORD003043,CUST10571,2026-06-20,UPI,Delivered
ORD003044,CUST03576,2024-02-06,UPI,Delivered
ORD003045,CUST10928,2024-09-25,COD,Delivered
ORD003046,CUST11805,2024-08-12,Credit Card,Pending
ORD003047,CUST03370,2024-02-16,Net Banking,Delivered
ORD003048,CUST03682,2025-05-13,Net Banking,Delivered
ORD003049,CUST03259,2025-03-31,UPI,Delivered
ORD003050,CUST00951,2026-04-22,Net Banking,Delivered
ORD003051,CUST02936,2025-04-25,Debit Card,Delivered
ORD003052,CUST10691,2025-12-04,Debit Card,Delivered
ORD003053,CUST09952,2024-12-18,COD,Delivered
ORD003054,CUST05204,2026-07-28,Net Banking,Delivered
ORD003055,CUST04988,2025-03-07,COD,Delivered
ORD003056,CUST10354,2025-05-02,Credit Card,Returned
ORD003057,CUST02688,2025-08-25,Net Banking,Delivered
ORD003058,CUST02699,2025-05-08,UPI,Delivered
ORD003059,CUST11800,2026-05-20,UPI,Delivered
ORD003060,CUST00922,2025-10-19,Credit Card,Delivered
ORD003061,CUST04643,2024-04-27,Debit Card,Delivered
ORD003062,CUST04072,2024-06-21,Debit Card,Delivered
ORD003063,CUST03717,2026-07-16,Debit Card,Pending
ORD003064,CUST10127,2024-08-24,Net Banking,Delivered
ORD003065,CUST08810,2026-01-14,COD,Delivered
ORD003066,CUST02830,2024-01-24,Credit Card,Delivered
ORD003067,CUST10661,2024-03-26,Net Banking,Returned
ORD003068,CUST01810,2026-08-03,UPI,Delivered
ORD003069,CUST00972,2025-07-24,COD,Cancelled
ORD003070,CUST01987,2026-02-05,COD,Delivered
ORD003071,CUST09832,2024-09-15,Net Banking,Pending
ORD003072,CUST08366,2024-03-07,UPI,Cancelled
ORD003073,CUST00580,2024-01-14,COD,Delivered
ORD003074,CUST11766,2024-04-05,Net Banking,Delivered
ORD003075,CUST05689,2025-04-01,UPI,Delivered
ORD003076,CUST06696,2026-02-22,Net Banking,Delivered
ORD003077,CUST00474,2024-08-04,UPI,Delivered
ORD003078,CUST05520,2025-12-09,Credit Card,Delivered
ORD003079,CUST03902,2024-07-08,Debit Card,Delivered
ORD003080,CUST02327,2025-04-05,Net Banking,Delivered
ORD003081,CUST00216,2025-11-29,Net Banking,Delivered
ORD003082,CUST06140,2024-12-16,Net Banking,Delivered
ORD003083,CUST04606,2024-05-28,Net Banking,Delivered
ORD003084,CUST04691,2025-02-27,Credit Card,Delivered
ORD003085,CUST06248,2026-04-08,Debit Card,Delivered
ORD003086,CUST07135,2024-02-20,Debit Card,Delivered
ORD003087,CUST03123,2025-12-13,COD,Delivered
ORD003088,CUST08961,2024-03-25,Credit Card,Pending
ORD003089,CUST09293,2024-07-19,Debit Card,Delivered
ORD003090,CUST01113,2024-01-10,Debit Card,Returned
ORD003091,CUST06794,2026-07-25,UPI,Cancelled
ORD003092,CUST04858,2025-05-06,UPI,Delivered
ORD003093,CUST02078,2024-09-24,Credit Card,Delivered
ORD003094,CUST08078,2026-08-28,Credit Card,Delivered
ORD003095,CUST01760,2024-07-30,Debit Card,Delivered
ORD003096,CUST05278,2025-05-12,UPI,Delivered
ORD003097,CUST08709,2025-03-23,UPI,Delivered
ORD003098,CUST06637,2025-01-18,Debit Card,Delivered
ORD003099,CUST06415,2024-09-11,Debit Card,Delivered
ORD003100,CUST11665,2025-02-26,COD,Delivered
ORD003101,CUST05473,2024-12-18,Net Banking,Delivered
ORD003102,CUST01740,2024-07-10,Credit Card,Delivered
ORD003103,CUST02329,2024-07-17,Credit Card,Returned
ORD003104,CUST08467,2024-09-13,COD,Delivered
ORD003105,CUST09275,2024-01-14,UPI,Cancelled
ORD003106,CUST10421,2026-07-29,Net Banking,Delivered
ORD003107,CUST04567,2025-02-08,UPI,Delivered
ORD003108,CUST00679,2025-11-15,COD,Returned
ORD003109,CUST00895,2026-05-30,COD,Delivered
ORD003110,CUST09640,2025-12-12,COD,Pending
ORD003111,CUST07381,2026-04-28,Credit Card,Delivered
ORD003112,CUST08292,2025-07-27,Credit Card,Delivered
ORD003113,CUST06163,2025-07-10,UPI,Delivered
ORD003114,CUST03908,2025-03-13,Debit Card,Delivered
ORD003115,CUST06634,2025-01-17,Credit Card,Delivered
ORD003116,CUST05779,2025-01-03,Net Banking,Delivered
ORD003117,CUST05435,2026-04-26,Net Banking,Delivered
ORD003118,CUST05437,2026-06-16,Net Banking,Delivered
ORD003119,CUST08224,2026-06-27,COD,Delivered
ORD003120,CUST07018,2024-08-31,UPI,Delivered
ORD003121,CUST01581,2026-07-13,COD,Delivered
ORD003122,CUST02467,2024-06-04,Net Banking,Delivered
ORD003123,CUST03510,2026-02-14,Net Banking,Delivered
ORD003124,CUST01002,2025-02-22,COD,Delivered
ORD003125,CUST11394,2026-03-02,Net Banking,Delivered
ORD003126,CUST04833,2024-01-07,Net Banking,Delivered
ORD003127,CUST11210,2025-06-23,UPI,Delivered
ORD003128,CUST10029,2024-03-30,Net Banking,Delivered
ORD003129,CUST08865,2025-12-21,COD,Delivered
ORD003130,CUST07959,2024-07-09,COD,Returned
ORD003131,CUST05113,2026-01-11,Debit Card,Delivered
ORD003132,CUST07786,2025-06-01,Net Banking,Delivered
ORD003133,CUST10148,2026-06-08,Debit Card,Pending
ORD003134,CUST07134,2025-01-10,COD,Delivered
ORD003135,CUST04677,2024-09-23,Debit Card,Delivered
ORD003136,CUST08149,2024-02-07,Net Banking,Delivered
ORD003137,CUST04304,2025-03-25,Credit Card,Delivered
ORD003138,CUST05319,2025-03-22,UPI,Delivered
ORD003139,CUST07817,2024-02-01,Net Banking,Returned
ORD003140,CUST11508,2026-03-04,Debit Card,Delivered
ORD003141,CUST09777,2024-08-10,Debit Card,Delivered
ORD003142,CUST08218,2026-03-10,Debit Card,Delivered
ORD003143,CUST07392,2024-06-11,COD,Delivered
ORD003144,CUST05611,2025-10-03,Net Banking,Returned
ORD003145,CUST07451,2026-06-17,Debit Card,Delivered
ORD003146,CUST06313,2025-11-03,Credit Card,Delivered
ORD003147,CUST02021,2024-01-07,Net Banking,Delivered
ORD003148,CUST08403,2024-07-31,COD,Cancelled
ORD003149,CUST03179,2026-08-01,Net Banking,Returned
ORD003150,CUST09047,2025-08-23,COD,Delivered
ORD003151,CUST09026,2024-03-20,COD,Delivered
ORD003152,CUST00317,2026-07-07,UPI,Delivered
ORD003153,CUST04418,2024-12-02,UPI,Delivered
ORD003154,CUST08089,2024-12-18,Credit Card,Delivered
ORD003155,CUST02667,2024-12-24,Debit Card,Delivered
ORD003156,CUST01086,2025-04-15,Net Banking,Returned
ORD003157,CUST07646,2026-02-15,Debit Card,Delivered
ORD003158,CUST07251,2024-11-18,Net Banking,Returned
ORD003159,CUST03864,2024-06-24,Credit Card,Delivered
ORD003160,CUST07542,2024-06-11,Credit Card,Delivered
ORD003161,CUST11245,2026-04-09,Net Banking,Delivered
ORD003162,CUST04961,2026-07-08,COD,Returned
ORD003163,CUST04027,2026-04-17,UPI,Pending
ORD003164,CUST08781,2025-12-23,Net Banking,Delivered
ORD003165,CUST06239,2026-01-29,COD,Delivered
ORD003166,CUST08870,2025-08-12,Net Banking,Cancelled
ORD003167,CUST07688,2024-09-15,Net Banking,Delivered
ORD003168,CUST01850,2025-06-01,Net Banking,Delivered
ORD003169,CUST01310,2025-02-23,Net Banking,Returned
ORD003170,CUST01591,2024-03-26,Net Banking,Delivered
ORD003171,CUST11438,2026-03-31,COD,Pending
ORD003172,CUST07522,2024-05-11,Credit Card,Delivered
ORD003173,CUST10789,2025-06-05,UPI,Delivered
ORD003174,CUST09588,2026-01-05,UPI,Delivered
ORD003175,CUST03974,2025-05-09,COD,Delivered
ORD003176,CUST06594,2026-05-30,COD,Delivered
ORD003177,CUST00837,2024-02-18,Net Banking,Returned
ORD003178,CUST09258,2026-07-27,Credit Card,Cancelled
ORD003179,CUST05375,2026-08-21,Credit Card,Delivered
ORD003180,CUST07123,2024-01-13,Debit Card,Delivered
ORD003181,CUST04161,2026-04-30,Credit Card,Delivered
ORD003182,CUST03046,2024-12-31,Net Banking,Delivered
ORD003183,CUST06617,2025-01-09,Debit Card,Delivered
ORD003184,CUST04432,2025-11-13,COD,Delivered
ORD003185,CUST01960,2026-01-27,Net Banking,Delivered
ORD003186,CUST01716,2024-12-23,Debit Card,Delivered
ORD003187,CUST07099,2024-06-24,Net Banking,Delivered
ORD003188,CUST08213,2024-08-05,COD,Delivered
ORD003189,CUST10420,2025-10-31,Debit Card,Delivered
ORD003190,CUST02407,2026-03-21,Net Banking,Delivered
ORD003191,CUST07247,2025-11-01,UPI,Delivered
ORD003192,CUST00133,2026-03-29,COD,Returned
ORD003193,CUST08868,2024-10-20,Debit Card,Delivered
ORD003194,CUST08819,2026-08-29,UPI,Delivered
ORD003195,CUST07155,2025-10-20,UPI,Delivered
ORD003196,CUST00790,2025-10-24,Debit Card,Delivered
ORD003197,CUST05512,2025-03-09,Credit Card,Delivered
ORD003198,CUST00991,2024-06-22,Credit Card,Delivered
ORD003199,CUST03457,2026-03-19,Net Banking,Delivered
ORD003200,CUST08988,2024-07-20,Debit Card,Delivered
ORD003201,CUST07989,2025-08-13,Debit Card,Delivered
ORD003202,CUST04248,2026-05-31,UPI,Cancelled
ORD003203,CUST07422,2025-02-04,UPI,Delivered
ORD003204,CUST06274,2025-03-11,UPI,Delivered
ORD003205,CUST01599,2024-09-25,COD,Delivered
ORD003206,CUST03923,2026-07-08,Credit Card,Delivered
ORD003207,CUST06697,2024-12-01,Net Banking,Delivered
ORD003208,CUST02033,2025-05-01,Net Banking,Cancelled
ORD003209,CUST11353,2025-09-05,Debit Card,Pending
ORD003210,CUST07959,2026-07-14,UPI,Cancelled
ORD003211,CUST09906,2024-04-18,Debit Card,Delivered
ORD003212,CUST08522,2026-06-08,Credit Card,Delivered
ORD003213,CUST03543,2025-07-09,COD,Delivered
ORD003214,CUST01697,2026-06-05,Credit Card,Delivered
ORD003215,CUST10283,2025-06-10,Debit Card,Delivered
ORD003216,CUST09683,2025-05-30,UPI,Cancelled
ORD003217,CUST03127,2026-01-29,Debit Card,Cancelled
ORD003218,CUST09267,2024-08-23,UPI,Delivered
ORD003219,CUST03426,2025-07-17,UPI,Delivered
ORD003220,CUST08869,2024-07-20,Debit Card,Delivered
ORD003221,CUST05695,2026-05-21,COD,Delivered
ORD003222,CUST08003,2025-07-11,Debit Card,Delivered
ORD003223,CUST01273,2025-07-24,Credit Card,Delivered
ORD003224,CUST01351,2024-06-22,Credit Card,Delivered
ORD003225,CUST09323,2025-06-27,Net Banking,Delivered
ORD003226,CUST08369,2024-05-28,Credit Card,Delivered
ORD003227,CUST07935,2024-10-11,Credit Card,Delivered
ORD003228,CUST04004,2026-07-14,Debit Card,Delivered
ORD003229,CUST03265,2025-09-24,Debit Card,Cancelled
ORD003230,CUST09310,2026-02-13,COD,Cancelled
ORD003231,CUST09650,2025-07-07,Credit Card,Delivered
ORD003232,CUST04192,2026-02-05,COD,Delivered
ORD003233,CUST00689,2026-04-21,COD,Delivered
ORD003234,CUST05075,2025-05-16,Credit Card,Delivered
ORD003235,CUST01583,2025-11-20,Debit Card,Delivered
ORD003236,CUST09994,2025-08-20,UPI,Delivered
ORD003237,CUST09516,2025-05-22,UPI,Delivered
ORD003238,CUST09968,2024-01-17,UPI,Delivered
ORD003239,CUST04908,2025-02-05,COD,Delivered
ORD003240,CUST03809,2024-08-25,UPI,Delivered
ORD003241,CUST00365,2025-10-06,Net Banking,Delivered
ORD003242,CUST00516,2025-03-20,Net Banking,Delivered
ORD003243,CUST00576,2026-07-23,COD,Delivered
ORD003244,CUST04918,2025-12-21,Debit Card,Delivered
ORD003245,CUST06909,2026-05-15,Credit Card,Delivered
ORD003246,CUST08143,2025-12-08,COD,Delivered
ORD003247,CUST04777,2026-07-25,UPI,Delivered
ORD003248,CUST06134,2024-03-12,Credit Card,Cancelled
ORD003249,CUST08734,2024-01-26,Debit Card,Pending
ORD003250,CUST07239,2024-03-29,UPI,Delivered
ORD003251,CUST07910,2025-04-28,Net Banking,Returned
ORD003252,CUST09129,2024-08-22,Net Banking,Cancelled
ORD003253,CUST04050,2024-02-08,COD,Delivered
ORD003254,CUST01374,2026-08-28,Debit Card,Cancelled
ORD003255,CUST07816,2026-04-14,COD,Delivered
ORD003256,CUST02133,2024-02-13,Debit Card,Returned
ORD003257,CUST10738,2024-12-25,COD,Delivered
ORD003258,CUST06509,2024-03-04,Credit Card,Delivered
ORD003259,CUST06471,2026-07-23,COD,Delivered
ORD003260,CUST02540,2025-11-26,Credit Card,Delivered
ORD003261,CUST02757,2025-04-17,Debit Card,Delivered
ORD003262,CUST05280,2025-08-20,Credit Card,Delivered
ORD003263,CUST07376,2026-06-27,Credit Card,Delivered
ORD003264,CUST06334,2026-06-18,COD,Delivered
ORD003265,CUST09946,2024-10-10,Credit Card,Delivered
ORD003266,CUST09883,2025-08-17,UPI,Delivered
ORD003267,CUST02550,2026-02-09,UPI,Delivered
ORD003268,CUST10151,2026-02-04,Debit Card,Pending
ORD003269,CUST05243,2026-03-05,UPI,Delivered
ORD003270,CUST08924,2025-12-01,COD,Delivered
ORD003271,CUST00834,2025-05-21,Credit Card,Delivered
ORD003272,CUST10345,2024-11-26,Credit Card,Delivered
ORD003273,CUST04687,2025-10-07,Debit Card,Delivered
ORD003274,CUST06119,2024-10-30,Credit Card,Delivered
ORD003275,CUST09428,2026-01-04,Credit Card,Delivered
ORD003276,CUST00285,2025-07-21,Credit Card,Returned
ORD003277,CUST07492,2025-06-24,Debit Card,Delivered
ORD003278,CUST03539,2025-12-12,UPI,Delivered
ORD003279,CUST04234,2026-04-22,UPI,Returned
ORD003280,CUST00076,2025-09-23,Net Banking,Delivered
ORD003281,CUST09088,2025-04-01,COD,Delivered
ORD003282,CUST10651,2024-10-13,Net Banking,Delivered
ORD003283,CUST07016,2026-04-12,Debit Card,Delivered
ORD003284,CUST01745,2024-03-11,Debit Card,Delivered
ORD003285,CUST07238,2026-04-21,UPI,Delivered
ORD003286,CUST06701,2024-05-16,Credit Card,Returned
ORD003287,CUST07346,2024-03-03,Net Banking,Pending
ORD003288,CUST04784,2025-08-11,Debit Card,Pending
ORD003289,CUST09131,2026-03-05,COD,Cancelled
ORD003290,CUST03342,2025-06-13,Net Banking,Delivered
ORD003291,CUST07009,2026-06-30,COD,Delivered
ORD003292,CUST01708,2026-06-18,COD,Delivered
ORD003293,CUST04252,2025-11-08,UPI,Delivered
ORD003294,CUST03779,2024-05-27,UPI,Delivered
ORD003295,CUST05014,2026-07-25,COD,Delivered
ORD003296,CUST11149,2024-07-04,Net Banking,Delivered
ORD003297,CUST06237,2025-08-10,UPI,Returned
ORD003298,CUST00646,2025-06-23,Net Banking,Cancelled
ORD003299,CUST02240,2024-02-13,UPI,Cancelled
ORD003300,CUST09322,2026-04-12,Credit Card,Delivered
ORD003301,CUST09654,2025-10-10,Debit Card,Delivered
ORD003302,CUST02279,2024-12-27,Credit Card,Delivered
ORD003303,CUST10539,2024-04-22,Credit Card,Delivered
ORD003304,CUST07095,2024-06-09,Debit Card,Delivered
ORD003305,CUST09244,2026-01-26,UPI,Delivered
ORD003306,CUST08719,2026-08-18,UPI,Delivered
ORD003307,CUST10904,2025-09-09,Credit Card,Delivered
ORD003308,CUST04459,2024-01-09,UPI,Delivered
ORD003309,CUST02418,2025-12-26,COD,Returned
ORD003310,CUST02138,2024-11-13,COD,Delivered
ORD003311,CUST09918,2026-08-26,UPI,Delivered
ORD003312,CUST09921,2024-11-20,COD,Delivered
ORD003313,CUST06766,2024-04-27,Debit Card,Delivered
ORD003314,CUST04541,2025-01-20,Credit Card,Delivered
ORD003315,CUST04055,2024-07-24,UPI,Delivered
ORD003316,CUST11244,2025-12-16,Credit Card,Returned
ORD003317,CUST00129,2024-01-29,Debit Card,Returned
ORD003318,CUST03154,2024-07-26,Credit Card,Delivered
ORD003319,CUST08401,2024-10-30,UPI,Returned
ORD003320,CUST08238,2025-08-07,Debit Card,Delivered
ORD003321,CUST06636,2026-03-29,Debit Card,Delivered
ORD003322,CUST00001,2026-03-10,COD,Delivered
ORD003323,CUST03236,2026-06-03,UPI,Pending
ORD003324,CUST04933,2026-07-08,Debit Card,Delivered
ORD003325,CUST08005,2025-01-07,Debit Card,Delivered
ORD003326,CUST06016,2025-03-17,Credit Card,Delivered
ORD003327,CUST01635,2025-02-07,COD,Delivered
ORD003328,CUST08990,2026-05-01,Credit Card,Delivered
ORD003329,CUST09096,2025-05-22,Debit Card,Delivered
ORD003330,CUST04354,2025-09-20,Debit Card,Delivered
ORD003331,CUST11364,2024-08-30,Credit Card,Delivered
ORD003332,CUST01895,2024-08-21,Credit Card,Delivered
ORD003333,CUST05657,2025-03-02,Debit Card,Delivered
ORD003334,CUST05267,2025-01-06,Debit Card,Delivered
ORD003335,CUST04851,2025-01-23,COD,Returned
ORD003336,CUST07751,2025-04-12,Debit Card,Delivered
ORD003337,CUST03944,2025-12-20,Debit Card,Cancelled
ORD003338,CUST02062,2025-10-20,UPI,Delivered
ORD003339,CUST08068,2026-04-23,Net Banking,Cancelled
ORD003340,CUST04526,2025-08-15,Net Banking,Delivered
ORD003341,CUST03365,2024-04-07,Debit Card,Pending
ORD003342,CUST09067,2025-02-14,COD,Delivered
ORD003343,CUST02846,2024-10-23,UPI,Delivered
ORD003344,CUST08175,2025-01-14,Debit Card,Delivered
ORD003345,CUST10196,2025-04-18,UPI,Delivered
ORD003346,CUST09934,2026-01-23,Credit Card,Delivered
ORD003347,CUST05019,2026-03-12,COD,Returned
ORD003348,CUST09080,2024-01-21,Net Banking,Delivered
ORD003349,CUST00269,2025-11-12,UPI,Delivered
ORD003350,CUST07623,2024-04-14,Debit Card,Delivered
ORD003351,CUST03410,2025-08-01,Credit Card,Delivered
ORD003352,CUST03878,2024-04-09,COD,Delivered
ORD003353,CUST06119,2025-04-21,UPI,Delivered
ORD003354,CUST04681,2026-01-18,Credit Card,Delivered
ORD003355,CUST03496,2026-02-02,UPI,Delivered
ORD003356,CUST05798,2024-03-23,UPI,Delivered
ORD003357,CUST10025,2025-06-16,UPI,Delivered
ORD003358,CUST01255,2025-12-16,COD,Delivered
ORD003359,CUST05824,2025-04-15,COD,Delivered
ORD003360,CUST08760,2025-11-17,Net Banking,Delivered
ORD003361,CUST04311,2025-10-29,UPI,Delivered
ORD003362,CUST09009,2025-12-03,Credit Card,Cancelled
ORD003363,CUST11963,2026-08-17,Debit Card,Delivered
ORD003364,CUST11872,2026-04-02,UPI,Cancelled
ORD003365,CUST04775,2025-06-07,Net Banking,Delivered
ORD003366,CUST08186,2026-06-16,COD,Delivered
ORD003367,CUST09015,2026-08-12,Net Banking,Delivered
ORD003368,CUST10688,2026-03-08,Net Banking,Returned
ORD003369,CUST01795,2024-09-24,UPI,Delivered
ORD003370,CUST02184,2026-01-12,UPI,Delivered
ORD003371,CUST05839,2024-06-15,Credit Card,Delivered
ORD003372,CUST04857,2024-09-30,Credit Card,Delivered
ORD003373,CUST10494,2026-06-08,Net Banking,Delivered
ORD003374,CUST00329,2024-09-05,Credit Card,Delivered
ORD003375,CUST10768,2025-01-16,Credit Card,Delivered
ORD003376,CUST10010,2026-03-02,Debit Card,Returned
ORD003377,CUST11765,2025-10-13,Credit Card,Cancelled
ORD003378,CUST11090,2024-12-03,Net Banking,Delivered
ORD003379,CUST06408,2025-10-07,UPI,Returned
ORD003380,CUST03943,2026-02-14,COD,Delivered
ORD003381,CUST09204,2024-02-26,UPI,Delivered
ORD003382,CUST05180,2024-10-31,Net Banking,Delivered
ORD003383,CUST02016,2024-05-22,COD,Pending
ORD003384,CUST02506,2026-01-17,Debit Card,Returned
ORD003385,CUST08972,2025-06-02,Net Banking,Delivered
ORD003386,CUST11724,2024-08-08,Net Banking,Returned
ORD003387,CUST08891,2024-02-27,Net Banking,Delivered
ORD003388,CUST08379,2024-11-04,UPI,Delivered
ORD003389,CUST09162,2026-07-09,COD,Cancelled
ORD003390,CUST11641,2024-07-23,Debit Card,Cancelled
ORD003391,CUST11678,2025-03-20,Credit Card,Delivered
ORD003392,CUST04140,2024-08-11,COD,Delivered
ORD003393,CUST08358,2025-10-13,Net Banking,Delivered
ORD003394,CUST09368,2024-04-21,Net Banking,Delivered
ORD003395,CUST00701,2025-06-20,Net Banking,Delivered
ORD003396,CUST06484,2025-10-20,Net Banking,Delivered
ORD003397,CUST07984,2026-03-20,Debit Card,Delivered
ORD003398,CUST08401,2024-09-03,UPI,Delivered
ORD003399,CUST03270,2024-03-20,COD,Delivered
ORD003400,CUST07616,2025-06-07,Debit Card,Delivered
ORD003401,CUST03177,2025-11-30,Debit Card,Delivered
ORD003402,CUST09108,2025-07-01,Debit Card,Returned
ORD003403,CUST07090,2024-05-31,Debit Card,Delivered
ORD003404,CUST04999,2026-03-11,Debit Card,Delivered
ORD003405,CUST03752,2025-02-23,Debit Card,Returned
ORD003406,CUST05469,2024-05-11,Debit Card,Delivered
ORD003407,CUST01496,2025-04-27,UPI,Returned
ORD003408,CUST01091,2025-03-09,UPI,Delivered
ORD003409,CUST08361,2024-02-25,Debit Card,Delivered
ORD003410,CUST02200,2024-04-27,Net Banking,Delivered
ORD003411,CUST04570,2025-01-04,Credit Card,Delivered
ORD003412,CUST10437,2024-09-20,Debit Card,Returned
ORD003413,CUST08933,2025-12-01,COD,Delivered
ORD003414,CUST11126,2025-06-03,COD,Delivered
ORD003415,CUST08354,2025-10-08,Debit Card,Delivered
ORD003416,CUST06787,2026-05-21,UPI,Delivered
ORD003417,CUST08800,2025-02-12,COD,Delivered
ORD003418,CUST00728,2026-08-01,UPI,Delivered
ORD003419,CUST11977,2024-02-04,Credit Card,Returned
ORD003420,CUST00643,2025-08-13,Net Banking,Returned
ORD003421,CUST07064,2025-10-19,UPI,Delivered
ORD003422,CUST11978,2024-09-23,COD,Cancelled
ORD003423,CUST07500,2024-08-09,Credit Card,Delivered
ORD003424,CUST04044,2025-02-16,Net Banking,Delivered
ORD003425,CUST07761,2025-08-21,UPI,Returned
ORD003426,CUST09284,2024-09-11,Net Banking,Delivered
ORD003427,CUST06378,2025-09-01,Credit Card,Returned
ORD003428,CUST10481,2025-04-11,Credit Card,Cancelled
ORD003429,CUST03528,2026-02-22,Debit Card,Delivered
ORD003430,CUST09215,2025-06-01,Debit Card,Delivered
ORD003431,CUST09927,2024-08-20,UPI,Cancelled
ORD003432,CUST03767,2024-01-15,COD,Delivered
ORD003433,CUST00154,2024-11-24,Debit Card,Delivered
ORD003434,CUST04278,2025-06-24,UPI,Delivered
ORD003435,CUST01208,2024-07-10,Net Banking,Delivered
ORD003436,CUST02616,2026-01-15,Credit Card,Delivered
ORD003437,CUST04661,2025-07-31,Debit Card,Delivered
ORD003438,CUST05320,2026-05-28,UPI,Delivered
ORD003439,CUST01981,2024-04-06,Credit Card,Delivered
ORD003440,CUST07214,2024-08-17,Net Banking,Delivered
ORD003441,CUST02890,2024-08-02,Debit Card,Delivered
ORD003442,CUST10802,2025-09-23,Debit Card,Delivered
ORD003443,CUST08901,2024-05-20,Net Banking,Delivered
ORD003444,CUST06003,2025-04-12,COD,Delivered
ORD003445,CUST08166,2024-03-11,UPI,Pending
ORD003446,CUST03158,2026-04-04,Net Banking,Delivered
ORD003447,CUST11410,2025-11-21,Credit Card,Delivered
ORD003448,CUST08148,2025-12-25,Credit Card,Delivered
ORD003449,CUST10558,2025-06-23,COD,Delivered
ORD003450,CUST10775,2026-05-11,Net Banking,Returned
ORD003451,CUST09576,2025-10-24,UPI,Delivered
ORD003452,CUST07349,2024-05-04,Net Banking,Delivered
ORD003453,CUST03646,2024-12-06,COD,Delivered
ORD003454,CUST02122,2026-05-30,Debit Card,Delivered
ORD003455,CUST02942,2024-09-13,Net Banking,Returned
ORD003456,CUST03881,2026-05-13,COD,Delivered
ORD003457,CUST08557,2024-12-09,COD,Delivered
ORD003458,CUST10504,2024-07-17,Debit Card,Delivered
ORD003459,CUST11057,2024-06-11,COD,Pending
ORD003460,CUST06000,2024-10-18,UPI,Delivered
ORD003461,CUST00185,2025-06-09,COD,Pending
ORD003462,CUST11696,2024-07-02,Debit Card,Delivered
ORD003463,CUST04789,2024-03-02,Net Banking,Delivered
ORD003464,CUST03006,2026-06-26,COD,Delivered
ORD003465,CUST07656,2025-09-06,COD,Pending
ORD003466,CUST00730,2026-05-04,UPI,Delivered
ORD003467,CUST05226,2025-05-23,Debit Card,Cancelled
ORD003468,CUST07602,2024-05-21,Debit Card,Delivered
ORD003469,CUST00567,2024-07-08,Debit Card,Delivered
ORD003470,CUST01312,2025-09-21,Debit Card,Delivered
ORD003471,CUST04439,2025-12-29,Debit Card,Delivered
ORD003472,CUST11616,2025-06-17,Credit Card,Delivered
ORD003473,CUST07737,2025-05-07,Net Banking,Returned
ORD003474,CUST08804,2025-09-16,COD,Delivered
ORD003475,CUST00624,2025-09-04,COD,Cancelled
ORD003476,CUST07617,2024-01-29,COD,Delivered
ORD003477,CUST08690,2025-03-31,UPI,Delivered
ORD003478,CUST06066,2025-08-09,Debit Card,Delivered
ORD003479,CUST08415,2024-12-15,Net Banking,Delivered
ORD003480,CUST05818,2025-11-29,COD,Delivered
ORD003481,CUST09145,2026-05-03,Debit Card,Delivered
ORD003482,CUST01907,2025-06-10,Debit Card,Delivered
ORD003483,CUST01161,2025-10-22,Debit Card,Delivered
ORD003484,CUST02785,2024-04-20,UPI,Delivered
ORD003485,CUST03835,2025-08-23,Net Banking,Delivered
ORD003486,CUST05987,2024-09-03,COD,Delivered
ORD003487,CUST08895,2026-04-24,Credit Card,Delivered
ORD003488,CUST06338,2024-03-11,UPI,Cancelled
ORD003489,CUST06946,2024-04-22,UPI,Delivered
ORD003490,CUST03409,2025-04-10,Credit Card,Delivered
ORD003491,CUST00997,2025-01-30,UPI,Delivered
ORD003492,CUST05950,2026-04-08,COD,Delivered
ORD003493,CUST04828,2024-02-16,Net Banking,Delivered
ORD003494,CUST10453,2026-03-04,Net Banking,Delivered
ORD003495,CUST08779,2025-08-03,COD,Delivered
ORD003496,CUST02985,2024-08-30,COD,Delivered
ORD003497,CUST02870,2025-03-31,Net Banking,Delivered
ORD003498,CUST11769,2026-07-20,COD,Delivered
ORD003499,CUST02724,2024-07-01,UPI,Pending
ORD003500,CUST01005,2024-11-20,Net Banking,Pending
ORD003501,CUST01776,2024-12-07,Credit Card,Returned
ORD003502,CUST01115,2025-08-06,Credit Card,Delivered
ORD003503,CUST11092,2025-02-06,COD,Delivered
ORD003504,CUST04721,2025-11-04,Credit Card,Delivered
ORD003505,CUST07508,2026-08-23,Credit Card,Cancelled
ORD003506,CUST10882,2026-02-01,Net Banking,Delivered
ORD003507,CUST00613,2025-12-03,UPI,Cancelled
ORD003508,CUST11803,2025-09-29,Debit Card,Delivered
ORD003509,CUST10770,2024-06-26,Credit Card,Delivered
ORD003510,CUST07378,2024-08-28,COD,Pending
ORD003511,CUST01404,2026-02-23,Debit Card,Returned
ORD003512,CUST00011,2025-09-24,Credit Card,Delivered
ORD003513,CUST01998,2024-03-21,UPI,Delivered
ORD003514,CUST08108,2026-04-26,Credit Card,Delivered
ORD003515,CUST07783,2024-10-21,COD,Delivered
ORD003516,CUST07763,2025-09-04,UPI,Delivered
ORD003517,CUST00555,2024-06-07,COD,Pending
ORD003518,CUST08956,2025-02-09,COD,Delivered
ORD003519,CUST04647,2024-02-27,COD,Delivered
ORD003520,CUST10063,2025-06-20,COD,Returned
ORD003521,CUST00755,2024-10-01,COD,Delivered
ORD003522,CUST03156,2024-02-23,UPI,Delivered
ORD003523,CUST08529,2024-07-17,Net Banking,Returned
ORD003524,CUST08247,2024-01-02,UPI,Delivered
ORD003525,CUST11585,2024-11-30,Net Banking,Delivered
ORD003526,CUST01117,2024-01-22,UPI,Delivered
ORD003527,CUST04204,2025-05-08,COD,Delivered
ORD003528,CUST06995,2024-06-14,UPI,Delivered
ORD003529,CUST03422,2024-04-26,UPI,Delivered
ORD003530,CUST06553,2026-02-13,Net Banking,Delivered
ORD003531,CUST02794,2026-05-22,UPI,Cancelled
ORD003532,CUST05328,2024-12-08,UPI,Delivered
ORD003533,CUST04946,2025-07-31,Credit Card,Delivered
ORD003534,CUST04585,2026-06-02,COD,Delivered
ORD003535,CUST09014,2024-10-15,COD,Delivered
ORD003536,CUST04169,2024-12-03,Credit Card,Returned
ORD003537,CUST11355,2024-04-30,UPI,Delivered
ORD003538,CUST10094,2026-05-25,Debit Card,Delivered
ORD003539,CUST02868,2024-05-14,UPI,Cancelled
ORD003540,CUST00448,2024-11-10,COD,Delivered
ORD003541,CUST06950,2025-12-28,UPI,Delivered
ORD003542,CUST07980,2025-05-18,Debit Card,Delivered
ORD003543,CUST08023,2024-09-23,Credit Card,Delivered
ORD003544,CUST07403,2024-05-19,COD,Delivered
ORD003545,CUST07894,2025-10-19,Debit Card,Pending
ORD003546,CUST11488,2025-04-29,Debit Card,Delivered
ORD003547,CUST03288,2025-01-19,Debit Card,Delivered
ORD003548,CUST00166,2026-08-14,Net Banking,Delivered
ORD003549,CUST00434,2024-04-30,Credit Card,Delivered
ORD003550,CUST01820,2024-09-13,COD,Delivered
ORD003551,CUST04166,2026-03-05,Credit Card,Delivered
ORD003552,CUST08735,2024-09-03,Net Banking,Cancelled
ORD003553,CUST02233,2025-08-07,COD,Delivered
ORD003554,CUST09866,2025-03-24,UPI,Delivered
ORD003555,CUST00140,2026-04-23,Credit Card,Delivered
ORD003556,CUST03335,2024-11-15,Net Banking,Cancelled
ORD003557,CUST04252,2025-07-14,UPI,Returned
ORD003558,CUST10571,2025-12-20,Net Banking,Delivered
ORD003559,CUST09696,2026-05-30,COD,Delivered
ORD003560,CUST07956,2026-08-24,Credit Card,Delivered
ORD003561,CUST11228,2026-01-31,Net Banking,Delivered
ORD003562,CUST04417,2024-06-11,COD,Delivered
ORD003563,CUST10139,2026-08-10,Net Banking,Delivered
ORD003564,CUST06282,2024-06-17,Debit Card,Delivered
ORD003565,CUST08083,2026-07-07,Credit Card,Cancelled
ORD003566,CUST08394,2025-06-30,Debit Card,Delivered
ORD003567,CUST04186,2025-08-14,Net Banking,Delivered
ORD003568,CUST05569,2024-10-30,UPI,Delivered
ORD003569,CUST01470,2025-11-12,COD,Delivered
ORD003570,CUST04897,2025-03-31,UPI,Returned
ORD003571,CUST00986,2026-01-21,UPI,Delivered
ORD003572,CUST03554,2026-04-27,Debit Card,Delivered
ORD003573,CUST08869,2026-02-12,COD,Returned
ORD003574,CUST10097,2024-12-21,Net Banking,Delivered
ORD003575,CUST04749,2026-06-06,Net Banking,Delivered
ORD003576,CUST08030,2024-12-16,Net Banking,Delivered
ORD003577,CUST03050,2024-04-20,Net Banking,Delivered
ORD003578,CUST01890,2025-08-26,Debit Card,Delivered
ORD003579,CUST01829,2024-10-17,COD,Delivered
ORD003580,CUST07198,2024-09-29,Net Banking,Returned
ORD003581,CUST07382,2025-11-17,Credit Card,Returned
ORD003582,CUST08956,2024-10-12,Net Banking,Delivered
ORD003583,CUST06312,2026-01-25,Debit Card,Delivered
ORD003584,CUST04751,2024-01-09,Credit Card,Delivered
ORD003585,CUST10596,2026-03-01,UPI,Delivered
ORD003586,CUST01360,2024-02-14,Debit Card,Delivered
ORD003587,CUST00085,2024-03-05,Net Banking,Delivered
ORD003588,CUST09058,2024-05-19,COD,Pending
ORD003589,CUST03176,2024-12-02,COD,Delivered
ORD003590,CUST01142,2025-11-16,Credit Card,Delivered
ORD003591,CUST01062,2025-11-03,Debit Card,Delivered
ORD003592,CUST06625,2025-10-01,Credit Card,Delivered
ORD003593,CUST04232,2024-10-04,Credit Card,Delivered
ORD003594,CUST08268,2024-01-10,COD,Cancelled
ORD003595,CUST06439,2024-12-11,Debit Card,Delivered
ORD003596,CUST00316,2025-02-01,COD,Delivered
ORD003597,CUST08689,2024-08-04,Debit Card,Delivered
ORD003598,CUST09148,2025-05-09,COD,Delivered
ORD003599,CUST08813,2025-10-12,Debit Card,Delivered
ORD003600,CUST03640,2025-02-06,UPI,Delivered
ORD003601,CUST08210,2024-08-22,COD,Delivered
ORD003602,CUST04528,2024-11-02,UPI,Returned
ORD003603,CUST08808,2024-01-28,Credit Card,Delivered
ORD003604,CUST00149,2024-10-09,COD,Delivered
ORD003605,CUST04536,2025-05-22,Credit Card,Delivered
ORD003606,CUST04315,2026-01-28,COD,Delivered
ORD003607,CUST06150,2026-06-25,Credit Card,Delivered
ORD003608,CUST08863,2024-05-29,Net Banking,Delivered
ORD003609,CUST03682,2024-06-01,Debit Card,Delivered
ORD003610,CUST06983,2026-02-25,Credit Card,Delivered
ORD003611,CUST09211,2025-03-23,Debit Card,Delivered
ORD003612,CUST02943,2026-07-23,Credit Card,Delivered
ORD003613,CUST09467,2024-09-19,COD,Delivered
ORD003614,CUST11325,2024-09-05,Debit Card,Delivered
ORD003615,CUST09695,2026-06-20,Debit Card,Delivered
ORD003616,CUST06006,2025-10-10,UPI,Delivered
ORD003617,CUST10308,2025-09-21,Debit Card,Delivered
ORD003618,CUST05561,2026-07-02,Debit Card,Delivered
ORD003619,CUST00884,2025-02-18,Debit Card,Cancelled
ORD003620,CUST02672,2025-12-10,Credit Card,Delivered
ORD003621,CUST09745,2026-04-09,Net Banking,Delivered
ORD003622,CUST11933,2024-11-12,Debit Card,Delivered
ORD003623,CUST05187,2024-06-22,Net Banking,Returned
ORD003624,CUST05947,2024-09-01,Debit Card,Delivered
ORD003625,CUST02563,2024-12-07,COD,Delivered
ORD003626,CUST01902,2024-01-09,Net Banking,Delivered
ORD003627,CUST11246,2025-04-23,UPI,Cancelled
ORD003628,CUST10855,2024-01-22,Debit Card,Delivered
ORD003629,CUST08347,2026-03-31,COD,Delivered
ORD003630,CUST07681,2024-10-03,Net Banking,Delivered
ORD003631,CUST05455,2026-07-19,COD,Delivered
ORD003632,CUST11086,2026-02-05,UPI,Delivered
ORD003633,CUST00388,2026-07-13,UPI,Delivered
ORD003634,CUST00004,2024-03-25,UPI,Delivered
ORD003635,CUST09177,2024-02-22,UPI,Delivered
ORD003636,CUST02428,2025-07-27,COD,Delivered
ORD003637,CUST09931,2025-11-28,Net Banking,Delivered
ORD003638,CUST01035,2024-03-01,UPI,Delivered
ORD003639,CUST00716,2025-11-05,COD,Delivered
ORD003640,CUST07887,2026-05-04,COD,Delivered
ORD003641,CUST01533,2025-02-27,Net Banking,Delivered
ORD003642,CUST06329,2024-03-22,COD,Delivered
ORD003643,CUST09370,2025-07-24,Credit Card,Delivered
ORD003644,CUST01903,2026-05-04,Net Banking,Delivered
ORD003645,CUST00922,2026-02-07,COD,Delivered
ORD003646,CUST00694,2025-05-13,Debit Card,Delivered
ORD003647,CUST08859,2024-06-20,Debit Card,Delivered
ORD003648,CUST01252,2024-02-27,UPI,Returned
ORD003649,CUST00102,2024-07-30,Net Banking,Cancelled
ORD003650,CUST05814,2024-06-30,COD,Delivered
ORD003651,CUST01801,2025-12-20,COD,Delivered
ORD003652,CUST00072,2026-06-23,Credit Card,Delivered
ORD003653,CUST07667,2026-03-03,Credit Card,Delivered
ORD003654,CUST00884,2026-07-22,UPI,Delivered
ORD003655,CUST03050,2025-02-12,Net Banking,Delivered
ORD003656,CUST03904,2025-04-30,UPI,Delivered
ORD003657,CUST07409,2024-01-07,Credit Card,Delivered
ORD003658,CUST07957,2025-03-05,Credit Card,Returned
ORD003659,CUST01434,2024-12-01,Net Banking,Delivered
ORD003660,CUST07823,2025-09-21,UPI,Delivered
ORD003661,CUST05547,2025-06-30,Credit Card,Delivered
ORD003662,CUST05849,2024-04-04,COD,Delivered
ORD003663,CUST09895,2026-08-14,Debit Card,Cancelled
ORD003664,CUST05648,2024-01-01,Credit Card,Delivered
ORD003665,CUST06691,2025-02-07,UPI,Delivered
ORD003666,CUST03212,2026-01-22,Credit Card,Cancelled
ORD003667,CUST08120,2025-03-17,COD,Delivered
ORD003668,CUST07920,2025-12-31,Debit Card,Delivered
ORD003669,CUST00308,2026-08-18,Debit Card,Cancelled
ORD003670,CUST10082,2026-03-15,COD,Delivered
ORD003671,CUST10174,2025-02-11,UPI,Delivered
ORD003672,CUST04488,2025-09-16,COD,Delivered
ORD003673,CUST00087,2025-10-06,COD,Delivered
ORD003674,CUST09355,2026-06-25,Net Banking,Delivered
ORD003675,CUST05499,2025-01-10,Net Banking,Delivered
ORD003676,CUST07211,2026-07-19,Net Banking,Delivered
ORD003677,CUST00866,2025-06-24,Debit Card,Delivered
ORD003678,CUST11941,2026-06-04,Debit Card,Delivered
ORD003679,CUST08345,2025-10-24,Credit Card,Delivered
ORD003680,CUST06616,2025-04-02,Net Banking,Delivered
ORD003681,CUST02712,2026-01-04,UPI,Cancelled
ORD003682,CUST00618,2026-07-08,UPI,Delivered
ORD003683,CUST10530,2024-03-18,Net Banking,Delivered
ORD003684,CUST09711,2025-01-05,Debit Card,Cancelled
ORD003685,CUST03922,2024-05-04,COD,Delivered
ORD003686,CUST00938,2026-04-22,Debit Card,Delivered
ORD003687,CUST01615,2026-04-12,Credit Card,Delivered
ORD003688,CUST05231,2025-11-14,Net Banking,Delivered
ORD003689,CUST07436,2026-07-10,Debit Card,Delivered
ORD003690,CUST02525,2024-07-02,COD,Delivered
ORD003691,CUST03732,2025-06-15,Credit Card,Delivered
ORD003692,CUST06531,2024-11-17,Debit Card,Delivered
ORD003693,CUST03408,2024-02-02,Net Banking,Delivered
ORD003694,CUST03655,2025-03-06,COD,Delivered
ORD003695,CUST01265,2025-05-16,Debit Card,Delivered
ORD003696,CUST04324,2026-03-23,Net Banking,Delivered
ORD003697,CUST01686,2025-11-15,Net Banking,Delivered
ORD003698,CUST09167,2025-12-21,Debit Card,Returned
ORD003699,CUST04169,2024-07-16,Debit Card,Delivered
ORD003700,CUST01553,2026-02-18,Debit Card,Pending
ORD003701,CUST11522,2025-12-19,COD,Returned
ORD003702,CUST04319,2024-11-07,Debit Card,Delivered
ORD003703,CUST05646,2024-11-18,UPI,Delivered
ORD003704,CUST00485,2026-07-06,Debit Card,Delivered
ORD003705,CUST05805,2026-07-22,Credit Card,Delivered
ORD003706,CUST10431,2026-05-02,UPI,Delivered
ORD003707,CUST06410,2026-01-08,Credit Card,Delivered
ORD003708,CUST09174,2026-05-25,Credit Card,Delivered
ORD003709,CUST06360,2024-02-12,Net Banking,Delivered
ORD003710,CUST09911,2025-08-25,COD,Returned
ORD003711,CUST10386,2025-01-24,UPI,Delivered
ORD003712,CUST06898,2026-06-25,UPI,Delivered
ORD003713,CUST07350,2025-06-12,Net Banking,Delivered
ORD003714,CUST05249,2024-08-15,Credit Card,Cancelled
ORD003715,CUST02613,2024-08-10,COD,Delivered
ORD003716,CUST05984,2025-09-10,COD,Delivered
ORD003717,CUST03792,2025-01-31,Net Banking,Delivered
ORD003718,CUST10631,2025-05-18,Debit Card,Delivered
ORD003719,CUST08275,2024-06-24,COD,Delivered
ORD003720,CUST03097,2024-08-08,Debit Card,Delivered
ORD003721,CUST07601,2025-02-25,Net Banking,Delivered
ORD003722,CUST05194,2026-05-01,Credit Card,Delivered
ORD003723,CUST05764,2024-10-20,Debit Card,Delivered
ORD003724,CUST09880,2024-10-31,UPI,Delivered
ORD003725,CUST02478,2024-04-08,Debit Card,Delivered
ORD003726,CUST11767,2024-08-18,Credit Card,Delivered
ORD003727,CUST01990,2026-04-12,Debit Card,Cancelled
ORD003728,CUST06009,2026-05-25,Net Banking,Delivered
ORD003729,CUST09612,2026-03-28,Debit Card,Pending
ORD003730,CUST09044,2025-06-08,UPI,Delivered
ORD003731,CUST08652,2026-05-08,Debit Card,Delivered
ORD003732,CUST07486,2024-05-10,Net Banking,Returned
ORD003733,CUST09804,2024-07-30,Debit Card,Delivered
ORD003734,CUST05562,2024-01-28,COD,Returned
ORD003735,CUST06310,2026-04-17,Credit Card,Delivered
ORD003736,CUST05572,2026-07-30,UPI,Delivered
ORD003737,CUST06289,2024-10-28,Credit Card,Returned
ORD003738,CUST10762,2025-10-10,UPI,Delivered
ORD003739,CUST02515,2025-03-21,Credit Card,Pending
ORD003740,CUST03755,2026-03-23,UPI,Delivered
ORD003741,CUST11553,2025-11-03,Debit Card,Delivered
ORD003742,CUST07205,2025-05-30,Credit Card,Delivered
ORD003743,CUST11896,2025-01-31,UPI,Delivered
ORD003744,CUST04508,2024-02-21,Debit Card,Delivered
ORD003745,CUST10926,2025-11-08,UPI,Delivered
ORD003746,CUST10093,2026-04-12,UPI,Delivered
ORD003747,CUST08578,2024-10-28,Net Banking,Delivered
ORD003748,CUST03494,2025-04-17,Net Banking,Delivered
ORD003749,CUST04134,2026-06-15,Credit Card,Delivered
ORD003750,CUST11159,2025-11-02,Debit Card,Delivered
ORD003751,CUST07386,2024-12-27,COD,Delivered
ORD003752,CUST11508,2024-06-25,UPI,Cancelled
ORD003753,CUST03115,2025-06-14,Credit Card,Delivered
ORD003754,CUST02166,2025-08-15,Net Banking,Delivered
ORD003755,CUST02654,2025-05-24,Debit Card,Delivered
ORD003756,CUST09540,2024-06-28,Net Banking,Cancelled
ORD003757,CUST00198,2025-02-26,UPI,Delivered
ORD003758,CUST09698,2024-07-08,Net Banking,Delivered
ORD003759,CUST06395,2025-07-06,Net Banking,Delivered
ORD003760,CUST09209,2026-04-23,Debit Card,Delivered
ORD003761,CUST11968,2024-05-27,Credit Card,Pending
ORD003762,CUST02516,2025-06-17,UPI,Delivered
ORD003763,CUST09024,2026-01-18,UPI,Delivered
ORD003764,CUST09765,2025-11-01,Debit Card,Delivered
ORD003765,CUST07671,2025-09-01,Credit Card,Delivered
ORD003766,CUST08296,2024-03-27,Debit Card,Cancelled
ORD003767,CUST02033,2025-09-11,Debit Card,Delivered
ORD003768,CUST01258,2024-11-07,Net Banking,Cancelled
ORD003769,CUST06217,2024-10-01,Credit Card,Delivered
ORD003770,CUST10274,2024-04-22,UPI,Delivered
ORD003771,CUST05282,2026-04-13,COD,Pending
ORD003772,CUST05019,2024-11-17,UPI,Delivered
ORD003773,CUST00337,2024-10-20,Debit Card,Delivered
ORD003774,CUST05609,2025-07-04,COD,Delivered
ORD003775,CUST04293,2026-01-10,Debit Card,Pending
ORD003776,CUST00995,2026-08-29,COD,Delivered
ORD003777,CUST11494,2025-06-23,Net Banking,Cancelled
ORD003778,CUST00100,2025-06-06,Debit Card,Delivered
ORD003779,CUST02111,2026-01-15,COD,Cancelled
ORD003780,CUST09550,2026-05-30,UPI,Delivered
ORD003781,CUST01021,2024-04-02,Net Banking,Pending
ORD003782,CUST11150,2025-06-16,Debit Card,Delivered
ORD003783,CUST03778,2025-10-30,Credit Card,Delivered
ORD003784,CUST02332,2025-08-27,Net Banking,Delivered
ORD003785,CUST09935,2025-07-07,COD,Delivered
ORD003786,CUST00876,2025-10-13,Credit Card,Delivered
ORD003787,CUST08174,2024-01-02,Credit Card,Delivered
ORD003788,CUST07306,2024-02-09,Credit Card,Delivered
ORD003789,CUST08611,2024-04-11,COD,Delivered
ORD003790,CUST05890,2024-11-14,Net Banking,Delivered
ORD003791,CUST00991,2025-11-03,Credit Card,Delivered
ORD003792,CUST02475,2026-05-26,Credit Card,Delivered
ORD003793,CUST08876,2026-07-30,COD,Delivered
ORD003794,CUST00043,2026-02-16,Debit Card,Delivered
ORD003795,CUST02036,2025-05-03,Debit Card,Returned
ORD003796,CUST03380,2026-06-25,Net Banking,Delivered
ORD003797,CUST09838,2024-01-16,Credit Card,Delivered
ORD003798,CUST04243,2024-09-20,UPI,Delivered
ORD003799,CUST04913,2024-02-16,Debit Card,Delivered
ORD003800,CUST02429,2026-06-03,Credit Card,Delivered
ORD003801,CUST09967,2025-11-16,Net Banking,Returned
ORD003802,CUST09919,2024-09-16,UPI,Delivered
ORD003803,CUST03188,2025-03-03,Debit Card,Delivered
ORD003804,CUST09681,2025-08-26,Debit Card,Cancelled
ORD003805,CUST03741,2025-06-12,Credit Card,Cancelled
ORD003806,CUST00844,2024-12-03,Credit Card,Returned
ORD003807,CUST03279,2024-09-01,UPI,Cancelled
ORD003808,CUST01077,2025-05-31,COD,Delivered
ORD003809,CUST07266,2024-03-12,Net Banking,Delivered
ORD003810,CUST06069,2024-05-05,Credit Card,Cancelled
ORD003811,CUST06801,2024-06-29,Credit Card,Cancelled
ORD003812,CUST06901,2025-05-31,Debit Card,Delivered
ORD003813,CUST02296,2024-02-04,UPI,Delivered
ORD003814,CUST09706,2024-01-23,COD,Returned
ORD003815,CUST02898,2025-10-23,COD,Delivered
ORD003816,CUST03928,2025-01-02,Net Banking,Delivered
ORD003817,CUST07500,2024-04-26,Net Banking,Delivered
ORD003818,CUST11201,2026-08-12,Credit Card,Delivered
ORD003819,CUST03108,2026-04-13,UPI,Delivered
ORD003820,CUST07365,2025-11-06,Debit Card,Delivered
ORD003821,CUST11674,2025-08-01,Net Banking,Delivered
ORD003822,CUST02232,2024-01-28,COD,Delivered
ORD003823,CUST08259,2024-08-23,Credit Card,Delivered
ORD003824,CUST02081,2025-04-01,Credit Card,Delivered
ORD003825,CUST05287,2025-02-10,Debit Card,Delivered
ORD003826,CUST06842,2025-10-14,UPI,Delivered
ORD003827,CUST09740,2025-05-08,COD,Returned
ORD003828,CUST01269,2024-07-19,Credit Card,Delivered
ORD003829,CUST09702,2025-08-03,Credit Card,Delivered
ORD003830,CUST04692,2024-08-19,Net Banking,Delivered
ORD003831,CUST09041,2026-03-08,COD,Returned
ORD003832,CUST08136,2026-08-09,Debit Card,Delivered
ORD003833,CUST06763,2025-07-25,Credit Card,Delivered
ORD003834,CUST07693,2026-05-04,COD,Cancelled
ORD003835,CUST01875,2025-08-31,UPI,Delivered
ORD003836,CUST00602,2026-07-05,COD,Delivered
ORD003837,CUST06260,2026-05-29,UPI,Delivered
ORD003838,CUST07045,2026-04-24,UPI,Delivered
ORD003839,CUST04781,2024-02-11,Debit Card,Delivered
ORD003840,CUST07513,2024-04-14,Credit Card,Returned
ORD003841,CUST09605,2026-03-26,UPI,Delivered
ORD003842,CUST02583,2026-05-22,Debit Card,Returned
ORD003843,CUST11043,2025-12-16,COD,Delivered
ORD003844,CUST10481,2024-05-29,Credit Card,Delivered
ORD003845,CUST00096,2025-05-25,Credit Card,Delivered
ORD003846,CUST04221,2026-01-29,Debit Card,Delivered
ORD003847,CUST08426,2026-08-21,Debit Card,Delivered
ORD003848,CUST04678,2024-11-24,Net Banking,Cancelled
ORD003849,CUST11741,2024-04-04,COD,Returned
ORD003850,CUST06775,2024-02-19,Net Banking,Delivered
ORD003851,CUST08214,2025-12-03,Net Banking,Pending
ORD003852,CUST02809,2025-11-18,Credit Card,Delivered
ORD003853,CUST01236,2026-04-13,Net Banking,Delivered
ORD003854,CUST08188,2026-05-27,COD,Delivered
ORD003855,CUST02523,2025-03-14,Debit Card,Delivered
ORD003856,CUST10428,2025-07-01,Credit Card,Returned
ORD003857,CUST07351,2026-08-28,Credit Card,Delivered
ORD003858,CUST08610,2026-03-07,Net Banking,Delivered
ORD003859,CUST00553,2025-04-28,COD,Delivered
ORD003860,CUST02588,2025-09-01,Debit Card,Delivered
ORD003861,CUST07967,2024-06-23,COD,Delivered
ORD003862,CUST07701,2025-09-24,UPI,Delivered
ORD003863,CUST05194,2024-02-19,COD,Delivered
ORD003864,CUST08228,2025-06-04,UPI,Pending
ORD003865,CUST06093,2025-08-10,Credit Card,Delivered
ORD003866,CUST04066,2025-08-19,COD,Delivered
ORD003867,CUST08723,2025-03-21,COD,Delivered
ORD003868,CUST10364,2025-05-31,COD,Delivered
ORD003869,CUST03090,2024-01-07,Net Banking,Delivered
ORD003870,CUST06228,2026-07-28,Credit Card,Delivered
ORD003871,CUST04801,2024-02-06,COD,Delivered
ORD003872,CUST00918,2026-06-11,Debit Card,Delivered
ORD003873,CUST11452,2024-09-02,Credit Card,Delivered
ORD003874,CUST11428,2025-05-13,COD,Delivered
ORD003875,CUST07890,2025-05-29,Debit Card,Delivered
ORD003876,CUST06538,2025-10-16,Net Banking,Returned
ORD003877,CUST02068,2025-08-17,Debit Card,Cancelled
ORD003878,CUST09212,2026-05-30,Credit Card,Delivered
ORD003879,CUST10216,2026-02-09,Credit Card,Delivered
ORD003880,CUST10353,2024-12-05,UPI,Delivered
ORD003881,CUST09533,2024-11-30,UPI,Delivered
ORD003882,CUST02405,2025-09-05,UPI,Returned
ORD003883,CUST07318,2024-07-21,Net Banking,Returned
ORD003884,CUST08964,2025-02-01,Credit Card,Delivered
ORD003885,CUST02874,2024-01-04,Net Banking,Returned
ORD003886,CUST07708,2025-02-22,Credit Card,Delivered
ORD003887,CUST05481,2026-06-22,UPI,Delivered
ORD003888,CUST00717,2025-11-05,UPI,Delivered
ORD003889,CUST09273,2024-11-19,Debit Card,Delivered
ORD003890,CUST04160,2025-07-01,UPI,Delivered
ORD003891,CUST06430,2024-03-18,UPI,Delivered
ORD003892,CUST06486,2025-11-14,COD,Delivered
ORD003893,CUST02557,2025-07-29,Credit Card,Delivered
ORD003894,CUST01458,2025-12-07,UPI,Delivered
ORD003895,CUST07606,2025-05-19,COD,Delivered
ORD003896,CUST06679,2024-01-20,COD,Cancelled
ORD003897,CUST03602,2026-04-19,COD,Cancelled
ORD003898,CUST03838,2024-09-10,UPI,Delivered
ORD003899,CUST08273,2024-07-03,Net Banking,Delivered
ORD003900,CUST02429,2026-02-06,Net Banking,Returned
ORD003901,CUST06838,2024-02-24,Credit Card,Delivered
ORD003902,CUST08031,2026-02-20,Net Banking,Cancelled
ORD003903,CUST03996,2025-10-02,UPI,Delivered
ORD003904,CUST02696,2025-07-22,Credit Card,Delivered
ORD003905,CUST04512,2024-12-05,Credit Card,Delivered
ORD003906,CUST10859,2024-01-14,Credit Card,Delivered
ORD003907,CUST10374,2024-02-20,Debit Card,Delivered
ORD003908,CUST10952,2024-12-13,UPI,Delivered
ORD003909,CUST07030,2026-05-20,UPI,Delivered
ORD003910,CUST03880,2024-02-27,Net Banking,Cancelled
ORD003911,CUST03763,2025-01-11,Net Banking,Delivered
ORD003912,CUST00223,2024-04-28,UPI,Returned
ORD003913,CUST06340,2026-06-09,Debit Card,Delivered
ORD003914,CUST01015,2026-02-15,COD,Delivered
ORD003915,CUST01019,2026-05-04,Debit Card,Delivered
ORD003916,CUST02297,2025-04-08,Debit Card,Delivered
ORD003917,CUST08418,2025-07-13,Net Banking,Delivered
ORD003918,CUST11318,2025-02-14,Debit Card,Returned
ORD003919,CUST05774,2025-09-07,Net Banking,Delivered
ORD003920,CUST04583,2025-12-12,Net Banking,Delivered
ORD003921,CUST05270,2026-07-12,Credit Card,Delivered
ORD003922,CUST11320,2025-03-15,Debit Card,Delivered
ORD003923,CUST03948,2025-11-04,Debit Card,Returned
ORD003924,CUST06354,2025-05-28,Debit Card,Delivered
ORD003925,CUST04412,2024-01-24,UPI,Delivered
ORD003926,CUST09779,2024-03-14,COD,Delivered
ORD003927,CUST04496,2024-10-31,COD,Delivered
ORD003928,CUST09708,2026-03-18,UPI,Delivered
ORD003929,CUST05248,2024-09-07,Debit Card,Delivered
ORD003930,CUST08070,2024-01-08,Net Banking,Pending
ORD003931,CUST00769,2024-11-20,UPI,Delivered
ORD003932,CUST09228,2024-03-07,Net Banking,Delivered
ORD003933,CUST08216,2024-08-12,UPI,Delivered
ORD003934,CUST02174,2025-02-17,Debit Card,Pending
ORD003935,CUST05291,2025-07-17,Debit Card,Delivered
ORD003936,CUST03293,2026-03-17,UPI,Delivered
ORD003937,CUST06112,2025-08-05,Debit Card,Pending
ORD003938,CUST07225,2025-05-07,Credit Card,Delivered
ORD003939,CUST05781,2024-03-25,UPI,Cancelled
ORD003940,CUST02081,2024-08-17,Debit Card,Delivered
ORD003941,CUST09377,2025-06-08,Net Banking,Returned
ORD003942,CUST06044,2025-08-23,COD,Pending
ORD003943,CUST05228,2025-01-09,COD,Returned
ORD003944,CUST07140,2025-10-03,Debit Card,Delivered
ORD003945,CUST02113,2025-05-24,Net Banking,Delivered
ORD003946,CUST03148,2025-03-25,Net Banking,Returned
ORD003947,CUST11310,2026-08-19,COD,Delivered
ORD003948,CUST06049,2025-04-07,Credit Card,Delivered
ORD003949,CUST03948,2024-09-27,Credit Card,Delivered
ORD003950,CUST05573,2026-08-12,UPI,Delivered
ORD003951,CUST10690,2024-09-30,UPI,Delivered
ORD003952,CUST06052,2024-03-09,Net Banking,Delivered
ORD003953,CUST11224,2024-12-11,COD,Delivered
ORD003954,CUST09142,2026-03-08,Debit Card,Delivered
ORD003955,CUST04530,2024-03-18,UPI,Delivered
ORD003956,CUST08818,2024-05-12,Credit Card,Returned
ORD003957,CUST07476,2025-02-27,Net Banking,Delivered
ORD003958,CUST00405,2025-02-08,UPI,Delivered
ORD003959,CUST05756,2025-12-04,Net Banking,Delivered
ORD003960,CUST08335,2024-12-28,Debit Card,Delivered
ORD003961,CUST03721,2026-02-14,UPI,Delivered
ORD003962,CUST02807,2026-02-12,COD,Delivered
ORD003963,CUST00288,2025-08-24,Debit Card,Cancelled
ORD003964,CUST04168,2024-07-14,Credit Card,Delivered
ORD003965,CUST01819,2026-04-05,Net Banking,Delivered
ORD003966,CUST04650,2025-11-22,Debit Card,Delivered
ORD003967,CUST05384,2026-07-14,Debit Card,Delivered
ORD003968,CUST11485,2026-01-08,Debit Card,Delivered
ORD003969,CUST08971,2026-08-10,Net Banking,Delivered
ORD003970,CUST01941,2024-10-09,COD,Delivered
ORD003971,CUST01068,2026-05-08,Net Banking,Delivered
ORD003972,CUST00990,2024-06-20,Net Banking,Returned
ORD003973,CUST08481,2025-09-10,Credit Card,Delivered
ORD003974,CUST07747,2025-08-03,Net Banking,Delivered
ORD003975,CUST06144,2024-12-25,Net Banking,Delivered
ORD003976,CUST03108,2025-10-12,COD,Delivered
ORD003977,CUST11863,2026-02-04,Net Banking,Returned
ORD003978,CUST04634,2024-02-12,Net Banking,Delivered
ORD003979,CUST07462,2025-09-29,Net Banking,Delivered
ORD003980,CUST05220,2024-10-17,Net Banking,Delivered
ORD003981,CUST01175,2025-01-29,Credit Card,Delivered
ORD003982,CUST09352,2024-08-17,Credit Card,Delivered
ORD003983,CUST09998,2024-11-05,Net Banking,Returned
ORD003984,CUST03538,2024-11-01,Net Banking,Delivered
ORD003985,CUST07592,2025-05-16,Credit Card,Delivered
ORD003986,CUST07781,2024-07-07,Credit Card,Delivered
ORD003987,CUST11758,2025-01-23,Net Banking,Delivered
ORD003988,CUST01689,2026-01-10,Net Banking,Delivered
ORD003989,CUST11220,2024-04-24,COD,Delivered
ORD003990,CUST06553,2024-12-22,Credit Card,Delivered
ORD003991,CUST00644,2024-06-02,Credit Card,Delivered
ORD003992,CUST04347,2024-12-18,Credit Card,Delivered
ORD003993,CUST05844,2025-11-03,UPI,Delivered
ORD003994,CUST08045,2024-05-30,Debit Card,Delivered
ORD003995,CUST04975,2026-08-11,Credit Card,Delivered
ORD003996,CUST02620,2024-07-17,UPI,Delivered
ORD003997,CUST09815,2026-06-23,Debit Card,Delivered
ORD003998,CUST10709,2024-09-28,Debit Card,Delivered
ORD003999,CUST00555,2025-04-01,Credit Card,Delivered
ORD004000,CUST06070,2026-07-28,Debit Card,Delivered
ORD004001,CUST01844,2026-01-16,UPI,Returned
ORD004002,CUST00533,2025-06-23,Credit Card,Delivered
ORD004003,CUST07832,2025-02-10,Net Banking,Delivered
ORD004004,CUST03493,2025-10-13,Net Banking,Delivered
ORD004005,CUST00634,2025-07-07,Net Banking,Delivered
ORD004006,CUST09170,2024-01-09,UPI,Cancelled
ORD004007,CUST05804,2024-02-27,UPI,Delivered
ORD004008,CUST03283,2024-12-30,Debit Card,Delivered
ORD004009,CUST02181,2024-11-27,UPI,Returned
ORD004010,CUST00957,2024-07-19,Credit Card,Delivered
ORD004011,CUST01324,2025-10-20,COD,Delivered
ORD004012,CUST08411,2025-11-06,Net Banking,Delivered
ORD004013,CUST11654,2025-04-25,Debit Card,Delivered
ORD004014,CUST03057,2024-11-28,Debit Card,Cancelled
ORD004015,CUST09550,2025-07-31,Net Banking,Delivered
ORD004016,CUST04483,2026-05-21,Net Banking,Pending
ORD004017,CUST11841,2025-07-22,Credit Card,Delivered
ORD004018,CUST02719,2026-04-04,Debit Card,Delivered
ORD004019,CUST03373,2025-09-11,Net Banking,Delivered
ORD004020,CUST04210,2024-10-07,UPI,Delivered
ORD004021,CUST03658,2024-05-20,Debit Card,Delivered
ORD004022,CUST02871,2024-07-05,UPI,Delivered
ORD004023,CUST08252,2026-02-19,Net Banking,Delivered
ORD004024,CUST00927,2025-04-25,Credit Card,Delivered
ORD004025,CUST03838,2025-10-28,Debit Card,Returned
ORD004026,CUST04851,2026-07-24,Debit Card,Delivered
ORD004027,CUST06259,2026-01-10,Net Banking,Delivered
ORD004028,CUST08487,2024-03-23,UPI,Delivered
ORD004029,CUST09596,2024-12-07,COD,Returned
ORD004030,CUST00616,2024-06-28,Net Banking,Delivered
ORD004031,CUST01584,2025-10-18,UPI,Delivered
ORD004032,CUST10320,2024-06-27,UPI,Pending
ORD004033,CUST09243,2025-05-28,COD,Delivered
ORD004034,CUST03856,2024-05-19,Debit Card,Delivered
ORD004035,CUST03508,2026-01-06,Credit Card,Delivered
ORD004036,CUST05353,2024-06-04,COD,Delivered
ORD004037,CUST04350,2026-07-09,Net Banking,Returned
ORD004038,CUST05485,2024-08-07,UPI,Delivered
ORD004039,CUST05508,2024-08-10,COD,Delivered
ORD004040,CUST08539,2024-06-07,UPI,Delivered
ORD004041,CUST11702,2026-07-11,Debit Card,Cancelled
ORD004042,CUST05257,2025-05-13,UPI,Delivered
ORD004043,CUST03225,2024-12-29,Credit Card,Delivered
ORD004044,CUST02106,2025-03-18,Net Banking,Delivered
ORD004045,CUST00220,2026-02-07,Debit Card,Delivered
ORD004046,CUST05138,2024-02-04,UPI,Delivered
ORD004047,CUST01201,2024-12-18,Credit Card,Delivered
ORD004048,CUST05676,2024-01-01,Credit Card,Delivered
ORD004049,CUST05614,2024-01-09,Net Banking,Delivered
ORD004050,CUST04582,2026-07-17,Debit Card,Delivered
ORD004051,CUST05835,2025-07-09,Net Banking,Delivered
ORD004052,CUST09166,2025-07-18,Net Banking,Delivered
ORD004053,CUST06054,2026-01-10,Credit Card,Delivered
ORD004054,CUST00705,2024-06-23,COD,Delivered
ORD004055,CUST04945,2025-12-19,UPI,Pending
ORD004056,CUST04049,2024-04-22,Debit Card,Delivered
ORD004057,CUST10846,2026-01-02,COD,Delivered
ORD004058,CUST03562,2025-05-03,Net Banking,Pending
ORD004059,CUST09953,2025-08-19,Debit Card,Delivered
ORD004060,CUST06402,2024-02-15,Net Banking,Delivered
ORD004061,CUST02930,2026-02-24,Debit Card,Cancelled
ORD004062,CUST02452,2024-09-07,Debit Card,Delivered
ORD004063,CUST01248,2026-06-30,UPI,Returned
ORD004064,CUST00771,2025-12-31,Credit Card,Delivered
ORD004065,CUST02596,2025-11-29,UPI,Delivered
ORD004066,CUST04357,2025-09-27,UPI,Cancelled
ORD004067,CUST05891,2024-11-30,COD,Delivered
ORD004068,CUST03428,2026-03-30,UPI,Delivered
ORD004069,CUST02374,2025-03-12,Debit Card,Cancelled
ORD004070,CUST11239,2025-03-19,Net Banking,Delivered
ORD004071,CUST10840,2024-04-20,COD,Delivered
ORD004072,CUST08064,2026-02-15,Debit Card,Cancelled
ORD004073,CUST03375,2026-03-06,Net Banking,Delivered
ORD004074,CUST11557,2025-07-31,Net Banking,Cancelled
ORD004075,CUST00008,2025-12-25,COD,Cancelled
ORD004076,CUST04710,2024-11-26,UPI,Delivered
ORD004077,CUST06769,2026-05-13,COD,Delivered
ORD004078,CUST06352,2024-10-04,COD,Delivered
ORD004079,CUST11627,2025-06-30,COD,Delivered
ORD004080,CUST08142,2024-04-15,Net Banking,Cancelled
ORD004081,CUST01069,2025-02-28,UPI,Delivered
ORD004082,CUST08714,2025-12-20,Credit Card,Delivered
ORD004083,CUST06486,2025-11-01,Net Banking,Pending
ORD004084,CUST10472,2025-12-03,COD,Delivered
ORD004085,CUST05865,2024-11-10,Net Banking,Cancelled
ORD004086,CUST05599,2025-10-11,Debit Card,Returned
ORD004087,CUST10155,2026-05-21,UPI,Delivered
ORD004088,CUST05463,2024-02-05,Credit Card,Delivered
ORD004089,CUST06313,2024-07-31,UPI,Delivered
ORD004090,CUST02316,2024-11-23,Debit Card,Delivered
ORD004091,CUST08941,2024-02-16,Credit Card,Delivered
ORD004092,CUST09084,2026-08-11,Net Banking,Delivered
ORD004093,CUST11565,2026-01-17,Credit Card,Cancelled
ORD004094,CUST08792,2025-07-12,COD,Delivered
ORD004095,CUST10906,2025-08-31,Debit Card,Returned
ORD004096,CUST10582,2024-08-19,COD,Delivered
ORD004097,CUST03801,2025-06-17,Debit Card,Pending
ORD004098,CUST03896,2025-02-17,Net Banking,Delivered
ORD004099,CUST03426,2025-02-10,Net Banking,Delivered
ORD004100,CUST11813,2026-06-02,COD,Delivered
ORD004101,CUST10699,2025-04-07,Debit Card,Delivered
ORD004102,CUST06216,2026-03-25,Debit Card,Cancelled
ORD004103,CUST02681,2024-05-03,Net Banking,Delivered
ORD004104,CUST07340,2026-01-16,UPI,Delivered
ORD004105,CUST04323,2025-11-24,COD,Delivered
ORD004106,CUST10969,2025-12-30,COD,Cancelled
ORD004107,CUST04703,2025-02-03,Debit Card,Delivered
ORD004108,CUST03249,2026-02-16,Credit Card,Delivered
ORD004109,CUST10839,2024-06-12,Net Banking,Returned
ORD004110,CUST08294,2024-10-10,Net Banking,Delivered
ORD004111,CUST11588,2024-06-18,UPI,Pending
ORD004112,CUST09572,2024-04-04,Credit Card,Delivered
ORD004113,CUST04039,2025-10-18,Credit Card,Delivered
ORD004114,CUST09343,2024-10-30,Credit Card,Delivered
ORD004115,CUST09610,2026-03-30,UPI,Cancelled
ORD004116,CUST10822,2024-04-05,Net Banking,Delivered
ORD004117,CUST00260,2025-11-30,Credit Card,Delivered
ORD004118,CUST00277,2025-02-26,Net Banking,Pending
ORD004119,CUST09002,2025-07-16,Net Banking,Cancelled
ORD004120,CUST04692,2024-11-02,UPI,Delivered
ORD004121,CUST04561,2024-05-12,Net Banking,Delivered
ORD004122,CUST07540,2024-12-27,Debit Card,Cancelled
ORD004123,CUST10374,2025-05-20,Net Banking,Delivered
ORD004124,CUST03327,2025-09-22,Debit Card,Delivered
ORD004125,CUST02935,2024-03-04,Credit Card,Delivered
ORD004126,CUST10313,2025-02-23,Debit Card,Delivered
ORD004127,CUST03359,2026-07-23,Credit Card,Delivered
ORD004128,CUST11935,2025-01-04,Debit Card,Returned
ORD004129,CUST07730,2024-09-23,Debit Card,Delivered
ORD004130,CUST08546,2024-08-12,Credit Card,Delivered
ORD004131,CUST11984,2025-07-19,UPI,Delivered
ORD004132,CUST02160,2025-05-30,Net Banking,Delivered
ORD004133,CUST02764,2026-03-26,Debit Card,Delivered
ORD004134,CUST03277,2024-02-24,COD,Returned
ORD004135,CUST06210,2024-02-02,UPI,Cancelled
ORD004136,CUST00461,2024-05-08,Net Banking,Delivered
ORD004137,CUST08738,2025-12-25,UPI,Cancelled
ORD004138,CUST05594,2025-04-09,UPI,Returned
ORD004139,CUST04806,2025-02-21,Credit Card,Delivered
ORD004140,CUST04140,2025-06-24,COD,Delivered
ORD004141,CUST07841,2025-12-07,Net Banking,Returned
ORD004142,CUST01359,2025-01-03,UPI,Delivered
ORD004143,CUST11619,2025-02-11,Credit Card,Pending
ORD004144,CUST05468,2025-07-31,Net Banking,Delivered
ORD004145,CUST11654,2025-08-29,Credit Card,Delivered
ORD004146,CUST03557,2025-05-02,Net Banking,Delivered
ORD004147,CUST09478,2025-09-30,UPI,Delivered
ORD004148,CUST09742,2025-08-05,Debit Card,Delivered
ORD004149,CUST08149,2026-01-24,COD,Delivered
ORD004150,CUST08197,2026-05-10,Debit Card,Delivered
ORD004151,CUST01211,2025-07-26,Debit Card,Delivered
ORD004152,CUST11742,2024-08-30,UPI,Delivered
ORD004153,CUST11563,2024-07-21,Credit Card,Delivered
ORD004154,CUST10726,2025-03-02,COD,Delivered
ORD004155,CUST09141,2026-06-03,Debit Card,Delivered
ORD004156,CUST06395,2024-03-29,Credit Card,Returned
ORD004157,CUST07544,2024-07-29,COD,Delivered
ORD004158,CUST04165,2026-04-22,UPI,Returned
ORD004159,CUST08184,2025-07-10,COD,Delivered
ORD004160,CUST05369,2026-03-13,Net Banking,Delivered
ORD004161,CUST00232,2024-10-15,UPI,Delivered
ORD004162,CUST03535,2025-08-03,Debit Card,Delivered
ORD004163,CUST01647,2024-07-13,Net Banking,Delivered
ORD004164,CUST10569,2024-08-10,Credit Card,Delivered
ORD004165,CUST00793,2025-10-13,Debit Card,Delivered
ORD004166,CUST05256,2026-04-15,Net Banking,Delivered
ORD004167,CUST09806,2024-06-08,UPI,Delivered
ORD004168,CUST02791,2024-04-23,Net Banking,Delivered
ORD004169,CUST04863,2024-08-29,Net Banking,Delivered
ORD004170,CUST09888,2024-01-24,Debit Card,Delivered
ORD004171,CUST06623,2024-11-02,Net Banking,Returned
ORD004172,CUST08279,2026-01-09,COD,Delivered
ORD004173,CUST02028,2024-07-12,Debit Card,Delivered
ORD004174,CUST07681,2026-08-22,COD,Delivered
ORD004175,CUST02447,2025-06-07,Net Banking,Delivered
ORD004176,CUST06890,2026-07-09,COD,Returned
ORD004177,CUST05702,2025-09-08,UPI,Delivered
ORD004178,CUST01424,2025-02-11,UPI,Returned
ORD004179,CUST06508,2025-09-24,Net Banking,Delivered
ORD004180,CUST00081,2024-08-04,COD,Delivered
ORD004181,CUST10954,2025-10-01,Net Banking,Delivered
ORD004182,CUST10333,2025-11-14,UPI,Delivered
ORD004183,CUST11114,2024-10-27,COD,Delivered
ORD004184,CUST08264,2024-07-03,UPI,Pending
ORD004185,CUST01081,2024-02-14,COD,Delivered
ORD004186,CUST02555,2025-09-25,Debit Card,Delivered
ORD004187,CUST09874,2024-09-30,Net Banking,Delivered
ORD004188,CUST05549,2025-07-16,COD,Delivered
ORD004189,CUST00720,2025-02-07,COD,Returned
ORD004190,CUST09819,2024-04-06,Debit Card,Delivered
ORD004191,CUST10700,2026-05-10,Credit Card,Cancelled
ORD004192,CUST06765,2026-03-07,Debit Card,Delivered
ORD004193,CUST03355,2024-12-07,COD,Delivered
ORD004194,CUST10445,2024-03-16,Credit Card,Delivered
ORD004195,CUST11216,2024-07-09,UPI,Delivered
ORD004196,CUST05580,2024-06-10,Net Banking,Delivered
ORD004197,CUST00265,2025-08-02,Credit Card,Delivered
ORD004198,CUST08461,2026-02-11,UPI,Delivered
ORD004199,CUST09133,2025-01-06,COD,Delivered
ORD004200,CUST00264,2025-05-16,Credit Card,Delivered
ORD004201,CUST03698,2026-06-08,Debit Card,Delivered
ORD004202,CUST06968,2024-11-25,Net Banking,Delivered
ORD004203,CUST11256,2026-07-06,Debit Card,Delivered
ORD004204,CUST03803,2025-09-24,Debit Card,Delivered
ORD004205,CUST09825,2024-06-01,Net Banking,Cancelled
ORD004206,CUST04103,2024-07-08,Debit Card,Delivered
ORD004207,CUST11853,2025-01-19,COD,Pending
ORD004208,CUST00399,2025-12-14,Debit Card,Delivered
ORD004209,CUST08376,2025-08-13,COD,Delivered
ORD004210,CUST10856,2025-11-10,Debit Card,Delivered
ORD004211,CUST07252,2024-10-13,COD,Delivered
ORD004212,CUST06584,2024-04-26,Credit Card,Cancelled
ORD004213,CUST02853,2025-12-21,COD,Delivered
ORD004214,CUST03648,2024-07-22,Net Banking,Delivered
ORD004215,CUST05710,2026-02-11,Debit Card,Delivered
ORD004216,CUST02409,2026-01-11,Credit Card,Returned
ORD004217,CUST08303,2026-08-01,Debit Card,Delivered
ORD004218,CUST05462,2026-01-12,COD,Delivered
ORD004219,CUST04404,2024-04-24,Debit Card,Delivered
ORD004220,CUST04173,2024-03-13,UPI,Delivered
ORD004221,CUST06890,2024-11-02,Credit Card,Delivered
ORD004222,CUST00607,2026-04-28,UPI,Delivered
ORD004223,CUST11532,2025-10-30,Debit Card,Delivered
ORD004224,CUST11616,2025-11-21,COD,Delivered
ORD004225,CUST09262,2026-04-02,Credit Card,Delivered
ORD004226,CUST01350,2026-07-26,Credit Card,Delivered
ORD004227,CUST07627,2025-08-15,COD,Delivered
ORD004228,CUST11646,2024-12-31,Credit Card,Cancelled
ORD004229,CUST06359,2026-04-25,COD,Cancelled
ORD004230,CUST11079,2026-07-04,UPI,Delivered
ORD004231,CUST08633,2024-09-03,Debit Card,Delivered
ORD004232,CUST04884,2024-04-20,Credit Card,Delivered
ORD004233,CUST08772,2026-05-08,Credit Card,Pending
ORD004234,CUST01324,2025-03-19,Credit Card,Pending
ORD004235,CUST01310,2024-04-24,UPI,Delivered
ORD004236,CUST07577,2024-02-08,COD,Cancelled
ORD004237,CUST10015,2024-08-27,COD,Delivered
ORD004238,CUST11732,2026-08-14,UPI,Delivered
ORD004239,CUST02542,2025-03-23,Debit Card,Delivered
ORD004240,CUST09961,2024-07-30,UPI,Returned
ORD004241,CUST08718,2026-07-07,Credit Card,Delivered
ORD004242,CUST09830,2024-09-21,Debit Card,Returned
ORD004243,CUST02199,2026-06-08,Net Banking,Delivered
ORD004244,CUST10053,2025-11-23,Debit Card,Delivered
ORD004245,CUST06836,2024-06-27,UPI,Delivered
ORD004246,CUST07123,2026-01-22,Credit Card,Delivered
ORD004247,CUST01202,2024-12-04,Debit Card,Delivered
ORD004248,CUST10965,2026-07-16,COD,Delivered
ORD004249,CUST01569,2025-07-17,Debit Card,Delivered
ORD004250,CUST03028,2025-10-13,Net Banking,Delivered
ORD004251,CUST00009,2026-04-13,Debit Card,Delivered
ORD004252,CUST05471,2024-12-21,Debit Card,Returned
ORD004253,CUST06920,2024-10-03,Debit Card,Delivered
ORD004254,CUST00203,2025-11-10,Credit Card,Delivered
ORD004255,CUST10503,2024-08-22,UPI,Delivered
ORD004256,CUST03057,2025-06-06,Credit Card,Delivered
ORD004257,CUST05576,2025-07-26,Debit Card,Delivered
ORD004258,CUST03636,2024-10-10,COD,Returned
ORD004259,CUST03532,2025-04-04,COD,Delivered
ORD004260,CUST11717,2024-09-17,COD,Delivered
ORD004261,CUST07368,2025-01-04,Debit Card,Returned
ORD004262,CUST08142,2025-03-22,Debit Card,Delivered
ORD004263,CUST07556,2025-06-10,Net Banking,Delivered
ORD004264,CUST01615,2025-02-19,Net Banking,Returned
ORD004265,CUST00662,2026-04-28,UPI,Delivered
ORD004266,CUST10218,2024-10-23,Debit Card,Delivered
ORD004267,CUST00094,2026-07-20,Debit Card,Returned
ORD004268,CUST09057,2024-03-18,COD,Delivered
ORD004269,CUST07359,2026-05-22,Net Banking,Delivered
ORD004270,CUST06620,2026-06-23,Credit Card,Returned
ORD004271,CUST01064,2025-05-24,Net Banking,Delivered
ORD004272,CUST09280,2024-12-02,UPI,Delivered
ORD004273,CUST05572,2024-06-20,Credit Card,Delivered
ORD004274,CUST11960,2025-10-08,COD,Delivered
ORD004275,CUST05762,2026-02-01,Net Banking,Delivered
ORD004276,CUST03045,2024-12-17,Debit Card,Delivered
ORD004277,CUST05871,2024-02-13,UPI,Cancelled
ORD004278,CUST10687,2026-07-28,UPI,Delivered
ORD004279,CUST04371,2026-02-12,Credit Card,Delivered
ORD004280,CUST07246,2026-06-30,Credit Card,Delivered
ORD004281,CUST02173,2024-07-12,UPI,Delivered
ORD004282,CUST08713,2025-04-02,Net Banking,Delivered
ORD004283,CUST05409,2025-05-30,Debit Card,Delivered
ORD004284,CUST05247,2024-03-04,COD,Delivered
ORD004285,CUST06360,2024-09-17,Debit Card,Pending
ORD004286,CUST01130,2024-06-13,Net Banking,Delivered
ORD004287,CUST02773,2024-04-12,Credit Card,Delivered
ORD004288,CUST03649,2024-06-02,COD,Delivered
ORD004289,CUST10837,2025-10-31,Debit Card,Delivered
ORD004290,CUST06201,2026-06-16,Debit Card,Pending
ORD004291,CUST06888,2025-01-05,COD,Pending
ORD004292,CUST03352,2026-07-02,UPI,Returned
ORD004293,CUST00614,2024-09-19,COD,Delivered
ORD004294,CUST04268,2026-05-27,Debit Card,Delivered
ORD004295,CUST07273,2025-09-14,COD,Delivered
ORD004296,CUST08198,2025-08-21,Debit Card,Returned
ORD004297,CUST04035,2025-10-21,Net Banking,Delivered
ORD004298,CUST02969,2026-02-21,UPI,Delivered
ORD004299,CUST08731,2026-08-05,COD,Delivered
ORD004300,CUST07698,2026-06-04,Net Banking,Pending
ORD004301,CUST11894,2025-10-29,Net Banking,Returned
ORD004302,CUST02520,2026-08-17,UPI,Returned
ORD004303,CUST09824,2024-11-18,Credit Card,Delivered
ORD004304,CUST11989,2024-05-10,COD,Delivered
ORD004305,CUST09471,2024-07-03,UPI,Delivered
ORD004306,CUST00556,2024-02-24,UPI,Delivered
ORD004307,CUST11106,2025-01-30,Debit Card,Returned
ORD004308,CUST04343,2025-12-04,UPI,Delivered
ORD004309,CUST06917,2025-07-22,UPI,Returned
ORD004310,CUST08509,2025-04-26,COD,Delivered
ORD004311,CUST05371,2024-02-05,UPI,Delivered
ORD004312,CUST08946,2025-01-26,UPI,Delivered
ORD004313,CUST03718,2026-02-15,Credit Card,Delivered
ORD004314,CUST11339,2025-11-05,Net Banking,Delivered
ORD004315,CUST05927,2025-01-16,COD,Cancelled
ORD004316,CUST02288,2024-03-28,Credit Card,Cancelled
ORD004317,CUST04232,2025-04-16,COD,Delivered
ORD004318,CUST02275,2025-02-22,Net Banking,Returned
ORD004319,CUST08651,2024-05-18,UPI,Delivered
ORD004320,CUST05716,2025-01-10,UPI,Delivered
ORD004321,CUST11132,2026-06-20,Debit Card,Delivered
ORD004322,CUST03830,2025-02-12,Net Banking,Delivered
ORD004323,CUST11179,2024-01-01,UPI,Delivered
ORD004324,CUST01110,2026-02-15,COD,Delivered
ORD004325,CUST02985,2024-05-04,COD,Returned
ORD004326,CUST07628,2025-09-23,Debit Card,Cancelled
ORD004327,CUST04165,2026-08-29,UPI,Delivered
ORD004328,CUST01386,2026-04-24,COD,Delivered
ORD004329,CUST10210,2025-06-24,Net Banking,Delivered
ORD004330,CUST05563,2026-03-24,Debit Card,Delivered
ORD004331,CUST06295,2024-10-14,UPI,Delivered
ORD004332,CUST05604,2024-06-07,UPI,Delivered
ORD004333,CUST01734,2024-08-05,Debit Card,Delivered
ORD004334,CUST01578,2026-05-21,Credit Card,Delivered
ORD004335,CUST06741,2025-04-16,COD,Delivered
ORD004336,CUST08007,2024-07-25,COD,Delivered
ORD004337,CUST00741,2024-12-27,Debit Card,Cancelled
ORD004338,CUST10925,2026-06-05,UPI,Delivered
ORD004339,CUST10793,2026-01-24,Credit Card,Delivered
ORD004340,CUST10047,2026-02-12,Net Banking,Delivered
ORD004341,CUST02479,2025-10-30,UPI,Delivered
ORD004342,CUST02964,2024-06-07,COD,Returned
ORD004343,CUST03292,2026-06-30,Debit Card,Delivered
ORD004344,CUST09363,2025-12-14,Credit Card,Pending
ORD004345,CUST10817,2024-09-11,COD,Delivered
ORD004346,CUST02250,2025-09-23,COD,Delivered
ORD004347,CUST10020,2025-05-07,UPI,Delivered
ORD004348,CUST03794,2026-05-21,Debit Card,Delivered
ORD004349,CUST02461,2026-02-05,Credit Card,Delivered
ORD004350,CUST04316,2025-10-05,UPI,Delivered
ORD004351,CUST06956,2026-05-10,Net Banking,Delivered
ORD004352,CUST07551,2024-05-07,COD,Delivered
ORD004353,CUST11167,2025-10-09,UPI,Delivered
ORD004354,CUST11814,2024-12-25,COD,Delivered
ORD004355,CUST00617,2025-04-03,UPI,Cancelled
ORD004356,CUST01986,2026-04-12,Debit Card,Returned
ORD004357,CUST03350,2026-05-24,Credit Card,Delivered
ORD004358,CUST02797,2024-02-06,Debit Card,Delivered
ORD004359,CUST08907,2025-08-21,COD,Delivered
ORD004360,CUST11318,2025-02-17,COD,Delivered
ORD004361,CUST10678,2025-12-19,UPI,Returned
ORD004362,CUST11475,2024-08-08,UPI,Delivered
ORD004363,CUST08710,2026-07-08,UPI,Delivered
ORD004364,CUST11465,2025-04-01,COD,Returned
ORD004365,CUST01982,2024-06-19,Credit Card,Delivered
ORD004366,CUST06941,2024-05-18,Net Banking,Delivered
ORD004367,CUST03115,2024-03-19,Net Banking,Pending
ORD004368,CUST08899,2024-07-07,Net Banking,Delivered
ORD004369,CUST02296,2025-09-11,Net Banking,Delivered
ORD004370,CUST05438,2024-04-19,Debit Card,Delivered
ORD004371,CUST08973,2024-10-20,Credit Card,Delivered
ORD004372,CUST05679,2024-06-24,Net Banking,Delivered
ORD004373,CUST08463,2025-02-13,Credit Card,Delivered
ORD004374,CUST03653,2024-05-07,Credit Card,Delivered
ORD004375,CUST05926,2024-12-30,Net Banking,Delivered
ORD004376,CUST05362,2024-01-24,Debit Card,Returned
ORD004377,CUST06238,2024-08-01,UPI,Delivered
ORD004378,CUST06624,2026-04-29,UPI,Delivered
ORD004379,CUST05524,2025-08-07,Debit Card,Delivered
ORD004380,CUST02467,2026-01-02,COD,Delivered
ORD004381,CUST10656,2024-12-17,Net Banking,Delivered
ORD004382,CUST03208,2024-05-19,COD,Delivered
ORD004383,CUST10901,2024-04-14,Credit Card,Returned
ORD004384,CUST02711,2025-10-18,UPI,Delivered
ORD004385,CUST04955,2025-12-29,COD,Delivered
ORD004386,CUST01530,2025-03-12,Credit Card,Delivered
ORD004387,CUST00180,2026-02-20,Credit Card,Delivered
ORD004388,CUST02696,2024-06-01,Debit Card,Delivered
ORD004389,CUST08803,2025-04-19,Credit Card,Returned
ORD004390,CUST04421,2026-02-19,COD,Delivered
ORD004391,CUST00961,2026-03-15,Credit Card,Pending
ORD004392,CUST07359,2024-09-22,Net Banking,Delivered
ORD004393,CUST02776,2025-01-08,Debit Card,Delivered
ORD004394,CUST09505,2024-03-13,Net Banking,Delivered
ORD004395,CUST11430,2025-04-05,COD,Delivered
ORD004396,CUST01282,2026-06-21,Credit Card,Returned
ORD004397,CUST07889,2026-06-28,COD,Delivered
ORD004398,CUST01418,2024-05-03,Credit Card,Returned
ORD004399,CUST00741,2025-09-03,Credit Card,Delivered
ORD004400,CUST11749,2025-01-08,Credit Card,Delivered
ORD004401,CUST06722,2024-09-17,Debit Card,Delivered
ORD004402,CUST04556,2024-01-13,COD,Delivered
ORD004403,CUST11749,2024-01-20,Debit Card,Delivered
ORD004404,CUST10974,2024-01-28,Credit Card,Delivered
ORD004405,CUST03087,2025-09-18,Debit Card,Delivered
ORD004406,CUST00471,2025-03-11,Debit Card,Delivered
ORD004407,CUST07028,2024-07-25,UPI,Delivered
ORD004408,CUST10194,2025-02-26,Debit Card,Cancelled
ORD004409,CUST10911,2025-01-13,COD,Delivered
ORD004410,CUST11509,2026-02-27,Net Banking,Cancelled
ORD004411,CUST01190,2024-07-10,COD,Delivered
ORD004412,CUST05789,2025-06-12,COD,Cancelled
ORD004413,CUST03576,2025-12-10,Net Banking,Delivered
ORD004414,CUST09422,2025-09-13,Debit Card,Cancelled
ORD004415,CUST01145,2025-06-20,Net Banking,Delivered
ORD004416,CUST08875,2024-03-14,Net Banking,Delivered
ORD004417,CUST11801,2025-04-06,COD,Delivered
ORD004418,CUST05097,2024-01-19,COD,Delivered
ORD004419,CUST01510,2026-06-02,UPI,Delivered
ORD004420,CUST03740,2026-02-17,Credit Card,Pending
ORD004421,CUST11875,2024-02-01,Debit Card,Delivered
ORD004422,CUST03934,2024-09-22,Net Banking,Delivered
ORD004423,CUST05628,2024-08-26,COD,Delivered
ORD004424,CUST07368,2026-01-07,COD,Delivered
ORD004425,CUST08048,2025-09-18,Debit Card,Delivered
ORD004426,CUST08275,2025-07-09,UPI,Delivered
ORD004427,CUST03969,2025-05-15,COD,Delivered
ORD004428,CUST00876,2024-04-02,Net Banking,Delivered
ORD004429,CUST08414,2025-08-27,Debit Card,Delivered
ORD004430,CUST08185,2024-08-01,Net Banking,Delivered
ORD004431,CUST01565,2026-05-31,Credit Card,Delivered
ORD004432,CUST00648,2024-11-29,COD,Delivered
ORD004433,CUST11326,2026-08-12,Debit Card,Cancelled
ORD004434,CUST01190,2024-09-14,COD,Returned
ORD004435,CUST10371,2024-09-24,Credit Card,Delivered
ORD004436,CUST01795,2024-03-26,Debit Card,Returned
ORD004437,CUST05431,2025-07-30,Net Banking,Returned
ORD004438,CUST10446,2026-01-23,Net Banking,Delivered
ORD004439,CUST05116,2025-08-10,Credit Card,Delivered
ORD004440,CUST11436,2024-11-27,COD,Cancelled
ORD004441,CUST11121,2025-08-02,Debit Card,Delivered
ORD004442,CUST02217,2026-02-23,Net Banking,Delivered
ORD004443,CUST00155,2024-06-29,Net Banking,Delivered
ORD004444,CUST01116,2024-08-27,COD,Delivered
ORD004445,CUST09372,2025-02-06,Credit Card,Delivered
ORD004446,CUST10923,2025-09-25,Credit Card,Delivered
ORD004447,CUST07359,2025-01-19,Credit Card,Cancelled
ORD004448,CUST06719,2025-07-17,Net Banking,Delivered
ORD004449,CUST02825,2025-06-12,Net Banking,Delivered
ORD004450,CUST05204,2024-08-22,Net Banking,Returned
ORD004451,CUST03549,2026-08-11,Net Banking,Delivered
ORD004452,CUST09245,2025-03-30,Net Banking,Delivered
ORD004453,CUST09611,2024-11-13,Net Banking,Cancelled
ORD004454,CUST06615,2025-02-20,UPI,Delivered
ORD004455,CUST07889,2026-04-17,Debit Card,Delivered
ORD004456,CUST01176,2024-11-03,Credit Card,Delivered
ORD004457,CUST02083,2024-09-18,Debit Card,Delivered
ORD004458,CUST04922,2025-08-30,COD,Delivered
ORD004459,CUST09151,2026-01-01,Credit Card,Delivered
ORD004460,CUST10852,2024-12-22,Credit Card,Cancelled
ORD004461,CUST06859,2026-04-11,Net Banking,Delivered
ORD004462,CUST09975,2026-05-10,Net Banking,Delivered
ORD004463,CUST03294,2025-07-24,COD,Cancelled
ORD004464,CUST08892,2024-04-16,Debit Card,Pending
ORD004465,CUST07591,2025-04-22,Debit Card,Delivered
ORD004466,CUST06548,2024-01-22,Debit Card,Delivered
ORD004467,CUST05718,2026-04-16,COD,Pending
ORD004468,CUST01624,2026-06-16,UPI,Delivered
ORD004469,CUST04544,2025-04-02,Debit Card,Delivered
ORD004470,CUST08846,2024-02-15,Credit Card,Delivered
ORD004471,CUST04237,2025-04-12,Credit Card,Delivered
ORD004472,CUST04353,2026-08-15,Net Banking,Delivered
ORD004473,CUST02551,2024-02-21,Net Banking,Pending
ORD004474,CUST10610,2026-01-26,Debit Card,Delivered
ORD004475,CUST03675,2025-04-10,Debit Card,Delivered
ORD004476,CUST01293,2025-11-15,Net Banking,Delivered
ORD004477,CUST08072,2026-06-11,Credit Card,Delivered
ORD004478,CUST01554,2024-04-08,COD,Pending
ORD004479,CUST04770,2024-06-29,COD,Delivered
ORD004480,CUST11316,2024-02-05,COD,Delivered
ORD004481,CUST09274,2025-03-10,Debit Card,Delivered
ORD004482,CUST08475,2025-06-13,COD,Delivered
ORD004483,CUST03730,2025-06-07,UPI,Delivered
ORD004484,CUST09273,2024-11-08,Debit Card,Returned
ORD004485,CUST04978,2025-09-17,UPI,Delivered
ORD004486,CUST05824,2025-03-05,Debit Card,Delivered
ORD004487,CUST00591,2024-08-04,Debit Card,Delivered
ORD004488,CUST04923,2025-01-18,COD,Delivered
ORD004489,CUST03779,2024-02-10,Debit Card,Delivered
ORD004490,CUST09721,2026-06-07,UPI,Delivered
ORD004491,CUST04374,2026-01-31,Credit Card,Delivered
ORD004492,CUST05554,2025-09-20,UPI,Delivered
ORD004493,CUST02455,2025-05-17,Net Banking,Returned
ORD004494,CUST00084,2024-01-20,Debit Card,Returned
ORD004495,CUST06580,2024-05-03,UPI,Delivered
ORD004496,CUST05895,2025-09-15,COD,Returned
ORD004497,CUST10385,2025-12-15,Net Banking,Pending
ORD004498,CUST01927,2024-05-01,Credit Card,Delivered
ORD004499,CUST08141,2024-05-27,UPI,Cancelled
ORD004500,CUST00745,2025-08-31,UPI,Delivered
ORD004501,CUST08343,2025-10-11,UPI,Pending
ORD004502,CUST02884,2024-03-02,Net Banking,Delivered
ORD004503,CUST02249,2024-03-04,COD,Cancelled
ORD004504,CUST08554,2024-08-04,Net Banking,Delivered
ORD004505,CUST01216,2025-12-14,COD,Returned
ORD004506,CUST04626,2024-01-24,COD,Delivered
ORD004507,CUST04259,2026-03-19,Credit Card,Delivered
ORD004508,CUST02327,2025-02-20,Debit Card,Delivered
ORD004509,CUST01159,2025-02-21,Debit Card,Delivered
ORD004510,CUST07869,2026-08-12,UPI,Cancelled
ORD004511,CUST00945,2025-12-19,Debit Card,Delivered
ORD004512,CUST05114,2026-05-05,UPI,Delivered
ORD004513,CUST04851,2026-04-26,Net Banking,Delivered
ORD004514,CUST04804,2026-01-22,Debit Card,Delivered
ORD004515,CUST09602,2025-10-11,Credit Card,Delivered
ORD004516,CUST02938,2026-02-11,Credit Card,Delivered
ORD004517,CUST03759,2025-11-07,Credit Card,Delivered
ORD004518,CUST04555,2025-01-08,Net Banking,Returned
ORD004519,CUST09230,2024-10-13,UPI,Delivered
ORD004520,CUST11419,2025-10-24,Net Banking,Pending
ORD004521,CUST08808,2026-02-05,Net Banking,Delivered
ORD004522,CUST11988,2025-06-06,Net Banking,Delivered
ORD004523,CUST07298,2024-03-14,COD,Delivered
ORD004524,CUST00004,2026-06-04,Net Banking,Delivered
ORD004525,CUST11416,2025-10-23,Debit Card,Delivered
ORD004526,CUST04755,2024-08-20,UPI,Delivered
ORD004527,CUST05064,2026-06-14,Credit Card,Delivered
ORD004528,CUST11945,2025-01-08,COD,Delivered
ORD004529,CUST11868,2024-10-19,UPI,Delivered
ORD004530,CUST01613,2025-06-22,UPI,Delivered
ORD004531,CUST04530,2024-01-01,Net Banking,Delivered
ORD004532,CUST04722,2025-03-22,Credit Card,Returned
ORD004533,CUST08404,2025-10-06,UPI,Delivered
ORD004534,CUST02241,2024-01-11,Debit Card,Delivered
ORD004535,CUST04323,2026-01-06,Credit Card,Delivered
ORD004536,CUST08532,2024-12-01,Debit Card,Cancelled
ORD004537,CUST05964,2025-02-27,COD,Delivered
ORD004538,CUST07154,2025-04-22,UPI,Delivered
ORD004539,CUST11404,2025-06-23,COD,Delivered
ORD004540,CUST08871,2024-10-11,Debit Card,Delivered
ORD004541,CUST02461,2024-05-23,COD,Delivered
ORD004542,CUST04419,2026-06-15,Debit Card,Cancelled
ORD004543,CUST11479,2024-11-14,Net Banking,Delivered
ORD004544,CUST02557,2025-03-31,Net Banking,Delivered
ORD004545,CUST04171,2024-01-04,COD,Delivered
ORD004546,CUST07796,2025-07-16,Debit Card,Cancelled
ORD004547,CUST02388,2024-04-09,UPI,Delivered
ORD004548,CUST03633,2025-01-16,Credit Card,Delivered
ORD004549,CUST02367,2025-12-01,COD,Delivered
ORD004550,CUST10479,2024-03-22,UPI,Delivered
ORD004551,CUST10750,2025-12-23,Debit Card,Delivered
ORD004552,CUST00795,2024-12-21,Debit Card,Returned
ORD004553,CUST10694,2026-04-20,COD,Delivered
ORD004554,CUST03782,2024-10-08,UPI,Delivered
ORD004555,CUST05993,2025-10-03,COD,Pending
ORD004556,CUST07226,2025-03-26,Net Banking,Delivered
ORD004557,CUST09850,2024-08-07,Debit Card,Delivered
ORD004558,CUST03706,2024-02-14,Net Banking,Delivered
ORD004559,CUST07433,2024-11-11,COD,Delivered
ORD004560,CUST08917,2026-07-04,Debit Card,Returned
ORD004561,CUST00978,2025-06-14,COD,Delivered
ORD004562,CUST09089,2025-12-23,Credit Card,Delivered
ORD004563,CUST00076,2024-04-14,UPI,Delivered
ORD004564,CUST03603,2026-03-15,Debit Card,Delivered
ORD004565,CUST01658,2025-10-16,Debit Card,Delivered
ORD004566,CUST05006,2024-05-02,Net Banking,Delivered
ORD004567,CUST05850,2025-05-03,Credit Card,Cancelled
ORD004568,CUST01872,2024-07-16,Net Banking,Delivered
ORD004569,CUST09724,2026-05-23,UPI,Delivered
ORD004570,CUST11936,2024-09-04,COD,Delivered
ORD004571,CUST04870,2026-04-12,Credit Card,Delivered
ORD004572,CUST04209,2024-09-25,Net Banking,Delivered
ORD004573,CUST00350,2025-07-21,COD,Delivered
ORD004574,CUST04861,2026-05-30,UPI,Delivered
ORD004575,CUST03091,2024-04-19,UPI,Delivered
ORD004576,CUST05849,2024-07-03,Credit Card,Delivered
ORD004577,CUST02265,2024-01-03,Credit Card,Delivered
ORD004578,CUST01524,2026-03-23,Debit Card,Delivered
ORD004579,CUST00642,2026-01-30,UPI,Delivered
ORD004580,CUST08906,2024-11-23,Debit Card,Delivered
ORD004581,CUST08191,2024-08-02,COD,Delivered
ORD004582,CUST03497,2025-10-29,Credit Card,Delivered
ORD004583,CUST05813,2024-10-15,Debit Card,Delivered
ORD004584,CUST10751,2025-01-09,UPI,Pending
ORD004585,CUST01928,2026-05-15,COD,Delivered
ORD004586,CUST08481,2024-04-07,Credit Card,Returned
ORD004587,CUST05547,2024-10-07,UPI,Delivered
ORD004588,CUST10963,2026-04-09,Net Banking,Delivered
ORD004589,CUST06046,2026-05-22,COD,Delivered
ORD004590,CUST06434,2026-06-10,COD,Delivered
ORD004591,CUST05988,2026-04-12,Net Banking,Delivered
ORD004592,CUST06164,2026-01-16,Credit Card,Delivered
ORD004593,CUST06462,2025-08-05,UPI,Delivered
ORD004594,CUST11727,2024-04-26,COD,Delivered
ORD004595,CUST10242,2026-07-22,Debit Card,Delivered
ORD004596,CUST06360,2024-06-04,Credit Card,Cancelled
ORD004597,CUST01624,2024-12-02,Credit Card,Delivered
ORD004598,CUST00253,2024-12-23,UPI,Delivered
ORD004599,CUST10463,2026-06-09,Net Banking,Delivered
ORD004600,CUST11472,2024-04-21,COD,Delivered
ORD004601,CUST06212,2024-01-30,COD,Delivered
ORD004602,CUST03663,2025-10-02,Debit Card,Delivered
ORD004603,CUST06483,2024-04-09,Debit Card,Delivered
ORD004604,CUST05779,2025-02-05,Debit Card,Returned
ORD004605,CUST00368,2025-01-20,Debit Card,Delivered
ORD004606,CUST09763,2025-08-31,UPI,Returned
ORD004607,CUST02031,2024-11-22,UPI,Delivered
ORD004608,CUST11263,2024-04-21,Debit Card,Delivered
ORD004609,CUST10639,2026-01-18,Debit Card,Delivered
ORD004610,CUST02701,2024-02-28,Debit Card,Delivered
ORD004611,CUST07559,2026-08-03,COD,Delivered
ORD004612,CUST10038,2024-09-30,UPI,Returned
ORD004613,CUST04624,2024-09-19,Credit Card,Delivered
ORD004614,CUST03338,2024-07-07,UPI,Cancelled
ORD004615,CUST02297,2025-01-16,UPI,Delivered
ORD004616,CUST10424,2025-12-08,COD,Delivered
ORD004617,CUST11458,2025-09-24,COD,Delivered
ORD004618,CUST07846,2025-10-18,Debit Card,Delivered
ORD004619,CUST08245,2025-08-17,Net Banking,Returned
ORD004620,CUST10322,2025-12-09,UPI,Delivered
ORD004621,CUST09762,2024-12-24,Net Banking,Delivered
ORD004622,CUST05205,2024-07-01,Credit Card,Delivered
ORD004623,CUST01409,2024-08-17,Debit Card,Delivered
ORD004624,CUST00719,2024-01-13,UPI,Delivered
ORD004625,CUST06858,2026-08-29,COD,Returned
ORD004626,CUST00571,2024-04-10,COD,Delivered
ORD004627,CUST07011,2025-03-27,Net Banking,Delivered
ORD004628,CUST01049,2025-12-29,COD,Delivered
ORD004629,CUST04000,2025-04-23,Net Banking,Delivered
ORD004630,CUST05663,2026-03-18,Debit Card,Delivered
ORD004631,CUST03965,2024-05-22,Net Banking,Returned
ORD004632,CUST03075,2024-01-28,UPI,Delivered
ORD004633,CUST00854,2025-03-16,COD,Delivered
ORD004634,CUST10854,2024-07-10,COD,Delivered
ORD004635,CUST04290,2026-01-28,UPI,Delivered
ORD004636,CUST05847,2024-07-21,Credit Card,Delivered
ORD004637,CUST07016,2024-08-08,Debit Card,Delivered
ORD004638,CUST00830,2024-05-02,Net Banking,Delivered
ORD004639,CUST00693,2024-05-12,Debit Card,Delivered
ORD004640,CUST05976,2026-04-09,UPI,Delivered
ORD004641,CUST05497,2024-08-22,Debit Card,Cancelled
ORD004642,CUST03617,2024-06-18,Credit Card,Pending
ORD004643,CUST07921,2026-04-13,Debit Card,Cancelled
ORD004644,CUST03163,2024-01-20,Net Banking,Delivered
ORD004645,CUST02701,2025-08-20,UPI,Delivered
ORD004646,CUST06629,2026-07-24,Credit Card,Delivered
ORD004647,CUST01575,2026-07-11,Credit Card,Delivered
ORD004648,CUST02153,2026-07-05,Credit Card,Delivered
ORD004649,CUST07193,2025-09-24,COD,Delivered
ORD004650,CUST06638,2024-10-02,Debit Card,Delivered
ORD004651,CUST05569,2026-03-10,Net Banking,Delivered
ORD004652,CUST10339,2025-11-24,COD,Delivered
ORD004653,CUST01552,2024-02-05,Net Banking,Delivered
ORD004654,CUST04680,2026-08-11,Net Banking,Delivered
ORD004655,CUST01621,2024-04-21,Net Banking,Delivered
ORD004656,CUST04043,2026-05-27,Net Banking,Delivered
ORD004657,CUST03802,2025-08-01,Debit Card,Delivered
ORD004658,CUST11196,2024-07-18,Debit Card,Delivered
ORD004659,CUST11727,2025-06-25,Net Banking,Delivered
ORD004660,CUST11437,2025-12-08,Net Banking,Delivered
ORD004661,CUST08628,2024-05-14,Credit Card,Delivered
ORD004662,CUST01468,2024-05-01,COD,Delivered
ORD004663,CUST03365,2025-10-25,Debit Card,Delivered
ORD004664,CUST01846,2024-09-21,Credit Card,Delivered
ORD004665,CUST01535,2024-10-16,UPI,Cancelled
ORD004666,CUST01491,2025-12-13,Credit Card,Delivered
ORD004667,CUST04271,2025-07-20,COD,Delivered
ORD004668,CUST06485,2026-05-20,UPI,Delivered
ORD004669,CUST11941,2025-09-19,Net Banking,Cancelled
ORD004670,CUST09214,2025-08-13,Credit Card,Cancelled
ORD004671,CUST03819,2025-01-03,COD,Delivered
ORD004672,CUST07634,2025-06-07,Credit Card,Delivered
ORD004673,CUST00170,2025-05-18,COD,Cancelled
ORD004674,CUST04836,2024-02-27,Credit Card,Delivered
ORD004675,CUST00701,2025-05-19,COD,Returned
ORD004676,CUST06131,2025-03-18,Net Banking,Cancelled
ORD004677,CUST04542,2025-08-02,COD,Delivered
ORD004678,CUST00951,2026-02-23,Debit Card,Delivered
ORD004679,CUST09743,2024-07-19,Credit Card,Delivered
ORD004680,CUST03046,2026-01-04,UPI,Delivered
ORD004681,CUST02619,2025-02-17,UPI,Delivered
ORD004682,CUST03831,2026-01-26,UPI,Delivered
ORD004683,CUST11202,2025-03-22,COD,Delivered
ORD004684,CUST00298,2025-03-21,UPI,Returned
ORD004685,CUST08052,2026-08-15,COD,Delivered
ORD004686,CUST00510,2026-01-11,UPI,Delivered
ORD004687,CUST05894,2025-06-13,UPI,Delivered
ORD004688,CUST03750,2025-02-08,Net Banking,Delivered
ORD004689,CUST10874,2024-07-27,Net Banking,Delivered
ORD004690,CUST07119,2025-11-05,Net Banking,Delivered
ORD004691,CUST01441,2025-02-04,Credit Card,Delivered
ORD004692,CUST11624,2025-08-23,COD,Delivered
ORD004693,CUST05466,2024-06-30,COD,Cancelled
ORD004694,CUST07582,2026-08-30,Net Banking,Delivered
ORD004695,CUST10366,2024-05-31,Net Banking,Delivered
ORD004696,CUST05230,2024-01-15,UPI,Delivered
ORD004697,CUST00449,2024-12-06,UPI,Delivered
ORD004698,CUST00634,2024-09-08,UPI,Delivered
ORD004699,CUST10250,2025-08-10,Credit Card,Cancelled
ORD004700,CUST05887,2025-06-09,Net Banking,Delivered
ORD004701,CUST01019,2025-11-17,Net Banking,Delivered
ORD004702,CUST08907,2024-12-31,Net Banking,Delivered
ORD004703,CUST05610,2024-04-01,UPI,Delivered
ORD004704,CUST05647,2024-08-04,Credit Card,Delivered
ORD004705,CUST07116,2024-04-01,Debit Card,Pending
ORD004706,CUST11267,2024-10-13,Debit Card,Delivered
ORD004707,CUST00918,2024-04-09,UPI,Delivered
ORD004708,CUST09016,2024-02-27,UPI,Delivered
ORD004709,CUST06938,2025-11-10,Net Banking,Returned
ORD004710,CUST04274,2025-03-21,COD,Pending
ORD004711,CUST02033,2024-06-30,UPI,Delivered
ORD004712,CUST08791,2025-05-23,UPI,Delivered
ORD004713,CUST02365,2025-11-30,Debit Card,Delivered
ORD004714,CUST10493,2026-05-10,UPI,Delivered
ORD004715,CUST00003,2025-01-29,COD,Delivered
ORD004716,CUST05278,2024-06-02,Net Banking,Delivered
ORD004717,CUST05306,2026-03-05,COD,Delivered
ORD004718,CUST10184,2024-10-12,Credit Card,Delivered
ORD004719,CUST06040,2026-03-31,UPI,Cancelled
ORD004720,CUST08005,2024-10-19,UPI,Returned
ORD004721,CUST10119,2026-02-09,COD,Delivered
ORD004722,CUST04147,2026-01-25,Credit Card,Delivered
ORD004723,CUST06966,2024-03-14,Net Banking,Delivered
ORD004724,CUST03763,2024-12-17,COD,Cancelled
ORD004725,CUST02715,2024-03-09,Debit Card,Delivered
ORD004726,CUST11020,2025-10-10,Credit Card,Delivered
ORD004727,CUST02473,2024-06-02,Net Banking,Cancelled
ORD004728,CUST07793,2025-02-22,Credit Card,Delivered
ORD004729,CUST04216,2024-11-20,Debit Card,Delivered
ORD004730,CUST00618,2026-04-27,Credit Card,Returned
ORD004731,CUST01394,2025-04-05,COD,Delivered
ORD004732,CUST02465,2026-01-03,COD,Delivered
ORD004733,CUST01803,2024-05-18,Credit Card,Returned
ORD004734,CUST08356,2024-04-30,UPI,Delivered
ORD004735,CUST09849,2026-07-14,Credit Card,Cancelled
ORD004736,CUST10374,2026-05-30,COD,Delivered
ORD004737,CUST08827,2026-07-05,Net Banking,Delivered
ORD004738,CUST09148,2024-09-16,Credit Card,Delivered
ORD004739,CUST10312,2024-05-24,Debit Card,Delivered
ORD004740,CUST10599,2025-05-17,Debit Card,Delivered
ORD004741,CUST04645,2026-08-13,Net Banking,Returned
ORD004742,CUST06032,2025-11-01,Net Banking,Delivered
ORD004743,CUST00719,2025-06-01,Net Banking,Delivered
ORD004744,CUST10165,2026-01-06,Net Banking,Delivered
ORD004745,CUST03464,2024-04-25,Credit Card,Delivered
ORD004746,CUST00995,2025-07-04,Net Banking,Pending
ORD004747,CUST04617,2024-04-16,Net Banking,Delivered
ORD004748,CUST00837,2025-09-21,UPI,Delivered
ORD004749,CUST11539,2024-02-11,Debit Card,Delivered
ORD004750,CUST10489,2026-03-28,Credit Card,Delivered
ORD004751,CUST08704,2025-06-22,COD,Pending
ORD004752,CUST10352,2024-08-04,UPI,Pending
ORD004753,CUST07760,2025-09-09,UPI,Returned
ORD004754,CUST01042,2024-03-23,COD,Delivered
ORD004755,CUST07628,2026-06-16,UPI,Delivered
ORD004756,CUST11344,2024-11-16,Credit Card,Delivered
ORD004757,CUST04803,2024-09-26,Debit Card,Delivered
ORD004758,CUST05236,2024-04-17,Net Banking,Delivered
ORD004759,CUST08736,2024-01-15,UPI,Delivered
ORD004760,CUST06367,2026-08-04,Credit Card,Delivered
ORD004761,CUST04184,2025-10-23,UPI,Pending
ORD004762,CUST11696,2026-04-05,Credit Card,Cancelled
ORD004763,CUST05793,2026-04-28,UPI,Delivered
ORD004764,CUST09157,2025-12-02,Credit Card,Delivered
ORD004765,CUST10568,2026-08-03,Net Banking,Delivered
ORD004766,CUST01922,2025-11-11,Credit Card,Returned
ORD004767,CUST02870,2026-03-10,COD,Delivered
ORD004768,CUST09190,2024-06-09,UPI,Delivered
ORD004769,CUST08867,2025-03-24,Net Banking,Delivered
ORD004770,CUST09079,2026-03-19,UPI,Delivered
ORD004771,CUST02237,2024-03-23,Credit Card,Delivered
ORD004772,CUST06515,2025-09-05,UPI,Returned
ORD004773,CUST04924,2025-01-14,Debit Card,Pending
ORD004774,CUST02298,2024-04-24,Credit Card,Delivered
ORD004775,CUST10466,2024-08-29,Credit Card,Returned
ORD004776,CUST04220,2024-02-28,UPI,Returned
ORD004777,CUST02014,2024-04-08,Net Banking,Delivered
ORD004778,CUST02353,2025-03-17,COD,Delivered
ORD004779,CUST04887,2025-01-22,Net Banking,Delivered
ORD004780,CUST01860,2024-03-15,COD,Delivered
ORD004781,CUST04494,2024-08-28,Debit Card,Delivered
ORD004782,CUST07326,2025-05-29,COD,Delivered
ORD004783,CUST02051,2025-01-09,Net Banking,Delivered
ORD004784,CUST02044,2024-03-06,COD,Delivered
ORD004785,CUST06475,2026-03-14,COD,Delivered
ORD004786,CUST04675,2025-10-24,Debit Card,Delivered
ORD004787,CUST02729,2026-06-25,COD,Cancelled
ORD004788,CUST08112,2024-06-11,UPI,Delivered
ORD004789,CUST05682,2024-09-03,Debit Card,Delivered
ORD004790,CUST00442,2026-01-31,Debit Card,Delivered
ORD004791,CUST02063,2024-10-11,UPI,Delivered
ORD004792,CUST05242,2024-11-12,Debit Card,Returned
ORD004793,CUST09776,2024-07-08,Debit Card,Cancelled
ORD004794,CUST08818,2024-01-07,Net Banking,Delivered
ORD004795,CUST10756,2025-06-14,Net Banking,Cancelled
ORD004796,CUST11543,2024-11-21,Credit Card,Delivered
ORD004797,CUST06977,2024-03-29,Credit Card,Delivered
ORD004798,CUST11320,2025-12-20,Debit Card,Cancelled
ORD004799,CUST06114,2026-06-09,Debit Card,Delivered
ORD004800,CUST09151,2026-04-09,UPI,Delivered
ORD004801,CUST09231,2024-10-05,UPI,Delivered
ORD004802,CUST07556,2026-03-31,Debit Card,Delivered
ORD004803,CUST00091,2026-06-25,COD,Delivered
ORD004804,CUST02765,2026-05-14,Net Banking,Delivered
ORD004805,CUST05879,2024-03-12,COD,Delivered
ORD004806,CUST01518,2025-04-28,Net Banking,Delivered
ORD004807,CUST08040,2025-05-21,Debit Card,Delivered
ORD004808,CUST06048,2026-05-31,Net Banking,Delivered
ORD004809,CUST06665,2024-08-04,Credit Card,Delivered
ORD004810,CUST03813,2025-06-30,Debit Card,Returned
ORD004811,CUST09433,2026-06-27,Debit Card,Cancelled
ORD004812,CUST08377,2025-03-29,Debit Card,Cancelled
ORD004813,CUST08387,2024-04-19,UPI,Delivered
ORD004814,CUST08208,2026-04-08,Debit Card,Delivered
ORD004815,CUST03153,2024-06-15,Debit Card,Delivered
ORD004816,CUST03675,2025-05-12,Debit Card,Delivered
ORD004817,CUST05770,2025-08-02,COD,Delivered
ORD004818,CUST06837,2026-01-18,Net Banking,Delivered
ORD004819,CUST06209,2025-03-02,Credit Card,Delivered
ORD004820,CUST11826,2025-01-18,Debit Card,Delivered
ORD004821,CUST04381,2025-03-01,Net Banking,Delivered
ORD004822,CUST08338,2026-02-22,Credit Card,Delivered
ORD004823,CUST09632,2026-06-07,Net Banking,Delivered
ORD004824,CUST01899,2024-09-23,Debit Card,Returned
ORD004825,CUST03745,2025-08-22,Net Banking,Delivered
ORD004826,CUST09686,2025-12-18,Net Banking,Delivered
ORD004827,CUST01899,2024-12-25,Net Banking,Delivered
ORD004828,CUST06411,2024-03-03,Debit Card,Cancelled
ORD004829,CUST10900,2026-08-25,UPI,Delivered
ORD004830,CUST05832,2025-01-09,UPI,Delivered
ORD004831,CUST06435,2025-04-22,Net Banking,Delivered
ORD004832,CUST08272,2024-10-13,Debit Card,Delivered
ORD004833,CUST07788,2025-03-29,Net Banking,Delivered
ORD004834,CUST05597,2024-10-06,UPI,Delivered
ORD004835,CUST01186,2025-11-25,COD,Cancelled
ORD004836,CUST05625,2026-06-15,COD,Delivered
ORD004837,CUST03060,2026-07-22,Net Banking,Delivered
ORD004838,CUST11469,2025-05-26,UPI,Delivered
ORD004839,CUST06968,2026-08-09,COD,Delivered
ORD004840,CUST11213,2025-11-16,COD,Delivered
ORD004841,CUST03935,2025-04-13,Net Banking,Delivered
ORD004842,CUST01438,2024-05-13,Net Banking,Delivered
ORD004843,CUST10361,2026-04-26,UPI,Returned
ORD004844,CUST05104,2026-07-16,Credit Card,Returned
ORD004845,CUST11929,2026-04-29,COD,Delivered
ORD004846,CUST08030,2026-05-28,Credit Card,Delivered
ORD004847,CUST08650,2026-05-13,COD,Delivered
ORD004848,CUST02274,2025-10-13,COD,Delivered
ORD004849,CUST11524,2026-08-28,COD,Delivered
ORD004850,CUST05695,2024-02-03,Net Banking,Delivered
ORD004851,CUST02326,2024-03-06,Credit Card,Cancelled
ORD004852,CUST07993,2024-06-20,Debit Card,Delivered
ORD004853,CUST05814,2026-05-03,Net Banking,Delivered
ORD004854,CUST02052,2025-06-16,COD,Delivered
ORD004855,CUST07361,2025-12-10,Credit Card,Pending
ORD004856,CUST09983,2024-01-06,Credit Card,Delivered
ORD004857,CUST03376,2026-02-18,UPI,Delivered
ORD004858,CUST00151,2025-10-05,Net Banking,Delivered
ORD004859,CUST10246,2025-06-02,Debit Card,Delivered
ORD004860,CUST08051,2025-08-10,UPI,Cancelled
ORD004861,CUST11717,2026-01-03,Credit Card,Delivered
ORD004862,CUST10176,2026-04-20,UPI,Delivered
ORD004863,CUST07383,2025-06-02,COD,Delivered
ORD004864,CUST01766,2024-08-27,Net Banking,Delivered
ORD004865,CUST07495,2024-02-16,Debit Card,Pending
ORD004866,CUST11909,2026-02-28,Debit Card,Pending
ORD004867,CUST04001,2024-06-03,Credit Card,Delivered
ORD004868,CUST09114,2024-09-08,UPI,Delivered
ORD004869,CUST00955,2026-01-08,Debit Card,Delivered
ORD004870,CUST00085,2025-07-03,Debit Card,Delivered
ORD004871,CUST08610,2024-03-28,COD,Delivered
ORD004872,CUST10954,2024-09-26,COD,Returned
ORD004873,CUST08898,2025-11-10,Credit Card,Delivered
ORD004874,CUST11534,2024-12-21,UPI,Delivered
ORD004875,CUST05366,2025-12-17,COD,Delivered
ORD004876,CUST08565,2025-09-04,UPI,Delivered
ORD004877,CUST01095,2024-04-25,Credit Card,Delivered
ORD004878,CUST03274,2024-02-19,Net Banking,Cancelled
ORD004879,CUST07519,2025-04-03,Credit Card,Delivered
ORD004880,CUST09096,2024-02-01,Net Banking,Delivered
ORD004881,CUST04865,2026-04-16,COD,Delivered
ORD004882,CUST04317,2024-07-27,Debit Card,Delivered
ORD004883,CUST01183,2024-07-12,Credit Card,Cancelled
ORD004884,CUST05328,2024-03-27,UPI,Returned
ORD004885,CUST10478,2024-09-17,UPI,Delivered
ORD004886,CUST02899,2025-09-25,Net Banking,Delivered
ORD004887,CUST09946,2026-03-18,UPI,Returned
ORD004888,CUST10942,2025-11-08,COD,Delivered
ORD004889,CUST04490,2026-08-25,Net Banking,Delivered
ORD004890,CUST10002,2025-04-19,Debit Card,Delivered
ORD004891,CUST05093,2026-02-04,Credit Card,Returned
ORD004892,CUST10589,2024-07-08,Net Banking,Delivered
ORD004893,CUST08514,2024-09-14,COD,Delivered
ORD004894,CUST01204,2026-03-18,Net Banking,Pending
ORD004895,CUST03672,2025-05-19,COD,Pending
ORD004896,CUST07550,2025-05-18,Net Banking,Delivered
ORD004897,CUST06972,2025-08-05,Net Banking,Delivered
ORD004898,CUST08014,2024-08-19,Debit Card,Delivered
ORD004899,CUST00126,2025-03-09,Net Banking,Delivered
ORD004900,CUST05102,2025-02-09,COD,Delivered
ORD004901,CUST10614,2026-06-21,Net Banking,Delivered
ORD004902,CUST10955,2026-06-11,UPI,Delivered
ORD004903,CUST06962,2025-05-09,Debit Card,Returned
ORD004904,CUST03691,2025-08-07,COD,Pending
ORD004905,CUST03160,2024-08-25,Credit Card,Delivered
ORD004906,CUST06143,2026-02-01,Net Banking,Pending
ORD004907,CUST03598,2024-12-30,COD,Delivered
ORD004908,CUST03315,2025-02-22,UPI,Cancelled
ORD004909,CUST02578,2024-12-23,Net Banking,Delivered
ORD004910,CUST04386,2024-01-24,UPI,Delivered
ORD004911,CUST11091,2024-06-12,Net Banking,Delivered
ORD004912,CUST03625,2026-03-31,Net Banking,Delivered
ORD004913,CUST10359,2024-07-28,Credit Card,Delivered
ORD004914,CUST01611,2025-09-10,Credit Card,Returned
ORD004915,CUST10111,2026-07-10,UPI,Delivered
ORD004916,CUST05297,2024-08-18,Debit Card,Returned
ORD004917,CUST08410,2025-04-07,Net Banking,Delivered
ORD004918,CUST04821,2024-11-07,Credit Card,Delivered
ORD004919,CUST02864,2026-05-03,Debit Card,Delivered
ORD004920,CUST11276,2025-08-23,UPI,Delivered
ORD004921,CUST04033,2025-07-08,COD,Delivered
ORD004922,CUST03854,2025-08-23,Credit Card,Delivered
ORD004923,CUST10560,2026-03-19,Net Banking,Cancelled
ORD004924,CUST10266,2025-08-23,Credit Card,Pending
ORD004925,CUST00391,2026-07-22,Net Banking,Delivered
ORD004926,CUST03998,2025-04-17,Credit Card,Delivered
ORD004927,CUST04247,2026-02-13,UPI,Delivered
ORD004928,CUST08655,2026-03-18,UPI,Delivered
ORD004929,CUST05009,2026-01-29,UPI,Delivered
ORD004930,CUST06018,2026-05-25,UPI,Delivered
ORD004931,CUST09544,2026-07-08,UPI,Delivered
ORD004932,CUST09127,2025-08-17,Net Banking,Delivered
ORD004933,CUST09436,2024-05-29,Net Banking,Delivered
ORD004934,CUST03376,2024-10-28,COD,Returned
ORD004935,CUST00511,2024-01-23,UPI,Returned
ORD004936,CUST04869,2025-08-18,Debit Card,Delivered
ORD004937,CUST11797,2025-05-25,Net Banking,Delivered
ORD004938,CUST11954,2024-12-05,Net Banking,Delivered
ORD004939,CUST04066,2025-10-08,COD,Cancelled
ORD004940,CUST03143,2026-07-18,Net Banking,Delivered
ORD004941,CUST02910,2025-01-29,Credit Card,Delivered
ORD004942,CUST05214,2026-07-27,Net Banking,Delivered
ORD004943,CUST02767,2024-11-23,Credit Card,Delivered
ORD004944,CUST01609,2024-12-23,COD,Delivered
ORD004945,CUST01691,2025-01-29,Credit Card,Delivered
ORD004946,CUST08962,2026-03-21,Debit Card,Delivered
ORD004947,CUST00228,2024-10-07,Net Banking,Cancelled
ORD004948,CUST10587,2024-01-31,Debit Card,Delivered
ORD004949,CUST07343,2026-01-10,UPI,Delivered
ORD004950,CUST00808,2024-09-12,COD,Returned
ORD004951,CUST06361,2026-07-10,COD,Delivered
ORD004952,CUST00548,2025-04-02,Net Banking,Delivered
ORD004953,CUST05517,2024-11-22,Net Banking,Delivered
ORD004954,CUST10085,2025-04-28,COD,Delivered
ORD004955,CUST00724,2024-06-21,Net Banking,Delivered
ORD004956,CUST11254,2024-07-04,Credit Card,Delivered
ORD004957,CUST10514,2025-07-29,Credit Card,Delivered
ORD004958,CUST00115,2024-10-02,Credit Card,Delivered
ORD004959,CUST10443,2026-04-26,COD,Delivered
ORD004960,CUST06662,2025-08-14,COD,Delivered
ORD004961,CUST04036,2026-05-16,Debit Card,Delivered
ORD004962,CUST09341,2024-07-08,UPI,Returned
ORD004963,CUST06452,2025-03-20,Net Banking,Delivered
ORD004964,CUST09935,2026-04-01,COD,Delivered
ORD004965,CUST07683,2026-03-13,Debit Card,Pending
ORD004966,CUST11153,2025-09-07,UPI,Delivered
ORD004967,CUST11742,2025-01-02,Credit Card,Delivered
ORD004968,CUST04162,2026-03-12,Net Banking,Delivered
ORD004969,CUST08470,2024-12-24,COD,Delivered
ORD004970,CUST00139,2024-05-04,Debit Card,Delivered
ORD004971,CUST00676,2025-10-02,Credit Card,Delivered
ORD004972,CUST07477,2024-01-09,UPI,Delivered
ORD004973,CUST10572,2024-04-14,Debit Card,Delivered
ORD004974,CUST10787,2024-04-03,UPI,Delivered
ORD004975,CUST09259,2025-06-16,COD,Delivered
ORD004976,CUST01837,2025-12-22,Debit Card,Delivered
ORD004977,CUST11129,2024-01-22,Net Banking,Delivered
ORD004978,CUST08873,2024-12-29,Credit Card,Returned
ORD004979,CUST11072,2024-12-11,Debit Card,Delivered
ORD004980,CUST04367,2025-12-16,COD,Delivered
ORD004981,CUST02348,2026-07-15,COD,Delivered
ORD004982,CUST01066,2025-07-02,UPI,Delivered
ORD004983,CUST09813,2024-09-11,UPI,Delivered
ORD004984,CUST07684,2026-01-16,Net Banking,Delivered
ORD004985,CUST05033,2025-03-07,COD,Delivered
ORD004986,CUST06406,2024-05-09,COD,Delivered
ORD004987,CUST10151,2026-01-10,COD,Delivered
ORD004988,CUST05841,2025-09-07,Credit Card,Delivered
ORD004989,CUST11236,2025-10-17,Credit Card,Delivered
ORD004990,CUST03327,2024-11-01,COD,Cancelled
ORD004991,CUST06225,2025-01-15,Credit Card,Delivered
ORD004992,CUST04507,2026-03-01,COD,Delivered
ORD004993,CUST08922,2025-01-14,UPI,Delivered
ORD004994,CUST04852,2025-09-02,UPI,Delivered
ORD004995,CUST08050,2025-06-01,Credit Card,Delivered
ORD004996,CUST07271,2025-12-01,UPI,Pending
ORD004997,CUST05664,2026-03-14,UPI,Delivered
ORD004998,CUST09586,2025-10-23,Net Banking,Delivered
ORD004999,CUST02903,2026-08-15,Net Banking,Pending
ORD005000,CUST00051,2026-06-25,COD,Delivered
ORD005001,CUST07406,2025-04-26,Debit Card,Delivered
ORD005002,CUST08232,2025-09-25,Debit Card,Delivered
ORD005003,CUST06023,2024-03-17,Net Banking,Delivered
ORD005004,CUST08961,2025-11-15,COD,Delivered
ORD005005,CUST02969,2024-07-28,Net Banking,Cancelled
ORD005006,CUST06367,2024-11-07,UPI,Pending
ORD005007,CUST08710,2026-07-29,COD,Delivered
ORD005008,CUST08156,2025-11-14,COD,Delivered
ORD005009,CUST02020,2026-05-11,Debit Card,Returned
ORD005010,CUST06416,2024-04-14,Debit Card,Returned
ORD005011,CUST07574,2024-08-03,Debit Card,Delivered
ORD005012,CUST10122,2025-10-02,Credit Card,Delivered
ORD005013,CUST04325,2024-08-16,UPI,Delivered
ORD005014,CUST05681,2026-03-06,UPI,Delivered
ORD005015,CUST09467,2025-05-30,UPI,Delivered
ORD005016,CUST04490,2025-01-22,UPI,Delivered
ORD005017,CUST07463,2024-11-29,UPI,Delivered
ORD005018,CUST06714,2025-12-15,UPI,Delivered
ORD005019,CUST05831,2024-03-27,Credit Card,Delivered
ORD005020,CUST02730,2025-05-08,COD,Pending
ORD005021,CUST09517,2025-04-04,Debit Card,Delivered
ORD005022,CUST00601,2024-08-27,Debit Card,Delivered
ORD005023,CUST01797,2024-11-09,Debit Card,Delivered
ORD005024,CUST08505,2024-04-20,UPI,Delivered
ORD005025,CUST05200,2025-07-07,Debit Card,Delivered
ORD005026,CUST00663,2026-02-06,Credit Card,Delivered
ORD005027,CUST05778,2024-07-14,UPI,Returned
ORD005028,CUST08687,2025-03-24,UPI,Delivered
ORD005029,CUST03976,2026-01-24,Credit Card,Delivered
ORD005030,CUST03048,2025-07-05,COD,Returned
ORD005031,CUST02195,2024-09-10,Credit Card,Delivered
ORD005032,CUST06373,2024-03-14,Credit Card,Delivered
ORD005033,CUST03996,2026-06-21,Credit Card,Returned
ORD005034,CUST01732,2025-10-03,COD,Delivered
ORD005035,CUST11826,2025-12-27,Debit Card,Delivered
ORD005036,CUST02902,2024-10-16,Credit Card,Delivered
ORD005037,CUST04428,2026-06-04,UPI,Delivered
ORD005038,CUST05569,2025-09-23,Debit Card,Delivered
ORD005039,CUST00776,2026-03-29,Debit Card,Delivered
ORD005040,CUST11708,2026-02-18,Net Banking,Delivered
ORD005041,CUST00442,2024-08-30,Credit Card,Delivered
ORD005042,CUST03049,2026-04-03,Debit Card,Pending
ORD005043,CUST00411,2026-04-23,UPI,Cancelled
ORD005044,CUST10453,2024-08-24,COD,Delivered
ORD005045,CUST08301,2026-02-22,COD,Delivered
ORD005046,CUST07670,2024-05-15,Debit Card,Delivered
ORD005047,CUST03174,2025-11-12,COD,Delivered
ORD005048,CUST05869,2025-06-01,Net Banking,Delivered
ORD005049,CUST02937,2025-04-07,COD,Delivered
ORD005050,CUST06783,2025-03-08,COD,Returned
ORD005051,CUST08079,2024-05-18,COD,Cancelled
ORD005052,CUST04830,2026-08-15,UPI,Pending
ORD005053,CUST05827,2024-06-06,Net Banking,Cancelled
ORD005054,CUST10652,2026-06-24,Net Banking,Delivered
ORD005055,CUST01727,2025-08-21,COD,Delivered
ORD005056,CUST03166,2025-06-13,Debit Card,Delivered
ORD005057,CUST00484,2026-04-09,UPI,Delivered
ORD005058,CUST06915,2025-06-04,Debit Card,Delivered
ORD005059,CUST06964,2025-08-07,Credit Card,Delivered
ORD005060,CUST04140,2025-09-17,UPI,Delivered
ORD005061,CUST01340,2024-05-13,COD,Delivered
ORD005062,CUST06202,2024-03-20,UPI,Delivered
ORD005063,CUST00607,2026-04-23,UPI,Delivered
ORD005064,CUST05262,2025-10-03,Debit Card,Delivered
ORD005065,CUST10630,2025-04-09,Credit Card,Delivered
ORD005066,CUST06931,2026-07-10,UPI,Delivered
ORD005067,CUST09662,2026-02-15,Credit Card,Delivered
ORD005068,CUST08627,2026-02-11,Credit Card,Delivered
ORD005069,CUST04219,2025-08-26,Debit Card,Delivered
ORD005070,CUST03062,2024-12-15,Debit Card,Delivered
ORD005071,CUST01818,2024-05-24,COD,Returned
ORD005072,CUST04722,2026-04-09,COD,Cancelled
ORD005073,CUST00952,2025-07-12,UPI,Delivered
ORD005074,CUST02807,2024-10-21,COD,Delivered
ORD005075,CUST09068,2024-05-07,Debit Card,Delivered
ORD005076,CUST09701,2026-04-06,COD,Cancelled
ORD005077,CUST04781,2025-04-11,COD,Delivered
ORD005078,CUST03295,2026-02-12,COD,Delivered
ORD005079,CUST06866,2025-12-08,Credit Card,Delivered
ORD005080,CUST11610,2025-05-06,COD,Cancelled
ORD005081,CUST02946,2025-01-05,Debit Card,Delivered
ORD005082,CUST04218,2026-02-04,Credit Card,Delivered
ORD005083,CUST07533,2024-06-14,COD,Delivered
ORD005084,CUST07494,2025-11-26,COD,Delivered
ORD005085,CUST02888,2024-09-02,Debit Card,Delivered
ORD005086,CUST09325,2025-02-01,UPI,Delivered
ORD005087,CUST02884,2026-04-27,Debit Card,Delivered
ORD005088,CUST04639,2025-11-24,Net Banking,Delivered
ORD005089,CUST01146,2024-04-10,Debit Card,Delivered
ORD005090,CUST02119,2025-11-02,UPI,Delivered
ORD005091,CUST01199,2024-06-07,Debit Card,Delivered
ORD005092,CUST07461,2024-07-15,Credit Card,Delivered
ORD005093,CUST11739,2025-10-18,Credit Card,Delivered
ORD005094,CUST01745,2024-01-04,Debit Card,Delivered
ORD005095,CUST09952,2025-09-10,Credit Card,Delivered
ORD005096,CUST03091,2024-08-03,UPI,Delivered
ORD005097,CUST09945,2024-01-06,Net Banking,Pending
ORD005098,CUST11357,2025-03-23,Net Banking,Delivered
ORD005099,CUST11673,2024-06-06,UPI,Delivered
ORD005100,CUST09269,2026-06-05,COD,Pending
ORD005101,CUST09214,2026-04-22,COD,Returned
ORD005102,CUST00992,2025-08-25,Net Banking,Cancelled
ORD005103,CUST00587,2024-09-21,Credit Card,Delivered
ORD005104,CUST07812,2025-02-11,Credit Card,Cancelled
ORD005105,CUST08750,2026-02-26,COD,Delivered
ORD005106,CUST03487,2024-01-13,Net Banking,Delivered
ORD005107,CUST09764,2026-04-02,Debit Card,Delivered
ORD005108,CUST09348,2025-08-26,Debit Card,Delivered
ORD005109,CUST08834,2025-05-09,Credit Card,Delivered
ORD005110,CUST04775,2026-01-04,UPI,Delivered
ORD005111,CUST03884,2025-08-30,COD,Delivered
ORD005112,CUST04187,2026-01-08,Credit Card,Delivered
ORD005113,CUST08057,2024-12-22,UPI,Pending
ORD005114,CUST07977,2024-10-01,UPI,Delivered
ORD005115,CUST03194,2024-10-29,COD,Delivered
ORD005116,CUST10599,2024-09-08,UPI,Delivered
ORD005117,CUST05985,2025-08-05,UPI,Delivered
ORD005118,CUST03878,2026-04-14,COD,Delivered
ORD005119,CUST04042,2026-03-18,Net Banking,Delivered
ORD005120,CUST02753,2024-04-03,Debit Card,Returned
ORD005121,CUST03186,2025-07-23,Net Banking,Delivered
ORD005122,CUST00419,2024-01-31,Debit Card,Returned
ORD005123,CUST04619,2024-10-27,Debit Card,Delivered
ORD005124,CUST02235,2025-05-10,COD,Delivered
ORD005125,CUST07750,2024-04-13,Net Banking,Cancelled
ORD005126,CUST00811,2024-11-05,COD,Delivered
ORD005127,CUST07655,2024-11-24,Net Banking,Delivered
ORD005128,CUST09832,2024-04-07,UPI,Delivered
ORD005129,CUST02905,2025-04-14,Credit Card,Delivered
ORD005130,CUST02775,2025-02-14,Net Banking,Delivered
ORD005131,CUST01654,2024-02-21,Net Banking,Delivered
ORD005132,CUST04101,2025-07-20,UPI,Returned
ORD005133,CUST05786,2024-01-27,UPI,Delivered
ORD005134,CUST06944,2026-05-14,Debit Card,Cancelled
ORD005135,CUST04399,2024-04-25,Credit Card,Delivered
ORD005136,CUST01976,2024-12-30,Credit Card,Delivered
ORD005137,CUST10197,2025-11-15,Credit Card,Returned
ORD005138,CUST10802,2025-03-02,Net Banking,Pending
ORD005139,CUST06499,2025-07-07,Net Banking,Cancelled
ORD005140,CUST05050,2026-01-25,COD,Delivered
ORD005141,CUST09884,2026-02-12,Debit Card,Delivered
ORD005142,CUST05215,2024-10-30,UPI,Returned
ORD005143,CUST07759,2025-03-17,UPI,Delivered
ORD005144,CUST04791,2025-06-22,UPI,Delivered
ORD005145,CUST00826,2024-06-08,COD,Delivered
ORD005146,CUST05109,2025-11-08,COD,Delivered
ORD005147,CUST11962,2024-12-07,Net Banking,Returned
ORD005148,CUST00430,2025-05-14,COD,Delivered
ORD005149,CUST03914,2025-11-23,COD,Delivered
ORD005150,CUST05805,2026-08-30,UPI,Delivered
ORD005151,CUST03722,2025-08-30,COD,Delivered
ORD005152,CUST01382,2024-10-09,Debit Card,Delivered
ORD005153,CUST01756,2026-01-17,COD,Returned
ORD005154,CUST10942,2024-10-22,Credit Card,Delivered
ORD005155,CUST03672,2024-04-03,COD,Delivered
ORD005156,CUST04601,2024-06-11,Net Banking,Delivered
ORD005157,CUST05488,2025-04-05,Debit Card,Cancelled
ORD005158,CUST02912,2025-09-21,COD,Cancelled
ORD005159,CUST05894,2026-08-15,Net Banking,Delivered
ORD005160,CUST01419,2025-01-19,Debit Card,Delivered
ORD005161,CUST04483,2024-08-21,COD,Delivered
ORD005162,CUST05064,2024-06-03,Debit Card,Delivered
ORD005163,CUST01953,2024-10-04,Credit Card,Pending
ORD005164,CUST10294,2025-05-19,UPI,Delivered
ORD005165,CUST02031,2026-06-11,COD,Delivered
ORD005166,CUST10927,2025-09-14,Debit Card,Delivered
ORD005167,CUST00979,2026-08-01,Net Banking,Delivered
ORD005168,CUST00762,2026-03-02,Credit Card,Delivered
ORD005169,CUST06154,2026-01-26,UPI,Cancelled
ORD005170,CUST05907,2024-05-30,Net Banking,Pending
ORD005171,CUST00135,2024-06-29,Credit Card,Delivered
ORD005172,CUST02621,2024-10-17,COD,Delivered
ORD005173,CUST02574,2026-04-20,Net Banking,Delivered
ORD005174,CUST02306,2026-07-11,Debit Card,Delivered
ORD005175,CUST06588,2025-06-02,Credit Card,Delivered
ORD005176,CUST02349,2025-02-11,Credit Card,Returned
ORD005177,CUST07956,2024-07-26,COD,Delivered
ORD005178,CUST05146,2024-05-07,Credit Card,Delivered
ORD005179,CUST05563,2024-01-23,UPI,Returned
ORD005180,CUST05111,2024-01-07,Debit Card,Pending
ORD005181,CUST11204,2025-05-02,COD,Returned
ORD005182,CUST07144,2024-11-07,UPI,Cancelled
ORD005183,CUST09879,2025-10-23,COD,Delivered
ORD005184,CUST07376,2025-08-27,COD,Delivered
ORD005185,CUST09881,2025-02-07,Debit Card,Delivered
ORD005186,CUST04724,2026-02-12,Credit Card,Delivered
ORD005187,CUST06345,2025-06-26,COD,Returned
ORD005188,CUST11445,2025-04-19,Net Banking,Delivered
ORD005189,CUST00381,2025-09-08,Debit Card,Delivered
ORD005190,CUST10123,2025-04-29,Debit Card,Delivered
ORD005191,CUST10009,2025-04-01,Net Banking,Cancelled
ORD005192,CUST06047,2026-08-15,Debit Card,Delivered
ORD005193,CUST11583,2024-12-10,COD,Delivered
ORD005194,CUST01139,2025-10-01,UPI,Cancelled
ORD005195,CUST06447,2026-06-06,Credit Card,Delivered
ORD005196,CUST00142,2024-02-11,UPI,Delivered
ORD005197,CUST04624,2025-09-05,Debit Card,Delivered
ORD005198,CUST05268,2024-08-12,Net Banking,Delivered
ORD005199,CUST01525,2025-06-08,Debit Card,Returned
ORD005200,CUST05894,2025-09-04,Debit Card,Delivered
ORD005201,CUST09245,2026-07-11,Debit Card,Pending
ORD005202,CUST06404,2026-04-30,Credit Card,Delivered
ORD005203,CUST02056,2025-08-14,Debit Card,Returned
ORD005204,CUST03376,2024-02-16,Debit Card,Returned
ORD005205,CUST07184,2025-03-16,Debit Card,Delivered
ORD005206,CUST03375,2026-04-25,Net Banking,Pending
ORD005207,CUST06240,2026-01-19,COD,Returned
ORD005208,CUST04322,2026-02-10,Debit Card,Delivered
ORD005209,CUST08780,2025-09-06,Debit Card,Delivered
ORD005210,CUST09540,2025-02-09,Debit Card,Delivered
ORD005211,CUST07287,2026-05-28,Credit Card,Delivered
ORD005212,CUST07339,2025-07-19,Net Banking,Delivered
ORD005213,CUST00034,2026-01-10,UPI,Delivered
ORD005214,CUST07942,2024-05-08,COD,Delivered
ORD005215,CUST05425,2024-06-27,Debit Card,Delivered
ORD005216,CUST09267,2025-04-13,UPI,Delivered
ORD005217,CUST01545,2024-04-23,UPI,Delivered
ORD005218,CUST10373,2025-07-28,Credit Card,Delivered
ORD005219,CUST07534,2026-03-08,Credit Card,Delivered
ORD005220,CUST11456,2025-08-25,UPI,Returned
ORD005221,CUST00528,2025-05-08,Debit Card,Delivered
ORD005222,CUST03259,2024-06-10,COD,Returned
ORD005223,CUST06328,2024-01-29,Debit Card,Delivered
ORD005224,CUST07361,2025-08-02,Net Banking,Delivered
ORD005225,CUST03156,2025-12-11,Net Banking,Delivered
ORD005226,CUST00896,2026-04-04,Net Banking,Delivered
ORD005227,CUST05514,2025-04-04,Debit Card,Delivered
ORD005228,CUST05081,2024-10-15,Credit Card,Delivered
ORD005229,CUST11951,2024-12-31,UPI,Cancelled
ORD005230,CUST01527,2025-04-16,UPI,Delivered
ORD005231,CUST00604,2024-04-11,Debit Card,Delivered
ORD005232,CUST08995,2025-12-05,Debit Card,Cancelled
ORD005233,CUST01086,2024-04-28,COD,Delivered
ORD005234,CUST02081,2025-02-21,Net Banking,Delivered
ORD005235,CUST00143,2025-04-09,Debit Card,Delivered
ORD005236,CUST11605,2024-04-13,COD,Cancelled
ORD005237,CUST09578,2024-02-19,COD,Delivered
ORD005238,CUST09714,2025-11-27,Credit Card,Delivered
ORD005239,CUST05235,2026-05-03,Net Banking,Delivered
ORD005240,CUST01909,2026-03-27,UPI,Returned
ORD005241,CUST05477,2026-08-01,Debit Card,Delivered
ORD005242,CUST09610,2025-04-19,Credit Card,Delivered
ORD005243,CUST03576,2025-12-19,Credit Card,Returned
ORD005244,CUST06736,2025-08-13,COD,Delivered
ORD005245,CUST00754,2024-07-02,UPI,Delivered
ORD005246,CUST07775,2026-05-04,Credit Card,Delivered
ORD005247,CUST04360,2024-05-19,Net Banking,Pending
ORD005248,CUST10234,2025-12-31,Credit Card,Delivered
ORD005249,CUST10700,2024-04-22,COD,Delivered
ORD005250,CUST01261,2025-07-21,Credit Card,Delivered
ORD005251,CUST01534,2026-01-23,COD,Delivered
ORD005252,CUST01595,2024-08-19,Credit Card,Delivered
ORD005253,CUST03921,2024-05-16,Net Banking,Delivered
ORD005254,CUST03247,2025-09-14,Debit Card,Delivered
ORD005255,CUST01596,2026-05-26,Debit Card,Delivered
ORD005256,CUST03241,2026-07-13,Credit Card,Delivered
ORD005257,CUST07220,2024-06-13,UPI,Delivered
ORD005258,CUST03300,2025-02-08,Debit Card,Delivered
ORD005259,CUST07416,2024-04-28,Credit Card,Delivered
ORD005260,CUST02380,2025-05-27,Debit Card,Delivered
ORD005261,CUST02936,2025-05-15,COD,Delivered
ORD005262,CUST03510,2024-11-27,Credit Card,Delivered
ORD005263,CUST07501,2025-07-30,Credit Card,Delivered
ORD005264,CUST00099,2025-10-28,Debit Card,Delivered
ORD005265,CUST09928,2024-10-06,Net Banking,Delivered
ORD005266,CUST07159,2024-12-09,Credit Card,Delivered
ORD005267,CUST05387,2024-06-25,Credit Card,Delivered
ORD005268,CUST06152,2025-06-29,Net Banking,Returned
ORD005269,CUST01598,2024-04-12,Net Banking,Delivered
ORD005270,CUST05521,2026-06-05,Net Banking,Delivered
ORD005271,CUST02893,2024-05-03,UPI,Pending
ORD005272,CUST04068,2026-04-04,UPI,Delivered
ORD005273,CUST06029,2025-04-27,Net Banking,Delivered
ORD005274,CUST09046,2024-02-19,UPI,Delivered
ORD005275,CUST03182,2025-11-16,Net Banking,Delivered
ORD005276,CUST09786,2024-09-22,COD,Delivered
ORD005277,CUST09048,2026-06-14,COD,Delivered
ORD005278,CUST02462,2025-12-28,Credit Card,Delivered
ORD005279,CUST05005,2024-03-31,Credit Card,Delivered
ORD005280,CUST03080,2024-09-19,Net Banking,Delivered
ORD005281,CUST11205,2025-02-01,Net Banking,Delivered
ORD005282,CUST10603,2026-01-08,UPI,Delivered
ORD005283,CUST10616,2026-01-16,Credit Card,Delivered
ORD005284,CUST03648,2025-02-02,UPI,Delivered
ORD005285,CUST05940,2024-11-02,Debit Card,Delivered
ORD005286,CUST03974,2025-11-25,Net Banking,Delivered
ORD005287,CUST05447,2025-09-28,Credit Card,Delivered
ORD005288,CUST01974,2024-12-29,Credit Card,Returned
ORD005289,CUST04374,2026-07-16,UPI,Returned
ORD005290,CUST03263,2024-07-05,COD,Delivered
ORD005291,CUST08696,2026-05-18,Net Banking,Delivered
ORD005292,CUST09950,2024-11-24,Net Banking,Delivered
ORD005293,CUST10168,2026-03-17,Net Banking,Delivered
ORD005294,CUST00700,2025-03-06,COD,Delivered
ORD005295,CUST08852,2024-02-02,Net Banking,Pending
ORD005296,CUST04191,2025-06-28,COD,Returned
ORD005297,CUST01651,2024-02-07,COD,Delivered
ORD005298,CUST07853,2026-01-05,UPI,Delivered
ORD005299,CUST06778,2025-06-16,Net Banking,Delivered
ORD005300,CUST07482,2025-08-03,COD,Delivered
ORD005301,CUST07372,2026-07-27,COD,Delivered
ORD005302,CUST00677,2024-09-23,UPI,Delivered
ORD005303,CUST08414,2025-04-21,Net Banking,Delivered
ORD005304,CUST10151,2024-07-06,Debit Card,Delivered
ORD005305,CUST06731,2025-11-16,COD,Delivered
ORD005306,CUST06090,2025-01-16,Credit Card,Delivered
ORD005307,CUST04830,2025-03-31,UPI,Delivered
ORD005308,CUST05342,2025-12-31,UPI,Pending
ORD005309,CUST10845,2024-02-25,UPI,Delivered
ORD005310,CUST06574,2025-05-08,Net Banking,Returned
ORD005311,CUST03306,2026-03-19,Debit Card,Delivered
ORD005312,CUST00121,2024-12-28,Credit Card,Cancelled
ORD005313,CUST07729,2024-10-25,UPI,Delivered
ORD005314,CUST03451,2025-07-17,COD,Delivered
ORD005315,CUST09784,2024-10-30,Debit Card,Delivered
ORD005316,CUST11399,2026-02-18,Debit Card,Delivered
ORD005317,CUST11124,2025-10-08,UPI,Delivered
ORD005318,CUST06312,2024-04-08,Credit Card,Delivered
ORD005319,CUST11739,2025-07-09,UPI,Delivered
ORD005320,CUST08986,2024-05-13,Credit Card,Delivered
ORD005321,CUST07764,2024-05-26,UPI,Cancelled
ORD005322,CUST10315,2024-08-15,UPI,Delivered
ORD005323,CUST07258,2026-05-23,UPI,Cancelled
ORD005324,CUST05731,2024-08-19,Net Banking,Returned
ORD005325,CUST11589,2026-05-23,UPI,Delivered
ORD005326,CUST07440,2025-02-03,Debit Card,Delivered
ORD005327,CUST02123,2025-01-29,COD,Delivered
ORD005328,CUST04233,2026-05-17,COD,Pending
ORD005329,CUST02309,2025-07-24,UPI,Returned
ORD005330,CUST03284,2025-08-26,Net Banking,Delivered
ORD005331,CUST06008,2026-06-10,UPI,Returned
ORD005332,CUST11819,2025-09-19,UPI,Pending
ORD005333,CUST06754,2024-03-27,Credit Card,Returned
ORD005334,CUST08990,2025-02-22,Debit Card,Delivered
ORD005335,CUST10826,2024-02-29,Credit Card,Delivered
ORD005336,CUST11749,2025-11-05,COD,Delivered
ORD005337,CUST01568,2025-05-21,Net Banking,Cancelled
ORD005338,CUST04312,2025-10-18,Credit Card,Delivered
ORD005339,CUST04881,2024-06-15,Debit Card,Cancelled
ORD005340,CUST00364,2025-05-05,Debit Card,Delivered
ORD005341,CUST04327,2024-05-11,Debit Card,Delivered
ORD005342,CUST08171,2024-06-24,COD,Delivered
ORD005343,CUST00383,2025-03-30,Credit Card,Delivered
ORD005344,CUST02202,2025-07-13,Debit Card,Delivered
ORD005345,CUST05157,2024-12-03,COD,Delivered
ORD005346,CUST11946,2025-05-15,Net Banking,Cancelled
ORD005347,CUST05433,2026-05-25,UPI,Returned
ORD005348,CUST04108,2024-03-02,Net Banking,Delivered
ORD005349,CUST10414,2024-05-06,Credit Card,Delivered
ORD005350,CUST07393,2024-01-23,Net Banking,Delivered
ORD005351,CUST02203,2024-07-06,COD,Delivered
ORD005352,CUST00519,2025-10-29,Credit Card,Cancelled
ORD005353,CUST05098,2024-04-14,Debit Card,Delivered
ORD005354,CUST00236,2024-10-24,COD,Delivered
ORD005355,CUST05158,2026-01-09,Credit Card,Delivered
ORD005356,CUST06064,2024-06-14,Credit Card,Delivered
ORD005357,CUST04394,2026-04-30,COD,Delivered
ORD005358,CUST01268,2024-02-27,Net Banking,Delivered
ORD005359,CUST02171,2025-03-22,Net Banking,Delivered
ORD005360,CUST09708,2025-03-18,Debit Card,Delivered
ORD005361,CUST08074,2025-05-25,Credit Card,Delivered
ORD005362,CUST10538,2025-06-16,Net Banking,Cancelled
ORD005363,CUST10170,2025-07-15,Credit Card,Delivered
ORD005364,CUST07019,2026-06-16,Net Banking,Delivered
ORD005365,CUST09481,2026-01-24,COD,Delivered
ORD005366,CUST03180,2024-12-02,COD,Delivered
ORD005367,CUST05346,2026-04-22,Net Banking,Cancelled
ORD005368,CUST01198,2024-09-25,COD,Delivered
ORD005369,CUST11369,2024-02-25,Credit Card,Delivered
ORD005370,CUST03933,2024-08-07,COD,Delivered
ORD005371,CUST06482,2024-01-17,Debit Card,Delivered
ORD005372,CUST09910,2026-03-23,Net Banking,Delivered
ORD005373,CUST01629,2024-11-04,Debit Card,Delivered
ORD005374,CUST07799,2024-03-28,COD,Delivered
ORD005375,CUST02902,2025-04-26,Net Banking,Delivered
ORD005376,CUST09744,2024-02-06,Net Banking,Delivered
ORD005377,CUST02989,2025-10-15,Credit Card,Delivered
ORD005378,CUST08736,2024-04-22,Credit Card,Delivered
ORD005379,CUST08616,2024-07-16,COD,Delivered
ORD005380,CUST03418,2026-07-25,Credit Card,Delivered
ORD005381,CUST08147,2024-07-02,Credit Card,Delivered
ORD005382,CUST11370,2026-07-28,Debit Card,Delivered
ORD005383,CUST00994,2026-07-06,Debit Card,Delivered
ORD005384,CUST09724,2026-05-01,Debit Card,Delivered
ORD005385,CUST03004,2025-02-10,COD,Delivered
ORD005386,CUST04427,2025-11-14,Net Banking,Returned
ORD005387,CUST03516,2025-02-19,UPI,Delivered
ORD005388,CUST01573,2025-12-26,COD,Delivered
ORD005389,CUST05654,2026-01-12,Net Banking,Delivered
ORD005390,CUST01933,2024-04-23,Credit Card,Delivered
ORD005391,CUST00912,2024-12-08,COD,Returned
ORD005392,CUST11994,2025-01-17,Net Banking,Delivered
ORD005393,CUST04412,2025-05-20,COD,Returned
ORD005394,CUST11917,2024-03-24,Credit Card,Delivered
ORD005395,CUST05847,2025-11-07,Credit Card,Delivered
ORD005396,CUST06816,2025-05-05,COD,Delivered
ORD005397,CUST07851,2026-03-24,COD,Delivered
ORD005398,CUST06304,2025-07-04,UPI,Delivered
ORD005399,CUST11504,2024-09-06,Debit Card,Delivered
ORD005400,CUST07014,2025-09-10,Net Banking,Cancelled
ORD005401,CUST00156,2025-02-21,Credit Card,Delivered
ORD005402,CUST09121,2024-12-02,Credit Card,Delivered
ORD005403,CUST06888,2025-04-07,Net Banking,Delivered
ORD005404,CUST11674,2025-08-19,COD,Delivered
ORD005405,CUST10228,2024-05-01,UPI,Delivered
ORD005406,CUST05457,2024-09-13,Net Banking,Delivered
ORD005407,CUST02730,2024-12-30,COD,Delivered
ORD005408,CUST10525,2024-06-14,Credit Card,Delivered
ORD005409,CUST07554,2026-05-15,COD,Cancelled
ORD005410,CUST06899,2026-07-13,Debit Card,Delivered
ORD005411,CUST01698,2025-12-06,UPI,Delivered
ORD005412,CUST10866,2026-07-04,Debit Card,Delivered
ORD005413,CUST09070,2024-02-11,Debit Card,Delivered
ORD005414,CUST05542,2025-07-22,COD,Delivered
ORD005415,CUST02316,2024-08-23,COD,Delivered
ORD005416,CUST11188,2026-06-01,Net Banking,Returned
ORD005417,CUST05013,2026-04-24,Credit Card,Delivered
ORD005418,CUST01115,2025-06-03,UPI,Delivered
ORD005419,CUST01320,2024-08-02,Debit Card,Delivered
ORD005420,CUST11203,2024-02-28,COD,Cancelled
ORD005421,CUST00357,2026-01-21,Credit Card,Cancelled
ORD005422,CUST11185,2025-01-29,Net Banking,Delivered
ORD005423,CUST10138,2024-12-08,COD,Delivered
ORD005424,CUST11572,2024-08-31,Net Banking,Delivered
ORD005425,CUST07166,2025-07-01,COD,Delivered
ORD005426,CUST08510,2024-10-10,UPI,Returned
ORD005427,CUST10053,2024-03-21,Debit Card,Delivered
ORD005428,CUST09533,2025-08-06,Net Banking,Cancelled
ORD005429,CUST02900,2025-05-27,Net Banking,Delivered
ORD005430,CUST01020,2024-12-14,Net Banking,Delivered
ORD005431,CUST06446,2025-03-11,COD,Delivered
ORD005432,CUST07401,2026-02-09,Net Banking,Delivered
ORD005433,CUST09180,2024-09-25,COD,Delivered
ORD005434,CUST09629,2026-05-14,COD,Cancelled
ORD005435,CUST01074,2024-10-05,UPI,Delivered
ORD005436,CUST08553,2025-12-27,COD,Delivered
ORD005437,CUST03008,2024-10-16,Credit Card,Delivered
ORD005438,CUST03574,2025-10-27,Net Banking,Delivered
ORD005439,CUST03558,2026-02-11,Debit Card,Delivered
ORD005440,CUST00870,2026-06-22,Net Banking,Delivered
ORD005441,CUST06282,2025-08-15,Credit Card,Delivered
ORD005442,CUST00877,2026-06-11,COD,Delivered
ORD005443,CUST03765,2025-10-26,UPI,Delivered
ORD005444,CUST11987,2025-04-15,COD,Returned
ORD005445,CUST01820,2025-03-14,UPI,Delivered
ORD005446,CUST10624,2025-06-23,Debit Card,Delivered
ORD005447,CUST00002,2026-02-14,Net Banking,Delivered
ORD005448,CUST09885,2026-01-16,COD,Delivered
ORD005449,CUST04916,2026-06-10,UPI,Delivered
ORD005450,CUST07677,2024-10-01,UPI,Delivered
ORD005451,CUST02190,2024-05-20,Credit Card,Delivered
ORD005452,CUST06172,2026-07-10,Credit Card,Cancelled
ORD005453,CUST02305,2025-11-09,Net Banking,Delivered
ORD005454,CUST03003,2024-11-02,UPI,Delivered
ORD005455,CUST03058,2026-02-12,Debit Card,Delivered
ORD005456,CUST07928,2024-09-25,UPI,Delivered
ORD005457,CUST05093,2025-05-11,UPI,Delivered
ORD005458,CUST03157,2024-02-21,COD,Delivered
ORD005459,CUST03315,2025-05-19,COD,Cancelled
ORD005460,CUST05326,2024-09-03,Credit Card,Delivered
ORD005461,CUST04881,2026-05-04,COD,Delivered
ORD005462,CUST01295,2024-02-05,UPI,Delivered
ORD005463,CUST00479,2026-06-08,COD,Pending
ORD005464,CUST07726,2024-04-16,Credit Card,Delivered
ORD005465,CUST11260,2026-07-01,Net Banking,Delivered
ORD005466,CUST05297,2026-08-18,Debit Card,Delivered
ORD005467,CUST04878,2025-07-08,UPI,Delivered
ORD005468,CUST03812,2024-05-20,Debit Card,Delivered
ORD005469,CUST04571,2024-04-01,Net Banking,Delivered
ORD005470,CUST03459,2024-07-09,UPI,Delivered
ORD005471,CUST09060,2024-07-01,Debit Card,Delivered
ORD005472,CUST07422,2024-07-24,Net Banking,Delivered
ORD005473,CUST03462,2026-05-29,UPI,Returned
ORD005474,CUST01406,2025-10-15,Net Banking,Delivered
ORD005475,CUST09691,2025-12-11,UPI,Returned
ORD005476,CUST05654,2025-09-04,UPI,Returned
ORD005477,CUST00534,2024-02-10,Net Banking,Delivered
ORD005478,CUST04832,2025-03-02,Credit Card,Delivered
ORD005479,CUST04443,2025-12-03,Debit Card,Delivered
ORD005480,CUST09415,2024-12-03,Credit Card,Returned
ORD005481,CUST03303,2025-11-11,COD,Delivered
ORD005482,CUST11698,2025-06-04,Debit Card,Delivered
ORD005483,CUST03404,2026-01-11,UPI,Delivered
ORD005484,CUST09552,2025-10-21,Debit Card,Delivered
ORD005485,CUST09450,2026-07-05,Debit Card,Delivered
ORD005486,CUST11633,2025-09-05,COD,Returned
ORD005487,CUST05118,2026-05-17,Credit Card,Delivered
ORD005488,CUST11803,2025-06-20,UPI,Delivered
ORD005489,CUST08121,2026-01-16,Debit Card,Pending
ORD005490,CUST09531,2026-08-19,Credit Card,Delivered
ORD005491,CUST08362,2024-10-12,COD,Delivered
ORD005492,CUST03509,2025-01-18,Credit Card,Delivered
ORD005493,CUST09510,2025-08-06,COD,Delivered
ORD005494,CUST07513,2025-06-20,Debit Card,Delivered
ORD005495,CUST08068,2024-09-12,UPI,Cancelled
ORD005496,CUST11627,2024-04-03,Credit Card,Delivered
ORD005497,CUST07348,2025-10-31,COD,Delivered
ORD005498,CUST06652,2025-04-05,UPI,Delivered
ORD005499,CUST04396,2024-01-31,Debit Card,Delivered
ORD005500,CUST07703,2025-08-30,Credit Card,Delivered
ORD005501,CUST11254,2024-10-18,Net Banking,Delivered
ORD005502,CUST03786,2025-11-11,UPI,Delivered
ORD005503,CUST07391,2025-07-26,Credit Card,Delivered
ORD005504,CUST08955,2026-07-13,COD,Delivered
ORD005505,CUST00900,2026-07-18,Net Banking,Delivered
ORD005506,CUST02691,2025-06-14,UPI,Delivered
ORD005507,CUST02526,2026-02-11,Net Banking,Delivered
ORD005508,CUST05157,2025-10-21,UPI,Delivered
ORD005509,CUST00018,2026-08-31,Debit Card,Delivered
ORD005510,CUST03845,2024-08-22,COD,Delivered
ORD005511,CUST05673,2024-10-11,COD,Returned
ORD005512,CUST02908,2025-05-29,Debit Card,Cancelled
ORD005513,CUST05772,2024-12-05,UPI,Cancelled
ORD005514,CUST10142,2025-06-20,UPI,Delivered
ORD005515,CUST01750,2024-08-20,COD,Delivered
ORD005516,CUST01542,2024-11-20,Credit Card,Delivered
ORD005517,CUST01469,2024-02-24,UPI,Delivered
ORD005518,CUST10696,2025-03-15,Debit Card,Delivered
ORD005519,CUST05119,2026-07-13,COD,Delivered
ORD005520,CUST09664,2024-08-29,Debit Card,Delivered
ORD005521,CUST07536,2025-09-28,Debit Card,Delivered
ORD005522,CUST04573,2024-10-23,UPI,Delivered
ORD005523,CUST04063,2024-05-09,Debit Card,Delivered
ORD005524,CUST08773,2025-06-01,COD,Returned
ORD005525,CUST05003,2024-08-15,Credit Card,Returned
ORD005526,CUST07102,2024-07-05,COD,Delivered
ORD005527,CUST02961,2024-07-11,Net Banking,Pending
ORD005528,CUST10516,2024-10-13,COD,Delivered
ORD005529,CUST04027,2026-05-08,Net Banking,Delivered
ORD005530,CUST01689,2024-12-30,UPI,Pending
ORD005531,CUST02416,2024-04-10,Net Banking,Delivered
ORD005532,CUST10770,2024-02-15,Credit Card,Pending
ORD005533,CUST10733,2025-07-25,UPI,Delivered
ORD005534,CUST03552,2025-07-11,Credit Card,Delivered
ORD005535,CUST09117,2024-10-01,Net Banking,Delivered
ORD005536,CUST11587,2024-09-13,UPI,Returned
ORD005537,CUST09763,2026-01-04,Net Banking,Delivered
ORD005538,CUST04198,2024-01-18,Debit Card,Delivered
ORD005539,CUST04367,2026-06-21,Credit Card,Delivered
ORD005540,CUST02355,2026-05-30,Debit Card,Cancelled
ORD005541,CUST06531,2025-02-19,Credit Card,Delivered
ORD005542,CUST10517,2024-08-14,Credit Card,Returned
ORD005543,CUST00957,2024-08-11,UPI,Delivered
ORD005544,CUST08451,2024-11-10,Debit Card,Cancelled
ORD005545,CUST04021,2024-03-05,Net Banking,Delivered
ORD005546,CUST03619,2026-02-18,UPI,Delivered
ORD005547,CUST04616,2024-06-21,Credit Card,Delivered
ORD005548,CUST01456,2025-10-25,Net Banking,Delivered
ORD005549,CUST11574,2025-03-13,Credit Card,Returned
ORD005550,CUST04555,2026-02-10,Credit Card,Returned
ORD005551,CUST09072,2024-03-19,Net Banking,Cancelled
ORD005552,CUST07554,2024-08-11,COD,Pending
ORD005553,CUST11464,2024-10-06,Net Banking,Delivered
ORD005554,CUST03474,2024-01-23,UPI,Delivered
ORD005555,CUST02994,2024-12-10,Net Banking,Delivered
ORD005556,CUST03094,2026-08-02,UPI,Delivered
ORD005557,CUST08427,2025-12-30,Debit Card,Delivered
ORD005558,CUST01822,2024-10-03,Net Banking,Delivered
ORD005559,CUST11090,2025-12-10,Debit Card,Pending
ORD005560,CUST04486,2024-05-29,Net Banking,Returned
ORD005561,CUST05513,2025-09-25,UPI,Delivered
ORD005562,CUST02512,2024-04-18,Debit Card,Delivered
ORD005563,CUST02589,2026-01-12,COD,Delivered
ORD005564,CUST05950,2026-01-10,Net Banking,Delivered
ORD005565,CUST02077,2025-12-15,UPI,Delivered
ORD005566,CUST10373,2026-03-15,UPI,Delivered
ORD005567,CUST09939,2024-10-12,Credit Card,Returned
ORD005568,CUST00534,2024-10-13,UPI,Delivered
ORD005569,CUST03761,2024-10-15,UPI,Delivered
ORD005570,CUST02696,2026-05-26,Net Banking,Delivered
ORD005571,CUST06226,2024-03-16,Debit Card,Pending
ORD005572,CUST11116,2025-02-14,Net Banking,Delivered
ORD005573,CUST07152,2024-09-06,Net Banking,Delivered
ORD005574,CUST09796,2024-03-18,COD,Delivered
ORD005575,CUST09768,2026-02-05,COD,Delivered
ORD005576,CUST09307,2026-06-03,Net Banking,Delivered
ORD005577,CUST10904,2024-11-09,COD,Pending
ORD005578,CUST07902,2026-06-15,Credit Card,Delivered
ORD005579,CUST05196,2025-07-29,UPI,Delivered
ORD005580,CUST01677,2024-04-18,Net Banking,Delivered
ORD005581,CUST02536,2025-09-17,Debit Card,Delivered
ORD005582,CUST06573,2026-05-30,COD,Delivered
ORD005583,CUST10116,2026-04-19,Credit Card,Pending
ORD005584,CUST01471,2024-11-23,COD,Delivered
ORD005585,CUST04673,2024-08-19,Credit Card,Delivered
ORD005586,CUST03799,2025-04-21,Credit Card,Delivered
ORD005587,CUST01898,2025-06-21,Credit Card,Delivered
ORD005588,CUST05351,2026-05-07,Net Banking,Delivered
ORD005589,CUST10282,2025-11-19,UPI,Cancelled
ORD005590,CUST10476,2025-03-03,Net Banking,Returned
ORD005591,CUST01493,2025-07-08,UPI,Delivered
ORD005592,CUST06492,2024-02-18,Debit Card,Delivered
ORD005593,CUST10438,2024-06-28,COD,Delivered
ORD005594,CUST07513,2024-11-22,Net Banking,Delivered
ORD005595,CUST09604,2025-11-02,COD,Cancelled
ORD005596,CUST03106,2025-09-09,COD,Delivered
ORD005597,CUST07161,2026-04-02,Debit Card,Returned
ORD005598,CUST09498,2024-04-22,COD,Delivered
ORD005599,CUST04469,2024-09-06,UPI,Cancelled
ORD005600,CUST09014,2025-06-13,Net Banking,Delivered
ORD005601,CUST06555,2024-05-02,Debit Card,Pending
ORD005602,CUST01237,2026-08-12,UPI,Delivered
ORD005603,CUST03349,2026-03-07,UPI,Cancelled
ORD005604,CUST07734,2025-11-02,Debit Card,Delivered
ORD005605,CUST11960,2024-06-30,Debit Card,Delivered
ORD005606,CUST04317,2025-05-11,COD,Delivered
ORD005607,CUST09826,2025-08-18,Credit Card,Delivered
ORD005608,CUST10815,2026-03-09,UPI,Delivered
ORD005609,CUST04650,2025-11-13,UPI,Delivered
ORD005610,CUST02809,2025-11-11,Credit Card,Delivered
ORD005611,CUST00110,2026-06-22,UPI,Delivered
ORD005612,CUST10437,2026-03-21,Net Banking,Delivered
ORD005613,CUST08136,2026-08-04,COD,Delivered
ORD005614,CUST11124,2024-05-15,COD,Delivered
ORD005615,CUST05842,2025-09-28,Net Banking,Delivered
ORD005616,CUST00949,2025-06-04,Credit Card,Delivered
ORD005617,CUST00453,2025-08-12,Debit Card,Delivered
ORD005618,CUST11716,2025-03-05,UPI,Delivered
ORD005619,CUST07923,2025-06-28,UPI,Delivered
ORD005620,CUST08299,2024-11-09,Debit Card,Delivered
ORD005621,CUST00005,2024-03-19,Debit Card,Cancelled
ORD005622,CUST05264,2024-08-09,Credit Card,Delivered
ORD005623,CUST00137,2024-12-15,UPI,Delivered
ORD005624,CUST08985,2024-08-19,Debit Card,Returned
ORD005625,CUST03513,2026-07-15,UPI,Cancelled
ORD005626,CUST09856,2026-08-22,Net Banking,Delivered
ORD005627,CUST07233,2024-03-23,Debit Card,Returned
ORD005628,CUST08607,2024-10-30,Credit Card,Delivered
ORD005629,CUST07969,2026-05-23,Credit Card,Delivered
ORD005630,CUST11703,2025-10-12,UPI,Delivered
ORD005631,CUST06524,2026-06-14,UPI,Delivered
ORD005632,CUST08389,2025-04-29,Credit Card,Delivered
ORD005633,CUST11858,2024-11-25,UPI,Delivered
ORD005634,CUST07972,2026-05-29,Credit Card,Delivered
ORD005635,CUST09712,2025-10-01,COD,Delivered
ORD005636,CUST08788,2024-12-21,Credit Card,Delivered
ORD005637,CUST09718,2026-07-17,COD,Delivered
ORD005638,CUST04797,2025-03-20,Net Banking,Delivered
ORD005639,CUST00723,2024-03-28,Net Banking,Delivered
ORD005640,CUST10268,2024-09-27,Net Banking,Cancelled
ORD005641,CUST07228,2025-06-24,Debit Card,Delivered
ORD005642,CUST08286,2026-01-12,Credit Card,Delivered
ORD005643,CUST11239,2024-06-03,COD,Delivered
ORD005644,CUST02895,2026-02-26,COD,Returned
ORD005645,CUST09340,2026-07-20,COD,Delivered
ORD005646,CUST09767,2024-01-14,Credit Card,Delivered
ORD005647,CUST10497,2025-05-23,Net Banking,Delivered
ORD005648,CUST04109,2025-07-02,Debit Card,Returned
ORD005649,CUST04836,2025-04-28,Credit Card,Delivered
ORD005650,CUST11458,2026-05-18,Debit Card,Delivered
ORD005651,CUST02602,2024-08-03,Debit Card,Returned
ORD005652,CUST08101,2024-02-18,Debit Card,Delivered
ORD005653,CUST01209,2026-01-16,Credit Card,Delivered
ORD005654,CUST02083,2026-07-20,Net Banking,Returned
ORD005655,CUST06693,2025-03-17,Net Banking,Cancelled
ORD005656,CUST00250,2026-01-31,UPI,Delivered
ORD005657,CUST08130,2024-01-15,COD,Delivered
ORD005658,CUST00247,2026-07-23,COD,Delivered
ORD005659,CUST05783,2025-05-31,Net Banking,Delivered
ORD005660,CUST07607,2025-08-31,COD,Delivered
ORD005661,CUST03506,2026-01-12,Net Banking,Delivered
ORD005662,CUST11430,2026-03-23,Debit Card,Delivered
ORD005663,CUST07788,2026-06-15,UPI,Delivered
ORD005664,CUST11613,2024-10-29,COD,Pending
ORD005665,CUST03742,2024-10-16,Debit Card,Delivered
ORD005666,CUST10180,2024-05-15,COD,Delivered
ORD005667,CUST09565,2024-08-25,UPI,Delivered
ORD005668,CUST03308,2025-07-19,Credit Card,Delivered
ORD005669,CUST06778,2024-03-27,UPI,Delivered
ORD005670,CUST03883,2024-08-15,Debit Card,Cancelled
ORD005671,CUST09449,2025-07-25,UPI,Delivered
ORD005672,CUST05019,2026-08-30,Debit Card,Delivered
ORD005673,CUST11233,2026-03-15,UPI,Delivered
ORD005674,CUST04160,2025-03-05,COD,Returned
ORD005675,CUST05126,2024-09-30,UPI,Delivered
ORD005676,CUST08032,2025-06-05,UPI,Delivered
ORD005677,CUST02847,2026-02-01,Net Banking,Cancelled
ORD005678,CUST01228,2025-08-02,UPI,Pending
ORD005679,CUST01532,2025-12-11,COD,Delivered
ORD005680,CUST06743,2025-04-28,Debit Card,Delivered
ORD005681,CUST04253,2025-08-20,Credit Card,Delivered
ORD005682,CUST00387,2026-05-24,Credit Card,Pending
ORD005683,CUST03681,2025-05-05,Credit Card,Pending
ORD005684,CUST05330,2026-04-23,Credit Card,Delivered
ORD005685,CUST07276,2025-02-11,Debit Card,Delivered
ORD005686,CUST03798,2026-03-25,Debit Card,Delivered
ORD005687,CUST06292,2024-02-06,Credit Card,Pending
ORD005688,CUST02768,2024-07-18,UPI,Pending
ORD005689,CUST05178,2025-04-12,UPI,Delivered
ORD005690,CUST02105,2024-02-12,Net Banking,Delivered
ORD005691,CUST08263,2024-07-28,Debit Card,Cancelled
ORD005692,CUST08689,2024-10-07,Net Banking,Delivered
ORD005693,CUST07202,2026-01-23,COD,Pending
ORD005694,CUST01508,2026-05-04,Debit Card,Delivered
ORD005695,CUST05473,2025-04-30,Credit Card,Pending
ORD005696,CUST02753,2025-10-19,Credit Card,Delivered
ORD005697,CUST01904,2026-08-04,Net Banking,Delivered
ORD005698,CUST03993,2026-02-02,Debit Card,Returned
ORD005699,CUST08621,2024-10-28,UPI,Delivered
ORD005700,CUST04238,2025-12-15,Debit Card,Delivered
ORD005701,CUST09849,2026-08-12,Net Banking,Delivered
ORD005702,CUST02302,2024-06-15,Net Banking,Cancelled
ORD005703,CUST09981,2024-11-29,Credit Card,Delivered
ORD005704,CUST04872,2026-05-29,Credit Card,Delivered
ORD005705,CUST09514,2024-09-10,COD,Delivered
ORD005706,CUST05776,2026-05-03,Net Banking,Delivered
ORD005707,CUST03835,2024-08-24,COD,Delivered
ORD005708,CUST09383,2025-02-25,COD,Delivered
ORD005709,CUST03685,2025-11-25,Credit Card,Cancelled
ORD005710,CUST04447,2024-11-30,UPI,Delivered
ORD005711,CUST10282,2026-02-11,Credit Card,Delivered
ORD005712,CUST04487,2024-04-22,Debit Card,Pending
ORD005713,CUST02436,2025-01-23,UPI,Delivered
ORD005714,CUST11231,2026-06-07,Net Banking,Delivered
ORD005715,CUST01482,2025-11-20,UPI,Pending
ORD005716,CUST02802,2026-03-20,Net Banking,Delivered
ORD005717,CUST07907,2025-02-06,Net Banking,Delivered
ORD005718,CUST02861,2025-11-04,COD,Delivered
ORD005719,CUST07455,2024-11-04,Debit Card,Delivered
ORD005720,CUST10719,2024-01-21,Credit Card,Delivered
ORD005721,CUST02486,2024-10-27,COD,Delivered
ORD005722,CUST05678,2025-07-25,COD,Delivered
ORD005723,CUST09441,2026-08-06,Debit Card,Pending
ORD005724,CUST07173,2025-06-14,Credit Card,Delivered
ORD005725,CUST09459,2025-04-16,COD,Delivered
ORD005726,CUST03223,2026-03-13,UPI,Delivered
ORD005727,CUST10759,2026-04-29,Credit Card,Delivered
ORD005728,CUST04410,2026-01-30,Debit Card,Delivered
ORD005729,CUST11055,2024-01-14,UPI,Delivered
ORD005730,CUST00860,2025-08-20,UPI,Delivered
ORD005731,CUST11541,2025-09-06,COD,Pending
ORD005732,CUST04255,2024-08-09,Debit Card,Cancelled
ORD005733,CUST01001,2024-09-24,Debit Card,Returned
ORD005734,CUST02203,2025-11-19,COD,Returned
ORD005735,CUST08586,2025-12-16,Credit Card,Delivered
ORD005736,CUST03144,2025-04-22,Net Banking,Delivered
ORD005737,CUST00649,2024-01-03,COD,Returned
ORD005738,CUST07819,2024-04-28,UPI,Delivered
ORD005739,CUST11112,2024-04-13,Net Banking,Delivered
ORD005740,CUST00858,2024-12-17,Credit Card,Delivered
ORD005741,CUST01586,2025-10-28,Credit Card,Cancelled
ORD005742,CUST06245,2026-01-01,Credit Card,Delivered
ORD005743,CUST06722,2025-04-10,Net Banking,Delivered
ORD005744,CUST09151,2025-01-07,COD,Delivered
ORD005745,CUST01683,2025-10-26,Debit Card,Delivered
ORD005746,CUST01266,2025-05-25,COD,Delivered
ORD005747,CUST05764,2026-06-29,COD,Delivered
ORD005748,CUST05425,2026-06-01,Net Banking,Delivered
ORD005749,CUST11302,2025-05-07,UPI,Cancelled
ORD005750,CUST10220,2026-01-21,Net Banking,Returned
ORD005751,CUST06839,2024-01-27,UPI,Delivered
ORD005752,CUST07694,2026-02-21,Net Banking,Delivered
ORD005753,CUST01740,2024-06-06,UPI,Delivered
ORD005754,CUST11349,2025-12-15,Debit Card,Cancelled
ORD005755,CUST00149,2025-11-29,Debit Card,Delivered
ORD005756,CUST02687,2026-07-29,Credit Card,Delivered
ORD005757,CUST00932,2024-06-29,Credit Card,Pending
ORD005758,CUST02024,2025-08-12,UPI,Cancelled
ORD005759,CUST01343,2024-10-27,COD,Delivered
ORD005760,CUST00298,2026-05-09,Credit Card,Delivered
ORD005761,CUST06065,2024-07-18,Net Banking,Delivered
ORD005762,CUST06215,2025-03-20,Debit Card,Delivered
ORD005763,CUST04693,2024-09-23,Credit Card,Delivered
ORD005764,CUST06794,2024-03-18,Credit Card,Delivered
ORD005765,CUST08469,2025-11-21,Credit Card,Pending
ORD005766,CUST05072,2025-09-14,Net Banking,Delivered
ORD005767,CUST10815,2025-12-26,Net Banking,Delivered
ORD005768,CUST06221,2024-07-20,Credit Card,Delivered
ORD005769,CUST10359,2024-08-15,COD,Delivered
ORD005770,CUST06962,2025-02-26,COD,Delivered
ORD005771,CUST00229,2024-01-24,Net Banking,Delivered
ORD005772,CUST10654,2025-10-07,Net Banking,Returned
ORD005773,CUST08159,2025-06-28,Debit Card,Delivered
ORD005774,CUST01735,2025-02-09,COD,Delivered
ORD005775,CUST10270,2026-04-07,Credit Card,Pending
ORD005776,CUST10263,2025-02-07,UPI,Delivered
ORD005777,CUST09254,2024-01-11,Debit Card,Cancelled
ORD005778,CUST06140,2024-04-24,Debit Card,Delivered
ORD005779,CUST07416,2026-03-13,Credit Card,Returned
ORD005780,CUST01385,2026-07-19,Credit Card,Delivered
ORD005781,CUST07710,2024-03-05,Net Banking,Returned
ORD005782,CUST05918,2024-12-27,COD,Delivered
ORD005783,CUST07112,2026-05-07,Net Banking,Returned
ORD005784,CUST02122,2024-07-24,COD,Returned
ORD005785,CUST00583,2025-03-08,COD,Delivered
ORD005786,CUST09696,2024-03-06,UPI,Cancelled
ORD005787,CUST03397,2025-03-05,Debit Card,Cancelled
ORD005788,CUST07530,2025-10-06,UPI,Delivered
ORD005789,CUST10207,2025-11-09,Credit Card,Delivered
ORD005790,CUST09140,2024-03-19,UPI,Delivered
ORD005791,CUST10063,2026-01-02,UPI,Delivered
ORD005792,CUST07918,2025-03-10,Debit Card,Delivered
ORD005793,CUST02776,2025-02-08,UPI,Pending
ORD005794,CUST07785,2024-06-14,Debit Card,Delivered
ORD005795,CUST02478,2025-05-14,Debit Card,Delivered
ORD005796,CUST06691,2025-02-23,Debit Card,Returned
ORD005797,CUST06173,2026-02-20,Debit Card,Cancelled
ORD005798,CUST01380,2025-02-20,UPI,Delivered
ORD005799,CUST07799,2025-06-18,Net Banking,Delivered
ORD005800,CUST03106,2024-03-12,Net Banking,Delivered
ORD005801,CUST06024,2024-07-30,Credit Card,Delivered
ORD005802,CUST04034,2024-06-14,Debit Card,Delivered
ORD005803,CUST11524,2026-03-25,Net Banking,Delivered
ORD005804,CUST04958,2025-07-29,Credit Card,Pending
ORD005805,CUST10077,2026-01-11,UPI,Delivered
ORD005806,CUST07509,2025-03-06,Credit Card,Delivered
ORD005807,CUST07881,2026-02-07,Net Banking,Pending
ORD005808,CUST08642,2026-03-20,Credit Card,Delivered
ORD005809,CUST03062,2024-11-19,Credit Card,Returned
ORD005810,CUST08817,2026-08-31,Credit Card,Cancelled
ORD005811,CUST07777,2024-08-01,Net Banking,Delivered
ORD005812,CUST07174,2025-12-16,Debit Card,Delivered
ORD005813,CUST04432,2025-06-20,UPI,Delivered
ORD005814,CUST10084,2025-09-19,Debit Card,Delivered
ORD005815,CUST09093,2025-01-02,COD,Delivered
ORD005816,CUST07845,2024-07-03,Debit Card,Delivered
ORD005817,CUST00393,2024-06-28,UPI,Delivered
ORD005818,CUST02016,2026-06-21,Credit Card,Delivered
ORD005819,CUST10789,2026-06-21,Debit Card,Returned
ORD005820,CUST05695,2026-08-09,Net Banking,Pending
ORD005821,CUST07407,2026-07-23,COD,Cancelled
ORD005822,CUST03322,2026-08-23,Credit Card,Delivered
ORD005823,CUST07865,2024-03-23,Credit Card,Delivered
ORD005824,CUST00247,2026-01-20,Credit Card,Delivered
ORD005825,CUST02600,2025-03-17,Debit Card,Cancelled
ORD005826,CUST04061,2024-05-30,Net Banking,Delivered
ORD005827,CUST06208,2026-02-02,UPI,Delivered
ORD005828,CUST02783,2024-04-27,COD,Delivered
ORD005829,CUST09338,2025-10-11,Net Banking,Returned
ORD005830,CUST01835,2026-05-25,Debit Card,Delivered
ORD005831,CUST05245,2026-08-25,COD,Delivered
ORD005832,CUST03108,2025-11-06,Net Banking,Delivered
ORD005833,CUST04204,2026-08-24,UPI,Delivered
ORD005834,CUST02234,2026-06-05,UPI,Cancelled
ORD005835,CUST08211,2025-10-04,Credit Card,Delivered
ORD005836,CUST02960,2024-03-12,Credit Card,Delivered
ORD005837,CUST03818,2024-11-28,UPI,Pending
ORD005838,CUST02142,2025-04-23,Credit Card,Delivered
ORD005839,CUST03815,2025-01-31,Credit Card,Pending
ORD005840,CUST08320,2024-06-24,UPI,Delivered
ORD005841,CUST10555,2025-09-15,COD,Delivered
ORD005842,CUST08182,2025-07-31,UPI,Delivered
ORD005843,CUST07984,2025-10-04,Credit Card,Delivered
ORD005844,CUST10221,2025-07-28,COD,Delivered
ORD005845,CUST06526,2024-01-15,Credit Card,Delivered
ORD005846,CUST05891,2025-10-03,Debit Card,Delivered
ORD005847,CUST10138,2026-08-14,Credit Card,Delivered
ORD005848,CUST01884,2026-08-12,Net Banking,Delivered
ORD005849,CUST11739,2024-05-24,Net Banking,Cancelled
ORD005850,CUST07410,2025-04-30,Credit Card,Delivered
ORD005851,CUST08171,2026-02-17,Credit Card,Delivered
ORD005852,CUST03699,2024-09-17,Debit Card,Delivered
ORD005853,CUST11416,2026-04-17,COD,Delivered
ORD005854,CUST09844,2026-04-14,COD,Delivered
ORD005855,CUST04066,2026-03-01,Debit Card,Delivered
ORD005856,CUST02559,2025-08-30,UPI,Delivered
ORD005857,CUST00761,2025-07-28,Credit Card,Delivered
ORD005858,CUST08894,2025-01-22,Credit Card,Pending
ORD005859,CUST06648,2026-01-20,Net Banking,Delivered
ORD005860,CUST02304,2025-06-24,Net Banking,Delivered
ORD005861,CUST11549,2024-05-24,UPI,Delivered
ORD005862,CUST03727,2025-11-05,COD,Delivered
ORD005863,CUST09505,2025-11-18,COD,Delivered
ORD005864,CUST04953,2024-12-06,COD,Delivered
ORD005865,CUST08336,2024-03-27,Credit Card,Cancelled
ORD005866,CUST02740,2024-10-30,Net Banking,Delivered
ORD005867,CUST11501,2026-03-31,Credit Card,Delivered
ORD005868,CUST11682,2026-08-18,UPI,Delivered
ORD005869,CUST08397,2025-09-20,Debit Card,Delivered
ORD005870,CUST05922,2024-07-21,Debit Card,Pending
ORD005871,CUST02175,2024-09-13,COD,Delivered
ORD005872,CUST07101,2025-10-08,Net Banking,Delivered
ORD005873,CUST11215,2024-08-20,UPI,Delivered
ORD005874,CUST07017,2025-08-11,Credit Card,Cancelled
ORD005875,CUST07958,2025-01-08,UPI,Delivered
ORD005876,CUST02225,2025-08-18,UPI,Delivered
ORD005877,CUST07919,2025-12-10,UPI,Delivered
ORD005878,CUST08919,2026-03-08,Net Banking,Returned
ORD005879,CUST03277,2026-05-30,UPI,Pending
ORD005880,CUST08392,2026-06-02,Debit Card,Delivered
ORD005881,CUST07337,2025-08-04,COD,Delivered
ORD005882,CUST00434,2024-04-07,UPI,Delivered
ORD005883,CUST01288,2025-09-02,Credit Card,Delivered
ORD005884,CUST01885,2024-03-24,Debit Card,Delivered
ORD005885,CUST04214,2024-06-14,UPI,Delivered
ORD005886,CUST04182,2024-06-06,Net Banking,Pending
ORD005887,CUST04418,2025-05-13,UPI,Delivered
ORD005888,CUST06402,2024-04-06,COD,Returned
ORD005889,CUST06161,2024-11-05,Debit Card,Returned
ORD005890,CUST10913,2026-05-05,COD,Delivered
ORD005891,CUST10717,2026-06-30,COD,Delivered
ORD005892,CUST01757,2025-09-07,Net Banking,Delivered
ORD005893,CUST04790,2024-09-28,UPI,Delivered
ORD005894,CUST05484,2024-10-09,COD,Delivered
ORD005895,CUST06763,2025-09-03,Debit Card,Cancelled
ORD005896,CUST11142,2026-02-28,UPI,Pending
ORD005897,CUST09140,2025-02-02,COD,Delivered
ORD005898,CUST07269,2024-02-15,Credit Card,Delivered
ORD005899,CUST11053,2025-01-19,Credit Card,Delivered
ORD005900,CUST00769,2025-05-16,Credit Card,Delivered
ORD005901,CUST02896,2026-07-12,COD,Delivered
ORD005902,CUST00395,2025-11-03,Net Banking,Delivered
ORD005903,CUST08982,2025-09-03,COD,Delivered
ORD005904,CUST00897,2025-02-02,Debit Card,Delivered
ORD005905,CUST06477,2024-11-08,Credit Card,Returned
ORD005906,CUST08558,2024-11-21,COD,Delivered
ORD005907,CUST04913,2025-12-08,Credit Card,Delivered
ORD005908,CUST05802,2026-08-11,Debit Card,Returned
ORD005909,CUST08796,2026-02-26,Net Banking,Pending
ORD005910,CUST07089,2025-05-30,Net Banking,Delivered
ORD005911,CUST07437,2024-01-10,Net Banking,Cancelled
ORD005912,CUST07006,2026-02-13,Credit Card,Delivered
ORD005913,CUST09978,2024-11-08,COD,Delivered
ORD005914,CUST06372,2026-06-20,UPI,Delivered
ORD005915,CUST09924,2024-11-06,Debit Card,Delivered
ORD005916,CUST03214,2025-11-01,Credit Card,Delivered
ORD005917,CUST09124,2024-11-15,Debit Card,Returned
ORD005918,CUST04792,2025-02-23,Credit Card,Delivered
ORD005919,CUST03287,2024-03-31,Net Banking,Delivered
ORD005920,CUST05166,2024-01-13,Debit Card,Delivered
ORD005921,CUST04111,2024-03-15,UPI,Pending
ORD005922,CUST09559,2025-01-07,Net Banking,Returned
ORD005923,CUST08328,2024-11-24,Net Banking,Delivered
ORD005924,CUST01658,2026-08-25,UPI,Delivered
ORD005925,CUST02744,2025-12-01,UPI,Delivered
ORD005926,CUST05387,2024-01-10,Net Banking,Delivered
ORD005927,CUST03991,2025-03-25,UPI,Delivered
ORD005928,CUST03483,2025-10-25,Net Banking,Delivered
ORD005929,CUST01823,2024-12-20,COD,Cancelled
ORD005930,CUST10415,2026-07-18,Credit Card,Delivered
ORD005931,CUST03944,2025-03-09,COD,Delivered
ORD005932,CUST01346,2024-11-26,Credit Card,Delivered
ORD005933,CUST00876,2025-09-19,Credit Card,Delivered
ORD005934,CUST02416,2025-10-02,COD,Delivered
ORD005935,CUST08968,2025-05-31,Credit Card,Cancelled
ORD005936,CUST03905,2025-02-14,Credit Card,Delivered
ORD005937,CUST04505,2024-01-07,Net Banking,Delivered
ORD005938,CUST11025,2024-08-29,Credit Card,Delivered
ORD005939,CUST00408,2024-04-10,UPI,Returned
ORD005940,CUST03807,2025-05-14,Credit Card,Delivered
ORD005941,CUST07795,2024-08-17,Debit Card,Returned
ORD005942,CUST06910,2026-02-07,Net Banking,Delivered
ORD005943,CUST00308,2024-10-14,Net Banking,Delivered
ORD005944,CUST04159,2025-10-18,Credit Card,Delivered
ORD005945,CUST10301,2024-09-30,Debit Card,Pending
ORD005946,CUST08269,2025-08-02,Debit Card,Delivered
ORD005947,CUST04047,2025-07-14,Net Banking,Delivered
ORD005948,CUST07968,2026-02-19,COD,Delivered
ORD005949,CUST00365,2024-03-09,Debit Card,Delivered
ORD005950,CUST10019,2026-07-06,Credit Card,Delivered
ORD005951,CUST09491,2026-07-10,UPI,Delivered
ORD005952,CUST01960,2024-11-19,COD,Delivered
ORD005953,CUST04136,2024-03-27,Credit Card,Delivered
ORD005954,CUST11885,2025-10-06,Credit Card,Delivered
ORD005955,CUST08858,2026-06-23,COD,Returned
ORD005956,CUST03589,2024-03-17,UPI,Delivered
ORD005957,CUST08917,2025-07-27,COD,Delivered
ORD005958,CUST11436,2024-03-13,Net Banking,Delivered
ORD005959,CUST03528,2024-03-08,Credit Card,Delivered
ORD005960,CUST08406,2024-08-05,Net Banking,Delivered
ORD005961,CUST02007,2025-08-12,Net Banking,Delivered
ORD005962,CUST08281,2024-09-02,Net Banking,Delivered
ORD005963,CUST01607,2026-02-08,UPI,Returned
ORD005964,CUST05966,2024-04-04,Credit Card,Delivered
ORD005965,CUST04480,2025-11-20,Net Banking,Delivered
ORD005966,CUST01193,2026-03-29,Net Banking,Delivered
ORD005967,CUST04531,2025-04-18,Net Banking,Delivered
ORD005968,CUST07878,2024-01-02,Debit Card,Pending
ORD005969,CUST02656,2026-07-25,Credit Card,Delivered
ORD005970,CUST00319,2025-05-08,Net Banking,Delivered
ORD005971,CUST03166,2026-04-11,UPI,Delivered
ORD005972,CUST07538,2025-11-14,Debit Card,Delivered
ORD005973,CUST05173,2025-07-17,Debit Card,Cancelled
ORD005974,CUST04961,2025-07-02,COD,Delivered
ORD005975,CUST11237,2024-03-06,UPI,Delivered
ORD005976,CUST10669,2024-04-01,COD,Delivered
ORD005977,CUST01547,2024-07-02,Debit Card,Pending
ORD005978,CUST11128,2026-03-01,COD,Delivered
ORD005979,CUST07690,2024-07-17,COD,Returned
ORD005980,CUST04829,2025-11-09,COD,Delivered
ORD005981,CUST00988,2026-01-13,Net Banking,Delivered
ORD005982,CUST08616,2025-01-06,Debit Card,Delivered
ORD005983,CUST07415,2024-03-26,COD,Cancelled
ORD005984,CUST06290,2026-04-07,UPI,Delivered
ORD005985,CUST05202,2024-11-07,Net Banking,Delivered
ORD005986,CUST10754,2025-01-10,Debit Card,Delivered
ORD005987,CUST05935,2025-02-23,Debit Card,Delivered
ORD005988,CUST00375,2026-06-15,Credit Card,Delivered
ORD005989,CUST08239,2024-12-19,Debit Card,Delivered
ORD005990,CUST00500,2024-09-16,COD,Delivered
ORD005991,CUST06651,2025-07-06,Credit Card,Delivered
ORD005992,CUST07759,2024-04-08,Debit Card,Delivered
ORD005993,CUST05244,2026-08-06,Net Banking,Delivered
ORD005994,CUST02393,2024-06-07,Debit Card,Delivered
ORD005995,CUST04525,2025-02-20,Net Banking,Delivered
ORD005996,CUST05551,2025-01-23,Debit Card,Delivered
ORD005997,CUST05152,2025-03-02,Debit Card,Cancelled
ORD005998,CUST02034,2024-08-22,COD,Delivered
ORD005999,CUST04883,2025-01-29,Debit Card,Delivered
ORD006000,CUST09362,2024-02-01,COD,Cancelled
ORD006001,CUST03864,2025-01-01,Credit Card,Delivered
ORD006002,CUST02991,2025-01-19,Debit Card,Delivered
ORD006003,CUST10858,2024-02-12,COD,Delivered
ORD006004,CUST09309,2026-02-12,Net Banking,Delivered
ORD006005,CUST08438,2025-08-26,Credit Card,Cancelled
ORD006006,CUST03413,2024-07-27,Credit Card,Pending
ORD006007,CUST09877,2026-05-31,Net Banking,Delivered
ORD006008,CUST00304,2026-02-17,Credit Card,Delivered
ORD006009,CUST02025,2025-11-11,Net Banking,Delivered
ORD006010,CUST00450,2024-10-09,UPI,Delivered
ORD006011,CUST09133,2025-12-01,COD,Delivered
ORD006012,CUST11393,2024-03-16,Debit Card,Delivered
ORD006013,CUST00534,2024-01-13,Credit Card,Delivered
ORD006014,CUST10808,2024-12-16,UPI,Delivered
ORD006015,CUST02472,2025-06-30,Net Banking,Delivered
ORD006016,CUST06182,2025-06-20,Debit Card,Delivered
ORD006017,CUST02579,2026-03-14,Net Banking,Pending
ORD006018,CUST08083,2025-10-22,Net Banking,Delivered
ORD006019,CUST11970,2024-04-21,Net Banking,Delivered
ORD006020,CUST02653,2024-11-06,Credit Card,Returned
ORD006021,CUST10098,2024-02-05,UPI,Delivered
ORD006022,CUST04978,2026-07-12,Credit Card,Pending
ORD006023,CUST10455,2024-06-03,Debit Card,Delivered
ORD006024,CUST03759,2025-01-30,UPI,Delivered
ORD006025,CUST03898,2024-07-20,Debit Card,Delivered
ORD006026,CUST00953,2025-06-21,Credit Card,Delivered
ORD006027,CUST09691,2024-06-21,COD,Delivered
ORD006028,CUST06359,2026-06-20,COD,Delivered
ORD006029,CUST11484,2025-06-03,UPI,Delivered
ORD006030,CUST03576,2026-04-22,COD,Delivered
ORD006031,CUST11292,2025-09-28,Net Banking,Returned
ORD006032,CUST00914,2026-07-01,COD,Delivered
ORD006033,CUST03038,2025-02-25,COD,Delivered
ORD006034,CUST04056,2024-08-26,Net Banking,Pending
ORD006035,CUST03280,2024-07-23,Net Banking,Delivered
ORD006036,CUST05086,2025-11-11,Debit Card,Delivered
ORD006037,CUST07961,2025-02-02,Credit Card,Delivered
ORD006038,CUST03494,2025-08-17,UPI,Returned
ORD006039,CUST02023,2025-08-17,Net Banking,Cancelled
ORD006040,CUST05761,2025-05-23,UPI,Delivered
ORD006041,CUST05288,2024-03-14,Debit Card,Cancelled
ORD006042,CUST00951,2026-03-06,COD,Delivered
ORD006043,CUST09055,2025-04-29,Credit Card,Delivered
ORD006044,CUST09823,2024-06-01,Credit Card,Delivered
ORD006045,CUST10235,2024-11-30,Net Banking,Delivered
ORD006046,CUST04065,2025-11-05,COD,Delivered
ORD006047,CUST08780,2026-04-27,Credit Card,Delivered
ORD006048,CUST09463,2024-02-06,UPI,Delivered
ORD006049,CUST11671,2025-10-28,COD,Delivered
ORD006050,CUST08875,2026-02-11,Net Banking,Delivered
ORD006051,CUST11645,2026-08-12,UPI,Returned
ORD006052,CUST01328,2025-08-22,Credit Card,Delivered
ORD006053,CUST11484,2025-12-06,UPI,Returned
ORD006054,CUST08486,2026-05-21,COD,Delivered
ORD006055,CUST09050,2026-05-30,UPI,Cancelled
ORD006056,CUST11032,2026-01-26,Net Banking,Delivered
ORD006057,CUST04350,2025-07-22,Credit Card,Delivered
ORD006058,CUST10988,2025-12-01,UPI,Delivered
ORD006059,CUST10684,2025-09-30,UPI,Delivered
ORD006060,CUST00913,2025-05-21,Debit Card,Delivered
ORD006061,CUST08173,2025-04-25,COD,Delivered
ORD006062,CUST09381,2026-06-04,Net Banking,Delivered
ORD006063,CUST10511,2025-04-24,Credit Card,Delivered
ORD006064,CUST07874,2026-04-07,UPI,Delivered
ORD006065,CUST11234,2025-03-23,Debit Card,Delivered
ORD006066,CUST10004,2025-06-27,COD,Delivered
ORD006067,CUST08862,2025-02-03,Net Banking,Delivered
ORD006068,CUST09104,2026-05-26,Debit Card,Cancelled
ORD006069,CUST09772,2024-12-30,COD,Delivered
ORD006070,CUST01723,2024-10-26,Credit Card,Delivered
ORD006071,CUST07300,2024-08-02,Net Banking,Delivered
ORD006072,CUST04255,2024-12-11,Credit Card,Cancelled
ORD006073,CUST05417,2024-05-01,COD,Delivered
ORD006074,CUST10747,2026-04-16,UPI,Delivered
ORD006075,CUST09804,2025-12-01,UPI,Delivered
ORD006076,CUST08578,2024-11-22,UPI,Delivered
ORD006077,CUST05640,2025-11-04,Credit Card,Cancelled
ORD006078,CUST05739,2024-08-29,Credit Card,Cancelled
ORD006079,CUST05160,2026-08-27,Credit Card,Delivered
ORD006080,CUST06761,2025-09-23,UPI,Cancelled
ORD006081,CUST06462,2025-08-20,COD,Cancelled
ORD006082,CUST09786,2024-10-03,UPI,Returned
ORD006083,CUST01351,2026-07-03,COD,Delivered
ORD006084,CUST11680,2025-07-17,COD,Returned
ORD006085,CUST07767,2024-04-29,COD,Delivered
ORD006086,CUST00174,2026-07-26,Net Banking,Delivered
ORD006087,CUST08551,2024-02-08,Credit Card,Returned
ORD006088,CUST09882,2026-03-23,COD,Delivered
ORD006089,CUST09002,2024-12-10,COD,Returned
ORD006090,CUST00943,2026-06-27,COD,Delivered
ORD006091,CUST04530,2025-11-13,Credit Card,Delivered
ORD006092,CUST00429,2026-04-30,Net Banking,Delivered
ORD006093,CUST11844,2025-01-08,Credit Card,Delivered
ORD006094,CUST01945,2025-12-11,UPI,Delivered
ORD006095,CUST02356,2025-04-23,Credit Card,Delivered
ORD006096,CUST09607,2024-07-12,Credit Card,Delivered
ORD006097,CUST04374,2024-04-17,Debit Card,Delivered
ORD006098,CUST03229,2026-07-29,Debit Card,Delivered
ORD006099,CUST07896,2025-10-05,Net Banking,Delivered
ORD006100,CUST10614,2025-01-19,Credit Card,Delivered
ORD006101,CUST04264,2026-01-25,Debit Card,Delivered
ORD006102,CUST05556,2024-04-20,Credit Card,Delivered
ORD006103,CUST06514,2026-06-14,COD,Delivered
ORD006104,CUST11068,2025-07-25,Debit Card,Delivered
ORD006105,CUST11433,2024-11-01,Debit Card,Delivered
ORD006106,CUST04044,2024-12-08,Debit Card,Delivered
ORD006107,CUST07680,2024-10-29,Credit Card,Cancelled
ORD006108,CUST06523,2024-01-17,COD,Delivered
ORD006109,CUST10317,2026-05-03,Credit Card,Delivered
ORD006110,CUST00569,2025-11-05,Debit Card,Delivered
ORD006111,CUST08030,2025-06-03,COD,Delivered
ORD006112,CUST06243,2025-07-21,Debit Card,Returned
ORD006113,CUST02211,2025-11-30,Net Banking,Delivered
ORD006114,CUST08026,2024-07-01,COD,Delivered
ORD006115,CUST05395,2024-09-19,Net Banking,Delivered
ORD006116,CUST11157,2024-03-05,UPI,Delivered
ORD006117,CUST07125,2024-10-07,Debit Card,Delivered
ORD006118,CUST11029,2025-05-13,UPI,Delivered
ORD006119,CUST00344,2025-06-19,Credit Card,Delivered
ORD006120,CUST11244,2025-09-17,Net Banking,Cancelled
ORD006121,CUST11320,2024-04-06,UPI,Delivered
ORD006122,CUST02584,2025-04-03,UPI,Pending
ORD006123,CUST06752,2025-08-30,Debit Card,Delivered
ORD006124,CUST11422,2024-12-14,COD,Pending
ORD006125,CUST03193,2025-07-30,Debit Card,Delivered
ORD006126,CUST00154,2024-10-29,Debit Card,Delivered
ORD006127,CUST11110,2025-10-09,Credit Card,Delivered
ORD006128,CUST07250,2024-06-21,Net Banking,Delivered
ORD006129,CUST11625,2025-02-16,Credit Card,Delivered
ORD006130,CUST11121,2024-01-31,COD,Cancelled
ORD006131,CUST10108,2026-04-04,UPI,Delivered
ORD006132,CUST07445,2025-04-27,Net Banking,Delivered
ORD006133,CUST10647,2024-05-14,Credit Card,Delivered
ORD006134,CUST04222,2024-06-07,Credit Card,Returned
ORD006135,CUST05404,2025-09-12,COD,Delivered
ORD006136,CUST07804,2024-08-29,UPI,Cancelled
ORD006137,CUST10833,2024-07-06,UPI,Cancelled
ORD006138,CUST01871,2024-07-02,Net Banking,Delivered
ORD006139,CUST07959,2025-11-02,Net Banking,Returned
ORD006140,CUST10683,2025-08-28,Debit Card,Pending
ORD006141,CUST03253,2024-11-12,COD,Delivered
ORD006142,CUST05941,2024-07-07,Net Banking,Delivered
ORD006143,CUST03548,2025-08-10,COD,Delivered
ORD006144,CUST03908,2024-12-20,Net Banking,Delivered
ORD006145,CUST09577,2025-03-23,COD,Delivered
ORD006146,CUST11788,2024-09-22,Debit Card,Delivered
ORD006147,CUST10521,2025-02-13,Credit Card,Delivered
ORD006148,CUST10072,2024-03-09,Credit Card,Delivered
ORD006149,CUST07007,2025-08-21,UPI,Delivered
ORD006150,CUST07805,2024-11-24,Debit Card,Returned
ORD006151,CUST01476,2024-04-06,Credit Card,Pending
ORD006152,CUST04002,2024-09-10,Debit Card,Pending
ORD006153,CUST09350,2026-03-15,Net Banking,Cancelled
ORD006154,CUST03935,2026-07-14,UPI,Delivered
ORD006155,CUST04991,2026-05-14,Debit Card,Returned
ORD006156,CUST04786,2025-05-28,Net Banking,Delivered
ORD006157,CUST03864,2024-10-24,Net Banking,Delivered
ORD006158,CUST02521,2024-07-14,UPI,Delivered
ORD006159,CUST04101,2026-05-11,COD,Delivered
ORD006160,CUST07734,2026-07-19,UPI,Delivered
ORD006161,CUST10038,2025-10-11,Net Banking,Pending
ORD006162,CUST00778,2025-06-26,Debit Card,Delivered
ORD006163,CUST08413,2025-12-19,Credit Card,Delivered
ORD006164,CUST11083,2025-04-13,Credit Card,Delivered
ORD006165,CUST10993,2025-06-01,Net Banking,Returned
ORD006166,CUST09822,2024-03-05,Debit Card,Pending
ORD006167,CUST01542,2026-01-30,UPI,Cancelled
ORD006168,CUST05648,2025-12-14,Credit Card,Delivered
ORD006169,CUST07740,2026-06-16,Net Banking,Cancelled
ORD006170,CUST10744,2025-05-18,COD,Delivered
ORD006171,CUST09157,2025-01-27,Credit Card,Delivered
ORD006172,CUST06056,2025-08-15,Credit Card,Delivered
ORD006173,CUST11470,2026-04-27,Net Banking,Cancelled
ORD006174,CUST11867,2025-03-25,COD,Delivered
ORD006175,CUST06644,2024-12-01,Net Banking,Delivered
ORD006176,CUST06851,2026-05-16,Credit Card,Pending
ORD006177,CUST11312,2025-07-24,Net Banking,Returned
ORD006178,CUST09186,2026-06-07,Credit Card,Delivered
ORD006179,CUST03521,2026-01-01,Debit Card,Delivered
ORD006180,CUST10750,2024-08-30,Net Banking,Delivered
ORD006181,CUST06389,2025-10-14,UPI,Delivered
ORD006182,CUST08454,2024-09-18,Net Banking,Delivered
ORD006183,CUST10184,2025-02-12,Debit Card,Delivered
ORD006184,CUST11582,2025-03-22,Credit Card,Pending
ORD006185,CUST04639,2024-07-05,Debit Card,Delivered
ORD006186,CUST03423,2026-01-12,Debit Card,Delivered
ORD006187,CUST02082,2025-08-24,Net Banking,Delivered
ORD006188,CUST00488,2026-05-25,UPI,Returned
ORD006189,CUST09973,2026-07-30,UPI,Delivered
ORD006190,CUST03421,2024-09-02,Net Banking,Delivered
ORD006191,CUST07614,2026-06-29,UPI,Delivered
ORD006192,CUST06614,2026-04-13,UPI,Delivered
ORD006193,CUST06438,2024-12-07,UPI,Returned
ORD006194,CUST10451,2024-02-11,COD,Delivered
ORD006195,CUST11399,2025-10-18,Debit Card,Delivered
ORD006196,CUST11840,2025-01-17,Credit Card,Delivered
ORD006197,CUST04984,2024-01-23,COD,Delivered
ORD006198,CUST01783,2025-10-16,Credit Card,Delivered
ORD006199,CUST10573,2026-07-22,Net Banking,Delivered
ORD006200,CUST07556,2025-07-21,COD,Pending
ORD006201,CUST00277,2025-02-21,Debit Card,Delivered
ORD006202,CUST09892,2026-01-03,Credit Card,Pending
ORD006203,CUST08690,2025-07-30,COD,Returned
ORD006204,CUST10659,2024-12-26,Net Banking,Returned
ORD006205,CUST10929,2026-04-27,Credit Card,Delivered
ORD006206,CUST11641,2024-08-04,Debit Card,Delivered
ORD006207,CUST11403,2025-09-15,Debit Card,Cancelled
ORD006208,CUST05363,2026-01-31,Credit Card,Delivered
ORD006209,CUST08039,2024-03-27,Debit Card,Delivered
ORD006210,CUST03929,2024-10-16,Credit Card,Delivered
ORD006211,CUST10734,2025-04-01,Net Banking,Returned
ORD006212,CUST04455,2026-06-30,Credit Card,Returned
ORD006213,CUST02840,2024-12-22,Credit Card,Delivered
ORD006214,CUST00278,2026-08-03,Credit Card,Delivered
ORD006215,CUST04267,2025-09-15,Credit Card,Delivered
ORD006216,CUST01520,2026-08-22,COD,Delivered
ORD006217,CUST06833,2026-01-22,Debit Card,Pending
ORD006218,CUST11642,2026-07-26,Debit Card,Delivered
ORD006219,CUST10734,2025-03-21,UPI,Delivered
ORD006220,CUST04472,2024-09-24,COD,Delivered
ORD006221,CUST10575,2026-08-22,Debit Card,Pending
ORD006222,CUST05138,2025-08-21,COD,Delivered
ORD006223,CUST06444,2025-08-06,Credit Card,Delivered
ORD006224,CUST04205,2026-01-08,Credit Card,Delivered
ORD006225,CUST09248,2024-05-07,Debit Card,Cancelled
ORD006226,CUST01466,2024-03-20,Net Banking,Delivered
ORD006227,CUST01080,2024-03-24,Debit Card,Delivered
ORD006228,CUST09956,2025-06-23,Net Banking,Delivered
ORD006229,CUST11785,2025-02-17,Credit Card,Delivered
ORD006230,CUST02495,2025-04-03,UPI,Delivered
ORD006231,CUST06636,2026-03-28,Credit Card,Delivered
ORD006232,CUST09081,2025-02-04,COD,Cancelled
ORD006233,CUST08324,2025-10-11,Credit Card,Delivered
ORD006234,CUST09454,2025-05-17,Credit Card,Returned
ORD006235,CUST00250,2024-12-16,COD,Delivered
ORD006236,CUST01066,2025-06-06,Credit Card,Delivered
ORD006237,CUST00997,2025-11-17,Debit Card,Delivered
ORD006238,CUST00231,2025-10-09,Credit Card,Returned
ORD006239,CUST10102,2024-01-31,COD,Cancelled
ORD006240,CUST09020,2024-12-22,Credit Card,Returned
ORD006241,CUST11354,2025-11-07,COD,Delivered
ORD006242,CUST00404,2024-06-09,Net Banking,Delivered
ORD006243,CUST10431,2025-10-10,COD,Delivered
ORD006244,CUST04077,2025-11-16,UPI,Delivered
ORD006245,CUST03964,2026-06-17,Debit Card,Delivered
ORD006246,CUST03453,2025-05-11,Credit Card,Delivered
ORD006247,CUST08047,2024-09-25,Debit Card,Delivered
ORD006248,CUST07957,2024-08-31,Credit Card,Returned
ORD006249,CUST04223,2025-02-15,Net Banking,Delivered
ORD006250,CUST05765,2025-07-17,Debit Card,Delivered
ORD006251,CUST11038,2024-07-07,Credit Card,Delivered
ORD006252,CUST08432,2026-07-08,Net Banking,Delivered
ORD006253,CUST11302,2024-01-10,UPI,Delivered
ORD006254,CUST07718,2025-11-12,Credit Card,Delivered
ORD006255,CUST11415,2024-06-13,Net Banking,Pending
ORD006256,CUST06714,2025-06-10,UPI,Delivered
ORD006257,CUST08880,2024-12-27,UPI,Delivered
ORD006258,CUST08555,2025-10-29,UPI,Delivered
ORD006259,CUST04270,2025-11-07,Credit Card,Cancelled
ORD006260,CUST04951,2024-07-11,Net Banking,Delivered
ORD006261,CUST11407,2025-01-31,Credit Card,Delivered
ORD006262,CUST02305,2026-04-06,COD,Delivered
ORD006263,CUST02148,2026-08-21,Debit Card,Pending
ORD006264,CUST02535,2024-02-25,Net Banking,Delivered
ORD006265,CUST09564,2025-05-02,Net Banking,Delivered
ORD006266,CUST02593,2024-10-12,Credit Card,Delivered
ORD006267,CUST03438,2024-08-31,COD,Delivered
ORD006268,CUST05272,2024-03-04,Net Banking,Delivered
ORD006269,CUST02630,2026-04-14,COD,Delivered
ORD006270,CUST06798,2024-10-02,Debit Card,Cancelled
ORD006271,CUST08288,2024-09-02,Net Banking,Delivered
ORD006272,CUST08531,2024-04-08,COD,Cancelled
ORD006273,CUST09670,2025-05-24,COD,Delivered
ORD006274,CUST01108,2024-10-09,COD,Delivered
ORD006275,CUST07641,2026-05-29,COD,Delivered
ORD006276,CUST04221,2024-05-19,Credit Card,Delivered
ORD006277,CUST02388,2024-04-18,Net Banking,Pending
ORD006278,CUST00651,2024-08-30,Credit Card,Delivered
ORD006279,CUST05629,2024-02-10,COD,Delivered
ORD006280,CUST11711,2025-12-20,UPI,Delivered
ORD006281,CUST06816,2024-08-11,Net Banking,Delivered
ORD006282,CUST01437,2024-02-20,Credit Card,Delivered
ORD006283,CUST03358,2024-12-18,COD,Delivered
ORD006284,CUST03158,2024-03-20,COD,Delivered
ORD006285,CUST04235,2025-06-24,Net Banking,Delivered
ORD006286,CUST09172,2024-12-12,Debit Card,Delivered
ORD006287,CUST11369,2026-01-04,Net Banking,Delivered
ORD006288,CUST10971,2024-02-20,Credit Card,Delivered
ORD006289,CUST00704,2024-11-10,Debit Card,Cancelled
ORD006290,CUST10618,2025-08-22,Net Banking,Delivered
ORD006291,CUST06054,2026-06-14,Net Banking,Delivered
ORD006292,CUST01212,2024-06-07,Net Banking,Delivered
ORD006293,CUST10948,2025-10-10,UPI,Delivered
ORD006294,CUST09607,2024-04-18,Net Banking,Delivered
ORD006295,CUST10078,2025-03-29,Credit Card,Delivered
ORD006296,CUST04999,2024-10-12,COD,Delivered
ORD006297,CUST08132,2024-03-30,Credit Card,Delivered
ORD006298,CUST07460,2024-10-22,Net Banking,Delivered
ORD006299,CUST10383,2025-06-02,Debit Card,Delivered
ORD006300,CUST01062,2025-03-31,UPI,Pending
ORD006301,CUST01060,2026-08-12,UPI,Delivered
ORD006302,CUST08307,2024-05-18,UPI,Delivered
ORD006303,CUST08706,2025-05-29,Debit Card,Delivered
ORD006304,CUST11279,2026-06-18,Debit Card,Returned
ORD006305,CUST11860,2026-02-03,Debit Card,Delivered
ORD006306,CUST08503,2024-08-12,Debit Card,Delivered
ORD006307,CUST09982,2024-01-20,Credit Card,Delivered
ORD006308,CUST00845,2026-02-11,COD,Pending
ORD006309,CUST03260,2025-11-04,Debit Card,Delivered
ORD006310,CUST04121,2025-10-15,COD,Delivered
ORD006311,CUST08974,2025-01-31,Net Banking,Delivered
ORD006312,CUST10729,2025-03-20,COD,Delivered
ORD006313,CUST07408,2025-03-08,Net Banking,Delivered
ORD006314,CUST05513,2024-02-14,UPI,Delivered
ORD006315,CUST00675,2026-03-31,Net Banking,Delivered
ORD006316,CUST09477,2024-10-06,Credit Card,Delivered
ORD006317,CUST04332,2024-08-09,Net Banking,Delivered
ORD006318,CUST01486,2024-07-09,UPI,Delivered
ORD006319,CUST09726,2026-08-28,UPI,Delivered
ORD006320,CUST02117,2025-06-04,COD,Delivered
ORD006321,CUST11213,2025-12-03,COD,Delivered
ORD006322,CUST05371,2024-11-07,UPI,Delivered
ORD006323,CUST06831,2024-11-28,Net Banking,Delivered
ORD006324,CUST00735,2024-11-28,Net Banking,Delivered
ORD006325,CUST07498,2024-07-17,Debit Card,Delivered
ORD006326,CUST03568,2025-01-18,Credit Card,Delivered
ORD006327,CUST01021,2025-12-15,Net Banking,Delivered
ORD006328,CUST10135,2025-05-25,UPI,Returned
ORD006329,CUST06493,2024-05-07,Credit Card,Delivered
ORD006330,CUST06160,2024-04-22,COD,Returned
ORD006331,CUST00209,2024-02-11,UPI,Returned
ORD006332,CUST07211,2025-05-27,UPI,Delivered
ORD006333,CUST09166,2024-03-04,COD,Returned
ORD006334,CUST06828,2024-08-07,Net Banking,Delivered
ORD006335,CUST01929,2025-08-06,COD,Delivered
ORD006336,CUST04935,2025-06-10,UPI,Delivered
ORD006337,CUST09808,2026-04-16,Net Banking,Delivered
ORD006338,CUST01724,2025-02-09,COD,Delivered
ORD006339,CUST10634,2025-02-07,Net Banking,Delivered
ORD006340,CUST10879,2026-08-21,Credit Card,Delivered
ORD006341,CUST07475,2025-05-20,Net Banking,Delivered
ORD006342,CUST10262,2026-03-23,UPI,Delivered
ORD006343,CUST08728,2024-03-29,COD,Delivered
ORD006344,CUST08574,2025-08-14,Net Banking,Delivered
ORD006345,CUST10600,2024-06-16,Debit Card,Delivered
ORD006346,CUST06907,2025-03-05,COD,Delivered
ORD006347,CUST03063,2025-08-25,COD,Cancelled
ORD006348,CUST10403,2025-07-28,Debit Card,Cancelled
ORD006349,CUST06126,2026-05-10,Net Banking,Delivered
ORD006350,CUST11380,2026-06-26,Credit Card,Delivered
ORD006351,CUST09399,2025-11-22,UPI,Delivered
ORD006352,CUST05878,2026-02-13,Credit Card,Delivered
ORD006353,CUST05251,2024-08-03,UPI,Delivered
ORD006354,CUST05487,2024-11-06,UPI,Cancelled
ORD006355,CUST05994,2025-01-23,COD,Delivered
ORD006356,CUST04039,2025-07-12,UPI,Cancelled
ORD006357,CUST08467,2025-05-04,COD,Pending
ORD006358,CUST04522,2026-05-14,Debit Card,Delivered
ORD006359,CUST03400,2024-06-14,UPI,Cancelled
ORD006360,CUST06871,2026-05-21,Debit Card,Cancelled
ORD006361,CUST07060,2026-03-21,Credit Card,Delivered
ORD006362,CUST03873,2025-12-10,COD,Delivered
ORD006363,CUST08582,2024-05-15,COD,Delivered
ORD006364,CUST08463,2026-05-03,Net Banking,Delivered
ORD006365,CUST03022,2025-11-20,UPI,Cancelled
ORD006366,CUST00457,2026-06-04,Net Banking,Delivered
ORD006367,CUST08538,2025-08-12,Net Banking,Delivered
ORD006368,CUST11744,2026-06-23,Debit Card,Delivered
ORD006369,CUST03328,2024-05-20,COD,Returned
ORD006370,CUST05919,2026-03-28,Debit Card,Delivered
ORD006371,CUST03457,2024-04-05,COD,Delivered
ORD006372,CUST05267,2026-04-25,COD,Delivered
ORD006373,CUST09743,2024-06-11,Net Banking,Delivered
ORD006374,CUST03874,2024-01-25,Debit Card,Delivered
ORD006375,CUST05202,2025-03-20,Debit Card,Delivered
ORD006376,CUST10200,2024-01-31,COD,Delivered
ORD006377,CUST03758,2026-01-28,Debit Card,Delivered
ORD006378,CUST09267,2025-07-14,UPI,Delivered
ORD006379,CUST02315,2025-11-13,Debit Card,Delivered
ORD006380,CUST03563,2024-10-27,Credit Card,Delivered
ORD006381,CUST04946,2025-09-19,Debit Card,Delivered
ORD006382,CUST11223,2024-07-30,UPI,Delivered
ORD006383,CUST10025,2025-05-04,Debit Card,Delivered
ORD006384,CUST07616,2024-12-22,UPI,Delivered
ORD006385,CUST06401,2024-01-07,Credit Card,Returned
ORD006386,CUST02057,2025-05-15,Net Banking,Delivered
ORD006387,CUST04417,2024-07-20,COD,Delivered
ORD006388,CUST10563,2025-10-07,COD,Delivered
ORD006389,CUST01367,2024-08-04,COD,Pending
ORD006390,CUST07425,2026-03-28,Credit Card,Delivered
ORD006391,CUST03962,2025-03-29,Credit Card,Cancelled
ORD006392,CUST09364,2024-10-27,UPI,Delivered
ORD006393,CUST02240,2025-11-24,Credit Card,Delivered
ORD006394,CUST09108,2025-09-27,Net Banking,Delivered
ORD006395,CUST05244,2024-05-24,UPI,Delivered
ORD006396,CUST09553,2026-05-03,Net Banking,Pending
ORD006397,CUST00085,2024-12-08,Net Banking,Delivered
ORD006398,CUST05032,2025-02-16,Debit Card,Delivered
ORD006399,CUST09688,2025-12-04,COD,Delivered
ORD006400,CUST07838,2025-03-30,Net Banking,Delivered
ORD006401,CUST01559,2025-09-02,COD,Delivered
ORD006402,CUST05240,2025-09-23,UPI,Returned
ORD006403,CUST05176,2026-05-20,COD,Delivered
ORD006404,CUST06545,2024-04-25,Credit Card,Delivered
ORD006405,CUST04610,2025-02-07,COD,Returned
ORD006406,CUST04458,2026-03-04,Credit Card,Delivered
ORD006407,CUST03800,2025-04-21,Debit Card,Pending
ORD006408,CUST00033,2026-07-13,Debit Card,Delivered
ORD006409,CUST01785,2024-09-19,Net Banking,Delivered
ORD006410,CUST10989,2025-01-17,Credit Card,Delivered
ORD006411,CUST08463,2024-06-10,Credit Card,Delivered
ORD006412,CUST09578,2025-05-31,COD,Delivered
ORD006413,CUST06818,2024-07-23,Debit Card,Delivered
ORD006414,CUST08636,2025-01-24,Credit Card,Delivered
ORD006415,CUST11734,2025-04-24,UPI,Pending
ORD006416,CUST08340,2024-10-15,Debit Card,Delivered
ORD006417,CUST11882,2025-11-13,Net Banking,Delivered
ORD006418,CUST02519,2026-08-12,Net Banking,Delivered
ORD006419,CUST08735,2026-03-11,Debit Card,Delivered
ORD006420,CUST10498,2024-07-29,Credit Card,Delivered
ORD006421,CUST02026,2026-05-22,Net Banking,Delivered
ORD006422,CUST08544,2024-07-07,Debit Card,Delivered
ORD006423,CUST00369,2024-05-25,COD,Delivered
ORD006424,CUST06169,2024-05-21,Credit Card,Delivered
ORD006425,CUST07680,2026-07-05,Debit Card,Delivered
ORD006426,CUST04428,2026-07-23,COD,Delivered
ORD006427,CUST10780,2026-07-18,UPI,Cancelled
ORD006428,CUST10345,2024-06-07,Net Banking,Delivered
ORD006429,CUST00780,2024-03-21,Debit Card,Delivered
ORD006430,CUST09676,2024-05-14,Credit Card,Delivered
ORD006431,CUST07667,2024-12-06,COD,Delivered
ORD006432,CUST02486,2024-03-11,Debit Card,Returned
ORD006433,CUST11450,2025-10-02,Debit Card,Delivered
ORD006434,CUST11633,2024-12-07,COD,Returned
ORD006435,CUST06288,2024-10-04,Debit Card,Delivered
ORD006436,CUST02750,2024-03-27,Credit Card,Delivered
ORD006437,CUST04170,2024-04-01,Net Banking,Delivered
ORD006438,CUST09208,2024-07-09,Credit Card,Delivered
ORD006439,CUST06026,2024-08-19,Credit Card,Cancelled
ORD006440,CUST11764,2025-03-21,Net Banking,Delivered
ORD006441,CUST07259,2024-09-12,Debit Card,Delivered
ORD006442,CUST09268,2025-07-11,COD,Delivered
ORD006443,CUST11873,2025-07-22,COD,Returned
ORD006444,CUST09232,2026-01-03,UPI,Delivered
ORD006445,CUST10378,2024-06-21,Credit Card,Delivered
ORD006446,CUST02703,2025-12-14,Net Banking,Delivered
ORD006447,CUST01016,2026-04-23,COD,Delivered
ORD006448,CUST04623,2025-04-08,Net Banking,Delivered
ORD006449,CUST09862,2025-04-13,COD,Cancelled
ORD006450,CUST08145,2025-06-08,Net Banking,Pending
ORD006451,CUST07789,2025-05-09,Credit Card,Delivered
ORD006452,CUST06258,2026-08-21,UPI,Delivered
ORD006453,CUST05207,2026-03-15,UPI,Delivered
ORD006454,CUST02274,2025-08-28,Credit Card,Delivered
ORD006455,CUST06268,2024-05-21,Debit Card,Delivered
ORD006456,CUST01643,2024-10-19,Debit Card,Delivered
ORD006457,CUST02393,2026-02-01,Net Banking,Delivered
ORD006458,CUST04390,2025-04-17,Credit Card,Delivered
ORD006459,CUST02512,2025-09-06,Credit Card,Delivered
ORD006460,CUST01577,2024-12-12,Net Banking,Delivered
ORD006461,CUST07308,2024-09-26,Net Banking,Delivered
ORD006462,CUST05568,2025-03-25,COD,Delivered
ORD006463,CUST03739,2025-12-06,UPI,Delivered
ORD006464,CUST00504,2025-11-03,COD,Delivered
ORD006465,CUST10695,2026-06-16,Net Banking,Cancelled
ORD006466,CUST00326,2024-09-12,Net Banking,Delivered
ORD006467,CUST09773,2025-11-23,Net Banking,Delivered
ORD006468,CUST04888,2025-08-23,COD,Delivered
ORD006469,CUST10553,2024-02-24,UPI,Delivered
ORD006470,CUST00552,2025-05-21,Net Banking,Delivered
ORD006471,CUST03929,2024-06-21,Debit Card,Delivered
ORD006472,CUST08485,2026-03-15,UPI,Delivered
ORD006473,CUST09987,2024-06-03,Debit Card,Delivered
ORD006474,CUST09156,2025-12-30,Debit Card,Delivered
ORD006475,CUST01604,2024-06-28,UPI,Returned
ORD006476,CUST02793,2026-05-03,Debit Card,Delivered
ORD006477,CUST09822,2025-09-30,Credit Card,Delivered
ORD006478,CUST11551,2025-01-06,COD,Delivered
ORD006479,CUST08485,2025-11-17,Net Banking,Pending
ORD006480,CUST00114,2024-02-27,Credit Card,Delivered
ORD006481,CUST05675,2025-10-08,Net Banking,Delivered
ORD006482,CUST03157,2024-05-20,Net Banking,Delivered
ORD006483,CUST02820,2024-02-17,Credit Card,Delivered
ORD006484,CUST06343,2026-06-01,Net Banking,Delivered
ORD006485,CUST00634,2025-10-29,UPI,Delivered
ORD006486,CUST04637,2025-03-04,COD,Delivered
ORD006487,CUST10084,2025-11-26,Net Banking,Returned
ORD006488,CUST07779,2025-04-20,COD,Returned
ORD006489,CUST07776,2024-08-03,Debit Card,Delivered
ORD006490,CUST09066,2025-11-05,Net Banking,Delivered
ORD006491,CUST10752,2024-05-04,Debit Card,Delivered
ORD006492,CUST02804,2024-11-06,COD,Delivered
ORD006493,CUST07307,2025-05-25,Credit Card,Delivered
ORD006494,CUST09714,2026-05-14,COD,Delivered
ORD006495,CUST10529,2026-07-21,UPI,Delivered
ORD006496,CUST05557,2024-05-16,UPI,Delivered
ORD006497,CUST11897,2026-05-31,COD,Delivered
ORD006498,CUST05649,2026-06-17,COD,Delivered
ORD006499,CUST05772,2024-04-25,Debit Card,Delivered
ORD006500,CUST09735,2024-05-09,Debit Card,Delivered
ORD006501,CUST11177,2025-03-17,Net Banking,Delivered
ORD006502,CUST03564,2024-10-04,Debit Card,Returned
ORD006503,CUST01589,2025-05-24,Credit Card,Cancelled
ORD006504,CUST05730,2024-07-31,Credit Card,Returned
ORD006505,CUST11458,2025-04-29,Debit Card,Returned
ORD006506,CUST09469,2024-10-06,COD,Delivered
ORD006507,CUST10449,2024-07-24,COD,Delivered
ORD006508,CUST08266,2026-04-01,Credit Card,Delivered
ORD006509,CUST02485,2026-01-06,COD,Delivered
ORD006510,CUST07685,2026-07-01,UPI,Delivered
ORD006511,CUST01889,2025-11-28,COD,Delivered
ORD006512,CUST04772,2024-07-04,Credit Card,Cancelled
ORD006513,CUST11052,2025-02-08,Net Banking,Delivered
ORD006514,CUST01390,2024-11-28,Debit Card,Delivered
ORD006515,CUST04218,2024-03-03,Debit Card,Delivered
ORD006516,CUST04747,2024-07-09,Net Banking,Delivered
ORD006517,CUST08640,2024-12-29,UPI,Delivered
ORD006518,CUST05465,2025-01-05,UPI,Delivered
ORD006519,CUST10729,2026-03-22,Net Banking,Delivered
ORD006520,CUST06691,2025-02-27,COD,Delivered
ORD006521,CUST04899,2024-03-15,Credit Card,Delivered
ORD006522,CUST06179,2025-12-06,UPI,Delivered
ORD006523,CUST06945,2024-08-16,UPI,Delivered
ORD006524,CUST09293,2024-12-13,Net Banking,Delivered
ORD006525,CUST09593,2025-09-21,Net Banking,Delivered
ORD006526,CUST07596,2024-07-13,UPI,Delivered
ORD006527,CUST05864,2025-04-07,COD,Delivered
ORD006528,CUST10547,2026-07-30,Debit Card,Delivered
ORD006529,CUST00294,2024-05-31,Debit Card,Delivered
ORD006530,CUST09770,2026-04-19,Debit Card,Pending
ORD006531,CUST04269,2025-12-10,Debit Card,Delivered
ORD006532,CUST07198,2025-03-10,UPI,Delivered
ORD006533,CUST04059,2025-09-02,UPI,Delivered
ORD006534,CUST05283,2024-04-29,Debit Card,Cancelled
ORD006535,CUST07196,2024-09-10,Debit Card,Delivered
ORD006536,CUST05545,2024-07-23,COD,Delivered
ORD006537,CUST11626,2024-12-27,COD,Delivered
ORD006538,CUST11437,2026-06-18,COD,Delivered
ORD006539,CUST08496,2026-06-08,Credit Card,Pending
ORD006540,CUST10039,2024-09-10,COD,Returned
ORD006541,CUST02952,2025-11-01,COD,Delivered
ORD006542,CUST04762,2026-08-18,UPI,Delivered
ORD006543,CUST07019,2024-10-12,Debit Card,Pending
ORD006544,CUST09954,2026-08-25,COD,Delivered
ORD006545,CUST05757,2025-07-05,COD,Cancelled
ORD006546,CUST02931,2024-08-25,COD,Delivered
ORD006547,CUST02717,2025-09-20,UPI,Returned
ORD006548,CUST06967,2025-01-13,Credit Card,Delivered
ORD006549,CUST05826,2025-06-09,Net Banking,Delivered
ORD006550,CUST09542,2025-07-09,Debit Card,Delivered
ORD006551,CUST03376,2026-01-01,UPI,Returned
ORD006552,CUST08144,2025-11-04,UPI,Delivered
ORD006553,CUST01611,2024-06-15,UPI,Delivered
ORD006554,CUST00123,2025-10-05,COD,Returned
ORD006555,CUST11910,2024-08-03,UPI,Delivered
ORD006556,CUST06565,2025-02-14,Net Banking,Delivered
ORD006557,CUST11657,2024-10-24,UPI,Delivered
ORD006558,CUST05379,2024-05-18,Credit Card,Cancelled
ORD006559,CUST07605,2026-06-04,Debit Card,Delivered
ORD006560,CUST11144,2026-05-04,COD,Returned
ORD006561,CUST08360,2025-09-09,Debit Card,Delivered
ORD006562,CUST08721,2026-03-10,Debit Card,Delivered
ORD006563,CUST08574,2024-05-02,UPI,Delivered
ORD006564,CUST02790,2024-11-01,UPI,Returned
ORD006565,CUST05484,2025-07-18,COD,Delivered
ORD006566,CUST07983,2025-10-05,COD,Delivered
ORD006567,CUST03978,2025-10-20,Debit Card,Delivered
ORD006568,CUST07229,2024-11-22,COD,Delivered
ORD006569,CUST11650,2024-02-02,UPI,Delivered
ORD006570,CUST00245,2025-08-12,Net Banking,Delivered
ORD006571,CUST01949,2026-06-11,UPI,Delivered
ORD006572,CUST01353,2026-04-24,Debit Card,Delivered
ORD006573,CUST01730,2025-03-29,UPI,Delivered
ORD006574,CUST08004,2025-09-26,Credit Card,Delivered
ORD006575,CUST04265,2025-08-17,Net Banking,Delivered
ORD006576,CUST05352,2025-07-20,Net Banking,Delivered
ORD006577,CUST01118,2025-06-04,UPI,Delivered
ORD006578,CUST10176,2024-07-08,COD,Delivered
ORD006579,CUST10884,2024-11-13,Debit Card,Delivered
ORD006580,CUST08171,2026-06-01,COD,Delivered
ORD006581,CUST00459,2025-07-13,UPI,Delivered
ORD006582,CUST00519,2026-01-30,Debit Card,Delivered
ORD006583,CUST09810,2024-12-11,Net Banking,Delivered
ORD006584,CUST04232,2025-08-02,Debit Card,Delivered
ORD006585,CUST10078,2026-03-26,Credit Card,Delivered
ORD006586,CUST10831,2026-05-09,UPI,Pending
ORD006587,CUST09658,2025-02-14,UPI,Delivered
ORD006588,CUST10762,2026-06-01,COD,Delivered
ORD006589,CUST09326,2024-11-06,Credit Card,Delivered
ORD006590,CUST00763,2024-06-20,COD,Delivered
ORD006591,CUST08386,2024-11-22,Credit Card,Delivered
ORD006592,CUST03690,2025-03-11,Net Banking,Delivered
ORD006593,CUST11123,2024-11-08,Debit Card,Returned
ORD006594,CUST07318,2025-01-27,Net Banking,Delivered
ORD006595,CUST09140,2024-12-19,Debit Card,Delivered
ORD006596,CUST01250,2024-09-20,COD,Delivered
ORD006597,CUST04017,2025-11-26,Credit Card,Returned
ORD006598,CUST10563,2025-06-05,Debit Card,Delivered
ORD006599,CUST05380,2025-12-05,Net Banking,Delivered
ORD006600,CUST02649,2025-01-04,UPI,Delivered
ORD006601,CUST08121,2026-08-25,UPI,Delivered
ORD006602,CUST02117,2024-09-12,UPI,Returned
ORD006603,CUST08140,2024-02-14,COD,Delivered
ORD006604,CUST03381,2025-11-09,Net Banking,Delivered
ORD006605,CUST01875,2024-10-28,Debit Card,Delivered
ORD006606,CUST11232,2026-01-12,Net Banking,Delivered
ORD006607,CUST05503,2026-02-23,Net Banking,Delivered
ORD006608,CUST02533,2024-03-22,COD,Cancelled
ORD006609,CUST07351,2024-08-13,Debit Card,Pending
ORD006610,CUST05679,2024-05-07,Debit Card,Returned
ORD006611,CUST10011,2025-01-05,Net Banking,Delivered
ORD006612,CUST05081,2024-11-18,Net Banking,Delivered
ORD006613,CUST10684,2026-04-23,UPI,Delivered
ORD006614,CUST03001,2024-07-08,Net Banking,Delivered
ORD006615,CUST03705,2025-08-02,Credit Card,Returned
ORD006616,CUST08771,2025-11-06,UPI,Delivered
ORD006617,CUST05634,2024-01-09,Credit Card,Delivered
ORD006618,CUST04491,2024-06-11,Net Banking,Delivered
ORD006619,CUST02030,2026-08-20,Net Banking,Delivered
ORD006620,CUST10997,2025-12-29,COD,Delivered
ORD006621,CUST07134,2024-02-21,Net Banking,Delivered
ORD006622,CUST08333,2024-04-27,COD,Returned
ORD006623,CUST01192,2026-05-07,COD,Delivered
ORD006624,CUST11819,2024-04-10,Debit Card,Delivered
ORD006625,CUST03401,2025-09-15,COD,Delivered
ORD006626,CUST03588,2026-05-08,Debit Card,Delivered
ORD006627,CUST00676,2025-02-15,Debit Card,Pending
ORD006628,CUST02080,2026-04-05,UPI,Delivered
ORD006629,CUST06329,2025-04-11,Debit Card,Delivered
ORD006630,CUST09356,2025-10-25,UPI,Delivered
ORD006631,CUST06034,2025-07-24,UPI,Delivered
ORD006632,CUST06639,2024-02-06,UPI,Delivered
ORD006633,CUST00942,2024-04-13,Net Banking,Delivered
ORD006634,CUST00423,2026-01-17,COD,Delivered
ORD006635,CUST01335,2025-07-03,COD,Cancelled
ORD006636,CUST01949,2026-07-09,Credit Card,Delivered
ORD006637,CUST03291,2024-01-15,Credit Card,Delivered
ORD006638,CUST11659,2024-05-23,Net Banking,Delivered
ORD006639,CUST06497,2026-04-02,Debit Card,Delivered
ORD006640,CUST08433,2024-09-06,Credit Card,Delivered
ORD006641,CUST11474,2025-01-22,Credit Card,Returned
ORD006642,CUST08876,2024-10-08,UPI,Delivered
ORD006643,CUST06676,2026-01-20,Credit Card,Delivered
ORD006644,CUST03168,2024-10-21,COD,Delivered
ORD006645,CUST06997,2025-03-16,UPI,Delivered
ORD006646,CUST08549,2026-06-13,Net Banking,Delivered
ORD006647,CUST02075,2025-01-18,Net Banking,Delivered
ORD006648,CUST08486,2024-02-16,Net Banking,Returned
ORD006649,CUST00986,2025-04-18,UPI,Delivered
ORD006650,CUST10594,2026-08-01,Credit Card,Delivered
ORD006651,CUST04172,2025-08-26,Credit Card,Delivered
ORD006652,CUST07947,2025-11-19,COD,Delivered
ORD006653,CUST11940,2024-06-13,UPI,Delivered
ORD006654,CUST05024,2024-02-07,UPI,Delivered
ORD006655,CUST09447,2025-09-03,COD,Delivered
ORD006656,CUST04069,2024-03-02,Credit Card,Delivered
ORD006657,CUST05500,2025-07-26,Credit Card,Delivered
ORD006658,CUST02090,2025-12-14,Debit Card,Cancelled
ORD006659,CUST00415,2024-04-27,Debit Card,Delivered
ORD006660,CUST10473,2025-04-25,Debit Card,Delivered
ORD006661,CUST11812,2024-01-08,Debit Card,Delivered
ORD006662,CUST07819,2026-03-16,Credit Card,Delivered
ORD006663,CUST00636,2024-04-15,Net Banking,Delivered
ORD006664,CUST09086,2024-10-18,UPI,Delivered
ORD006665,CUST03376,2025-07-21,Debit Card,Delivered
ORD006666,CUST09466,2025-07-10,Net Banking,Delivered
ORD006667,CUST02452,2026-03-28,Debit Card,Delivered
ORD006668,CUST09747,2025-06-15,COD,Delivered
ORD006669,CUST00637,2026-08-16,Debit Card,Delivered
ORD006670,CUST10718,2024-07-01,COD,Delivered
ORD006671,CUST06534,2026-07-18,UPI,Delivered
ORD006672,CUST04920,2025-09-05,Debit Card,Delivered
ORD006673,CUST01490,2026-05-24,COD,Returned
ORD006674,CUST02812,2024-12-13,UPI,Returned
ORD006675,CUST03474,2024-10-14,Debit Card,Delivered
ORD006676,CUST07915,2024-07-22,Debit Card,Delivered
ORD006677,CUST02346,2025-12-13,Credit Card,Delivered
ORD006678,CUST02620,2024-02-12,Net Banking,Delivered
ORD006679,CUST04152,2024-11-30,Net Banking,Delivered
ORD006680,CUST00259,2025-01-31,UPI,Returned
ORD006681,CUST07634,2024-01-02,COD,Delivered
ORD006682,CUST07120,2026-08-14,Net Banking,Delivered
ORD006683,CUST06187,2024-07-30,COD,Returned
ORD006684,CUST08604,2026-06-28,COD,Delivered
ORD006685,CUST08106,2025-11-12,Net Banking,Delivered
ORD006686,CUST09353,2024-05-22,Net Banking,Delivered
ORD006687,CUST08532,2024-04-02,COD,Delivered
ORD006688,CUST10514,2024-05-01,COD,Returned
ORD006689,CUST11609,2025-12-25,Debit Card,Delivered
ORD006690,CUST05141,2025-01-28,Debit Card,Pending
ORD006691,CUST03053,2025-03-15,COD,Cancelled
ORD006692,CUST10775,2026-06-03,Net Banking,Returned
ORD006693,CUST05002,2024-09-12,Debit Card,Delivered
ORD006694,CUST00940,2026-08-06,COD,Delivered
ORD006695,CUST04277,2024-09-06,COD,Delivered
ORD006696,CUST05878,2025-09-08,UPI,Delivered
ORD006697,CUST07973,2026-04-05,UPI,Delivered
ORD006698,CUST05816,2024-08-17,COD,Delivered
ORD006699,CUST02700,2025-04-13,COD,Delivered
ORD006700,CUST05627,2026-05-16,COD,Cancelled
ORD006701,CUST04099,2025-05-06,Debit Card,Delivered
ORD006702,CUST03726,2025-04-09,Credit Card,Delivered
ORD006703,CUST08867,2025-01-08,Debit Card,Delivered
ORD006704,CUST03426,2026-01-31,COD,Cancelled
ORD006705,CUST10984,2024-04-17,Debit Card,Delivered
ORD006706,CUST08350,2024-03-02,Credit Card,Delivered
ORD006707,CUST06727,2024-02-26,Credit Card,Returned
ORD006708,CUST08082,2026-02-01,Credit Card,Delivered
ORD006709,CUST08657,2026-08-16,COD,Delivered
ORD006710,CUST10414,2024-05-11,Net Banking,Delivered
ORD006711,CUST09914,2024-03-18,Net Banking,Delivered
ORD006712,CUST06969,2026-05-21,Net Banking,Delivered
ORD006713,CUST01440,2026-05-13,UPI,Delivered
ORD006714,CUST05745,2026-06-09,Net Banking,Delivered
ORD006715,CUST03037,2025-02-21,COD,Returned
ORD006716,CUST10048,2026-03-10,COD,Delivered
ORD006717,CUST08932,2026-04-25,UPI,Delivered
ORD006718,CUST08514,2024-06-10,COD,Delivered
ORD006719,CUST02981,2026-08-23,COD,Delivered
ORD006720,CUST06798,2026-03-18,UPI,Cancelled
ORD006721,CUST02368,2025-06-30,UPI,Delivered
ORD006722,CUST11177,2025-06-10,UPI,Delivered
ORD006723,CUST03703,2026-03-29,COD,Delivered
ORD006724,CUST04885,2024-01-20,UPI,Delivered
ORD006725,CUST11973,2025-04-20,Credit Card,Delivered
ORD006726,CUST11017,2026-03-15,Debit Card,Delivered
ORD006727,CUST04745,2024-02-07,UPI,Returned
ORD006728,CUST04498,2025-10-22,UPI,Delivered
ORD006729,CUST01144,2024-08-03,UPI,Delivered
ORD006730,CUST06213,2024-01-10,UPI,Delivered
ORD006731,CUST06206,2024-04-09,Debit Card,Delivered
ORD006732,CUST09872,2025-03-13,COD,Delivered
ORD006733,CUST02169,2025-01-27,Net Banking,Delivered
ORD006734,CUST06660,2025-12-26,Credit Card,Delivered
ORD006735,CUST10871,2026-07-26,COD,Returned
ORD006736,CUST11634,2024-04-10,UPI,Delivered
ORD006737,CUST09317,2026-06-30,COD,Delivered
ORD006738,CUST11436,2024-12-28,Credit Card,Delivered
ORD006739,CUST05838,2024-10-06,COD,Delivered
ORD006740,CUST11483,2024-01-04,COD,Delivered
ORD006741,CUST02673,2026-07-28,UPI,Delivered
ORD006742,CUST10572,2025-09-21,Debit Card,Delivered
ORD006743,CUST08091,2024-05-30,Net Banking,Delivered
ORD006744,CUST01186,2024-02-11,COD,Delivered
ORD006745,CUST05892,2025-01-10,Debit Card,Delivered
ORD006746,CUST06123,2026-08-19,Net Banking,Delivered
ORD006747,CUST07660,2026-05-09,Credit Card,Delivered
ORD006748,CUST03379,2025-09-20,Credit Card,Delivered
ORD006749,CUST03970,2024-01-19,COD,Delivered
ORD006750,CUST00746,2026-07-04,Net Banking,Delivered
ORD006751,CUST07146,2025-02-15,Credit Card,Delivered
ORD006752,CUST08608,2026-05-23,UPI,Delivered
ORD006753,CUST11138,2025-06-19,Debit Card,Delivered
ORD006754,CUST00570,2024-08-23,COD,Delivered
ORD006755,CUST04246,2026-02-08,Credit Card,Delivered
ORD006756,CUST02067,2025-05-19,Debit Card,Cancelled
ORD006757,CUST07898,2024-01-07,UPI,Delivered
ORD006758,CUST06500,2024-05-03,COD,Returned
ORD006759,CUST06900,2025-05-27,COD,Delivered
ORD006760,CUST01970,2025-01-29,Credit Card,Delivered
ORD006761,CUST11278,2025-11-21,COD,Delivered
ORD006762,CUST00788,2025-11-30,Debit Card,Delivered
ORD006763,CUST02349,2025-11-01,Net Banking,Delivered
ORD006764,CUST05976,2024-01-30,Debit Card,Delivered
ORD006765,CUST07471,2024-03-17,UPI,Returned
ORD006766,CUST11065,2026-07-08,COD,Delivered
ORD006767,CUST03172,2025-06-13,UPI,Delivered
ORD006768,CUST10703,2024-07-04,UPI,Delivered
ORD006769,CUST09774,2025-04-05,COD,Delivered
ORD006770,CUST09095,2025-05-17,Net Banking,Delivered
ORD006771,CUST04913,2026-02-23,Debit Card,Cancelled
ORD006772,CUST08599,2024-10-28,UPI,Pending
ORD006773,CUST09181,2024-04-21,Debit Card,Delivered
ORD006774,CUST10793,2024-01-19,UPI,Delivered
ORD006775,CUST11140,2024-01-12,COD,Cancelled
ORD006776,CUST02143,2024-08-05,COD,Delivered
ORD006777,CUST08351,2024-12-03,COD,Delivered
ORD006778,CUST10287,2026-06-26,COD,Delivered
ORD006779,CUST06500,2024-11-01,COD,Delivered
ORD006780,CUST05650,2026-08-19,Debit Card,Delivered
ORD006781,CUST04298,2025-02-07,UPI,Cancelled
ORD006782,CUST05383,2025-06-01,Credit Card,Cancelled
ORD006783,CUST10790,2026-06-15,Net Banking,Delivered
ORD006784,CUST03757,2025-01-25,Credit Card,Delivered
ORD006785,CUST03100,2024-12-17,UPI,Delivered
ORD006786,CUST01042,2024-11-06,Debit Card,Delivered
ORD006787,CUST11231,2025-04-25,UPI,Delivered
ORD006788,CUST03062,2026-08-27,Net Banking,Delivered
ORD006789,CUST09225,2024-05-03,UPI,Delivered
ORD006790,CUST00875,2026-05-26,COD,Delivered
ORD006791,CUST07696,2026-05-22,Credit Card,Delivered
ORD006792,CUST09534,2025-06-10,Net Banking,Delivered
ORD006793,CUST01920,2026-05-12,Net Banking,Delivered
ORD006794,CUST04136,2025-02-11,Credit Card,Delivered
ORD006795,CUST05593,2024-10-11,Debit Card,Delivered
ORD006796,CUST04709,2026-04-29,Credit Card,Delivered
ORD006797,CUST07262,2024-07-17,Credit Card,Delivered
ORD006798,CUST08250,2026-03-12,Credit Card,Delivered
ORD006799,CUST11202,2025-04-06,Debit Card,Delivered
ORD006800,CUST05829,2025-04-12,Net Banking,Pending
ORD006801,CUST06762,2024-04-02,UPI,Delivered
ORD006802,CUST06494,2025-07-02,Credit Card,Delivered
ORD006803,CUST09491,2026-07-26,Debit Card,Delivered
ORD006804,CUST03611,2025-12-04,UPI,Pending
ORD006805,CUST10526,2024-04-04,UPI,Returned
ORD006806,CUST02093,2025-02-06,Net Banking,Delivered
ORD006807,CUST00974,2026-07-07,COD,Delivered
ORD006808,CUST02463,2024-03-11,UPI,Delivered
ORD006809,CUST10276,2025-06-01,Credit Card,Delivered
ORD006810,CUST05426,2026-01-28,UPI,Delivered
ORD006811,CUST02287,2024-12-20,COD,Delivered
ORD006812,CUST11147,2025-07-20,COD,Delivered
ORD006813,CUST10065,2026-08-30,Net Banking,Delivered
ORD006814,CUST01483,2026-03-17,Debit Card,Delivered
ORD006815,CUST02215,2024-10-07,Net Banking,Returned
ORD006816,CUST03835,2024-04-07,COD,Delivered
ORD006817,CUST09429,2024-03-23,Debit Card,Delivered
ORD006818,CUST04828,2024-09-16,Net Banking,Delivered
ORD006819,CUST09208,2024-08-03,Credit Card,Cancelled
ORD006820,CUST10999,2026-03-11,UPI,Delivered
ORD006821,CUST01687,2024-08-22,Credit Card,Delivered
ORD006822,CUST07534,2024-11-17,Credit Card,Delivered
ORD006823,CUST06465,2026-06-16,UPI,Delivered
ORD006824,CUST09149,2025-02-01,UPI,Delivered
ORD006825,CUST01206,2025-11-20,COD,Delivered
ORD006826,CUST09869,2026-02-17,UPI,Delivered
ORD006827,CUST00968,2025-06-29,Credit Card,Delivered
ORD006828,CUST05203,2024-09-03,UPI,Delivered
ORD006829,CUST04760,2026-07-22,COD,Delivered
ORD006830,CUST02152,2024-08-07,Debit Card,Delivered
ORD006831,CUST07345,2026-07-23,Net Banking,Delivered
ORD006832,CUST09851,2025-10-23,Credit Card,Delivered
ORD006833,CUST11941,2026-03-20,UPI,Delivered
ORD006834,CUST01753,2025-04-25,Debit Card,Pending
ORD006835,CUST03438,2026-01-11,Net Banking,Delivered
ORD006836,CUST10154,2024-08-31,Net Banking,Delivered
ORD006837,CUST06624,2025-03-16,Net Banking,Returned
ORD006838,CUST03308,2025-12-18,Credit Card,Delivered
ORD006839,CUST07939,2025-11-08,Net Banking,Delivered
ORD006840,CUST02493,2024-09-21,Credit Card,Delivered
ORD006841,CUST07497,2026-02-05,Credit Card,Delivered
ORD006842,CUST07745,2026-05-05,COD,Cancelled
ORD006843,CUST02962,2024-01-29,Net Banking,Delivered
ORD006844,CUST08259,2026-08-22,UPI,Delivered
ORD006845,CUST09870,2025-03-01,Debit Card,Delivered
ORD006846,CUST00448,2026-04-07,Credit Card,Delivered
ORD006847,CUST06432,2025-02-26,Credit Card,Cancelled
ORD006848,CUST03780,2026-05-08,COD,Delivered
ORD006849,CUST05308,2025-03-31,Credit Card,Delivered
ORD006850,CUST00613,2024-11-11,Credit Card,Cancelled
ORD006851,CUST06549,2026-08-06,UPI,Pending
ORD006852,CUST06506,2025-09-29,Credit Card,Delivered
ORD006853,CUST11419,2026-04-23,Debit Card,Delivered
ORD006854,CUST02693,2025-10-09,Debit Card,Pending
ORD006855,CUST04675,2024-04-15,UPI,Delivered
ORD006856,CUST08916,2025-09-08,COD,Delivered
ORD006857,CUST06825,2024-05-28,UPI,Returned
ORD006858,CUST11372,2025-11-26,Debit Card,Returned
ORD006859,CUST06146,2025-11-18,UPI,Delivered
ORD006860,CUST10135,2024-10-29,UPI,Delivered
ORD006861,CUST10416,2026-02-15,Net Banking,Delivered
ORD006862,CUST10009,2024-03-18,Net Banking,Returned
ORD006863,CUST10105,2026-06-15,UPI,Cancelled
ORD006864,CUST10051,2026-04-02,Credit Card,Delivered
ORD006865,CUST03324,2024-10-13,UPI,Delivered
ORD006866,CUST05215,2026-04-27,COD,Delivered
ORD006867,CUST01627,2024-03-31,UPI,Delivered
ORD006868,CUST10957,2025-01-29,Debit Card,Delivered
ORD006869,CUST11745,2024-11-17,COD,Delivered
ORD006870,CUST11609,2025-03-19,Debit Card,Delivered
ORD006871,CUST07224,2024-01-31,COD,Delivered
ORD006872,CUST05179,2024-06-26,COD,Delivered
ORD006873,CUST03472,2024-11-11,Debit Card,Delivered
ORD006874,CUST07258,2026-04-09,UPI,Delivered
ORD006875,CUST02102,2025-11-09,COD,Returned
ORD006876,CUST06907,2026-06-17,Credit Card,Delivered
ORD006877,CUST05679,2026-05-29,Debit Card,Delivered
ORD006878,CUST02996,2026-08-11,Debit Card,Cancelled
ORD006879,CUST10898,2024-03-08,UPI,Delivered
ORD006880,CUST10449,2025-06-25,UPI,Delivered
ORD006881,CUST07214,2024-03-07,COD,Delivered
ORD006882,CUST10358,2025-08-02,Debit Card,Returned
ORD006883,CUST04313,2024-07-04,UPI,Delivered
ORD006884,CUST06778,2024-03-17,Debit Card,Returned
ORD006885,CUST01178,2024-06-29,Credit Card,Delivered
ORD006886,CUST07680,2025-06-09,Debit Card,Delivered
ORD006887,CUST11794,2024-05-17,COD,Delivered
ORD006888,CUST01329,2025-04-06,Credit Card,Delivered
ORD006889,CUST11457,2026-02-28,Credit Card,Cancelled
ORD006890,CUST09070,2025-12-03,Net Banking,Delivered
ORD006891,CUST01182,2025-07-26,UPI,Delivered
ORD006892,CUST05729,2024-06-22,Credit Card,Delivered
ORD006893,CUST06297,2024-10-19,Net Banking,Delivered
ORD006894,CUST04889,2026-02-27,COD,Delivered
ORD006895,CUST05019,2025-01-21,UPI,Delivered
ORD006896,CUST08227,2025-02-06,Debit Card,Delivered
ORD006897,CUST11678,2026-03-10,Debit Card,Cancelled
ORD006898,CUST06414,2024-07-25,Debit Card,Delivered
ORD006899,CUST01699,2024-09-10,Credit Card,Delivered
ORD006900,CUST05666,2026-03-02,UPI,Delivered
ORD006901,CUST07055,2026-08-26,COD,Delivered
ORD006902,CUST03591,2024-11-25,Net Banking,Delivered
ORD006903,CUST10980,2026-08-01,UPI,Delivered
ORD006904,CUST02472,2024-12-17,Net Banking,Cancelled
ORD006905,CUST10741,2026-04-05,Net Banking,Delivered
ORD006906,CUST06946,2025-02-27,Debit Card,Delivered
ORD006907,CUST02308,2024-05-14,Credit Card,Delivered
ORD006908,CUST05168,2025-07-11,Credit Card,Returned
ORD006909,CUST00108,2025-01-04,COD,Delivered
ORD006910,CUST06871,2024-05-05,COD,Cancelled
ORD006911,CUST09565,2025-02-02,Debit Card,Cancelled
ORD006912,CUST03617,2025-05-06,Net Banking,Delivered
ORD006913,CUST02583,2025-12-25,Debit Card,Delivered
ORD006914,CUST02720,2024-03-14,Credit Card,Delivered
ORD006915,CUST03511,2024-03-27,Credit Card,Delivered
ORD006916,CUST08707,2025-05-31,Debit Card,Returned
ORD006917,CUST05004,2024-08-28,UPI,Delivered
ORD006918,CUST07480,2025-11-29,Credit Card,Delivered
ORD006919,CUST01220,2024-09-06,COD,Cancelled
ORD006920,CUST10785,2025-12-10,UPI,Delivered
ORD006921,CUST05152,2024-01-22,Debit Card,Delivered
ORD006922,CUST10897,2024-01-28,UPI,Delivered
ORD006923,CUST01609,2025-03-13,Net Banking,Delivered
ORD006924,CUST02557,2024-01-19,UPI,Delivered
ORD006925,CUST10517,2024-04-22,Debit Card,Pending
ORD006926,CUST01283,2025-06-09,Net Banking,Delivered
ORD006927,CUST05351,2024-06-24,COD,Cancelled
ORD006928,CUST04389,2026-06-21,COD,Returned
ORD006929,CUST06380,2024-07-25,Credit Card,Delivered
ORD006930,CUST07971,2026-07-16,UPI,Delivered
ORD006931,CUST00545,2025-10-23,Debit Card,Delivered
ORD006932,CUST09904,2024-10-28,COD,Delivered
ORD006933,CUST10898,2026-05-02,COD,Delivered
ORD006934,CUST10883,2025-12-23,UPI,Cancelled
ORD006935,CUST00645,2025-05-25,Debit Card,Delivered
ORD006936,CUST05324,2025-10-14,Debit Card,Delivered
ORD006937,CUST05648,2024-10-04,Net Banking,Delivered
ORD006938,CUST00859,2024-05-17,COD,Delivered
ORD006939,CUST06834,2024-12-31,UPI,Delivered
ORD006940,CUST10235,2025-05-19,COD,Delivered
ORD006941,CUST11510,2024-02-13,UPI,Delivered
ORD006942,CUST07677,2024-10-06,Credit Card,Delivered
ORD006943,CUST02233,2025-03-18,UPI,Delivered
ORD006944,CUST09785,2025-03-21,Debit Card,Delivered
ORD006945,CUST04929,2024-03-12,Credit Card,Delivered
ORD006946,CUST06969,2025-03-31,UPI,Delivered
ORD006947,CUST10943,2024-04-22,COD,Delivered
ORD006948,CUST10245,2025-11-25,Net Banking,Delivered
ORD006949,CUST00406,2025-03-08,COD,Delivered
ORD006950,CUST02945,2024-08-18,Credit Card,Delivered
ORD006951,CUST08367,2025-07-15,Credit Card,Delivered
ORD006952,CUST06038,2026-07-03,Credit Card,Delivered
ORD006953,CUST04696,2024-08-21,UPI,Pending
ORD006954,CUST10935,2025-07-23,Debit Card,Delivered
ORD006955,CUST07968,2025-08-31,Credit Card,Delivered
ORD006956,CUST08302,2025-11-18,Debit Card,Returned
ORD006957,CUST07746,2026-01-10,Credit Card,Delivered
ORD006958,CUST06756,2026-05-10,Net Banking,Delivered
ORD006959,CUST06983,2026-05-13,COD,Delivered
ORD006960,CUST04324,2024-03-12,UPI,Delivered
ORD006961,CUST04840,2026-05-13,Net Banking,Delivered
ORD006962,CUST00747,2026-06-26,Net Banking,Delivered
ORD006963,CUST03620,2024-03-26,Debit Card,Delivered
ORD006964,CUST06635,2026-07-04,Net Banking,Cancelled
ORD006965,CUST09484,2024-06-21,UPI,Delivered
ORD006966,CUST06812,2024-01-26,Credit Card,Cancelled
ORD006967,CUST10754,2025-08-15,COD,Delivered
ORD006968,CUST11854,2026-05-23,UPI,Delivered
ORD006969,CUST08851,2025-02-18,COD,Delivered
ORD006970,CUST09557,2024-03-22,Net Banking,Delivered
ORD006971,CUST02353,2025-07-24,UPI,Delivered
ORD006972,CUST00368,2025-10-04,Debit Card,Delivered
ORD006973,CUST07860,2026-02-24,COD,Delivered
ORD006974,CUST03541,2026-05-01,Debit Card,Delivered
ORD006975,CUST00572,2025-01-06,COD,Delivered
ORD006976,CUST07393,2026-07-05,Net Banking,Delivered
ORD006977,CUST06954,2025-03-16,COD,Delivered
ORD006978,CUST08967,2025-04-27,Credit Card,Returned
ORD006979,CUST04906,2024-09-02,Credit Card,Delivered
ORD006980,CUST01651,2025-07-07,COD,Delivered
ORD006981,CUST03481,2024-11-13,COD,Delivered
ORD006982,CUST08492,2026-01-16,Net Banking,Delivered
ORD006983,CUST03622,2024-01-30,Credit Card,Delivered
ORD006984,CUST08170,2024-03-01,Debit Card,Returned
ORD006985,CUST06387,2026-03-14,UPI,Delivered
ORD006986,CUST04766,2025-07-20,Debit Card,Delivered
ORD006987,CUST11729,2024-09-16,UPI,Returned
ORD006988,CUST03984,2026-02-21,UPI,Returned
ORD006989,CUST03284,2025-09-15,UPI,Delivered
ORD006990,CUST06717,2024-07-17,COD,Delivered
ORD006991,CUST05627,2024-04-05,Credit Card,Delivered
ORD006992,CUST01669,2025-08-31,Net Banking,Delivered
ORD006993,CUST03693,2026-04-04,Net Banking,Delivered
ORD006994,CUST01358,2024-11-14,Net Banking,Delivered
ORD006995,CUST02944,2026-04-24,Credit Card,Delivered
ORD006996,CUST05545,2024-11-15,COD,Pending
ORD006997,CUST11049,2024-05-24,Net Banking,Delivered
ORD006998,CUST10088,2026-03-31,COD,Delivered
ORD006999,CUST01820,2025-05-18,Debit Card,Delivered
ORD007000,CUST04234,2024-06-16,Credit Card,Delivered
ORD007001,CUST10358,2026-01-11,Debit Card,Delivered
ORD007002,CUST08829,2024-03-10,Credit Card,Delivered
ORD007003,CUST01204,2024-05-06,COD,Delivered
ORD007004,CUST04318,2025-05-21,COD,Delivered
ORD007005,CUST01394,2024-02-19,Debit Card,Cancelled
ORD007006,CUST04256,2026-04-15,Credit Card,Delivered
ORD007007,CUST01228,2024-09-27,Net Banking,Pending
ORD007008,CUST10797,2024-03-12,Net Banking,Pending
ORD007009,CUST00528,2025-02-21,UPI,Delivered
ORD007010,CUST06746,2026-01-27,Debit Card,Delivered
ORD007011,CUST08128,2024-08-30,COD,Returned
ORD007012,CUST06947,2026-07-14,Debit Card,Delivered
ORD007013,CUST04713,2025-04-15,Net Banking,Cancelled
ORD007014,CUST09873,2026-08-26,UPI,Delivered
ORD007015,CUST07280,2025-02-11,Credit Card,Delivered
ORD007016,CUST00215,2024-04-17,Net Banking,Delivered
ORD007017,CUST01942,2025-06-03,Net Banking,Delivered
ORD007018,CUST04786,2025-03-16,Debit Card,Delivered
ORD007019,CUST05653,2025-01-04,Credit Card,Pending
ORD007020,CUST04834,2026-08-23,Net Banking,Cancelled
ORD007021,CUST07214,2026-03-03,UPI,Cancelled
ORD007022,CUST11321,2024-07-23,COD,Delivered
ORD007023,CUST09702,2026-07-18,Net Banking,Delivered
ORD007024,CUST01439,2024-10-07,Debit Card,Delivered
ORD007025,CUST08097,2024-01-18,Net Banking,Delivered
ORD007026,CUST09647,2024-03-13,Debit Card,Cancelled
ORD007027,CUST03203,2024-07-16,Credit Card,Returned
ORD007028,CUST01976,2025-06-09,Net Banking,Delivered
ORD007029,CUST03090,2025-01-24,UPI,Cancelled
ORD007030,CUST06556,2025-04-10,Net Banking,Returned
ORD007031,CUST04239,2024-04-12,COD,Delivered
ORD007032,CUST09522,2024-08-05,UPI,Delivered
ORD007033,CUST01564,2026-03-14,COD,Delivered
ORD007034,CUST04910,2024-02-05,Net Banking,Delivered
ORD007035,CUST11377,2024-07-21,UPI,Delivered
ORD007036,CUST10868,2025-10-19,UPI,Delivered
ORD007037,CUST11080,2024-01-15,COD,Delivered
ORD007038,CUST03448,2026-02-06,Credit Card,Pending
ORD007039,CUST05608,2024-12-10,COD,Delivered
ORD007040,CUST09979,2024-09-28,UPI,Delivered
ORD007041,CUST09841,2024-03-16,Net Banking,Delivered
ORD007042,CUST01118,2024-01-14,Net Banking,Delivered
ORD007043,CUST07169,2025-07-12,Credit Card,Delivered
ORD007044,CUST08647,2025-11-24,Net Banking,Cancelled
ORD007045,CUST11959,2024-02-27,UPI,Delivered
ORD007046,CUST07994,2025-12-17,Net Banking,Delivered
ORD007047,CUST07630,2024-08-18,UPI,Delivered
ORD007048,CUST11413,2025-10-31,Net Banking,Delivered
ORD007049,CUST03640,2025-04-28,Credit Card,Delivered
ORD007050,CUST05777,2024-10-28,Net Banking,Delivered
ORD007051,CUST00078,2025-06-11,Debit Card,Delivered
ORD007052,CUST08839,2024-05-08,Debit Card,Cancelled
ORD007053,CUST01103,2025-11-11,UPI,Returned
ORD007054,CUST07100,2026-01-02,UPI,Delivered
ORD007055,CUST00248,2026-06-07,Net Banking,Pending
ORD007056,CUST11952,2026-03-05,Debit Card,Returned
ORD007057,CUST03293,2024-07-23,Net Banking,Cancelled
ORD007058,CUST01151,2024-03-02,UPI,Delivered
ORD007059,CUST10131,2026-07-12,COD,Delivered
ORD007060,CUST05000,2025-02-07,Debit Card,Delivered
ORD007061,CUST08606,2024-02-24,Debit Card,Delivered
ORD007062,CUST11883,2024-11-02,COD,Delivered
ORD007063,CUST08868,2025-09-20,COD,Cancelled
ORD007064,CUST11442,2024-03-09,Debit Card,Delivered
ORD007065,CUST10322,2026-05-05,Debit Card,Delivered
ORD007066,CUST01410,2024-07-19,Debit Card,Delivered
ORD007067,CUST07685,2024-04-06,UPI,Pending
ORD007068,CUST09902,2025-02-21,Debit Card,Delivered
ORD007069,CUST08525,2026-01-19,Credit Card,Delivered
ORD007070,CUST02344,2025-02-14,Debit Card,Delivered
ORD007071,CUST08633,2025-09-04,COD,Delivered
ORD007072,CUST06923,2025-08-31,Credit Card,Cancelled
ORD007073,CUST08721,2025-01-02,COD,Delivered
ORD007074,CUST05707,2024-10-20,COD,Delivered
ORD007075,CUST07289,2024-10-11,Net Banking,Delivered
ORD007076,CUST01818,2026-03-13,Debit Card,Delivered
ORD007077,CUST11815,2024-10-02,Debit Card,Delivered
ORD007078,CUST07010,2025-10-20,Debit Card,Cancelled
ORD007079,CUST10435,2025-01-23,COD,Delivered
ORD007080,CUST02546,2024-10-07,Credit Card,Delivered
ORD007081,CUST04249,2025-08-27,Debit Card,Delivered
ORD007082,CUST04440,2024-10-08,Debit Card,Delivered
ORD007083,CUST04212,2026-05-27,Credit Card,Delivered
ORD007084,CUST11223,2026-08-04,Credit Card,Delivered
ORD007085,CUST03998,2024-07-12,Debit Card,Delivered
ORD007086,CUST08296,2025-12-01,Net Banking,Delivered
ORD007087,CUST02296,2026-06-29,Debit Card,Returned
ORD007088,CUST09179,2024-05-07,Debit Card,Delivered
ORD007089,CUST05042,2025-07-10,COD,Cancelled
ORD007090,CUST00364,2026-02-12,UPI,Delivered
ORD007091,CUST10924,2025-11-28,Debit Card,Delivered
ORD007092,CUST10057,2026-06-15,COD,Returned
ORD007093,CUST01410,2026-04-20,UPI,Delivered
ORD007094,CUST04984,2024-02-12,COD,Delivered
ORD007095,CUST09365,2026-02-22,COD,Delivered
ORD007096,CUST01227,2024-01-14,Net Banking,Delivered
ORD007097,CUST03446,2024-03-14,Credit Card,Delivered
ORD007098,CUST11289,2024-01-19,Credit Card,Returned
ORD007099,CUST06120,2024-02-20,COD,Delivered
ORD007100,CUST00965,2025-01-26,Credit Card,Delivered
ORD007101,CUST01814,2024-10-30,Debit Card,Delivered
ORD007102,CUST11717,2025-10-13,Net Banking,Cancelled
ORD007103,CUST10251,2025-12-10,Net Banking,Delivered
ORD007104,CUST01285,2024-10-17,Credit Card,Delivered
ORD007105,CUST06662,2024-07-16,Credit Card,Cancelled
ORD007106,CUST10465,2025-06-01,Net Banking,Delivered
ORD007107,CUST05392,2024-12-20,COD,Delivered
ORD007108,CUST02808,2024-08-23,COD,Delivered
ORD007109,CUST08600,2024-09-23,COD,Delivered
ORD007110,CUST08206,2024-09-07,Debit Card,Delivered
ORD007111,CUST00536,2026-07-22,COD,Delivered
ORD007112,CUST00254,2026-05-08,COD,Delivered
ORD007113,CUST02892,2025-06-21,Credit Card,Delivered
ORD007114,CUST07079,2026-07-12,UPI,Cancelled
ORD007115,CUST09990,2025-08-06,COD,Delivered
ORD007116,CUST05879,2024-03-29,COD,Delivered
ORD007117,CUST04585,2024-03-23,UPI,Delivered
ORD007118,CUST03184,2026-03-28,COD,Delivered
ORD007119,CUST07470,2026-08-11,UPI,Delivered
ORD007120,CUST00105,2025-06-21,UPI,Delivered
ORD007121,CUST00228,2026-07-28,COD,Delivered
ORD007122,CUST07593,2026-02-21,Debit Card,Cancelled
ORD007123,CUST06632,2025-05-01,COD,Delivered
ORD007124,CUST02030,2025-04-04,Debit Card,Delivered
ORD007125,CUST00453,2024-10-06,COD,Delivered
ORD007126,CUST11120,2026-04-24,Debit Card,Delivered
ORD007127,CUST09898,2024-07-05,COD,Cancelled
ORD007128,CUST01211,2026-04-04,Net Banking,Pending
ORD007129,CUST01955,2025-02-04,Net Banking,Pending
ORD007130,CUST07491,2026-08-30,UPI,Delivered
ORD007131,CUST03411,2025-08-15,Credit Card,Delivered
ORD007132,CUST08275,2025-05-05,Net Banking,Delivered
ORD007133,CUST00833,2025-10-02,Net Banking,Delivered
ORD007134,CUST10582,2024-05-18,COD,Delivered
ORD007135,CUST00147,2024-10-02,Credit Card,Delivered
ORD007136,CUST09178,2025-06-26,COD,Delivered
ORD007137,CUST02383,2026-01-17,COD,Delivered
ORD007138,CUST11923,2025-09-02,UPI,Delivered
ORD007139,CUST06937,2024-06-15,COD,Pending
ORD007140,CUST02727,2025-03-22,COD,Pending
ORD007141,CUST02271,2024-01-06,UPI,Delivered
ORD007142,CUST04702,2024-12-20,COD,Returned
ORD007143,CUST11640,2026-03-06,Credit Card,Delivered
ORD007144,CUST11937,2026-08-04,UPI,Cancelled
ORD007145,CUST04956,2024-02-22,Net Banking,Returned
ORD007146,CUST09798,2024-04-25,COD,Delivered
ORD007147,CUST08874,2024-10-26,Credit Card,Delivered
ORD007148,CUST00398,2024-03-05,Debit Card,Delivered
ORD007149,CUST10501,2024-07-26,UPI,Delivered
ORD007150,CUST01467,2026-01-22,UPI,Delivered
ORD007151,CUST00441,2024-04-18,COD,Delivered
ORD007152,CUST07895,2026-02-18,COD,Delivered
ORD007153,CUST10044,2024-06-04,UPI,Delivered
ORD007154,CUST11744,2026-02-06,COD,Delivered
ORD007155,CUST05087,2025-08-06,COD,Delivered
ORD007156,CUST04686,2026-08-21,Credit Card,Returned
ORD007157,CUST00992,2026-01-04,Credit Card,Delivered
ORD007158,CUST07615,2026-01-30,Credit Card,Delivered
ORD007159,CUST11185,2024-04-19,Net Banking,Delivered
ORD007160,CUST10203,2024-01-30,UPI,Delivered
ORD007161,CUST09921,2025-02-22,UPI,Delivered
ORD007162,CUST07025,2025-01-24,COD,Delivered
ORD007163,CUST08500,2024-12-23,COD,Delivered
ORD007164,CUST02697,2025-08-19,UPI,Delivered
ORD007165,CUST00144,2025-06-25,COD,Delivered
ORD007166,CUST11811,2025-01-15,Credit Card,Cancelled
ORD007167,CUST08522,2026-04-27,Debit Card,Delivered
ORD007168,CUST10097,2026-04-10,Net Banking,Delivered
ORD007169,CUST00784,2026-02-14,Credit Card,Returned
ORD007170,CUST09182,2025-12-31,Credit Card,Delivered
ORD007171,CUST03233,2024-05-07,COD,Cancelled
ORD007172,CUST06451,2024-10-15,Net Banking,Delivered
ORD007173,CUST02875,2026-03-21,Debit Card,Delivered
ORD007174,CUST11391,2024-03-16,Debit Card,Delivered
ORD007175,CUST02052,2024-10-25,COD,Delivered
ORD007176,CUST03564,2025-07-10,Net Banking,Delivered
ORD007177,CUST09602,2026-01-15,Credit Card,Delivered
ORD007178,CUST04601,2026-01-25,Credit Card,Returned
ORD007179,CUST00186,2025-04-15,UPI,Delivered
ORD007180,CUST07014,2026-08-07,Credit Card,Delivered
ORD007181,CUST08034,2026-01-19,Debit Card,Delivered
ORD007182,CUST11545,2025-05-01,Debit Card,Delivered
ORD007183,CUST09497,2025-05-08,Net Banking,Delivered
ORD007184,CUST09851,2024-04-24,Credit Card,Pending
ORD007185,CUST03866,2025-01-05,Credit Card,Delivered
ORD007186,CUST02788,2025-03-24,Credit Card,Delivered
ORD007187,CUST03056,2026-06-21,Debit Card,Delivered
ORD007188,CUST10602,2024-06-12,Debit Card,Delivered
ORD007189,CUST10423,2026-03-03,COD,Delivered
ORD007190,CUST09198,2024-07-31,UPI,Cancelled
ORD007191,CUST10371,2024-10-19,Credit Card,Delivered
ORD007192,CUST01966,2024-04-30,COD,Cancelled
ORD007193,CUST06330,2025-01-30,Net Banking,Returned
ORD007194,CUST03467,2026-07-16,Credit Card,Delivered
ORD007195,CUST03733,2026-08-02,Credit Card,Delivered
ORD007196,CUST11307,2025-02-25,COD,Delivered
ORD007197,CUST03076,2025-07-21,UPI,Delivered
ORD007198,CUST03397,2024-03-20,Net Banking,Delivered
ORD007199,CUST07366,2026-08-18,Net Banking,Cancelled
ORD007200,CUST08982,2026-05-25,Net Banking,Delivered
ORD007201,CUST02926,2025-01-15,Debit Card,Delivered
ORD007202,CUST03431,2024-10-08,UPI,Delivered
ORD007203,CUST07174,2025-07-22,Credit Card,Delivered
ORD007204,CUST01998,2026-06-28,UPI,Delivered
ORD007205,CUST05782,2025-03-15,UPI,Delivered
ORD007206,CUST06928,2024-11-21,UPI,Delivered
ORD007207,CUST02016,2024-10-23,UPI,Cancelled
ORD007208,CUST06308,2024-02-20,UPI,Delivered
ORD007209,CUST02738,2025-04-12,Debit Card,Delivered
ORD007210,CUST07738,2025-03-26,COD,Pending
ORD007211,CUST00711,2025-05-15,UPI,Delivered
ORD007212,CUST04695,2026-05-24,Credit Card,Delivered
ORD007213,CUST11643,2025-06-07,UPI,Returned
ORD007214,CUST01203,2024-04-06,Net Banking,Delivered
ORD007215,CUST11311,2026-08-02,Net Banking,Delivered
ORD007216,CUST03050,2025-09-12,Net Banking,Returned
ORD007217,CUST07555,2026-02-07,Net Banking,Delivered
ORD007218,CUST11891,2025-10-20,UPI,Delivered
ORD007219,CUST08245,2025-12-06,Net Banking,Delivered
ORD007220,CUST09970,2025-03-17,Debit Card,Pending
ORD007221,CUST01311,2024-12-08,UPI,Pending
ORD007222,CUST01407,2024-08-24,COD,Returned
ORD007223,CUST04086,2025-08-06,Net Banking,Delivered
ORD007224,CUST04675,2024-08-13,UPI,Returned
ORD007225,CUST05457,2024-05-05,Debit Card,Delivered
ORD007226,CUST05303,2024-09-16,Credit Card,Delivered
ORD007227,CUST10471,2026-06-22,UPI,Pending
ORD007228,CUST03522,2025-06-22,COD,Returned
ORD007229,CUST10629,2025-06-21,Credit Card,Delivered
ORD007230,CUST01309,2024-12-18,Net Banking,Cancelled
ORD007231,CUST05283,2026-03-21,UPI,Delivered
ORD007232,CUST06116,2025-09-07,Net Banking,Delivered
ORD007233,CUST02354,2026-05-26,Credit Card,Delivered
ORD007234,CUST09487,2024-02-09,Debit Card,Delivered
ORD007235,CUST01565,2025-11-20,COD,Cancelled
ORD007236,CUST00409,2025-03-26,UPI,Delivered
ORD007237,CUST01099,2025-12-13,Credit Card,Delivered
ORD007238,CUST09701,2024-07-20,Credit Card,Delivered
ORD007239,CUST05433,2025-06-24,UPI,Delivered
ORD007240,CUST00112,2024-12-06,UPI,Pending
ORD007241,CUST01272,2024-09-03,Net Banking,Delivered
ORD007242,CUST05939,2024-04-26,UPI,Delivered
ORD007243,CUST02884,2025-01-16,UPI,Delivered
ORD007244,CUST07036,2026-07-26,Credit Card,Delivered
ORD007245,CUST06902,2024-08-29,Net Banking,Cancelled
ORD007246,CUST01676,2026-02-24,Net Banking,Delivered
ORD007247,CUST06624,2024-12-02,COD,Returned
ORD007248,CUST00325,2024-09-03,COD,Delivered
ORD007249,CUST11626,2025-10-22,COD,Delivered
ORD007250,CUST04074,2026-08-20,COD,Delivered
ORD007251,CUST03827,2026-04-09,Net Banking,Delivered
ORD007252,CUST06629,2025-02-14,Credit Card,Delivered
ORD007253,CUST01433,2024-04-05,COD,Delivered
ORD007254,CUST05956,2024-04-15,COD,Delivered
ORD007255,CUST05528,2024-08-08,Net Banking,Delivered
ORD007256,CUST11002,2024-06-23,Debit Card,Delivered
ORD007257,CUST10019,2025-04-21,Credit Card,Delivered
ORD007258,CUST09341,2025-06-21,Credit Card,Returned
ORD007259,CUST07944,2026-06-23,Credit Card,Delivered
ORD007260,CUST03785,2025-08-25,Debit Card,Delivered
ORD007261,CUST04380,2025-01-13,COD,Pending
ORD007262,CUST06582,2025-01-30,COD,Delivered
ORD007263,CUST06014,2025-06-11,Credit Card,Delivered
ORD007264,CUST00872,2026-03-25,Debit Card,Delivered
ORD007265,CUST08236,2024-02-25,Debit Card,Delivered
ORD007266,CUST11786,2026-04-13,Net Banking,Delivered
ORD007267,CUST06520,2025-07-16,Net Banking,Delivered
ORD007268,CUST10415,2025-05-01,COD,Delivered
ORD007269,CUST10627,2024-10-09,COD,Delivered
ORD007270,CUST07322,2025-04-01,COD,Delivered
ORD007271,CUST04703,2025-09-13,Credit Card,Delivered
ORD007272,CUST00002,2024-03-06,Credit Card,Delivered
ORD007273,CUST10701,2025-07-27,Net Banking,Delivered
ORD007274,CUST06892,2024-03-11,COD,Cancelled
ORD007275,CUST04494,2026-06-22,COD,Delivered
ORD007276,CUST11596,2025-11-08,Net Banking,Delivered
ORD007277,CUST00597,2025-06-01,Credit Card,Delivered
ORD007278,CUST07036,2025-09-23,Credit Card,Delivered
ORD007279,CUST06518,2025-07-24,Net Banking,Delivered
ORD007280,CUST01790,2026-02-25,Debit Card,Delivered
ORD007281,CUST03805,2025-08-13,UPI,Delivered
ORD007282,CUST09977,2026-08-09,UPI,Delivered
ORD007283,CUST11262,2024-08-24,Net Banking,Cancelled
ORD007284,CUST07213,2024-06-04,Debit Card,Delivered
ORD007285,CUST04067,2024-05-17,Net Banking,Delivered
ORD007286,CUST04911,2024-06-21,COD,Delivered
ORD007287,CUST05652,2026-05-12,Debit Card,Delivered
ORD007288,CUST02172,2025-12-05,COD,Returned
ORD007289,CUST04669,2024-06-26,Net Banking,Delivered
ORD007290,CUST07424,2025-02-19,Credit Card,Cancelled
ORD007291,CUST05836,2026-08-14,COD,Delivered
ORD007292,CUST08709,2024-05-23,Credit Card,Delivered
ORD007293,CUST00314,2026-06-20,Credit Card,Returned
ORD007294,CUST01361,2025-03-25,Net Banking,Delivered
ORD007295,CUST02125,2026-04-09,Net Banking,Delivered
ORD007296,CUST00828,2026-01-15,UPI,Delivered
ORD007297,CUST01677,2024-11-17,COD,Delivered
ORD007298,CUST10340,2026-08-20,Credit Card,Pending
ORD007299,CUST04392,2025-10-20,COD,Delivered
ORD007300,CUST03779,2026-02-10,COD,Delivered
ORD007301,CUST11956,2025-01-11,Net Banking,Delivered
ORD007302,CUST11522,2025-07-08,COD,Delivered
ORD007303,CUST01461,2024-05-25,UPI,Delivered
ORD007304,CUST02755,2025-09-14,Debit Card,Pending
ORD007305,CUST05771,2024-06-22,Credit Card,Delivered
ORD007306,CUST10763,2026-05-26,Debit Card,Delivered
ORD007307,CUST08970,2026-01-27,Debit Card,Delivered
ORD007308,CUST01564,2026-03-24,Credit Card,Cancelled
ORD007309,CUST05239,2025-12-25,Debit Card,Delivered
ORD007310,CUST08587,2026-07-05,COD,Delivered
ORD007311,CUST09713,2025-09-06,Net Banking,Delivered
ORD007312,CUST01273,2024-06-06,UPI,Delivered
ORD007313,CUST05127,2025-12-04,UPI,Cancelled
ORD007314,CUST05533,2025-07-06,COD,Delivered
ORD007315,CUST05057,2025-02-04,Net Banking,Delivered
ORD007316,CUST08847,2024-05-12,Net Banking,Delivered
ORD007317,CUST11783,2024-01-05,Debit Card,Cancelled
ORD007318,CUST01476,2026-06-03,UPI,Returned
ORD007319,CUST10807,2025-12-13,UPI,Delivered
ORD007320,CUST06019,2024-03-15,UPI,Delivered
ORD007321,CUST07188,2026-08-01,Credit Card,Delivered
ORD007322,CUST01916,2026-06-14,UPI,Delivered
ORD007323,CUST08195,2024-12-25,Credit Card,Delivered
ORD007324,CUST00413,2025-04-06,COD,Delivered
ORD007325,CUST04116,2025-09-23,Credit Card,Delivered
ORD007326,CUST04092,2025-07-03,Credit Card,Delivered
ORD007327,CUST04541,2026-02-12,Net Banking,Delivered
ORD007328,CUST01370,2025-11-28,Debit Card,Delivered
ORD007329,CUST09946,2026-02-20,Net Banking,Delivered
ORD007330,CUST06821,2026-08-25,UPI,Delivered
ORD007331,CUST03412,2026-01-03,Net Banking,Delivered
ORD007332,CUST05171,2026-08-12,Debit Card,Pending
ORD007333,CUST10613,2025-03-24,Credit Card,Delivered
ORD007334,CUST10922,2024-12-10,Credit Card,Cancelled
ORD007335,CUST08545,2025-06-08,COD,Cancelled
ORD007336,CUST08670,2025-10-28,COD,Delivered
ORD007337,CUST02292,2026-07-09,Debit Card,Delivered
ORD007338,CUST05677,2025-11-26,Debit Card,Delivered
ORD007339,CUST04823,2024-03-08,Net Banking,Delivered
ORD007340,CUST07583,2025-11-29,Debit Card,Delivered
ORD007341,CUST07191,2024-08-26,Net Banking,Delivered
ORD007342,CUST02101,2026-02-01,COD,Delivered
ORD007343,CUST05162,2024-04-04,Net Banking,Delivered
ORD007344,CUST11940,2025-11-19,Net Banking,Delivered
ORD007345,CUST11880,2025-06-13,COD,Delivered
ORD007346,CUST11121,2024-07-21,UPI,Delivered
ORD007347,CUST04949,2026-04-23,Debit Card,Delivered
ORD007348,CUST11418,2024-01-03,Credit Card,Delivered
ORD007349,CUST01351,2024-07-25,COD,Delivered
ORD007350,CUST00373,2025-07-22,Net Banking,Returned
ORD007351,CUST06699,2026-06-20,Credit Card,Delivered
ORD007352,CUST01490,2024-11-20,Debit Card,Delivered
ORD007353,CUST04998,2026-03-09,Credit Card,Cancelled
ORD007354,CUST11830,2026-02-14,Credit Card,Delivered
ORD007355,CUST02868,2025-06-05,Debit Card,Delivered
ORD007356,CUST03566,2024-01-03,Net Banking,Cancelled
ORD007357,CUST09666,2024-01-12,Net Banking,Delivered
ORD007358,CUST09840,2026-05-09,UPI,Returned
ORD007359,CUST01023,2025-04-04,Net Banking,Delivered
ORD007360,CUST05224,2025-09-09,UPI,Returned
ORD007361,CUST10415,2024-12-15,COD,Delivered
ORD007362,CUST09284,2026-02-25,Debit Card,Delivered
ORD007363,CUST05645,2026-07-05,UPI,Delivered
ORD007364,CUST11038,2024-07-27,Debit Card,Delivered
ORD007365,CUST10732,2024-01-14,Credit Card,Returned
ORD007366,CUST02380,2024-04-12,Debit Card,Delivered
ORD007367,CUST07467,2026-01-24,Debit Card,Delivered
ORD007368,CUST07024,2024-11-26,Debit Card,Delivered
ORD007369,CUST11307,2025-06-24,Credit Card,Delivered
ORD007370,CUST05764,2026-05-31,Net Banking,Pending
ORD007371,CUST05212,2024-09-19,UPI,Delivered
ORD007372,CUST00490,2024-02-18,COD,Delivered
ORD007373,CUST02592,2025-12-05,Debit Card,Pending
ORD007374,CUST03981,2025-05-03,Debit Card,Delivered
ORD007375,CUST00036,2024-09-19,UPI,Delivered
ORD007376,CUST01306,2025-02-01,UPI,Delivered
ORD007377,CUST07373,2026-02-22,Credit Card,Delivered
ORD007378,CUST07830,2025-09-02,UPI,Returned
ORD007379,CUST02699,2025-10-17,Credit Card,Delivered
ORD007380,CUST02841,2026-05-02,Net Banking,Returned
ORD007381,CUST06991,2026-06-27,Credit Card,Delivered
ORD007382,CUST08365,2024-12-03,Debit Card,Delivered
ORD007383,CUST09892,2025-02-16,COD,Delivered
ORD007384,CUST03490,2025-04-13,Debit Card,Delivered
ORD007385,CUST06432,2026-04-20,Credit Card,Returned
ORD007386,CUST03174,2025-01-12,Debit Card,Cancelled
ORD007387,CUST00665,2025-01-15,Net Banking,Returned
ORD007388,CUST02499,2024-03-01,Net Banking,Delivered
ORD007389,CUST10228,2026-07-21,COD,Pending
ORD007390,CUST00121,2024-12-30,COD,Delivered
ORD007391,CUST01081,2026-02-23,Net Banking,Pending
ORD007392,CUST02287,2024-10-13,Net Banking,Delivered
ORD007393,CUST01437,2025-07-24,Debit Card,Delivered
ORD007394,CUST08213,2025-08-22,Net Banking,Returned
ORD007395,CUST09045,2026-05-28,Credit Card,Delivered
ORD007396,CUST03605,2025-03-06,Debit Card,Delivered
ORD007397,CUST07111,2026-02-12,UPI,Delivered
ORD007398,CUST11183,2026-03-10,COD,Delivered
ORD007399,CUST07466,2024-10-13,COD,Delivered
ORD007400,CUST06155,2025-02-05,COD,Cancelled
ORD007401,CUST11255,2026-02-01,Debit Card,Delivered
ORD007402,CUST03642,2026-06-04,Net Banking,Returned
ORD007403,CUST06498,2024-08-27,Credit Card,Delivered
ORD007404,CUST10190,2024-01-09,UPI,Pending
ORD007405,CUST03824,2025-05-29,COD,Delivered
ORD007406,CUST01945,2025-09-29,Debit Card,Delivered
ORD007407,CUST01218,2025-08-05,Credit Card,Delivered
ORD007408,CUST07020,2025-02-13,Net Banking,Delivered
ORD007409,CUST01010,2026-06-27,UPI,Cancelled
ORD007410,CUST10914,2025-11-04,COD,Delivered
ORD007411,CUST06446,2024-10-25,Net Banking,Returned
ORD007412,CUST05142,2026-01-02,Debit Card,Delivered
ORD007413,CUST08016,2025-11-03,COD,Delivered
ORD007414,CUST02695,2024-11-20,Debit Card,Delivered
ORD007415,CUST06130,2025-11-06,Net Banking,Cancelled
ORD007416,CUST08209,2025-08-13,UPI,Delivered
ORD007417,CUST03843,2025-09-24,COD,Delivered
ORD007418,CUST02444,2024-07-20,COD,Delivered
ORD007419,CUST03148,2026-04-15,Credit Card,Pending
ORD007420,CUST08395,2026-05-18,COD,Delivered
ORD007421,CUST08425,2025-01-17,Credit Card,Delivered
ORD007422,CUST08979,2024-02-16,Net Banking,Delivered
ORD007423,CUST01773,2026-08-14,Net Banking,Delivered
ORD007424,CUST00096,2024-08-16,UPI,Pending
ORD007425,CUST08466,2026-03-23,Net Banking,Cancelled
ORD007426,CUST07940,2024-12-23,UPI,Returned
ORD007427,CUST03990,2025-08-30,Debit Card,Delivered
ORD007428,CUST09592,2025-12-28,Credit Card,Delivered
ORD007429,CUST10213,2024-12-05,Debit Card,Delivered
ORD007430,CUST11763,2026-08-01,UPI,Delivered
ORD007431,CUST10416,2024-02-10,COD,Delivered
ORD007432,CUST07878,2026-07-22,Credit Card,Delivered
ORD007433,CUST01944,2024-12-25,Debit Card,Delivered
ORD007434,CUST02093,2024-11-19,Debit Card,Delivered
ORD007435,CUST05499,2024-07-21,Debit Card,Returned
ORD007436,CUST01885,2024-09-23,Net Banking,Delivered
ORD007437,CUST05002,2026-02-22,COD,Delivered
ORD007438,CUST04526,2025-09-08,Debit Card,Delivered
ORD007439,CUST08868,2024-03-05,Debit Card,Delivered
ORD007440,CUST01634,2025-04-25,Debit Card,Returned
ORD007441,CUST09523,2025-12-11,COD,Delivered
ORD007442,CUST11168,2025-03-26,Debit Card,Delivered
ORD007443,CUST01267,2026-04-18,Credit Card,Delivered
ORD007444,CUST00137,2025-05-27,Net Banking,Delivered
ORD007445,CUST05178,2024-08-12,Net Banking,Delivered
ORD007446,CUST09124,2025-03-30,Debit Card,Delivered
ORD007447,CUST01942,2024-01-04,COD,Delivered
ORD007448,CUST06925,2025-08-16,COD,Delivered
ORD007449,CUST08361,2024-09-01,UPI,Delivered
ORD007450,CUST08654,2025-07-02,UPI,Returned
ORD007451,CUST04506,2025-02-01,Credit Card,Delivered
ORD007452,CUST08056,2024-08-31,Credit Card,Cancelled
ORD007453,CUST07552,2026-04-26,COD,Cancelled
ORD007454,CUST11709,2026-03-03,Credit Card,Delivered
ORD007455,CUST08748,2026-04-29,UPI,Delivered
ORD007456,CUST06617,2025-10-05,COD,Delivered
ORD007457,CUST08790,2026-08-19,UPI,Delivered
ORD007458,CUST11038,2024-06-19,Debit Card,Delivered
ORD007459,CUST06733,2024-01-26,Debit Card,Delivered
ORD007460,CUST01266,2024-07-30,Credit Card,Delivered
ORD007461,CUST04005,2025-10-16,UPI,Delivered
ORD007462,CUST09018,2026-06-20,COD,Delivered
ORD007463,CUST10067,2024-06-13,COD,Delivered
ORD007464,CUST09891,2025-09-30,Credit Card,Delivered
ORD007465,CUST01532,2026-07-27,UPI,Pending
ORD007466,CUST03761,2024-02-11,Credit Card,Delivered
ORD007467,CUST05819,2026-02-19,COD,Returned
ORD007468,CUST00244,2025-10-17,Debit Card,Delivered
ORD007469,CUST02269,2025-07-07,UPI,Returned
ORD007470,CUST07303,2024-02-07,Credit Card,Delivered
ORD007471,CUST00035,2026-04-13,Debit Card,Delivered
ORD007472,CUST09383,2025-12-05,Net Banking,Delivered
ORD007473,CUST07430,2025-10-06,UPI,Delivered
ORD007474,CUST05454,2025-06-25,COD,Delivered
ORD007475,CUST10972,2025-08-29,COD,Pending
ORD007476,CUST05230,2025-03-02,Net Banking,Delivered
ORD007477,CUST10651,2024-02-01,UPI,Returned
ORD007478,CUST09174,2025-03-26,Credit Card,Delivered
ORD007479,CUST01419,2024-07-13,UPI,Cancelled
ORD007480,CUST00009,2024-10-24,UPI,Delivered
ORD007481,CUST05002,2025-01-16,Net Banking,Delivered
ORD007482,CUST03254,2025-05-31,COD,Delivered
ORD007483,CUST03115,2025-04-27,Debit Card,Delivered
ORD007484,CUST03704,2025-08-30,COD,Delivered
ORD007485,CUST00113,2025-11-29,UPI,Returned
ORD007486,CUST09134,2024-10-05,COD,Delivered
ORD007487,CUST01343,2024-08-17,Net Banking,Delivered
ORD007488,CUST01457,2025-05-26,Debit Card,Delivered
ORD007489,CUST00766,2024-12-27,Debit Card,Delivered
ORD007490,CUST04327,2025-01-26,Credit Card,Delivered
ORD007491,CUST07135,2026-08-21,COD,Returned
ORD007492,CUST07103,2024-11-21,COD,Delivered
ORD007493,CUST11400,2025-12-31,Net Banking,Delivered
ORD007494,CUST00680,2024-10-01,COD,Delivered
ORD007495,CUST07100,2024-04-15,Net Banking,Delivered
ORD007496,CUST10655,2025-03-03,Credit Card,Delivered
ORD007497,CUST06023,2026-01-17,UPI,Delivered
ORD007498,CUST07934,2025-05-17,COD,Delivered
ORD007499,CUST05037,2026-05-10,UPI,Returned
ORD007500,CUST02095,2026-03-16,Credit Card,Delivered
ORD007501,CUST07310,2026-07-28,COD,Delivered
ORD007502,CUST09301,2025-01-24,COD,Delivered
ORD007503,CUST02479,2024-09-15,UPI,Cancelled
ORD007504,CUST02141,2025-05-10,Credit Card,Delivered
ORD007505,CUST03502,2025-08-14,Credit Card,Delivered
ORD007506,CUST11693,2026-02-04,UPI,Delivered
ORD007507,CUST08351,2025-02-20,UPI,Delivered
ORD007508,CUST05684,2026-02-06,COD,Delivered
ORD007509,CUST09087,2025-07-31,Credit Card,Pending
ORD007510,CUST09988,2025-01-16,Debit Card,Delivered
ORD007511,CUST04214,2026-05-24,Credit Card,Delivered
ORD007512,CUST07726,2026-04-05,COD,Delivered
ORD007513,CUST04253,2025-02-13,UPI,Delivered
ORD007514,CUST03505,2025-09-02,COD,Delivered
ORD007515,CUST07361,2024-10-10,Debit Card,Delivered
ORD007516,CUST11872,2024-06-19,Credit Card,Delivered
ORD007517,CUST00257,2026-01-22,Debit Card,Delivered
ORD007518,CUST01860,2025-08-09,Credit Card,Delivered
ORD007519,CUST02047,2025-09-13,COD,Delivered
ORD007520,CUST10708,2025-12-28,Debit Card,Delivered
ORD007521,CUST02747,2025-06-11,COD,Delivered
ORD007522,CUST07400,2024-03-29,COD,Delivered
ORD007523,CUST02814,2026-03-01,COD,Delivered
ORD007524,CUST08613,2024-07-05,Debit Card,Delivered
ORD007525,CUST04474,2024-12-24,Credit Card,Delivered
ORD007526,CUST03764,2024-10-17,COD,Delivered
ORD007527,CUST07926,2024-08-04,COD,Delivered
ORD007528,CUST02690,2025-09-28,UPI,Delivered
ORD007529,CUST01045,2024-06-17,UPI,Delivered
ORD007530,CUST04893,2025-01-07,Debit Card,Delivered
ORD007531,CUST09292,2025-05-01,Net Banking,Delivered
ORD007532,CUST08169,2024-12-30,COD,Delivered
ORD007533,CUST07840,2024-12-18,Debit Card,Delivered
ORD007534,CUST05801,2025-02-09,Credit Card,Returned
ORD007535,CUST08982,2025-08-08,Debit Card,Delivered
ORD007536,CUST08676,2025-01-19,COD,Delivered
ORD007537,CUST11577,2024-02-15,Credit Card,Delivered
ORD007538,CUST10760,2026-05-19,UPI,Delivered
ORD007539,CUST11420,2024-10-04,COD,Delivered
ORD007540,CUST06969,2024-10-14,UPI,Pending
ORD007541,CUST01205,2025-12-27,COD,Delivered
ORD007542,CUST08144,2025-10-31,Credit Card,Delivered
ORD007543,CUST04849,2024-03-27,COD,Delivered
ORD007544,CUST07697,2026-03-21,COD,Delivered
ORD007545,CUST08755,2025-09-14,Debit Card,Delivered
ORD007546,CUST07047,2024-01-12,Net Banking,Delivered
ORD007547,CUST04029,2024-12-04,Debit Card,Delivered
ORD007548,CUST03044,2025-03-30,Net Banking,Delivered
ORD007549,CUST11252,2025-02-14,Net Banking,Delivered
ORD007550,CUST11830,2026-07-10,Credit Card,Delivered
ORD007551,CUST01852,2024-05-25,COD,Delivered
ORD007552,CUST09772,2024-04-01,UPI,Delivered
ORD007553,CUST01357,2026-04-22,COD,Delivered
ORD007554,CUST07913,2026-08-19,Net Banking,Delivered
ORD007555,CUST11173,2025-08-15,Net Banking,Delivered
ORD007556,CUST04027,2025-12-01,Credit Card,Delivered
ORD007557,CUST11325,2025-11-16,Debit Card,Delivered
ORD007558,CUST09032,2025-06-24,Net Banking,Delivered
ORD007559,CUST01044,2025-11-02,Net Banking,Delivered
ORD007560,CUST05036,2026-01-23,Debit Card,Delivered
ORD007561,CUST00688,2025-10-16,UPI,Delivered
ORD007562,CUST05450,2025-11-30,Debit Card,Delivered
ORD007563,CUST09103,2024-07-28,Debit Card,Delivered
ORD007564,CUST08396,2024-06-04,Debit Card,Delivered
ORD007565,CUST09656,2025-02-14,Net Banking,Delivered
ORD007566,CUST05304,2024-06-17,UPI,Delivered
ORD007567,CUST03118,2025-09-18,Credit Card,Cancelled
ORD007568,CUST04537,2026-03-25,Credit Card,Delivered
ORD007569,CUST02602,2024-10-15,Credit Card,Delivered
ORD007570,CUST11710,2024-10-26,COD,Pending
ORD007571,CUST02056,2025-07-15,COD,Returned
ORD007572,CUST00014,2024-09-22,Credit Card,Delivered
ORD007573,CUST00794,2025-02-11,UPI,Delivered
ORD007574,CUST02150,2025-09-25,Debit Card,Delivered
ORD007575,CUST05149,2026-03-12,Debit Card,Pending
ORD007576,CUST06847,2026-05-24,Net Banking,Delivered
ORD007577,CUST01805,2026-05-08,Net Banking,Returned
ORD007578,CUST05078,2024-01-20,Net Banking,Delivered
ORD007579,CUST02029,2024-08-20,Debit Card,Returned
ORD007580,CUST10210,2026-03-03,COD,Delivered
ORD007581,CUST04539,2024-02-24,COD,Pending
ORD007582,CUST11480,2024-08-28,Credit Card,Delivered
ORD007583,CUST00760,2024-08-05,Net Banking,Delivered
ORD007584,CUST03861,2025-03-02,COD,Cancelled
ORD007585,CUST07519,2026-08-06,Net Banking,Cancelled
ORD007586,CUST01642,2025-12-25,Debit Card,Returned
ORD007587,CUST07192,2025-11-20,UPI,Delivered
ORD007588,CUST01813,2024-02-24,Net Banking,Delivered
ORD007589,CUST01817,2026-06-27,Credit Card,Delivered
ORD007590,CUST01826,2024-06-25,UPI,Delivered
ORD007591,CUST03186,2025-04-25,UPI,Cancelled
ORD007592,CUST00562,2024-05-03,COD,Delivered
ORD007593,CUST00238,2025-10-11,UPI,Delivered
ORD007594,CUST05979,2026-05-09,Credit Card,Delivered
ORD007595,CUST11326,2024-09-23,COD,Returned
ORD007596,CUST09053,2025-01-12,UPI,Delivered
ORD007597,CUST05834,2025-09-22,UPI,Returned
ORD007598,CUST07468,2024-07-24,Credit Card,Delivered
ORD007599,CUST02208,2025-08-18,COD,Delivered
ORD007600,CUST05558,2026-05-17,COD,Delivered
ORD007601,CUST11665,2026-01-14,UPI,Delivered
ORD007602,CUST05004,2024-01-20,Credit Card,Returned
ORD007603,CUST02650,2024-03-12,Debit Card,Delivered
ORD007604,CUST05315,2026-04-26,Credit Card,Delivered
ORD007605,CUST04714,2025-08-17,UPI,Returned
ORD007606,CUST05579,2026-03-26,UPI,Delivered
ORD007607,CUST08263,2024-03-16,Debit Card,Delivered
ORD007608,CUST07066,2026-07-01,Debit Card,Delivered
ORD007609,CUST11109,2024-10-15,COD,Delivered
ORD007610,CUST11681,2024-08-30,UPI,Delivered
ORD007611,CUST05616,2024-10-02,COD,Delivered
ORD007612,CUST06176,2025-03-05,UPI,Delivered
ORD007613,CUST07846,2024-10-13,Credit Card,Delivered
ORD007614,CUST01236,2025-09-05,Net Banking,Delivered
ORD007615,CUST04943,2026-08-04,COD,Delivered
ORD007616,CUST00463,2024-04-29,COD,Delivered
ORD007617,CUST06391,2024-09-04,COD,Delivered
ORD007618,CUST03801,2024-12-04,Net Banking,Delivered
ORD007619,CUST05830,2026-02-25,Net Banking,Delivered
ORD007620,CUST06477,2024-11-13,Debit Card,Delivered
ORD007621,CUST05195,2026-07-28,UPI,Pending
ORD007622,CUST09306,2025-12-17,Credit Card,Delivered
ORD007623,CUST02841,2025-11-08,COD,Delivered
ORD007624,CUST00052,2026-03-27,Debit Card,Delivered
ORD007625,CUST07180,2024-11-16,COD,Delivered
ORD007626,CUST05769,2024-09-23,UPI,Delivered
ORD007627,CUST09508,2024-10-09,Net Banking,Delivered
ORD007628,CUST10377,2025-04-29,UPI,Delivered
ORD007629,CUST03169,2025-07-23,UPI,Delivered
ORD007630,CUST07080,2024-08-18,UPI,Delivered
ORD007631,CUST10402,2026-08-17,Debit Card,Delivered
ORD007632,CUST05208,2024-07-11,UPI,Delivered
ORD007633,CUST05173,2025-06-10,UPI,Delivered
ORD007634,CUST10349,2026-04-29,UPI,Delivered
ORD007635,CUST04961,2024-12-10,Credit Card,Delivered
ORD007636,CUST03233,2024-09-13,Debit Card,Delivered
ORD007637,CUST03357,2025-06-14,Debit Card,Delivered
ORD007638,CUST04006,2024-07-02,Credit Card,Delivered
ORD007639,CUST07984,2025-12-04,Debit Card,Returned
ORD007640,CUST00973,2026-03-12,COD,Delivered
ORD007641,CUST09019,2025-07-29,Debit Card,Delivered
ORD007642,CUST00318,2026-02-16,Debit Card,Delivered
ORD007643,CUST00767,2026-04-23,UPI,Delivered
ORD007644,CUST02479,2024-07-06,Credit Card,Returned
ORD007645,CUST03899,2025-11-09,Net Banking,Delivered
ORD007646,CUST02434,2026-01-18,UPI,Delivered
ORD007647,CUST05721,2024-03-06,COD,Delivered
ORD007648,CUST01018,2024-10-14,Debit Card,Delivered
ORD007649,CUST06681,2024-02-20,UPI,Delivered
ORD007650,CUST11220,2026-03-04,Net Banking,Returned
ORD007651,CUST10620,2025-07-22,COD,Delivered
ORD007652,CUST02162,2024-03-24,Debit Card,Delivered
ORD007653,CUST06020,2024-07-06,Debit Card,Cancelled
ORD007654,CUST07112,2024-07-01,Net Banking,Delivered
ORD007655,CUST03042,2026-02-12,Net Banking,Delivered
ORD007656,CUST04354,2025-05-17,Net Banking,Returned
ORD007657,CUST10743,2025-06-02,COD,Pending
ORD007658,CUST06099,2026-08-19,COD,Delivered
ORD007659,CUST04956,2024-12-02,UPI,Cancelled
ORD007660,CUST09506,2024-06-02,Net Banking,Delivered
ORD007661,CUST01705,2024-04-27,Debit Card,Returned
ORD007662,CUST00262,2024-12-16,Credit Card,Cancelled
ORD007663,CUST06684,2025-09-22,Debit Card,Delivered
ORD007664,CUST01160,2024-12-19,Net Banking,Cancelled
ORD007665,CUST01665,2024-07-28,Debit Card,Delivered
ORD007666,CUST09552,2024-08-20,UPI,Delivered
ORD007667,CUST02003,2024-05-03,Net Banking,Delivered
ORD007668,CUST07442,2025-08-12,COD,Delivered
ORD007669,CUST02270,2024-05-12,Credit Card,Delivered
ORD007670,CUST05456,2024-08-02,Net Banking,Cancelled
ORD007671,CUST11233,2026-02-06,Debit Card,Delivered
ORD007672,CUST09168,2024-01-01,Debit Card,Delivered
ORD007673,CUST09739,2024-12-05,Net Banking,Delivered
ORD007674,CUST10126,2025-01-20,COD,Delivered
ORD007675,CUST01764,2024-08-22,COD,Delivered
ORD007676,CUST11798,2025-09-28,Net Banking,Delivered
ORD007677,CUST10455,2025-09-04,Debit Card,Delivered
ORD007678,CUST00415,2025-07-30,Debit Card,Delivered
ORD007679,CUST07571,2026-02-16,COD,Delivered
ORD007680,CUST08819,2024-09-03,Debit Card,Pending
ORD007681,CUST06529,2024-06-26,Credit Card,Pending
ORD007682,CUST04035,2024-11-02,Credit Card,Returned
ORD007683,CUST06088,2026-04-16,Credit Card,Delivered
ORD007684,CUST00653,2024-10-23,Credit Card,Delivered
ORD007685,CUST00513,2025-03-17,UPI,Delivered
ORD007686,CUST11805,2024-03-17,Credit Card,Delivered
ORD007687,CUST02445,2025-08-02,UPI,Returned
ORD007688,CUST09002,2026-03-02,Debit Card,Delivered
ORD007689,CUST02910,2025-09-15,COD,Cancelled
ORD007690,CUST10914,2025-04-19,Credit Card,Delivered
ORD007691,CUST08695,2024-11-07,Credit Card,Pending
ORD007692,CUST08232,2025-01-12,Credit Card,Delivered
ORD007693,CUST11203,2024-08-15,UPI,Delivered
ORD007694,CUST00222,2026-01-16,Credit Card,Cancelled
ORD007695,CUST07095,2026-03-14,UPI,Delivered
ORD007696,CUST09658,2026-02-08,Credit Card,Delivered
ORD007697,CUST11828,2025-04-24,COD,Delivered
ORD007698,CUST08162,2025-07-21,Credit Card,Delivered
ORD007699,CUST01028,2026-02-18,UPI,Delivered
ORD007700,CUST06064,2025-01-30,COD,Delivered
ORD007701,CUST09672,2024-12-06,Debit Card,Delivered
ORD007702,CUST07023,2024-03-12,Debit Card,Delivered
ORD007703,CUST05104,2025-02-09,COD,Delivered
ORD007704,CUST01042,2025-04-02,Debit Card,Delivered
ORD007705,CUST05462,2025-12-24,COD,Delivered
ORD007706,CUST01907,2024-03-02,Credit Card,Delivered
ORD007707,CUST11022,2025-05-19,Debit Card,Delivered
ORD007708,CUST07091,2025-03-23,Net Banking,Cancelled
ORD007709,CUST03446,2024-01-28,Net Banking,Delivered
ORD007710,CUST11630,2026-05-06,COD,Delivered
ORD007711,CUST10339,2025-05-11,Net Banking,Delivered
ORD007712,CUST07982,2025-10-29,COD,Delivered
ORD007713,CUST07874,2025-05-30,Debit Card,Delivered
ORD007714,CUST06973,2025-03-04,COD,Delivered
ORD007715,CUST00898,2026-05-07,COD,Returned
ORD007716,CUST03491,2025-01-31,Credit Card,Delivered
ORD007717,CUST03910,2025-08-17,Debit Card,Delivered
ORD007718,CUST07620,2024-04-07,COD,Delivered
ORD007719,CUST00577,2025-05-07,Debit Card,Delivered
ORD007720,CUST06191,2025-04-08,Net Banking,Delivered
ORD007721,CUST05338,2026-01-18,COD,Delivered
ORD007722,CUST01245,2024-09-16,Net Banking,Delivered
ORD007723,CUST03083,2026-08-14,Credit Card,Delivered
ORD007724,CUST00190,2024-03-24,Credit Card,Delivered
ORD007725,CUST07044,2026-05-22,Debit Card,Cancelled
ORD007726,CUST06050,2026-07-10,Credit Card,Delivered
ORD007727,CUST06751,2024-04-17,COD,Delivered
ORD007728,CUST06474,2024-12-23,Debit Card,Delivered
ORD007729,CUST07349,2024-12-15,Net Banking,Delivered
ORD007730,CUST11259,2025-10-07,UPI,Delivered
ORD007731,CUST11548,2026-01-11,Credit Card,Delivered
ORD007732,CUST04631,2026-04-24,COD,Returned
ORD007733,CUST01073,2025-09-21,Net Banking,Delivered
ORD007734,CUST08925,2025-03-15,UPI,Delivered
ORD007735,CUST11853,2025-08-15,Debit Card,Delivered
ORD007736,CUST03695,2025-10-28,COD,Returned
ORD007737,CUST10394,2024-10-17,UPI,Delivered
ORD007738,CUST04241,2026-01-13,COD,Delivered
ORD007739,CUST05419,2025-04-25,Net Banking,Delivered
ORD007740,CUST01633,2024-07-28,Net Banking,Delivered
ORD007741,CUST01339,2025-11-28,Credit Card,Delivered
ORD007742,CUST00726,2026-05-01,Net Banking,Delivered
ORD007743,CUST02586,2025-12-03,Debit Card,Delivered
ORD007744,CUST09950,2024-04-24,Debit Card,Delivered
ORD007745,CUST11158,2025-02-20,COD,Delivered
ORD007746,CUST04440,2026-05-12,Debit Card,Delivered
ORD007747,CUST05050,2024-04-10,Net Banking,Delivered
ORD007748,CUST07197,2025-01-11,UPI,Delivered
ORD007749,CUST05235,2026-04-30,Debit Card,Delivered
ORD007750,CUST01290,2024-12-18,Net Banking,Cancelled
ORD007751,CUST00482,2025-08-15,Net Banking,Delivered
ORD007752,CUST05230,2024-02-02,COD,Delivered
ORD007753,CUST11929,2025-09-03,COD,Delivered
ORD007754,CUST08597,2024-11-20,Debit Card,Pending
ORD007755,CUST03702,2025-07-05,Debit Card,Delivered
ORD007756,CUST05755,2024-09-06,Net Banking,Delivered
ORD007757,CUST04007,2025-07-12,Debit Card,Delivered
ORD007758,CUST08909,2026-06-13,UPI,Delivered
ORD007759,CUST01858,2025-11-15,Credit Card,Delivered
ORD007760,CUST02811,2024-10-09,Credit Card,Delivered
ORD007761,CUST05254,2024-05-14,Net Banking,Delivered
ORD007762,CUST06657,2025-03-17,Credit Card,Cancelled
ORD007763,CUST11769,2025-06-09,Net Banking,Delivered
ORD007764,CUST08476,2026-06-18,Net Banking,Delivered
ORD007765,CUST10966,2025-09-17,UPI,Delivered
ORD007766,CUST08075,2025-12-22,COD,Delivered
ORD007767,CUST06055,2025-11-04,Debit Card,Cancelled
ORD007768,CUST00124,2025-01-03,UPI,Delivered
ORD007769,CUST07365,2026-04-27,COD,Delivered
ORD007770,CUST03474,2024-12-12,Net Banking,Delivered
ORD007771,CUST09748,2025-02-25,UPI,Delivered
ORD007772,CUST09548,2026-07-04,Net Banking,Pending
ORD007773,CUST11733,2025-07-11,Credit Card,Delivered
ORD007774,CUST05979,2024-05-26,Net Banking,Delivered
ORD007775,CUST02362,2025-10-02,Credit Card,Delivered
ORD007776,CUST10162,2024-08-23,Net Banking,Delivered
ORD007777,CUST08802,2025-10-24,Net Banking,Delivered
ORD007778,CUST10306,2025-03-21,COD,Delivered
ORD007779,CUST10599,2025-09-15,Net Banking,Delivered
ORD007780,CUST00126,2025-12-13,Net Banking,Delivered
ORD007781,CUST08924,2024-10-10,Net Banking,Cancelled
ORD007782,CUST07529,2026-05-01,Debit Card,Pending
ORD007783,CUST02331,2026-04-27,Debit Card,Delivered
ORD007784,CUST01622,2024-11-28,UPI,Cancelled
ORD007785,CUST08524,2025-02-20,COD,Delivered
ORD007786,CUST11008,2025-01-21,Debit Card,Returned
ORD007787,CUST11504,2025-12-19,UPI,Cancelled
ORD007788,CUST10609,2025-06-11,UPI,Delivered
ORD007789,CUST07102,2024-05-06,UPI,Delivered
ORD007790,CUST08961,2024-10-12,COD,Returned
ORD007791,CUST06789,2026-07-09,Credit Card,Delivered
ORD007792,CUST07088,2024-03-18,COD,Returned
ORD007793,CUST09861,2025-01-19,UPI,Delivered
ORD007794,CUST05191,2025-06-28,Net Banking,Delivered
ORD007795,CUST02330,2025-07-02,UPI,Pending
ORD007796,CUST06449,2024-06-05,Net Banking,Returned
ORD007797,CUST01862,2024-06-13,COD,Delivered
ORD007798,CUST01853,2024-07-07,Credit Card,Delivered
ORD007799,CUST00259,2024-01-08,Debit Card,Delivered
ORD007800,CUST07335,2026-02-07,Debit Card,Delivered
ORD007801,CUST03662,2024-11-14,Credit Card,Returned
ORD007802,CUST06833,2025-12-28,Net Banking,Delivered
ORD007803,CUST00532,2025-05-21,Net Banking,Delivered
ORD007804,CUST01466,2025-09-17,Credit Card,Pending
ORD007805,CUST00428,2025-12-05,Credit Card,Returned
ORD007806,CUST00137,2025-11-16,UPI,Returned
ORD007807,CUST06847,2026-07-27,COD,Delivered
ORD007808,CUST11770,2025-09-23,UPI,Delivered
ORD007809,CUST07430,2025-06-05,UPI,Delivered
ORD007810,CUST03686,2025-12-22,COD,Returned
ORD007811,CUST09004,2025-12-25,Debit Card,Delivered
ORD007812,CUST06149,2024-09-22,COD,Delivered
ORD007813,CUST07309,2024-03-02,Debit Card,Delivered
ORD007814,CUST01400,2024-03-26,COD,Returned
ORD007815,CUST03727,2026-08-04,Debit Card,Delivered
ORD007816,CUST03821,2025-07-10,Net Banking,Delivered
ORD007817,CUST02560,2024-07-19,Net Banking,Pending
ORD007818,CUST11127,2025-12-13,COD,Delivered
ORD007819,CUST04280,2025-09-07,Credit Card,Delivered
ORD007820,CUST01225,2026-03-23,Net Banking,Delivered
ORD007821,CUST08538,2025-05-01,COD,Delivered
ORD007822,CUST01054,2025-08-19,COD,Delivered
ORD007823,CUST08662,2025-11-28,Net Banking,Delivered
ORD007824,CUST02969,2024-04-04,COD,Returned
ORD007825,CUST06468,2025-12-06,Credit Card,Pending
ORD007826,CUST06428,2024-08-30,Debit Card,Delivered
ORD007827,CUST09206,2024-09-01,COD,Delivered
ORD007828,CUST11557,2025-06-19,Net Banking,Returned
ORD007829,CUST04169,2024-08-12,Credit Card,Delivered
ORD007830,CUST11515,2026-08-28,Credit Card,Delivered
ORD007831,CUST05247,2026-08-18,COD,Delivered
ORD007832,CUST09089,2025-11-25,UPI,Delivered
ORD007833,CUST02270,2024-04-22,Net Banking,Delivered
ORD007834,CUST08523,2025-11-21,Credit Card,Delivered
ORD007835,CUST06441,2024-07-18,Net Banking,Returned
ORD007836,CUST11959,2024-11-24,COD,Delivered
ORD007837,CUST00581,2026-02-27,COD,Delivered
ORD007838,CUST01495,2026-03-25,UPI,Delivered
ORD007839,CUST08147,2026-07-06,UPI,Delivered
ORD007840,CUST11765,2026-07-13,COD,Delivered
ORD007841,CUST11267,2024-10-22,Debit Card,Delivered
ORD007842,CUST00904,2025-10-04,Debit Card,Delivered
ORD007843,CUST06715,2025-03-08,Credit Card,Delivered
ORD007844,CUST01905,2024-10-07,UPI,Cancelled
ORD007845,CUST02852,2025-12-22,Credit Card,Delivered
ORD007846,CUST08887,2024-05-03,Net Banking,Delivered
ORD007847,CUST05965,2026-02-17,COD,Delivered
ORD007848,CUST09694,2024-04-03,COD,Delivered
ORD007849,CUST08361,2024-03-29,Debit Card,Delivered
ORD007850,CUST11338,2024-07-21,Credit Card,Delivered
ORD007851,CUST00571,2026-01-07,Credit Card,Delivered
ORD007852,CUST11806,2024-03-28,Net Banking,Pending
ORD007853,CUST10329,2026-03-26,Credit Card,Cancelled
ORD007854,CUST09534,2024-06-08,Net Banking,Delivered
ORD007855,CUST04166,2026-06-17,Credit Card,Delivered
ORD007856,CUST07668,2026-07-29,UPI,Delivered
ORD007857,CUST04965,2025-08-23,COD,Pending
ORD007858,CUST08145,2024-05-01,Net Banking,Delivered
ORD007859,CUST02660,2025-09-12,COD,Delivered
ORD007860,CUST09192,2024-10-02,COD,Delivered
ORD007861,CUST04192,2024-09-04,Credit Card,Delivered
ORD007862,CUST00790,2025-02-07,Credit Card,Delivered
ORD007863,CUST09591,2026-03-29,Net Banking,Delivered
ORD007864,CUST04449,2024-03-21,Debit Card,Delivered
ORD007865,CUST03606,2024-01-20,Debit Card,Delivered
ORD007866,CUST11108,2025-04-10,COD,Delivered
ORD007867,CUST04690,2026-06-07,Debit Card,Delivered
ORD007868,CUST00397,2025-06-09,UPI,Delivered
ORD007869,CUST01490,2024-08-13,Credit Card,Delivered
ORD007870,CUST08163,2026-04-27,COD,Delivered
ORD007871,CUST08082,2024-02-01,Credit Card,Delivered
ORD007872,CUST07242,2025-12-12,Debit Card,Delivered
ORD007873,CUST10234,2024-06-18,UPI,Delivered
ORD007874,CUST11330,2025-09-25,UPI,Delivered
ORD007875,CUST07584,2026-07-23,Net Banking,Delivered
ORD007876,CUST04603,2026-07-22,COD,Delivered
ORD007877,CUST05022,2025-12-04,UPI,Delivered
ORD007878,CUST08339,2024-01-04,COD,Cancelled
ORD007879,CUST00688,2024-08-14,COD,Delivered
ORD007880,CUST06240,2024-05-03,COD,Delivered
ORD007881,CUST05450,2024-08-07,Credit Card,Delivered
ORD007882,CUST06055,2025-12-03,COD,Delivered
ORD007883,CUST00683,2024-08-22,Debit Card,Delivered
ORD007884,CUST05523,2026-04-08,UPI,Pending
ORD007885,CUST08523,2025-05-04,Credit Card,Cancelled
ORD007886,CUST09383,2026-04-25,UPI,Cancelled
ORD007887,CUST03054,2026-06-19,Debit Card,Delivered
ORD007888,CUST03942,2024-07-12,Credit Card,Cancelled
ORD007889,CUST08150,2025-07-10,Net Banking,Delivered
ORD007890,CUST04923,2024-11-01,Debit Card,Delivered
ORD007891,CUST06894,2024-03-28,Net Banking,Delivered
ORD007892,CUST06238,2024-05-10,UPI,Delivered
ORD007893,CUST06494,2024-01-23,Debit Card,Delivered
ORD007894,CUST01263,2025-01-29,Net Banking,Delivered
ORD007895,CUST06066,2026-03-16,Net Banking,Delivered
ORD007896,CUST00203,2025-03-15,Credit Card,Cancelled
ORD007897,CUST04310,2026-07-19,Credit Card,Cancelled
ORD007898,CUST01290,2026-08-18,UPI,Delivered
ORD007899,CUST08299,2024-09-18,Debit Card,Delivered
ORD007900,CUST06518,2024-11-21,Net Banking,Delivered
ORD007901,CUST09487,2025-11-10,Debit Card,Delivered
ORD007902,CUST07484,2026-02-05,COD,Cancelled
ORD007903,CUST07203,2024-02-04,UPI,Delivered
ORD007904,CUST10787,2025-01-31,UPI,Delivered
ORD007905,CUST09217,2025-06-20,Credit Card,Delivered
ORD007906,CUST06703,2025-12-26,Net Banking,Delivered
ORD007907,CUST10175,2025-08-15,Debit Card,Delivered
ORD007908,CUST05231,2026-08-31,Net Banking,Delivered
ORD007909,CUST01269,2024-11-18,UPI,Delivered
ORD007910,CUST01298,2025-08-02,Net Banking,Delivered
ORD007911,CUST07194,2026-05-16,UPI,Returned
ORD007912,CUST00316,2026-06-04,COD,Returned
ORD007913,CUST08745,2026-07-31,Net Banking,Cancelled
ORD007914,CUST02770,2026-04-02,UPI,Delivered
ORD007915,CUST09259,2026-01-01,Net Banking,Cancelled
ORD007916,CUST02002,2025-11-13,Net Banking,Delivered
ORD007917,CUST10976,2025-05-28,Debit Card,Delivered
ORD007918,CUST11558,2024-02-14,Net Banking,Delivered
ORD007919,CUST09466,2025-11-18,Net Banking,Delivered
ORD007920,CUST07835,2024-03-02,Net Banking,Returned
ORD007921,CUST05809,2026-07-22,UPI,Delivered
ORD007922,CUST07480,2025-07-12,UPI,Delivered
ORD007923,CUST10929,2025-05-30,Net Banking,Returned
ORD007924,CUST06569,2025-11-30,COD,Delivered
ORD007925,CUST11452,2026-01-20,Net Banking,Delivered
ORD007926,CUST03967,2024-02-18,Net Banking,Delivered
ORD007927,CUST04451,2024-03-16,UPI,Cancelled
ORD007928,CUST00599,2025-06-29,Credit Card,Delivered
ORD007929,CUST00312,2026-03-22,Credit Card,Delivered
ORD007930,CUST11980,2026-01-14,Net Banking,Delivered
ORD007931,CUST09662,2026-05-11,COD,Delivered
ORD007932,CUST10869,2026-05-02,Debit Card,Delivered
ORD007933,CUST02622,2024-02-25,UPI,Delivered
ORD007934,CUST04708,2024-10-24,Debit Card,Delivered
ORD007935,CUST09898,2026-03-28,Debit Card,Cancelled
ORD007936,CUST03958,2024-07-15,COD,Returned
ORD007937,CUST01180,2024-10-15,COD,Delivered
ORD007938,CUST07205,2024-08-13,Credit Card,Delivered
ORD007939,CUST08980,2024-08-11,UPI,Delivered
ORD007940,CUST04643,2026-05-08,Credit Card,Delivered
ORD007941,CUST00354,2025-08-01,COD,Cancelled
ORD007942,CUST04115,2024-12-25,COD,Delivered
ORD007943,CUST09578,2025-07-07,UPI,Delivered
ORD007944,CUST05128,2026-01-24,UPI,Delivered
ORD007945,CUST03504,2024-02-13,Net Banking,Delivered
ORD007946,CUST11742,2026-08-21,Net Banking,Returned
ORD007947,CUST09666,2025-09-03,Debit Card,Delivered
ORD007948,CUST00784,2025-03-16,UPI,Delivered
ORD007949,CUST05493,2024-02-05,UPI,Delivered
ORD007950,CUST10137,2025-02-28,Credit Card,Delivered
ORD007951,CUST05773,2025-09-26,Credit Card,Delivered
ORD007952,CUST05239,2025-11-26,Net Banking,Delivered
ORD007953,CUST02505,2025-01-06,Debit Card,Delivered
ORD007954,CUST00926,2025-05-29,COD,Delivered
ORD007955,CUST11273,2025-01-04,Net Banking,Cancelled
ORD007956,CUST05567,2025-07-21,Credit Card,Delivered
ORD007957,CUST09991,2025-03-15,COD,Cancelled
ORD007958,CUST01744,2026-08-18,Debit Card,Pending
ORD007959,CUST05920,2026-03-17,Credit Card,Delivered
ORD007960,CUST09149,2025-11-10,Net Banking,Delivered
ORD007961,CUST11827,2024-10-21,Net Banking,Delivered
ORD007962,CUST10792,2026-07-11,Debit Card,Delivered
ORD007963,CUST06991,2025-09-11,Net Banking,Delivered
ORD007964,CUST00267,2024-03-07,Debit Card,Cancelled
ORD007965,CUST03088,2026-05-17,UPI,Delivered
ORD007966,CUST10521,2026-01-10,Credit Card,Delivered
ORD007967,CUST09632,2025-08-28,UPI,Delivered
ORD007968,CUST09197,2024-11-16,UPI,Cancelled
ORD007969,CUST10122,2026-08-27,Net Banking,Delivered
ORD007970,CUST06622,2025-05-29,COD,Delivered
ORD007971,CUST05561,2025-01-17,Net Banking,Returned
ORD007972,CUST03042,2026-01-11,Credit Card,Delivered
ORD007973,CUST09832,2024-05-10,Net Banking,Returned
ORD007974,CUST01887,2024-02-06,Credit Card,Returned
ORD007975,CUST05296,2026-05-15,COD,Delivered
ORD007976,CUST09782,2025-02-07,COD,Returned
ORD007977,CUST10315,2025-01-29,COD,Delivered
ORD007978,CUST01658,2026-04-30,Credit Card,Returned
ORD007979,CUST00553,2025-12-31,COD,Delivered
ORD007980,CUST02553,2025-10-25,UPI,Delivered
ORD007981,CUST05459,2024-07-16,Net Banking,Delivered
ORD007982,CUST11122,2024-03-05,Net Banking,Delivered
ORD007983,CUST04669,2024-04-30,Credit Card,Pending
ORD007984,CUST09351,2024-12-04,Debit Card,Delivered
ORD007985,CUST09141,2025-01-06,Debit Card,Delivered
ORD007986,CUST07645,2025-09-25,Net Banking,Delivered
ORD007987,CUST11242,2024-11-25,Debit Card,Returned
ORD007988,CUST06758,2024-06-08,Debit Card,Delivered
ORD007989,CUST02101,2025-12-02,Debit Card,Delivered
ORD007990,CUST06244,2026-08-08,Credit Card,Delivered
ORD007991,CUST03549,2025-05-10,UPI,Delivered
ORD007992,CUST03421,2025-09-04,COD,Pending
ORD007993,CUST04355,2026-03-14,Credit Card,Delivered
ORD007994,CUST01390,2025-07-31,UPI,Delivered
ORD007995,CUST08133,2025-02-24,COD,Delivered
ORD007996,CUST11745,2026-02-20,COD,Delivered
ORD007997,CUST06464,2024-02-15,Credit Card,Delivered
ORD007998,CUST06283,2025-12-17,Net Banking,Delivered
ORD007999,CUST04045,2025-03-15,Credit Card,Delivered
ORD008000,CUST07105,2024-11-01,COD,Delivered
ORD008001,CUST00808,2026-04-08,Debit Card,Cancelled
ORD008002,CUST09599,2025-01-16,Debit Card,Delivered
ORD008003,CUST08810,2025-02-04,Net Banking,Delivered
ORD008004,CUST00911,2025-06-22,Credit Card,Delivered
ORD008005,CUST02147,2026-06-12,COD,Delivered
ORD008006,CUST03486,2024-11-05,Debit Card,Delivered
ORD008007,CUST00021,2025-06-24,UPI,Delivered
ORD008008,CUST01760,2024-09-25,Debit Card,Delivered
ORD008009,CUST05815,2025-03-08,Net Banking,Delivered
ORD008010,CUST09044,2024-01-25,Credit Card,Pending
ORD008011,CUST00703,2024-12-09,Credit Card,Delivered
ORD008012,CUST08073,2024-04-09,Debit Card,Delivered
ORD008013,CUST02356,2025-02-10,UPI,Delivered
ORD008014,CUST06602,2024-10-08,Credit Card,Delivered
ORD008015,CUST04853,2025-07-13,Credit Card,Delivered
ORD008016,CUST04617,2025-11-06,COD,Delivered
ORD008017,CUST07649,2025-01-24,Net Banking,Delivered
ORD008018,CUST06779,2025-12-20,COD,Delivered
ORD008019,CUST03184,2024-03-14,Net Banking,Delivered
ORD008020,CUST08916,2025-02-26,Credit Card,Pending
ORD008021,CUST06100,2024-02-26,UPI,Delivered
ORD008022,CUST01283,2024-03-31,UPI,Delivered
ORD008023,CUST07054,2024-07-12,Credit Card,Delivered
ORD008024,CUST06472,2025-01-28,Net Banking,Delivered
ORD008025,CUST06260,2025-05-10,COD,Cancelled
ORD008026,CUST07406,2024-07-18,COD,Delivered
ORD008027,CUST01711,2024-01-09,COD,Delivered
ORD008028,CUST11797,2026-04-24,Net Banking,Returned
ORD008029,CUST09056,2024-08-31,Credit Card,Delivered
ORD008030,CUST03729,2025-08-06,UPI,Delivered
ORD008031,CUST06696,2026-03-05,COD,Returned
ORD008032,CUST01082,2024-02-15,Net Banking,Pending
ORD008033,CUST11379,2026-04-10,Net Banking,Delivered
ORD008034,CUST06532,2026-07-26,COD,Delivered
ORD008035,CUST01879,2024-07-31,Credit Card,Delivered
ORD008036,CUST08505,2024-10-23,UPI,Delivered
ORD008037,CUST08025,2025-02-21,UPI,Delivered
ORD008038,CUST06296,2026-05-10,Net Banking,Delivered
ORD008039,CUST06051,2024-06-06,Credit Card,Delivered
ORD008040,CUST10098,2025-11-14,Debit Card,Delivered
ORD008041,CUST03918,2025-04-08,UPI,Delivered
ORD008042,CUST03732,2024-09-13,Debit Card,Delivered
ORD008043,CUST11630,2026-07-29,Net Banking,Delivered
ORD008044,CUST00052,2025-07-12,UPI,Delivered
ORD008045,CUST01783,2026-01-02,Credit Card,Delivered
ORD008046,CUST01294,2024-08-21,Debit Card,Delivered
ORD008047,CUST00935,2024-06-06,COD,Delivered
ORD008048,CUST06394,2025-02-09,Debit Card,Delivered
ORD008049,CUST04692,2024-01-15,Net Banking,Delivered
ORD008050,CUST11724,2025-08-18,Net Banking,Delivered
ORD008051,CUST00499,2025-11-08,Net Banking,Delivered
ORD008052,CUST10352,2024-01-23,Credit Card,Delivered
ORD008053,CUST07271,2026-07-15,Credit Card,Delivered
ORD008054,CUST09228,2025-11-27,Net Banking,Delivered
ORD008055,CUST00470,2024-07-27,UPI,Delivered
ORD008056,CUST04835,2024-02-04,COD,Delivered
ORD008057,CUST11496,2025-12-06,Credit Card,Delivered
ORD008058,CUST11719,2024-08-26,UPI,Delivered
ORD008059,CUST01673,2024-06-29,Debit Card,Delivered
ORD008060,CUST09086,2024-01-31,Debit Card,Delivered
ORD008061,CUST03635,2025-02-13,UPI,Delivered
ORD008062,CUST05157,2026-03-09,COD,Delivered
ORD008063,CUST11414,2024-07-18,Debit Card,Delivered
ORD008064,CUST06281,2026-06-26,UPI,Pending
ORD008065,CUST00464,2024-06-29,UPI,Pending
ORD008066,CUST09332,2025-11-26,Net Banking,Delivered
ORD008067,CUST08128,2025-08-17,UPI,Delivered
ORD008068,CUST07509,2025-03-21,COD,Pending
ORD008069,CUST00329,2025-07-09,Net Banking,Returned
ORD008070,CUST03867,2024-02-27,COD,Delivered
ORD008071,CUST09332,2025-04-05,COD,Delivered
ORD008072,CUST01010,2026-08-18,Net Banking,Delivered
ORD008073,CUST08521,2025-10-14,Net Banking,Pending
ORD008074,CUST08667,2024-11-12,Debit Card,Delivered
ORD008075,CUST08988,2025-08-02,Debit Card,Delivered
ORD008076,CUST08227,2024-06-27,Net Banking,Cancelled
ORD008077,CUST10603,2024-05-04,COD,Delivered
ORD008078,CUST00166,2025-12-02,Credit Card,Delivered
ORD008079,CUST03680,2026-08-01,UPI,Delivered
ORD008080,CUST10921,2024-12-16,Net Banking,Delivered
ORD008081,CUST07817,2024-07-09,UPI,Delivered
ORD008082,CUST08579,2024-03-12,Debit Card,Delivered
ORD008083,CUST06707,2025-04-19,UPI,Cancelled
ORD008084,CUST02637,2024-11-23,Debit Card,Delivered
ORD008085,CUST10673,2026-06-06,Net Banking,Delivered
ORD008086,CUST06370,2026-03-29,Debit Card,Delivered
ORD008087,CUST03038,2026-07-08,COD,Delivered
ORD008088,CUST05089,2024-03-26,COD,Delivered
ORD008089,CUST01699,2024-06-16,COD,Delivered
ORD008090,CUST02064,2025-10-30,UPI,Delivered
ORD008091,CUST01192,2024-11-24,UPI,Returned
ORD008092,CUST04933,2025-10-18,Credit Card,Returned
ORD008093,CUST07176,2024-01-01,UPI,Cancelled
ORD008094,CUST07606,2026-05-25,Credit Card,Delivered
ORD008095,CUST05793,2024-04-05,Net Banking,Delivered
ORD008096,CUST05555,2024-07-30,Net Banking,Delivered
ORD008097,CUST03458,2024-01-01,Net Banking,Cancelled
ORD008098,CUST06676,2026-07-09,Net Banking,Delivered
ORD008099,CUST11316,2025-11-11,UPI,Delivered
ORD008100,CUST08513,2025-12-31,COD,Cancelled
ORD008101,CUST11252,2025-10-24,COD,Delivered
ORD008102,CUST06032,2024-09-30,Debit Card,Delivered
ORD008103,CUST06889,2026-01-25,Net Banking,Delivered
ORD008104,CUST10232,2024-04-04,COD,Delivered
ORD008105,CUST09492,2025-10-29,Credit Card,Delivered
ORD008106,CUST04971,2025-01-06,Net Banking,Delivered
ORD008107,CUST09870,2025-05-04,Credit Card,Delivered
ORD008108,CUST01741,2024-03-25,UPI,Delivered
ORD008109,CUST01115,2025-10-13,Net Banking,Delivered
ORD008110,CUST11171,2026-01-10,Net Banking,Returned
ORD008111,CUST01465,2025-08-22,COD,Delivered
ORD008112,CUST05754,2025-05-13,UPI,Delivered
ORD008113,CUST05538,2025-07-14,Debit Card,Delivered
ORD008114,CUST04795,2025-04-25,Credit Card,Delivered
ORD008115,CUST03664,2024-08-30,Net Banking,Delivered
ORD008116,CUST06812,2025-05-21,Credit Card,Delivered
ORD008117,CUST08107,2025-08-31,Net Banking,Delivered
ORD008118,CUST01443,2024-01-16,Net Banking,Pending
ORD008119,CUST03471,2026-06-01,Debit Card,Delivered
ORD008120,CUST07067,2026-02-06,COD,Delivered
ORD008121,CUST03711,2024-06-03,Credit Card,Delivered
ORD008122,CUST04979,2025-05-03,Credit Card,Returned
ORD008123,CUST11477,2024-06-29,UPI,Pending
ORD008124,CUST01430,2026-05-09,UPI,Delivered
ORD008125,CUST04969,2024-06-12,COD,Returned
ORD008126,CUST09447,2025-01-25,COD,Returned
ORD008127,CUST04887,2024-10-16,UPI,Delivered
ORD008128,CUST09175,2026-06-04,UPI,Delivered
ORD008129,CUST00909,2025-01-12,UPI,Delivered
ORD008130,CUST05692,2026-04-12,COD,Delivered
ORD008131,CUST00631,2025-05-30,UPI,Delivered
ORD008132,CUST07160,2024-04-27,Debit Card,Delivered
ORD008133,CUST08143,2024-01-26,COD,Delivered
ORD008134,CUST01292,2024-05-27,UPI,Delivered
ORD008135,CUST11402,2026-06-05,COD,Delivered
ORD008136,CUST08241,2025-03-10,Debit Card,Delivered
ORD008137,CUST07910,2025-12-17,Credit Card,Delivered
ORD008138,CUST01756,2024-04-08,UPI,Delivered
ORD008139,CUST10091,2025-10-11,Debit Card,Delivered
ORD008140,CUST11299,2026-02-14,Net Banking,Cancelled
ORD008141,CUST02230,2026-07-02,COD,Delivered
ORD008142,CUST02168,2024-05-24,Credit Card,Pending
ORD008143,CUST01812,2024-03-09,Net Banking,Delivered
ORD008144,CUST10508,2024-10-12,UPI,Delivered
ORD008145,CUST06915,2025-08-29,Net Banking,Delivered
ORD008146,CUST00770,2026-07-23,UPI,Delivered
ORD008147,CUST01500,2024-03-01,Debit Card,Delivered
ORD008148,CUST00278,2025-01-06,Debit Card,Delivered
ORD008149,CUST08995,2024-01-24,Credit Card,Delivered
ORD008150,CUST03309,2025-08-15,Net Banking,Delivered
ORD008151,CUST09460,2024-09-01,COD,Returned
ORD008152,CUST11095,2024-08-13,Debit Card,Delivered
ORD008153,CUST08846,2025-09-10,Debit Card,Delivered
ORD008154,CUST08436,2024-02-04,UPI,Delivered
ORD008155,CUST09120,2024-04-27,Credit Card,Pending
ORD008156,CUST08123,2024-07-07,Credit Card,Delivered
ORD008157,CUST07204,2025-04-03,UPI,Delivered
ORD008158,CUST11425,2026-05-15,COD,Cancelled
ORD008159,CUST05066,2026-04-19,Debit Card,Delivered
ORD008160,CUST09792,2026-02-21,Credit Card,Delivered
ORD008161,CUST09357,2024-10-18,UPI,Delivered
ORD008162,CUST11718,2024-05-01,Net Banking,Delivered
ORD008163,CUST01953,2024-11-06,Credit Card,Delivered
ORD008164,CUST01157,2025-11-07,Debit Card,Delivered
ORD008165,CUST04056,2025-07-27,Debit Card,Delivered
ORD008166,CUST10952,2026-04-11,Debit Card,Delivered
ORD008167,CUST07442,2026-07-23,Net Banking,Delivered
ORD008168,CUST02066,2024-08-05,Net Banking,Delivered
ORD008169,CUST10212,2024-12-19,Debit Card,Delivered
ORD008170,CUST11162,2025-12-15,UPI,Delivered
ORD008171,CUST03924,2026-02-18,UPI,Delivered
ORD008172,CUST03943,2024-11-23,Debit Card,Delivered
ORD008173,CUST01384,2026-01-19,UPI,Pending
ORD008174,CUST01876,2024-05-15,COD,Cancelled
ORD008175,CUST01796,2026-03-19,Debit Card,Delivered
ORD008176,CUST00022,2024-03-09,Credit Card,Pending
ORD008177,CUST06361,2024-04-18,COD,Delivered
ORD008178,CUST06997,2026-08-27,COD,Pending
ORD008179,CUST11730,2026-02-09,UPI,Delivered
ORD008180,CUST06638,2025-07-08,COD,Delivered
ORD008181,CUST08393,2025-02-24,Net Banking,Delivered
ORD008182,CUST09481,2025-08-20,UPI,Returned
ORD008183,CUST03771,2025-03-16,UPI,Delivered
ORD008184,CUST11553,2024-10-07,Net Banking,Delivered
ORD008185,CUST11113,2025-05-30,COD,Delivered
ORD008186,CUST02311,2026-08-11,UPI,Delivered
ORD008187,CUST02114,2025-07-02,UPI,Cancelled
ORD008188,CUST09202,2024-05-15,Credit Card,Delivered
ORD008189,CUST11775,2025-04-22,UPI,Cancelled
ORD008190,CUST09147,2024-01-09,UPI,Delivered
ORD008191,CUST10019,2025-08-13,Net Banking,Delivered
ORD008192,CUST10333,2026-06-15,UPI,Delivered
ORD008193,CUST04865,2024-08-30,UPI,Cancelled
ORD008194,CUST05749,2024-12-29,COD,Returned
ORD008195,CUST04959,2026-06-27,UPI,Delivered
ORD008196,CUST07203,2025-03-27,Debit Card,Delivered
ORD008197,CUST11560,2026-02-22,Debit Card,Delivered
ORD008198,CUST03367,2025-05-19,Credit Card,Delivered
ORD008199,CUST08724,2025-11-14,Debit Card,Cancelled
ORD008200,CUST01377,2026-01-20,Debit Card,Delivered
ORD008201,CUST04311,2024-03-05,Net Banking,Delivered
ORD008202,CUST03125,2024-01-14,Net Banking,Delivered
ORD008203,CUST01164,2025-12-31,Credit Card,Cancelled
ORD008204,CUST01672,2024-05-05,Net Banking,Cancelled
ORD008205,CUST00448,2025-06-21,UPI,Delivered
ORD008206,CUST10921,2026-05-28,Credit Card,Delivered
ORD008207,CUST09071,2025-02-19,UPI,Delivered
ORD008208,CUST09850,2024-09-09,COD,Delivered
ORD008209,CUST05771,2025-01-20,Net Banking,Pending
ORD008210,CUST00026,2026-02-22,UPI,Returned
ORD008211,CUST11991,2024-08-07,COD,Returned
ORD008212,CUST01574,2025-03-08,Net Banking,Delivered
ORD008213,CUST06789,2026-05-07,Net Banking,Delivered
ORD008214,CUST00197,2024-07-21,Credit Card,Delivered
ORD008215,CUST04208,2025-06-18,Debit Card,Delivered
ORD008216,CUST01679,2025-08-28,Debit Card,Returned
ORD008217,CUST10173,2025-05-14,UPI,Cancelled
ORD008218,CUST05995,2024-11-11,Credit Card,Delivered
ORD008219,CUST10036,2024-08-10,Debit Card,Delivered
ORD008220,CUST05591,2026-08-19,UPI,Delivered
ORD008221,CUST03219,2025-10-21,UPI,Delivered
ORD008222,CUST07249,2025-04-21,Debit Card,Cancelled
ORD008223,CUST11021,2024-11-25,COD,Returned
ORD008224,CUST11479,2026-07-02,UPI,Returned
ORD008225,CUST02002,2026-06-12,Debit Card,Returned
ORD008226,CUST00023,2024-02-28,COD,Delivered
ORD008227,CUST09406,2024-06-07,Debit Card,Delivered
ORD008228,CUST08148,2025-10-05,UPI,Delivered
ORD008229,CUST02329,2024-09-12,COD,Delivered
ORD008230,CUST06304,2026-07-11,UPI,Pending
ORD008231,CUST06428,2025-01-14,Debit Card,Delivered
ORD008232,CUST02139,2025-06-13,Credit Card,Delivered
ORD008233,CUST05748,2025-12-03,Credit Card,Delivered
ORD008234,CUST00493,2024-12-29,Debit Card,Delivered
ORD008235,CUST04580,2024-08-10,Net Banking,Returned
ORD008236,CUST04236,2025-03-30,COD,Delivered
ORD008237,CUST09679,2025-06-14,Credit Card,Delivered
ORD008238,CUST11284,2026-07-23,Debit Card,Delivered
ORD008239,CUST05996,2024-11-17,Net Banking,Returned
ORD008240,CUST07507,2026-04-25,UPI,Delivered
ORD008241,CUST05530,2026-05-17,UPI,Delivered
ORD008242,CUST09813,2026-05-24,UPI,Delivered
ORD008243,CUST01637,2025-09-22,Debit Card,Delivered
ORD008244,CUST00939,2024-10-28,COD,Returned
ORD008245,CUST06578,2024-08-07,Debit Card,Returned
ORD008246,CUST09116,2024-06-14,Net Banking,Delivered
ORD008247,CUST04121,2026-08-20,COD,Delivered
ORD008248,CUST06003,2024-06-05,UPI,Returned
ORD008249,CUST01492,2026-01-29,Credit Card,Delivered
ORD008250,CUST05327,2024-12-12,Credit Card,Delivered
ORD008251,CUST09618,2026-08-10,Credit Card,Delivered
ORD008252,CUST08360,2024-09-11,Net Banking,Delivered
ORD008253,CUST01367,2025-11-18,UPI,Delivered
ORD008254,CUST07235,2026-08-05,Credit Card,Delivered
ORD008255,CUST03775,2025-11-18,COD,Delivered
ORD008256,CUST10651,2024-07-07,Credit Card,Delivered
ORD008257,CUST08332,2025-03-26,Net Banking,Returned
ORD008258,CUST09478,2024-06-24,Credit Card,Delivered
ORD008259,CUST08698,2024-03-22,Net Banking,Delivered
ORD008260,CUST00838,2026-02-14,Net Banking,Returned
ORD008261,CUST00940,2026-04-21,COD,Delivered
ORD008262,CUST04309,2025-12-26,Net Banking,Delivered
ORD008263,CUST06489,2024-03-28,Debit Card,Delivered
ORD008264,CUST00559,2024-11-18,UPI,Cancelled
ORD008265,CUST10276,2025-01-15,Net Banking,Delivered
ORD008266,CUST09260,2026-02-20,Debit Card,Delivered
ORD008267,CUST06085,2026-02-06,Debit Card,Delivered
ORD008268,CUST08599,2025-07-12,Credit Card,Cancelled
ORD008269,CUST04183,2024-01-24,COD,Delivered
ORD008270,CUST03107,2024-12-12,Credit Card,Delivered
ORD008271,CUST08913,2025-03-21,COD,Delivered
ORD008272,CUST04262,2025-03-17,Credit Card,Cancelled
ORD008273,CUST07348,2026-01-31,Credit Card,Pending
ORD008274,CUST03586,2025-02-21,Debit Card,Delivered
ORD008275,CUST05011,2026-03-09,UPI,Delivered
ORD008276,CUST00879,2025-07-13,Debit Card,Delivered
ORD008277,CUST02495,2025-04-19,Credit Card,Delivered
ORD008278,CUST07875,2024-02-14,UPI,Delivered
ORD008279,CUST09694,2024-06-05,Credit Card,Delivered
ORD008280,CUST07521,2024-04-28,Credit Card,Delivered
ORD008281,CUST11290,2026-07-13,UPI,Pending
ORD008282,CUST08222,2025-05-09,Debit Card,Delivered
ORD008283,CUST11027,2025-09-13,Net Banking,Delivered
ORD008284,CUST00679,2024-07-09,Credit Card,Returned
ORD008285,CUST08416,2025-07-13,Net Banking,Delivered
ORD008286,CUST10346,2025-01-30,Debit Card,Delivered
ORD008287,CUST07625,2025-04-06,Net Banking,Delivered
ORD008288,CUST04157,2025-02-14,Debit Card,Delivered
ORD008289,CUST06320,2026-07-31,Net Banking,Returned
ORD008290,CUST05727,2024-07-12,Net Banking,Delivered
ORD008291,CUST09679,2024-02-06,Credit Card,Delivered
ORD008292,CUST06285,2026-02-01,UPI,Delivered
ORD008293,CUST04182,2024-05-05,UPI,Delivered
ORD008294,CUST03560,2024-02-14,Debit Card,Delivered
ORD008295,CUST03467,2024-07-03,Credit Card,Delivered
ORD008296,CUST11992,2024-01-18,Net Banking,Delivered
ORD008297,CUST01448,2025-05-25,Debit Card,Delivered
ORD008298,CUST07276,2025-06-08,UPI,Delivered
ORD008299,CUST08774,2024-11-24,Net Banking,Delivered
ORD008300,CUST01950,2026-03-07,Credit Card,Delivered
ORD008301,CUST04510,2024-11-07,Debit Card,Cancelled
ORD008302,CUST00206,2024-07-20,COD,Returned
ORD008303,CUST09142,2024-01-20,Credit Card,Delivered
ORD008304,CUST00775,2026-01-10,Debit Card,Returned
ORD008305,CUST09283,2026-07-13,Net Banking,Delivered
ORD008306,CUST00479,2025-01-24,Debit Card,Returned
ORD008307,CUST09354,2026-01-14,Credit Card,Delivered
ORD008308,CUST08417,2025-02-13,UPI,Returned
ORD008309,CUST09277,2024-07-07,UPI,Delivered
ORD008310,CUST03961,2024-03-26,Credit Card,Delivered
ORD008311,CUST01317,2025-09-21,Net Banking,Returned
ORD008312,CUST00015,2024-06-19,UPI,Delivered
ORD008313,CUST08242,2025-11-17,COD,Cancelled
ORD008314,CUST07940,2025-04-30,COD,Delivered
ORD008315,CUST05221,2026-03-04,COD,Delivered
ORD008316,CUST03498,2025-04-09,Debit Card,Delivered
ORD008317,CUST00964,2024-05-08,Net Banking,Pending
ORD008318,CUST05130,2026-01-04,Net Banking,Delivered
ORD008319,CUST00123,2024-07-19,UPI,Delivered
ORD008320,CUST04758,2025-06-21,Credit Card,Delivered
ORD008321,CUST01919,2025-07-29,COD,Delivered
ORD008322,CUST08863,2025-12-02,COD,Delivered
ORD008323,CUST03044,2025-05-12,Credit Card,Delivered
ORD008324,CUST10493,2026-06-03,Credit Card,Delivered
ORD008325,CUST03273,2025-01-11,COD,Returned
ORD008326,CUST10012,2024-09-18,Credit Card,Delivered
ORD008327,CUST07266,2026-01-30,Debit Card,Delivered
ORD008328,CUST02768,2024-04-19,UPI,Delivered
ORD008329,CUST10744,2024-11-13,Debit Card,Delivered
ORD008330,CUST00846,2025-07-31,COD,Delivered
ORD008331,CUST00559,2025-11-12,UPI,Delivered
ORD008332,CUST10867,2025-06-22,UPI,Pending
ORD008333,CUST10136,2026-04-12,UPI,Pending
ORD008334,CUST06514,2026-03-08,Net Banking,Delivered
ORD008335,CUST00589,2024-03-22,Net Banking,Returned
ORD008336,CUST01354,2025-09-01,UPI,Delivered
ORD008337,CUST05341,2025-12-25,Net Banking,Delivered
ORD008338,CUST04443,2025-07-30,Debit Card,Delivered
ORD008339,CUST01590,2024-06-23,COD,Delivered
ORD008340,CUST08251,2025-11-02,COD,Delivered
ORD008341,CUST02080,2024-12-28,COD,Returned
ORD008342,CUST07826,2024-06-10,Credit Card,Delivered
ORD008343,CUST03716,2025-03-06,Debit Card,Delivered
ORD008344,CUST08400,2024-04-26,COD,Cancelled
ORD008345,CUST02386,2026-02-20,COD,Delivered
ORD008346,CUST11477,2025-05-31,COD,Returned
ORD008347,CUST00310,2026-06-05,COD,Delivered
ORD008348,CUST06553,2025-07-01,Net Banking,Pending
ORD008349,CUST01662,2025-09-29,Net Banking,Delivered
ORD008350,CUST02186,2024-09-02,Debit Card,Delivered
ORD008351,CUST02439,2026-05-13,Debit Card,Delivered
ORD008352,CUST06526,2024-09-21,COD,Returned
ORD008353,CUST09973,2024-04-18,COD,Delivered
ORD008354,CUST04801,2024-06-11,COD,Returned
ORD008355,CUST01889,2026-07-09,Credit Card,Delivered
ORD008356,CUST05089,2024-11-26,UPI,Returned
ORD008357,CUST05993,2025-07-11,Net Banking,Returned
ORD008358,CUST04558,2026-06-11,COD,Delivered
ORD008359,CUST09863,2024-04-14,Credit Card,Delivered
ORD008360,CUST04014,2026-06-11,Credit Card,Delivered
ORD008361,CUST06891,2024-09-25,Credit Card,Delivered
ORD008362,CUST03139,2024-03-01,Net Banking,Delivered
ORD008363,CUST10827,2025-06-25,UPI,Delivered
ORD008364,CUST10504,2025-09-01,COD,Delivered
ORD008365,CUST09818,2025-06-27,COD,Delivered
ORD008366,CUST03686,2026-07-14,UPI,Delivered
ORD008367,CUST11276,2026-04-29,Net Banking,Delivered
ORD008368,CUST10233,2026-01-12,Credit Card,Delivered
ORD008369,CUST02219,2026-04-03,COD,Delivered
ORD008370,CUST07047,2024-07-13,Credit Card,Delivered
ORD008371,CUST03306,2025-03-30,UPI,Delivered
ORD008372,CUST01328,2026-05-20,COD,Delivered
ORD008373,CUST09722,2026-04-02,COD,Returned
ORD008374,CUST05615,2025-09-01,COD,Returned
ORD008375,CUST08749,2025-10-09,Debit Card,Delivered
ORD008376,CUST06681,2025-03-02,UPI,Cancelled
ORD008377,CUST06148,2025-03-07,UPI,Delivered
ORD008378,CUST03460,2026-08-11,Credit Card,Delivered
ORD008379,CUST06374,2025-06-27,Net Banking,Delivered
ORD008380,CUST09658,2024-12-25,COD,Returned
ORD008381,CUST09086,2024-11-29,COD,Delivered
ORD008382,CUST03946,2024-11-20,COD,Delivered
ORD008383,CUST00195,2026-06-05,UPI,Delivered
ORD008384,CUST04252,2024-09-19,COD,Delivered
ORD008385,CUST04206,2026-08-27,UPI,Cancelled
ORD008386,CUST03531,2026-02-26,Net Banking,Returned
ORD008387,CUST01701,2026-04-09,Net Banking,Delivered
ORD008388,CUST10301,2025-10-22,UPI,Delivered
ORD008389,CUST05841,2025-08-26,COD,Delivered
ORD008390,CUST04733,2026-07-13,UPI,Delivered
ORD008391,CUST03891,2025-03-29,COD,Delivered
ORD008392,CUST07967,2025-07-03,COD,Delivered
ORD008393,CUST04693,2025-03-01,Debit Card,Delivered
ORD008394,CUST03818,2025-09-08,UPI,Returned
ORD008395,CUST07633,2025-01-21,Credit Card,Delivered
ORD008396,CUST09259,2024-06-13,Credit Card,Delivered
ORD008397,CUST00987,2025-06-12,Net Banking,Delivered
ORD008398,CUST08476,2025-11-03,COD,Delivered
ORD008399,CUST08955,2025-06-05,COD,Delivered
ORD008400,CUST03239,2025-07-02,Debit Card,Delivered
ORD008401,CUST05825,2024-05-06,COD,Delivered
ORD008402,CUST07568,2025-02-20,Net Banking,Delivered
ORD008403,CUST08771,2026-02-01,UPI,Delivered
ORD008404,CUST08911,2024-10-10,UPI,Pending
ORD008405,CUST09028,2025-12-27,Net Banking,Delivered
ORD008406,CUST02596,2024-06-18,Debit Card,Delivered
ORD008407,CUST08575,2025-09-23,UPI,Delivered
ORD008408,CUST06942,2024-12-31,Net Banking,Pending
ORD008409,CUST06493,2024-02-27,COD,Delivered
ORD008410,CUST08983,2025-11-18,UPI,Delivered
ORD008411,CUST00447,2026-06-13,Net Banking,Delivered
ORD008412,CUST10181,2025-05-12,Debit Card,Returned
ORD008413,CUST11951,2025-03-10,UPI,Delivered
ORD008414,CUST03595,2024-12-31,Debit Card,Delivered
ORD008415,CUST02936,2026-06-24,Credit Card,Delivered
ORD008416,CUST09747,2026-06-22,Debit Card,Cancelled
ORD008417,CUST11454,2025-06-11,Net Banking,Delivered
ORD008418,CUST10312,2026-01-16,COD,Returned
ORD008419,CUST04395,2024-08-11,UPI,Returned
ORD008420,CUST03147,2024-03-02,Debit Card,Delivered
ORD008421,CUST00649,2025-03-08,UPI,Delivered
ORD008422,CUST06894,2026-05-26,UPI,Delivered
ORD008423,CUST08845,2025-08-23,Net Banking,Delivered
ORD008424,CUST09025,2026-05-18,Net Banking,Delivered
ORD008425,CUST08393,2025-10-16,Credit Card,Pending
ORD008426,CUST01512,2025-06-11,COD,Delivered
ORD008427,CUST10781,2024-07-27,Credit Card,Delivered
ORD008428,CUST08287,2024-01-27,Net Banking,Delivered
ORD008429,CUST00131,2025-07-12,Credit Card,Cancelled
ORD008430,CUST11811,2024-06-02,Debit Card,Delivered
ORD008431,CUST08306,2025-03-31,Debit Card,Returned
ORD008432,CUST03162,2025-02-28,UPI,Cancelled
ORD008433,CUST02846,2024-12-26,Credit Card,Delivered
ORD008434,CUST10839,2025-10-12,Credit Card,Returned
ORD008435,CUST09438,2024-03-31,Net Banking,Delivered
ORD008436,CUST09483,2025-06-04,Credit Card,Delivered
ORD008437,CUST07713,2024-06-30,UPI,Delivered
ORD008438,CUST03589,2025-06-06,Net Banking,Returned
ORD008439,CUST08891,2025-06-02,UPI,Delivered
ORD008440,CUST02296,2025-06-23,Debit Card,Delivered
ORD008441,CUST06755,2024-03-02,Net Banking,Cancelled
ORD008442,CUST09793,2026-08-08,COD,Delivered
ORD008443,CUST03268,2025-11-06,UPI,Delivered
ORD008444,CUST06714,2025-09-18,COD,Delivered
ORD008445,CUST09402,2024-03-13,COD,Delivered
ORD008446,CUST08678,2024-04-08,UPI,Delivered
ORD008447,CUST00677,2025-12-03,Net Banking,Delivered
ORD008448,CUST09215,2024-11-02,COD,Returned
ORD008449,CUST08764,2024-07-23,Net Banking,Delivered
ORD008450,CUST07483,2026-03-26,COD,Delivered
ORD008451,CUST05514,2025-08-02,UPI,Delivered
ORD008452,CUST00801,2024-09-22,Credit Card,Cancelled
ORD008453,CUST10931,2025-01-12,Net Banking,Pending
ORD008454,CUST08315,2025-06-21,COD,Cancelled
ORD008455,CUST01870,2026-06-13,Credit Card,Delivered
ORD008456,CUST00932,2025-03-26,Credit Card,Delivered
ORD008457,CUST00806,2026-01-23,Credit Card,Cancelled
ORD008458,CUST10039,2026-08-06,UPI,Delivered
ORD008459,CUST07962,2026-07-27,UPI,Delivered
ORD008460,CUST10671,2025-10-18,UPI,Pending
ORD008461,CUST03987,2026-05-30,UPI,Delivered
ORD008462,CUST06733,2025-10-28,Net Banking,Delivered
ORD008463,CUST01111,2024-10-04,COD,Delivered
ORD008464,CUST01616,2025-09-11,Net Banking,Cancelled
ORD008465,CUST01433,2025-07-01,Credit Card,Delivered
ORD008466,CUST07549,2025-03-31,COD,Delivered
ORD008467,CUST01498,2026-03-11,COD,Cancelled
ORD008468,CUST01917,2025-04-18,Credit Card,Cancelled
ORD008469,CUST08277,2026-05-12,Debit Card,Delivered
ORD008470,CUST11026,2024-06-29,COD,Delivered
ORD008471,CUST05897,2026-06-25,Net Banking,Delivered
ORD008472,CUST09839,2024-09-11,COD,Delivered
ORD008473,CUST10600,2024-12-14,Credit Card,Delivered
ORD008474,CUST10001,2025-10-30,Credit Card,Delivered
ORD008475,CUST11264,2026-07-22,Net Banking,Delivered
ORD008476,CUST08068,2024-12-22,Credit Card,Delivered
ORD008477,CUST08502,2024-05-02,COD,Delivered
ORD008478,CUST11369,2024-11-09,UPI,Returned
ORD008479,CUST03071,2024-09-27,Net Banking,Delivered
ORD008480,CUST09640,2024-06-30,Credit Card,Delivered
ORD008481,CUST06921,2026-01-24,Debit Card,Delivered
ORD008482,CUST04348,2025-12-02,Debit Card,Pending
ORD008483,CUST05593,2024-02-26,UPI,Delivered
ORD008484,CUST05378,2025-10-01,COD,Delivered
ORD008485,CUST10911,2024-03-19,UPI,Delivered
ORD008486,CUST00076,2025-08-05,COD,Delivered
ORD008487,CUST03859,2024-02-27,Debit Card,Delivered
ORD008488,CUST03705,2025-03-08,Credit Card,Delivered
ORD008489,CUST06501,2026-08-06,UPI,Cancelled
ORD008490,CUST08549,2025-05-20,Credit Card,Delivered
ORD008491,CUST01994,2026-03-07,Debit Card,Delivered
ORD008492,CUST11196,2025-02-20,COD,Pending
ORD008493,CUST10558,2025-07-11,Credit Card,Delivered
ORD008494,CUST09314,2026-01-24,Debit Card,Delivered
ORD008495,CUST02832,2025-07-19,Net Banking,Cancelled
ORD008496,CUST00105,2025-12-20,UPI,Cancelled
ORD008497,CUST06791,2026-05-15,COD,Returned
ORD008498,CUST06340,2024-03-25,COD,Delivered
ORD008499,CUST01767,2025-06-02,Net Banking,Delivered
ORD008500,CUST03039,2025-05-06,UPI,Cancelled
ORD008501,CUST10954,2024-10-11,Credit Card,Returned
ORD008502,CUST05004,2025-10-10,Debit Card,Delivered
ORD008503,CUST11234,2024-02-18,Debit Card,Delivered
ORD008504,CUST06021,2026-04-18,Credit Card,Delivered
ORD008505,CUST09739,2026-04-25,Credit Card,Delivered
ORD008506,CUST01487,2024-12-15,UPI,Delivered
ORD008507,CUST08709,2026-05-05,Net Banking,Delivered
ORD008508,CUST04400,2025-03-10,Debit Card,Delivered
ORD008509,CUST03029,2025-04-26,Net Banking,Delivered
ORD008510,CUST04487,2026-06-22,UPI,Delivered
ORD008511,CUST02915,2024-11-06,Credit Card,Delivered
ORD008512,CUST08488,2025-01-14,Debit Card,Delivered
ORD008513,CUST01989,2025-12-05,Net Banking,Delivered
ORD008514,CUST11662,2025-04-26,COD,Delivered
ORD008515,CUST04578,2025-08-18,Debit Card,Delivered
ORD008516,CUST04946,2024-04-04,COD,Delivered
ORD008517,CUST07398,2025-06-10,COD,Delivered
ORD008518,CUST08160,2025-11-21,COD,Delivered
ORD008519,CUST08337,2024-02-03,COD,Delivered
ORD008520,CUST11990,2025-08-03,Debit Card,Delivered
ORD008521,CUST03033,2026-01-27,COD,Delivered
ORD008522,CUST06067,2024-08-01,Debit Card,Returned
ORD008523,CUST02256,2024-01-12,Credit Card,Delivered
ORD008524,CUST08638,2025-11-15,Net Banking,Delivered
ORD008525,CUST04510,2025-11-01,Net Banking,Delivered
ORD008526,CUST11063,2026-04-01,Net Banking,Delivered
ORD008527,CUST05922,2026-01-02,Credit Card,Delivered
ORD008528,CUST07404,2024-05-29,Net Banking,Returned
ORD008529,CUST08737,2024-08-27,Credit Card,Returned
ORD008530,CUST11909,2024-03-12,UPI,Delivered
ORD008531,CUST01155,2024-07-10,Debit Card,Delivered
ORD008532,CUST04799,2026-04-07,UPI,Delivered
ORD008533,CUST03853,2024-08-16,Credit Card,Delivered
ORD008534,CUST04852,2024-10-10,COD,Cancelled
ORD008535,CUST06536,2026-07-05,Credit Card,Delivered
ORD008536,CUST10910,2025-04-03,Debit Card,Delivered
ORD008537,CUST02866,2024-11-26,UPI,Delivered
ORD008538,CUST05189,2025-04-15,Credit Card,Returned
ORD008539,CUST09659,2024-08-21,Debit Card,Delivered
ORD008540,CUST08287,2024-11-28,COD,Returned
ORD008541,CUST04856,2024-02-12,UPI,Delivered
ORD008542,CUST00258,2025-02-14,UPI,Returned
ORD008543,CUST07431,2026-03-01,Net Banking,Delivered
ORD008544,CUST10448,2026-01-24,UPI,Delivered
ORD008545,CUST04490,2024-04-06,Net Banking,Pending
ORD008546,CUST06685,2025-01-07,UPI,Delivered
ORD008547,CUST04830,2025-08-24,UPI,Delivered
ORD008548,CUST09172,2024-08-22,Credit Card,Delivered
ORD008549,CUST07330,2025-02-23,COD,Delivered
ORD008550,CUST08648,2024-04-06,COD,Delivered
ORD008551,CUST02018,2026-06-03,UPI,Delivered
ORD008552,CUST00173,2024-10-20,UPI,Delivered
ORD008553,CUST08775,2026-02-22,Net Banking,Delivered
ORD008554,CUST02746,2025-08-08,COD,Delivered
ORD008555,CUST01358,2026-07-27,Credit Card,Delivered
ORD008556,CUST06740,2024-09-08,COD,Delivered
ORD008557,CUST07397,2025-01-02,Debit Card,Cancelled
ORD008558,CUST07514,2024-02-10,COD,Delivered
ORD008559,CUST04826,2024-10-26,Credit Card,Delivered
ORD008560,CUST02995,2026-08-05,COD,Delivered
ORD008561,CUST06310,2026-02-23,Credit Card,Pending
ORD008562,CUST00449,2024-11-03,Net Banking,Delivered
ORD008563,CUST00188,2024-10-25,UPI,Delivered
ORD008564,CUST11540,2026-03-01,Net Banking,Delivered
ORD008565,CUST04554,2024-01-01,UPI,Delivered
ORD008566,CUST03447,2024-04-02,Net Banking,Delivered
ORD008567,CUST11767,2024-10-07,Net Banking,Delivered
ORD008568,CUST02822,2025-06-01,UPI,Delivered
ORD008569,CUST06210,2025-04-02,Credit Card,Delivered
ORD008570,CUST09285,2025-05-02,Debit Card,Delivered
ORD008571,CUST11389,2026-04-01,UPI,Cancelled
ORD008572,CUST01126,2026-04-25,Credit Card,Delivered
ORD008573,CUST11990,2025-02-10,Credit Card,Delivered
ORD008574,CUST05498,2024-10-01,Credit Card,Delivered
ORD008575,CUST11414,2026-08-09,COD,Delivered
ORD008576,CUST04607,2026-08-06,UPI,Pending
ORD008577,CUST03478,2026-07-15,UPI,Delivered
ORD008578,CUST07745,2025-05-01,Net Banking,Delivered
ORD008579,CUST03068,2024-04-12,UPI,Delivered
ORD008580,CUST08113,2026-03-16,Credit Card,Delivered
ORD008581,CUST09612,2025-02-06,Debit Card,Delivered
ORD008582,CUST04723,2024-04-16,Debit Card,Delivered
ORD008583,CUST03707,2025-01-19,Net Banking,Delivered
ORD008584,CUST04542,2024-08-17,UPI,Delivered
ORD008585,CUST10299,2024-07-23,Debit Card,Delivered
ORD008586,CUST01650,2025-01-11,UPI,Pending
ORD008587,CUST02642,2024-06-26,Net Banking,Returned
ORD008588,CUST02774,2024-04-07,UPI,Delivered
ORD008589,CUST03841,2025-07-23,Net Banking,Delivered
ORD008590,CUST00324,2024-12-02,COD,Delivered
ORD008591,CUST01539,2026-07-16,Debit Card,Returned
ORD008592,CUST00456,2024-06-25,Net Banking,Delivered
ORD008593,CUST06921,2025-09-01,Net Banking,Delivered
ORD008594,CUST01362,2026-01-06,Net Banking,Delivered
ORD008595,CUST07493,2026-01-17,Net Banking,Delivered
ORD008596,CUST01814,2024-04-01,Net Banking,Delivered
ORD008597,CUST00613,2026-07-28,Net Banking,Delivered
ORD008598,CUST06551,2024-09-07,UPI,Delivered
ORD008599,CUST04688,2026-07-13,Credit Card,Delivered
ORD008600,CUST11397,2025-05-16,Net Banking,Delivered
ORD008601,CUST07653,2024-12-22,Credit Card,Delivered
ORD008602,CUST02540,2024-08-03,COD,Delivered
ORD008603,CUST06695,2025-03-07,COD,Returned
ORD008604,CUST06682,2026-04-27,Debit Card,Delivered
ORD008605,CUST09207,2025-12-17,Net Banking,Delivered
ORD008606,CUST03336,2025-06-21,Debit Card,Delivered
ORD008607,CUST09685,2024-05-14,Debit Card,Delivered
ORD008608,CUST01076,2024-02-13,Debit Card,Delivered
ORD008609,CUST06014,2025-10-15,Debit Card,Delivered
ORD008610,CUST11419,2024-02-21,UPI,Returned
ORD008611,CUST10617,2025-11-02,Net Banking,Cancelled
ORD008612,CUST10454,2026-05-22,UPI,Delivered
ORD008613,CUST07574,2025-12-15,Debit Card,Delivered
ORD008614,CUST03558,2026-07-16,Net Banking,Delivered
ORD008615,CUST02616,2024-03-15,COD,Delivered
ORD008616,CUST06699,2026-05-01,UPI,Delivered
ORD008617,CUST05677,2024-07-03,COD,Delivered
ORD008618,CUST09518,2024-02-21,Net Banking,Delivered
ORD008619,CUST08049,2026-07-18,Debit Card,Returned
ORD008620,CUST00033,2024-08-26,Net Banking,Delivered
ORD008621,CUST05247,2025-09-17,Debit Card,Delivered
ORD008622,CUST09823,2025-12-01,COD,Delivered
ORD008623,CUST02844,2024-03-02,Net Banking,Delivered
ORD008624,CUST02398,2026-01-27,Net Banking,Returned
ORD008625,CUST07010,2025-12-26,Net Banking,Delivered
ORD008626,CUST11885,2024-11-27,UPI,Delivered
ORD008627,CUST07249,2026-05-20,Credit Card,Delivered
ORD008628,CUST02739,2024-06-07,UPI,Delivered
ORD008629,CUST06691,2025-02-16,COD,Delivered
ORD008630,CUST10660,2024-10-13,Debit Card,Delivered
ORD008631,CUST00493,2025-06-07,COD,Delivered
ORD008632,CUST08925,2026-03-13,Net Banking,Delivered
ORD008633,CUST07354,2024-11-08,Credit Card,Delivered
ORD008634,CUST07296,2025-11-11,Net Banking,Delivered
ORD008635,CUST08087,2024-01-27,UPI,Delivered
ORD008636,CUST00270,2026-06-29,Debit Card,Delivered
ORD008637,CUST02872,2025-04-22,COD,Delivered
ORD008638,CUST05017,2026-04-18,UPI,Delivered
ORD008639,CUST03563,2026-07-20,Credit Card,Cancelled
ORD008640,CUST08135,2024-12-31,UPI,Delivered
ORD008641,CUST11900,2025-02-11,UPI,Delivered
ORD008642,CUST02190,2024-12-03,Credit Card,Delivered
ORD008643,CUST01562,2025-02-11,COD,Delivered
ORD008644,CUST00744,2024-03-16,Debit Card,Returned
ORD008645,CUST05792,2025-10-29,UPI,Delivered
ORD008646,CUST09565,2024-03-15,Net Banking,Delivered
ORD008647,CUST02280,2024-09-15,COD,Delivered
ORD008648,CUST02491,2024-12-22,COD,Delivered
ORD008649,CUST05703,2025-05-29,Credit Card,Delivered
ORD008650,CUST08505,2024-10-11,COD,Delivered
ORD008651,CUST08393,2025-02-19,Net Banking,Returned
ORD008652,CUST11532,2024-02-23,COD,Delivered
ORD008653,CUST08195,2025-02-25,Debit Card,Pending
ORD008654,CUST08096,2024-08-10,Credit Card,Delivered
ORD008655,CUST05263,2025-03-15,Net Banking,Delivered
ORD008656,CUST08329,2026-04-12,Debit Card,Delivered
ORD008657,CUST10289,2026-01-10,Credit Card,Delivered
ORD008658,CUST09388,2025-10-22,Credit Card,Delivered
ORD008659,CUST07761,2026-01-19,Debit Card,Delivered
ORD008660,CUST01180,2025-07-06,COD,Delivered
ORD008661,CUST09213,2026-01-15,Net Banking,Delivered
ORD008662,CUST01965,2025-06-15,Net Banking,Delivered
ORD008663,CUST01805,2024-09-02,UPI,Cancelled
ORD008664,CUST11055,2025-07-25,UPI,Delivered
ORD008665,CUST00050,2025-12-15,Credit Card,Delivered
ORD008666,CUST05542,2026-08-12,UPI,Delivered
ORD008667,CUST08997,2025-04-02,Net Banking,Delivered
ORD008668,CUST07657,2024-07-01,Net Banking,Cancelled
ORD008669,CUST08608,2024-09-15,UPI,Delivered
ORD008670,CUST07608,2025-09-27,UPI,Delivered
ORD008671,CUST11691,2026-06-04,Credit Card,Delivered
ORD008672,CUST10819,2024-09-26,Net Banking,Delivered
ORD008673,CUST01639,2026-03-23,COD,Delivered
ORD008674,CUST08987,2025-09-12,Net Banking,Pending
ORD008675,CUST10214,2024-12-16,Credit Card,Delivered
ORD008676,CUST08755,2026-01-08,Debit Card,Delivered
ORD008677,CUST02736,2024-07-06,UPI,Returned
ORD008678,CUST08008,2025-05-16,Debit Card,Cancelled
ORD008679,CUST10421,2024-06-25,UPI,Delivered
ORD008680,CUST05843,2025-01-27,UPI,Cancelled
ORD008681,CUST05470,2025-03-13,COD,Delivered
ORD008682,CUST11496,2026-04-17,COD,Delivered
ORD008683,CUST08970,2024-12-14,UPI,Delivered
ORD008684,CUST04702,2026-03-30,Net Banking,Delivered
ORD008685,CUST07561,2025-05-08,Credit Card,Returned
ORD008686,CUST03056,2024-03-03,Credit Card,Delivered
ORD008687,CUST11519,2026-01-26,UPI,Delivered
ORD008688,CUST00086,2024-06-28,Credit Card,Delivered
ORD008689,CUST04191,2025-06-17,Credit Card,Delivered
ORD008690,CUST08238,2024-11-06,Net Banking,Delivered
ORD008691,CUST08074,2025-09-16,Net Banking,Returned
ORD008692,CUST02084,2024-04-19,UPI,Delivered
ORD008693,CUST08202,2025-05-29,Credit Card,Delivered
ORD008694,CUST11508,2024-09-14,UPI,Delivered
ORD008695,CUST02940,2025-11-29,Net Banking,Cancelled
ORD008696,CUST09243,2025-06-23,Credit Card,Delivered
ORD008697,CUST08783,2025-02-24,Net Banking,Returned
ORD008698,CUST11915,2024-09-04,Debit Card,Cancelled
ORD008699,CUST08224,2025-03-28,Credit Card,Delivered
ORD008700,CUST11924,2024-01-09,Debit Card,Cancelled
ORD008701,CUST04142,2025-12-02,Debit Card,Delivered
ORD008702,CUST00572,2024-10-14,Net Banking,Delivered
ORD008703,CUST07236,2025-04-09,Net Banking,Pending
ORD008704,CUST08209,2024-03-15,COD,Delivered
ORD008705,CUST11027,2024-04-11,Credit Card,Returned
ORD008706,CUST01541,2025-05-25,COD,Delivered
ORD008707,CUST10834,2024-10-17,UPI,Delivered
ORD008708,CUST04049,2025-07-12,UPI,Delivered
ORD008709,CUST01079,2026-07-02,Net Banking,Delivered
ORD008710,CUST01386,2025-07-01,UPI,Delivered
ORD008711,CUST11167,2025-10-20,Debit Card,Cancelled
ORD008712,CUST00131,2024-05-02,UPI,Delivered
ORD008713,CUST02546,2025-10-26,COD,Delivered
ORD008714,CUST06723,2025-03-05,Credit Card,Delivered
ORD008715,CUST07453,2024-11-11,Net Banking,Cancelled
ORD008716,CUST06792,2024-04-30,Credit Card,Delivered
ORD008717,CUST02424,2024-08-19,Net Banking,Delivered
ORD008718,CUST04741,2025-08-29,UPI,Delivered
ORD008719,CUST11328,2024-01-23,UPI,Delivered
ORD008720,CUST07482,2026-06-08,Net Banking,Delivered
ORD008721,CUST09534,2025-09-18,Credit Card,Delivered
ORD008722,CUST08986,2025-04-06,Debit Card,Delivered
ORD008723,CUST11999,2025-10-28,Net Banking,Delivered
ORD008724,CUST07438,2025-11-05,Debit Card,Delivered
ORD008725,CUST03545,2025-08-11,COD,Delivered
ORD008726,CUST03616,2026-08-08,Net Banking,Cancelled
ORD008727,CUST04091,2024-10-18,Net Banking,Delivered
ORD008728,CUST02535,2025-12-28,Debit Card,Delivered
ORD008729,CUST02857,2025-08-31,Debit Card,Delivered
ORD008730,CUST05881,2026-05-30,UPI,Delivered
ORD008731,CUST08846,2024-07-17,Credit Card,Pending
ORD008732,CUST06192,2024-05-16,UPI,Delivered
ORD008733,CUST04443,2025-01-04,UPI,Delivered
ORD008734,CUST11734,2024-01-21,Debit Card,Delivered
ORD008735,CUST05414,2024-06-08,Net Banking,Cancelled
ORD008736,CUST11297,2024-11-17,Net Banking,Cancelled
ORD008737,CUST02411,2024-10-26,Debit Card,Delivered
ORD008738,CUST07657,2025-09-24,Net Banking,Delivered
ORD008739,CUST05144,2025-04-17,Credit Card,Delivered
ORD008740,CUST03610,2025-12-05,COD,Delivered
ORD008741,CUST00682,2025-04-03,Net Banking,Delivered
ORD008742,CUST01119,2024-12-01,Net Banking,Returned
ORD008743,CUST04477,2025-12-27,UPI,Delivered
ORD008744,CUST04749,2025-10-16,Debit Card,Delivered
ORD008745,CUST02975,2025-10-28,Net Banking,Delivered
ORD008746,CUST05856,2024-01-16,Debit Card,Delivered
ORD008747,CUST01303,2024-10-28,UPI,Delivered
ORD008748,CUST05285,2025-04-25,Credit Card,Delivered
ORD008749,CUST01901,2024-12-24,COD,Delivered
ORD008750,CUST01083,2025-12-12,Credit Card,Delivered
ORD008751,CUST08634,2026-08-01,COD,Delivered
ORD008752,CUST10023,2025-07-30,Credit Card,Delivered
ORD008753,CUST03784,2024-01-19,COD,Delivered
ORD008754,CUST02642,2025-08-24,Credit Card,Delivered
ORD008755,CUST10490,2025-07-02,Debit Card,Returned
ORD008756,CUST10075,2025-11-28,COD,Delivered
ORD008757,CUST01801,2025-03-14,Debit Card,Pending
ORD008758,CUST11356,2024-11-04,UPI,Delivered
ORD008759,CUST03350,2024-02-16,Net Banking,Returned
ORD008760,CUST04683,2024-05-10,UPI,Pending
ORD008761,CUST07990,2024-03-28,UPI,Delivered
ORD008762,CUST05014,2024-12-07,COD,Delivered
ORD008763,CUST09201,2024-03-02,COD,Returned
ORD008764,CUST09230,2024-05-08,UPI,Cancelled
ORD008765,CUST01103,2024-02-08,Credit Card,Delivered
ORD008766,CUST00434,2026-04-20,Net Banking,Delivered
ORD008767,CUST11909,2024-06-09,Debit Card,Pending
ORD008768,CUST08669,2026-03-01,Debit Card,Delivered
ORD008769,CUST10977,2025-11-04,Credit Card,Delivered
ORD008770,CUST03934,2024-02-18,Net Banking,Delivered
ORD008771,CUST06545,2025-09-28,Credit Card,Cancelled
ORD008772,CUST07937,2026-08-02,Debit Card,Delivered
ORD008773,CUST03214,2026-01-08,Credit Card,Delivered
ORD008774,CUST03311,2024-10-31,COD,Delivered
ORD008775,CUST07735,2025-01-28,Debit Card,Delivered
ORD008776,CUST03564,2024-12-17,COD,Pending
ORD008777,CUST11273,2026-04-13,Net Banking,Delivered
ORD008778,CUST00384,2024-03-11,COD,Delivered
ORD008779,CUST09059,2026-04-14,Credit Card,Delivered
ORD008780,CUST00863,2026-01-28,Net Banking,Delivered
ORD008781,CUST08460,2025-04-04,UPI,Delivered
ORD008782,CUST09538,2024-02-08,Net Banking,Delivered
ORD008783,CUST05519,2026-07-26,UPI,Delivered
ORD008784,CUST03490,2024-04-09,UPI,Delivered
ORD008785,CUST11813,2025-04-19,Net Banking,Delivered
ORD008786,CUST05500,2025-05-27,UPI,Delivered
ORD008787,CUST00990,2025-11-16,COD,Returned
ORD008788,CUST06990,2025-11-06,COD,Delivered
ORD008789,CUST07048,2026-06-10,Net Banking,Delivered
ORD008790,CUST04679,2025-11-14,UPI,Delivered
ORD008791,CUST07270,2025-06-26,Credit Card,Delivered
ORD008792,CUST11482,2024-04-06,Net Banking,Pending
ORD008793,CUST06024,2025-09-13,UPI,Cancelled
ORD008794,CUST10006,2025-11-28,UPI,Cancelled
ORD008795,CUST03368,2025-01-22,UPI,Delivered
ORD008796,CUST09110,2025-05-26,Credit Card,Delivered
ORD008797,CUST11368,2024-02-22,COD,Delivered
ORD008798,CUST02569,2025-04-17,Debit Card,Delivered
ORD008799,CUST07228,2025-09-06,Credit Card,Cancelled
ORD008800,CUST08022,2026-05-10,Debit Card,Delivered
ORD008801,CUST05922,2024-07-03,COD,Delivered
ORD008802,CUST06052,2024-07-19,UPI,Pending
ORD008803,CUST09564,2024-03-18,Debit Card,Delivered
ORD008804,CUST11901,2024-09-04,Debit Card,Cancelled
ORD008805,CUST03967,2025-03-09,Credit Card,Returned
ORD008806,CUST09799,2026-02-11,COD,Delivered
ORD008807,CUST07846,2026-03-30,Net Banking,Delivered
ORD008808,CUST11203,2026-07-01,Debit Card,Delivered
ORD008809,CUST01887,2024-02-01,Credit Card,Delivered
ORD008810,CUST09709,2025-10-07,UPI,Delivered
ORD008811,CUST07705,2025-03-28,COD,Delivered
ORD008812,CUST02880,2025-08-27,UPI,Delivered
ORD008813,CUST00161,2025-05-20,UPI,Delivered
ORD008814,CUST11055,2025-01-15,Net Banking,Delivered
ORD008815,CUST08517,2026-05-09,Debit Card,Delivered
ORD008816,CUST00638,2026-08-14,Net Banking,Delivered
ORD008817,CUST08477,2025-01-28,Credit Card,Delivered
ORD008818,CUST02043,2025-02-10,Net Banking,Delivered
ORD008819,CUST11802,2026-05-30,Credit Card,Delivered
ORD008820,CUST07610,2024-06-29,Debit Card,Pending
ORD008821,CUST00085,2024-11-12,Debit Card,Delivered
ORD008822,CUST00738,2025-10-20,Net Banking,Delivered
ORD008823,CUST04785,2025-10-05,UPI,Delivered
ORD008824,CUST06383,2026-07-30,Net Banking,Delivered
ORD008825,CUST11311,2025-11-02,COD,Delivered
ORD008826,CUST01488,2026-05-01,Debit Card,Cancelled
ORD008827,CUST03437,2024-10-28,COD,Delivered
ORD008828,CUST00704,2025-07-27,COD,Delivered
ORD008829,CUST04270,2026-05-09,COD,Delivered
ORD008830,CUST07099,2024-11-05,UPI,Delivered
ORD008831,CUST00725,2026-06-10,Debit Card,Delivered
ORD008832,CUST00091,2026-05-17,Debit Card,Returned
ORD008833,CUST01770,2025-12-27,Debit Card,Pending
ORD008834,CUST00677,2026-04-14,Net Banking,Delivered
ORD008835,CUST09539,2026-03-02,Credit Card,Delivered
ORD008836,CUST10420,2025-07-31,Debit Card,Delivered
ORD008837,CUST06571,2025-06-13,UPI,Delivered
ORD008838,CUST04205,2026-01-22,UPI,Delivered
ORD008839,CUST06690,2025-08-30,Credit Card,Delivered
ORD008840,CUST04797,2025-07-13,Net Banking,Returned
ORD008841,CUST02375,2026-07-30,UPI,Delivered
ORD008842,CUST09949,2025-07-13,Credit Card,Cancelled
ORD008843,CUST03523,2026-04-09,UPI,Pending
ORD008844,CUST04781,2024-08-27,Credit Card,Delivered
ORD008845,CUST08873,2024-08-09,UPI,Delivered
ORD008846,CUST06068,2026-01-11,Net Banking,Cancelled
ORD008847,CUST01292,2025-10-28,Net Banking,Delivered
ORD008848,CUST02686,2025-07-27,UPI,Delivered
ORD008849,CUST09975,2024-04-11,UPI,Delivered
ORD008850,CUST10744,2025-01-15,COD,Delivered
ORD008851,CUST02320,2024-12-23,Debit Card,Delivered
ORD008852,CUST04355,2024-11-29,Net Banking,Delivered
ORD008853,CUST07067,2026-04-12,UPI,Delivered
ORD008854,CUST08430,2024-11-03,Debit Card,Delivered
ORD008855,CUST06080,2024-01-01,UPI,Delivered
ORD008856,CUST00304,2026-08-03,Debit Card,Delivered
ORD008857,CUST01627,2025-07-05,Debit Card,Delivered
ORD008858,CUST01254,2025-08-06,Net Banking,Delivered
ORD008859,CUST10543,2024-05-24,COD,Delivered
ORD008860,CUST09119,2024-01-01,Credit Card,Delivered
ORD008861,CUST01999,2025-08-12,UPI,Delivered
ORD008862,CUST09635,2025-05-05,Debit Card,Delivered
ORD008863,CUST04260,2025-05-06,COD,Delivered
ORD008864,CUST02402,2025-12-17,Debit Card,Cancelled
ORD008865,CUST02750,2026-07-14,UPI,Delivered
ORD008866,CUST07297,2025-12-17,Credit Card,Returned
ORD008867,CUST11028,2026-04-14,Net Banking,Returned
ORD008868,CUST05062,2025-05-17,Credit Card,Delivered
ORD008869,CUST06853,2025-06-17,Net Banking,Delivered
ORD008870,CUST11968,2026-03-13,Debit Card,Delivered
ORD008871,CUST00861,2026-04-03,COD,Delivered
ORD008872,CUST04934,2025-01-16,Net Banking,Delivered
ORD008873,CUST09471,2026-06-28,Debit Card,Returned
ORD008874,CUST00481,2024-08-19,UPI,Delivered
ORD008875,CUST01972,2025-07-10,UPI,Delivered
ORD008876,CUST09053,2026-05-03,COD,Delivered
ORD008877,CUST08300,2024-10-15,COD,Delivered
ORD008878,CUST05821,2025-01-30,UPI,Delivered
ORD008879,CUST03914,2026-07-08,UPI,Returned
ORD008880,CUST10204,2025-12-09,Net Banking,Delivered
ORD008881,CUST10269,2026-08-10,COD,Cancelled
ORD008882,CUST02163,2026-06-23,UPI,Delivered
ORD008883,CUST00547,2024-05-09,Net Banking,Delivered
ORD008884,CUST11055,2024-11-10,Debit Card,Delivered
ORD008885,CUST10169,2025-05-24,COD,Delivered
ORD008886,CUST06816,2026-05-12,COD,Delivered
ORD008887,CUST02687,2026-01-19,UPI,Delivered
ORD008888,CUST03886,2026-03-07,UPI,Delivered
ORD008889,CUST07716,2026-01-02,UPI,Delivered
ORD008890,CUST02119,2025-05-16,UPI,Pending
ORD008891,CUST08586,2026-04-02,Credit Card,Delivered
ORD008892,CUST10030,2026-05-11,UPI,Delivered
ORD008893,CUST10849,2024-05-29,Debit Card,Cancelled
ORD008894,CUST04634,2026-06-05,UPI,Delivered
ORD008895,CUST00176,2025-12-25,UPI,Delivered
ORD008896,CUST06157,2025-09-08,Debit Card,Delivered
ORD008897,CUST04766,2025-11-19,Net Banking,Delivered
ORD008898,CUST04320,2025-01-30,Debit Card,Returned
ORD008899,CUST03526,2025-12-11,COD,Delivered
ORD008900,CUST00484,2024-08-04,Debit Card,Delivered
ORD008901,CUST06338,2026-06-22,COD,Delivered
ORD008902,CUST08504,2025-04-25,Credit Card,Delivered
ORD008903,CUST05406,2025-06-11,Debit Card,Delivered
ORD008904,CUST06711,2024-06-16,Net Banking,Delivered
ORD008905,CUST04826,2024-06-21,Credit Card,Delivered
ORD008906,CUST05337,2025-07-29,UPI,Delivered
ORD008907,CUST09386,2025-12-03,Net Banking,Delivered
ORD008908,CUST00518,2025-11-21,Debit Card,Delivered
ORD008909,CUST08456,2024-08-24,Debit Card,Delivered
ORD008910,CUST04937,2024-01-10,Net Banking,Delivered
ORD008911,CUST11904,2024-03-16,UPI,Delivered
ORD008912,CUST08408,2024-08-01,UPI,Delivered
ORD008913,CUST06470,2024-04-30,Credit Card,Delivered
ORD008914,CUST02600,2026-08-24,Net Banking,Delivered
ORD008915,CUST10936,2024-06-21,COD,Delivered
ORD008916,CUST04688,2026-05-02,Net Banking,Delivered
ORD008917,CUST10001,2025-07-21,UPI,Delivered
ORD008918,CUST04440,2024-08-17,UPI,Delivered
ORD008919,CUST05928,2025-08-07,Credit Card,Delivered
ORD008920,CUST01128,2025-12-24,Net Banking,Delivered
ORD008921,CUST10748,2024-01-13,Debit Card,Delivered
ORD008922,CUST02362,2024-03-04,COD,Delivered
ORD008923,CUST10174,2025-09-18,Net Banking,Delivered
ORD008924,CUST00347,2025-12-28,COD,Delivered
ORD008925,CUST07114,2025-10-31,Net Banking,Cancelled
ORD008926,CUST06966,2026-03-30,UPI,Returned
ORD008927,CUST06963,2025-09-17,COD,Cancelled
ORD008928,CUST08842,2025-07-19,Net Banking,Delivered
ORD008929,CUST10910,2026-04-04,Debit Card,Cancelled
ORD008930,CUST08457,2025-06-13,UPI,Delivered
ORD008931,CUST11438,2025-06-20,Debit Card,Delivered
ORD008932,CUST00378,2025-11-23,Credit Card,Cancelled
ORD008933,CUST02942,2026-02-26,Credit Card,Delivered
ORD008934,CUST06938,2025-06-06,Credit Card,Delivered
ORD008935,CUST11968,2025-11-10,UPI,Cancelled
ORD008936,CUST06306,2025-04-26,Debit Card,Pending
ORD008937,CUST03811,2026-07-07,Net Banking,Delivered
ORD008938,CUST11392,2025-08-24,UPI,Delivered
ORD008939,CUST02075,2024-03-27,Net Banking,Delivered
ORD008940,CUST11348,2025-05-11,UPI,Delivered
ORD008941,CUST09432,2025-03-01,COD,Delivered
ORD008942,CUST10139,2025-11-17,Credit Card,Delivered
ORD008943,CUST03667,2024-02-25,Credit Card,Cancelled
ORD008944,CUST03378,2026-03-11,COD,Returned
ORD008945,CUST01835,2025-12-29,Debit Card,Delivered
ORD008946,CUST11305,2025-09-01,Credit Card,Returned
ORD008947,CUST10188,2026-03-04,Credit Card,Delivered
ORD008948,CUST09064,2026-05-20,Debit Card,Delivered
ORD008949,CUST10258,2024-11-20,Debit Card,Delivered
ORD008950,CUST10429,2025-06-24,COD,Delivered
ORD008951,CUST06344,2025-04-22,Credit Card,Cancelled
ORD008952,CUST07221,2026-05-26,COD,Returned
ORD008953,CUST04176,2024-11-11,UPI,Delivered
ORD008954,CUST11573,2026-07-21,Debit Card,Delivered
ORD008955,CUST09485,2025-05-15,Debit Card,Returned
ORD008956,CUST04890,2025-10-26,Credit Card,Delivered
ORD008957,CUST09840,2024-04-16,Net Banking,Delivered
ORD008958,CUST09818,2026-08-27,COD,Returned
ORD008959,CUST06200,2025-11-14,Debit Card,Delivered
ORD008960,CUST08381,2025-02-21,Debit Card,Delivered
ORD008961,CUST07668,2024-04-30,Credit Card,Delivered
ORD008962,CUST03506,2024-01-12,Credit Card,Delivered
ORD008963,CUST03221,2024-12-14,Net Banking,Delivered
ORD008964,CUST04833,2025-07-04,UPI,Delivered
ORD008965,CUST00704,2024-05-26,UPI,Delivered
ORD008966,CUST09602,2025-10-20,Credit Card,Delivered
ORD008967,CUST00840,2024-01-29,Net Banking,Delivered
ORD008968,CUST10822,2025-12-06,Credit Card,Delivered
ORD008969,CUST02566,2025-08-24,UPI,Delivered
ORD008970,CUST00534,2025-05-07,COD,Delivered
ORD008971,CUST10226,2024-12-22,Debit Card,Delivered
ORD008972,CUST01342,2026-05-29,Debit Card,Delivered
ORD008973,CUST10821,2026-01-24,Net Banking,Delivered
ORD008974,CUST01622,2024-08-13,UPI,Delivered
ORD008975,CUST10809,2026-01-03,Net Banking,Delivered
ORD008976,CUST03696,2024-11-27,Net Banking,Delivered
ORD008977,CUST06809,2025-06-15,Net Banking,Delivered
ORD008978,CUST03538,2026-08-10,Debit Card,Delivered
ORD008979,CUST05961,2026-05-14,Net Banking,Delivered
ORD008980,CUST10393,2026-02-15,UPI,Delivered
ORD008981,CUST07030,2025-05-28,UPI,Delivered
ORD008982,CUST00673,2024-06-04,COD,Delivered
ORD008983,CUST00363,2025-06-29,UPI,Delivered
ORD008984,CUST03080,2024-10-03,Debit Card,Delivered
ORD008985,CUST01384,2024-12-04,UPI,Returned
ORD008986,CUST07800,2025-12-18,Credit Card,Delivered
ORD008987,CUST08333,2024-12-02,Net Banking,Delivered
ORD008988,CUST06461,2025-03-15,COD,Delivered
ORD008989,CUST02288,2025-01-23,Credit Card,Delivered
ORD008990,CUST00629,2024-12-06,UPI,Pending
ORD008991,CUST01650,2026-02-28,UPI,Cancelled
ORD008992,CUST11113,2025-11-29,Net Banking,Delivered
ORD008993,CUST10220,2026-07-24,Net Banking,Pending
ORD008994,CUST07478,2024-03-24,Debit Card,Delivered
ORD008995,CUST08348,2024-07-09,COD,Delivered
ORD008996,CUST04309,2026-07-16,Debit Card,Delivered
ORD008997,CUST10420,2024-10-27,UPI,Delivered
ORD008998,CUST02845,2024-12-04,COD,Delivered
ORD008999,CUST10333,2026-01-01,COD,Delivered
ORD009000,CUST03261,2025-04-15,Debit Card,Delivered
ORD009001,CUST03316,2024-02-02,UPI,Delivered
ORD009002,CUST08009,2025-04-10,UPI,Returned
ORD009003,CUST03784,2024-10-17,Debit Card,Pending
ORD009004,CUST08237,2024-10-28,COD,Delivered
ORD009005,CUST00593,2025-09-30,COD,Delivered
ORD009006,CUST06871,2025-04-29,Credit Card,Delivered
ORD009007,CUST09959,2026-05-23,Debit Card,Cancelled
ORD009008,CUST01999,2025-11-06,UPI,Returned
ORD009009,CUST04238,2024-12-29,Credit Card,Delivered
ORD009010,CUST06873,2025-12-02,Debit Card,Delivered
ORD009011,CUST09552,2024-03-23,COD,Delivered
ORD009012,CUST03057,2025-12-30,Net Banking,Delivered
ORD009013,CUST10160,2026-05-17,Debit Card,Delivered
ORD009014,CUST05266,2024-12-28,COD,Delivered
ORD009015,CUST11936,2024-01-26,Net Banking,Delivered
ORD009016,CUST09382,2025-10-08,UPI,Delivered
ORD009017,CUST08820,2024-12-08,Net Banking,Delivered
ORD009018,CUST00143,2025-10-06,UPI,Delivered
ORD009019,CUST08101,2025-01-07,Net Banking,Delivered
ORD009020,CUST10033,2025-12-27,COD,Delivered
ORD009021,CUST10273,2026-07-16,Credit Card,Delivered
ORD009022,CUST11975,2026-04-26,UPI,Delivered
ORD009023,CUST06848,2025-04-19,Debit Card,Delivered
ORD009024,CUST01621,2024-03-21,Net Banking,Delivered
ORD009025,CUST07461,2024-12-05,Debit Card,Delivered
ORD009026,CUST03642,2026-08-10,UPI,Delivered
ORD009027,CUST02057,2025-12-20,UPI,Delivered
ORD009028,CUST06727,2025-09-15,Net Banking,Delivered
ORD009029,CUST10125,2025-05-04,Debit Card,Delivered
ORD009030,CUST03263,2024-05-02,Credit Card,Pending
ORD009031,CUST07999,2025-03-21,Credit Card,Delivered
ORD009032,CUST11325,2026-07-12,Credit Card,Returned
ORD009033,CUST06564,2026-06-11,Credit Card,Delivered
ORD009034,CUST04360,2026-01-04,Credit Card,Delivered
ORD009035,CUST00602,2024-05-01,Net Banking,Returned
ORD009036,CUST05616,2024-03-20,Credit Card,Delivered
ORD009037,CUST01069,2025-10-01,UPI,Delivered
ORD009038,CUST06058,2024-11-29,UPI,Delivered
ORD009039,CUST04366,2024-03-14,Net Banking,Delivered
ORD009040,CUST01898,2025-03-25,Credit Card,Delivered
ORD009041,CUST09709,2026-01-06,Net Banking,Delivered
ORD009042,CUST02424,2024-10-23,Net Banking,Cancelled
ORD009043,CUST01989,2024-03-26,COD,Delivered
ORD009044,CUST04789,2026-04-13,UPI,Returned
ORD009045,CUST03573,2025-12-04,Debit Card,Delivered
ORD009046,CUST03891,2026-02-13,Net Banking,Delivered
ORD009047,CUST08141,2025-05-14,Net Banking,Delivered
ORD009048,CUST09346,2026-07-25,Net Banking,Cancelled
ORD009049,CUST09776,2024-05-02,Credit Card,Delivered
ORD009050,CUST07630,2025-09-30,Debit Card,Delivered
ORD009051,CUST07089,2025-03-04,Credit Card,Delivered
ORD009052,CUST02128,2026-07-28,Credit Card,Delivered
ORD009053,CUST10377,2025-06-25,Debit Card,Delivered
ORD009054,CUST00002,2026-07-22,COD,Delivered
ORD009055,CUST04171,2024-06-15,UPI,Delivered
ORD009056,CUST05080,2025-10-20,UPI,Cancelled
ORD009057,CUST05341,2026-02-04,UPI,Delivered
ORD009058,CUST01806,2025-03-06,Credit Card,Delivered
ORD009059,CUST11248,2024-02-07,Credit Card,Cancelled
ORD009060,CUST06396,2025-02-04,Credit Card,Delivered
ORD009061,CUST06614,2025-09-04,COD,Returned
ORD009062,CUST07471,2026-08-27,Credit Card,Delivered
ORD009063,CUST11632,2025-08-13,Debit Card,Delivered
ORD009064,CUST09122,2026-08-22,Credit Card,Cancelled
ORD009065,CUST10623,2026-01-23,Credit Card,Delivered
ORD009066,CUST00896,2024-04-11,Net Banking,Delivered
ORD009067,CUST03105,2025-05-05,Debit Card,Delivered
ORD009068,CUST01383,2026-05-16,Net Banking,Delivered
ORD009069,CUST04843,2026-02-10,Net Banking,Delivered
ORD009070,CUST04114,2025-11-05,Credit Card,Cancelled
ORD009071,CUST11670,2026-06-15,COD,Delivered
ORD009072,CUST00217,2025-04-09,Debit Card,Delivered
ORD009073,CUST01381,2025-08-19,Credit Card,Delivered
ORD009074,CUST01312,2025-09-13,UPI,Delivered
ORD009075,CUST10612,2025-03-17,UPI,Cancelled
ORD009076,CUST09905,2025-02-09,COD,Delivered
ORD009077,CUST02980,2025-01-23,Debit Card,Delivered
ORD009078,CUST03904,2024-07-06,Debit Card,Cancelled
ORD009079,CUST01568,2026-01-19,Net Banking,Returned
ORD009080,CUST09175,2024-02-05,UPI,Delivered
ORD009081,CUST03693,2026-05-19,UPI,Delivered
ORD009082,CUST11056,2026-06-23,UPI,Delivered
ORD009083,CUST06964,2024-07-30,Debit Card,Delivered
ORD009084,CUST08841,2024-12-31,Credit Card,Delivered
ORD009085,CUST01132,2024-11-08,UPI,Delivered
ORD009086,CUST05664,2026-05-23,UPI,Pending
ORD009087,CUST03210,2025-05-17,COD,Delivered
ORD009088,CUST09698,2026-05-26,Net Banking,Delivered
ORD009089,CUST08918,2026-08-31,COD,Returned
ORD009090,CUST00069,2025-08-18,Credit Card,Delivered
ORD009091,CUST02827,2024-03-30,COD,Delivered
ORD009092,CUST03770,2025-10-05,COD,Delivered
ORD009093,CUST06428,2024-11-02,UPI,Delivered
ORD009094,CUST05464,2026-07-23,UPI,Delivered
ORD009095,CUST00437,2025-08-18,Net Banking,Delivered
ORD009096,CUST02666,2024-04-15,Net Banking,Delivered
ORD009097,CUST00808,2025-11-22,COD,Delivered
ORD009098,CUST05824,2024-07-21,Debit Card,Delivered
ORD009099,CUST01674,2024-11-22,Debit Card,Pending
ORD009100,CUST00555,2024-11-06,Net Banking,Delivered
ORD009101,CUST08108,2025-09-11,Credit Card,Delivered
ORD009102,CUST00624,2024-01-31,Net Banking,Delivered
ORD009103,CUST07609,2024-02-19,COD,Delivered
ORD009104,CUST06991,2026-06-22,Debit Card,Pending
ORD009105,CUST07742,2024-03-27,COD,Delivered
ORD009106,CUST03438,2026-05-29,Credit Card,Delivered
ORD009107,CUST06381,2025-10-16,UPI,Delivered
ORD009108,CUST03517,2024-03-05,Net Banking,Delivered
ORD009109,CUST04909,2026-01-20,UPI,Delivered
ORD009110,CUST03773,2026-02-16,Debit Card,Delivered
ORD009111,CUST06362,2026-07-25,Credit Card,Delivered
ORD009112,CUST11650,2025-08-22,COD,Delivered
ORD009113,CUST11466,2024-11-30,Net Banking,Delivered
ORD009114,CUST02910,2026-05-30,Debit Card,Delivered
ORD009115,CUST10287,2024-06-24,Credit Card,Delivered
ORD009116,CUST11519,2025-10-22,COD,Delivered
ORD009117,CUST03907,2025-04-14,COD,Delivered
ORD009118,CUST04838,2024-01-24,Debit Card,Delivered
ORD009119,CUST08477,2026-08-27,COD,Delivered
ORD009120,CUST00622,2025-10-24,UPI,Cancelled
ORD009121,CUST00431,2024-11-20,UPI,Pending
ORD009122,CUST03653,2026-03-11,Credit Card,Cancelled
ORD009123,CUST07231,2024-02-05,UPI,Cancelled
ORD009124,CUST03923,2026-07-09,Debit Card,Delivered
ORD009125,CUST01382,2024-08-19,Credit Card,Delivered
ORD009126,CUST01572,2025-11-28,Net Banking,Delivered
ORD009127,CUST00332,2025-08-24,COD,Delivered
ORD009128,CUST03672,2024-11-17,UPI,Delivered
ORD009129,CUST06841,2024-08-13,Net Banking,Delivered
ORD009130,CUST05278,2026-03-09,COD,Delivered
ORD009131,CUST07054,2024-12-25,Debit Card,Delivered
ORD009132,CUST03879,2026-07-28,Net Banking,Pending
ORD009133,CUST01397,2024-07-09,Credit Card,Delivered
ORD009134,CUST07380,2024-06-21,Debit Card,Returned
ORD009135,CUST01380,2025-08-17,UPI,Delivered
ORD009136,CUST07540,2025-09-24,Net Banking,Pending
ORD009137,CUST00727,2025-04-10,Debit Card,Delivered
ORD009138,CUST06563,2026-06-06,Debit Card,Delivered
ORD009139,CUST09506,2025-11-20,Net Banking,Delivered
ORD009140,CUST02517,2026-04-14,UPI,Delivered
ORD009141,CUST01405,2024-07-17,Debit Card,Returned
ORD009142,CUST03942,2026-05-04,Net Banking,Delivered
ORD009143,CUST11758,2026-01-10,Debit Card,Delivered
ORD009144,CUST11400,2024-05-08,Credit Card,Delivered
ORD009145,CUST03883,2026-01-23,Net Banking,Cancelled
ORD009146,CUST08959,2026-04-18,Net Banking,Delivered
ORD009147,CUST08563,2024-12-07,Debit Card,Delivered
ORD009148,CUST00862,2026-08-20,Net Banking,Cancelled
ORD009149,CUST07279,2024-03-23,Credit Card,Delivered
ORD009150,CUST01204,2026-05-11,UPI,Delivered
ORD009151,CUST08788,2024-05-16,Credit Card,Delivered
ORD009152,CUST06228,2025-09-02,Net Banking,Delivered
ORD009153,CUST00814,2025-05-16,Net Banking,Delivered
ORD009154,CUST10623,2024-06-11,Debit Card,Returned
ORD009155,CUST10152,2024-05-20,COD,Delivered
ORD009156,CUST10373,2025-10-27,COD,Delivered
ORD009157,CUST07008,2024-06-21,UPI,Delivered
ORD009158,CUST07997,2024-06-27,Debit Card,Delivered
ORD009159,CUST01465,2026-05-09,Credit Card,Delivered
ORD009160,CUST09535,2024-06-01,Debit Card,Delivered
ORD009161,CUST07257,2025-07-21,Debit Card,Delivered
ORD009162,CUST06911,2026-03-17,Credit Card,Cancelled
ORD009163,CUST03333,2025-10-04,Debit Card,Delivered
ORD009164,CUST02403,2025-04-03,Net Banking,Cancelled
ORD009165,CUST11515,2025-04-22,UPI,Delivered
ORD009166,CUST03605,2025-07-18,COD,Pending
ORD009167,CUST02660,2026-07-17,Credit Card,Delivered
ORD009168,CUST11539,2025-07-27,COD,Delivered
ORD009169,CUST10903,2026-01-07,Net Banking,Delivered
ORD009170,CUST00325,2024-04-14,COD,Delivered
ORD009171,CUST10116,2025-12-07,Net Banking,Returned
ORD009172,CUST03041,2026-04-16,COD,Delivered
ORD009173,CUST02287,2026-06-18,UPI,Delivered
ORD009174,CUST01059,2024-07-18,Net Banking,Delivered
ORD009175,CUST08507,2024-11-10,Credit Card,Delivered
ORD009176,CUST01578,2026-07-01,Credit Card,Delivered
ORD009177,CUST00639,2025-02-09,Debit Card,Delivered
ORD009178,CUST05850,2025-11-08,Debit Card,Cancelled
ORD009179,CUST00357,2025-12-28,UPI,Cancelled
ORD009180,CUST07254,2024-10-13,COD,Delivered
ORD009181,CUST07217,2026-03-27,COD,Delivered
ORD009182,CUST06618,2026-08-05,Net Banking,Delivered
ORD009183,CUST00297,2026-05-30,UPI,Delivered
ORD009184,CUST10061,2024-12-31,Net Banking,Delivered
ORD009185,CUST07273,2024-08-04,Credit Card,Delivered
ORD009186,CUST06705,2025-07-03,Credit Card,Delivered
ORD009187,CUST08656,2026-02-03,COD,Pending
ORD009188,CUST03506,2024-10-31,Debit Card,Delivered
ORD009189,CUST05787,2025-12-30,Debit Card,Delivered
ORD009190,CUST08406,2024-04-09,Credit Card,Delivered
ORD009191,CUST10943,2025-02-14,Net Banking,Delivered
ORD009192,CUST08038,2025-06-18,COD,Cancelled
ORD009193,CUST09829,2024-12-05,Net Banking,Delivered
ORD009194,CUST08899,2024-10-09,Debit Card,Delivered
ORD009195,CUST02203,2025-08-15,UPI,Delivered
ORD009196,CUST00007,2025-10-15,Debit Card,Delivered
ORD009197,CUST03053,2024-05-10,Net Banking,Delivered
ORD009198,CUST03195,2024-04-13,Debit Card,Delivered
ORD009199,CUST10007,2025-06-22,Debit Card,Cancelled
ORD009200,CUST03522,2025-12-02,Debit Card,Delivered
ORD009201,CUST03748,2024-09-08,Debit Card,Delivered
ORD009202,CUST03898,2026-02-20,COD,Returned
ORD009203,CUST06097,2026-01-01,Credit Card,Delivered
ORD009204,CUST09991,2025-11-14,Debit Card,Delivered
ORD009205,CUST09026,2024-01-25,Debit Card,Delivered
ORD009206,CUST11215,2024-07-07,COD,Delivered
ORD009207,CUST00558,2024-07-21,COD,Delivered
ORD009208,CUST01790,2025-05-22,UPI,Delivered
ORD009209,CUST11246,2024-02-21,COD,Delivered
ORD009210,CUST02869,2025-10-13,UPI,Delivered
ORD009211,CUST11332,2025-05-20,UPI,Delivered
ORD009212,CUST10798,2025-04-12,Debit Card,Delivered
ORD009213,CUST00155,2026-01-27,Net Banking,Delivered
ORD009214,CUST05913,2025-02-21,Debit Card,Delivered
ORD009215,CUST07180,2026-03-01,Credit Card,Delivered
ORD009216,CUST00188,2026-07-03,UPI,Cancelled
ORD009217,CUST02065,2024-04-29,Net Banking,Delivered
ORD009218,CUST10880,2026-01-09,COD,Delivered
ORD009219,CUST09567,2025-05-06,COD,Delivered
ORD009220,CUST07798,2024-09-13,COD,Delivered
ORD009221,CUST11893,2025-04-02,Net Banking,Delivered
ORD009222,CUST09088,2024-07-11,COD,Delivered
ORD009223,CUST04237,2025-09-29,COD,Delivered
ORD009224,CUST02863,2024-05-12,UPI,Delivered
ORD009225,CUST09962,2024-07-03,COD,Delivered
ORD009226,CUST06275,2024-05-29,Net Banking,Delivered
ORD009227,CUST03018,2025-03-02,COD,Delivered
ORD009228,CUST08082,2024-09-14,Debit Card,Delivered
ORD009229,CUST06653,2025-04-01,UPI,Returned
ORD009230,CUST01188,2026-01-17,Credit Card,Delivered
ORD009231,CUST01916,2025-01-25,Debit Card,Delivered
ORD009232,CUST00988,2026-05-29,Credit Card,Cancelled
ORD009233,CUST11449,2024-10-03,Net Banking,Delivered
ORD009234,CUST10499,2024-11-22,Credit Card,Delivered
ORD009235,CUST06577,2025-07-24,Credit Card,Delivered
ORD009236,CUST07845,2026-02-15,COD,Delivered
ORD009237,CUST11796,2024-04-29,UPI,Delivered
ORD009238,CUST09546,2026-07-24,Credit Card,Delivered
ORD009239,CUST09186,2025-08-07,Net Banking,Delivered
ORD009240,CUST10688,2024-09-07,Net Banking,Delivered
ORD009241,CUST08982,2024-04-24,Net Banking,Returned
ORD009242,CUST02709,2026-08-02,COD,Delivered
ORD009243,CUST08682,2025-01-30,Debit Card,Cancelled
ORD009244,CUST03969,2025-05-06,COD,Delivered
ORD009245,CUST09612,2025-09-03,COD,Delivered
ORD009246,CUST03835,2025-08-07,Credit Card,Delivered
ORD009247,CUST00008,2024-05-17,UPI,Delivered
ORD009248,CUST02931,2025-09-16,Net Banking,Delivered
ORD009249,CUST10399,2025-08-08,UPI,Delivered
ORD009250,CUST08965,2026-01-17,Debit Card,Delivered
ORD009251,CUST05248,2026-02-23,UPI,Delivered
ORD009252,CUST00819,2026-01-11,UPI,Delivered
ORD009253,CUST01007,2024-09-16,Debit Card,Delivered
ORD009254,CUST05037,2025-07-29,Debit Card,Delivered
ORD009255,CUST10765,2025-10-17,Net Banking,Returned
ORD009256,CUST07075,2024-10-31,Net Banking,Returned
ORD009257,CUST00544,2025-05-10,Debit Card,Delivered
ORD009258,CUST10184,2025-09-03,Debit Card,Delivered
ORD009259,CUST06550,2024-06-03,COD,Returned
ORD009260,CUST02097,2024-01-06,Net Banking,Cancelled
ORD009261,CUST04092,2025-09-07,Net Banking,Pending
ORD009262,CUST00779,2025-06-04,COD,Returned
ORD009263,CUST05703,2026-04-05,COD,Delivered
ORD009264,CUST02116,2026-02-02,Net Banking,Delivered
ORD009265,CUST08360,2025-06-27,COD,Returned
ORD009266,CUST02978,2025-02-25,Net Banking,Cancelled
ORD009267,CUST01899,2024-01-30,Credit Card,Delivered
ORD009268,CUST02152,2026-08-31,Net Banking,Delivered
ORD009269,CUST00726,2024-10-27,COD,Delivered
ORD009270,CUST11422,2025-01-04,Debit Card,Delivered
ORD009271,CUST10341,2026-07-13,UPI,Delivered
ORD009272,CUST06462,2026-01-01,UPI,Delivered
ORD009273,CUST02726,2024-05-29,UPI,Delivered
ORD009274,CUST08734,2026-03-09,UPI,Returned
ORD009275,CUST07200,2025-12-21,Debit Card,Delivered
ORD009276,CUST05236,2025-10-01,UPI,Delivered
ORD009277,CUST01433,2025-06-12,Credit Card,Delivered
ORD009278,CUST06650,2026-05-30,COD,Delivered
ORD009279,CUST10853,2024-05-04,Net Banking,Delivered
ORD009280,CUST07767,2024-02-23,Debit Card,Delivered
ORD009281,CUST01548,2025-08-13,UPI,Delivered
ORD009282,CUST04361,2026-03-25,UPI,Delivered
ORD009283,CUST09597,2024-06-08,UPI,Delivered
ORD009284,CUST02981,2024-06-04,COD,Delivered
ORD009285,CUST00273,2025-01-29,Debit Card,Delivered
ORD009286,CUST08099,2025-02-26,Credit Card,Delivered
ORD009287,CUST06643,2026-07-01,Net Banking,Delivered
ORD009288,CUST05103,2026-04-23,Credit Card,Delivered
ORD009289,CUST00369,2026-06-01,Credit Card,Delivered
ORD009290,CUST06110,2025-01-05,UPI,Delivered
ORD009291,CUST08569,2024-06-15,Debit Card,Delivered
ORD009292,CUST01084,2026-01-25,UPI,Delivered
ORD009293,CUST00772,2025-12-13,Net Banking,Pending
ORD009294,CUST07620,2025-10-26,Debit Card,Pending
ORD009295,CUST02008,2026-03-04,Credit Card,Delivered
ORD009296,CUST03971,2024-11-19,UPI,Delivered
ORD009297,CUST05257,2024-07-08,Credit Card,Returned
ORD009298,CUST06923,2025-10-20,Net Banking,Delivered
ORD009299,CUST08160,2025-06-08,COD,Delivered
ORD009300,CUST09716,2025-05-26,Net Banking,Delivered
ORD009301,CUST01279,2024-10-11,Debit Card,Delivered
ORD009302,CUST10045,2026-04-01,COD,Delivered
ORD009303,CUST06632,2024-08-26,Credit Card,Delivered
ORD009304,CUST09565,2025-08-07,COD,Delivered
ORD009305,CUST00738,2025-11-12,UPI,Returned
ORD009306,CUST03440,2025-03-21,Credit Card,Delivered
ORD009307,CUST11767,2026-01-13,COD,Delivered
ORD009308,CUST05218,2024-07-17,Net Banking,Delivered
ORD009309,CUST09493,2024-07-17,COD,Delivered
ORD009310,CUST04121,2024-01-21,Debit Card,Returned
ORD009311,CUST10709,2024-09-21,Credit Card,Delivered
ORD009312,CUST05694,2025-05-12,COD,Delivered
ORD009313,CUST09812,2025-11-15,Credit Card,Delivered
ORD009314,CUST11800,2025-02-14,Net Banking,Delivered
ORD009315,CUST03781,2026-03-26,Debit Card,Delivered
ORD009316,CUST02473,2024-12-06,Credit Card,Delivered
ORD009317,CUST07097,2024-07-15,Debit Card,Cancelled
ORD009318,CUST07403,2024-05-12,Net Banking,Delivered
ORD009319,CUST04744,2026-04-19,Credit Card,Delivered
ORD009320,CUST06270,2024-09-27,Net Banking,Delivered
ORD009321,CUST06752,2025-08-11,Net Banking,Delivered
ORD009322,CUST06983,2025-08-31,Debit Card,Delivered
ORD009323,CUST00550,2025-11-14,Net Banking,Delivered
ORD009324,CUST03220,2025-01-13,Net Banking,Delivered
ORD009325,CUST01531,2026-07-31,COD,Delivered
ORD009326,CUST02127,2025-06-27,Credit Card,Delivered
ORD009327,CUST06119,2024-02-05,Net Banking,Returned
ORD009328,CUST04636,2025-11-19,UPI,Delivered
ORD009329,CUST04575,2025-03-12,UPI,Delivered
ORD009330,CUST10518,2025-02-10,COD,Delivered
ORD009331,CUST09960,2026-07-18,Net Banking,Delivered
ORD009332,CUST08305,2024-05-25,COD,Delivered
ORD009333,CUST05811,2025-01-30,UPI,Pending
ORD009334,CUST02840,2026-05-04,Credit Card,Delivered
ORD009335,CUST07394,2025-01-16,Net Banking,Delivered
ORD009336,CUST05193,2024-05-09,COD,Delivered
ORD009337,CUST11629,2024-08-23,Credit Card,Delivered
ORD009338,CUST11724,2025-10-28,COD,Delivered
ORD009339,CUST06583,2024-06-26,Credit Card,Delivered
ORD009340,CUST03076,2025-02-18,Credit Card,Delivered
ORD009341,CUST02792,2025-03-07,COD,Delivered
ORD009342,CUST00058,2026-05-03,UPI,Delivered
ORD009343,CUST07949,2024-03-09,COD,Pending
ORD009344,CUST01757,2024-05-24,Debit Card,Delivered
ORD009345,CUST06299,2024-02-12,Net Banking,Delivered
ORD009346,CUST06254,2025-03-30,UPI,Delivered
ORD009347,CUST08551,2024-05-25,UPI,Cancelled
ORD009348,CUST06010,2026-02-05,COD,Delivered
ORD009349,CUST00764,2024-07-12,Net Banking,Delivered
ORD009350,CUST05313,2026-03-09,Debit Card,Delivered
ORD009351,CUST06999,2024-03-03,COD,Delivered
ORD009352,CUST00529,2024-10-10,Net Banking,Delivered
ORD009353,CUST02447,2025-12-07,COD,Delivered
ORD009354,CUST01930,2025-01-27,Net Banking,Returned
ORD009355,CUST06096,2025-08-31,UPI,Pending
ORD009356,CUST02277,2024-01-28,COD,Cancelled
ORD009357,CUST02972,2025-05-22,Debit Card,Delivered
ORD009358,CUST10114,2026-01-29,Net Banking,Returned
ORD009359,CUST11239,2026-07-02,Debit Card,Delivered
ORD009360,CUST04387,2025-10-16,Debit Card,Delivered
ORD009361,CUST11663,2025-04-03,COD,Delivered
ORD009362,CUST11451,2026-02-11,Net Banking,Delivered
ORD009363,CUST06603,2026-03-19,Credit Card,Delivered
ORD009364,CUST02103,2025-09-13,Debit Card,Pending
ORD009365,CUST01744,2025-12-31,Net Banking,Delivered
ORD009366,CUST07732,2024-03-16,UPI,Delivered
ORD009367,CUST09639,2024-07-20,Debit Card,Returned
ORD009368,CUST06898,2024-07-19,Debit Card,Delivered
ORD009369,CUST09687,2026-02-06,Debit Card,Delivered
ORD009370,CUST05820,2025-01-07,UPI,Delivered
ORD009371,CUST09672,2024-11-17,UPI,Cancelled
ORD009372,CUST07490,2024-11-24,COD,Delivered
ORD009373,CUST00440,2025-01-01,Credit Card,Delivered
ORD009374,CUST04186,2025-09-23,COD,Delivered
ORD009375,CUST00168,2024-06-27,Credit Card,Cancelled
ORD009376,CUST02451,2024-05-06,Debit Card,Delivered
ORD009377,CUST10438,2024-05-23,Net Banking,Delivered
ORD009378,CUST07137,2024-07-11,Debit Card,Delivered
ORD009379,CUST07031,2025-04-13,UPI,Delivered
ORD009380,CUST09780,2024-08-29,Credit Card,Returned
ORD009381,CUST05476,2024-02-26,Debit Card,Delivered
ORD009382,CUST10569,2025-02-24,Credit Card,Delivered
ORD009383,CUST11927,2025-11-09,COD,Delivered
ORD009384,CUST09512,2025-07-30,UPI,Delivered
ORD009385,CUST01734,2025-03-08,UPI,Delivered
ORD009386,CUST03378,2024-02-16,Net Banking,Delivered
ORD009387,CUST06803,2025-02-27,Debit Card,Delivered
ORD009388,CUST07954,2025-02-01,UPI,Delivered
ORD009389,CUST03483,2024-10-22,Net Banking,Delivered
ORD009390,CUST07777,2024-10-30,UPI,Cancelled
ORD009391,CUST09309,2024-08-23,COD,Returned
ORD009392,CUST09033,2025-02-19,Debit Card,Delivered
ORD009393,CUST01836,2026-03-17,Debit Card,Delivered
ORD009394,CUST05182,2025-09-04,Credit Card,Cancelled
ORD009395,CUST01458,2025-11-03,Net Banking,Returned
ORD009396,CUST11867,2025-02-17,COD,Delivered
ORD009397,CUST05941,2024-04-29,Credit Card,Cancelled
ORD009398,CUST09575,2025-10-27,COD,Returned
ORD009399,CUST02507,2025-07-08,Credit Card,Delivered
ORD009400,CUST02102,2025-03-14,Credit Card,Delivered
ORD009401,CUST07918,2025-07-09,Debit Card,Delivered
ORD009402,CUST02759,2024-03-18,COD,Delivered
ORD009403,CUST08527,2024-11-27,Net Banking,Delivered
ORD009404,CUST00358,2024-04-17,Net Banking,Delivered
ORD009405,CUST06572,2025-01-21,Credit Card,Delivered
ORD009406,CUST06443,2024-01-07,Credit Card,Delivered
ORD009407,CUST03840,2026-05-02,COD,Delivered
ORD009408,CUST06815,2025-07-23,Debit Card,Delivered
ORD009409,CUST00900,2026-05-08,Debit Card,Delivered
ORD009410,CUST00333,2025-01-28,COD,Delivered
ORD009411,CUST00807,2025-06-05,COD,Delivered
ORD009412,CUST02142,2024-08-15,Debit Card,Delivered
ORD009413,CUST00019,2024-06-18,Credit Card,Cancelled
ORD009414,CUST07364,2024-02-03,Debit Card,Delivered
ORD009415,CUST02113,2025-12-22,UPI,Delivered
ORD009416,CUST02856,2024-06-02,UPI,Delivered
ORD009417,CUST01228,2026-04-07,COD,Delivered
ORD009418,CUST04820,2024-05-09,UPI,Delivered
ORD009419,CUST10997,2025-12-13,Net Banking,Delivered
ORD009420,CUST02033,2025-07-10,UPI,Delivered
ORD009421,CUST03831,2024-01-05,Debit Card,Delivered
ORD009422,CUST03564,2024-01-26,UPI,Pending
ORD009423,CUST06656,2025-05-14,Credit Card,Pending
ORD009424,CUST09628,2026-01-14,COD,Delivered
ORD009425,CUST03308,2024-11-30,Credit Card,Delivered
ORD009426,CUST01713,2025-02-12,UPI,Delivered
ORD009427,CUST08797,2026-03-04,Credit Card,Delivered
ORD009428,CUST03241,2024-04-01,Net Banking,Delivered
ORD009429,CUST02157,2025-12-27,Credit Card,Delivered
ORD009430,CUST08349,2025-08-19,Net Banking,Delivered
ORD009431,CUST01665,2025-06-17,Debit Card,Delivered
ORD009432,CUST10523,2025-02-06,Credit Card,Delivered
ORD009433,CUST07459,2025-05-12,UPI,Delivered
ORD009434,CUST11304,2026-02-16,Debit Card,Delivered
ORD009435,CUST01736,2024-02-11,COD,Delivered
ORD009436,CUST02182,2025-04-28,COD,Delivered
ORD009437,CUST04751,2024-06-07,UPI,Cancelled
ORD009438,CUST10550,2025-11-01,Net Banking,Returned
ORD009439,CUST03485,2024-12-20,Credit Card,Delivered
ORD009440,CUST08151,2025-05-14,COD,Delivered
ORD009441,CUST11494,2024-09-06,Credit Card,Delivered
ORD009442,CUST01115,2024-11-26,Debit Card,Pending
ORD009443,CUST07786,2026-04-28,Credit Card,Returned
ORD009444,CUST07772,2026-01-06,COD,Pending
ORD009445,CUST03840,2024-08-01,Net Banking,Delivered
ORD009446,CUST06690,2024-12-28,COD,Pending
ORD009447,CUST06387,2025-04-18,UPI,Delivered
ORD009448,CUST02445,2025-02-23,COD,Pending
ORD009449,CUST11524,2024-08-27,Credit Card,Delivered
ORD009450,CUST06027,2025-03-25,Credit Card,Pending
ORD009451,CUST08370,2026-03-10,Net Banking,Delivered
ORD009452,CUST06677,2024-03-07,COD,Delivered
ORD009453,CUST07740,2026-06-06,Debit Card,Returned
ORD009454,CUST06189,2026-05-19,Debit Card,Pending
ORD009455,CUST06698,2024-07-09,Debit Card,Delivered
ORD009456,CUST06047,2025-01-04,UPI,Delivered
ORD009457,CUST04479,2024-10-05,Debit Card,Delivered
ORD009458,CUST00708,2024-02-19,UPI,Delivered
ORD009459,CUST11779,2024-11-16,Debit Card,Delivered
ORD009460,CUST06951,2025-12-09,Net Banking,Delivered
ORD009461,CUST11312,2024-06-20,COD,Delivered
ORD009462,CUST07398,2025-11-28,UPI,Cancelled
ORD009463,CUST00018,2025-11-27,Credit Card,Pending
ORD009464,CUST10721,2025-11-07,UPI,Delivered
ORD009465,CUST11507,2025-03-24,COD,Returned
ORD009466,CUST03690,2024-01-18,UPI,Delivered
ORD009467,CUST06307,2025-01-06,UPI,Delivered
ORD009468,CUST05152,2025-01-23,COD,Delivered
ORD009469,CUST00122,2025-04-10,Debit Card,Delivered
ORD009470,CUST02487,2025-09-02,COD,Delivered
ORD009471,CUST09611,2025-09-21,Net Banking,Delivered
ORD009472,CUST10855,2024-09-02,Debit Card,Delivered
ORD009473,CUST10938,2024-04-05,UPI,Pending
ORD009474,CUST00735,2026-07-10,COD,Returned
ORD009475,CUST09638,2024-10-15,Net Banking,Delivered
ORD009476,CUST06270,2026-03-20,Net Banking,Cancelled
ORD009477,CUST11645,2024-08-03,Credit Card,Delivered
ORD009478,CUST07828,2025-10-28,Net Banking,Delivered
ORD009479,CUST02408,2026-08-07,Credit Card,Delivered
ORD009480,CUST09867,2024-07-29,Net Banking,Cancelled
ORD009481,CUST06850,2024-03-22,COD,Pending
ORD009482,CUST07527,2025-08-13,UPI,Delivered
ORD009483,CUST06872,2025-08-25,Debit Card,Returned
ORD009484,CUST07006,2025-09-24,Net Banking,Returned
ORD009485,CUST04133,2025-04-03,Net Banking,Delivered
ORD009486,CUST06534,2026-03-02,Credit Card,Delivered
ORD009487,CUST00438,2025-01-16,UPI,Delivered
ORD009488,CUST07665,2024-09-15,COD,Delivered
ORD009489,CUST00175,2025-11-09,COD,Delivered
ORD009490,CUST09699,2026-04-18,UPI,Delivered
ORD009491,CUST03375,2025-01-30,COD,Delivered
ORD009492,CUST06425,2024-02-02,Debit Card,Delivered
ORD009493,CUST08612,2026-02-28,COD,Delivered
ORD009494,CUST08183,2026-07-19,Debit Card,Delivered
ORD009495,CUST03050,2024-09-26,Net Banking,Delivered
ORD009496,CUST04026,2026-07-10,COD,Delivered
ORD009497,CUST03883,2025-04-11,COD,Delivered
ORD009498,CUST07447,2025-04-13,Debit Card,Delivered
ORD009499,CUST07233,2026-06-11,Net Banking,Delivered
ORD009500,CUST02365,2026-04-01,Net Banking,Delivered
ORD009501,CUST06474,2025-02-28,Credit Card,Delivered
ORD009502,CUST09817,2025-03-04,Net Banking,Delivered
ORD009503,CUST04182,2025-06-26,UPI,Cancelled
ORD009504,CUST07407,2025-08-03,Credit Card,Cancelled
ORD009505,CUST09416,2024-04-08,Net Banking,Returned
ORD009506,CUST02624,2026-07-01,Debit Card,Delivered
ORD009507,CUST10657,2025-03-19,UPI,Delivered
ORD009508,CUST06005,2025-08-30,Credit Card,Delivered
ORD009509,CUST04300,2025-01-05,COD,Delivered
ORD009510,CUST00551,2024-05-11,Debit Card,Delivered
ORD009511,CUST03724,2024-09-22,UPI,Cancelled
ORD009512,CUST02096,2024-08-09,Debit Card,Delivered
ORD009513,CUST01843,2025-09-22,Credit Card,Pending
ORD009514,CUST06536,2024-12-22,UPI,Delivered
ORD009515,CUST05328,2025-05-13,Credit Card,Returned
ORD009516,CUST08676,2024-05-16,Credit Card,Delivered
ORD009517,CUST02944,2025-12-01,Net Banking,Returned
ORD009518,CUST02668,2025-12-30,Debit Card,Delivered
ORD009519,CUST10581,2026-07-06,Net Banking,Returned
ORD009520,CUST09284,2024-05-28,Net Banking,Delivered
ORD009521,CUST10610,2024-05-06,Debit Card,Delivered
ORD009522,CUST01122,2024-08-27,UPI,Delivered
ORD009523,CUST02018,2024-10-05,Debit Card,Delivered
ORD009524,CUST07789,2024-03-01,COD,Delivered
ORD009525,CUST10404,2026-06-26,UPI,Returned
ORD009526,CUST11109,2025-08-29,Net Banking,Cancelled
ORD009527,CUST00602,2025-01-12,Credit Card,Delivered
ORD009528,CUST03147,2025-02-04,Credit Card,Cancelled
ORD009529,CUST01053,2024-12-25,Net Banking,Delivered
ORD009530,CUST06974,2025-03-14,UPI,Delivered
ORD009531,CUST00523,2026-05-26,COD,Delivered
ORD009532,CUST06217,2024-10-03,UPI,Pending
ORD009533,CUST02266,2025-03-13,Debit Card,Returned
ORD009534,CUST04214,2025-07-12,COD,Delivered
ORD009535,CUST01211,2025-11-11,Debit Card,Delivered
ORD009536,CUST04352,2024-04-06,UPI,Delivered
ORD009537,CUST08405,2024-05-22,Net Banking,Delivered
ORD009538,CUST04168,2024-08-11,Net Banking,Delivered
ORD009539,CUST01834,2024-11-10,Debit Card,Returned
ORD009540,CUST02871,2026-06-29,COD,Delivered
ORD009541,CUST03026,2024-01-29,Debit Card,Returned
ORD009542,CUST01286,2025-06-06,COD,Delivered
ORD009543,CUST09493,2024-01-29,Credit Card,Delivered
ORD009544,CUST08176,2026-01-14,UPI,Returned
ORD009545,CUST08952,2025-01-05,Net Banking,Delivered
ORD009546,CUST02480,2025-08-20,Net Banking,Delivered
ORD009547,CUST11172,2025-12-22,COD,Delivered
ORD009548,CUST00210,2024-12-10,Credit Card,Delivered
ORD009549,CUST09085,2024-12-06,Net Banking,Cancelled
ORD009550,CUST01243,2025-04-16,Debit Card,Delivered
ORD009551,CUST04013,2025-09-17,Debit Card,Delivered
ORD009552,CUST01979,2026-02-01,Net Banking,Delivered
ORD009553,CUST05900,2025-07-21,COD,Returned
ORD009554,CUST03156,2026-01-01,UPI,Returned
ORD009555,CUST05139,2024-06-29,Credit Card,Delivered
ORD009556,CUST10775,2025-05-29,UPI,Delivered
ORD009557,CUST01404,2025-06-08,Credit Card,Delivered
ORD009558,CUST05509,2025-02-25,Net Banking,Delivered
ORD009559,CUST06035,2026-04-17,COD,Returned
ORD009560,CUST04089,2026-02-17,Debit Card,Returned
ORD009561,CUST07677,2025-01-10,Debit Card,Returned
ORD009562,CUST07436,2025-02-10,Debit Card,Cancelled
ORD009563,CUST09308,2025-04-01,COD,Delivered
ORD009564,CUST09913,2025-05-11,UPI,Delivered
ORD009565,CUST08613,2024-02-25,Net Banking,Cancelled
ORD009566,CUST04176,2026-07-01,COD,Cancelled
ORD009567,CUST07487,2024-09-21,Net Banking,Cancelled
ORD009568,CUST08047,2024-05-02,Net Banking,Delivered
ORD009569,CUST08426,2025-01-12,UPI,Delivered
ORD009570,CUST08502,2024-12-04,Debit Card,Delivered
ORD009571,CUST10246,2024-08-14,Credit Card,Delivered
ORD009572,CUST06535,2025-04-20,COD,Delivered
ORD009573,CUST00802,2024-06-04,COD,Delivered
ORD009574,CUST00525,2026-01-19,COD,Pending
ORD009575,CUST02761,2024-03-19,Net Banking,Delivered
ORD009576,CUST06949,2024-10-01,UPI,Returned
ORD009577,CUST10193,2024-12-18,COD,Pending
ORD009578,CUST08614,2024-08-07,Net Banking,Delivered
ORD009579,CUST10958,2024-09-16,UPI,Cancelled
ORD009580,CUST08421,2025-03-06,Credit Card,Returned
ORD009581,CUST11167,2026-03-25,UPI,Delivered
ORD009582,CUST08130,2025-02-18,Debit Card,Delivered
ORD009583,CUST11630,2026-05-16,Credit Card,Cancelled
ORD009584,CUST01491,2025-01-23,Credit Card,Delivered
ORD009585,CUST00723,2024-05-03,Credit Card,Delivered
ORD009586,CUST09020,2024-10-15,Net Banking,Delivered
ORD009587,CUST11255,2024-10-30,Credit Card,Delivered
ORD009588,CUST02317,2024-06-08,Net Banking,Delivered
ORD009589,CUST05013,2025-01-16,Debit Card,Delivered
ORD009590,CUST09311,2024-04-21,Credit Card,Returned
ORD009591,CUST04268,2026-04-26,COD,Delivered
ORD009592,CUST06940,2026-08-12,Net Banking,Delivered
ORD009593,CUST06073,2025-09-04,Net Banking,Delivered
ORD009594,CUST07809,2024-08-13,UPI,Delivered
ORD009595,CUST09187,2025-05-02,Credit Card,Delivered
ORD009596,CUST11658,2026-08-17,Credit Card,Delivered
ORD009597,CUST07688,2025-07-12,UPI,Delivered
ORD009598,CUST01997,2025-10-10,Net Banking,Delivered
ORD009599,CUST09151,2024-12-26,Net Banking,Delivered
ORD009600,CUST11587,2024-06-11,UPI,Cancelled
ORD009601,CUST04346,2024-02-16,Debit Card,Delivered
ORD009602,CUST06211,2025-08-22,Net Banking,Pending
ORD009603,CUST01947,2024-12-03,Credit Card,Delivered
ORD009604,CUST02834,2024-09-29,Debit Card,Returned
ORD009605,CUST09251,2026-06-15,COD,Delivered
ORD009606,CUST04477,2024-02-24,UPI,Delivered
ORD009607,CUST07980,2024-09-23,Net Banking,Delivered
ORD009608,CUST03682,2025-06-28,Net Banking,Delivered
ORD009609,CUST08831,2026-08-23,UPI,Pending
ORD009610,CUST02044,2026-08-09,Net Banking,Delivered
ORD009611,CUST07253,2024-11-15,Net Banking,Delivered
ORD009612,CUST07598,2024-02-27,Credit Card,Delivered
ORD009613,CUST03627,2025-09-11,Credit Card,Delivered
ORD009614,CUST00240,2026-07-04,Net Banking,Delivered
ORD009615,CUST06184,2024-09-30,Net Banking,Delivered
ORD009616,CUST02872,2024-11-29,Net Banking,Delivered
ORD009617,CUST02203,2025-11-15,Net Banking,Cancelled
ORD009618,CUST01172,2024-05-02,Debit Card,Delivered
ORD009619,CUST00718,2025-07-08,Credit Card,Returned
ORD009620,CUST04921,2024-05-27,Net Banking,Delivered
ORD009621,CUST05132,2024-11-08,Net Banking,Delivered
ORD009622,CUST03825,2024-07-28,Credit Card,Delivered
ORD009623,CUST07703,2026-01-26,COD,Returned
ORD009624,CUST09333,2026-07-11,Net Banking,Delivered
ORD009625,CUST04204,2024-09-30,UPI,Delivered
ORD009626,CUST07852,2024-05-24,Debit Card,Returned
ORD009627,CUST00039,2026-04-07,COD,Pending
ORD009628,CUST09770,2025-08-23,COD,Delivered
ORD009629,CUST02782,2026-02-11,Credit Card,Delivered
ORD009630,CUST00048,2026-06-20,Debit Card,Delivered
ORD009631,CUST02395,2025-01-08,UPI,Delivered
ORD009632,CUST05976,2024-12-21,Debit Card,Delivered
ORD009633,CUST09027,2026-01-06,COD,Delivered
ORD009634,CUST03550,2026-02-21,COD,Delivered
ORD009635,CUST05667,2025-07-04,Debit Card,Delivered
ORD009636,CUST04864,2025-04-08,Credit Card,Pending
ORD009637,CUST02853,2024-06-15,Credit Card,Delivered
ORD009638,CUST00936,2024-12-09,COD,Delivered
ORD009639,CUST03057,2024-05-28,UPI,Cancelled
ORD009640,CUST00784,2026-01-11,COD,Pending
ORD009641,CUST11184,2026-02-19,Debit Card,Delivered
ORD009642,CUST08082,2024-10-11,Net Banking,Pending
ORD009643,CUST11391,2024-12-19,Net Banking,Delivered
ORD009644,CUST11596,2024-09-17,UPI,Delivered
ORD009645,CUST09002,2025-12-07,UPI,Cancelled
ORD009646,CUST05122,2026-02-27,UPI,Delivered
ORD009647,CUST07221,2025-10-10,Credit Card,Delivered
ORD009648,CUST01754,2025-12-07,COD,Delivered
ORD009649,CUST00983,2024-06-20,Debit Card,Cancelled
ORD009650,CUST09276,2024-07-08,COD,Delivered
ORD009651,CUST00960,2026-01-03,Debit Card,Delivered
ORD009652,CUST09919,2026-04-14,Net Banking,Delivered
ORD009653,CUST07001,2024-04-22,COD,Delivered
ORD009654,CUST11012,2025-05-09,Debit Card,Delivered
ORD009655,CUST07445,2025-12-02,Debit Card,Cancelled
ORD009656,CUST11888,2025-03-21,Net Banking,Delivered
ORD009657,CUST00644,2025-11-30,COD,Delivered
ORD009658,CUST03679,2025-03-08,COD,Cancelled
ORD009659,CUST03896,2024-06-15,Credit Card,Delivered
ORD009660,CUST00260,2025-11-11,COD,Delivered
ORD009661,CUST01156,2024-11-01,Net Banking,Returned
ORD009662,CUST11500,2025-06-12,Debit Card,Delivered
ORD009663,CUST02103,2025-07-18,Net Banking,Delivered
ORD009664,CUST11973,2025-01-12,Net Banking,Delivered
ORD009665,CUST09299,2024-07-01,Net Banking,Delivered
ORD009666,CUST03360,2024-07-24,COD,Delivered
ORD009667,CUST01404,2026-01-22,UPI,Delivered
ORD009668,CUST03386,2026-04-22,Net Banking,Delivered
ORD009669,CUST00457,2025-03-15,Debit Card,Delivered
ORD009670,CUST09407,2026-02-07,Credit Card,Delivered
ORD009671,CUST10457,2024-07-11,COD,Cancelled
ORD009672,CUST00245,2026-08-17,UPI,Delivered
ORD009673,CUST04874,2026-08-05,UPI,Delivered
ORD009674,CUST11296,2025-10-16,Net Banking,Delivered
ORD009675,CUST04357,2024-09-14,Debit Card,Delivered
ORD009676,CUST04253,2024-01-12,Credit Card,Cancelled
ORD009677,CUST11399,2026-07-29,UPI,Delivered
ORD009678,CUST09986,2024-07-03,COD,Delivered
ORD009679,CUST05386,2026-03-20,Debit Card,Delivered
ORD009680,CUST08587,2026-02-08,COD,Returned
ORD009681,CUST03125,2024-08-02,Net Banking,Delivered
ORD009682,CUST04408,2025-12-02,Credit Card,Delivered
ORD009683,CUST11450,2025-11-04,COD,Delivered
ORD009684,CUST06391,2026-02-23,Credit Card,Delivered
ORD009685,CUST07125,2026-03-19,COD,Delivered
ORD009686,CUST00964,2025-12-18,UPI,Delivered
ORD009687,CUST00604,2025-04-03,UPI,Delivered
ORD009688,CUST00733,2024-12-05,Net Banking,Delivered
ORD009689,CUST05837,2024-12-29,Debit Card,Delivered
ORD009690,CUST06770,2025-12-11,Credit Card,Cancelled
ORD009691,CUST05531,2024-11-16,Debit Card,Delivered
ORD009692,CUST05507,2025-09-23,Debit Card,Delivered
ORD009693,CUST11687,2026-02-05,Debit Card,Delivered
ORD009694,CUST09750,2024-08-27,Debit Card,Delivered
ORD009695,CUST11473,2024-01-15,Debit Card,Delivered
ORD009696,CUST09692,2026-05-26,COD,Delivered
ORD009697,CUST01469,2024-06-14,Debit Card,Delivered
ORD009698,CUST07590,2024-12-19,Credit Card,Delivered
ORD009699,CUST01916,2025-04-01,UPI,Delivered
ORD009700,CUST03397,2024-11-16,Debit Card,Delivered
ORD009701,CUST08832,2024-09-21,Net Banking,Delivered
ORD009702,CUST09558,2024-06-18,Credit Card,Delivered
ORD009703,CUST08465,2025-05-25,COD,Delivered
ORD009704,CUST11965,2025-03-25,UPI,Pending
ORD009705,CUST06475,2025-12-26,UPI,Delivered
ORD009706,CUST10668,2026-05-06,UPI,Delivered
ORD009707,CUST06884,2025-11-21,Net Banking,Delivered
ORD009708,CUST00809,2026-06-10,Debit Card,Delivered
ORD009709,CUST06638,2024-03-18,COD,Delivered
ORD009710,CUST02920,2026-01-08,COD,Returned
ORD009711,CUST09399,2024-07-26,COD,Delivered
ORD009712,CUST01133,2026-07-03,Debit Card,Delivered
ORD009713,CUST08944,2026-05-22,COD,Delivered
ORD009714,CUST00505,2024-01-31,COD,Delivered
ORD009715,CUST08371,2024-07-12,UPI,Delivered
ORD009716,CUST06326,2024-06-08,Debit Card,Returned
ORD009717,CUST06802,2024-04-09,Credit Card,Delivered
ORD009718,CUST09000,2025-05-18,Credit Card,Delivered
ORD009719,CUST02145,2024-07-21,Credit Card,Delivered
ORD009720,CUST00209,2024-01-08,Net Banking,Delivered
ORD009721,CUST03960,2026-05-29,UPI,Delivered
ORD009722,CUST05545,2025-12-09,COD,Returned
ORD009723,CUST00044,2025-04-26,UPI,Delivered
ORD009724,CUST04842,2025-06-27,Debit Card,Delivered
ORD009725,CUST10376,2024-10-29,Debit Card,Delivered
ORD009726,CUST10916,2026-08-23,UPI,Delivered
ORD009727,CUST10168,2024-01-08,Debit Card,Delivered
ORD009728,CUST05661,2025-11-04,UPI,Delivered
ORD009729,CUST07897,2026-02-10,UPI,Delivered
ORD009730,CUST09130,2026-03-14,UPI,Cancelled
ORD009731,CUST02590,2024-06-20,Credit Card,Cancelled
ORD009732,CUST07416,2024-06-01,COD,Delivered
ORD009733,CUST04316,2024-10-08,Debit Card,Delivered
ORD009734,CUST03018,2026-03-11,COD,Delivered
ORD009735,CUST09199,2025-01-27,COD,Delivered
ORD009736,CUST10799,2024-10-29,UPI,Returned
ORD009737,CUST03746,2024-07-18,COD,Delivered
ORD009738,CUST01912,2024-05-24,UPI,Delivered
ORD009739,CUST05566,2024-01-15,Debit Card,Cancelled
ORD009740,CUST05264,2025-11-12,Net Banking,Delivered
ORD009741,CUST11000,2024-11-05,COD,Pending
ORD009742,CUST04125,2025-01-31,COD,Delivered
ORD009743,CUST08954,2026-01-21,COD,Delivered
ORD009744,CUST04217,2025-05-20,UPI,Delivered
ORD009745,CUST08207,2025-05-09,Credit Card,Delivered
ORD009746,CUST10460,2025-11-20,UPI,Delivered
ORD009747,CUST04920,2024-02-13,UPI,Delivered
ORD009748,CUST04568,2024-09-15,UPI,Delivered
ORD009749,CUST01706,2024-06-29,Debit Card,Delivered
ORD009750,CUST08084,2024-11-07,Debit Card,Delivered
ORD009751,CUST02735,2024-02-23,Net Banking,Returned
ORD009752,CUST11893,2025-11-27,COD,Delivered
ORD009753,CUST10589,2025-10-13,Net Banking,Delivered
ORD009754,CUST04098,2024-12-14,Credit Card,Delivered
ORD009755,CUST01056,2025-01-18,Debit Card,Delivered
ORD009756,CUST04975,2024-07-05,UPI,Delivered
ORD009757,CUST01334,2024-11-16,Debit Card,Delivered
ORD009758,CUST07978,2024-12-17,Debit Card,Delivered
ORD009759,CUST05790,2026-03-15,Credit Card,Delivered
ORD009760,CUST03337,2025-10-21,Credit Card,Delivered
ORD009761,CUST10515,2025-03-31,COD,Delivered
ORD009762,CUST00646,2024-10-19,Debit Card,Delivered
ORD009763,CUST10594,2024-06-07,Credit Card,Delivered
ORD009764,CUST02817,2025-04-23,Net Banking,Delivered
ORD009765,CUST03469,2024-01-25,Debit Card,Cancelled
ORD009766,CUST02822,2026-03-28,UPI,Delivered
ORD009767,CUST08803,2024-08-19,COD,Pending
ORD009768,CUST01181,2025-09-12,Debit Card,Delivered
ORD009769,CUST04290,2025-07-14,COD,Delivered
ORD009770,CUST07675,2025-06-03,COD,Pending
ORD009771,CUST11338,2025-04-22,Credit Card,Delivered
ORD009772,CUST07752,2025-08-28,Credit Card,Delivered
ORD009773,CUST04521,2025-09-24,Debit Card,Returned
ORD009774,CUST01831,2026-05-08,COD,Pending
ORD009775,CUST09017,2025-02-22,Net Banking,Delivered
ORD009776,CUST11932,2025-01-04,Credit Card,Delivered
ORD009777,CUST02591,2025-05-06,Credit Card,Delivered
ORD009778,CUST08205,2024-01-13,Credit Card,Returned
ORD009779,CUST06215,2026-02-27,Credit Card,Returned
ORD009780,CUST03123,2024-03-13,COD,Returned
ORD009781,CUST04673,2024-05-31,Net Banking,Delivered
ORD009782,CUST04653,2025-03-07,Credit Card,Delivered
ORD009783,CUST00625,2025-06-28,Net Banking,Returned
ORD009784,CUST02028,2024-09-13,COD,Delivered
ORD009785,CUST04661,2024-11-23,UPI,Delivered
ORD009786,CUST04537,2024-09-10,UPI,Delivered
ORD009787,CUST09498,2026-02-09,UPI,Delivered
ORD009788,CUST00144,2026-06-28,Debit Card,Delivered
ORD009789,CUST11020,2025-10-15,Net Banking,Returned
ORD009790,CUST03830,2025-11-19,COD,Returned
ORD009791,CUST00272,2024-05-01,Debit Card,Cancelled
ORD009792,CUST05467,2024-02-02,UPI,Delivered
ORD009793,CUST03124,2024-09-16,UPI,Returned
ORD009794,CUST07897,2025-07-03,UPI,Delivered
ORD009795,CUST02042,2024-06-01,COD,Delivered
ORD009796,CUST02643,2026-03-25,UPI,Cancelled
ORD009797,CUST05575,2024-09-01,Net Banking,Delivered
ORD009798,CUST01530,2024-05-20,UPI,Delivered
ORD009799,CUST02636,2025-09-22,Debit Card,Pending
ORD009800,CUST10606,2025-05-03,UPI,Delivered
ORD009801,CUST08856,2026-06-03,Debit Card,Delivered
ORD009802,CUST00453,2026-07-23,Credit Card,Delivered
ORD009803,CUST06913,2026-03-03,COD,Delivered
ORD009804,CUST06599,2024-08-17,Net Banking,Delivered
ORD009805,CUST02544,2024-07-19,UPI,Delivered
ORD009806,CUST04696,2026-05-19,UPI,Delivered
ORD009807,CUST04285,2025-07-08,UPI,Delivered
ORD009808,CUST11824,2024-06-14,UPI,Delivered
ORD009809,CUST05694,2024-02-04,Debit Card,Delivered
ORD009810,CUST01232,2025-08-27,COD,Returned
ORD009811,CUST04580,2026-08-08,Debit Card,Delivered
ORD009812,CUST11333,2026-03-28,UPI,Delivered
ORD009813,CUST07237,2026-04-25,Debit Card,Delivered
ORD009814,CUST10798,2024-08-17,UPI,Delivered
ORD009815,CUST10729,2024-10-16,Credit Card,Cancelled
ORD009816,CUST06741,2026-07-09,Debit Card,Returned
ORD009817,CUST05809,2025-03-01,COD,Delivered
ORD009818,CUST03507,2025-08-26,Credit Card,Delivered
ORD009819,CUST03617,2025-11-21,Net Banking,Delivered
ORD009820,CUST08151,2026-05-11,Debit Card,Cancelled
ORD009821,CUST01850,2026-01-28,Debit Card,Returned
ORD009822,CUST07005,2025-11-07,Net Banking,Returned
ORD009823,CUST01770,2026-01-20,COD,Delivered
ORD009824,CUST06823,2026-01-15,Credit Card,Delivered
ORD009825,CUST05862,2026-02-02,Net Banking,Returned
ORD009826,CUST08441,2024-03-06,COD,Delivered
ORD009827,CUST05063,2026-05-02,Credit Card,Delivered
ORD009828,CUST06589,2024-02-03,COD,Delivered
ORD009829,CUST03165,2024-08-19,COD,Cancelled
ORD009830,CUST02826,2026-07-22,UPI,Cancelled
ORD009831,CUST02836,2026-07-15,Debit Card,Cancelled
ORD009832,CUST10874,2025-10-27,Credit Card,Cancelled
ORD009833,CUST00237,2024-11-27,UPI,Delivered
ORD009834,CUST07817,2026-07-10,Credit Card,Delivered
ORD009835,CUST06854,2026-08-16,UPI,Delivered
ORD009836,CUST05908,2025-11-18,Credit Card,Delivered
ORD009837,CUST05696,2024-05-06,Debit Card,Delivered
ORD009838,CUST08824,2024-05-04,COD,Delivered
ORD009839,CUST11911,2026-05-12,Debit Card,Delivered
ORD009840,CUST11878,2025-01-02,Credit Card,Delivered
ORD009841,CUST03136,2024-03-19,Debit Card,Delivered
ORD009842,CUST06448,2024-01-10,Credit Card,Delivered
ORD009843,CUST10466,2025-07-01,Net Banking,Delivered
ORD009844,CUST02351,2024-06-16,Net Banking,Delivered
ORD009845,CUST00192,2026-07-10,Credit Card,Delivered
ORD009846,CUST05805,2024-05-16,Net Banking,Delivered
ORD009847,CUST01297,2024-06-29,COD,Delivered
ORD009848,CUST08627,2025-12-21,Credit Card,Delivered
ORD009849,CUST06850,2025-03-29,UPI,Delivered
ORD009850,CUST05994,2024-03-26,Net Banking,Delivered
ORD009851,CUST11390,2025-12-20,COD,Delivered
ORD009852,CUST02252,2024-08-01,Credit Card,Pending
ORD009853,CUST08077,2024-11-04,UPI,Delivered
ORD009854,CUST11084,2024-06-15,COD,Delivered
ORD009855,CUST02587,2024-11-12,Net Banking,Delivered
ORD009856,CUST03162,2024-02-21,Credit Card,Delivered
ORD009857,CUST11823,2024-07-14,Net Banking,Delivered
ORD009858,CUST00627,2025-12-08,UPI,Pending
ORD009859,CUST02088,2025-12-13,Credit Card,Returned
ORD009860,CUST03653,2024-07-24,COD,Returned
ORD009861,CUST08352,2025-11-12,Net Banking,Delivered
ORD009862,CUST09316,2024-08-30,Debit Card,Delivered
ORD009863,CUST11565,2024-08-05,COD,Delivered
ORD009864,CUST09460,2025-12-07,Net Banking,Delivered
ORD009865,CUST08528,2024-12-17,Debit Card,Cancelled
ORD009866,CUST01866,2025-08-09,UPI,Delivered
ORD009867,CUST07674,2024-06-27,Credit Card,Delivered
ORD009868,CUST01404,2025-01-21,UPI,Delivered
ORD009869,CUST00500,2026-06-27,UPI,Delivered
ORD009870,CUST06409,2024-12-29,Credit Card,Cancelled
ORD009871,CUST10977,2026-06-27,COD,Delivered
ORD009872,CUST01847,2025-09-23,Net Banking,Cancelled
ORD009873,CUST02880,2025-01-11,UPI,Delivered
ORD009874,CUST03855,2025-07-26,COD,Delivered
ORD009875,CUST02084,2024-10-06,Debit Card,Delivered
ORD009876,CUST09124,2025-10-21,UPI,Delivered
ORD009877,CUST02625,2024-03-14,COD,Returned
ORD009878,CUST08225,2025-12-27,COD,Delivered
ORD009879,CUST07745,2025-05-14,Net Banking,Pending
ORD009880,CUST09339,2025-05-04,UPI,Delivered
ORD009881,CUST02950,2024-04-06,Credit Card,Delivered
ORD009882,CUST11647,2026-08-08,Net Banking,Delivered
ORD009883,CUST11595,2024-02-04,Credit Card,Cancelled
ORD009884,CUST04955,2025-08-12,Credit Card,Delivered
ORD009885,CUST02501,2025-05-15,COD,Delivered
ORD009886,CUST06218,2026-04-27,Credit Card,Delivered
ORD009887,CUST11792,2024-10-12,Credit Card,Delivered
ORD009888,CUST07019,2024-03-23,Net Banking,Delivered
ORD009889,CUST01050,2026-07-17,UPI,Delivered
ORD009890,CUST00690,2024-02-10,Net Banking,Delivered
ORD009891,CUST03126,2026-08-19,COD,Delivered
ORD009892,CUST04302,2025-05-12,UPI,Delivered
ORD009893,CUST11917,2025-09-05,Net Banking,Delivered
ORD009894,CUST07361,2025-11-19,UPI,Delivered
ORD009895,CUST01827,2026-02-14,Debit Card,Delivered
ORD009896,CUST11983,2025-08-18,Net Banking,Delivered
ORD009897,CUST07197,2026-06-17,UPI,Returned
ORD009898,CUST07839,2024-07-31,Credit Card,Delivered
ORD009899,CUST08460,2024-09-04,Debit Card,Cancelled
ORD009900,CUST01093,2025-07-30,Credit Card,Delivered
ORD009901,CUST07918,2025-08-19,Debit Card,Delivered
ORD009902,CUST10272,2024-04-30,COD,Delivered
ORD009903,CUST08325,2026-05-31,UPI,Delivered
ORD009904,CUST08208,2025-03-31,Debit Card,Delivered
ORD009905,CUST10854,2026-06-16,UPI,Delivered
ORD009906,CUST05703,2025-02-28,COD,Delivered
ORD009907,CUST04306,2025-03-12,Debit Card,Returned
ORD009908,CUST10449,2025-12-15,UPI,Delivered
ORD009909,CUST03952,2025-02-03,Net Banking,Cancelled
ORD009910,CUST04682,2025-10-10,UPI,Returned
ORD009911,CUST00473,2024-08-28,UPI,Delivered
ORD009912,CUST06316,2025-08-30,UPI,Delivered
ORD009913,CUST00841,2026-05-28,Credit Card,Delivered
ORD009914,CUST07440,2026-03-17,Debit Card,Delivered
ORD009915,CUST01150,2025-03-23,UPI,Delivered
ORD009916,CUST06680,2026-07-20,COD,Delivered
ORD009917,CUST10517,2025-10-24,UPI,Delivered
ORD009918,CUST03771,2025-03-06,UPI,Delivered
ORD009919,CUST00482,2025-11-19,Net Banking,Delivered
ORD009920,CUST07815,2025-11-25,Net Banking,Delivered
ORD009921,CUST03484,2024-04-28,Net Banking,Delivered
ORD009922,CUST09651,2026-05-11,Credit Card,Delivered
ORD009923,CUST03235,2026-06-24,COD,Delivered
ORD009924,CUST03002,2025-07-28,Debit Card,Delivered
ORD009925,CUST10506,2026-02-02,COD,Delivered
ORD009926,CUST05920,2026-05-12,Net Banking,Delivered
ORD009927,CUST02366,2025-09-11,COD,Delivered
ORD009928,CUST03170,2025-06-21,Credit Card,Returned
ORD009929,CUST04696,2025-11-18,UPI,Delivered
ORD009930,CUST10100,2025-05-01,Net Banking,Delivered
ORD009931,CUST05161,2025-05-04,Debit Card,Delivered
ORD009932,CUST04078,2025-02-17,Credit Card,Delivered
ORD009933,CUST10729,2024-05-09,COD,Delivered
ORD009934,CUST07938,2025-06-24,Debit Card,Delivered
ORD009935,CUST06826,2025-03-13,Debit Card,Delivered
ORD009936,CUST11777,2024-06-08,Net Banking,Delivered
ORD009937,CUST11158,2024-04-17,UPI,Delivered
ORD009938,CUST00267,2024-08-30,Credit Card,Delivered
ORD009939,CUST09328,2024-09-07,COD,Pending
ORD009940,CUST10251,2024-06-14,COD,Delivered
ORD009941,CUST04828,2024-10-03,Credit Card,Delivered
ORD009942,CUST08535,2024-10-09,Credit Card,Delivered
ORD009943,CUST02809,2025-05-14,Debit Card,Delivered
ORD009944,CUST03730,2025-12-28,UPI,Pending
ORD009945,CUST11325,2024-02-03,UPI,Delivered
ORD009946,CUST01003,2026-03-01,Net Banking,Returned
ORD009947,CUST00280,2026-01-25,COD,Delivered
ORD009948,CUST05109,2026-04-25,COD,Delivered
ORD009949,CUST09156,2024-06-15,Credit Card,Delivered
ORD009950,CUST02070,2024-03-09,Net Banking,Delivered
ORD009951,CUST02571,2025-09-20,UPI,Delivered
ORD009952,CUST05756,2024-03-13,UPI,Delivered
ORD009953,CUST08828,2024-10-27,UPI,Delivered
ORD009954,CUST04551,2026-04-10,Net Banking,Delivered
ORD009955,CUST07354,2024-01-08,Net Banking,Delivered
ORD009956,CUST06629,2026-06-21,Credit Card,Delivered
ORD009957,CUST00610,2026-03-08,Debit Card,Delivered
ORD009958,CUST10316,2025-06-07,Net Banking,Cancelled
ORD009959,CUST07661,2026-02-26,UPI,Delivered
ORD009960,CUST02242,2025-12-04,Net Banking,Delivered
ORD009961,CUST05487,2026-07-13,Debit Card,Delivered
ORD009962,CUST08117,2025-01-10,Net Banking,Delivered
ORD009963,CUST09715,2024-07-01,UPI,Delivered
ORD009964,CUST10996,2024-09-24,Credit Card,Delivered
ORD009965,CUST06509,2024-03-24,Net Banking,Delivered
ORD009966,CUST11560,2025-06-17,UPI,Delivered
ORD009967,CUST08042,2026-01-19,Net Banking,Delivered
ORD009968,CUST08360,2026-07-07,Credit Card,Delivered
ORD009969,CUST02227,2024-06-24,COD,Delivered
ORD009970,CUST11497,2024-10-27,UPI,Delivered
ORD009971,CUST02441,2024-01-26,UPI,Delivered
ORD009972,CUST11927,2024-04-18,Net Banking,Delivered
ORD009973,CUST00653,2025-01-01,COD,Delivered
ORD009974,CUST06476,2024-04-16,UPI,Delivered
ORD009975,CUST06282,2026-03-06,UPI,Delivered
ORD009976,CUST09627,2025-03-14,COD,Delivered
ORD009977,CUST07571,2026-01-13,Net Banking,Delivered
ORD009978,CUST05992,2025-08-07,UPI,Delivered
ORD009979,CUST01248,2024-07-15,UPI,Delivered
ORD009980,CUST01625,2024-01-02,Credit Card,Delivered
ORD009981,CUST03851,2025-09-09,Debit Card,Returned
ORD009982,CUST02717,2025-06-23,UPI,Returned
ORD009983,CUST00825,2024-11-28,UPI,Delivered
ORD009984,CUST09281,2025-04-07,UPI,Delivered
ORD009985,CUST07174,2024-06-29,Credit Card,Delivered
ORD009986,CUST11853,2025-10-15,COD,Delivered
ORD009987,CUST00091,2025-09-10,Debit Card,Delivered
ORD009988,CUST11755,2024-06-22,Credit Card,Delivered
ORD009989,CUST06435,2026-01-12,Debit Card,Delivered
ORD009990,CUST07808,2025-01-15,Net Banking,Delivered
ORD009991,CUST00315,2024-11-29,UPI,Delivered
ORD009992,CUST04622,2024-11-18,COD,Returned
ORD009993,CUST09131,2026-08-27,Debit Card,Delivered
ORD009994,CUST05806,2025-05-15,UPI,Delivered
ORD009995,CUST02935,2025-04-30,COD,Delivered
ORD009996,CUST10902,2024-07-16,UPI,Delivered
ORD009997,CUST06332,2026-07-04,UPI,Delivered
ORD009998,CUST02538,2025-06-30,COD,Cancelled
ORD009999,CUST02133,2026-08-01,UPI,Delivered
ORD010000,CUST01410,2026-07-27,Net Banking,Returned
ORD010001,CUST06469,2024-10-02,Credit Card,Cancelled
ORD010002,CUST11407,2025-09-16,Debit Card,Delivered
ORD010003,CUST02800,2024-02-25,COD,Delivered
ORD010004,CUST05844,2024-04-17,Credit Card,Delivered
ORD010005,CUST06618,2024-01-03,Debit Card,Delivered
ORD010006,CUST04799,2026-04-15,COD,Returned
ORD010007,CUST10200,2026-06-25,COD,Delivered
ORD010008,CUST05027,2024-03-02,Net Banking,Delivered
ORD010009,CUST05114,2026-05-22,COD,Delivered
ORD010010,CUST00856,2025-07-26,Net Banking,Delivered
ORD010011,CUST08218,2025-04-23,Debit Card,Delivered
ORD010012,CUST06781,2025-11-28,UPI,Delivered
ORD010013,CUST07410,2026-06-07,Net Banking,Delivered
ORD010014,CUST11606,2024-01-29,UPI,Returned
ORD010015,CUST01819,2025-02-25,UPI,Delivered
ORD010016,CUST08467,2024-12-05,COD,Delivered
ORD010017,CUST03621,2025-05-25,Credit Card,Cancelled
ORD010018,CUST07972,2026-02-01,UPI,Delivered
ORD010019,CUST07389,2026-05-05,Credit Card,Delivered
ORD010020,CUST09128,2025-08-21,Net Banking,Returned
ORD010021,CUST03200,2026-02-28,UPI,Delivered
ORD010022,CUST02667,2025-04-14,UPI,Delivered
ORD010023,CUST09100,2026-03-19,UPI,Delivered
ORD010024,CUST11180,2024-07-30,Credit Card,Delivered
ORD010025,CUST04944,2024-04-19,Net Banking,Delivered
ORD010026,CUST11999,2026-04-10,Credit Card,Pending
ORD010027,CUST10063,2025-09-28,Debit Card,Delivered
ORD010028,CUST02511,2025-02-25,Debit Card,Delivered
ORD010029,CUST01824,2025-01-02,COD,Pending
ORD010030,CUST08448,2025-11-20,UPI,Delivered
ORD010031,CUST05362,2024-12-26,Debit Card,Delivered
ORD010032,CUST07288,2025-01-25,Debit Card,Delivered
ORD010033,CUST07174,2026-07-08,Credit Card,Delivered
ORD010034,CUST02921,2024-08-29,Net Banking,Delivered
ORD010035,CUST08849,2024-12-29,UPI,Returned
ORD010036,CUST10744,2024-04-10,UPI,Delivered
ORD010037,CUST05612,2025-03-05,COD,Delivered
ORD010038,CUST06914,2025-02-12,Net Banking,Cancelled
ORD010039,CUST10832,2025-04-06,UPI,Delivered
ORD010040,CUST11003,2024-09-11,Credit Card,Delivered
ORD010041,CUST01292,2026-03-07,UPI,Delivered
ORD010042,CUST02925,2026-04-14,Debit Card,Delivered
ORD010043,CUST07564,2024-12-24,UPI,Delivered
ORD010044,CUST03635,2024-08-08,Debit Card,Cancelled
ORD010045,CUST08240,2024-12-01,Net Banking,Delivered
ORD010046,CUST07847,2025-04-13,Debit Card,Delivered
ORD010047,CUST10961,2024-05-29,Net Banking,Delivered
ORD010048,CUST01514,2026-05-02,COD,Delivered
ORD010049,CUST05225,2024-03-26,Debit Card,Cancelled
ORD010050,CUST00070,2024-05-16,Net Banking,Delivered
ORD010051,CUST11895,2024-12-08,Credit Card,Delivered
ORD010052,CUST06505,2026-08-02,Net Banking,Delivered
ORD010053,CUST04954,2026-06-14,COD,Delivered
ORD010054,CUST02862,2025-12-13,Debit Card,Delivered
ORD010055,CUST05695,2026-05-31,Credit Card,Delivered
ORD010056,CUST05096,2025-04-24,Net Banking,Delivered
ORD010057,CUST04911,2024-10-18,Debit Card,Delivered
ORD010058,CUST05166,2024-08-26,COD,Cancelled
ORD010059,CUST04176,2024-09-17,UPI,Delivered
ORD010060,CUST02471,2024-08-05,COD,Delivered
ORD010061,CUST04573,2024-01-04,COD,Cancelled
ORD010062,CUST01586,2025-06-19,Debit Card,Delivered
ORD010063,CUST07473,2026-07-25,Debit Card,Delivered
ORD010064,CUST01434,2024-12-28,Net Banking,Delivered
ORD010065,CUST02014,2026-02-20,Credit Card,Delivered
ORD010066,CUST09633,2025-12-31,COD,Pending
ORD010067,CUST08555,2025-06-07,Debit Card,Delivered
ORD010068,CUST01300,2025-08-16,Debit Card,Delivered
ORD010069,CUST01253,2026-03-22,COD,Pending
ORD010070,CUST07543,2024-05-16,Net Banking,Delivered
ORD010071,CUST08525,2025-07-31,Debit Card,Cancelled
ORD010072,CUST06624,2025-05-13,UPI,Delivered
ORD010073,CUST03538,2024-06-14,UPI,Cancelled
ORD010074,CUST11245,2024-04-05,Credit Card,Cancelled
ORD010075,CUST08873,2025-08-11,Net Banking,Delivered
ORD010076,CUST05502,2026-04-04,COD,Returned
ORD010077,CUST02315,2024-06-23,COD,Pending
ORD010078,CUST09783,2026-08-08,COD,Returned
ORD010079,CUST11494,2024-08-03,UPI,Delivered
ORD010080,CUST09195,2026-06-16,COD,Delivered
ORD010081,CUST07039,2025-01-15,Credit Card,Cancelled
ORD010082,CUST04174,2025-05-19,UPI,Returned
ORD010083,CUST11112,2025-01-02,Debit Card,Pending
ORD010084,CUST00818,2026-05-19,Net Banking,Returned
ORD010085,CUST01909,2024-08-25,Debit Card,Delivered
ORD010086,CUST00361,2024-12-04,Debit Card,Delivered
ORD010087,CUST08253,2024-08-26,Net Banking,Returned
ORD010088,CUST04103,2024-05-25,Net Banking,Delivered
ORD010089,CUST01295,2024-12-29,COD,Cancelled
ORD010090,CUST11087,2024-03-06,COD,Delivered
ORD010091,CUST04617,2025-04-18,Credit Card,Delivered
ORD010092,CUST00213,2024-07-03,Net Banking,Delivered
ORD010093,CUST09381,2024-08-31,Net Banking,Delivered
ORD010094,CUST08423,2024-03-04,Debit Card,Delivered
ORD010095,CUST06971,2025-12-28,COD,Delivered
ORD010096,CUST08860,2025-05-10,Credit Card,Delivered
ORD010097,CUST10604,2025-10-28,COD,Delivered
ORD010098,CUST08074,2025-05-17,Net Banking,Delivered
ORD010099,CUST10255,2024-11-04,Credit Card,Returned
ORD010100,CUST03190,2025-03-18,COD,Delivered
ORD010101,CUST04184,2025-09-21,Debit Card,Pending
ORD010102,CUST05636,2025-06-24,COD,Delivered
ORD010103,CUST00751,2026-06-08,COD,Delivered
ORD010104,CUST02275,2026-05-28,Credit Card,Delivered
ORD010105,CUST11919,2024-03-12,Credit Card,Delivered
ORD010106,CUST01268,2026-01-26,UPI,Delivered
ORD010107,CUST00421,2024-08-10,Net Banking,Delivered
ORD010108,CUST04527,2024-08-13,Debit Card,Delivered
ORD010109,CUST01384,2026-02-20,COD,Delivered
ORD010110,CUST05591,2025-08-02,Credit Card,Delivered
ORD010111,CUST05833,2025-07-08,COD,Delivered
ORD010112,CUST03655,2025-01-03,COD,Cancelled
ORD010113,CUST00147,2025-06-24,COD,Delivered
ORD010114,CUST11078,2025-07-22,COD,Delivered
ORD010115,CUST03885,2025-09-21,Debit Card,Returned
ORD010116,CUST01354,2025-06-28,Debit Card,Cancelled
ORD010117,CUST05174,2024-10-03,Debit Card,Delivered
ORD010118,CUST03885,2025-02-28,Debit Card,Cancelled
ORD010119,CUST08963,2025-01-03,UPI,Delivered
ORD010120,CUST02124,2024-05-08,Credit Card,Delivered
ORD010121,CUST10532,2025-02-14,Net Banking,Delivered
ORD010122,CUST03462,2025-05-28,Net Banking,Delivered
ORD010123,CUST01774,2026-04-11,Credit Card,Delivered
ORD010124,CUST10869,2025-11-21,Net Banking,Delivered
ORD010125,CUST01741,2025-09-29,UPI,Delivered
ORD010126,CUST04542,2025-01-08,Credit Card,Delivered
ORD010127,CUST00393,2026-01-16,Net Banking,Delivered
ORD010128,CUST09866,2026-08-07,COD,Delivered
ORD010129,CUST00041,2024-03-14,UPI,Cancelled
ORD010130,CUST02971,2025-08-08,Net Banking,Delivered
ORD010131,CUST07861,2025-02-17,UPI,Pending
ORD010132,CUST02058,2024-05-08,Credit Card,Delivered
ORD010133,CUST00561,2025-04-23,Credit Card,Delivered
ORD010134,CUST09107,2025-04-27,Credit Card,Delivered
ORD010135,CUST10288,2024-08-27,Net Banking,Delivered
ORD010136,CUST11388,2024-06-05,Debit Card,Returned
ORD010137,CUST09367,2024-05-20,UPI,Pending
ORD010138,CUST09828,2026-08-26,Net Banking,Delivered
ORD010139,CUST06633,2026-01-13,UPI,Delivered
ORD010140,CUST07561,2024-10-25,COD,Delivered
ORD010141,CUST06874,2024-02-10,Credit Card,Cancelled
ORD010142,CUST02686,2026-08-28,Credit Card,Delivered
ORD010143,CUST03763,2025-12-28,Debit Card,Delivered
ORD010144,CUST06372,2024-12-10,Credit Card,Delivered
ORD010145,CUST02315,2025-11-28,COD,Delivered
ORD010146,CUST03331,2026-04-24,UPI,Delivered
ORD010147,CUST03836,2025-02-01,Net Banking,Delivered
ORD010148,CUST02493,2024-02-10,Credit Card,Delivered
ORD010149,CUST02633,2025-03-26,Net Banking,Delivered
ORD010150,CUST06174,2025-03-13,Debit Card,Returned
ORD010151,CUST01616,2026-02-12,Credit Card,Delivered
ORD010152,CUST01032,2025-07-11,Debit Card,Delivered
ORD010153,CUST01193,2024-07-23,UPI,Delivered
ORD010154,CUST02200,2026-06-15,UPI,Delivered
ORD010155,CUST00381,2025-05-22,COD,Delivered
ORD010156,CUST07588,2026-03-07,Credit Card,Delivered
ORD010157,CUST11225,2025-12-18,Net Banking,Delivered
ORD010158,CUST07057,2026-08-29,Credit Card,Delivered
ORD010159,CUST03840,2026-06-09,UPI,Delivered
ORD010160,CUST01351,2025-02-13,Debit Card,Delivered
ORD010161,CUST09646,2024-07-04,COD,Delivered
ORD010162,CUST04687,2026-05-04,Net Banking,Delivered
ORD010163,CUST03132,2024-05-10,Debit Card,Delivered
ORD010164,CUST01152,2026-04-07,Net Banking,Delivered
ORD010165,CUST09599,2026-06-28,COD,Delivered
ORD010166,CUST01194,2025-09-01,COD,Delivered
ORD010167,CUST00552,2024-10-05,Net Banking,Delivered
ORD010168,CUST09243,2025-12-02,UPI,Delivered
ORD010169,CUST10245,2026-02-16,Debit Card,Delivered
ORD010170,CUST06589,2024-01-04,Debit Card,Returned
ORD010171,CUST06096,2024-02-08,Credit Card,Delivered
ORD010172,CUST03380,2025-09-16,Debit Card,Delivered
ORD010173,CUST09959,2025-04-02,UPI,Delivered
ORD010174,CUST05504,2026-05-05,UPI,Delivered
ORD010175,CUST00253,2025-06-29,Net Banking,Delivered
ORD010176,CUST05084,2024-08-03,Credit Card,Delivered
ORD010177,CUST06791,2024-04-29,Debit Card,Delivered
ORD010178,CUST08371,2024-10-07,Debit Card,Delivered
ORD010179,CUST08449,2026-08-05,COD,Delivered
ORD010180,CUST10929,2024-09-27,Net Banking,Delivered
ORD010181,CUST09672,2026-02-18,Credit Card,Delivered
ORD010182,CUST06676,2024-05-08,UPI,Delivered
ORD010183,CUST02602,2026-05-23,Debit Card,Returned
ORD010184,CUST09360,2025-01-10,Debit Card,Delivered
ORD010185,CUST11809,2026-06-23,COD,Delivered
ORD010186,CUST07769,2024-11-10,COD,Returned
ORD010187,CUST02643,2024-05-21,Debit Card,Delivered
ORD010188,CUST06928,2024-04-14,Debit Card,Delivered
ORD010189,CUST08080,2026-03-09,COD,Delivered
ORD010190,CUST06832,2025-12-28,UPI,Cancelled
ORD010191,CUST11865,2025-05-18,Debit Card,Delivered
ORD010192,CUST03040,2024-02-22,Net Banking,Delivered
ORD010193,CUST03383,2026-08-16,Debit Card,Delivered
ORD010194,CUST08940,2024-08-31,Net Banking,Delivered
ORD010195,CUST07836,2025-01-28,COD,Delivered
ORD010196,CUST10953,2025-09-09,UPI,Delivered
ORD010197,CUST02711,2024-06-19,Credit Card,Delivered
ORD010198,CUST02493,2024-05-25,Credit Card,Delivered
ORD010199,CUST00096,2025-08-01,Credit Card,Delivered
ORD010200,CUST04440,2024-11-10,COD,Delivered
ORD010201,CUST00244,2024-11-27,COD,Returned
ORD010202,CUST11901,2026-05-16,Debit Card,Returned
ORD010203,CUST08730,2024-12-29,UPI,Delivered
ORD010204,CUST11659,2026-01-27,UPI,Pending
ORD010205,CUST04372,2024-10-05,Debit Card,Delivered
ORD010206,CUST01836,2024-03-26,UPI,Cancelled
ORD010207,CUST03858,2025-04-03,UPI,Delivered
ORD010208,CUST07268,2026-03-24,Debit Card,Delivered
ORD010209,CUST11989,2024-06-25,COD,Delivered
ORD010210,CUST09870,2025-10-24,Credit Card,Pending
ORD010211,CUST05978,2025-01-30,Debit Card,Delivered
ORD010212,CUST06541,2026-03-07,Debit Card,Delivered
ORD010213,CUST00602,2024-08-04,Credit Card,Delivered
ORD010214,CUST06185,2025-08-22,Credit Card,Delivered
ORD010215,CUST07119,2025-07-24,Net Banking,Delivered
ORD010216,CUST03513,2024-11-04,Net Banking,Delivered
ORD010217,CUST07639,2024-11-19,Net Banking,Delivered
ORD010218,CUST06794,2024-12-22,COD,Returned
ORD010219,CUST08133,2025-12-03,Debit Card,Pending
ORD010220,CUST09266,2025-06-24,Net Banking,Delivered
ORD010221,CUST01636,2024-01-03,COD,Delivered
ORD010222,CUST08464,2026-05-12,Credit Card,Delivered
ORD010223,CUST06112,2024-03-29,Net Banking,Returned
ORD010224,CUST08075,2025-01-01,Debit Card,Cancelled
ORD010225,CUST03943,2025-02-24,UPI,Delivered
ORD010226,CUST04065,2024-03-03,COD,Delivered
ORD010227,CUST09699,2024-10-05,COD,Delivered
ORD010228,CUST06640,2026-01-28,Credit Card,Delivered
ORD010229,CUST07108,2025-03-08,Credit Card,Cancelled
ORD010230,CUST05591,2024-03-26,Credit Card,Delivered
ORD010231,CUST10004,2026-01-02,Net Banking,Delivered
ORD010232,CUST00193,2026-06-01,Credit Card,Delivered
ORD010233,CUST00508,2024-03-17,UPI,Delivered
ORD010234,CUST01162,2025-10-04,COD,Delivered
ORD010235,CUST11715,2025-09-13,COD,Cancelled
ORD010236,CUST07479,2025-02-09,Credit Card,Delivered
ORD010237,CUST04000,2025-01-03,Debit Card,Cancelled
ORD010238,CUST07725,2024-09-01,COD,Delivered
ORD010239,CUST06331,2025-07-01,Net Banking,Delivered
ORD010240,CUST07014,2025-01-28,Debit Card,Delivered
ORD010241,CUST06431,2024-04-29,Debit Card,Delivered
ORD010242,CUST03541,2026-02-15,UPI,Returned
ORD010243,CUST04568,2026-04-03,Credit Card,Cancelled
ORD010244,CUST01659,2026-08-08,Net Banking,Pending
ORD010245,CUST02136,2026-07-03,Debit Card,Delivered
ORD010246,CUST04532,2026-04-19,Debit Card,Delivered
ORD010247,CUST05894,2024-02-02,Credit Card,Delivered
ORD010248,CUST03804,2026-07-04,Net Banking,Returned
ORD010249,CUST03834,2026-03-13,Credit Card,Delivered
ORD010250,CUST01866,2025-01-13,Net Banking,Returned
ORD010251,CUST11166,2024-01-31,Credit Card,Delivered
ORD010252,CUST09039,2025-04-11,Credit Card,Delivered
ORD010253,CUST09151,2025-03-09,Credit Card,Delivered
ORD010254,CUST02904,2024-04-28,UPI,Delivered
ORD010255,CUST05183,2026-03-24,Credit Card,Returned
ORD010256,CUST09290,2024-03-18,Debit Card,Delivered
ORD010257,CUST05594,2026-02-16,UPI,Delivered
ORD010258,CUST08065,2024-11-18,Credit Card,Delivered
ORD010259,CUST03092,2026-06-05,Net Banking,Delivered
ORD010260,CUST09245,2024-06-10,COD,Delivered
ORD010261,CUST02754,2024-02-20,UPI,Delivered
ORD010262,CUST01730,2025-04-11,Net Banking,Delivered
ORD010263,CUST01992,2026-03-17,UPI,Delivered
ORD010264,CUST04918,2024-08-05,Net Banking,Pending
ORD010265,CUST03929,2025-12-08,Debit Card,Delivered
ORD010266,CUST01298,2025-01-30,Net Banking,Delivered
ORD010267,CUST09965,2026-07-10,Debit Card,Delivered
ORD010268,CUST01745,2026-08-24,Net Banking,Delivered
ORD010269,CUST01288,2026-04-14,UPI,Delivered
ORD010270,CUST11933,2024-03-30,COD,Delivered
ORD010271,CUST07219,2026-06-07,UPI,Pending
ORD010272,CUST01875,2024-05-09,Debit Card,Delivered
ORD010273,CUST07013,2024-01-12,Net Banking,Delivered
ORD010274,CUST03538,2026-04-06,Net Banking,Delivered
ORD010275,CUST10890,2025-01-15,Net Banking,Delivered
ORD010276,CUST08825,2024-02-01,COD,Delivered
ORD010277,CUST07730,2024-02-20,UPI,Delivered
ORD010278,CUST07721,2025-01-14,UPI,Delivered
ORD010279,CUST07484,2024-12-23,Net Banking,Delivered
ORD010280,CUST04421,2024-09-23,Net Banking,Delivered
ORD010281,CUST06991,2026-03-10,Net Banking,Delivered
ORD010282,CUST00223,2025-05-22,UPI,Delivered
ORD010283,CUST05726,2025-03-23,COD,Delivered
ORD010284,CUST00839,2026-07-29,Net Banking,Delivered
ORD010285,CUST04884,2025-04-07,Net Banking,Delivered
ORD010286,CUST00039,2024-02-23,COD,Delivered
ORD010287,CUST09987,2025-06-01,COD,Returned
ORD010288,CUST00771,2026-03-04,Net Banking,Delivered
ORD010289,CUST11167,2024-01-08,Debit Card,Delivered
ORD010290,CUST03335,2026-06-22,COD,Returned
ORD010291,CUST02433,2024-10-20,COD,Delivered
ORD010292,CUST05531,2025-10-09,UPI,Delivered
ORD010293,CUST08897,2025-06-12,Credit Card,Delivered
ORD010294,CUST05588,2026-05-20,Net Banking,Delivered
ORD010295,CUST11943,2024-12-04,Credit Card,Delivered
ORD010296,CUST04204,2025-01-15,Credit Card,Delivered
ORD010297,CUST01211,2025-01-21,Net Banking,Delivered
ORD010298,CUST06402,2025-02-28,UPI,Delivered
ORD010299,CUST00764,2026-05-30,COD,Cancelled
ORD010300,CUST00352,2025-12-13,UPI,Pending
ORD010301,CUST08468,2026-03-31,UPI,Pending
ORD010302,CUST03556,2025-09-13,Net Banking,Delivered
ORD010303,CUST08475,2026-06-07,Debit Card,Delivered
ORD010304,CUST03668,2024-12-18,COD,Delivered
ORD010305,CUST11027,2025-08-30,COD,Delivered
ORD010306,CUST09911,2024-08-11,Net Banking,Delivered
ORD010307,CUST00319,2025-03-29,Debit Card,Delivered
ORD010308,CUST08917,2026-01-22,Debit Card,Delivered
ORD010309,CUST07723,2024-11-13,Credit Card,Pending
ORD010310,CUST01669,2024-11-04,Credit Card,Delivered
ORD010311,CUST04471,2026-08-12,UPI,Delivered
ORD010312,CUST11980,2024-12-14,COD,Delivered
ORD010313,CUST11453,2026-02-04,COD,Delivered
ORD010314,CUST11454,2025-09-04,COD,Delivered
ORD010315,CUST01525,2025-12-21,UPI,Delivered
ORD010316,CUST01727,2026-01-23,Debit Card,Delivered
ORD010317,CUST04246,2026-06-12,Debit Card,Delivered
ORD010318,CUST03164,2024-12-04,COD,Delivered
ORD010319,CUST06796,2024-12-16,Debit Card,Delivered
ORD010320,CUST06759,2026-04-30,COD,Cancelled
ORD010321,CUST04810,2025-10-24,Debit Card,Delivered
ORD010322,CUST00240,2026-07-31,Net Banking,Delivered
ORD010323,CUST00611,2025-11-05,Credit Card,Delivered
ORD010324,CUST10032,2024-09-26,Net Banking,Delivered
ORD010325,CUST00229,2025-07-30,Credit Card,Delivered
ORD010326,CUST05009,2025-01-03,Debit Card,Delivered
ORD010327,CUST08948,2024-02-18,Net Banking,Delivered
ORD010328,CUST06875,2025-11-06,COD,Returned
ORD010329,CUST08500,2025-10-02,Net Banking,Delivered
ORD010330,CUST09501,2026-05-01,Debit Card,Delivered
ORD010331,CUST11482,2025-06-17,Debit Card,Delivered
ORD010332,CUST01353,2026-07-19,Credit Card,Delivered
ORD010333,CUST03251,2024-01-03,Net Banking,Returned
ORD010334,CUST11499,2025-01-30,Debit Card,Returned
ORD010335,CUST00922,2026-01-16,Net Banking,Delivered
ORD010336,CUST00736,2025-02-24,UPI,Delivered
ORD010337,CUST03403,2026-04-05,Debit Card,Delivered
ORD010338,CUST05896,2026-04-24,Credit Card,Delivered
ORD010339,CUST05844,2026-02-18,Credit Card,Delivered
ORD010340,CUST10389,2026-02-08,COD,Delivered
ORD010341,CUST03364,2026-06-12,Debit Card,Delivered
ORD010342,CUST10923,2024-12-05,COD,Delivered
ORD010343,CUST11997,2025-12-05,Credit Card,Delivered
ORD010344,CUST01178,2025-03-17,Debit Card,Delivered
ORD010345,CUST10020,2024-11-11,UPI,Delivered
ORD010346,CUST05081,2024-02-10,Net Banking,Delivered
ORD010347,CUST00919,2026-07-19,Debit Card,Delivered
ORD010348,CUST03046,2024-08-03,COD,Delivered
ORD010349,CUST08668,2024-08-31,Debit Card,Delivered
ORD010350,CUST11945,2024-04-11,Credit Card,Delivered
ORD010351,CUST00331,2025-04-18,Credit Card,Delivered
ORD010352,CUST00349,2026-02-17,Credit Card,Delivered
ORD010353,CUST06060,2024-06-28,Net Banking,Pending
ORD010354,CUST00468,2024-06-28,Debit Card,Delivered
ORD010355,CUST01752,2026-05-24,Credit Card,Delivered
ORD010356,CUST00687,2024-11-13,Credit Card,Delivered
ORD010357,CUST04265,2025-12-03,UPI,Delivered
ORD010358,CUST07437,2026-02-21,Credit Card,Delivered
ORD010359,CUST09914,2024-03-10,COD,Delivered
ORD010360,CUST08130,2025-07-05,Credit Card,Delivered
ORD010361,CUST09970,2024-01-09,COD,Delivered
ORD010362,CUST03258,2025-09-17,Net Banking,Delivered
ORD010363,CUST06875,2025-03-29,Net Banking,Delivered
ORD010364,CUST09574,2024-05-24,Debit Card,Delivered
ORD010365,CUST05442,2025-10-24,UPI,Delivered
ORD010366,CUST08446,2026-04-05,Debit Card,Delivered
ORD010367,CUST07621,2026-01-04,Credit Card,Delivered
ORD010368,CUST00027,2024-03-20,Net Banking,Delivered
ORD010369,CUST02619,2025-07-16,COD,Pending
ORD010370,CUST10596,2026-04-04,Debit Card,Delivered
ORD010371,CUST00987,2025-08-20,Net Banking,Delivered
ORD010372,CUST01614,2025-10-17,COD,Delivered
ORD010373,CUST11727,2024-06-21,COD,Delivered
ORD010374,CUST09371,2024-07-07,Credit Card,Delivered
ORD010375,CUST02747,2026-02-18,Debit Card,Delivered
ORD010376,CUST08888,2024-07-19,COD,Pending
ORD010377,CUST06613,2024-01-06,Net Banking,Delivered
ORD010378,CUST03377,2026-06-18,Debit Card,Delivered
ORD010379,CUST01756,2025-09-05,Credit Card,Cancelled
ORD010380,CUST08849,2025-04-09,Credit Card,Delivered
ORD010381,CUST04474,2026-06-08,Net Banking,Cancelled
ORD010382,CUST01273,2026-01-29,COD,Delivered
ORD010383,CUST10612,2024-07-20,Credit Card,Returned
ORD010384,CUST06912,2026-01-13,Credit Card,Returned
ORD010385,CUST04006,2024-06-11,COD,Delivered
ORD010386,CUST01025,2024-02-16,COD,Cancelled
ORD010387,CUST02586,2025-08-19,COD,Returned
ORD010388,CUST07365,2024-04-26,UPI,Delivered
ORD010389,CUST09924,2024-10-01,UPI,Delivered
ORD010390,CUST05997,2024-10-09,COD,Delivered
ORD010391,CUST08820,2024-05-18,COD,Delivered
ORD010392,CUST10737,2024-11-21,Net Banking,Delivered
ORD010393,CUST06573,2024-07-05,Credit Card,Delivered
ORD010394,CUST00269,2025-07-06,Debit Card,Delivered
ORD010395,CUST02657,2025-11-13,UPI,Delivered
ORD010396,CUST01433,2024-01-28,UPI,Delivered
ORD010397,CUST07442,2025-07-28,COD,Delivered
ORD010398,CUST08247,2026-04-14,COD,Delivered
ORD010399,CUST06043,2025-05-03,COD,Delivered
ORD010400,CUST06712,2025-03-04,Debit Card,Delivered
ORD010401,CUST11825,2024-10-06,UPI,Delivered
ORD010402,CUST10650,2024-12-22,Debit Card,Delivered
ORD010403,CUST09585,2025-12-17,Credit Card,Delivered
ORD010404,CUST10356,2025-03-23,Debit Card,Cancelled
ORD010405,CUST09986,2024-11-30,Net Banking,Delivered
ORD010406,CUST08124,2025-04-01,UPI,Pending
ORD010407,CUST06228,2024-10-21,Debit Card,Cancelled
ORD010408,CUST02342,2024-05-01,UPI,Delivered
ORD010409,CUST03018,2025-07-10,COD,Delivered
ORD010410,CUST08156,2026-04-08,Debit Card,Delivered
ORD010411,CUST08659,2025-04-10,UPI,Delivered
ORD010412,CUST10705,2024-06-19,Debit Card,Delivered
ORD010413,CUST08757,2025-05-15,Debit Card,Delivered
ORD010414,CUST11692,2025-12-07,Debit Card,Pending
ORD010415,CUST02431,2026-05-09,Net Banking,Delivered
ORD010416,CUST11031,2025-03-01,Net Banking,Delivered
ORD010417,CUST04256,2026-03-19,Debit Card,Returned
ORD010418,CUST06374,2025-07-12,Debit Card,Delivered
ORD010419,CUST07372,2026-07-27,UPI,Delivered
ORD010420,CUST10630,2024-05-01,COD,Returned
ORD010421,CUST01795,2025-10-24,Credit Card,Delivered
ORD010422,CUST11267,2024-10-14,COD,Delivered
ORD010423,CUST11172,2024-03-14,UPI,Delivered
ORD010424,CUST00832,2025-01-12,Net Banking,Delivered
ORD010425,CUST06540,2024-12-23,UPI,Delivered
ORD010426,CUST00282,2025-11-27,UPI,Delivered
ORD010427,CUST06949,2025-11-08,Credit Card,Delivered
ORD010428,CUST07538,2024-03-17,COD,Delivered
ORD010429,CUST11440,2026-02-21,Net Banking,Delivered
ORD010430,CUST03658,2026-07-12,UPI,Delivered
ORD010431,CUST03628,2025-06-08,Credit Card,Delivered
ORD010432,CUST08331,2024-10-17,UPI,Delivered
ORD010433,CUST06099,2024-05-09,UPI,Delivered
ORD010434,CUST04549,2024-03-01,COD,Delivered
ORD010435,CUST07448,2026-04-12,COD,Delivered
ORD010436,CUST09443,2025-02-28,Credit Card,Delivered
ORD010437,CUST06748,2025-08-30,UPI,Returned
ORD010438,CUST10590,2025-04-22,UPI,Delivered
ORD010439,CUST08723,2025-08-20,UPI,Delivered
ORD010440,CUST09926,2025-05-30,Debit Card,Delivered
ORD010441,CUST09528,2026-08-06,Debit Card,Delivered
ORD010442,CUST03703,2025-09-13,UPI,Delivered
ORD010443,CUST00109,2025-04-16,COD,Delivered
ORD010444,CUST08167,2024-01-14,Credit Card,Delivered
ORD010445,CUST00723,2025-10-18,COD,Delivered
ORD010446,CUST00499,2024-05-21,Credit Card,Cancelled
ORD010447,CUST10297,2026-01-13,Net Banking,Delivered
ORD010448,CUST09311,2025-05-01,UPI,Delivered
ORD010449,CUST09708,2024-02-10,UPI,Returned
ORD010450,CUST06993,2026-04-09,Debit Card,Returned
ORD010451,CUST10385,2026-03-30,Net Banking,Delivered
ORD010452,CUST02831,2024-10-09,Debit Card,Delivered
ORD010453,CUST03518,2024-12-06,COD,Delivered
ORD010454,CUST06283,2024-02-09,Debit Card,Delivered
ORD010455,CUST10618,2024-02-04,Credit Card,Delivered
ORD010456,CUST00269,2025-04-18,UPI,Delivered
ORD010457,CUST08529,2024-04-04,COD,Delivered
ORD010458,CUST05148,2025-11-29,Net Banking,Delivered
ORD010459,CUST05276,2025-11-19,UPI,Delivered
ORD010460,CUST11703,2025-12-03,COD,Delivered
ORD010461,CUST07184,2024-01-11,Net Banking,Delivered
ORD010462,CUST05924,2026-02-01,Credit Card,Returned
ORD010463,CUST03825,2024-09-06,Credit Card,Delivered
ORD010464,CUST01192,2025-08-14,Net Banking,Returned
ORD010465,CUST07060,2025-01-24,UPI,Delivered
ORD010466,CUST00353,2026-05-15,Credit Card,Cancelled
ORD010467,CUST02562,2025-01-15,COD,Delivered
ORD010468,CUST00205,2026-03-19,UPI,Delivered
ORD010469,CUST03330,2025-11-02,Net Banking,Delivered
ORD010470,CUST01787,2024-01-21,Credit Card,Delivered
ORD010471,CUST02432,2026-05-10,Credit Card,Delivered
ORD010472,CUST03429,2026-04-22,Debit Card,Delivered
ORD010473,CUST02373,2026-04-04,Debit Card,Delivered
ORD010474,CUST02118,2024-09-04,UPI,Returned
ORD010475,CUST00562,2026-06-19,UPI,Delivered
ORD010476,CUST01888,2025-02-15,Net Banking,Delivered
ORD010477,CUST04272,2025-04-23,Net Banking,Delivered
ORD010478,CUST06655,2025-09-17,Net Banking,Delivered
ORD010479,CUST08913,2025-04-03,Debit Card,Delivered
ORD010480,CUST00393,2024-09-07,Credit Card,Delivered
ORD010481,CUST00245,2024-11-28,Credit Card,Delivered
ORD010482,CUST11386,2024-12-28,Net Banking,Delivered
ORD010483,CUST11432,2026-04-17,Debit Card,Delivered
ORD010484,CUST05032,2026-07-11,Net Banking,Delivered
ORD010485,CUST08322,2026-05-11,COD,Returned
ORD010486,CUST06729,2025-11-23,UPI,Delivered
ORD010487,CUST09875,2025-07-13,Debit Card,Delivered
ORD010488,CUST04705,2025-04-11,Credit Card,Delivered
ORD010489,CUST08057,2025-04-06,COD,Delivered
ORD010490,CUST03091,2024-02-27,UPI,Delivered
ORD010491,CUST04845,2024-05-16,UPI,Delivered
ORD010492,CUST01853,2024-11-06,UPI,Delivered
ORD010493,CUST10782,2024-10-27,Debit Card,Delivered
ORD010494,CUST07143,2024-06-04,Debit Card,Delivered
ORD010495,CUST07358,2024-06-04,Debit Card,Delivered
ORD010496,CUST07821,2024-06-22,Credit Card,Delivered
ORD010497,CUST01938,2026-07-09,Credit Card,Delivered
ORD010498,CUST04994,2024-10-08,Credit Card,Delivered
ORD010499,CUST06147,2026-02-01,COD,Delivered
ORD010500,CUST00902,2024-11-13,COD,Delivered
ORD010501,CUST08092,2024-07-14,Net Banking,Delivered
ORD010502,CUST01357,2024-07-13,Net Banking,Delivered
ORD010503,CUST01364,2025-02-21,UPI,Delivered
ORD010504,CUST06304,2026-07-05,UPI,Delivered
ORD010505,CUST09087,2026-01-11,Debit Card,Delivered
ORD010506,CUST03487,2026-07-18,UPI,Delivered
ORD010507,CUST11837,2025-07-09,UPI,Delivered
ORD010508,CUST07433,2024-11-27,COD,Delivered
ORD010509,CUST06211,2025-12-29,Credit Card,Delivered
ORD010510,CUST01974,2024-10-03,UPI,Delivered
ORD010511,CUST09311,2025-02-05,Net Banking,Delivered
ORD010512,CUST09935,2024-02-05,Net Banking,Delivered
ORD010513,CUST04337,2025-08-04,UPI,Delivered
ORD010514,CUST11281,2025-04-12,Debit Card,Delivered
ORD010515,CUST02797,2025-11-23,Net Banking,Returned
ORD010516,CUST10655,2026-02-05,UPI,Delivered
ORD010517,CUST10461,2024-05-27,Net Banking,Returned
ORD010518,CUST07297,2025-04-24,UPI,Pending
ORD010519,CUST09736,2024-08-10,COD,Delivered
ORD010520,CUST10432,2025-04-12,Net Banking,Delivered
ORD010521,CUST00425,2025-09-18,UPI,Delivered
ORD010522,CUST10696,2024-05-06,COD,Cancelled
ORD010523,CUST11051,2025-08-28,UPI,Delivered
ORD010524,CUST03297,2024-09-15,UPI,Delivered
ORD010525,CUST11994,2025-12-24,Debit Card,Delivered
ORD010526,CUST09730,2025-06-03,UPI,Returned
ORD010527,CUST11580,2024-09-12,Net Banking,Delivered
ORD010528,CUST01201,2026-03-26,Credit Card,Delivered
ORD010529,CUST07261,2025-02-10,UPI,Cancelled
ORD010530,CUST09487,2025-09-21,Net Banking,Delivered
ORD010531,CUST06141,2025-05-27,UPI,Delivered
ORD010532,CUST08626,2024-01-02,Credit Card,Delivered
ORD010533,CUST02796,2025-08-08,Credit Card,Delivered
ORD010534,CUST01966,2024-10-19,UPI,Delivered
ORD010535,CUST07628,2026-01-31,Net Banking,Delivered
ORD010536,CUST05634,2024-04-03,COD,Delivered
ORD010537,CUST06869,2024-02-20,Debit Card,Delivered
ORD010538,CUST00669,2024-06-20,UPI,Delivered
ORD010539,CUST10106,2024-05-31,Net Banking,Delivered
ORD010540,CUST07069,2024-06-08,Credit Card,Delivered
ORD010541,CUST04467,2024-07-02,Net Banking,Delivered
ORD010542,CUST09311,2026-03-28,UPI,Delivered
ORD010543,CUST05309,2024-07-10,Net Banking,Delivered
ORD010544,CUST04961,2024-06-06,Net Banking,Returned
ORD010545,CUST11308,2024-06-14,UPI,Delivered
ORD010546,CUST02308,2024-04-28,UPI,Delivered
ORD010547,CUST11047,2025-09-29,COD,Delivered
ORD010548,CUST07356,2026-04-25,UPI,Delivered
ORD010549,CUST06405,2025-11-25,Credit Card,Delivered
ORD010550,CUST04653,2026-06-17,Net Banking,Delivered
ORD010551,CUST01288,2025-02-12,Credit Card,Cancelled
ORD010552,CUST10034,2024-02-14,Debit Card,Delivered
ORD010553,CUST01862,2024-07-08,Debit Card,Delivered
ORD010554,CUST02985,2024-05-14,UPI,Delivered
ORD010555,CUST05130,2026-04-28,Net Banking,Delivered
ORD010556,CUST00804,2024-06-03,UPI,Delivered
ORD010557,CUST10052,2026-01-11,COD,Delivered
ORD010558,CUST04199,2024-08-17,Credit Card,Delivered
ORD010559,CUST02958,2024-01-23,UPI,Delivered
ORD010560,CUST06988,2024-06-08,COD,Delivered
ORD010561,CUST06929,2025-05-28,Credit Card,Delivered
ORD010562,CUST00501,2024-07-21,UPI,Delivered
ORD010563,CUST01229,2025-11-04,UPI,Delivered
ORD010564,CUST00097,2026-08-05,UPI,Delivered
ORD010565,CUST06541,2024-07-07,COD,Pending
ORD010566,CUST08112,2024-04-20,Credit Card,Delivered
ORD010567,CUST03885,2025-01-16,Net Banking,Delivered
ORD010568,CUST03639,2026-03-12,COD,Cancelled
ORD010569,CUST04658,2026-02-13,COD,Pending
ORD010570,CUST02544,2024-09-22,COD,Delivered
ORD010571,CUST07700,2025-04-17,Credit Card,Delivered
ORD010572,CUST09580,2025-10-03,Debit Card,Delivered
ORD010573,CUST10497,2026-01-22,Net Banking,Delivered
ORD010574,CUST09558,2026-07-14,Net Banking,Delivered
ORD010575,CUST10739,2024-03-21,Net Banking,Returned
ORD010576,CUST06093,2024-06-05,Debit Card,Delivered
ORD010577,CUST08384,2024-07-28,COD,Delivered
ORD010578,CUST10019,2024-08-25,Debit Card,Pending
ORD010579,CUST06382,2024-11-11,Net Banking,Delivered
ORD010580,CUST00225,2024-01-17,COD,Delivered
ORD010581,CUST07357,2024-07-02,Credit Card,Delivered
ORD010582,CUST00773,2025-05-09,Net Banking,Delivered
ORD010583,CUST09438,2025-08-20,COD,Delivered
ORD010584,CUST03013,2026-08-04,Credit Card,Cancelled
ORD010585,CUST02667,2026-07-09,Debit Card,Delivered
ORD010586,CUST01625,2025-04-12,COD,Delivered
ORD010587,CUST08124,2026-02-22,COD,Delivered
ORD010588,CUST03475,2024-06-01,Debit Card,Delivered
ORD010589,CUST10188,2024-09-27,Credit Card,Delivered
ORD010590,CUST04153,2025-09-04,Debit Card,Delivered
ORD010591,CUST00520,2024-03-19,Net Banking,Returned
ORD010592,CUST03530,2025-03-16,UPI,Delivered
ORD010593,CUST09618,2026-02-21,Debit Card,Delivered
ORD010594,CUST00873,2024-07-02,Net Banking,Cancelled
ORD010595,CUST00958,2025-08-16,COD,Delivered
ORD010596,CUST11781,2025-07-02,Net Banking,Delivered
ORD010597,CUST03032,2025-10-01,COD,Delivered
ORD010598,CUST08429,2024-03-05,UPI,Delivered
ORD010599,CUST04429,2024-10-15,UPI,Cancelled
ORD010600,CUST07992,2024-05-10,Debit Card,Delivered
ORD010601,CUST04721,2024-10-31,UPI,Delivered
ORD010602,CUST03227,2026-07-06,Debit Card,Delivered
ORD010603,CUST01568,2025-11-24,Credit Card,Pending
ORD010604,CUST00910,2024-05-28,COD,Delivered
ORD010605,CUST01961,2024-04-19,Debit Card,Cancelled
ORD010606,CUST06262,2024-04-14,UPI,Delivered
ORD010607,CUST11780,2024-01-27,UPI,Delivered
ORD010608,CUST11531,2025-01-22,COD,Delivered
ORD010609,CUST01386,2024-04-24,COD,Delivered
ORD010610,CUST00816,2024-08-14,Credit Card,Delivered
ORD010611,CUST05350,2024-05-08,Credit Card,Delivered
ORD010612,CUST10661,2026-02-10,UPI,Cancelled
ORD010613,CUST03785,2025-03-14,COD,Returned
ORD010614,CUST09002,2025-06-19,Debit Card,Delivered
ORD010615,CUST00322,2024-04-19,Debit Card,Delivered
ORD010616,CUST04399,2025-10-30,COD,Delivered
ORD010617,CUST07643,2025-06-17,Net Banking,Delivered
ORD010618,CUST00844,2024-05-30,Credit Card,Returned
ORD010619,CUST02572,2024-07-31,Net Banking,Delivered
ORD010620,CUST06595,2026-04-25,Debit Card,Pending
ORD010621,CUST08603,2025-06-03,COD,Delivered
ORD010622,CUST11763,2026-04-05,Debit Card,Delivered
ORD010623,CUST07331,2024-03-20,Credit Card,Delivered
ORD010624,CUST07181,2025-04-27,Debit Card,Delivered
ORD010625,CUST06902,2024-03-28,COD,Returned
ORD010626,CUST09016,2025-07-24,COD,Delivered
ORD010627,CUST02501,2024-03-30,COD,Delivered
ORD010628,CUST02810,2026-02-13,Credit Card,Delivered
ORD010629,CUST10579,2024-10-07,Debit Card,Delivered
ORD010630,CUST01876,2025-05-23,Credit Card,Delivered
ORD010631,CUST04155,2024-04-11,Credit Card,Delivered
ORD010632,CUST06103,2025-11-15,Debit Card,Delivered
ORD010633,CUST03340,2024-08-05,Net Banking,Delivered
ORD010634,CUST10720,2024-09-12,Debit Card,Delivered
ORD010635,CUST08861,2025-10-27,Credit Card,Delivered
ORD010636,CUST11781,2024-06-06,UPI,Delivered
ORD010637,CUST03072,2024-07-12,Net Banking,Delivered
ORD010638,CUST06592,2025-01-14,Net Banking,Delivered
ORD010639,CUST02931,2024-08-22,UPI,Delivered
ORD010640,CUST05675,2024-02-22,Net Banking,Delivered
ORD010641,CUST09794,2025-12-13,Debit Card,Delivered
ORD010642,CUST05254,2025-11-09,UPI,Delivered
ORD010643,CUST08405,2025-09-11,UPI,Delivered
ORD010644,CUST02147,2026-06-25,UPI,Delivered
ORD010645,CUST03343,2025-10-13,Debit Card,Pending
ORD010646,CUST06802,2025-10-01,Net Banking,Delivered
ORD010647,CUST09265,2025-04-27,Net Banking,Delivered
ORD010648,CUST02223,2024-06-26,COD,Delivered
ORD010649,CUST05634,2024-02-25,Debit Card,Pending
ORD010650,CUST04997,2025-02-27,Net Banking,Delivered
ORD010651,CUST06633,2026-05-28,COD,Delivered
ORD010652,CUST09222,2026-06-30,COD,Delivered
ORD010653,CUST07923,2024-06-25,Credit Card,Delivered
ORD010654,CUST02602,2024-10-14,Debit Card,Delivered
ORD010655,CUST11571,2025-08-16,COD,Delivered
ORD010656,CUST03539,2025-01-07,UPI,Delivered
ORD010657,CUST08720,2025-03-04,UPI,Delivered
ORD010658,CUST05836,2024-07-31,Credit Card,Delivered
ORD010659,CUST08920,2025-04-08,COD,Returned
ORD010660,CUST10313,2024-11-22,UPI,Delivered
ORD010661,CUST10307,2026-06-19,COD,Delivered
ORD010662,CUST08785,2025-01-18,UPI,Delivered
ORD010663,CUST07768,2024-06-20,Debit Card,Delivered
ORD010664,CUST03498,2024-06-17,Net Banking,Delivered
ORD010665,CUST06720,2025-08-31,UPI,Delivered
ORD010666,CUST07559,2026-01-04,Debit Card,Delivered
ORD010667,CUST07497,2024-12-06,Net Banking,Cancelled
ORD010668,CUST05776,2024-07-13,Credit Card,Returned
ORD010669,CUST00267,2026-08-27,Net Banking,Delivered
ORD010670,CUST03465,2026-06-11,Debit Card,Delivered
ORD010671,CUST06913,2026-08-28,UPI,Pending
ORD010672,CUST03884,2024-05-29,Credit Card,Delivered
ORD010673,CUST11860,2025-02-04,COD,Cancelled
ORD010674,CUST09395,2024-08-29,Credit Card,Delivered
ORD010675,CUST03848,2025-08-23,Net Banking,Delivered
ORD010676,CUST01607,2026-05-22,Debit Card,Delivered
ORD010677,CUST06693,2025-11-20,Credit Card,Delivered
ORD010678,CUST06245,2025-12-24,Credit Card,Delivered
ORD010679,CUST11732,2024-06-07,UPI,Delivered
ORD010680,CUST06789,2026-06-27,Net Banking,Delivered
ORD010681,CUST07372,2026-08-27,UPI,Delivered
ORD010682,CUST08660,2024-02-20,UPI,Delivered
ORD010683,CUST02071,2026-01-29,Net Banking,Delivered
ORD010684,CUST04793,2026-03-11,Credit Card,Returned
ORD010685,CUST06721,2026-05-22,Debit Card,Delivered
ORD010686,CUST07065,2024-01-20,Debit Card,Cancelled
ORD010687,CUST00659,2024-06-24,Net Banking,Delivered
ORD010688,CUST00537,2026-08-31,Net Banking,Delivered
ORD010689,CUST02428,2026-06-10,Debit Card,Delivered
ORD010690,CUST06123,2024-03-12,Debit Card,Delivered
ORD010691,CUST09042,2026-08-25,COD,Delivered
ORD010692,CUST10366,2026-01-11,Net Banking,Delivered
ORD010693,CUST04925,2024-11-25,UPI,Delivered
ORD010694,CUST02092,2025-09-24,Credit Card,Delivered
ORD010695,CUST10901,2025-10-15,Credit Card,Delivered
ORD010696,CUST09575,2024-03-02,COD,Delivered
ORD010697,CUST01677,2024-06-27,Net Banking,Delivered
ORD010698,CUST05844,2025-12-18,Credit Card,Delivered
ORD010699,CUST08845,2024-05-06,Credit Card,Delivered
ORD010700,CUST04404,2025-12-10,Credit Card,Delivered
ORD010701,CUST07964,2024-04-07,Debit Card,Delivered
ORD010702,CUST07525,2024-05-06,COD,Delivered
ORD010703,CUST11353,2025-08-15,UPI,Delivered
ORD010704,CUST11952,2025-02-08,Debit Card,Delivered
ORD010705,CUST07533,2025-05-23,Net Banking,Delivered
ORD010706,CUST10465,2026-01-12,COD,Delivered
ORD010707,CUST04456,2026-05-09,Debit Card,Delivered
ORD010708,CUST10664,2026-03-16,Debit Card,Delivered
ORD010709,CUST05111,2024-05-22,COD,Delivered
ORD010710,CUST03126,2025-07-01,Net Banking,Delivered
ORD010711,CUST04763,2026-01-09,COD,Returned
ORD010712,CUST02383,2024-01-09,COD,Delivered
ORD010713,CUST06239,2026-01-17,Net Banking,Delivered
ORD010714,CUST00315,2026-01-08,Debit Card,Delivered
ORD010715,CUST08680,2024-11-10,Net Banking,Delivered
ORD010716,CUST11128,2024-08-24,UPI,Delivered
ORD010717,CUST06973,2024-12-03,Net Banking,Delivered
ORD010718,CUST10877,2026-04-01,UPI,Delivered
ORD010719,CUST03884,2024-05-24,COD,Delivered
ORD010720,CUST08879,2025-08-16,Credit Card,Delivered
ORD010721,CUST01992,2025-05-30,COD,Delivered
ORD010722,CUST06365,2025-08-18,UPI,Delivered
ORD010723,CUST02928,2025-06-08,Net Banking,Delivered
ORD010724,CUST01445,2026-08-28,UPI,Delivered
ORD010725,CUST07497,2025-09-18,Credit Card,Pending
ORD010726,CUST10157,2024-10-25,COD,Delivered
ORD010727,CUST11934,2025-04-20,UPI,Delivered
ORD010728,CUST03020,2024-09-20,Debit Card,Returned
ORD010729,CUST07540,2026-01-16,COD,Delivered
ORD010730,CUST03965,2025-02-07,COD,Delivered
ORD010731,CUST01513,2024-05-02,UPI,Delivered
ORD010732,CUST08091,2024-07-28,UPI,Cancelled
ORD010733,CUST09216,2024-07-17,Credit Card,Delivered
ORD010734,CUST01951,2024-11-12,Debit Card,Delivered
ORD010735,CUST06349,2025-07-09,UPI,Cancelled
ORD010736,CUST02319,2025-04-25,Credit Card,Delivered
ORD010737,CUST01733,2024-06-27,UPI,Delivered
ORD010738,CUST05930,2025-03-17,COD,Delivered
ORD010739,CUST00631,2025-04-03,COD,Delivered
ORD010740,CUST10814,2026-06-14,COD,Delivered
ORD010741,CUST10521,2024-04-26,COD,Delivered
ORD010742,CUST03084,2026-01-28,Net Banking,Delivered
ORD010743,CUST06129,2025-02-17,COD,Delivered
ORD010744,CUST11529,2026-05-16,Debit Card,Delivered
ORD010745,CUST06437,2025-05-07,COD,Returned
ORD010746,CUST06281,2024-12-05,Net Banking,Returned
ORD010747,CUST09911,2025-09-04,UPI,Delivered
ORD010748,CUST05934,2025-06-05,UPI,Delivered
ORD010749,CUST08647,2026-01-03,Net Banking,Delivered
ORD010750,CUST08105,2025-02-05,COD,Delivered
ORD010751,CUST05215,2025-01-14,Credit Card,Delivered
ORD010752,CUST03308,2024-10-07,Debit Card,Delivered
ORD010753,CUST04103,2025-04-24,COD,Returned
ORD010754,CUST06533,2025-09-06,Net Banking,Delivered
ORD010755,CUST10164,2024-06-10,COD,Delivered
ORD010756,CUST07293,2024-02-13,Net Banking,Cancelled
ORD010757,CUST05412,2024-09-02,COD,Returned
ORD010758,CUST09179,2026-07-23,Credit Card,Delivered
ORD010759,CUST00513,2025-04-23,Credit Card,Delivered
ORD010760,CUST09722,2025-04-20,Debit Card,Delivered
ORD010761,CUST00718,2025-08-24,Debit Card,Delivered
ORD010762,CUST06588,2026-05-25,Net Banking,Delivered
ORD010763,CUST11049,2024-07-14,Credit Card,Delivered
ORD010764,CUST03521,2024-06-19,Debit Card,Pending
ORD010765,CUST09096,2026-07-04,Net Banking,Cancelled
ORD010766,CUST09197,2024-11-23,Debit Card,Delivered
ORD010767,CUST00041,2026-02-08,Credit Card,Delivered
ORD010768,CUST08111,2024-04-23,COD,Delivered
ORD010769,CUST05995,2025-05-12,UPI,Delivered
ORD010770,CUST03930,2024-06-03,Credit Card,Delivered
ORD010771,CUST06052,2026-03-12,Debit Card,Delivered
ORD010772,CUST03176,2026-04-02,UPI,Delivered
ORD010773,CUST05361,2024-06-12,Credit Card,Delivered
ORD010774,CUST03332,2025-04-13,Debit Card,Delivered
ORD010775,CUST09182,2026-08-25,Credit Card,Delivered
ORD010776,CUST05935,2024-08-02,Net Banking,Delivered
ORD010777,CUST04126,2025-09-10,Debit Card,Delivered
ORD010778,CUST09298,2026-04-19,UPI,Delivered
ORD010779,CUST06430,2024-03-09,Credit Card,Delivered
ORD010780,CUST05998,2024-04-13,Debit Card,Delivered
ORD010781,CUST00355,2024-11-16,COD,Delivered
ORD010782,CUST09530,2026-06-12,Debit Card,Cancelled
ORD010783,CUST01859,2025-08-19,Credit Card,Delivered
ORD010784,CUST08727,2026-07-28,COD,Delivered
ORD010785,CUST11259,2024-10-25,UPI,Returned
ORD010786,CUST06519,2024-03-14,COD,Delivered
ORD010787,CUST00253,2025-03-25,Credit Card,Pending
ORD010788,CUST10160,2024-10-03,COD,Returned
ORD010789,CUST05695,2025-03-20,Credit Card,Delivered
ORD010790,CUST07212,2024-05-20,COD,Delivered
ORD010791,CUST11827,2024-04-17,Net Banking,Delivered
ORD010792,CUST07358,2026-05-31,UPI,Delivered
ORD010793,CUST10992,2025-05-16,UPI,Returned
ORD010794,CUST07887,2024-01-28,UPI,Delivered
ORD010795,CUST06697,2024-06-06,Net Banking,Pending
ORD010796,CUST07632,2024-03-22,UPI,Pending
ORD010797,CUST02658,2024-04-15,COD,Delivered
ORD010798,CUST11434,2025-10-03,Debit Card,Delivered
ORD010799,CUST04876,2026-04-05,Net Banking,Delivered
ORD010800,CUST09682,2024-07-29,Net Banking,Delivered
ORD010801,CUST04668,2024-01-21,Credit Card,Delivered
ORD010802,CUST08964,2024-12-11,Net Banking,Delivered
ORD010803,CUST05602,2024-06-22,UPI,Pending
ORD010804,CUST11687,2024-08-04,Net Banking,Returned
ORD010805,CUST07571,2026-04-30,Net Banking,Delivered
ORD010806,CUST10091,2025-06-20,COD,Delivered
ORD010807,CUST07085,2025-05-03,COD,Delivered
ORD010808,CUST10655,2024-11-08,Net Banking,Delivered
ORD010809,CUST07345,2025-10-21,UPI,Delivered
ORD010810,CUST10911,2026-02-12,COD,Delivered
ORD010811,CUST02602,2026-02-24,Debit Card,Delivered
ORD010812,CUST03092,2025-11-19,COD,Delivered
ORD010813,CUST09328,2026-07-04,Credit Card,Delivered
ORD010814,CUST00724,2026-05-20,Credit Card,Delivered
ORD010815,CUST10848,2024-06-10,Net Banking,Pending
ORD010816,CUST11796,2025-01-28,Net Banking,Delivered
ORD010817,CUST01040,2024-10-15,UPI,Delivered
ORD010818,CUST02555,2025-09-18,Debit Card,Cancelled
ORD010819,CUST11321,2026-08-08,UPI,Returned
ORD010820,CUST03347,2026-07-03,UPI,Delivered
ORD010821,CUST06879,2024-07-12,Credit Card,Delivered
ORD010822,CUST11277,2024-02-16,Debit Card,Delivered
ORD010823,CUST07927,2025-11-19,Debit Card,Delivered
ORD010824,CUST03604,2026-08-20,COD,Delivered
ORD010825,CUST02411,2024-01-30,Net Banking,Delivered
ORD010826,CUST03404,2025-05-01,Net Banking,Cancelled
ORD010827,CUST03505,2024-07-29,Credit Card,Delivered
ORD010828,CUST01263,2025-04-13,Credit Card,Delivered
ORD010829,CUST05530,2024-11-10,COD,Delivered
ORD010830,CUST10787,2026-01-27,COD,Delivered
ORD010831,CUST07562,2025-05-06,UPI,Delivered
ORD010832,CUST04428,2026-08-31,Net Banking,Delivered
ORD010833,CUST05110,2024-10-13,COD,Delivered
ORD010834,CUST07369,2024-10-03,Debit Card,Delivered
ORD010835,CUST09208,2024-09-29,UPI,Delivered
ORD010836,CUST04933,2026-08-06,UPI,Delivered
ORD010837,CUST07327,2025-03-10,Net Banking,Delivered
ORD010838,CUST01462,2025-02-11,Net Banking,Cancelled
ORD010839,CUST03386,2024-08-16,Net Banking,Returned
ORD010840,CUST02146,2026-07-24,Credit Card,Delivered
ORD010841,CUST05948,2024-08-20,Net Banking,Delivered
ORD010842,CUST06358,2025-09-01,Credit Card,Delivered
ORD010843,CUST06184,2025-11-17,COD,Cancelled
ORD010844,CUST10671,2026-02-26,Debit Card,Delivered
ORD010845,CUST11228,2024-09-28,Debit Card,Delivered
ORD010846,CUST00445,2026-04-05,UPI,Delivered
ORD010847,CUST01744,2024-02-18,UPI,Delivered
ORD010848,CUST00034,2025-03-01,UPI,Delivered
ORD010849,CUST00062,2025-01-30,Debit Card,Delivered
ORD010850,CUST09295,2025-11-11,UPI,Delivered
ORD010851,CUST11218,2026-08-11,Credit Card,Delivered
ORD010852,CUST05293,2025-07-25,UPI,Delivered
ORD010853,CUST06751,2026-03-02,COD,Delivered
ORD010854,CUST03589,2026-02-19,UPI,Delivered
ORD010855,CUST00353,2024-10-16,Credit Card,Cancelled
ORD010856,CUST01082,2025-03-20,Debit Card,Delivered
ORD010857,CUST02171,2026-07-11,Debit Card,Delivered
ORD010858,CUST01629,2024-08-17,Debit Card,Pending
ORD010859,CUST04099,2024-03-25,Credit Card,Delivered
ORD010860,CUST09007,2025-05-15,Debit Card,Delivered
ORD010861,CUST03961,2026-04-14,Net Banking,Delivered
ORD010862,CUST11312,2024-08-28,UPI,Delivered
ORD010863,CUST10139,2026-02-20,Credit Card,Delivered
ORD010864,CUST00253,2025-09-10,UPI,Delivered
ORD010865,CUST03620,2024-08-17,COD,Delivered
ORD010866,CUST04406,2024-09-02,UPI,Delivered
ORD010867,CUST00532,2024-04-10,Credit Card,Pending
ORD010868,CUST09859,2026-03-19,Net Banking,Delivered
ORD010869,CUST00197,2025-09-11,Net Banking,Returned
ORD010870,CUST05507,2026-08-10,Debit Card,Delivered
ORD010871,CUST09128,2025-10-31,Net Banking,Delivered
ORD010872,CUST03323,2024-02-14,COD,Pending
ORD010873,CUST10182,2024-03-14,COD,Returned
ORD010874,CUST08655,2024-09-13,UPI,Delivered
ORD010875,CUST09595,2024-04-12,COD,Delivered
ORD010876,CUST01734,2024-04-01,Credit Card,Returned
ORD010877,CUST08215,2026-01-27,Debit Card,Delivered
ORD010878,CUST02748,2024-08-24,COD,Returned
ORD010879,CUST10014,2025-12-23,Debit Card,Delivered
ORD010880,CUST03239,2025-08-28,Debit Card,Cancelled
ORD010881,CUST11432,2024-03-24,UPI,Delivered
ORD010882,CUST09776,2026-08-05,Credit Card,Delivered
ORD010883,CUST09429,2025-06-15,UPI,Delivered
ORD010884,CUST00813,2024-01-23,COD,Delivered
ORD010885,CUST08598,2026-05-12,COD,Cancelled
ORD010886,CUST03124,2025-08-30,Debit Card,Returned
ORD010887,CUST09230,2026-06-02,Net Banking,Delivered
ORD010888,CUST08722,2026-05-07,Debit Card,Delivered
ORD010889,CUST07282,2026-08-31,Credit Card,Delivered
ORD010890,CUST09394,2026-02-12,Net Banking,Delivered
ORD010891,CUST06949,2024-06-09,Net Banking,Cancelled
ORD010892,CUST08311,2024-01-08,Net Banking,Delivered
ORD010893,CUST01899,2024-11-14,COD,Delivered
ORD010894,CUST05450,2025-09-27,Credit Card,Cancelled
ORD010895,CUST11845,2024-05-11,COD,Delivered
ORD010896,CUST10272,2026-06-27,Debit Card,Delivered
ORD010897,CUST04844,2025-06-30,Debit Card,Delivered
ORD010898,CUST02294,2024-04-02,Debit Card,Delivered
ORD010899,CUST06461,2026-07-18,Debit Card,Delivered
ORD010900,CUST11013,2024-11-07,COD,Delivered
ORD010901,CUST04949,2025-10-12,Net Banking,Delivered
ORD010902,CUST02116,2024-10-20,Credit Card,Delivered
ORD010903,CUST09056,2026-01-02,UPI,Delivered
ORD010904,CUST04068,2025-03-04,UPI,Delivered
ORD010905,CUST08248,2025-08-20,Debit Card,Delivered
ORD010906,CUST03972,2025-03-17,COD,Delivered
ORD010907,CUST06801,2025-09-21,Debit Card,Returned
ORD010908,CUST06196,2025-11-04,COD,Cancelled
ORD010909,CUST02685,2025-09-13,Net Banking,Delivered
ORD010910,CUST07082,2026-04-22,Credit Card,Delivered
ORD010911,CUST09633,2024-04-01,Debit Card,Delivered
ORD010912,CUST01810,2025-01-09,Credit Card,Delivered
ORD010913,CUST07119,2025-12-12,Net Banking,Delivered
ORD010914,CUST05565,2025-10-25,UPI,Delivered
ORD010915,CUST00061,2025-08-08,Debit Card,Delivered
ORD010916,CUST03408,2025-04-07,UPI,Delivered
ORD010917,CUST08580,2024-11-14,Credit Card,Delivered
ORD010918,CUST04767,2025-09-12,Credit Card,Delivered
ORD010919,CUST04896,2025-05-01,UPI,Delivered
ORD010920,CUST00664,2026-07-23,Net Banking,Delivered
ORD010921,CUST06459,2026-07-05,Credit Card,Delivered
ORD010922,CUST09820,2024-08-15,COD,Delivered
ORD010923,CUST01227,2026-07-20,Credit Card,Delivered
ORD010924,CUST02248,2026-01-23,Credit Card,Cancelled
ORD010925,CUST02753,2026-03-26,COD,Delivered
ORD010926,CUST10102,2026-05-01,Credit Card,Delivered
ORD010927,CUST02946,2026-01-28,Net Banking,Cancelled
ORD010928,CUST08177,2025-01-31,COD,Delivered
ORD010929,CUST02684,2024-01-02,Credit Card,Delivered
ORD010930,CUST06260,2025-09-14,COD,Delivered
ORD010931,CUST02003,2025-02-14,Credit Card,Delivered
ORD010932,CUST07134,2026-02-13,Credit Card,Delivered
ORD010933,CUST01525,2024-04-14,Debit Card,Delivered
ORD010934,CUST03711,2024-08-05,Credit Card,Delivered
ORD010935,CUST02457,2024-10-01,Debit Card,Cancelled
ORD010936,CUST08757,2026-07-24,Credit Card,Delivered
ORD010937,CUST09609,2024-01-21,Net Banking,Delivered
ORD010938,CUST08436,2024-11-09,UPI,Delivered
ORD010939,CUST03868,2025-02-13,Debit Card,Delivered
ORD010940,CUST04005,2025-04-02,UPI,Cancelled
ORD010941,CUST06048,2026-03-14,UPI,Returned
ORD010942,CUST11177,2024-10-26,Net Banking,Delivered
ORD010943,CUST02123,2026-04-11,Net Banking,Delivered
ORD010944,CUST09721,2024-01-27,Net Banking,Delivered
ORD010945,CUST00370,2025-10-09,UPI,Delivered
ORD010946,CUST11477,2026-05-07,Credit Card,Delivered
ORD010947,CUST02174,2025-01-19,COD,Pending
ORD010948,CUST09368,2025-09-30,Net Banking,Delivered
ORD010949,CUST11841,2026-03-01,Debit Card,Delivered
ORD010950,CUST10356,2024-03-13,Credit Card,Delivered
ORD010951,CUST06744,2024-01-31,Net Banking,Cancelled
ORD010952,CUST11786,2025-01-25,Net Banking,Delivered
ORD010953,CUST05600,2024-01-09,Net Banking,Delivered
ORD010954,CUST10815,2024-07-17,COD,Delivered
ORD010955,CUST01622,2025-04-20,Credit Card,Delivered
ORD010956,CUST04289,2025-01-15,Net Banking,Delivered
ORD010957,CUST00355,2025-04-26,Credit Card,Delivered
ORD010958,CUST08250,2025-03-12,Credit Card,Cancelled
ORD010959,CUST05324,2026-06-02,UPI,Cancelled
ORD010960,CUST07672,2024-05-23,Credit Card,Cancelled
ORD010961,CUST03374,2025-12-14,COD,Returned
ORD010962,CUST07513,2025-02-11,COD,Delivered
ORD010963,CUST03356,2024-11-25,COD,Delivered
ORD010964,CUST05585,2024-06-22,COD,Returned
ORD010965,CUST02256,2026-07-13,Net Banking,Pending
ORD010966,CUST07904,2025-12-29,Credit Card,Delivered
ORD010967,CUST09019,2024-08-20,UPI,Delivered
ORD010968,CUST07661,2026-03-08,Net Banking,Delivered
ORD010969,CUST08964,2025-03-10,Debit Card,Delivered
ORD010970,CUST05756,2025-12-23,Net Banking,Delivered
ORD010971,CUST00681,2025-05-15,Net Banking,Delivered
ORD010972,CUST00572,2025-11-01,Net Banking,Delivered
ORD010973,CUST01342,2025-06-25,Net Banking,Delivered
ORD010974,CUST11787,2024-10-16,UPI,Delivered
ORD010975,CUST02580,2026-01-01,COD,Delivered
ORD010976,CUST04231,2024-10-01,Credit Card,Delivered
ORD010977,CUST00351,2026-08-28,COD,Delivered
ORD010978,CUST05751,2025-02-15,UPI,Delivered
ORD010979,CUST02692,2024-01-06,UPI,Delivered
ORD010980,CUST04296,2024-05-24,Net Banking,Delivered
ORD010981,CUST06387,2024-04-10,Net Banking,Delivered
ORD010982,CUST03321,2025-08-25,Credit Card,Delivered
ORD010983,CUST11094,2026-05-24,Net Banking,Delivered
ORD010984,CUST07831,2024-06-12,Credit Card,Delivered
ORD010985,CUST01881,2025-05-27,UPI,Delivered
ORD010986,CUST05924,2024-05-23,Credit Card,Pending
ORD010987,CUST09205,2025-03-27,Credit Card,Delivered
ORD010988,CUST05617,2024-02-16,Debit Card,Delivered
ORD010989,CUST10330,2024-01-23,Net Banking,Delivered
ORD010990,CUST10008,2026-01-05,COD,Pending
ORD010991,CUST05141,2024-07-13,Debit Card,Delivered
ORD010992,CUST07231,2025-03-21,Debit Card,Delivered
ORD010993,CUST04421,2024-03-25,Debit Card,Delivered
ORD010994,CUST10143,2024-12-09,COD,Delivered
ORD010995,CUST01754,2026-06-29,COD,Delivered
ORD010996,CUST07039,2026-08-28,Debit Card,Delivered
ORD010997,CUST11908,2025-08-01,UPI,Returned
ORD010998,CUST01196,2025-04-11,Debit Card,Returned
ORD010999,CUST00626,2024-10-25,Credit Card,Delivered
ORD011000,CUST08637,2026-06-22,Credit Card,Delivered
ORD011001,CUST07359,2025-01-05,COD,Delivered
ORD011002,CUST08275,2025-09-01,Credit Card,Cancelled
ORD011003,CUST00154,2024-06-20,Net Banking,Returned
ORD011004,CUST08626,2024-08-19,Net Banking,Delivered
ORD011005,CUST04513,2025-04-30,Debit Card,Delivered
ORD011006,CUST08068,2025-06-21,Net Banking,Delivered
ORD011007,CUST11961,2025-12-07,Net Banking,Delivered
ORD011008,CUST07407,2024-06-08,Debit Card,Delivered
ORD011009,CUST05950,2026-04-11,Net Banking,Delivered
ORD011010,CUST10072,2024-02-12,UPI,Delivered
ORD011011,CUST04258,2024-04-21,Net Banking,Delivered
ORD011012,CUST08834,2026-01-16,COD,Delivered
ORD011013,CUST04395,2025-04-02,UPI,Pending
ORD011014,CUST02376,2025-04-02,Debit Card,Delivered
ORD011015,CUST09649,2026-04-09,Debit Card,Delivered
ORD011016,CUST08725,2024-08-28,UPI,Delivered
ORD011017,CUST07820,2025-01-29,Debit Card,Delivered
ORD011018,CUST07035,2024-04-27,COD,Delivered
ORD011019,CUST07937,2025-04-06,Credit Card,Delivered
ORD011020,CUST03580,2025-04-23,Credit Card,Delivered
ORD011021,CUST03633,2024-05-16,Debit Card,Delivered
ORD011022,CUST10364,2025-07-13,COD,Delivered
ORD011023,CUST08929,2026-06-20,Debit Card,Delivered
ORD011024,CUST02027,2024-08-28,Credit Card,Delivered
ORD011025,CUST06317,2025-07-19,COD,Returned
ORD011026,CUST02569,2026-04-09,Debit Card,Delivered
ORD011027,CUST03740,2024-05-06,Net Banking,Delivered
ORD011028,CUST01442,2025-09-24,Credit Card,Delivered
ORD011029,CUST02208,2026-08-07,Credit Card,Delivered
ORD011030,CUST09335,2025-04-27,COD,Delivered
ORD011031,CUST00961,2024-12-19,Net Banking,Delivered
ORD011032,CUST09063,2024-08-22,Net Banking,Delivered
ORD011033,CUST00089,2025-07-21,UPI,Delivered
ORD011034,CUST04788,2024-12-03,Credit Card,Delivered
ORD011035,CUST11594,2025-08-21,UPI,Delivered
ORD011036,CUST10690,2025-02-17,Net Banking,Pending
ORD011037,CUST10372,2024-05-10,COD,Returned
ORD011038,CUST09808,2026-06-14,Debit Card,Delivered
ORD011039,CUST02111,2026-02-05,Debit Card,Pending
ORD011040,CUST10024,2024-03-01,Credit Card,Delivered
ORD011041,CUST00108,2026-06-29,Net Banking,Delivered
ORD011042,CUST08005,2026-01-10,UPI,Delivered
ORD011043,CUST09912,2025-05-05,COD,Cancelled
ORD011044,CUST03735,2024-09-15,Debit Card,Delivered
ORD011045,CUST09812,2025-02-02,Debit Card,Returned
ORD011046,CUST05507,2026-08-20,Debit Card,Delivered
ORD011047,CUST03456,2025-10-30,UPI,Delivered
ORD011048,CUST06465,2024-10-13,Credit Card,Delivered
ORD011049,CUST01006,2024-07-17,Credit Card,Delivered
ORD011050,CUST00307,2024-11-22,COD,Delivered
ORD011051,CUST08400,2025-07-20,UPI,Delivered
ORD011052,CUST08932,2026-08-28,Credit Card,Delivered
ORD011053,CUST03660,2024-04-01,Net Banking,Delivered
ORD011054,CUST09111,2026-06-10,UPI,Returned
ORD011055,CUST10862,2024-08-15,Debit Card,Pending
ORD011056,CUST02949,2026-07-27,Debit Card,Delivered
ORD011057,CUST02690,2024-04-19,UPI,Delivered
ORD011058,CUST02051,2026-05-21,UPI,Cancelled
ORD011059,CUST00647,2024-10-07,UPI,Returned
ORD011060,CUST06490,2026-08-08,Debit Card,Delivered
ORD011061,CUST01484,2026-06-06,COD,Delivered
ORD011062,CUST02482,2025-07-15,Credit Card,Cancelled
ORD011063,CUST00956,2025-07-03,UPI,Pending
ORD011064,CUST05057,2026-04-07,Credit Card,Delivered
ORD011065,CUST00705,2024-03-25,Net Banking,Returned
ORD011066,CUST11509,2025-11-22,Credit Card,Delivered
ORD011067,CUST08700,2024-12-05,Credit Card,Delivered
ORD011068,CUST02101,2026-08-27,Net Banking,Delivered
ORD011069,CUST05641,2024-07-16,Net Banking,Delivered
ORD011070,CUST04495,2024-03-16,UPI,Delivered
ORD011071,CUST05228,2024-06-21,Net Banking,Delivered
ORD011072,CUST10634,2024-08-12,Net Banking,Pending
ORD011073,CUST11639,2025-09-03,Debit Card,Delivered
ORD011074,CUST05682,2025-09-15,Credit Card,Delivered
ORD011075,CUST06868,2024-01-19,COD,Delivered
ORD011076,CUST08261,2026-02-06,Credit Card,Returned
ORD011077,CUST02524,2025-10-06,COD,Delivered
ORD011078,CUST01639,2024-08-24,Net Banking,Returned
ORD011079,CUST03942,2025-03-01,Debit Card,Pending
ORD011080,CUST08208,2025-09-25,Credit Card,Pending
ORD011081,CUST05199,2024-04-02,Credit Card,Returned
ORD011082,CUST07913,2026-05-18,COD,Returned
ORD011083,CUST09959,2025-06-25,UPI,Delivered
ORD011084,CUST03370,2026-04-12,Credit Card,Pending
ORD011085,CUST06554,2025-08-10,Net Banking,Cancelled
ORD011086,CUST03742,2026-02-11,COD,Delivered
ORD011087,CUST10179,2026-03-16,Credit Card,Returned
ORD011088,CUST01235,2024-05-18,UPI,Cancelled
ORD011089,CUST00184,2024-12-05,Credit Card,Delivered
ORD011090,CUST01944,2024-10-11,COD,Delivered
ORD011091,CUST00040,2026-02-20,UPI,Delivered
ORD011092,CUST08895,2025-12-30,Debit Card,Pending
ORD011093,CUST06597,2025-04-26,Credit Card,Delivered
ORD011094,CUST09531,2025-08-08,UPI,Delivered
ORD011095,CUST03040,2026-05-08,Net Banking,Delivered
ORD011096,CUST06205,2026-01-30,COD,Delivered
ORD011097,CUST09908,2025-09-11,UPI,Delivered
ORD011098,CUST10719,2024-08-20,COD,Delivered
ORD011099,CUST08012,2024-08-20,Debit Card,Delivered
ORD011100,CUST02084,2026-02-16,COD,Delivered
ORD011101,CUST09444,2024-02-08,Debit Card,Delivered
ORD011102,CUST08735,2024-02-29,Credit Card,Delivered
ORD011103,CUST07905,2025-08-30,Credit Card,Pending
ORD011104,CUST05243,2024-08-13,Credit Card,Delivered
ORD011105,CUST02311,2026-07-07,Net Banking,Returned
ORD011106,CUST10363,2025-08-31,Credit Card,Delivered
ORD011107,CUST02266,2025-04-24,Net Banking,Delivered
ORD011108,CUST05466,2025-02-09,Net Banking,Delivered
ORD011109,CUST08468,2025-01-07,Debit Card,Delivered
ORD011110,CUST05025,2024-12-08,Credit Card,Delivered
ORD011111,CUST11731,2025-12-23,Net Banking,Delivered
ORD011112,CUST05605,2025-02-10,COD,Delivered
ORD011113,CUST10246,2026-02-28,Debit Card,Delivered
ORD011114,CUST06267,2026-08-15,Credit Card,Delivered
ORD011115,CUST09302,2026-01-03,Net Banking,Pending
ORD011116,CUST09958,2024-10-01,Net Banking,Delivered
ORD011117,CUST11345,2024-01-22,Debit Card,Delivered
ORD011118,CUST07060,2025-09-30,Debit Card,Returned
ORD011119,CUST00362,2025-01-19,Debit Card,Delivered
ORD011120,CUST07594,2025-11-04,Credit Card,Cancelled
ORD011121,CUST10943,2026-06-10,Net Banking,Pending
ORD011122,CUST07935,2024-01-26,COD,Delivered
ORD011123,CUST05850,2025-05-30,COD,Delivered
ORD011124,CUST05468,2025-11-18,COD,Delivered
ORD011125,CUST04210,2025-07-10,Debit Card,Delivered
ORD011126,CUST05997,2024-09-24,Debit Card,Delivered
ORD011127,CUST06344,2024-04-01,Debit Card,Delivered
ORD011128,CUST08349,2024-10-19,Credit Card,Delivered
ORD011129,CUST05443,2025-01-21,Net Banking,Delivered
ORD011130,CUST06032,2025-10-29,COD,Delivered
ORD011131,CUST01535,2026-01-02,Net Banking,Delivered
ORD011132,CUST00850,2024-05-09,COD,Delivered
ORD011133,CUST06467,2026-08-09,Net Banking,Delivered
ORD011134,CUST08414,2025-04-29,Debit Card,Delivered
ORD011135,CUST10499,2026-08-18,Credit Card,Returned
ORD011136,CUST08794,2026-03-24,COD,Delivered
ORD011137,CUST09186,2024-04-20,UPI,Delivered
ORD011138,CUST10957,2026-01-09,COD,Delivered
ORD011139,CUST09479,2025-03-03,Credit Card,Delivered
ORD011140,CUST04075,2024-08-21,Net Banking,Delivered
ORD011141,CUST04123,2026-07-02,COD,Cancelled
ORD011142,CUST09223,2025-12-13,Net Banking,Delivered
ORD011143,CUST02404,2024-02-06,Debit Card,Delivered
ORD011144,CUST06698,2025-07-19,Credit Card,Cancelled
ORD011145,CUST03925,2026-03-03,Credit Card,Delivered
ORD011146,CUST05274,2026-06-13,COD,Delivered
ORD011147,CUST08468,2024-04-14,Net Banking,Delivered
ORD011148,CUST08413,2024-12-04,UPI,Delivered
ORD011149,CUST07255,2024-07-08,Net Banking,Pending
ORD011150,CUST07759,2025-10-26,Net Banking,Delivered
ORD011151,CUST08243,2025-11-22,Net Banking,Delivered
ORD011152,CUST09034,2026-01-22,Net Banking,Delivered
ORD011153,CUST08066,2024-07-09,Net Banking,Delivered
ORD011154,CUST11636,2026-06-29,COD,Cancelled
ORD011155,CUST08320,2026-03-24,COD,Delivered
ORD011156,CUST11038,2024-02-25,UPI,Delivered
ORD011157,CUST02277,2024-04-23,Credit Card,Delivered
ORD011158,CUST01371,2024-01-26,Credit Card,Returned
ORD011159,CUST03985,2024-04-19,UPI,Delivered
ORD011160,CUST06339,2026-08-17,Net Banking,Delivered
ORD011161,CUST08293,2026-07-04,Debit Card,Delivered
ORD011162,CUST07473,2025-03-26,COD,Delivered
ORD011163,CUST11268,2024-06-01,UPI,Delivered
ORD011164,CUST04808,2026-02-27,Credit Card,Cancelled
ORD011165,CUST04258,2025-11-04,Net Banking,Delivered
ORD011166,CUST07408,2025-05-15,Net Banking,Cancelled
ORD011167,CUST04489,2025-09-05,Net Banking,Returned
ORD011168,CUST05306,2025-04-16,Debit Card,Delivered
ORD011169,CUST01105,2024-12-26,UPI,Delivered
ORD011170,CUST05816,2025-06-20,COD,Returned
ORD011171,CUST09942,2024-07-11,COD,Delivered
ORD011172,CUST10321,2026-07-13,COD,Delivered
ORD011173,CUST11999,2026-03-10,Net Banking,Delivered
ORD011174,CUST00201,2026-02-06,Credit Card,Delivered
ORD011175,CUST08895,2025-01-01,Net Banking,Delivered
ORD011176,CUST00883,2026-06-15,Net Banking,Cancelled
ORD011177,CUST06161,2024-06-11,Debit Card,Delivered
ORD011178,CUST11975,2026-08-09,Net Banking,Delivered
ORD011179,CUST04334,2024-09-28,Net Banking,Delivered
ORD011180,CUST06893,2025-06-27,Debit Card,Delivered
ORD011181,CUST06490,2024-08-26,Net Banking,Delivered
ORD011182,CUST09461,2025-01-23,UPI,Delivered
ORD011183,CUST10690,2024-01-10,UPI,Delivered
ORD011184,CUST09520,2026-05-24,UPI,Delivered
ORD011185,CUST07622,2024-11-23,Debit Card,Delivered
ORD011186,CUST02465,2025-08-13,COD,Delivered
ORD011187,CUST05926,2026-02-26,UPI,Delivered
ORD011188,CUST02103,2024-12-10,Credit Card,Delivered
ORD011189,CUST09354,2025-01-30,Credit Card,Delivered
ORD011190,CUST05492,2024-03-30,Net Banking,Delivered
ORD011191,CUST09823,2025-03-27,COD,Delivered
ORD011192,CUST03197,2025-03-22,Net Banking,Delivered
ORD011193,CUST08216,2025-02-13,UPI,Delivered
ORD011194,CUST00092,2025-03-19,Credit Card,Delivered
ORD011195,CUST08688,2026-04-21,Debit Card,Delivered
ORD011196,CUST03436,2026-01-21,COD,Returned
ORD011197,CUST02611,2025-07-26,Net Banking,Delivered
ORD011198,CUST07038,2025-02-02,Credit Card,Cancelled
ORD011199,CUST10952,2024-01-05,UPI,Pending
ORD011200,CUST03731,2025-11-02,UPI,Cancelled
ORD011201,CUST10959,2024-04-05,COD,Cancelled
ORD011202,CUST06623,2026-07-06,Net Banking,Delivered
ORD011203,CUST04529,2026-02-28,UPI,Returned
ORD011204,CUST09308,2025-06-07,Credit Card,Delivered
ORD011205,CUST00311,2026-04-11,Net Banking,Delivered
ORD011206,CUST02094,2026-04-22,Credit Card,Delivered
ORD011207,CUST07311,2024-12-09,UPI,Returned
ORD011208,CUST04068,2026-01-16,Credit Card,Delivered
ORD011209,CUST02272,2025-09-12,UPI,Delivered
ORD011210,CUST06311,2025-05-03,Debit Card,Delivered
ORD011211,CUST05095,2024-07-26,Net Banking,Delivered
ORD011212,CUST10558,2025-06-11,Credit Card,Delivered
ORD011213,CUST09413,2026-08-18,Net Banking,Delivered
ORD011214,CUST10058,2024-11-02,Credit Card,Delivered
ORD011215,CUST04084,2025-12-27,UPI,Cancelled
ORD011216,CUST08855,2025-06-27,UPI,Returned
ORD011217,CUST05848,2025-09-18,Debit Card,Returned
ORD011218,CUST10116,2025-09-29,Credit Card,Returned
ORD011219,CUST11563,2026-08-06,Debit Card,Pending
ORD011220,CUST01062,2024-08-15,Credit Card,Delivered
ORD011221,CUST07823,2024-08-16,Debit Card,Delivered
ORD011222,CUST11545,2025-01-21,Net Banking,Delivered
ORD011223,CUST09626,2025-01-05,UPI,Delivered
ORD011224,CUST05622,2026-06-27,Credit Card,Delivered
ORD011225,CUST10296,2024-12-13,COD,Delivered
ORD011226,CUST11109,2026-04-05,COD,Delivered
ORD011227,CUST06049,2025-07-10,UPI,Delivered
ORD011228,CUST04208,2024-01-24,COD,Returned
ORD011229,CUST11628,2026-08-04,COD,Delivered
ORD011230,CUST06642,2024-01-13,COD,Delivered
ORD011231,CUST09524,2026-07-08,Debit Card,Delivered
ORD011232,CUST02594,2025-05-31,Debit Card,Delivered
ORD011233,CUST01325,2025-08-15,Credit Card,Delivered
ORD011234,CUST04877,2024-06-26,Debit Card,Delivered
ORD011235,CUST08251,2025-04-04,Net Banking,Delivered
ORD011236,CUST06467,2025-01-09,Credit Card,Delivered
ORD011237,CUST05557,2025-11-19,COD,Delivered
ORD011238,CUST02553,2025-02-05,COD,Delivered
ORD011239,CUST04551,2024-10-15,UPI,Delivered
ORD011240,CUST00378,2024-07-04,Credit Card,Delivered
ORD011241,CUST04653,2026-07-15,COD,Returned
ORD011242,CUST06447,2025-05-17,Debit Card,Pending
ORD011243,CUST09422,2024-06-10,COD,Delivered
ORD011244,CUST05984,2026-05-11,COD,Pending
ORD011245,CUST00753,2026-05-13,UPI,Delivered
ORD011246,CUST01434,2025-04-02,COD,Cancelled
ORD011247,CUST07071,2024-01-31,Net Banking,Delivered
ORD011248,CUST03196,2026-05-16,Net Banking,Delivered
ORD011249,CUST07839,2024-03-19,COD,Delivered
ORD011250,CUST04412,2024-10-09,COD,Pending
ORD011251,CUST01537,2024-07-05,Net Banking,Delivered
ORD011252,CUST07342,2025-06-22,Debit Card,Delivered
ORD011253,CUST05338,2025-01-09,Credit Card,Delivered
ORD011254,CUST06838,2025-01-19,Net Banking,Delivered
ORD011255,CUST01723,2024-03-16,UPI,Delivered
ORD011256,CUST08798,2025-12-08,Net Banking,Cancelled
ORD011257,CUST04137,2025-02-10,Credit Card,Delivered
ORD011258,CUST07219,2026-02-04,Net Banking,Delivered
ORD011259,CUST11781,2026-05-15,Credit Card,Delivered
ORD011260,CUST04440,2026-03-30,Debit Card,Returned
ORD011261,CUST11970,2026-08-10,Debit Card,Delivered
ORD011262,CUST07133,2025-08-21,COD,Delivered
ORD011263,CUST00659,2026-08-04,Debit Card,Delivered
ORD011264,CUST10918,2024-05-02,Net Banking,Cancelled
ORD011265,CUST09653,2025-04-12,UPI,Delivered
ORD011266,CUST06706,2024-07-09,Net Banking,Delivered
ORD011267,CUST09550,2024-09-11,Debit Card,Delivered
ORD011268,CUST00860,2024-07-30,UPI,Delivered
ORD011269,CUST02722,2026-01-02,Debit Card,Delivered
ORD011270,CUST04996,2026-04-24,Credit Card,Delivered
ORD011271,CUST11325,2024-10-10,Net Banking,Delivered
ORD011272,CUST10073,2024-10-06,UPI,Returned
ORD011273,CUST11765,2026-02-04,COD,Delivered
ORD011274,CUST05879,2024-10-04,UPI,Cancelled
ORD011275,CUST10487,2025-04-14,UPI,Delivered
ORD011276,CUST03014,2024-06-16,UPI,Delivered
ORD011277,CUST00732,2024-07-21,COD,Delivered
ORD011278,CUST02406,2026-06-22,UPI,Delivered
ORD011279,CUST08585,2024-04-05,Net Banking,Returned
ORD011280,CUST00692,2025-12-28,UPI,Delivered
ORD011281,CUST02386,2026-02-18,Debit Card,Cancelled
ORD011282,CUST07071,2026-08-02,UPI,Delivered
ORD011283,CUST02902,2025-09-07,UPI,Delivered
ORD011284,CUST05188,2025-10-22,COD,Delivered
ORD011285,CUST03233,2025-01-18,Credit Card,Delivered
ORD011286,CUST08804,2026-04-14,COD,Pending
ORD011287,CUST06971,2025-11-09,COD,Delivered
ORD011288,CUST01443,2024-04-18,UPI,Delivered
ORD011289,CUST06333,2026-04-09,Credit Card,Delivered
ORD011290,CUST11361,2024-12-03,COD,Delivered
ORD011291,CUST02914,2024-02-27,Debit Card,Delivered
ORD011292,CUST01590,2026-08-15,Credit Card,Delivered
ORD011293,CUST08351,2024-07-16,COD,Cancelled
ORD011294,CUST01073,2026-07-20,UPI,Delivered
ORD011295,CUST07633,2025-11-15,Debit Card,Delivered
ORD011296,CUST02710,2025-10-01,Credit Card,Delivered
ORD011297,CUST04320,2024-11-30,Debit Card,Delivered
ORD011298,CUST02241,2025-05-11,Net Banking,Delivered
ORD011299,CUST05168,2026-02-21,COD,Returned
ORD011300,CUST00105,2024-11-13,UPI,Delivered
ORD011301,CUST00962,2024-06-14,Net Banking,Returned
ORD011302,CUST00281,2025-07-29,UPI,Delivered
ORD011303,CUST04117,2025-09-11,COD,Delivered
ORD011304,CUST03557,2025-01-15,Net Banking,Cancelled
ORD011305,CUST02689,2025-09-19,Credit Card,Delivered
ORD011306,CUST01440,2026-01-25,Net Banking,Delivered
ORD011307,CUST11849,2024-12-09,Credit Card,Delivered
ORD011308,CUST00174,2025-12-11,Credit Card,Pending
ORD011309,CUST08360,2026-06-23,UPI,Pending
ORD011310,CUST03217,2025-12-15,Debit Card,Delivered
ORD011311,CUST00565,2026-08-24,Debit Card,Returned
ORD011312,CUST02668,2026-07-09,Credit Card,Cancelled
ORD011313,CUST09555,2025-08-12,COD,Delivered
ORD011314,CUST09064,2026-08-18,Debit Card,Delivered
ORD011315,CUST03660,2025-02-07,Debit Card,Delivered
ORD011316,CUST06792,2025-06-23,COD,Delivered
ORD011317,CUST09323,2026-03-27,UPI,Delivered
ORD011318,CUST03807,2024-08-17,Credit Card,Cancelled
ORD011319,CUST07330,2026-03-12,Net Banking,Delivered
ORD011320,CUST05722,2025-05-20,Net Banking,Delivered
ORD011321,CUST07133,2024-07-19,Credit Card,Delivered
ORD011322,CUST08097,2024-01-20,UPI,Delivered
ORD011323,CUST07445,2024-04-16,Net Banking,Delivered
ORD011324,CUST08158,2026-01-25,Debit Card,Pending
ORD011325,CUST09312,2026-05-19,UPI,Delivered
ORD011326,CUST00498,2026-01-04,COD,Pending
ORD011327,CUST01025,2025-04-13,Credit Card,Delivered
ORD011328,CUST02227,2024-01-22,Net Banking,Cancelled
ORD011329,CUST02209,2024-07-23,Credit Card,Delivered
ORD011330,CUST10154,2026-07-28,COD,Delivered
ORD011331,CUST00310,2024-02-16,Net Banking,Delivered
ORD011332,CUST10285,2024-01-25,Credit Card,Delivered
ORD011333,CUST01691,2024-05-29,COD,Delivered
ORD011334,CUST06963,2025-09-05,Debit Card,Delivered
ORD011335,CUST03100,2024-11-12,COD,Delivered
ORD011336,CUST08404,2025-11-22,UPI,Delivered
ORD011337,CUST05640,2024-04-28,UPI,Delivered
ORD011338,CUST01882,2024-05-27,COD,Delivered
ORD011339,CUST03077,2024-07-26,Debit Card,Delivered
ORD011340,CUST09739,2024-01-20,Credit Card,Delivered
ORD011341,CUST02389,2025-09-08,Credit Card,Pending
ORD011342,CUST08392,2025-09-09,Debit Card,Delivered
ORD011343,CUST10906,2024-12-23,Net Banking,Pending
ORD011344,CUST05754,2025-11-15,COD,Delivered
ORD011345,CUST03260,2024-02-06,UPI,Returned
ORD011346,CUST04398,2024-05-22,UPI,Delivered
ORD011347,CUST04236,2026-04-23,UPI,Pending
ORD011348,CUST00372,2024-05-16,Credit Card,Delivered
ORD011349,CUST03421,2025-09-04,Credit Card,Delivered
ORD011350,CUST05546,2024-06-20,Debit Card,Delivered
ORD011351,CUST09205,2025-10-16,Net Banking,Delivered
ORD011352,CUST02150,2025-07-09,COD,Delivered
ORD011353,CUST09609,2025-09-23,UPI,Delivered
ORD011354,CUST01668,2025-09-21,Debit Card,Delivered
ORD011355,CUST07381,2026-05-03,Net Banking,Cancelled
ORD011356,CUST11643,2025-01-30,Credit Card,Delivered
ORD011357,CUST09271,2026-07-11,UPI,Returned
ORD011358,CUST01337,2026-07-03,COD,Delivered
ORD011359,CUST11449,2024-08-26,UPI,Cancelled
ORD011360,CUST02471,2024-06-01,UPI,Cancelled
ORD011361,CUST04764,2024-07-20,COD,Pending
ORD011362,CUST08697,2026-01-30,Debit Card,Delivered
ORD011363,CUST09829,2026-08-17,COD,Cancelled
ORD011364,CUST11337,2026-05-25,COD,Delivered
ORD011365,CUST06166,2026-06-26,Credit Card,Delivered
ORD011366,CUST07369,2024-02-19,Debit Card,Delivered
ORD011367,CUST04269,2026-02-03,Debit Card,Delivered
ORD011368,CUST06593,2026-04-19,Net Banking,Pending
ORD011369,CUST01376,2024-05-18,Net Banking,Delivered
ORD011370,CUST05615,2026-05-20,Credit Card,Returned
ORD011371,CUST09362,2024-12-04,Credit Card,Delivered
ORD011372,CUST09187,2024-10-05,Net Banking,Delivered
ORD011373,CUST08033,2024-03-28,Net Banking,Delivered
ORD011374,CUST00388,2025-10-16,Debit Card,Delivered
ORD011375,CUST08496,2025-07-28,Net Banking,Delivered
ORD011376,CUST08275,2025-10-21,COD,Delivered
ORD011377,CUST05680,2024-12-10,UPI,Returned
ORD011378,CUST08012,2024-09-04,COD,Delivered
ORD011379,CUST07867,2026-08-31,Net Banking,Delivered
ORD011380,CUST08676,2025-06-05,UPI,Delivered
ORD011381,CUST03369,2025-09-15,Credit Card,Delivered
ORD011382,CUST09622,2024-08-29,Net Banking,Cancelled
ORD011383,CUST00367,2025-03-20,Net Banking,Delivered
ORD011384,CUST10560,2025-04-21,Credit Card,Delivered
ORD011385,CUST02097,2026-07-31,Net Banking,Delivered
ORD011386,CUST06774,2025-01-08,UPI,Delivered
ORD011387,CUST05815,2025-07-14,Credit Card,Cancelled
ORD011388,CUST05724,2024-02-18,Credit Card,Delivered
ORD011389,CUST10511,2024-11-27,Debit Card,Delivered
ORD011390,CUST11908,2025-06-28,Net Banking,Returned
ORD011391,CUST03720,2025-08-21,Debit Card,Pending
ORD011392,CUST00479,2026-04-25,UPI,Delivered
ORD011393,CUST08063,2024-10-05,UPI,Delivered
ORD011394,CUST07996,2024-06-29,Credit Card,Delivered
ORD011395,CUST06490,2024-10-19,Debit Card,Delivered
ORD011396,CUST01923,2026-02-28,Net Banking,Delivered
ORD011397,CUST10983,2024-08-08,UPI,Delivered
ORD011398,CUST01927,2025-04-28,Debit Card,Delivered
ORD011399,CUST06991,2025-10-03,Credit Card,Cancelled
ORD011400,CUST08404,2026-07-04,COD,Delivered
ORD011401,CUST05009,2024-01-05,Credit Card,Cancelled
ORD011402,CUST03594,2025-04-19,Credit Card,Delivered
ORD011403,CUST10320,2026-02-09,Debit Card,Delivered
ORD011404,CUST08304,2026-04-29,COD,Delivered
ORD011405,CUST03866,2025-12-17,Net Banking,Delivered
ORD011406,CUST00278,2025-04-14,Credit Card,Delivered
ORD011407,CUST06543,2024-07-23,Credit Card,Delivered
ORD011408,CUST10752,2026-02-18,COD,Delivered
ORD011409,CUST01594,2025-02-19,Net Banking,Delivered
ORD011410,CUST06908,2025-03-17,Credit Card,Delivered
ORD011411,CUST01852,2026-08-24,Credit Card,Returned
ORD011412,CUST06476,2025-08-04,Debit Card,Delivered
ORD011413,CUST08359,2024-02-09,Debit Card,Cancelled
ORD011414,CUST04995,2024-12-22,UPI,Delivered
ORD011415,CUST07861,2024-05-13,Debit Card,Pending
ORD011416,CUST09624,2025-07-28,Net Banking,Pending
ORD011417,CUST09655,2026-07-09,UPI,Delivered
ORD011418,CUST08706,2024-03-31,Debit Card,Delivered
ORD011419,CUST11972,2024-07-15,COD,Cancelled
ORD011420,CUST08599,2024-09-05,Debit Card,Delivered
ORD011421,CUST11323,2024-12-04,Debit Card,Delivered
ORD011422,CUST02617,2026-08-26,Debit Card,Delivered
ORD011423,CUST09175,2024-11-01,Credit Card,Delivered
ORD011424,CUST08904,2025-02-27,COD,Delivered
ORD011425,CUST05260,2025-05-27,UPI,Delivered
ORD011426,CUST11851,2025-11-16,Credit Card,Delivered
ORD011427,CUST10477,2026-04-20,COD,Delivered
ORD011428,CUST10719,2026-07-23,UPI,Delivered
ORD011429,CUST01537,2024-05-17,Debit Card,Delivered
ORD011430,CUST01891,2025-09-16,Credit Card,Delivered
ORD011431,CUST00958,2026-01-16,UPI,Returned
ORD011432,CUST02460,2024-10-31,Debit Card,Delivered
ORD011433,CUST00752,2024-01-14,Credit Card,Returned
ORD011434,CUST05894,2024-02-15,UPI,Pending
ORD011435,CUST07082,2025-07-05,UPI,Delivered
ORD011436,CUST03622,2024-04-23,Credit Card,Cancelled
ORD011437,CUST06988,2024-05-26,Credit Card,Delivered
ORD011438,CUST07324,2024-08-29,UPI,Cancelled
ORD011439,CUST00012,2025-06-12,Net Banking,Returned
ORD011440,CUST04268,2024-07-28,Debit Card,Pending
ORD011441,CUST03599,2026-07-30,UPI,Delivered
ORD011442,CUST03446,2024-08-19,Credit Card,Delivered
ORD011443,CUST04407,2025-01-04,UPI,Delivered
ORD011444,CUST01119,2025-04-01,Credit Card,Delivered
ORD011445,CUST02005,2024-07-11,Debit Card,Cancelled
ORD011446,CUST08530,2024-03-10,Credit Card,Delivered
ORD011447,CUST09990,2024-10-20,Credit Card,Returned
ORD011448,CUST00064,2026-05-19,Net Banking,Delivered
ORD011449,CUST08913,2026-05-20,Credit Card,Delivered
ORD011450,CUST05667,2026-06-11,COD,Delivered
ORD011451,CUST06610,2024-05-24,COD,Returned
ORD011452,CUST10251,2025-08-07,Net Banking,Delivered
ORD011453,CUST09529,2024-05-04,Debit Card,Delivered
ORD011454,CUST11846,2026-02-17,Debit Card,Cancelled
ORD011455,CUST07128,2026-03-31,Credit Card,Pending
ORD011456,CUST02418,2025-01-10,Net Banking,Delivered
ORD011457,CUST00080,2024-05-25,Net Banking,Delivered
ORD011458,CUST04061,2026-05-26,Net Banking,Delivered
ORD011459,CUST01053,2024-08-25,COD,Delivered
ORD011460,CUST03068,2026-01-10,Debit Card,Delivered
ORD011461,CUST11946,2024-05-14,COD,Delivered
ORD011462,CUST01692,2025-02-22,Debit Card,Delivered
ORD011463,CUST07619,2024-06-20,UPI,Delivered
ORD011464,CUST05738,2026-04-18,Credit Card,Delivered
ORD011465,CUST05080,2024-10-21,UPI,Cancelled
ORD011466,CUST02322,2025-06-06,Credit Card,Delivered
ORD011467,CUST02992,2024-05-04,Credit Card,Delivered
ORD011468,CUST07569,2024-09-22,Net Banking,Delivered
ORD011469,CUST02289,2024-05-07,COD,Delivered
ORD011470,CUST03402,2024-12-19,COD,Delivered
ORD011471,CUST08857,2026-05-05,Debit Card,Delivered
ORD011472,CUST01519,2024-03-16,Net Banking,Delivered
ORD011473,CUST10583,2025-01-27,COD,Delivered
ORD011474,CUST02226,2024-12-23,Debit Card,Cancelled
ORD011475,CUST01994,2025-09-13,Debit Card,Delivered
ORD011476,CUST05161,2026-01-05,Debit Card,Delivered
ORD011477,CUST00261,2024-01-08,COD,Delivered
ORD011478,CUST01286,2025-11-18,Credit Card,Delivered
ORD011479,CUST00387,2024-01-21,Net Banking,Delivered
ORD011480,CUST08493,2024-07-26,Net Banking,Delivered
ORD011481,CUST01254,2024-04-06,Debit Card,Delivered
ORD011482,CUST10827,2026-05-06,Debit Card,Returned
ORD011483,CUST05821,2026-01-24,Debit Card,Returned
ORD011484,CUST09328,2025-09-06,Debit Card,Delivered
ORD011485,CUST02794,2024-09-18,Debit Card,Delivered
ORD011486,CUST06320,2024-02-28,Debit Card,Delivered
ORD011487,CUST08600,2026-08-21,Net Banking,Delivered
ORD011488,CUST11630,2025-06-18,Debit Card,Returned
ORD011489,CUST10800,2024-11-24,Credit Card,Delivered
ORD011490,CUST00410,2025-09-03,UPI,Cancelled
ORD011491,CUST08369,2025-04-03,COD,Delivered
ORD011492,CUST01752,2025-09-21,COD,Delivered
ORD011493,CUST06888,2026-07-19,Net Banking,Delivered
ORD011494,CUST11703,2025-01-30,COD,Pending
ORD011495,CUST04996,2026-01-08,Debit Card,Delivered
ORD011496,CUST08241,2026-08-24,Credit Card,Delivered
ORD011497,CUST10186,2024-07-03,Net Banking,Delivered
ORD011498,CUST06956,2025-10-30,Net Banking,Delivered
ORD011499,CUST03869,2025-12-25,Credit Card,Delivered
ORD011500,CUST00282,2024-11-18,Debit Card,Delivered
ORD011501,CUST11731,2025-07-26,Net Banking,Delivered
ORD011502,CUST08661,2026-02-03,Credit Card,Delivered
ORD011503,CUST01235,2025-07-26,Debit Card,Delivered
ORD011504,CUST07295,2025-01-08,Credit Card,Returned
ORD011505,CUST03389,2024-08-03,Debit Card,Delivered
ORD011506,CUST04392,2024-01-30,COD,Returned
ORD011507,CUST06758,2024-09-11,Credit Card,Delivered
ORD011508,CUST02770,2024-10-09,Debit Card,Delivered
ORD011509,CUST02898,2025-04-21,UPI,Delivered
ORD011510,CUST03932,2025-01-14,COD,Delivered
ORD011511,CUST05209,2025-06-25,Net Banking,Delivered
ORD011512,CUST09039,2026-05-17,Credit Card,Delivered
ORD011513,CUST08432,2024-07-01,Debit Card,Delivered
ORD011514,CUST10097,2024-05-30,Net Banking,Delivered
ORD011515,CUST11095,2024-10-19,Net Banking,Delivered
ORD011516,CUST09965,2026-07-10,Net Banking,Returned
ORD011517,CUST10892,2026-01-23,Net Banking,Delivered
ORD011518,CUST09312,2026-07-20,Debit Card,Pending
ORD011519,CUST03059,2024-08-07,Debit Card,Delivered
ORD011520,CUST08374,2025-07-28,UPI,Pending
ORD011521,CUST02908,2026-07-21,UPI,Delivered
ORD011522,CUST06882,2025-03-10,Debit Card,Returned
ORD011523,CUST03210,2026-04-15,Debit Card,Cancelled
ORD011524,CUST06514,2024-12-14,UPI,Delivered
ORD011525,CUST07963,2025-05-06,Debit Card,Delivered
ORD011526,CUST09804,2025-12-18,Credit Card,Delivered
ORD011527,CUST00493,2024-12-29,Credit Card,Delivered
ORD011528,CUST11108,2025-12-03,Credit Card,Delivered
ORD011529,CUST11509,2025-05-07,Credit Card,Delivered
ORD011530,CUST02913,2024-10-19,Net Banking,Delivered
ORD011531,CUST11412,2025-08-31,Credit Card,Delivered
ORD011532,CUST06801,2025-09-18,UPI,Delivered
ORD011533,CUST06260,2025-05-25,Net Banking,Delivered
ORD011534,CUST09518,2025-06-26,UPI,Returned
ORD011535,CUST00846,2025-12-18,COD,Delivered
ORD011536,CUST11786,2024-06-01,COD,Delivered
ORD011537,CUST00121,2025-04-01,Debit Card,Delivered
ORD011538,CUST05054,2024-06-01,Net Banking,Delivered
ORD011539,CUST04007,2024-12-26,Credit Card,Delivered
ORD011540,CUST08923,2025-11-16,COD,Delivered
ORD011541,CUST01854,2024-10-12,Net Banking,Delivered
ORD011542,CUST04175,2025-02-07,Credit Card,Delivered
ORD011543,CUST09171,2024-10-05,COD,Delivered
ORD011544,CUST07514,2024-05-06,Debit Card,Pending
ORD011545,CUST05656,2025-01-19,UPI,Delivered
ORD011546,CUST04917,2024-05-22,Debit Card,Delivered
ORD011547,CUST00740,2024-01-21,COD,Delivered
ORD011548,CUST04385,2024-10-12,UPI,Pending
ORD011549,CUST05957,2024-09-11,COD,Delivered
ORD011550,CUST06473,2025-06-06,COD,Returned
ORD011551,CUST00872,2024-04-23,Credit Card,Delivered
ORD011552,CUST10190,2024-08-05,Net Banking,Pending
ORD011553,CUST10340,2026-08-05,UPI,Delivered
ORD011554,CUST11865,2026-07-14,Debit Card,Delivered
ORD011555,CUST07175,2025-10-10,UPI,Delivered
ORD011556,CUST08034,2025-08-03,Net Banking,Delivered
ORD011557,CUST03243,2025-07-12,Net Banking,Delivered
ORD011558,CUST08031,2024-08-26,Net Banking,Delivered
ORD011559,CUST08564,2025-11-04,Credit Card,Delivered
ORD011560,CUST01853,2025-06-28,COD,Cancelled
ORD011561,CUST08736,2025-04-26,Debit Card,Delivered
ORD011562,CUST00497,2026-06-08,Debit Card,Returned
ORD011563,CUST06479,2024-03-05,Debit Card,Delivered
ORD011564,CUST10270,2024-06-27,UPI,Delivered
ORD011565,CUST09353,2025-04-07,Credit Card,Returned
ORD011566,CUST02364,2025-02-18,Credit Card,Delivered
ORD011567,CUST08652,2025-01-13,Debit Card,Delivered
ORD011568,CUST06878,2024-11-07,Debit Card,Delivered
ORD011569,CUST01432,2024-07-22,Net Banking,Delivered
ORD011570,CUST07351,2025-03-30,UPI,Cancelled
ORD011571,CUST06391,2024-02-14,Net Banking,Cancelled
ORD011572,CUST09526,2025-06-28,COD,Delivered
ORD011573,CUST08371,2024-04-15,Net Banking,Delivered
ORD011574,CUST07673,2025-07-16,COD,Delivered
ORD011575,CUST07545,2025-05-17,COD,Delivered
ORD011576,CUST04374,2025-10-06,Net Banking,Delivered
ORD011577,CUST07651,2024-10-20,Debit Card,Delivered
ORD011578,CUST07444,2025-10-06,Net Banking,Returned
ORD011579,CUST01317,2024-02-25,COD,Delivered
ORD011580,CUST07296,2026-04-28,Credit Card,Delivered
ORD011581,CUST04403,2026-08-24,COD,Delivered
ORD011582,CUST08565,2025-08-23,UPI,Delivered
ORD011583,CUST08918,2026-07-09,Credit Card,Cancelled
ORD011584,CUST00434,2025-03-26,Net Banking,Delivered
ORD011585,CUST09936,2024-11-03,COD,Delivered
ORD011586,CUST05954,2024-10-18,Credit Card,Delivered
ORD011587,CUST07230,2025-01-10,Debit Card,Delivered
ORD011588,CUST01394,2025-04-20,Net Banking,Delivered
ORD011589,CUST10007,2025-10-24,COD,Delivered
ORD011590,CUST07005,2026-06-22,UPI,Delivered
ORD011591,CUST04091,2026-07-15,Debit Card,Delivered
ORD011592,CUST02742,2026-04-10,UPI,Returned
ORD011593,CUST06627,2025-06-16,Credit Card,Delivered
ORD011594,CUST03252,2026-01-18,UPI,Cancelled
ORD011595,CUST05755,2025-09-02,COD,Returned
ORD011596,CUST00022,2026-05-22,COD,Cancelled
ORD011597,CUST00515,2025-09-09,UPI,Returned
ORD011598,CUST10991,2025-01-12,Credit Card,Delivered
ORD011599,CUST11262,2026-03-28,COD,Pending
ORD011600,CUST11073,2025-05-18,COD,Delivered
ORD011601,CUST04779,2026-07-13,UPI,Cancelled
ORD011602,CUST00994,2026-04-07,UPI,Delivered
ORD011603,CUST09565,2026-08-20,Credit Card,Delivered
ORD011604,CUST01589,2024-10-26,Debit Card,Cancelled
ORD011605,CUST08416,2024-08-04,Net Banking,Delivered
ORD011606,CUST04633,2026-02-08,Net Banking,Pending
ORD011607,CUST04399,2024-04-17,Net Banking,Cancelled
ORD011608,CUST02682,2024-12-26,UPI,Delivered
ORD011609,CUST01380,2024-12-19,COD,Delivered
ORD011610,CUST04674,2024-05-22,COD,Delivered
ORD011611,CUST05389,2026-01-12,Debit Card,Returned
ORD011612,CUST10255,2026-07-23,COD,Delivered
ORD011613,CUST02566,2025-02-27,UPI,Pending
ORD011614,CUST02301,2024-06-23,Credit Card,Delivered
ORD011615,CUST09301,2024-07-22,Credit Card,Delivered
ORD011616,CUST11818,2025-05-14,Net Banking,Delivered
ORD011617,CUST10970,2024-11-03,Net Banking,Delivered
ORD011618,CUST02211,2026-05-05,Credit Card,Delivered
ORD011619,CUST05357,2025-10-07,Net Banking,Delivered
ORD011620,CUST09298,2025-12-10,Net Banking,Returned
ORD011621,CUST10642,2024-06-24,Debit Card,Delivered
ORD011622,CUST06955,2025-11-28,Credit Card,Returned
ORD011623,CUST00148,2024-04-10,Debit Card,Delivered
ORD011624,CUST03509,2024-08-05,Net Banking,Delivered
ORD011625,CUST03693,2025-10-04,COD,Delivered
ORD011626,CUST05680,2024-12-17,Net Banking,Delivered
ORD011627,CUST03227,2024-06-22,Net Banking,Delivered
ORD011628,CUST06104,2024-05-25,Debit Card,Delivered
ORD011629,CUST10369,2024-07-02,UPI,Delivered
ORD011630,CUST10359,2026-05-09,UPI,Delivered
ORD011631,CUST01294,2025-02-20,COD,Delivered
ORD011632,CUST08182,2024-05-24,Net Banking,Delivered
ORD011633,CUST00416,2026-03-10,UPI,Delivered
ORD011634,CUST06979,2024-03-16,COD,Delivered
ORD011635,CUST03082,2026-05-18,Net Banking,Returned
ORD011636,CUST07578,2025-12-25,Credit Card,Pending
ORD011637,CUST07391,2025-01-20,COD,Delivered
ORD011638,CUST02890,2024-06-02,UPI,Returned
ORD011639,CUST09793,2024-06-15,Net Banking,Delivered
ORD011640,CUST09393,2025-03-22,COD,Delivered
ORD011641,CUST06688,2025-02-04,Debit Card,Delivered
ORD011642,CUST10067,2024-04-25,COD,Delivered
ORD011643,CUST04673,2024-04-09,UPI,Delivered
ORD011644,CUST03098,2024-02-03,Net Banking,Delivered
ORD011645,CUST03269,2025-06-14,Credit Card,Returned
ORD011646,CUST09626,2026-04-09,Credit Card,Delivered
ORD011647,CUST04838,2025-02-19,COD,Delivered
ORD011648,CUST11742,2026-03-28,Debit Card,Delivered
ORD011649,CUST01777,2025-08-20,Credit Card,Cancelled
ORD011650,CUST06540,2025-05-12,Debit Card,Delivered
ORD011651,CUST07652,2026-03-23,COD,Delivered
ORD011652,CUST07832,2026-01-12,Net Banking,Delivered
ORD011653,CUST11178,2026-08-07,Net Banking,Cancelled
ORD011654,CUST06327,2025-01-12,Credit Card,Delivered
ORD011655,CUST10504,2024-03-22,Credit Card,Delivered
ORD011656,CUST08140,2026-06-01,Credit Card,Delivered
ORD011657,CUST09917,2026-05-05,Credit Card,Delivered
ORD011658,CUST10267,2026-02-07,COD,Returned
ORD011659,CUST09467,2025-05-03,Debit Card,Delivered
ORD011660,CUST00508,2024-11-17,UPI,Delivered
ORD011661,CUST00703,2024-06-16,COD,Delivered
ORD011662,CUST06272,2024-05-31,Credit Card,Delivered
ORD011663,CUST11680,2026-01-13,Credit Card,Delivered
ORD011664,CUST09020,2025-07-17,Credit Card,Delivered
ORD011665,CUST06563,2024-01-02,UPI,Delivered
ORD011666,CUST03492,2025-12-01,Debit Card,Delivered
ORD011667,CUST00824,2026-07-11,Credit Card,Delivered
ORD011668,CUST09886,2025-12-06,Net Banking,Delivered
ORD011669,CUST09085,2024-12-08,Credit Card,Cancelled
ORD011670,CUST06688,2026-07-17,UPI,Delivered
ORD011671,CUST03151,2026-07-18,UPI,Delivered
ORD011672,CUST03128,2026-08-15,UPI,Delivered
ORD011673,CUST10152,2026-03-10,UPI,Returned
ORD011674,CUST02909,2026-02-09,COD,Delivered
ORD011675,CUST07582,2025-07-20,Credit Card,Delivered
ORD011676,CUST07641,2026-03-05,Net Banking,Delivered
ORD011677,CUST04298,2024-07-22,COD,Delivered
ORD011678,CUST04319,2024-01-08,Debit Card,Delivered
ORD011679,CUST09345,2026-02-26,COD,Delivered
ORD011680,CUST06474,2025-11-22,Credit Card,Delivered
ORD011681,CUST07025,2025-05-20,COD,Cancelled
ORD011682,CUST05860,2024-09-29,UPI,Delivered
ORD011683,CUST09657,2025-09-12,COD,Delivered
ORD011684,CUST06134,2024-10-15,UPI,Delivered
ORD011685,CUST06272,2024-11-06,COD,Returned
ORD011686,CUST07309,2024-07-21,Debit Card,Delivered
ORD011687,CUST06142,2024-11-24,Credit Card,Returned
ORD011688,CUST10401,2024-04-07,Credit Card,Delivered
ORD011689,CUST09665,2024-12-29,COD,Delivered
ORD011690,CUST11653,2025-05-05,UPI,Delivered
ORD011691,CUST00882,2026-08-24,Debit Card,Returned
ORD011692,CUST06107,2026-06-30,UPI,Cancelled
ORD011693,CUST02572,2026-05-08,Credit Card,Delivered
ORD011694,CUST11553,2024-03-19,UPI,Delivered
ORD011695,CUST11753,2024-11-15,Debit Card,Delivered
ORD011696,CUST01051,2024-03-28,Debit Card,Delivered
ORD011697,CUST00369,2024-12-22,UPI,Delivered
ORD011698,CUST01917,2025-01-03,Net Banking,Delivered
ORD011699,CUST07534,2024-06-16,Debit Card,Delivered
ORD011700,CUST11518,2024-07-04,Debit Card,Delivered
ORD011701,CUST04772,2025-08-17,Net Banking,Returned
ORD011702,CUST11625,2024-01-23,Credit Card,Cancelled
ORD011703,CUST05306,2025-09-06,COD,Returned
ORD011704,CUST10560,2024-12-16,COD,Delivered
ORD011705,CUST09650,2024-12-15,COD,Delivered
ORD011706,CUST10874,2025-06-02,COD,Delivered
ORD011707,CUST03763,2025-03-18,Credit Card,Delivered
ORD011708,CUST05420,2024-04-18,Net Banking,Delivered
ORD011709,CUST11282,2026-04-06,Debit Card,Delivered
ORD011710,CUST01211,2025-01-04,Credit Card,Returned
ORD011711,CUST01727,2026-02-09,COD,Delivered
ORD011712,CUST03322,2025-04-30,UPI,Returned
ORD011713,CUST01221,2024-04-21,COD,Delivered
ORD011714,CUST07152,2024-10-12,Credit Card,Returned
ORD011715,CUST05323,2026-02-02,Credit Card,Delivered
ORD011716,CUST04037,2025-01-28,Debit Card,Delivered
ORD011717,CUST06921,2024-04-07,UPI,Delivered
ORD011718,CUST03991,2025-06-08,COD,Delivered
ORD011719,CUST05899,2024-06-15,UPI,Delivered
ORD011720,CUST08381,2025-08-11,Net Banking,Delivered
ORD011721,CUST00847,2025-03-23,Net Banking,Delivered
ORD011722,CUST00273,2024-10-07,Debit Card,Cancelled
ORD011723,CUST00949,2024-06-17,UPI,Delivered
ORD011724,CUST05210,2024-08-13,Credit Card,Returned
ORD011725,CUST00270,2026-07-24,COD,Delivered
ORD011726,CUST04663,2024-11-13,Credit Card,Delivered
ORD011727,CUST07433,2024-02-09,Net Banking,Delivered
ORD011728,CUST05311,2025-05-02,UPI,Pending
ORD011729,CUST09499,2025-02-21,Debit Card,Delivered
ORD011730,CUST10915,2024-11-30,UPI,Delivered
ORD011731,CUST09051,2025-05-29,Net Banking,Delivered
ORD011732,CUST01781,2025-03-11,Credit Card,Delivered
ORD011733,CUST11068,2024-09-07,UPI,Cancelled
ORD011734,CUST04894,2026-03-24,UPI,Delivered
ORD011735,CUST03162,2026-05-03,COD,Cancelled
ORD011736,CUST04455,2024-04-07,Debit Card,Delivered
ORD011737,CUST00380,2024-11-20,Debit Card,Delivered
ORD011738,CUST02215,2026-03-19,COD,Returned
ORD011739,CUST08161,2025-04-14,COD,Delivered
ORD011740,CUST04712,2026-04-07,Net Banking,Returned
ORD011741,CUST00570,2025-10-30,Credit Card,Returned
ORD011742,CUST05324,2026-06-22,COD,Pending
ORD011743,CUST08318,2026-05-15,Net Banking,Delivered
ORD011744,CUST00345,2025-05-30,Credit Card,Delivered
ORD011745,CUST04026,2025-05-16,UPI,Delivered
ORD011746,CUST08959,2024-10-07,COD,Delivered
ORD011747,CUST11690,2024-09-08,Debit Card,Delivered
ORD011748,CUST10451,2025-03-09,Debit Card,Delivered
ORD011749,CUST03049,2024-09-11,UPI,Delivered
ORD011750,CUST02314,2025-02-10,UPI,Delivered
ORD011751,CUST10494,2025-02-12,UPI,Delivered
ORD011752,CUST00030,2026-05-15,Net Banking,Delivered
ORD011753,CUST03377,2024-11-21,UPI,Delivered
ORD011754,CUST03525,2024-04-07,Net Banking,Cancelled
ORD011755,CUST01820,2024-05-28,COD,Delivered
ORD011756,CUST10208,2024-04-17,COD,Delivered
ORD011757,CUST02747,2024-12-15,Net Banking,Delivered
ORD011758,CUST01932,2024-05-02,Credit Card,Delivered
ORD011759,CUST11914,2024-11-07,Credit Card,Delivered
ORD011760,CUST09639,2024-09-15,COD,Cancelled
ORD011761,CUST06491,2025-08-13,COD,Delivered
ORD011762,CUST07746,2025-02-08,Credit Card,Returned
ORD011763,CUST05342,2024-07-29,Credit Card,Delivered
ORD011764,CUST01212,2024-06-25,Net Banking,Delivered
ORD011765,CUST07593,2026-03-24,Credit Card,Delivered
ORD011766,CUST11205,2025-01-16,Debit Card,Delivered
ORD011767,CUST03621,2026-06-05,Credit Card,Delivered
ORD011768,CUST09727,2026-04-25,Credit Card,Cancelled
ORD011769,CUST03278,2025-08-02,Debit Card,Delivered
ORD011770,CUST11635,2024-10-13,UPI,Delivered
ORD011771,CUST02522,2024-10-28,Debit Card,Delivered
ORD011772,CUST01906,2026-08-28,COD,Delivered
ORD011773,CUST07560,2026-07-28,COD,Delivered
ORD011774,CUST11743,2024-10-27,COD,Delivered
ORD011775,CUST09283,2025-04-03,UPI,Delivered
ORD011776,CUST08220,2026-08-02,UPI,Delivered
ORD011777,CUST06798,2026-02-10,COD,Delivered
ORD011778,CUST06045,2025-09-28,Credit Card,Delivered
ORD011779,CUST06376,2025-12-20,Net Banking,Delivered
ORD011780,CUST08118,2025-03-16,Net Banking,Delivered
ORD011781,CUST03179,2024-11-07,UPI,Delivered
ORD011782,CUST05498,2024-06-14,UPI,Pending
ORD011783,CUST03748,2024-09-18,Net Banking,Returned
ORD011784,CUST07559,2026-04-29,Credit Card,Delivered
ORD011785,CUST07953,2025-05-15,Credit Card,Returned
ORD011786,CUST02943,2025-12-29,UPI,Delivered
ORD011787,CUST07984,2026-07-08,Credit Card,Delivered
ORD011788,CUST08883,2026-08-05,Net Banking,Delivered
ORD011789,CUST06220,2026-03-17,UPI,Delivered
ORD011790,CUST10695,2024-04-20,Debit Card,Delivered
ORD011791,CUST10585,2024-03-13,UPI,Delivered
ORD011792,CUST04686,2024-06-13,COD,Delivered
ORD011793,CUST01759,2025-09-01,Credit Card,Delivered
ORD011794,CUST10955,2025-02-21,Credit Card,Pending
ORD011795,CUST06603,2025-01-17,Net Banking,Delivered
ORD011796,CUST11143,2024-02-09,UPI,Delivered
ORD011797,CUST01387,2024-09-04,Net Banking,Cancelled
ORD011798,CUST10179,2024-06-16,UPI,Delivered
ORD011799,CUST10383,2026-03-15,UPI,Delivered
ORD011800,CUST06723,2025-09-29,Debit Card,Delivered
ORD011801,CUST01662,2024-02-19,Credit Card,Returned
ORD011802,CUST04917,2025-05-10,COD,Delivered
ORD011803,CUST05033,2026-02-17,COD,Delivered
ORD011804,CUST07313,2025-12-18,Credit Card,Delivered
ORD011805,CUST06513,2026-04-06,Net Banking,Returned
ORD011806,CUST10169,2026-07-10,COD,Delivered
ORD011807,CUST07111,2026-08-13,Debit Card,Delivered
ORD011808,CUST10955,2026-02-02,Debit Card,Delivered
ORD011809,CUST10862,2025-06-03,Debit Card,Delivered
ORD011810,CUST11412,2026-03-06,COD,Delivered
ORD011811,CUST05247,2025-12-24,Debit Card,Delivered
ORD011812,CUST04993,2025-07-25,Debit Card,Delivered
ORD011813,CUST08544,2026-02-06,Net Banking,Delivered
ORD011814,CUST06265,2024-12-10,Credit Card,Delivered
ORD011815,CUST00374,2024-09-22,COD,Delivered
ORD011816,CUST06485,2025-07-28,Credit Card,Cancelled
ORD011817,CUST06175,2024-07-07,Debit Card,Delivered
ORD011818,CUST11025,2024-11-26,Net Banking,Delivered
ORD011819,CUST07721,2024-06-02,Credit Card,Delivered
ORD011820,CUST02017,2025-10-24,UPI,Delivered
ORD011821,CUST00204,2026-08-16,COD,Delivered
ORD011822,CUST05492,2025-10-20,Debit Card,Pending
ORD011823,CUST06705,2024-05-25,Debit Card,Delivered
ORD011824,CUST02650,2024-06-26,UPI,Delivered
ORD011825,CUST09096,2024-05-26,Debit Card,Delivered
ORD011826,CUST09248,2026-01-12,Credit Card,Delivered
ORD011827,CUST02739,2026-01-13,Debit Card,Cancelled
ORD011828,CUST08538,2024-09-27,Credit Card,Returned
ORD011829,CUST08939,2024-01-16,Credit Card,Delivered
ORD011830,CUST03859,2026-07-04,COD,Pending
ORD011831,CUST06918,2025-05-26,COD,Delivered
ORD011832,CUST02170,2024-05-26,COD,Cancelled
ORD011833,CUST09852,2026-08-28,COD,Delivered
ORD011834,CUST07725,2025-03-30,UPI,Delivered
ORD011835,CUST05062,2025-02-06,UPI,Cancelled
ORD011836,CUST04112,2024-12-09,Net Banking,Delivered
ORD011837,CUST08630,2026-03-09,Credit Card,Delivered
ORD011838,CUST06493,2026-08-05,Net Banking,Delivered
ORD011839,CUST02208,2025-11-18,UPI,Delivered
ORD011840,CUST11316,2024-01-08,Net Banking,Delivered
ORD011841,CUST05201,2024-02-19,Credit Card,Delivered
ORD011842,CUST02429,2025-12-01,COD,Delivered
ORD011843,CUST11616,2025-08-22,Debit Card,Returned
ORD011844,CUST04957,2026-06-22,UPI,Delivered
ORD011845,CUST11754,2024-01-13,Credit Card,Delivered
ORD011846,CUST04483,2024-07-20,Debit Card,Delivered
ORD011847,CUST01459,2025-10-20,UPI,Cancelled
ORD011848,CUST09796,2025-03-09,Credit Card,Cancelled
ORD011849,CUST01068,2025-02-10,UPI,Returned
ORD011850,CUST02841,2026-08-10,Credit Card,Delivered
ORD011851,CUST03579,2026-05-23,UPI,Returned
ORD011852,CUST00662,2026-05-14,UPI,Delivered
ORD011853,CUST09386,2024-06-06,COD,Returned
ORD011854,CUST00075,2026-07-13,Credit Card,Cancelled
ORD011855,CUST09388,2025-04-29,Net Banking,Delivered
ORD011856,CUST09198,2025-07-26,Debit Card,Cancelled
ORD011857,CUST01461,2025-06-30,UPI,Delivered
ORD011858,CUST10877,2025-01-27,COD,Delivered
ORD011859,CUST10966,2026-08-25,Net Banking,Delivered
ORD011860,CUST11715,2025-01-02,UPI,Delivered
ORD011861,CUST02843,2026-03-03,Credit Card,Returned
ORD011862,CUST03723,2025-01-11,Debit Card,Delivered
ORD011863,CUST05787,2024-04-15,Net Banking,Delivered
ORD011864,CUST00647,2026-04-11,Debit Card,Delivered
ORD011865,CUST07003,2025-01-05,UPI,Returned
ORD011866,CUST04591,2024-04-19,COD,Delivered
ORD011867,CUST05579,2026-03-15,Net Banking,Delivered
ORD011868,CUST10425,2024-10-20,UPI,Delivered
ORD011869,CUST08921,2024-09-20,UPI,Delivered
ORD011870,CUST03239,2024-11-26,Debit Card,Delivered
ORD011871,CUST03379,2025-02-27,COD,Delivered
ORD011872,CUST06421,2024-10-05,Net Banking,Delivered
ORD011873,CUST03162,2024-08-11,Debit Card,Pending
ORD011874,CUST11483,2024-06-21,Debit Card,Delivered
ORD011875,CUST05561,2024-05-08,UPI,Delivered
ORD011876,CUST04787,2026-08-02,UPI,Delivered
ORD011877,CUST03701,2024-09-02,UPI,Delivered
ORD011878,CUST03857,2025-06-04,Credit Card,Delivered
ORD011879,CUST06047,2024-10-22,Net Banking,Delivered
ORD011880,CUST02446,2024-06-04,Net Banking,Delivered
ORD011881,CUST01922,2025-08-31,COD,Delivered
ORD011882,CUST04058,2024-12-17,Credit Card,Delivered
ORD011883,CUST02966,2025-10-09,COD,Delivered
ORD011884,CUST02332,2024-10-19,COD,Delivered
ORD011885,CUST06022,2025-12-22,Credit Card,Delivered
ORD011886,CUST05779,2025-03-30,Credit Card,Cancelled
ORD011887,CUST11064,2024-09-30,Credit Card,Delivered
ORD011888,CUST07189,2024-04-21,COD,Delivered
ORD011889,CUST02986,2025-12-16,Net Banking,Delivered
ORD011890,CUST04575,2025-03-27,COD,Delivered
ORD011891,CUST08539,2024-03-17,Debit Card,Delivered
ORD011892,CUST11215,2025-08-09,UPI,Delivered
ORD011893,CUST08364,2024-03-20,Net Banking,Cancelled
ORD011894,CUST06962,2025-07-09,Debit Card,Cancelled
ORD011895,CUST00979,2024-03-18,Net Banking,Delivered
ORD011896,CUST00544,2026-06-30,Debit Card,Delivered
ORD011897,CUST08394,2025-03-11,UPI,Delivered
ORD011898,CUST11973,2025-11-23,UPI,Pending
ORD011899,CUST06861,2025-12-26,Net Banking,Cancelled
ORD011900,CUST03957,2026-02-24,COD,Delivered
ORD011901,CUST11778,2026-07-24,Debit Card,Delivered
ORD011902,CUST03841,2024-07-07,UPI,Delivered
ORD011903,CUST05514,2026-03-03,Debit Card,Cancelled
ORD011904,CUST01605,2024-02-04,Credit Card,Delivered
ORD011905,CUST04978,2025-08-05,COD,Delivered
ORD011906,CUST03778,2024-07-30,COD,Delivered
ORD011907,CUST06390,2024-10-09,Net Banking,Delivered
ORD011908,CUST07593,2026-01-02,Debit Card,Cancelled
ORD011909,CUST07472,2024-05-17,Debit Card,Cancelled
ORD011910,CUST02164,2025-08-09,UPI,Delivered
ORD011911,CUST01141,2026-07-04,Credit Card,Delivered
ORD011912,CUST09041,2025-11-03,Credit Card,Delivered
ORD011913,CUST05552,2026-01-16,Debit Card,Delivered
ORD011914,CUST06269,2025-04-29,UPI,Returned
ORD011915,CUST08225,2026-01-27,COD,Delivered
ORD011916,CUST04569,2024-07-23,Net Banking,Delivered
ORD011917,CUST01989,2024-12-01,COD,Delivered
ORD011918,CUST06748,2026-06-25,Credit Card,Cancelled
ORD011919,CUST08955,2025-03-28,Credit Card,Delivered
ORD011920,CUST01459,2025-04-30,Debit Card,Delivered
ORD011921,CUST01728,2026-04-14,Credit Card,Delivered
ORD011922,CUST06994,2025-11-29,UPI,Delivered
ORD011923,CUST10106,2026-08-19,COD,Delivered
ORD011924,CUST08215,2025-03-12,Debit Card,Delivered
ORD011925,CUST11188,2025-02-25,UPI,Delivered
ORD011926,CUST01106,2024-05-17,UPI,Delivered
ORD011927,CUST06347,2024-01-06,Net Banking,Pending
ORD011928,CUST10795,2024-07-31,Credit Card,Delivered
ORD011929,CUST07275,2024-04-04,Credit Card,Cancelled
ORD011930,CUST03146,2026-07-18,UPI,Delivered
ORD011931,CUST06026,2025-07-14,Debit Card,Delivered
ORD011932,CUST05476,2026-02-05,UPI,Delivered
ORD011933,CUST02249,2026-03-10,UPI,Pending
ORD011934,CUST09578,2024-10-11,Credit Card,Cancelled
ORD011935,CUST07757,2025-01-12,COD,Delivered
ORD011936,CUST03543,2025-05-16,Credit Card,Cancelled
ORD011937,CUST04481,2025-03-24,Net Banking,Delivered
ORD011938,CUST05008,2025-02-20,Net Banking,Delivered
ORD011939,CUST09235,2026-01-11,Debit Card,Delivered
ORD011940,CUST09036,2026-02-23,COD,Delivered
ORD011941,CUST10885,2024-04-07,UPI,Delivered
ORD011942,CUST01159,2025-07-14,COD,Delivered
ORD011943,CUST01358,2025-10-17,Credit Card,Delivered
ORD011944,CUST06689,2024-05-14,Credit Card,Returned
ORD011945,CUST03206,2026-01-09,UPI,Delivered
ORD011946,CUST06366,2026-02-19,UPI,Delivered
ORD011947,CUST11532,2025-12-24,Net Banking,Delivered
ORD011948,CUST10211,2025-01-22,Credit Card,Delivered
ORD011949,CUST10955,2024-11-14,Credit Card,Cancelled
ORD011950,CUST03204,2024-07-15,Net Banking,Delivered
ORD011951,CUST06093,2024-05-03,Debit Card,Delivered
ORD011952,CUST03841,2024-11-24,Debit Card,Delivered
ORD011953,CUST10292,2026-01-16,Net Banking,Returned
ORD011954,CUST05375,2026-04-23,Credit Card,Delivered
ORD011955,CUST08934,2024-03-18,Credit Card,Delivered
ORD011956,CUST11573,2026-02-21,Debit Card,Delivered
ORD011957,CUST02397,2026-06-19,UPI,Delivered
ORD011958,CUST06414,2026-03-20,UPI,Delivered
ORD011959,CUST10857,2024-09-30,Net Banking,Delivered
ORD011960,CUST03231,2026-04-19,UPI,Delivered
ORD011961,CUST11433,2024-05-15,Debit Card,Returned
ORD011962,CUST01597,2025-04-17,COD,Returned
ORD011963,CUST03343,2024-11-19,Net Banking,Cancelled
ORD011964,CUST04714,2025-01-05,Credit Card,Delivered
ORD011965,CUST03849,2024-06-02,COD,Delivered
ORD011966,CUST07645,2025-08-09,Debit Card,Delivered
ORD011967,CUST10044,2026-04-17,Credit Card,Delivered
ORD011968,CUST11064,2025-02-20,UPI,Delivered
ORD011969,CUST07128,2024-01-22,Net Banking,Delivered
ORD011970,CUST00399,2024-09-12,UPI,Delivered
ORD011971,CUST02389,2025-08-03,Net Banking,Delivered
ORD011972,CUST02665,2025-10-02,Debit Card,Delivered
ORD011973,CUST05720,2026-05-03,Debit Card,Delivered
ORD011974,CUST04103,2024-02-04,Credit Card,Delivered
ORD011975,CUST04665,2024-07-02,Net Banking,Delivered
ORD011976,CUST00727,2024-08-10,COD,Cancelled
ORD011977,CUST02368,2024-05-05,UPI,Delivered
ORD011978,CUST00537,2026-04-14,Net Banking,Delivered
ORD011979,CUST05576,2025-10-04,COD,Returned
ORD011980,CUST05538,2024-07-17,UPI,Cancelled
ORD011981,CUST04579,2024-05-08,Debit Card,Delivered
ORD011982,CUST09302,2026-03-20,Debit Card,Delivered
ORD011983,CUST08994,2025-07-23,Credit Card,Delivered
ORD011984,CUST06044,2026-05-05,Debit Card,Delivered
ORD011985,CUST09985,2024-08-16,Debit Card,Returned
ORD011986,CUST06907,2024-08-09,Debit Card,Delivered
ORD011987,CUST09580,2026-01-05,Net Banking,Delivered
ORD011988,CUST05157,2026-05-13,Credit Card,Pending
ORD011989,CUST08478,2025-08-19,Net Banking,Delivered
ORD011990,CUST00507,2026-01-21,COD,Delivered
ORD011991,CUST00626,2025-03-23,Debit Card,Delivered
ORD011992,CUST08089,2025-04-08,COD,Delivered
ORD011993,CUST02803,2024-09-16,COD,Cancelled
ORD011994,CUST01212,2025-05-21,Net Banking,Delivered
ORD011995,CUST08322,2024-01-17,Debit Card,Delivered
ORD011996,CUST06044,2025-08-11,Net Banking,Delivered
ORD011997,CUST06871,2024-12-20,UPI,Delivered
ORD011998,CUST03942,2026-07-24,UPI,Delivered
ORD011999,CUST00536,2025-02-21,Debit Card,Delivered
ORD012000,CUST07417,2025-03-15,COD,Delivered
ORD012001,CUST08419,2025-06-06,Net Banking,Delivered
ORD012002,CUST09928,2024-10-22,COD,Delivered
ORD012003,CUST11748,2025-10-14,UPI,Delivered
ORD012004,CUST08850,2025-10-25,Net Banking,Cancelled
ORD012005,CUST10004,2024-04-09,Net Banking,Delivered
ORD012006,CUST02372,2024-10-16,Net Banking,Delivered
ORD012007,CUST07002,2024-05-15,Debit Card,Delivered
ORD012008,CUST08248,2024-09-03,Debit Card,Delivered
ORD012009,CUST05693,2024-07-28,Debit Card,Delivered
ORD012010,CUST10791,2026-06-21,Net Banking,Delivered
ORD012011,CUST07124,2024-11-13,COD,Delivered
ORD012012,CUST08466,2025-07-11,Credit Card,Cancelled
ORD012013,CUST01121,2024-08-01,COD,Delivered
ORD012014,CUST10043,2024-07-17,UPI,Delivered
ORD012015,CUST06802,2024-05-06,UPI,Pending
ORD012016,CUST05218,2025-01-16,Debit Card,Cancelled
ORD012017,CUST06911,2024-01-13,Credit Card,Delivered
ORD012018,CUST01578,2025-01-20,Debit Card,Cancelled
ORD012019,CUST09249,2026-01-17,COD,Delivered
ORD012020,CUST10517,2026-02-08,Debit Card,Cancelled
ORD012021,CUST07111,2024-01-29,UPI,Delivered
ORD012022,CUST05774,2026-05-08,UPI,Cancelled
ORD012023,CUST06945,2025-05-02,Debit Card,Pending
ORD012024,CUST11140,2024-12-03,COD,Delivered
ORD012025,CUST03202,2026-08-11,Net Banking,Delivered
ORD012026,CUST04392,2025-05-28,COD,Delivered
ORD012027,CUST08302,2026-08-12,Debit Card,Delivered
ORD012028,CUST07346,2026-08-06,COD,Delivered
ORD012029,CUST07562,2025-12-08,UPI,Delivered
ORD012030,CUST11508,2024-11-12,Credit Card,Delivered
ORD012031,CUST10837,2026-08-02,UPI,Delivered
ORD012032,CUST10354,2025-11-16,UPI,Cancelled
ORD012033,CUST09879,2024-11-23,Net Banking,Delivered
ORD012034,CUST00549,2025-09-03,Debit Card,Delivered
ORD012035,CUST09800,2025-07-24,Net Banking,Delivered
ORD012036,CUST10378,2024-10-30,Net Banking,Delivered
ORD012037,CUST03361,2026-06-23,Debit Card,Delivered
ORD012038,CUST10769,2025-02-05,COD,Delivered
ORD012039,CUST09075,2024-11-01,Credit Card,Delivered
ORD012040,CUST04376,2026-05-03,Net Banking,Delivered
ORD012041,CUST08938,2026-01-18,Net Banking,Delivered
ORD012042,CUST06686,2024-07-21,COD,Delivered
ORD012043,CUST01601,2024-06-03,Debit Card,Delivered
ORD012044,CUST03454,2025-02-19,UPI,Delivered
ORD012045,CUST10321,2024-11-17,COD,Delivered
ORD012046,CUST04109,2025-07-31,UPI,Delivered
ORD012047,CUST00444,2024-08-09,Credit Card,Delivered
ORD012048,CUST08330,2026-02-28,Net Banking,Delivered
ORD012049,CUST05313,2024-12-07,Credit Card,Delivered
ORD012050,CUST02439,2024-05-31,UPI,Delivered
ORD012051,CUST04028,2026-05-08,UPI,Returned
ORD012052,CUST09023,2025-12-15,UPI,Delivered
ORD012053,CUST09696,2026-06-27,Net Banking,Delivered
ORD012054,CUST04551,2026-06-08,Debit Card,Cancelled
ORD012055,CUST00488,2025-12-31,Debit Card,Delivered
ORD012056,CUST00368,2024-05-22,Net Banking,Delivered
ORD012057,CUST11962,2025-01-02,Debit Card,Delivered
ORD012058,CUST01193,2025-03-08,Debit Card,Cancelled
ORD012059,CUST04269,2025-10-18,Net Banking,Delivered
ORD012060,CUST01243,2024-10-21,Debit Card,Delivered
ORD012061,CUST07586,2025-12-13,Debit Card,Pending
ORD012062,CUST08780,2024-03-27,COD,Delivered
ORD012063,CUST07482,2024-01-04,Credit Card,Delivered
ORD012064,CUST01615,2025-03-16,Credit Card,Delivered
ORD012065,CUST05332,2025-06-10,Credit Card,Pending
ORD012066,CUST11402,2024-06-19,COD,Pending
ORD012067,CUST00238,2026-06-10,Credit Card,Cancelled
ORD012068,CUST03674,2026-07-15,UPI,Returned
ORD012069,CUST02961,2024-09-18,Credit Card,Returned
ORD012070,CUST11978,2026-08-12,Net Banking,Delivered
ORD012071,CUST01341,2026-04-12,Credit Card,Delivered
ORD012072,CUST06776,2024-12-07,UPI,Delivered
ORD012073,CUST06155,2024-01-30,Credit Card,Delivered
ORD012074,CUST10641,2026-04-05,Debit Card,Delivered
ORD012075,CUST04612,2024-03-26,UPI,Returned
ORD012076,CUST09049,2026-01-06,Net Banking,Delivered
ORD012077,CUST03812,2025-07-21,Debit Card,Returned
ORD012078,CUST06325,2025-12-09,Debit Card,Returned
ORD012079,CUST06575,2025-02-23,COD,Delivered
ORD012080,CUST00735,2024-10-28,Debit Card,Returned
ORD012081,CUST04509,2026-08-27,Credit Card,Delivered
ORD012082,CUST06687,2025-01-19,Debit Card,Delivered
ORD012083,CUST10569,2024-09-01,Debit Card,Delivered
ORD012084,CUST11201,2025-01-30,COD,Cancelled
ORD012085,CUST10371,2026-05-30,Credit Card,Delivered
ORD012086,CUST01796,2025-08-01,Credit Card,Delivered
ORD012087,CUST11539,2024-05-04,Debit Card,Delivered
ORD012088,CUST01961,2024-01-10,Net Banking,Delivered
ORD012089,CUST00662,2025-05-27,Net Banking,Returned
ORD012090,CUST00456,2024-10-01,Credit Card,Delivered
ORD012091,CUST00025,2026-04-29,Net Banking,Delivered
ORD012092,CUST01018,2026-01-18,Credit Card,Delivered
ORD012093,CUST09604,2025-01-06,Credit Card,Cancelled
ORD012094,CUST11245,2025-08-29,UPI,Delivered
ORD012095,CUST08501,2024-07-01,Credit Card,Delivered
ORD012096,CUST10419,2025-11-19,UPI,Cancelled
ORD012097,CUST02254,2024-07-01,Debit Card,Delivered
ORD012098,CUST00005,2024-08-01,COD,Cancelled
ORD012099,CUST03378,2026-04-15,Credit Card,Delivered
ORD012100,CUST08507,2026-03-19,Debit Card,Delivered
ORD012101,CUST00917,2024-07-01,Credit Card,Delivered
ORD012102,CUST02895,2026-08-27,Credit Card,Delivered
ORD012103,CUST01687,2025-04-02,COD,Delivered
ORD012104,CUST01617,2025-12-19,UPI,Delivered
ORD012105,CUST04088,2025-08-03,Credit Card,Delivered
ORD012106,CUST02354,2026-05-31,Credit Card,Delivered
ORD012107,CUST08502,2025-11-13,UPI,Delivered
ORD012108,CUST07259,2025-05-07,Net Banking,Delivered
ORD012109,CUST06953,2025-04-09,COD,Delivered
ORD012110,CUST04618,2024-03-22,COD,Delivered
ORD012111,CUST03190,2024-11-08,Credit Card,Delivered
ORD012112,CUST07761,2026-03-26,COD,Delivered
ORD012113,CUST07630,2026-03-28,Net Banking,Delivered
ORD012114,CUST09612,2026-08-22,Credit Card,Delivered
ORD012115,CUST08422,2026-06-22,UPI,Delivered
ORD012116,CUST06301,2025-11-26,UPI,Delivered
ORD012117,CUST00334,2025-09-13,Credit Card,Delivered
ORD012118,CUST09521,2024-08-04,UPI,Delivered
ORD012119,CUST07848,2024-04-25,UPI,Cancelled
ORD012120,CUST07121,2025-02-13,Credit Card,Delivered
ORD012121,CUST08491,2025-09-12,Debit Card,Delivered
ORD012122,CUST11879,2024-10-05,COD,Delivered
ORD012123,CUST07687,2025-07-06,COD,Delivered
ORD012124,CUST06864,2024-03-27,Debit Card,Returned
ORD012125,CUST02061,2024-04-02,UPI,Delivered
ORD012126,CUST00383,2024-08-12,COD,Delivered
ORD012127,CUST10643,2024-11-10,Net Banking,Delivered
ORD012128,CUST07019,2024-09-11,Debit Card,Delivered
ORD012129,CUST01656,2024-09-30,UPI,Delivered
ORD012130,CUST08460,2024-11-22,Net Banking,Delivered
ORD012131,CUST10911,2024-08-11,Debit Card,Delivered
ORD012132,CUST08064,2025-12-11,UPI,Delivered
ORD012133,CUST00675,2026-06-10,Credit Card,Delivered
ORD012134,CUST04060,2024-05-15,UPI,Delivered
ORD012135,CUST05954,2025-09-17,Net Banking,Delivered
ORD012136,CUST01051,2025-03-17,COD,Delivered
ORD012137,CUST03331,2024-12-27,Debit Card,Delivered
ORD012138,CUST06037,2024-09-29,Credit Card,Delivered
ORD012139,CUST10804,2026-03-29,Debit Card,Pending
ORD012140,CUST10375,2025-02-20,UPI,Delivered
ORD012141,CUST11571,2026-03-08,Credit Card,Delivered
ORD012142,CUST09697,2025-07-31,COD,Cancelled
ORD012143,CUST06957,2024-07-06,Debit Card,Delivered
ORD012144,CUST02849,2025-11-16,Debit Card,Cancelled
ORD012145,CUST01041,2024-10-04,Net Banking,Delivered
ORD012146,CUST06562,2024-02-01,UPI,Delivered
ORD012147,CUST09277,2025-02-12,Net Banking,Delivered
ORD012148,CUST11578,2026-01-22,Credit Card,Delivered
ORD012149,CUST03056,2024-05-15,Debit Card,Delivered
ORD012150,CUST11852,2024-03-03,Credit Card,Delivered
ORD012151,CUST09996,2025-06-24,COD,Delivered
ORD012152,CUST02194,2024-07-27,COD,Delivered
ORD012153,CUST02750,2024-02-09,Net Banking,Delivered
ORD012154,CUST01030,2025-11-15,Net Banking,Delivered
ORD012155,CUST11469,2025-05-28,Net Banking,Delivered
ORD012156,CUST09055,2026-02-06,Debit Card,Delivered
ORD012157,CUST09466,2026-03-27,COD,Delivered
ORD012158,CUST07513,2024-08-27,COD,Delivered
ORD012159,CUST04528,2026-01-22,Net Banking,Delivered
ORD012160,CUST06488,2025-06-26,COD,Delivered
ORD012161,CUST04714,2025-08-02,Debit Card,Delivered
ORD012162,CUST01441,2024-08-21,UPI,Delivered
ORD012163,CUST10240,2024-12-11,Debit Card,Pending
ORD012164,CUST08679,2025-01-27,Credit Card,Delivered
ORD012165,CUST08088,2024-01-10,Credit Card,Returned
ORD012166,CUST04151,2024-02-20,Net Banking,Delivered
ORD012167,CUST10417,2025-12-10,Credit Card,Pending
ORD012168,CUST01772,2024-06-20,Net Banking,Delivered
ORD012169,CUST07028,2024-01-26,UPI,Delivered
ORD012170,CUST06612,2024-07-21,Debit Card,Returned
ORD012171,CUST10735,2024-11-30,COD,Delivered
ORD012172,CUST11785,2025-09-24,Credit Card,Delivered
ORD012173,CUST10079,2025-04-12,UPI,Delivered
ORD012174,CUST09180,2026-08-31,Debit Card,Delivered
ORD012175,CUST05238,2026-01-17,UPI,Delivered
ORD012176,CUST05926,2026-07-05,Debit Card,Delivered
ORD012177,CUST03461,2025-09-11,Credit Card,Delivered
ORD012178,CUST07781,2025-08-25,Net Banking,Delivered
ORD012179,CUST05538,2024-01-30,Debit Card,Delivered
ORD012180,CUST04960,2025-12-11,Debit Card,Cancelled
ORD012181,CUST11199,2024-08-16,UPI,Delivered
ORD012182,CUST09361,2025-10-16,Credit Card,Delivered
ORD012183,CUST04277,2025-08-14,UPI,Delivered
ORD012184,CUST10276,2024-05-02,Net Banking,Delivered
ORD012185,CUST09252,2024-08-22,COD,Delivered
ORD012186,CUST05517,2025-03-18,UPI,Delivered
ORD012187,CUST08724,2024-03-24,COD,Delivered
ORD012188,CUST05350,2025-09-16,UPI,Delivered
ORD012189,CUST01235,2026-05-19,Debit Card,Delivered
ORD012190,CUST10000,2024-12-05,Net Banking,Delivered
ORD012191,CUST08651,2026-04-17,COD,Delivered
ORD012192,CUST10399,2026-05-25,COD,Delivered
ORD012193,CUST06496,2025-05-14,UPI,Cancelled
ORD012194,CUST05801,2025-09-07,Net Banking,Cancelled
ORD012195,CUST00874,2025-10-21,UPI,Delivered
ORD012196,CUST03119,2024-07-15,COD,Delivered
ORD012197,CUST01560,2026-03-31,Net Banking,Delivered
ORD012198,CUST08302,2024-07-21,UPI,Delivered
ORD012199,CUST03024,2024-05-09,Debit Card,Returned
ORD012200,CUST04583,2025-10-31,Net Banking,Cancelled
ORD012201,CUST05849,2025-10-09,Debit Card,Pending
ORD012202,CUST05677,2026-03-18,Net Banking,Delivered
ORD012203,CUST11603,2026-06-08,COD,Delivered
ORD012204,CUST09930,2025-10-09,Net Banking,Delivered
ORD012205,CUST05403,2025-10-18,Debit Card,Delivered
ORD012206,CUST07196,2026-01-12,UPI,Delivered
ORD012207,CUST05040,2024-04-08,COD,Delivered
ORD012208,CUST03587,2024-01-30,Debit Card,Delivered
ORD012209,CUST02860,2025-01-19,Credit Card,Delivered
ORD012210,CUST06649,2024-07-15,Net Banking,Delivered
ORD012211,CUST01278,2024-03-04,Credit Card,Delivered
ORD012212,CUST04997,2025-04-08,Debit Card,Delivered
ORD012213,CUST11504,2024-02-05,Credit Card,Delivered
ORD012214,CUST04337,2025-08-13,Debit Card,Cancelled
ORD012215,CUST11399,2025-11-19,COD,Delivered
ORD012216,CUST09694,2024-03-21,UPI,Pending
ORD012217,CUST03545,2025-12-17,UPI,Delivered
ORD012218,CUST08618,2025-06-19,Net Banking,Delivered
ORD012219,CUST10594,2025-09-10,COD,Cancelled
ORD012220,CUST07737,2026-01-21,Credit Card,Returned
ORD012221,CUST02133,2025-10-05,COD,Delivered
ORD012222,CUST05028,2026-01-20,Credit Card,Delivered
ORD012223,CUST07080,2025-05-06,COD,Delivered
ORD012224,CUST02069,2025-01-13,UPI,Delivered
ORD012225,CUST03765,2025-09-13,Net Banking,Delivered
ORD012226,CUST01710,2025-08-11,UPI,Delivered
ORD012227,CUST01161,2025-03-21,UPI,Cancelled
ORD012228,CUST00023,2025-05-23,COD,Delivered
ORD012229,CUST10381,2025-10-10,Credit Card,Pending
ORD012230,CUST11302,2026-03-04,COD,Pending
ORD012231,CUST03234,2026-03-25,Credit Card,Delivered
ORD012232,CUST04318,2026-06-30,Debit Card,Delivered
ORD012233,CUST06887,2024-08-21,Net Banking,Delivered
ORD012234,CUST07578,2024-06-13,Credit Card,Delivered
ORD012235,CUST01952,2024-04-16,Debit Card,Delivered
ORD012236,CUST10260,2025-03-29,Net Banking,Delivered
ORD012237,CUST07726,2024-09-23,Credit Card,Returned
ORD012238,CUST07270,2026-06-16,UPI,Returned
ORD012239,CUST07049,2025-09-26,Net Banking,Pending
ORD012240,CUST07655,2025-08-17,Net Banking,Delivered
ORD012241,CUST05427,2026-03-01,COD,Delivered
ORD012242,CUST03129,2024-06-23,Net Banking,Delivered
ORD012243,CUST10157,2026-04-09,COD,Delivered
ORD012244,CUST02726,2024-11-27,Debit Card,Delivered
ORD012245,CUST08004,2025-07-04,Net Banking,Delivered
ORD012246,CUST05260,2025-01-24,Credit Card,Pending
ORD012247,CUST10357,2025-02-23,Net Banking,Delivered
ORD012248,CUST05258,2025-03-21,Net Banking,Delivered
ORD012249,CUST04417,2024-11-11,Credit Card,Delivered
ORD012250,CUST02316,2025-09-13,Net Banking,Cancelled
ORD012251,CUST08628,2024-11-30,COD,Delivered
ORD012252,CUST06910,2026-03-14,Credit Card,Delivered
ORD012253,CUST01075,2025-08-11,UPI,Delivered
ORD012254,CUST00982,2024-11-23,Net Banking,Delivered
ORD012255,CUST10560,2024-12-09,Net Banking,Delivered
ORD012256,CUST05725,2024-06-07,COD,Delivered
ORD012257,CUST11795,2025-11-10,Credit Card,Delivered
ORD012258,CUST08924,2024-02-29,Net Banking,Delivered
ORD012259,CUST01362,2025-01-31,COD,Delivered
ORD012260,CUST00745,2026-05-10,UPI,Delivered
ORD012261,CUST06168,2025-04-24,UPI,Delivered
ORD012262,CUST03354,2026-01-16,COD,Delivered
ORD012263,CUST04971,2025-07-02,Credit Card,Delivered
ORD012264,CUST04816,2024-09-07,Net Banking,Returned
ORD012265,CUST11764,2024-03-01,COD,Delivered
ORD012266,CUST06402,2025-10-19,COD,Delivered
ORD012267,CUST10417,2025-02-05,COD,Delivered
ORD012268,CUST09646,2026-07-18,Debit Card,Delivered
ORD012269,CUST05613,2024-11-05,UPI,Cancelled
ORD012270,CUST10835,2025-01-12,Debit Card,Delivered
ORD012271,CUST10039,2024-10-13,COD,Cancelled
ORD012272,CUST09958,2025-08-13,UPI,Pending
ORD012273,CUST04364,2025-11-07,Net Banking,Delivered
ORD012274,CUST04813,2024-12-05,Net Banking,Delivered
ORD012275,CUST00447,2026-05-09,Debit Card,Delivered
ORD012276,CUST02723,2025-08-02,Debit Card,Delivered
ORD012277,CUST08432,2026-08-25,UPI,Cancelled
ORD012278,CUST00117,2026-08-11,Net Banking,Delivered
ORD012279,CUST11850,2026-06-14,Debit Card,Delivered
ORD012280,CUST02314,2024-07-28,COD,Returned
ORD012281,CUST07474,2024-12-17,COD,Delivered
ORD012282,CUST07587,2026-08-06,Debit Card,Delivered
ORD012283,CUST02029,2025-08-21,Credit Card,Delivered
ORD012284,CUST04752,2024-03-02,Debit Card,Delivered
ORD012285,CUST02040,2024-03-19,Credit Card,Delivered
ORD012286,CUST03645,2026-01-17,Net Banking,Cancelled
ORD012287,CUST00587,2024-09-19,Debit Card,Delivered
ORD012288,CUST07185,2026-05-29,Net Banking,Delivered
ORD012289,CUST10073,2024-06-07,Debit Card,Delivered
ORD012290,CUST06156,2024-09-11,Debit Card,Delivered
ORD012291,CUST07027,2026-05-13,COD,Delivered
ORD012292,CUST02633,2024-02-09,COD,Delivered
ORD012293,CUST02131,2025-08-12,Credit Card,Delivered
ORD012294,CUST07827,2024-12-04,Net Banking,Delivered
ORD012295,CUST04479,2025-11-20,UPI,Returned
ORD012296,CUST07755,2024-03-20,Credit Card,Returned
ORD012297,CUST00984,2026-06-23,Debit Card,Delivered
ORD012298,CUST00513,2024-07-11,Debit Card,Delivered
ORD012299,CUST09781,2024-01-25,COD,Delivered
ORD012300,CUST11773,2025-10-09,Credit Card,Pending
ORD012301,CUST10412,2024-10-21,Debit Card,Delivered
ORD012302,CUST04587,2024-06-08,Net Banking,Cancelled
ORD012303,CUST07627,2026-02-14,UPI,Delivered
ORD012304,CUST03080,2025-10-14,UPI,Delivered
ORD012305,CUST02193,2025-12-07,Net Banking,Returned
ORD012306,CUST01734,2024-07-12,Credit Card,Delivered
ORD012307,CUST05883,2026-05-26,Credit Card,Delivered
ORD012308,CUST07303,2026-07-12,UPI,Delivered
ORD012309,CUST06975,2025-05-30,UPI,Delivered
ORD012310,CUST11103,2024-10-05,Net Banking,Delivered
ORD012311,CUST01445,2024-10-16,UPI,Returned
ORD012312,CUST02116,2026-08-08,Net Banking,Delivered
ORD012313,CUST09470,2026-04-18,Net Banking,Delivered
ORD012314,CUST02823,2025-08-28,COD,Delivered
ORD012315,CUST01380,2024-07-04,COD,Delivered
ORD012316,CUST01763,2024-11-24,Debit Card,Delivered
ORD012317,CUST04878,2024-10-01,Net Banking,Delivered
ORD012318,CUST08442,2025-10-10,Net Banking,Returned
ORD012319,CUST09077,2025-06-18,Debit Card,Delivered
ORD012320,CUST03913,2025-12-15,COD,Returned
ORD012321,CUST05387,2025-06-08,Net Banking,Returned
ORD012322,CUST04480,2025-04-21,Credit Card,Delivered
ORD012323,CUST09481,2026-07-15,UPI,Delivered
ORD012324,CUST00537,2024-11-23,UPI,Cancelled
ORD012325,CUST01640,2024-12-31,Debit Card,Returned
ORD012326,CUST10810,2026-02-25,COD,Delivered
ORD012327,CUST02072,2024-01-05,UPI,Cancelled
ORD012328,CUST03656,2025-04-19,Debit Card,Delivered
ORD012329,CUST11636,2025-02-26,Debit Card,Delivered
ORD012330,CUST11869,2025-01-10,COD,Delivered
ORD012331,CUST03199,2026-06-28,COD,Delivered
ORD012332,CUST05294,2024-05-29,Credit Card,Delivered
ORD012333,CUST02066,2025-02-09,Debit Card,Returned
ORD012334,CUST05571,2026-02-11,Debit Card,Delivered
ORD012335,CUST05743,2025-03-21,Credit Card,Pending
ORD012336,CUST00474,2025-03-11,Net Banking,Delivered
ORD012337,CUST05627,2026-04-27,COD,Delivered
ORD012338,CUST04006,2025-02-26,Credit Card,Delivered
ORD012339,CUST02044,2026-03-04,UPI,Delivered
ORD012340,CUST07919,2024-04-26,Debit Card,Delivered
ORD012341,CUST06894,2025-08-14,Debit Card,Delivered
ORD012342,CUST05931,2024-05-04,COD,Delivered
ORD012343,CUST04320,2025-03-15,Net Banking,Delivered
ORD012344,CUST06344,2025-01-30,Net Banking,Delivered
ORD012345,CUST00133,2026-03-27,COD,Cancelled
ORD012346,CUST02896,2025-10-13,COD,Delivered
ORD012347,CUST00231,2024-12-17,Net Banking,Delivered
ORD012348,CUST00705,2025-01-23,COD,Delivered
ORD012349,CUST09093,2025-09-03,Net Banking,Delivered
ORD012350,CUST09539,2025-08-26,Credit Card,Delivered
ORD012351,CUST10221,2025-05-16,Debit Card,Delivered
ORD012352,CUST10577,2025-09-27,COD,Delivered
ORD012353,CUST09185,2026-01-28,UPI,Delivered
ORD012354,CUST10116,2025-03-10,UPI,Delivered
ORD012355,CUST09651,2024-08-23,UPI,Delivered
ORD012356,CUST09970,2025-05-30,Net Banking,Delivered
ORD012357,CUST08875,2024-12-24,Credit Card,Delivered
ORD012358,CUST09723,2026-05-20,Credit Card,Delivered
ORD012359,CUST02851,2025-08-27,COD,Delivered
ORD012360,CUST00825,2026-03-03,Credit Card,Cancelled
ORD012361,CUST01845,2026-01-08,UPI,Delivered
ORD012362,CUST02846,2025-10-25,Credit Card,Delivered
ORD012363,CUST04475,2024-07-02,COD,Delivered
ORD012364,CUST00764,2024-10-01,Debit Card,Delivered
ORD012365,CUST02769,2026-03-01,UPI,Delivered
ORD012366,CUST06349,2026-05-12,Net Banking,Delivered
ORD012367,CUST04454,2025-08-17,UPI,Delivered
ORD012368,CUST02297,2025-08-30,COD,Delivered
ORD012369,CUST11143,2024-07-23,UPI,Delivered
ORD012370,CUST05001,2024-02-15,Credit Card,Cancelled
ORD012371,CUST01173,2025-10-19,COD,Pending
ORD012372,CUST11749,2024-07-07,COD,Returned
ORD012373,CUST06757,2025-08-05,Debit Card,Cancelled
ORD012374,CUST02991,2024-02-14,UPI,Delivered
ORD012375,CUST06655,2025-12-28,UPI,Cancelled
ORD012376,CUST08970,2025-09-24,UPI,Delivered
ORD012377,CUST07966,2025-03-05,COD,Delivered
ORD012378,CUST08926,2024-01-17,Credit Card,Delivered
ORD012379,CUST11241,2025-02-02,Debit Card,Delivered
ORD012380,CUST11667,2024-11-24,Debit Card,Delivered
ORD012381,CUST11431,2026-03-12,Net Banking,Delivered
ORD012382,CUST05979,2025-09-02,Debit Card,Delivered
ORD012383,CUST05891,2026-06-22,UPI,Delivered
ORD012384,CUST03683,2024-02-19,Net Banking,Delivered
ORD012385,CUST06708,2025-01-09,Net Banking,Delivered
ORD012386,CUST09596,2025-10-12,Credit Card,Delivered
ORD012387,CUST07378,2026-05-05,Debit Card,Delivered
ORD012388,CUST08024,2025-11-12,Debit Card,Delivered
ORD012389,CUST08657,2025-08-28,UPI,Delivered
ORD012390,CUST08954,2024-07-31,Credit Card,Returned
ORD012391,CUST04753,2026-07-27,COD,Pending
ORD012392,CUST07476,2024-02-04,COD,Delivered
ORD012393,CUST01713,2024-02-28,COD,Pending
ORD012394,CUST06995,2025-10-13,Net Banking,Pending
ORD012395,CUST02119,2026-08-26,COD,Delivered
ORD012396,CUST01916,2025-06-07,UPI,Delivered
ORD012397,CUST01314,2025-06-23,COD,Delivered
ORD012398,CUST09886,2026-01-02,Debit Card,Delivered
ORD012399,CUST02666,2025-11-16,Credit Card,Cancelled
ORD012400,CUST09727,2026-05-26,Credit Card,Delivered
ORD012401,CUST00541,2026-03-18,Debit Card,Delivered
ORD012402,CUST03248,2026-05-16,Credit Card,Delivered
ORD012403,CUST00392,2026-03-07,Credit Card,Delivered
ORD012404,CUST10332,2025-01-10,Debit Card,Delivered
ORD012405,CUST10827,2024-05-07,UPI,Delivered
ORD012406,CUST00338,2025-05-13,Net Banking,Delivered
ORD012407,CUST06202,2026-08-23,COD,Delivered
ORD012408,CUST10301,2025-10-17,Debit Card,Delivered
ORD012409,CUST10664,2026-02-06,Debit Card,Delivered
ORD012410,CUST07776,2026-03-24,Credit Card,Delivered
ORD012411,CUST08465,2024-08-07,COD,Delivered
ORD012412,CUST07505,2024-07-11,Net Banking,Delivered
ORD012413,CUST03599,2026-03-07,Net Banking,Delivered
ORD012414,CUST06868,2024-02-21,Debit Card,Delivered
ORD012415,CUST09575,2025-07-05,UPI,Delivered
ORD012416,CUST07051,2025-06-01,UPI,Delivered
ORD012417,CUST09555,2026-03-05,Debit Card,Delivered
ORD012418,CUST04960,2024-06-13,UPI,Delivered
ORD012419,CUST02886,2026-07-06,COD,Delivered
ORD012420,CUST03561,2024-09-19,UPI,Delivered
ORD012421,CUST06521,2025-01-19,COD,Delivered
ORD012422,CUST05808,2025-08-11,UPI,Delivered
ORD012423,CUST07437,2024-06-24,Net Banking,Pending
ORD012424,CUST11895,2025-03-10,Debit Card,Delivered
ORD012425,CUST06298,2024-08-23,COD,Delivered
ORD012426,CUST04378,2024-05-21,Net Banking,Delivered
ORD012427,CUST09614,2024-11-30,Debit Card,Delivered
ORD012428,CUST11510,2026-02-05,Net Banking,Delivered
ORD012429,CUST10153,2026-06-26,COD,Delivered
ORD012430,CUST03206,2025-11-19,UPI,Delivered
ORD012431,CUST01251,2025-02-28,Debit Card,Delivered
ORD012432,CUST07464,2025-12-08,Net Banking,Delivered
ORD012433,CUST10212,2024-08-29,UPI,Delivered
ORD012434,CUST01164,2026-01-17,Credit Card,Returned
ORD012435,CUST08191,2024-04-16,COD,Delivered
ORD012436,CUST02040,2025-12-25,COD,Delivered
ORD012437,CUST07377,2026-06-16,UPI,Delivered
ORD012438,CUST07250,2026-06-05,UPI,Delivered
ORD012439,CUST01784,2025-08-19,Debit Card,Delivered
ORD012440,CUST09571,2025-03-21,Net Banking,Delivered
ORD012441,CUST04745,2024-11-08,Credit Card,Cancelled
ORD012442,CUST09147,2024-05-21,Debit Card,Delivered
ORD012443,CUST10604,2026-07-28,Debit Card,Cancelled
ORD012444,CUST03494,2026-04-13,Credit Card,Pending
ORD012445,CUST06123,2024-03-15,COD,Delivered
ORD012446,CUST11270,2025-11-07,Debit Card,Delivered
ORD012447,CUST05978,2025-08-12,COD,Delivered
ORD012448,CUST06737,2025-03-06,Net Banking,Returned
ORD012449,CUST04952,2024-07-07,UPI,Pending
ORD012450,CUST07648,2024-12-05,Net Banking,Delivered
ORD012451,CUST03899,2024-08-14,UPI,Pending
ORD012452,CUST06035,2024-10-09,Debit Card,Delivered
ORD012453,CUST06811,2025-11-19,UPI,Delivered
ORD012454,CUST05401,2025-03-19,Credit Card,Delivered
ORD012455,CUST03797,2025-03-29,Credit Card,Delivered
ORD012456,CUST10946,2025-08-05,Net Banking,Delivered
ORD012457,CUST01364,2025-03-04,Credit Card,Cancelled
ORD012458,CUST07575,2024-09-13,Net Banking,Cancelled
ORD012459,CUST11132,2026-02-19,COD,Delivered
ORD012460,CUST07743,2024-10-20,COD,Delivered
ORD012461,CUST10977,2025-02-04,Net Banking,Delivered
ORD012462,CUST00392,2024-12-21,Net Banking,Delivered
ORD012463,CUST10104,2025-02-25,Net Banking,Delivered
ORD012464,CUST04197,2024-05-08,UPI,Delivered
ORD012465,CUST07134,2026-06-15,Credit Card,Delivered
ORD012466,CUST01855,2025-08-17,UPI,Pending
ORD012467,CUST03487,2025-05-16,UPI,Delivered
ORD012468,CUST06249,2026-06-01,UPI,Delivered
ORD012469,CUST08402,2025-10-31,COD,Delivered
ORD012470,CUST08794,2025-04-05,COD,Returned
ORD012471,CUST05464,2024-01-07,UPI,Delivered
ORD012472,CUST10291,2024-12-28,Debit Card,Returned
ORD012473,CUST10169,2025-10-21,UPI,Delivered
ORD012474,CUST02949,2024-02-13,Debit Card,Delivered
ORD012475,CUST04597,2026-08-26,Debit Card,Delivered
ORD012476,CUST06859,2025-06-08,Credit Card,Returned
ORD012477,CUST06708,2026-03-17,Net Banking,Delivered
ORD012478,CUST09921,2025-06-15,UPI,Delivered
ORD012479,CUST03212,2024-01-05,UPI,Pending
ORD012480,CUST05015,2024-04-21,UPI,Delivered
ORD012481,CUST00308,2025-07-17,Net Banking,Returned
ORD012482,CUST02924,2026-05-31,Debit Card,Delivered
ORD012483,CUST08665,2025-02-12,UPI,Delivered
ORD012484,CUST01471,2026-06-26,UPI,Delivered
ORD012485,CUST00076,2025-03-15,Net Banking,Delivered
ORD012486,CUST00643,2025-04-14,COD,Delivered
ORD012487,CUST10392,2025-01-19,Net Banking,Delivered
ORD012488,CUST05850,2025-08-06,Net Banking,Delivered
ORD012489,CUST02639,2025-04-28,COD,Delivered
ORD012490,CUST07007,2024-06-25,Credit Card,Returned
ORD012491,CUST02539,2026-08-20,Net Banking,Delivered
ORD012492,CUST10154,2025-06-17,Net Banking,Delivered
ORD012493,CUST08444,2025-01-04,UPI,Delivered
ORD012494,CUST09941,2025-04-13,Debit Card,Delivered
ORD012495,CUST08567,2025-08-19,Debit Card,Returned
ORD012496,CUST03413,2025-06-26,Net Banking,Delivered
ORD012497,CUST05239,2026-06-15,Debit Card,Delivered
ORD012498,CUST09200,2026-01-14,UPI,Delivered
ORD012499,CUST00153,2026-07-11,Net Banking,Delivered
ORD012500,CUST09740,2026-02-08,Net Banking,Delivered
ORD012501,CUST07890,2025-01-11,Net Banking,Pending
ORD012502,CUST03146,2024-12-14,UPI,Delivered
ORD012503,CUST08902,2025-05-20,Debit Card,Returned
ORD012504,CUST07865,2025-05-08,Net Banking,Pending
ORD012505,CUST01181,2026-06-15,COD,Cancelled
ORD012506,CUST01245,2024-10-24,Net Banking,Delivered
ORD012507,CUST00174,2025-01-26,Debit Card,Delivered
ORD012508,CUST07689,2024-10-17,Credit Card,Cancelled
ORD012509,CUST04860,2025-09-12,Credit Card,Delivered
ORD012510,CUST06688,2025-06-30,Credit Card,Delivered
ORD012511,CUST02544,2026-06-21,COD,Delivered
ORD012512,CUST03213,2026-03-01,Credit Card,Returned
ORD012513,CUST05998,2025-06-18,UPI,Delivered
ORD012514,CUST00181,2026-01-16,UPI,Cancelled
ORD012515,CUST06987,2024-10-28,Credit Card,Delivered
ORD012516,CUST10550,2026-02-25,Credit Card,Delivered
ORD012517,CUST02428,2024-03-19,Debit Card,Delivered
ORD012518,CUST06132,2025-08-06,UPI,Delivered
ORD012519,CUST05492,2025-08-31,Debit Card,Delivered
ORD012520,CUST03485,2025-04-27,Debit Card,Returned
ORD012521,CUST06835,2026-01-13,Credit Card,Delivered
ORD012522,CUST06604,2024-01-13,Debit Card,Delivered
ORD012523,CUST05297,2025-03-09,Credit Card,Delivered
ORD012524,CUST09055,2025-02-18,Credit Card,Delivered
ORD012525,CUST08662,2025-12-11,Net Banking,Cancelled
ORD012526,CUST07147,2026-05-01,UPI,Delivered
ORD012527,CUST01804,2025-09-30,COD,Delivered
ORD012528,CUST01827,2026-07-22,UPI,Delivered
ORD012529,CUST06513,2024-11-08,COD,Delivered
ORD012530,CUST06630,2026-02-14,Net Banking,Delivered
ORD012531,CUST04653,2025-09-03,Net Banking,Delivered
ORD012532,CUST00970,2025-05-17,UPI,Delivered
ORD012533,CUST09460,2025-06-09,Net Banking,Delivered
ORD012534,CUST04223,2024-12-15,Net Banking,Delivered
ORD012535,CUST11054,2024-06-27,Credit Card,Delivered
ORD012536,CUST05232,2025-06-04,Net Banking,Delivered
ORD012537,CUST01466,2025-10-14,Debit Card,Delivered
ORD012538,CUST06415,2025-12-16,Net Banking,Delivered
ORD012539,CUST11578,2024-07-12,COD,Cancelled
ORD012540,CUST00663,2025-07-03,UPI,Delivered
ORD012541,CUST05527,2025-06-16,COD,Delivered
ORD012542,CUST05973,2025-10-30,Credit Card,Cancelled
ORD012543,CUST03994,2025-08-18,Net Banking,Delivered
ORD012544,CUST01261,2026-06-14,Debit Card,Cancelled
ORD012545,CUST04258,2024-06-26,Credit Card,Delivered
ORD012546,CUST01405,2025-12-04,UPI,Delivered
ORD012547,CUST09001,2025-01-18,Net Banking,Returned
ORD012548,CUST03533,2026-02-15,UPI,Returned
ORD012549,CUST09497,2024-09-27,Credit Card,Delivered
ORD012550,CUST07094,2026-08-06,Debit Card,Cancelled
ORD012551,CUST08161,2026-01-06,UPI,Delivered
ORD012552,CUST05261,2024-06-29,Net Banking,Delivered
ORD012553,CUST01078,2026-08-24,COD,Pending
ORD012554,CUST09755,2024-09-15,COD,Delivered
ORD012555,CUST08676,2026-05-04,UPI,Delivered
ORD012556,CUST00171,2024-01-22,Debit Card,Pending
ORD012557,CUST06520,2024-10-21,Credit Card,Delivered
ORD012558,CUST10811,2026-08-30,Net Banking,Delivered
ORD012559,CUST05357,2026-02-15,UPI,Cancelled
ORD012560,CUST01691,2026-07-18,Net Banking,Delivered
ORD012561,CUST09715,2025-06-07,Debit Card,Delivered
ORD012562,CUST03091,2025-06-29,COD,Cancelled
ORD012563,CUST04161,2024-10-27,Credit Card,Delivered
ORD012564,CUST02284,2024-12-18,COD,Delivered
ORD012565,CUST00666,2026-02-01,Credit Card,Delivered
ORD012566,CUST00289,2026-03-28,COD,Delivered
ORD012567,CUST10476,2026-05-16,UPI,Delivered
ORD012568,CUST00422,2025-10-29,Debit Card,Delivered
ORD012569,CUST10973,2026-03-17,COD,Returned
ORD012570,CUST01029,2024-09-15,Debit Card,Delivered
ORD012571,CUST05257,2024-06-23,COD,Cancelled
ORD012572,CUST03469,2025-06-07,Net Banking,Delivered
ORD012573,CUST08942,2025-07-08,COD,Delivered
ORD012574,CUST02984,2024-11-28,Credit Card,Delivered
ORD012575,CUST05184,2025-01-10,Net Banking,Cancelled
ORD012576,CUST04800,2025-12-07,UPI,Returned
ORD012577,CUST02589,2025-05-24,UPI,Delivered
ORD012578,CUST11283,2026-02-24,UPI,Delivered
ORD012579,CUST01801,2025-09-14,Debit Card,Delivered
ORD012580,CUST09941,2024-03-30,UPI,Delivered
ORD012581,CUST11777,2026-02-16,COD,Delivered
ORD012582,CUST08952,2025-05-14,Net Banking,Cancelled
ORD012583,CUST00218,2024-09-16,Credit Card,Cancelled
ORD012584,CUST01998,2026-05-18,UPI,Delivered
ORD012585,CUST09767,2024-09-24,Credit Card,Delivered
ORD012586,CUST01757,2024-02-22,Debit Card,Returned
ORD012587,CUST05687,2025-11-21,Debit Card,Cancelled
ORD012588,CUST01784,2024-09-28,Credit Card,Delivered
ORD012589,CUST11755,2024-05-24,COD,Delivered
ORD012590,CUST08500,2025-05-02,Credit Card,Delivered
ORD012591,CUST11719,2026-05-12,Net Banking,Cancelled
ORD012592,CUST03096,2025-02-13,UPI,Delivered
ORD012593,CUST10523,2026-02-08,COD,Delivered
ORD012594,CUST03443,2024-01-29,Credit Card,Delivered
ORD012595,CUST05698,2025-05-22,Net Banking,Delivered
ORD012596,CUST09922,2024-12-15,Credit Card,Delivered
ORD012597,CUST09335,2025-05-10,UPI,Pending
ORD012598,CUST00062,2025-11-17,Debit Card,Returned
ORD012599,CUST09213,2026-06-25,Credit Card,Delivered
ORD012600,CUST09616,2024-12-22,Net Banking,Delivered
ORD012601,CUST08744,2025-11-04,Credit Card,Delivered
ORD012602,CUST07386,2025-05-16,UPI,Delivered
ORD012603,CUST03008,2026-08-24,Net Banking,Delivered
ORD012604,CUST08759,2024-08-18,Debit Card,Delivered
ORD012605,CUST04943,2025-06-24,UPI,Delivered
ORD012606,CUST01008,2024-04-30,Credit Card,Delivered
ORD012607,CUST07257,2024-06-25,COD,Delivered
ORD012608,CUST10714,2025-09-23,Credit Card,Returned
ORD012609,CUST07421,2024-12-12,Debit Card,Delivered
ORD012610,CUST05503,2024-05-23,Credit Card,Returned
ORD012611,CUST01637,2024-12-02,COD,Cancelled
ORD012612,CUST08753,2025-12-15,Debit Card,Delivered
ORD012613,CUST00362,2026-06-28,Debit Card,Returned
ORD012614,CUST02820,2024-09-25,Credit Card,Delivered
ORD012615,CUST07555,2026-07-19,UPI,Returned
ORD012616,CUST03312,2024-02-21,Debit Card,Delivered
ORD012617,CUST01849,2025-06-20,Net Banking,Delivered
ORD012618,CUST05435,2026-01-13,Debit Card,Delivered
ORD012619,CUST02672,2024-08-23,Net Banking,Delivered
ORD012620,CUST09451,2025-01-15,UPI,Delivered
ORD012621,CUST08054,2025-05-05,COD,Returned
ORD012622,CUST06418,2025-03-18,Net Banking,Delivered
ORD012623,CUST09365,2025-04-04,Net Banking,Delivered
ORD012624,CUST02616,2026-01-20,COD,Delivered
ORD012625,CUST08884,2026-06-03,Debit Card,Pending
ORD012626,CUST01918,2024-03-08,Net Banking,Delivered
ORD012627,CUST01928,2026-07-26,Net Banking,Delivered
ORD012628,CUST10104,2026-08-01,COD,Delivered
ORD012629,CUST03142,2026-01-22,Debit Card,Pending
ORD012630,CUST08178,2025-12-31,Credit Card,Returned
ORD012631,CUST01832,2024-04-27,Net Banking,Returned
ORD012632,CUST07508,2025-03-04,UPI,Delivered
ORD012633,CUST07409,2024-03-12,COD,Delivered
ORD012634,CUST07069,2026-01-28,Net Banking,Delivered
ORD012635,CUST02757,2025-08-06,Debit Card,Delivered
ORD012636,CUST04259,2024-10-11,UPI,Delivered
ORD012637,CUST03155,2025-05-29,Credit Card,Returned
ORD012638,CUST05735,2026-02-27,UPI,Delivered
ORD012639,CUST03233,2026-07-15,Net Banking,Delivered
ORD012640,CUST05987,2025-10-14,UPI,Delivered
ORD012641,CUST05994,2024-08-10,Credit Card,Delivered
ORD012642,CUST11878,2025-11-18,Debit Card,Cancelled
ORD012643,CUST04336,2026-05-13,Credit Card,Delivered
ORD012644,CUST01966,2024-10-06,Credit Card,Delivered
ORD012645,CUST09928,2026-02-08,COD,Delivered
ORD012646,CUST00671,2024-08-21,COD,Delivered
ORD012647,CUST03275,2025-05-29,Credit Card,Returned
ORD012648,CUST10052,2025-10-27,UPI,Returned
ORD012649,CUST01221,2024-01-02,UPI,Delivered
ORD012650,CUST09258,2025-06-28,Credit Card,Delivered
ORD012651,CUST06358,2024-02-03,UPI,Delivered
ORD012652,CUST08445,2026-05-07,Debit Card,Delivered
ORD012653,CUST04113,2025-09-01,UPI,Delivered
ORD012654,CUST03732,2024-02-07,UPI,Delivered
ORD012655,CUST04075,2024-05-06,Credit Card,Delivered
ORD012656,CUST08308,2025-12-18,UPI,Delivered
ORD012657,CUST06012,2026-01-04,UPI,Cancelled
ORD012658,CUST01228,2024-05-27,COD,Delivered
ORD012659,CUST00693,2025-10-11,COD,Delivered
ORD012660,CUST00812,2024-06-09,UPI,Delivered
ORD012661,CUST02036,2025-09-25,UPI,Delivered
ORD012662,CUST00151,2024-02-14,Credit Card,Delivered
ORD012663,CUST02294,2025-05-10,Debit Card,Delivered
ORD012664,CUST09274,2024-02-29,COD,Returned
ORD012665,CUST10949,2025-03-25,Net Banking,Delivered
ORD012666,CUST08699,2026-01-19,UPI,Delivered
ORD012667,CUST03768,2025-12-01,Net Banking,Delivered
ORD012668,CUST09308,2025-11-21,Credit Card,Delivered
ORD012669,CUST07781,2024-01-12,Net Banking,Delivered
ORD012670,CUST09822,2025-12-20,Debit Card,Delivered
ORD012671,CUST01965,2024-05-16,Debit Card,Delivered
ORD012672,CUST06045,2024-09-23,Credit Card,Delivered
ORD012673,CUST07566,2024-05-28,COD,Delivered
ORD012674,CUST04142,2025-12-16,UPI,Cancelled
ORD012675,CUST08347,2025-12-08,Net Banking,Delivered
ORD012676,CUST11334,2026-03-04,Credit Card,Cancelled
ORD012677,CUST04607,2026-08-16,Debit Card,Delivered
ORD012678,CUST05546,2024-05-26,Debit Card,Cancelled
ORD012679,CUST00030,2025-05-09,Credit Card,Delivered
ORD012680,CUST00721,2026-02-23,Credit Card,Delivered
ORD012681,CUST09539,2024-09-07,Credit Card,Delivered
ORD012682,CUST11190,2025-11-14,Net Banking,Returned
ORD012683,CUST03288,2024-07-07,Debit Card,Delivered
ORD012684,CUST03804,2024-05-08,Credit Card,Delivered
ORD012685,CUST06179,2024-08-27,UPI,Delivered
ORD012686,CUST02053,2025-01-12,Credit Card,Delivered
ORD012687,CUST11110,2024-07-18,Credit Card,Cancelled
ORD012688,CUST05126,2025-03-17,Net Banking,Cancelled
ORD012689,CUST01271,2024-12-15,COD,Delivered
ORD012690,CUST01117,2024-04-30,Debit Card,Returned
ORD012691,CUST01815,2025-09-18,Credit Card,Delivered
ORD012692,CUST06125,2024-02-10,Net Banking,Pending
ORD012693,CUST04411,2024-05-31,COD,Delivered
ORD012694,CUST10675,2024-06-19,COD,Delivered
ORD012695,CUST03262,2024-12-02,COD,Delivered
ORD012696,CUST08037,2025-01-08,Credit Card,Cancelled
ORD012697,CUST04640,2024-04-03,Credit Card,Returned
ORD012698,CUST06913,2024-04-25,Net Banking,Delivered
ORD012699,CUST02481,2026-01-16,Debit Card,Cancelled
ORD012700,CUST05356,2026-02-15,Net Banking,Delivered
ORD012701,CUST09756,2025-03-25,COD,Delivered
ORD012702,CUST03271,2024-08-05,UPI,Returned
ORD012703,CUST03493,2024-06-08,Debit Card,Delivered
ORD012704,CUST09757,2024-08-06,Net Banking,Delivered
ORD012705,CUST06256,2025-02-28,Debit Card,Delivered
ORD012706,CUST05228,2024-01-11,UPI,Delivered
ORD012707,CUST11795,2026-08-18,COD,Cancelled
ORD012708,CUST04531,2024-04-25,Net Banking,Delivered
ORD012709,CUST07636,2026-01-10,Debit Card,Returned
ORD012710,CUST10511,2024-09-30,Debit Card,Returned
ORD012711,CUST01897,2025-05-16,Credit Card,Delivered
ORD012712,CUST02237,2024-01-08,COD,Delivered
ORD012713,CUST05685,2024-10-09,Net Banking,Delivered
ORD012714,CUST07867,2024-07-28,COD,Delivered
ORD012715,CUST02055,2026-02-15,Credit Card,Cancelled
ORD012716,CUST03539,2025-05-28,UPI,Delivered
ORD012717,CUST11612,2025-08-15,COD,Returned
ORD012718,CUST01100,2026-08-28,Credit Card,Delivered
ORD012719,CUST11875,2024-10-28,UPI,Cancelled
ORD012720,CUST02628,2024-07-16,COD,Delivered
ORD012721,CUST07687,2025-01-23,UPI,Delivered
ORD012722,CUST08923,2025-10-13,Net Banking,Delivered
ORD012723,CUST10691,2025-11-14,Debit Card,Delivered
ORD012724,CUST06284,2025-03-01,UPI,Returned
ORD012725,CUST04563,2026-05-16,Debit Card,Delivered
ORD012726,CUST01844,2025-01-05,Net Banking,Delivered
ORD012727,CUST01233,2025-04-16,UPI,Pending
ORD012728,CUST00082,2024-06-06,Debit Card,Returned
ORD012729,CUST06915,2024-02-21,UPI,Returned
ORD012730,CUST11661,2025-04-09,Credit Card,Delivered
ORD012731,CUST04192,2024-10-29,UPI,Delivered
ORD012732,CUST10611,2025-07-01,UPI,Delivered
ORD012733,CUST09288,2025-08-04,COD,Delivered
ORD012734,CUST05172,2026-03-10,COD,Delivered
ORD012735,CUST04560,2026-01-07,Net Banking,Delivered
ORD012736,CUST11360,2026-03-22,Net Banking,Delivered
ORD012737,CUST05381,2025-02-03,Net Banking,Delivered
ORD012738,CUST09019,2025-08-05,Debit Card,Delivered
ORD012739,CUST01817,2026-05-13,Net Banking,Delivered
ORD012740,CUST02062,2025-10-18,Net Banking,Delivered
ORD012741,CUST00717,2025-11-02,COD,Delivered
ORD012742,CUST00564,2024-01-14,UPI,Returned
ORD012743,CUST02329,2025-02-13,Net Banking,Delivered
ORD012744,CUST11336,2025-04-01,Net Banking,Delivered
ORD012745,CUST11258,2024-05-20,UPI,Delivered
ORD012746,CUST09426,2025-10-01,COD,Delivered
ORD012747,CUST01317,2025-12-29,COD,Delivered
ORD012748,CUST02758,2026-02-18,UPI,Returned
ORD012749,CUST09625,2025-11-15,COD,Pending
ORD012750,CUST01428,2025-10-17,COD,Returned
ORD012751,CUST05689,2025-05-11,Credit Card,Delivered
ORD012752,CUST07349,2026-03-30,Debit Card,Delivered
ORD012753,CUST10358,2025-10-22,UPI,Delivered
ORD012754,CUST02385,2025-06-19,Debit Card,Delivered
ORD012755,CUST08416,2025-07-08,UPI,Returned
ORD012756,CUST08509,2025-09-26,Credit Card,Returned
ORD012757,CUST10725,2025-01-23,UPI,Delivered
ORD012758,CUST08001,2025-09-14,UPI,Delivered
ORD012759,CUST00293,2024-10-15,UPI,Delivered
ORD012760,CUST01535,2025-05-11,Credit Card,Delivered
ORD012761,CUST09744,2024-06-07,COD,Delivered
ORD012762,CUST01392,2025-06-04,Net Banking,Delivered
ORD012763,CUST01021,2024-08-28,Debit Card,Delivered
ORD012764,CUST06148,2024-02-04,Debit Card,Returned
ORD012765,CUST00620,2025-06-03,Debit Card,Delivered
ORD012766,CUST09489,2026-04-22,Net Banking,Delivered
ORD012767,CUST11948,2024-05-24,COD,Delivered
ORD012768,CUST05098,2025-08-14,Credit Card,Delivered
ORD012769,CUST11362,2024-01-20,UPI,Delivered
ORD012770,CUST03754,2025-04-19,UPI,Pending
ORD012771,CUST02658,2024-09-04,COD,Delivered
ORD012772,CUST09873,2024-11-29,Credit Card,Delivered
ORD012773,CUST08869,2024-01-22,UPI,Delivered
ORD012774,CUST05378,2025-03-13,Credit Card,Cancelled
ORD012775,CUST07800,2026-05-30,COD,Delivered
ORD012776,CUST05514,2025-08-05,COD,Delivered
ORD012777,CUST00783,2025-04-03,COD,Returned
ORD012778,CUST08506,2024-07-27,UPI,Delivered
ORD012779,CUST06574,2025-08-11,Credit Card,Delivered
ORD012780,CUST01717,2025-01-05,Debit Card,Cancelled
ORD012781,CUST08446,2024-03-21,Debit Card,Returned
ORD012782,CUST02872,2026-08-28,UPI,Delivered
ORD012783,CUST01699,2024-09-04,Net Banking,Delivered
ORD012784,CUST08356,2025-03-27,Net Banking,Delivered
ORD012785,CUST08165,2025-12-20,COD,Delivered
ORD012786,CUST03402,2024-06-07,Credit Card,Delivered
ORD012787,CUST06649,2024-12-06,Debit Card,Delivered
ORD012788,CUST08541,2024-05-20,COD,Delivered
ORD012789,CUST00930,2024-04-22,UPI,Delivered
ORD012790,CUST04632,2026-02-03,Net Banking,Delivered
ORD012791,CUST02229,2024-01-29,UPI,Delivered
ORD012792,CUST06683,2025-04-07,Credit Card,Delivered
ORD012793,CUST05577,2025-10-11,Credit Card,Delivered
ORD012794,CUST07242,2025-02-20,Credit Card,Delivered
ORD012795,CUST09871,2026-06-29,Net Banking,Delivered
ORD012796,CUST01027,2024-05-02,Net Banking,Delivered
ORD012797,CUST06940,2024-12-28,COD,Delivered
ORD012798,CUST07591,2025-05-21,UPI,Delivered
ORD012799,CUST04638,2025-08-11,Debit Card,Delivered
ORD012800,CUST09785,2025-05-26,Debit Card,Pending
ORD012801,CUST00791,2025-05-22,Debit Card,Delivered
ORD012802,CUST09630,2025-06-30,Net Banking,Delivered
ORD012803,CUST11584,2026-04-01,COD,Delivered
ORD012804,CUST08592,2026-07-05,Credit Card,Delivered
ORD012805,CUST02468,2024-06-06,Credit Card,Delivered
ORD012806,CUST09502,2026-05-29,COD,Delivered
ORD012807,CUST05477,2025-11-16,Net Banking,Returned
ORD012808,CUST01104,2026-01-16,Debit Card,Delivered
ORD012809,CUST04864,2026-03-20,UPI,Delivered
ORD012810,CUST00860,2025-05-07,Net Banking,Delivered
ORD012811,CUST06548,2024-07-17,Debit Card,Delivered
ORD012812,CUST01486,2024-06-25,Credit Card,Delivered
ORD012813,CUST05229,2026-07-08,COD,Delivered
ORD012814,CUST05925,2024-07-26,COD,Delivered
ORD012815,CUST08659,2025-08-03,Debit Card,Cancelled
ORD012816,CUST03281,2024-05-13,Net Banking,Delivered
ORD012817,CUST04286,2026-06-16,Debit Card,Delivered
ORD012818,CUST07105,2026-06-07,Net Banking,Delivered
ORD012819,CUST10366,2025-05-29,Credit Card,Delivered
ORD012820,CUST05725,2024-11-04,COD,Delivered
ORD012821,CUST09688,2025-06-05,Net Banking,Delivered
ORD012822,CUST02131,2025-06-19,Credit Card,Delivered
ORD012823,CUST10283,2024-04-21,UPI,Delivered
ORD012824,CUST06858,2025-02-20,Debit Card,Delivered
ORD012825,CUST09508,2025-05-24,Net Banking,Delivered
ORD012826,CUST10385,2024-12-05,Debit Card,Delivered
ORD012827,CUST01184,2024-10-04,Debit Card,Pending
ORD012828,CUST05427,2026-04-08,COD,Returned
ORD012829,CUST05492,2025-04-24,Debit Card,Cancelled
ORD012830,CUST06587,2024-08-09,UPI,Delivered
ORD012831,CUST00767,2026-04-14,COD,Delivered
ORD012832,CUST10222,2024-09-16,Debit Card,Delivered
ORD012833,CUST06935,2024-06-27,UPI,Delivered
ORD012834,CUST05776,2025-05-30,Net Banking,Delivered
ORD012835,CUST10784,2026-03-17,Credit Card,Returned
ORD012836,CUST03650,2024-01-31,UPI,Delivered
ORD012837,CUST07016,2025-03-16,Net Banking,Delivered
ORD012838,CUST03910,2024-07-19,Net Banking,Delivered
ORD012839,CUST06858,2024-01-30,Net Banking,Delivered
ORD012840,CUST05090,2024-09-01,Credit Card,Delivered
ORD012841,CUST07870,2026-05-10,Debit Card,Delivered
ORD012842,CUST06558,2025-04-17,Debit Card,Delivered
ORD012843,CUST10867,2025-05-14,Debit Card,Delivered
ORD012844,CUST00420,2024-06-15,UPI,Delivered
ORD012845,CUST00262,2025-09-02,Credit Card,Delivered
ORD012846,CUST00903,2024-01-25,COD,Delivered
ORD012847,CUST07227,2024-09-05,Credit Card,Delivered
ORD012848,CUST00915,2025-07-23,COD,Delivered
ORD012849,CUST00050,2024-08-16,Net Banking,Delivered
ORD012850,CUST07922,2024-06-12,Debit Card,Delivered
ORD012851,CUST02010,2025-01-29,COD,Delivered
ORD012852,CUST00632,2025-04-18,Debit Card,Delivered
ORD012853,CUST01574,2025-09-09,Credit Card,Delivered
ORD012854,CUST07911,2024-10-28,Debit Card,Cancelled
ORD012855,CUST07569,2026-05-06,Debit Card,Delivered
ORD012856,CUST08915,2026-02-27,UPI,Delivered
ORD012857,CUST02311,2025-05-11,COD,Delivered
ORD012858,CUST08401,2025-01-20,UPI,Delivered
ORD012859,CUST00889,2024-07-20,Credit Card,Delivered
ORD012860,CUST06451,2026-03-17,Net Banking,Delivered
ORD012861,CUST08295,2024-04-08,Net Banking,Cancelled
ORD012862,CUST07660,2025-02-20,Debit Card,Delivered
ORD012863,CUST10193,2026-01-14,Net Banking,Pending
ORD012864,CUST06753,2024-01-31,UPI,Pending
ORD012865,CUST06923,2025-01-22,Debit Card,Delivered
ORD012866,CUST04448,2026-04-14,Debit Card,Delivered
ORD012867,CUST02140,2025-03-28,COD,Delivered
ORD012868,CUST08063,2025-04-09,Debit Card,Delivered
ORD012869,CUST11293,2026-06-27,Net Banking,Delivered
ORD012870,CUST05136,2026-06-09,COD,Cancelled
ORD012871,CUST08030,2025-07-30,UPI,Delivered
ORD012872,CUST01977,2024-06-21,Net Banking,Returned
ORD012873,CUST11045,2024-06-15,Net Banking,Returned
ORD012874,CUST01869,2026-01-17,Net Banking,Delivered
ORD012875,CUST02066,2025-08-21,UPI,Delivered
ORD012876,CUST08007,2026-05-22,COD,Delivered
ORD012877,CUST01916,2026-01-23,COD,Delivered
ORD012878,CUST08369,2024-08-04,Net Banking,Delivered
ORD012879,CUST03723,2025-05-14,Debit Card,Delivered
ORD012880,CUST08633,2026-08-06,Debit Card,Cancelled
ORD012881,CUST06865,2026-07-15,Net Banking,Delivered
ORD012882,CUST02579,2024-05-20,Debit Card,Delivered
ORD012883,CUST05190,2026-06-15,UPI,Delivered
ORD012884,CUST10868,2025-09-01,COD,Delivered
ORD012885,CUST07122,2024-06-05,UPI,Returned
ORD012886,CUST02869,2026-04-08,Net Banking,Delivered
ORD012887,CUST08714,2024-12-16,Debit Card,Delivered
ORD012888,CUST01281,2025-08-06,Net Banking,Delivered
ORD012889,CUST05377,2025-01-20,UPI,Delivered
ORD012890,CUST06703,2026-02-18,COD,Delivered
ORD012891,CUST03302,2026-04-03,Credit Card,Returned
ORD012892,CUST02715,2026-01-06,Net Banking,Delivered
ORD012893,CUST07386,2026-05-11,Net Banking,Delivered
ORD012894,CUST10855,2026-03-19,Net Banking,Delivered
ORD012895,CUST05002,2025-09-24,Net Banking,Returned
ORD012896,CUST11428,2025-02-14,COD,Delivered
ORD012897,CUST06062,2025-04-17,COD,Delivered
ORD012898,CUST06536,2025-02-25,UPI,Delivered
ORD012899,CUST09185,2025-01-04,Credit Card,Delivered
ORD012900,CUST09150,2025-04-25,Net Banking,Delivered
ORD012901,CUST09117,2025-03-11,UPI,Delivered
ORD012902,CUST08245,2024-12-01,COD,Delivered
ORD012903,CUST03042,2026-02-01,Debit Card,Delivered
ORD012904,CUST07643,2024-06-08,COD,Delivered
ORD012905,CUST06131,2025-04-16,COD,Delivered
ORD012906,CUST01585,2025-01-20,Debit Card,Delivered
ORD012907,CUST07792,2026-04-13,Debit Card,Delivered
ORD012908,CUST03269,2024-05-27,UPI,Delivered
ORD012909,CUST08874,2024-02-26,Credit Card,Returned
ORD012910,CUST08822,2024-03-02,Credit Card,Delivered
ORD012911,CUST03147,2025-08-20,COD,Delivered
ORD012912,CUST01857,2025-05-01,Debit Card,Cancelled
ORD012913,CUST04301,2025-05-26,COD,Delivered
ORD012914,CUST05716,2025-11-18,Credit Card,Delivered
ORD012915,CUST02594,2024-07-29,Credit Card,Cancelled
ORD012916,CUST05473,2025-10-08,Net Banking,Delivered
ORD012917,CUST02574,2024-03-07,Credit Card,Delivered
ORD012918,CUST11189,2026-03-28,Net Banking,Delivered
ORD012919,CUST09548,2026-02-02,COD,Delivered
ORD012920,CUST02817,2026-03-12,UPI,Cancelled
ORD012921,CUST00776,2024-04-14,Credit Card,Pending
ORD012922,CUST04498,2026-05-04,Net Banking,Delivered
ORD012923,CUST10111,2024-03-09,UPI,Delivered
ORD012924,CUST04736,2024-12-28,UPI,Delivered
ORD012925,CUST00735,2024-11-18,COD,Delivered
ORD012926,CUST02115,2025-08-22,Debit Card,Delivered
ORD012927,CUST01174,2025-12-31,UPI,Delivered
ORD012928,CUST09429,2024-06-10,COD,Delivered
ORD012929,CUST09765,2025-09-18,Debit Card,Pending
ORD012930,CUST09717,2024-10-25,UPI,Delivered
ORD012931,CUST10873,2025-06-16,COD,Delivered
ORD012932,CUST10466,2025-06-07,COD,Pending
ORD012933,CUST06947,2024-02-01,Net Banking,Delivered
ORD012934,CUST09599,2025-11-17,COD,Delivered
ORD012935,CUST05668,2025-01-03,UPI,Delivered
ORD012936,CUST10429,2025-04-14,UPI,Delivered
ORD012937,CUST01242,2024-12-19,Credit Card,Delivered
ORD012938,CUST03841,2025-08-21,UPI,Delivered
ORD012939,CUST05296,2024-11-06,Debit Card,Delivered
ORD012940,CUST10451,2025-03-24,Credit Card,Delivered
ORD012941,CUST05850,2026-04-15,COD,Delivered
ORD012942,CUST02536,2026-02-23,Credit Card,Returned
ORD012943,CUST09186,2026-03-04,Debit Card,Delivered
ORD012944,CUST08539,2026-05-12,Credit Card,Delivered
ORD012945,CUST10563,2024-12-24,Debit Card,Delivered
ORD012946,CUST04590,2026-05-18,COD,Delivered
ORD012947,CUST09703,2026-05-21,Credit Card,Delivered
ORD012948,CUST06221,2024-06-09,UPI,Returned
ORD012949,CUST01959,2024-07-10,UPI,Delivered
ORD012950,CUST09168,2025-04-20,Debit Card,Returned
ORD012951,CUST02051,2024-05-17,Debit Card,Delivered
ORD012952,CUST02586,2026-05-17,Debit Card,Pending
ORD012953,CUST07621,2026-07-30,COD,Cancelled
ORD012954,CUST00003,2025-05-25,Debit Card,Returned
ORD012955,CUST05944,2026-08-26,UPI,Cancelled
ORD012956,CUST02844,2025-04-18,UPI,Delivered
ORD012957,CUST02287,2025-05-11,Debit Card,Cancelled
ORD012958,CUST01268,2024-04-19,Net Banking,Delivered
ORD012959,CUST02475,2024-02-20,Debit Card,Delivered
ORD012960,CUST08734,2026-03-12,Net Banking,Delivered
ORD012961,CUST01426,2026-06-28,Credit Card,Delivered
ORD012962,CUST05637,2025-11-11,Credit Card,Delivered
ORD012963,CUST10861,2025-04-18,UPI,Delivered
ORD012964,CUST11069,2024-12-22,Credit Card,Delivered
ORD012965,CUST10497,2025-04-23,Credit Card,Delivered
ORD012966,CUST10304,2024-10-20,Credit Card,Delivered
ORD012967,CUST00731,2025-07-13,COD,Delivered
ORD012968,CUST08334,2025-03-02,COD,Delivered
ORD012969,CUST02814,2024-01-28,Debit Card,Delivered
ORD012970,CUST05193,2025-01-10,Net Banking,Delivered
ORD012971,CUST00964,2026-07-25,UPI,Delivered
ORD012972,CUST08885,2024-08-23,COD,Delivered
ORD012973,CUST07897,2025-05-02,COD,Cancelled
ORD012974,CUST02463,2026-08-09,UPI,Delivered
ORD012975,CUST11386,2025-01-12,COD,Delivered
ORD012976,CUST03387,2025-08-10,UPI,Delivered
ORD012977,CUST06880,2024-11-16,Debit Card,Delivered
ORD012978,CUST02498,2024-02-29,Debit Card,Delivered
ORD012979,CUST02804,2024-08-12,Credit Card,Cancelled
ORD012980,CUST11826,2026-02-19,UPI,Delivered
ORD012981,CUST01218,2025-03-28,UPI,Returned
ORD012982,CUST00526,2024-02-21,Debit Card,Delivered
ORD012983,CUST07567,2025-09-04,COD,Delivered
ORD012984,CUST00281,2024-12-25,UPI,Delivered
ORD012985,CUST05578,2026-03-21,UPI,Delivered
ORD012986,CUST03420,2026-01-01,COD,Delivered
ORD012987,CUST03824,2024-09-06,Debit Card,Delivered
ORD012988,CUST10760,2025-12-24,UPI,Delivered
ORD012989,CUST01722,2025-02-27,UPI,Cancelled
ORD012990,CUST06522,2024-02-11,COD,Delivered
ORD012991,CUST01784,2025-02-24,Credit Card,Delivered
ORD012992,CUST08693,2025-02-10,COD,Delivered
ORD012993,CUST00084,2024-11-18,COD,Delivered
ORD012994,CUST05162,2024-11-20,Credit Card,Delivered
ORD012995,CUST11533,2024-11-30,UPI,Returned
ORD012996,CUST08226,2025-09-13,Credit Card,Delivered
ORD012997,CUST09390,2024-04-26,Net Banking,Returned
ORD012998,CUST03800,2025-08-03,Credit Card,Cancelled
ORD012999,CUST03445,2024-04-07,Debit Card,Delivered
ORD013000,CUST06967,2024-09-06,UPI,Delivered
ORD013001,CUST04053,2025-05-01,Net Banking,Delivered
ORD013002,CUST10746,2026-06-09,Net Banking,Delivered
ORD013003,CUST04056,2024-07-04,Credit Card,Delivered
ORD013004,CUST05253,2026-01-12,Net Banking,Delivered
ORD013005,CUST03033,2025-05-18,UPI,Delivered
ORD013006,CUST05163,2026-03-24,UPI,Delivered
ORD013007,CUST04200,2026-05-04,COD,Delivered
ORD013008,CUST03758,2025-03-06,COD,Delivered
ORD013009,CUST06305,2026-02-23,Debit Card,Cancelled
ORD013010,CUST09029,2025-01-27,Credit Card,Returned
ORD013011,CUST03855,2026-04-15,Net Banking,Delivered
ORD013012,CUST09770,2026-01-03,COD,Delivered
ORD013013,CUST07055,2026-01-21,UPI,Delivered
ORD013014,CUST06081,2026-08-31,Net Banking,Delivered
ORD013015,CUST06847,2024-10-12,Credit Card,Delivered
ORD013016,CUST03128,2026-05-12,Net Banking,Delivered
ORD013017,CUST10923,2025-07-26,Net Banking,Delivered
ORD013018,CUST11858,2024-07-11,Debit Card,Delivered
ORD013019,CUST10182,2026-08-11,Credit Card,Delivered
ORD013020,CUST06946,2025-02-14,Net Banking,Returned
ORD013021,CUST05314,2024-07-12,UPI,Delivered
ORD013022,CUST07633,2026-03-23,UPI,Delivered
ORD013023,CUST01910,2024-02-09,Debit Card,Delivered
ORD013024,CUST08261,2024-11-12,COD,Delivered
ORD013025,CUST09870,2025-01-11,Credit Card,Delivered
ORD013026,CUST01228,2024-10-23,Net Banking,Delivered
ORD013027,CUST08004,2024-07-20,Debit Card,Delivered
ORD013028,CUST10537,2025-08-22,UPI,Delivered
ORD013029,CUST03259,2025-04-12,Net Banking,Delivered
ORD013030,CUST10290,2024-06-18,UPI,Delivered
ORD013031,CUST04298,2024-07-08,Net Banking,Delivered
ORD013032,CUST00423,2024-04-28,Credit Card,Delivered
ORD013033,CUST07326,2025-08-14,UPI,Delivered
ORD013034,CUST09519,2025-09-08,Debit Card,Delivered
ORD013035,CUST01150,2025-07-03,Debit Card,Delivered
ORD013036,CUST11994,2026-08-13,Debit Card,Delivered
ORD013037,CUST04013,2026-01-17,Debit Card,Delivered
ORD013038,CUST07150,2024-06-25,COD,Pending
ORD013039,CUST08505,2026-01-15,Net Banking,Delivered
ORD013040,CUST07044,2026-01-16,Net Banking,Delivered
ORD013041,CUST07055,2026-01-14,Net Banking,Delivered
ORD013042,CUST00621,2026-07-02,COD,Delivered
ORD013043,CUST00594,2024-12-20,Debit Card,Delivered
ORD013044,CUST11089,2026-01-03,Credit Card,Cancelled
ORD013045,CUST04540,2025-04-29,Debit Card,Returned
ORD013046,CUST00612,2026-02-11,COD,Returned
ORD013047,CUST08819,2024-12-22,Credit Card,Delivered
ORD013048,CUST10140,2025-10-12,COD,Delivered
ORD013049,CUST10528,2024-01-04,UPI,Delivered
ORD013050,CUST10160,2024-12-22,Net Banking,Cancelled
ORD013051,CUST09619,2024-03-01,Net Banking,Delivered
ORD013052,CUST10271,2024-05-03,COD,Delivered
ORD013053,CUST07887,2026-06-01,Credit Card,Delivered
ORD013054,CUST11196,2025-12-15,UPI,Delivered
ORD013055,CUST07724,2025-06-07,UPI,Delivered
ORD013056,CUST10647,2026-03-27,Debit Card,Delivered
ORD013057,CUST00502,2025-09-14,Debit Card,Delivered
ORD013058,CUST09366,2024-10-10,Credit Card,Delivered
ORD013059,CUST01928,2024-09-03,Debit Card,Delivered
ORD013060,CUST09541,2024-08-05,Net Banking,Delivered
ORD013061,CUST03708,2024-10-16,COD,Delivered
ORD013062,CUST03361,2026-08-09,Net Banking,Delivered
ORD013063,CUST08076,2024-07-11,UPI,Delivered
ORD013064,CUST07887,2026-02-12,UPI,Delivered
ORD013065,CUST02876,2026-07-17,COD,Delivered
ORD013066,CUST01578,2025-03-06,Credit Card,Delivered
ORD013067,CUST10189,2024-05-31,UPI,Delivered
ORD013068,CUST04298,2024-02-03,Credit Card,Returned
ORD013069,CUST06716,2024-03-12,Net Banking,Delivered
ORD013070,CUST03434,2024-01-16,Debit Card,Delivered
ORD013071,CUST02425,2024-03-20,COD,Cancelled
ORD013072,CUST06209,2024-09-28,Debit Card,Delivered
ORD013073,CUST00534,2026-06-02,Credit Card,Delivered
ORD013074,CUST10518,2026-06-01,Credit Card,Delivered
ORD013075,CUST07616,2025-04-26,Net Banking,Delivered
ORD013076,CUST03455,2024-03-24,Net Banking,Delivered
ORD013077,CUST05144,2024-05-21,Credit Card,Delivered
ORD013078,CUST11806,2025-09-25,Net Banking,Delivered
ORD013079,CUST11345,2026-04-06,COD,Pending
ORD013080,CUST03873,2025-12-02,UPI,Delivered
ORD013081,CUST06917,2025-12-30,COD,Delivered
ORD013082,CUST01506,2025-03-25,Credit Card,Delivered
ORD013083,CUST10483,2025-02-06,UPI,Cancelled
ORD013084,CUST09534,2025-12-01,Credit Card,Pending
ORD013085,CUST01759,2026-08-19,COD,Delivered
ORD013086,CUST01945,2025-05-12,Credit Card,Pending
ORD013087,CUST05570,2024-10-08,Net Banking,Pending
ORD013088,CUST01556,2024-08-04,Credit Card,Returned
ORD013089,CUST06776,2025-03-08,COD,Returned
ORD013090,CUST01603,2024-10-01,Net Banking,Cancelled
ORD013091,CUST09914,2025-01-14,UPI,Delivered
ORD013092,CUST02554,2025-05-08,COD,Cancelled
ORD013093,CUST04521,2026-06-14,Debit Card,Delivered
ORD013094,CUST08768,2024-10-31,Debit Card,Delivered
ORD013095,CUST00870,2024-08-30,COD,Delivered
ORD013096,CUST01326,2025-12-21,COD,Delivered
ORD013097,CUST06588,2025-06-25,Debit Card,Delivered
ORD013098,CUST02792,2026-08-29,Debit Card,Delivered
ORD013099,CUST09402,2025-07-22,Debit Card,Delivered
ORD013100,CUST04248,2024-03-25,COD,Delivered
ORD013101,CUST06051,2024-10-18,Net Banking,Delivered
ORD013102,CUST03607,2025-11-10,Credit Card,Delivered
ORD013103,CUST10760,2026-03-06,Credit Card,Delivered
ORD013104,CUST03964,2024-04-06,Net Banking,Cancelled
ORD013105,CUST05334,2025-11-16,Credit Card,Returned
ORD013106,CUST03728,2025-04-01,Net Banking,Delivered
ORD013107,CUST08134,2024-07-28,Net Banking,Returned
ORD013108,CUST05607,2025-12-28,Credit Card,Delivered
ORD013109,CUST10173,2025-06-27,Credit Card,Delivered
ORD013110,CUST10093,2024-03-27,Credit Card,Delivered
ORD013111,CUST07866,2025-03-17,UPI,Delivered
ORD013112,CUST10653,2024-11-27,Credit Card,Delivered
ORD013113,CUST03839,2026-01-07,COD,Delivered
ORD013114,CUST09535,2025-10-27,COD,Delivered
ORD013115,CUST09882,2024-11-21,UPI,Delivered
ORD013116,CUST09097,2024-07-15,COD,Delivered
ORD013117,CUST11667,2024-03-27,Credit Card,Cancelled
ORD013118,CUST10055,2024-06-26,UPI,Delivered
ORD013119,CUST04720,2026-05-27,Debit Card,Delivered
ORD013120,CUST00536,2025-08-13,Debit Card,Delivered
ORD013121,CUST00687,2025-06-27,Net Banking,Delivered
ORD013122,CUST03773,2024-07-04,Credit Card,Delivered
ORD013123,CUST06757,2025-07-29,Net Banking,Delivered
ORD013124,CUST08930,2024-11-28,Debit Card,Delivered
ORD013125,CUST01181,2026-06-13,COD,Returned
ORD013126,CUST02914,2024-08-20,UPI,Delivered
ORD013127,CUST00788,2024-06-04,Debit Card,Delivered
ORD013128,CUST00773,2025-01-05,Net Banking,Delivered
ORD013129,CUST08428,2026-05-14,COD,Delivered
ORD013130,CUST04574,2026-08-25,UPI,Delivered
ORD013131,CUST07547,2024-07-26,COD,Delivered
ORD013132,CUST00690,2026-06-05,Debit Card,Delivered
ORD013133,CUST07956,2024-10-21,COD,Delivered
ORD013134,CUST05589,2025-04-24,COD,Delivered
ORD013135,CUST05268,2025-12-20,Net Banking,Delivered
ORD013136,CUST08966,2026-03-23,COD,Cancelled
ORD013137,CUST08343,2024-05-20,UPI,Delivered
ORD013138,CUST09693,2026-07-04,Debit Card,Delivered
ORD013139,CUST10075,2024-02-27,Credit Card,Delivered
ORD013140,CUST03234,2026-07-03,COD,Returned
ORD013141,CUST09819,2024-07-21,Debit Card,Cancelled
ORD013142,CUST09658,2026-05-08,COD,Cancelled
ORD013143,CUST11016,2025-12-20,COD,Delivered
ORD013144,CUST08318,2026-06-23,Net Banking,Returned
ORD013145,CUST04020,2024-11-28,Debit Card,Delivered
ORD013146,CUST04212,2024-05-26,UPI,Delivered
ORD013147,CUST05987,2024-11-06,Credit Card,Delivered
ORD013148,CUST02588,2026-02-01,COD,Returned
ORD013149,CUST03209,2025-01-09,Debit Card,Pending
ORD013150,CUST11252,2026-05-23,Debit Card,Delivered
ORD013151,CUST10427,2024-02-08,COD,Returned
ORD013152,CUST07646,2025-10-18,Credit Card,Delivered
ORD013153,CUST03473,2026-08-15,COD,Returned
ORD013154,CUST05500,2026-04-07,Credit Card,Delivered
ORD013155,CUST04129,2026-03-20,Debit Card,Delivered
ORD013156,CUST06973,2026-06-16,COD,Delivered
ORD013157,CUST05085,2024-02-19,Debit Card,Delivered
ORD013158,CUST10097,2024-03-07,COD,Delivered
ORD013159,CUST06949,2026-07-04,COD,Delivered
ORD013160,CUST02061,2024-01-01,UPI,Delivered
ORD013161,CUST07464,2024-05-12,Net Banking,Delivered
ORD013162,CUST03326,2024-12-18,COD,Delivered
ORD013163,CUST04455,2025-01-16,COD,Delivered
ORD013164,CUST00823,2026-07-23,Debit Card,Delivered
ORD013165,CUST02062,2025-08-21,Credit Card,Delivered
ORD013166,CUST11528,2025-10-19,Debit Card,Cancelled
ORD013167,CUST08352,2024-03-08,Net Banking,Delivered
ORD013168,CUST00907,2026-05-22,COD,Delivered
ORD013169,CUST02787,2024-04-06,Debit Card,Delivered
ORD013170,CUST09893,2025-04-18,Credit Card,Delivered
ORD013171,CUST10906,2026-02-28,Net Banking,Delivered
ORD013172,CUST06942,2026-03-08,Net Banking,Cancelled
ORD013173,CUST04429,2025-08-24,COD,Delivered
ORD013174,CUST01574,2026-02-07,Net Banking,Delivered
ORD013175,CUST11249,2024-03-10,Credit Card,Returned
ORD013176,CUST10344,2025-08-15,Debit Card,Delivered
ORD013177,CUST03251,2026-01-04,Net Banking,Delivered
ORD013178,CUST01342,2024-11-02,UPI,Delivered
ORD013179,CUST04705,2026-04-15,Debit Card,Delivered
ORD013180,CUST02078,2025-08-08,Credit Card,Delivered
ORD013181,CUST04530,2024-07-07,Credit Card,Cancelled
ORD013182,CUST01031,2024-06-24,COD,Delivered
ORD013183,CUST01831,2024-11-04,Net Banking,Delivered
ORD013184,CUST05565,2024-12-24,COD,Delivered
ORD013185,CUST00784,2026-03-12,Net Banking,Delivered
ORD013186,CUST08907,2024-08-01,Debit Card,Delivered
ORD013187,CUST05029,2025-05-14,COD,Delivered
ORD013188,CUST07477,2025-05-25,COD,Returned
ORD013189,CUST08782,2026-05-03,COD,Delivered
ORD013190,CUST02711,2024-05-14,COD,Delivered
ORD013191,CUST05498,2024-02-08,UPI,Delivered
ORD013192,CUST08379,2026-03-15,UPI,Delivered
ORD013193,CUST07519,2024-03-03,COD,Delivered
ORD013194,CUST09244,2025-03-14,Net Banking,Delivered
ORD013195,CUST00490,2024-09-27,COD,Delivered
ORD013196,CUST11205,2025-12-23,UPI,Delivered
ORD013197,CUST07166,2024-03-14,UPI,Delivered
ORD013198,CUST09560,2026-05-18,COD,Delivered
ORD013199,CUST04787,2025-01-18,COD,Delivered
ORD013200,CUST01746,2025-09-04,Net Banking,Delivered
ORD013201,CUST11460,2025-12-02,UPI,Delivered
ORD013202,CUST07881,2025-09-17,COD,Delivered
ORD013203,CUST06259,2024-11-19,Credit Card,Delivered
ORD013204,CUST04899,2024-04-19,COD,Delivered
ORD013205,CUST09355,2026-08-03,UPI,Delivered
ORD013206,CUST11975,2026-07-25,Credit Card,Cancelled
ORD013207,CUST05175,2024-03-01,Credit Card,Returned
ORD013208,CUST08786,2026-03-03,Credit Card,Delivered
ORD013209,CUST02586,2024-06-04,Net Banking,Delivered
ORD013210,CUST00559,2024-08-28,COD,Delivered
ORD013211,CUST08702,2025-05-06,Credit Card,Delivered
ORD013212,CUST03569,2025-12-22,Net Banking,Delivered
ORD013213,CUST03610,2026-01-21,UPI,Returned
ORD013214,CUST00313,2024-10-17,Credit Card,Delivered
ORD013215,CUST07377,2026-04-30,COD,Delivered
ORD013216,CUST03192,2024-08-21,Credit Card,Delivered
ORD013217,CUST11486,2026-01-27,UPI,Delivered
ORD013218,CUST03663,2025-03-12,UPI,Delivered
ORD013219,CUST01968,2024-06-15,Credit Card,Delivered
ORD013220,CUST07209,2024-11-10,COD,Delivered
ORD013221,CUST06133,2024-03-05,Net Banking,Delivered
ORD013222,CUST10241,2025-01-01,Credit Card,Delivered
ORD013223,CUST01792,2025-10-02,UPI,Returned
ORD013224,CUST10665,2024-04-29,Net Banking,Delivered
ORD013225,CUST08024,2026-01-14,COD,Delivered
ORD013226,CUST04050,2026-03-23,Credit Card,Delivered
ORD013227,CUST01610,2024-01-19,UPI,Delivered
ORD013228,CUST04612,2025-11-18,Net Banking,Delivered
ORD013229,CUST05055,2025-03-08,Debit Card,Delivered
ORD013230,CUST10484,2024-07-19,Net Banking,Cancelled
ORD013231,CUST06095,2026-02-20,UPI,Delivered
ORD013232,CUST09738,2024-03-07,UPI,Cancelled
ORD013233,CUST09827,2025-10-31,Debit Card,Delivered
ORD013234,CUST08224,2024-08-20,Debit Card,Cancelled
ORD013235,CUST02633,2024-04-25,Debit Card,Delivered
ORD013236,CUST02463,2025-12-05,COD,Delivered
ORD013237,CUST06377,2024-11-20,UPI,Delivered
ORD013238,CUST04495,2025-12-27,Credit Card,Delivered
ORD013239,CUST07346,2024-01-06,COD,Delivered
ORD013240,CUST06659,2024-03-24,UPI,Delivered
ORD013241,CUST00104,2024-02-15,Net Banking,Delivered
ORD013242,CUST06179,2024-02-11,Debit Card,Delivered
ORD013243,CUST00627,2025-12-12,Net Banking,Delivered
ORD013244,CUST06454,2024-07-07,Credit Card,Delivered
ORD013245,CUST11094,2024-01-31,COD,Cancelled
ORD013246,CUST10951,2026-07-10,Net Banking,Delivered
ORD013247,CUST06906,2025-03-17,Credit Card,Delivered
ORD013248,CUST09626,2024-10-15,Net Banking,Delivered
ORD013249,CUST03294,2024-11-03,UPI,Delivered
ORD013250,CUST07522,2026-05-20,Net Banking,Delivered
ORD013251,CUST05923,2024-10-14,Debit Card,Pending
ORD013252,CUST07906,2025-07-19,Debit Card,Returned
ORD013253,CUST06384,2025-10-02,UPI,Delivered
ORD013254,CUST03697,2025-01-23,COD,Cancelled
ORD013255,CUST00379,2025-02-09,Debit Card,Delivered
ORD013256,CUST03216,2026-05-23,Net Banking,Cancelled
ORD013257,CUST04339,2026-06-07,Debit Card,Delivered
ORD013258,CUST10720,2025-10-06,UPI,Delivered
ORD013259,CUST03921,2025-06-03,COD,Delivered
ORD013260,CUST11608,2024-03-10,UPI,Delivered
ORD013261,CUST00069,2026-04-10,Net Banking,Delivered
ORD013262,CUST00716,2025-06-05,Debit Card,Cancelled
ORD013263,CUST02966,2026-01-19,Net Banking,Delivered
ORD013264,CUST03642,2025-12-02,Debit Card,Delivered
ORD013265,CUST10727,2026-03-18,Debit Card,Delivered
ORD013266,CUST06951,2024-04-11,Credit Card,Delivered
ORD013267,CUST01444,2026-01-14,UPI,Delivered
ORD013268,CUST04870,2025-03-06,Credit Card,Delivered
ORD013269,CUST04784,2024-12-01,Net Banking,Delivered
ORD013270,CUST11272,2024-11-07,Net Banking,Delivered
ORD013271,CUST08262,2026-03-06,COD,Delivered
ORD013272,CUST05687,2024-02-25,Debit Card,Delivered
ORD013273,CUST09566,2025-05-23,Credit Card,Returned
ORD013274,CUST06205,2024-01-01,COD,Delivered
ORD013275,CUST03326,2024-08-25,Credit Card,Delivered
ORD013276,CUST02387,2026-03-30,Net Banking,Delivered
ORD013277,CUST07006,2024-07-28,COD,Cancelled
ORD013278,CUST06105,2024-03-02,UPI,Delivered
ORD013279,CUST03978,2026-01-12,COD,Delivered
ORD013280,CUST02352,2024-04-17,Debit Card,Delivered
ORD013281,CUST10094,2024-06-18,Net Banking,Delivered
ORD013282,CUST02667,2024-06-23,UPI,Delivered
ORD013283,CUST07320,2024-04-27,Net Banking,Delivered
ORD013284,CUST05496,2024-12-24,Debit Card,Delivered
ORD013285,CUST06428,2026-03-15,Net Banking,Delivered
ORD013286,CUST11298,2024-05-18,UPI,Delivered
ORD013287,CUST11843,2025-12-07,COD,Cancelled
ORD013288,CUST00282,2025-06-24,COD,Returned
ORD013289,CUST10943,2026-02-10,COD,Delivered
ORD013290,CUST08854,2025-04-23,UPI,Delivered
ORD013291,CUST08672,2025-10-12,COD,Delivered
ORD013292,CUST06763,2025-06-25,Credit Card,Returned
ORD013293,CUST07076,2025-08-13,Credit Card,Delivered
ORD013294,CUST05326,2025-08-13,COD,Delivered
ORD013295,CUST08741,2025-11-28,Debit Card,Delivered
ORD013296,CUST08835,2025-11-02,UPI,Returned
ORD013297,CUST09180,2025-10-30,Debit Card,Delivered
ORD013298,CUST07232,2024-04-22,Net Banking,Delivered
ORD013299,CUST00364,2026-03-21,Debit Card,Delivered
ORD013300,CUST07386,2025-04-20,Debit Card,Delivered
ORD013301,CUST03688,2024-03-25,Debit Card,Delivered
ORD013302,CUST06551,2024-08-17,COD,Cancelled
ORD013303,CUST04066,2025-07-04,Net Banking,Returned
ORD013304,CUST05178,2026-06-25,Net Banking,Delivered
ORD013305,CUST03980,2026-05-13,COD,Delivered
ORD013306,CUST02313,2024-06-03,Credit Card,Returned
ORD013307,CUST09542,2024-10-06,Credit Card,Returned
ORD013308,CUST09362,2026-03-15,Net Banking,Delivered
ORD013309,CUST10305,2026-04-12,UPI,Delivered
ORD013310,CUST06512,2026-03-10,COD,Delivered
ORD013311,CUST00591,2025-07-18,Debit Card,Delivered
ORD013312,CUST05959,2024-05-08,UPI,Returned
ORD013313,CUST07148,2024-04-18,Credit Card,Delivered
ORD013314,CUST11708,2025-11-26,Net Banking,Returned
ORD013315,CUST07305,2026-07-18,Credit Card,Returned
ORD013316,CUST08876,2025-12-22,Net Banking,Delivered
ORD013317,CUST11403,2025-10-30,COD,Delivered
ORD013318,CUST00131,2025-06-01,Net Banking,Delivered
ORD013319,CUST11013,2024-07-03,UPI,Delivered
ORD013320,CUST03744,2025-08-29,UPI,Delivered
ORD013321,CUST10902,2024-01-14,UPI,Delivered
ORD013322,CUST06966,2026-08-28,UPI,Delivered
ORD013323,CUST01973,2024-03-09,Debit Card,Delivered
ORD013324,CUST06578,2025-12-02,Credit Card,Delivered
ORD013325,CUST02155,2025-08-20,COD,Pending
ORD013326,CUST02074,2025-07-16,COD,Delivered
ORD013327,CUST04009,2025-06-08,COD,Delivered
ORD013328,CUST02687,2026-02-04,Credit Card,Pending
ORD013329,CUST06522,2024-11-27,Net Banking,Delivered
ORD013330,CUST07816,2025-09-08,COD,Delivered
ORD013331,CUST07192,2025-10-05,COD,Delivered
ORD013332,CUST08461,2024-02-07,Debit Card,Delivered
ORD013333,CUST02379,2025-05-24,COD,Delivered
ORD013334,CUST07398,2025-10-05,COD,Delivered
ORD013335,CUST03260,2025-10-31,Net Banking,Delivered
ORD013336,CUST04843,2024-11-05,COD,Delivered
ORD013337,CUST05262,2024-03-05,COD,Cancelled
ORD013338,CUST03118,2025-12-01,Credit Card,Delivered
ORD013339,CUST08435,2026-08-02,Debit Card,Returned
ORD013340,CUST04869,2025-02-18,Credit Card,Pending
ORD013341,CUST05871,2025-03-01,COD,Delivered
ORD013342,CUST05272,2025-03-09,Debit Card,Delivered
ORD013343,CUST10640,2024-10-05,Net Banking,Delivered
ORD013344,CUST04637,2026-08-31,Credit Card,Returned
ORD013345,CUST02067,2024-08-14,Net Banking,Delivered
ORD013346,CUST06078,2024-07-27,COD,Delivered
ORD013347,CUST03551,2026-04-07,COD,Cancelled
ORD013348,CUST03248,2025-02-19,Debit Card,Delivered
ORD013349,CUST08413,2025-03-15,Net Banking,Cancelled
ORD013350,CUST07726,2024-02-25,COD,Delivered
ORD013351,CUST07761,2024-04-09,Net Banking,Cancelled
ORD013352,CUST00583,2025-08-21,Net Banking,Delivered
ORD013353,CUST07910,2024-10-16,Debit Card,Delivered
ORD013354,CUST04421,2025-05-09,Debit Card,Delivered
ORD013355,CUST11192,2026-01-11,COD,Delivered
ORD013356,CUST06779,2025-11-11,COD,Pending
ORD013357,CUST01441,2024-10-21,Net Banking,Delivered
ORD013358,CUST04119,2024-08-01,Credit Card,Delivered
ORD013359,CUST02427,2026-03-20,COD,Delivered
ORD013360,CUST09826,2026-04-13,Net Banking,Delivered
ORD013361,CUST08381,2025-05-24,Net Banking,Delivered
ORD013362,CUST07812,2025-10-21,UPI,Returned
ORD013363,CUST00642,2024-09-26,UPI,Returned
ORD013364,CUST04794,2024-06-14,Credit Card,Delivered
ORD013365,CUST04937,2026-03-15,Debit Card,Delivered
ORD013366,CUST04124,2026-03-15,Credit Card,Delivered
ORD013367,CUST06817,2025-01-06,Credit Card,Delivered
ORD013368,CUST07447,2024-01-12,COD,Delivered
ORD013369,CUST03668,2025-03-15,Net Banking,Cancelled
ORD013370,CUST06007,2025-01-26,Credit Card,Delivered
ORD013371,CUST02847,2025-04-21,Debit Card,Returned
ORD013372,CUST11312,2026-07-05,Net Banking,Delivered
ORD013373,CUST03630,2025-02-26,COD,Delivered
ORD013374,CUST03455,2026-08-01,UPI,Delivered
ORD013375,CUST01019,2025-10-19,Credit Card,Pending
ORD013376,CUST08749,2025-09-15,Net Banking,Delivered
ORD013377,CUST07775,2025-07-28,UPI,Delivered
ORD013378,CUST10547,2025-12-23,COD,Pending
ORD013379,CUST09007,2025-04-02,Debit Card,Delivered
ORD013380,CUST09021,2026-06-23,COD,Delivered
ORD013381,CUST05298,2026-05-04,Debit Card,Cancelled
ORD013382,CUST08739,2024-01-30,Debit Card,Pending
ORD013383,CUST10127,2024-12-07,Debit Card,Cancelled
ORD013384,CUST03493,2024-11-10,COD,Delivered
ORD013385,CUST09272,2024-02-24,Credit Card,Delivered
ORD013386,CUST01595,2025-04-21,UPI,Delivered
ORD013387,CUST01945,2024-07-16,Net Banking,Delivered
ORD013388,CUST01556,2024-11-01,Credit Card,Cancelled
ORD013389,CUST08880,2026-08-14,Credit Card,Delivered
ORD013390,CUST10326,2025-02-22,Net Banking,Cancelled
ORD013391,CUST02959,2025-02-01,Net Banking,Delivered
ORD013392,CUST08766,2024-07-15,UPI,Delivered
ORD013393,CUST11870,2024-10-28,Credit Card,Delivered
ORD013394,CUST05225,2025-06-30,UPI,Delivered
ORD013395,CUST10449,2024-07-17,Credit Card,Delivered
ORD013396,CUST00911,2024-04-07,Net Banking,Cancelled
ORD013397,CUST09208,2026-05-19,Debit Card,Returned
ORD013398,CUST11327,2026-03-20,UPI,Delivered
ORD013399,CUST05291,2026-08-06,UPI,Delivered
ORD013400,CUST08987,2024-01-19,Debit Card,Delivered
ORD013401,CUST01334,2024-06-21,Credit Card,Delivered
ORD013402,CUST02796,2025-05-18,Debit Card,Cancelled
ORD013403,CUST04263,2024-11-05,Debit Card,Delivered
ORD013404,CUST06137,2025-12-04,COD,Delivered
ORD013405,CUST07892,2025-04-03,Credit Card,Delivered
ORD013406,CUST09216,2026-07-25,Debit Card,Delivered
ORD013407,CUST00163,2025-02-04,Debit Card,Pending
ORD013408,CUST11529,2026-02-17,COD,Delivered
ORD013409,CUST10091,2025-09-30,COD,Delivered
ORD013410,CUST10094,2025-09-12,COD,Returned
ORD013411,CUST02683,2026-05-09,Net Banking,Returned
ORD013412,CUST05182,2025-10-04,UPI,Delivered
ORD013413,CUST03839,2026-06-24,COD,Returned
ORD013414,CUST03178,2026-03-02,Credit Card,Delivered
ORD013415,CUST10052,2026-02-01,Net Banking,Delivered
ORD013416,CUST09360,2026-04-03,UPI,Delivered
ORD013417,CUST04496,2025-01-13,Net Banking,Delivered
ORD013418,CUST11229,2024-10-08,COD,Delivered
ORD013419,CUST03820,2024-11-20,Debit Card,Delivered
ORD013420,CUST08550,2025-10-25,Debit Card,Cancelled
ORD013421,CUST09448,2024-06-20,Net Banking,Delivered
ORD013422,CUST10278,2025-10-27,UPI,Delivered
ORD013423,CUST00679,2026-04-18,UPI,Delivered
ORD013424,CUST00446,2026-04-23,Credit Card,Pending
ORD013425,CUST01641,2025-11-27,COD,Delivered
ORD013426,CUST06160,2026-01-17,Debit Card,Delivered
ORD013427,CUST08246,2024-10-18,UPI,Delivered
ORD013428,CUST07934,2024-01-17,Credit Card,Delivered
ORD013429,CUST04845,2025-12-20,Net Banking,Delivered
ORD013430,CUST03983,2026-02-24,Credit Card,Delivered
ORD013431,CUST08210,2025-08-30,Debit Card,Returned
ORD013432,CUST00772,2024-11-17,COD,Delivered
ORD013433,CUST06693,2025-09-16,Credit Card,Delivered
ORD013434,CUST09512,2024-05-17,Net Banking,Delivered
ORD013435,CUST01599,2025-05-10,Credit Card,Delivered
ORD013436,CUST07236,2026-08-14,Net Banking,Cancelled
ORD013437,CUST07569,2026-03-17,Credit Card,Delivered
ORD013438,CUST03554,2025-02-01,Debit Card,Cancelled
ORD013439,CUST06832,2026-06-02,UPI,Delivered
ORD013440,CUST00019,2024-06-23,COD,Delivered
ORD013441,CUST10151,2025-10-11,Net Banking,Delivered
ORD013442,CUST10987,2026-04-02,Debit Card,Delivered
ORD013443,CUST11713,2024-08-07,Net Banking,Delivered
ORD013444,CUST00309,2024-05-31,UPI,Delivered
ORD013445,CUST10386,2025-09-29,Net Banking,Delivered
ORD013446,CUST02855,2026-01-27,UPI,Returned
ORD013447,CUST06076,2025-07-05,UPI,Delivered
ORD013448,CUST07260,2024-07-09,Net Banking,Delivered
ORD013449,CUST05581,2025-11-04,Debit Card,Delivered
ORD013450,CUST03491,2025-09-27,Credit Card,Delivered
ORD013451,CUST04425,2025-11-19,Debit Card,Delivered
ORD013452,CUST01361,2024-11-14,Debit Card,Delivered
ORD013453,CUST09634,2026-05-22,Debit Card,Delivered
ORD013454,CUST00783,2026-02-15,Net Banking,Delivered
ORD013455,CUST07015,2025-11-17,Credit Card,Delivered
ORD013456,CUST01099,2026-01-02,Credit Card,Delivered
ORD013457,CUST00984,2024-06-21,UPI,Delivered
ORD013458,CUST11349,2024-08-20,Credit Card,Cancelled
ORD013459,CUST08986,2026-07-20,Debit Card,Delivered
ORD013460,CUST02225,2025-10-10,Net Banking,Cancelled
ORD013461,CUST09974,2024-08-20,Credit Card,Cancelled
ORD013462,CUST00772,2026-01-20,UPI,Returned
ORD013463,CUST07313,2025-10-12,Credit Card,Delivered
ORD013464,CUST08781,2024-03-25,Net Banking,Returned
ORD013465,CUST00714,2026-08-30,Debit Card,Delivered
ORD013466,CUST09297,2026-05-30,Credit Card,Delivered
ORD013467,CUST10871,2024-01-24,Net Banking,Cancelled
ORD013468,CUST03179,2026-02-07,UPI,Delivered
ORD013469,CUST02697,2026-01-08,Debit Card,Delivered
ORD013470,CUST07263,2025-04-27,UPI,Delivered
ORD013471,CUST03171,2024-11-12,COD,Delivered
ORD013472,CUST05002,2026-05-02,UPI,Delivered
ORD013473,CUST10929,2024-08-26,UPI,Delivered
ORD013474,CUST00048,2026-08-22,Credit Card,Returned
ORD013475,CUST08591,2026-02-27,Credit Card,Delivered
ORD013476,CUST10285,2024-09-16,UPI,Delivered
ORD013477,CUST01282,2026-01-06,Net Banking,Delivered
ORD013478,CUST06458,2025-09-03,COD,Delivered
ORD013479,CUST04262,2025-07-23,Credit Card,Delivered
ORD013480,CUST03587,2026-08-25,Debit Card,Delivered
ORD013481,CUST05112,2024-08-08,Net Banking,Delivered
ORD013482,CUST08673,2024-09-01,Credit Card,Returned
ORD013483,CUST04977,2025-01-25,Debit Card,Delivered
ORD013484,CUST05592,2025-01-19,Debit Card,Delivered
ORD013485,CUST04795,2025-03-28,UPI,Delivered
ORD013486,CUST10849,2024-03-17,COD,Delivered
ORD013487,CUST10431,2025-03-23,Credit Card,Delivered
ORD013488,CUST11012,2025-05-22,UPI,Delivered
ORD013489,CUST00237,2024-08-05,UPI,Delivered
ORD013490,CUST03773,2024-07-22,COD,Delivered
ORD013491,CUST00817,2026-06-09,Net Banking,Cancelled
ORD013492,CUST01984,2025-10-09,UPI,Delivered
ORD013493,CUST08724,2025-09-20,Net Banking,Cancelled
ORD013494,CUST03925,2024-02-29,COD,Cancelled
ORD013495,CUST08877,2025-05-11,UPI,Delivered
ORD013496,CUST02705,2025-05-25,Credit Card,Delivered
ORD013497,CUST08770,2024-09-10,Net Banking,Delivered
ORD013498,CUST03990,2026-07-18,COD,Delivered
ORD013499,CUST02482,2024-12-07,Debit Card,Delivered
ORD013500,CUST10694,2026-05-31,UPI,Returned
ORD013501,CUST03199,2024-01-09,UPI,Delivered
ORD013502,CUST06135,2025-08-07,UPI,Delivered
ORD013503,CUST04523,2026-06-14,Credit Card,Delivered
ORD013504,CUST05521,2025-03-04,Credit Card,Delivered
ORD013505,CUST05268,2026-04-29,Debit Card,Cancelled
ORD013506,CUST06565,2025-06-12,UPI,Delivered
ORD013507,CUST03663,2025-06-02,COD,Delivered
ORD013508,CUST02330,2024-04-12,Credit Card,Delivered
ORD013509,CUST08512,2026-03-29,Credit Card,Delivered
ORD013510,CUST07583,2025-04-26,Debit Card,Delivered
ORD013511,CUST02974,2026-06-30,COD,Delivered
ORD013512,CUST10609,2025-03-16,Net Banking,Delivered
ORD013513,CUST07590,2026-05-09,Credit Card,Delivered
ORD013514,CUST10861,2024-10-07,COD,Delivered
ORD013515,CUST03708,2026-02-28,Net Banking,Delivered
ORD013516,CUST11861,2025-03-14,Credit Card,Delivered
ORD013517,CUST01520,2026-03-12,Credit Card,Delivered
ORD013518,CUST03170,2026-06-29,COD,Delivered
ORD013519,CUST07540,2026-02-22,Credit Card,Cancelled
ORD013520,CUST09368,2024-09-28,Net Banking,Delivered
ORD013521,CUST03997,2024-10-20,Credit Card,Delivered
ORD013522,CUST05991,2024-12-07,UPI,Delivered
ORD013523,CUST08152,2026-05-10,Net Banking,Delivered
ORD013524,CUST05733,2025-11-02,COD,Delivered
ORD013525,CUST09286,2025-03-02,COD,Delivered
ORD013526,CUST04608,2025-08-22,Credit Card,Delivered
ORD013527,CUST07018,2026-05-22,Net Banking,Cancelled
ORD013528,CUST00415,2024-11-01,COD,Delivered
ORD013529,CUST03476,2025-04-15,UPI,Cancelled
ORD013530,CUST05550,2024-07-03,Debit Card,Delivered
ORD013531,CUST11394,2024-02-07,UPI,Delivered
ORD013532,CUST08809,2024-01-23,UPI,Delivered
ORD013533,CUST10834,2025-08-23,Net Banking,Delivered
ORD013534,CUST08124,2024-02-05,Credit Card,Cancelled
ORD013535,CUST00470,2025-03-09,COD,Cancelled
ORD013536,CUST00809,2025-09-01,Credit Card,Delivered
ORD013537,CUST06629,2026-06-27,Net Banking,Delivered
ORD013538,CUST03570,2026-05-14,Net Banking,Delivered
ORD013539,CUST06476,2025-09-08,COD,Delivered
ORD013540,CUST04241,2024-12-31,UPI,Delivered
ORD013541,CUST00206,2026-06-18,Net Banking,Delivered
ORD013542,CUST05002,2025-09-20,COD,Delivered
ORD013543,CUST06234,2026-03-14,UPI,Delivered
ORD013544,CUST10099,2025-03-22,Debit Card,Delivered
ORD013545,CUST00170,2025-12-24,Debit Card,Delivered
ORD013546,CUST05358,2025-04-21,Net Banking,Returned
ORD013547,CUST10703,2026-06-12,COD,Pending
ORD013548,CUST01424,2024-11-05,Debit Card,Delivered
ORD013549,CUST00420,2024-03-19,Credit Card,Delivered
ORD013550,CUST00397,2025-04-05,Credit Card,Delivered
ORD013551,CUST11451,2024-02-29,COD,Delivered
ORD013552,CUST07432,2025-10-15,Credit Card,Delivered
ORD013553,CUST05353,2025-01-17,Net Banking,Delivered
ORD013554,CUST02357,2025-07-25,Debit Card,Delivered
ORD013555,CUST05765,2024-11-11,Debit Card,Delivered
ORD013556,CUST08496,2025-06-17,COD,Delivered
ORD013557,CUST03834,2025-03-24,UPI,Delivered
ORD013558,CUST08472,2025-07-30,Debit Card,Delivered
ORD013559,CUST04297,2026-07-15,UPI,Delivered
ORD013560,CUST04587,2026-06-05,UPI,Delivered
ORD013561,CUST01995,2025-01-01,COD,Pending
ORD013562,CUST01742,2025-12-05,UPI,Delivered
ORD013563,CUST04394,2024-04-11,UPI,Cancelled
ORD013564,CUST08640,2025-12-28,COD,Delivered
ORD013565,CUST06341,2024-08-18,COD,Delivered
ORD013566,CUST01914,2025-02-09,COD,Returned
ORD013567,CUST11355,2024-05-04,COD,Delivered
ORD013568,CUST02780,2025-04-15,COD,Delivered
ORD013569,CUST08013,2026-08-19,Credit Card,Delivered
ORD013570,CUST06205,2025-05-25,Net Banking,Returned
ORD013571,CUST09043,2024-12-07,Debit Card,Delivered
ORD013572,CUST00072,2025-04-01,COD,Delivered
ORD013573,CUST00452,2024-01-04,UPI,Delivered
ORD013574,CUST03865,2025-01-04,Debit Card,Cancelled
ORD013575,CUST09855,2024-08-04,COD,Delivered
ORD013576,CUST08391,2024-07-25,Credit Card,Returned
ORD013577,CUST06968,2025-04-16,UPI,Returned
ORD013578,CUST04379,2025-09-07,Credit Card,Pending
ORD013579,CUST06120,2024-09-19,Net Banking,Delivered
ORD013580,CUST09367,2025-03-31,Net Banking,Delivered
ORD013581,CUST03112,2025-10-28,COD,Delivered
ORD013582,CUST10233,2025-12-31,Net Banking,Delivered
ORD013583,CUST04154,2026-07-29,COD,Returned
ORD013584,CUST02596,2024-12-20,COD,Delivered
ORD013585,CUST08906,2025-12-01,Net Banking,Delivered
ORD013586,CUST10479,2024-12-23,Net Banking,Delivered
ORD013587,CUST06528,2024-08-09,Credit Card,Delivered
ORD013588,CUST02159,2025-11-09,Credit Card,Delivered
ORD013589,CUST09648,2024-12-14,Credit Card,Delivered
ORD013590,CUST08088,2026-02-04,UPI,Delivered
ORD013591,CUST01749,2024-09-17,UPI,Delivered
ORD013592,CUST07464,2024-12-03,Debit Card,Delivered
ORD013593,CUST06429,2025-04-07,COD,Delivered
ORD013594,CUST02349,2025-08-24,COD,Delivered
ORD013595,CUST03949,2026-04-02,UPI,Delivered
ORD013596,CUST11773,2026-02-01,UPI,Delivered
ORD013597,CUST02594,2026-02-08,COD,Delivered
ORD013598,CUST03162,2026-05-12,Debit Card,Delivered
ORD013599,CUST11764,2026-07-09,Net Banking,Pending
ORD013600,CUST07695,2024-09-09,Debit Card,Delivered
ORD013601,CUST00582,2024-03-29,UPI,Delivered
ORD013602,CUST06994,2024-06-08,UPI,Delivered
ORD013603,CUST09287,2025-03-17,Net Banking,Delivered
ORD013604,CUST10882,2024-10-04,Net Banking,Delivered
ORD013605,CUST02402,2025-11-22,Debit Card,Delivered
ORD013606,CUST00641,2024-07-20,COD,Delivered
ORD013607,CUST06326,2025-03-20,COD,Delivered
ORD013608,CUST00110,2025-04-28,Credit Card,Cancelled
ORD013609,CUST03458,2024-07-22,Debit Card,Delivered
ORD013610,CUST06308,2025-06-16,UPI,Delivered
ORD013611,CUST09756,2025-12-02,Credit Card,Delivered
ORD013612,CUST07383,2024-01-15,Debit Card,Delivered
ORD013613,CUST10343,2025-06-06,COD,Delivered
ORD013614,CUST11429,2025-07-11,Net Banking,Delivered
ORD013615,CUST09787,2024-03-11,UPI,Delivered
ORD013616,CUST07212,2025-04-16,Credit Card,Delivered
ORD013617,CUST05260,2025-01-17,Net Banking,Returned
ORD013618,CUST10489,2025-02-17,UPI,Delivered
ORD013619,CUST02461,2025-02-01,COD,Delivered
ORD013620,CUST09183,2024-09-06,COD,Delivered
ORD013621,CUST09023,2024-02-09,COD,Delivered
ORD013622,CUST07024,2024-08-25,Debit Card,Delivered
ORD013623,CUST01783,2025-01-09,UPI,Cancelled
ORD013624,CUST08162,2026-04-17,Debit Card,Delivered
ORD013625,CUST06993,2026-08-03,COD,Pending
ORD013626,CUST08724,2024-02-15,UPI,Cancelled
ORD013627,CUST09887,2024-03-12,UPI,Delivered
ORD013628,CUST05973,2026-03-14,COD,Delivered
ORD013629,CUST02272,2024-11-07,Debit Card,Delivered
ORD013630,CUST01527,2025-10-13,Credit Card,Cancelled
ORD013631,CUST09175,2026-08-22,COD,Delivered
ORD013632,CUST03627,2025-08-11,COD,Delivered
ORD013633,CUST10749,2024-10-01,Credit Card,Delivered
ORD013634,CUST10289,2025-10-23,Credit Card,Delivered
ORD013635,CUST05483,2024-01-12,UPI,Delivered
ORD013636,CUST00808,2024-10-14,Credit Card,Delivered
ORD013637,CUST00710,2025-05-12,UPI,Returned
ORD013638,CUST10144,2025-07-03,Credit Card,Delivered
ORD013639,CUST11967,2025-03-20,Debit Card,Delivered
ORD013640,CUST03087,2025-07-03,UPI,Delivered
ORD013641,CUST08538,2024-07-27,Debit Card,Delivered
ORD013642,CUST05588,2025-05-24,Credit Card,Delivered
ORD013643,CUST11020,2026-04-27,Debit Card,Delivered
ORD013644,CUST06637,2025-06-07,COD,Delivered
ORD013645,CUST00926,2024-12-22,Credit Card,Cancelled
ORD013646,CUST02909,2024-02-15,UPI,Delivered
ORD013647,CUST06221,2026-04-27,Credit Card,Delivered
ORD013648,CUST10473,2025-08-03,Net Banking,Delivered
ORD013649,CUST01470,2026-08-25,COD,Delivered
ORD013650,CUST10411,2025-08-05,UPI,Delivered
ORD013651,CUST09193,2026-01-30,Credit Card,Cancelled
ORD013652,CUST04369,2024-08-06,COD,Delivered
ORD013653,CUST06039,2024-10-08,UPI,Delivered
ORD013654,CUST01049,2024-03-17,COD,Delivered
ORD013655,CUST04853,2024-08-14,UPI,Delivered
ORD013656,CUST11078,2024-02-15,COD,Delivered
ORD013657,CUST10714,2026-07-01,UPI,Delivered
ORD013658,CUST07481,2025-01-16,UPI,Delivered
ORD013659,CUST03541,2026-06-21,Net Banking,Delivered
ORD013660,CUST05475,2025-04-01,UPI,Returned
ORD013661,CUST07958,2025-09-09,Net Banking,Delivered
ORD013662,CUST05841,2026-08-27,Credit Card,Delivered
ORD013663,CUST02564,2024-03-04,Credit Card,Delivered
ORD013664,CUST02106,2025-09-22,COD,Delivered
ORD013665,CUST02220,2026-05-26,Debit Card,Delivered
ORD013666,CUST03302,2024-05-04,Debit Card,Cancelled
ORD013667,CUST02194,2025-03-01,Credit Card,Cancelled
ORD013668,CUST05557,2026-06-05,Net Banking,Cancelled
ORD013669,CUST11539,2026-01-31,UPI,Returned
ORD013670,CUST04950,2025-04-30,COD,Delivered
ORD013671,CUST09021,2024-02-22,UPI,Delivered
ORD013672,CUST05689,2024-05-21,UPI,Delivered
ORD013673,CUST03407,2024-02-06,Debit Card,Delivered
ORD013674,CUST10540,2025-06-08,Credit Card,Pending
ORD013675,CUST07065,2025-08-06,Net Banking,Delivered
ORD013676,CUST05178,2025-05-03,Debit Card,Delivered
ORD013677,CUST09484,2026-03-30,UPI,Cancelled
ORD013678,CUST00032,2026-08-27,UPI,Returned
ORD013679,CUST06554,2025-11-03,Credit Card,Delivered
ORD013680,CUST02479,2024-12-22,Net Banking,Delivered
ORD013681,CUST01962,2026-07-04,Credit Card,Delivered
ORD013682,CUST05721,2026-04-15,COD,Delivered
ORD013683,CUST04318,2025-01-19,COD,Delivered
ORD013684,CUST06195,2025-05-13,Debit Card,Delivered
ORD013685,CUST04905,2024-07-29,Credit Card,Delivered
ORD013686,CUST11238,2025-04-16,UPI,Delivered
ORD013687,CUST11726,2024-07-07,COD,Delivered
ORD013688,CUST08897,2024-06-30,Debit Card,Cancelled
ORD013689,CUST05985,2024-09-02,COD,Delivered
ORD013690,CUST04991,2026-05-28,COD,Delivered
ORD013691,CUST02507,2024-11-26,COD,Returned
ORD013692,CUST06741,2024-08-01,COD,Delivered
ORD013693,CUST03112,2025-05-18,Credit Card,Delivered
ORD013694,CUST03026,2024-06-13,UPI,Cancelled
ORD013695,CUST05285,2025-12-07,Credit Card,Returned
ORD013696,CUST10487,2024-03-21,Debit Card,Delivered
ORD013697,CUST06482,2024-08-27,Debit Card,Delivered
ORD013698,CUST10101,2025-05-25,Debit Card,Delivered
ORD013699,CUST10764,2024-10-22,UPI,Delivered
ORD013700,CUST01429,2026-07-04,Credit Card,Returned
ORD013701,CUST04136,2024-02-04,Debit Card,Delivered
ORD013702,CUST09246,2024-08-23,Credit Card,Returned
ORD013703,CUST04393,2026-07-24,UPI,Delivered
ORD013704,CUST06991,2024-11-30,UPI,Returned
ORD013705,CUST07907,2025-12-15,Debit Card,Delivered
ORD013706,CUST10543,2024-05-20,Credit Card,Cancelled
ORD013707,CUST06876,2024-03-30,Net Banking,Delivered
ORD013708,CUST09476,2024-05-30,UPI,Delivered
ORD013709,CUST01948,2025-05-02,Debit Card,Delivered
ORD013710,CUST00606,2024-09-25,UPI,Delivered
ORD013711,CUST06576,2024-02-17,Credit Card,Delivered
ORD013712,CUST09529,2025-07-15,Net Banking,Delivered
ORD013713,CUST02937,2025-04-08,Net Banking,Delivered
ORD013714,CUST02779,2024-04-18,Net Banking,Delivered
ORD013715,CUST05648,2024-03-18,Net Banking,Returned
ORD013716,CUST04960,2025-07-17,COD,Returned
ORD013717,CUST07076,2024-12-19,Credit Card,Returned
ORD013718,CUST01935,2026-06-02,Net Banking,Delivered
ORD013719,CUST02707,2026-01-13,Credit Card,Delivered
ORD013720,CUST00730,2026-05-10,COD,Delivered
ORD013721,CUST10187,2024-08-07,Debit Card,Delivered
ORD013722,CUST09182,2025-06-22,COD,Cancelled
ORD013723,CUST10168,2025-11-08,UPI,Delivered
ORD013724,CUST06295,2025-08-11,Credit Card,Cancelled
ORD013725,CUST00463,2026-04-14,Debit Card,Delivered
ORD013726,CUST00011,2024-04-12,Net Banking,Delivered
ORD013727,CUST06571,2024-12-23,Debit Card,Delivered
ORD013728,CUST06997,2025-12-09,COD,Delivered
ORD013729,CUST07040,2026-04-06,Net Banking,Returned
ORD013730,CUST10541,2026-04-27,COD,Delivered
ORD013731,CUST04135,2025-11-01,UPI,Delivered
ORD013732,CUST08783,2025-08-20,Net Banking,Delivered
ORD013733,CUST09681,2026-06-17,Credit Card,Delivered
ORD013734,CUST05081,2026-04-16,Net Banking,Delivered
ORD013735,CUST03224,2024-07-13,Debit Card,Delivered
ORD013736,CUST00941,2024-11-30,Debit Card,Delivered
ORD013737,CUST03364,2026-01-07,Net Banking,Delivered
ORD013738,CUST10081,2024-09-27,Debit Card,Delivered
ORD013739,CUST06660,2025-10-28,COD,Delivered
ORD013740,CUST04801,2025-08-11,Credit Card,Delivered
ORD013741,CUST00614,2024-05-25,UPI,Returned
ORD013742,CUST05003,2024-01-10,COD,Delivered
ORD013743,CUST05785,2025-11-02,UPI,Delivered
ORD013744,CUST03954,2025-03-27,Credit Card,Pending
ORD013745,CUST02612,2025-10-01,Net Banking,Returned
ORD013746,CUST08902,2025-03-25,Debit Card,Returned
ORD013747,CUST07894,2025-10-31,Net Banking,Delivered
ORD013748,CUST01807,2025-03-11,Net Banking,Pending
ORD013749,CUST01654,2024-08-10,Credit Card,Delivered
ORD013750,CUST01469,2024-11-08,COD,Delivered
ORD013751,CUST00289,2025-11-16,Credit Card,Delivered
ORD013752,CUST06993,2024-01-03,Net Banking,Delivered
ORD013753,CUST01405,2026-04-10,UPI,Delivered
ORD013754,CUST02444,2026-07-28,Credit Card,Delivered
ORD013755,CUST02046,2025-08-03,COD,Delivered
ORD013756,CUST04383,2025-09-01,Credit Card,Delivered
ORD013757,CUST02594,2025-04-06,Debit Card,Delivered
ORD013758,CUST05734,2026-06-11,COD,Cancelled
ORD013759,CUST11845,2024-11-06,Debit Card,Delivered
ORD013760,CUST04034,2024-02-27,UPI,Delivered
ORD013761,CUST07547,2024-03-02,Net Banking,Pending
ORD013762,CUST07199,2024-01-07,Debit Card,Pending
ORD013763,CUST04394,2025-12-19,Debit Card,Delivered
ORD013764,CUST10132,2026-02-25,Net Banking,Delivered
ORD013765,CUST09486,2026-06-04,UPI,Delivered
ORD013766,CUST02748,2024-10-01,Net Banking,Delivered
ORD013767,CUST05599,2024-03-21,Debit Card,Delivered
ORD013768,CUST05345,2025-03-07,Credit Card,Delivered
ORD013769,CUST11778,2024-08-19,Debit Card,Delivered
ORD013770,CUST10655,2025-04-05,Net Banking,Delivered
ORD013771,CUST03511,2024-07-03,COD,Delivered
ORD013772,CUST01059,2025-02-08,COD,Delivered
ORD013773,CUST10267,2025-09-10,Net Banking,Delivered
ORD013774,CUST04741,2026-02-07,COD,Delivered
ORD013775,CUST11339,2026-04-29,Net Banking,Delivered
ORD013776,CUST00947,2024-10-06,Credit Card,Delivered
ORD013777,CUST08935,2025-10-31,Net Banking,Delivered
ORD013778,CUST01396,2025-12-02,Credit Card,Delivered
ORD013779,CUST11176,2026-08-24,COD,Delivered
ORD013780,CUST04442,2026-07-11,UPI,Delivered
ORD013781,CUST09560,2026-08-05,COD,Delivered
ORD013782,CUST02244,2024-10-09,Net Banking,Delivered
ORD013783,CUST10450,2026-04-14,COD,Cancelled
ORD013784,CUST01655,2025-05-14,UPI,Cancelled
ORD013785,CUST11214,2025-09-20,COD,Cancelled
ORD013786,CUST03921,2025-12-20,UPI,Delivered
ORD013787,CUST11948,2024-01-04,Debit Card,Cancelled
ORD013788,CUST02576,2025-03-04,Net Banking,Delivered
ORD013789,CUST02677,2025-11-27,Net Banking,Cancelled
ORD013790,CUST02452,2026-06-14,UPI,Cancelled
ORD013791,CUST05492,2025-01-19,Credit Card,Delivered
ORD013792,CUST00107,2024-08-12,UPI,Delivered
ORD013793,CUST06588,2024-02-13,Debit Card,Delivered
ORD013794,CUST01321,2025-09-12,Net Banking,Delivered
ORD013795,CUST01409,2026-05-07,Net Banking,Pending
ORD013796,CUST03460,2026-05-20,COD,Delivered
ORD013797,CUST05430,2024-07-13,UPI,Delivered
ORD013798,CUST08160,2024-01-04,Debit Card,Delivered
ORD013799,CUST06856,2026-07-17,COD,Delivered
ORD013800,CUST01218,2025-03-09,Credit Card,Pending
ORD013801,CUST05870,2024-05-12,COD,Delivered
ORD013802,CUST06808,2026-06-11,Debit Card,Delivered
ORD013803,CUST08255,2026-01-02,UPI,Delivered
ORD013804,CUST10734,2026-03-30,Credit Card,Delivered
ORD013805,CUST02318,2025-06-06,Net Banking,Delivered
ORD013806,CUST04021,2024-05-10,COD,Returned
ORD013807,CUST09388,2026-02-24,Debit Card,Cancelled
ORD013808,CUST01707,2024-10-12,UPI,Delivered
ORD013809,CUST01153,2025-04-09,COD,Delivered
ORD013810,CUST04982,2025-11-16,Debit Card,Delivered
ORD013811,CUST02401,2026-01-03,Credit Card,Delivered
ORD013812,CUST08832,2024-04-03,COD,Delivered
ORD013813,CUST06795,2025-04-25,COD,Cancelled
ORD013814,CUST10388,2024-05-24,UPI,Cancelled
ORD013815,CUST08953,2024-06-15,Debit Card,Delivered
ORD013816,CUST07247,2024-03-20,Debit Card,Delivered
ORD013817,CUST01244,2024-10-15,Net Banking,Delivered
ORD013818,CUST03159,2026-05-28,Net Banking,Delivered
ORD013819,CUST06985,2025-03-25,Debit Card,Delivered
ORD013820,CUST02452,2025-07-31,COD,Delivered
ORD013821,CUST04213,2025-04-16,Credit Card,Delivered
ORD013822,CUST02550,2025-10-06,Net Banking,Delivered
ORD013823,CUST07825,2025-11-06,Net Banking,Delivered
ORD013824,CUST11882,2024-09-15,Credit Card,Returned
ORD013825,CUST08127,2026-05-21,UPI,Delivered
ORD013826,CUST09807,2024-06-08,COD,Delivered
ORD013827,CUST06318,2024-05-21,Net Banking,Delivered
ORD013828,CUST07274,2025-01-12,UPI,Delivered
ORD013829,CUST09313,2025-02-25,Debit Card,Delivered
ORD013830,CUST06622,2026-01-28,Net Banking,Delivered
ORD013831,CUST03920,2025-10-06,Credit Card,Delivered
ORD013832,CUST08740,2025-11-16,Debit Card,Delivered
ORD013833,CUST09829,2025-04-18,Debit Card,Cancelled
ORD013834,CUST02609,2024-07-02,COD,Returned
ORD013835,CUST01446,2024-11-11,UPI,Delivered
ORD013836,CUST03800,2025-08-17,COD,Delivered
ORD013837,CUST11865,2024-03-15,Debit Card,Delivered
ORD013838,CUST09541,2026-02-13,COD,Delivered
ORD013839,CUST04977,2025-01-31,Credit Card,Delivered
ORD013840,CUST09685,2025-09-18,Net Banking,Delivered
ORD013841,CUST11691,2025-10-26,Credit Card,Delivered
ORD013842,CUST07523,2024-04-21,Debit Card,Delivered
ORD013843,CUST02057,2024-05-19,COD,Delivered
ORD013844,CUST03053,2025-06-26,UPI,Delivered
ORD013845,CUST08897,2026-01-01,UPI,Returned
ORD013846,CUST02334,2024-09-27,Debit Card,Delivered
ORD013847,CUST10656,2024-04-06,Net Banking,Delivered
ORD013848,CUST09143,2025-06-06,COD,Delivered
ORD013849,CUST01826,2025-09-06,Credit Card,Delivered
ORD013850,CUST02388,2025-02-19,Credit Card,Delivered
ORD013851,CUST04975,2026-02-15,UPI,Delivered
ORD013852,CUST06963,2024-02-21,Credit Card,Pending
ORD013853,CUST00186,2024-06-17,Net Banking,Delivered
ORD013854,CUST01255,2025-10-13,Debit Card,Delivered
ORD013855,CUST03609,2025-08-17,COD,Delivered
ORD013856,CUST05259,2026-08-31,Credit Card,Delivered
ORD013857,CUST00882,2024-09-24,Debit Card,Delivered
ORD013858,CUST00776,2026-08-17,COD,Cancelled
ORD013859,CUST07963,2026-05-05,Debit Card,Pending
ORD013860,CUST04286,2025-08-07,Credit Card,Delivered
ORD013861,CUST01608,2024-05-19,Debit Card,Delivered
ORD013862,CUST08545,2025-09-12,Net Banking,Cancelled
ORD013863,CUST10279,2024-02-06,UPI,Pending
ORD013864,CUST01097,2024-05-12,COD,Delivered
ORD013865,CUST07030,2024-01-09,COD,Delivered
ORD013866,CUST04118,2024-07-03,Net Banking,Delivered
ORD013867,CUST00713,2026-01-24,Debit Card,Delivered
ORD013868,CUST08223,2024-05-27,COD,Delivered
ORD013869,CUST03362,2024-03-10,UPI,Returned
ORD013870,CUST02884,2024-08-19,Credit Card,Returned
ORD013871,CUST11342,2026-05-31,COD,Delivered
ORD013872,CUST11707,2026-06-12,Net Banking,Delivered
ORD013873,CUST01461,2025-01-31,Net Banking,Delivered
ORD013874,CUST10211,2026-04-27,UPI,Delivered
ORD013875,CUST10966,2025-04-12,Net Banking,Delivered
ORD013876,CUST04150,2025-10-06,Debit Card,Delivered
ORD013877,CUST04467,2025-09-21,COD,Delivered
ORD013878,CUST03654,2025-11-13,COD,Delivered
ORD013879,CUST00097,2024-12-02,COD,Delivered
ORD013880,CUST09077,2025-11-24,Debit Card,Delivered
ORD013881,CUST08722,2026-04-09,Debit Card,Returned
ORD013882,CUST03720,2024-09-22,COD,Pending
ORD013883,CUST11911,2024-06-06,COD,Returned
ORD013884,CUST08032,2024-09-19,Net Banking,Delivered
ORD013885,CUST06462,2025-11-27,Credit Card,Returned
ORD013886,CUST07219,2024-05-18,Debit Card,Delivered
ORD013887,CUST06431,2024-07-18,Net Banking,Delivered
ORD013888,CUST04746,2024-11-02,COD,Delivered
ORD013889,CUST03668,2025-07-29,COD,Delivered
ORD013890,CUST05411,2026-01-10,COD,Returned
ORD013891,CUST00413,2024-01-31,Credit Card,Delivered
ORD013892,CUST10462,2025-09-15,Debit Card,Returned
ORD013893,CUST08113,2025-05-27,COD,Delivered
ORD013894,CUST09247,2024-03-29,Net Banking,Delivered
ORD013895,CUST10081,2025-03-17,UPI,Delivered
ORD013896,CUST11896,2026-05-09,UPI,Delivered
ORD013897,CUST09064,2025-12-27,Credit Card,Delivered
ORD013898,CUST11332,2026-03-29,Debit Card,Delivered
ORD013899,CUST07138,2024-12-14,Debit Card,Delivered
ORD013900,CUST11025,2025-02-09,Credit Card,Delivered
ORD013901,CUST01506,2024-07-20,UPI,Delivered
ORD013902,CUST00096,2025-07-11,UPI,Delivered
ORD013903,CUST00225,2025-02-04,COD,Cancelled
ORD013904,CUST09765,2024-09-25,Net Banking,Delivered
ORD013905,CUST04831,2024-12-01,COD,Delivered
ORD013906,CUST11610,2026-06-09,Debit Card,Delivered
ORD013907,CUST07452,2025-01-05,COD,Delivered
ORD013908,CUST01702,2025-08-10,Debit Card,Delivered
ORD013909,CUST03820,2024-08-27,COD,Delivered
ORD013910,CUST08330,2025-09-16,Net Banking,Delivered
ORD013911,CUST02376,2025-12-19,COD,Delivered
ORD013912,CUST11118,2026-03-17,COD,Returned
ORD013913,CUST04691,2024-10-01,COD,Returned
ORD013914,CUST04636,2024-07-31,Debit Card,Delivered
ORD013915,CUST03781,2026-04-08,COD,Pending
ORD013916,CUST02682,2024-04-05,UPI,Delivered
ORD013917,CUST09730,2026-06-19,UPI,Delivered
ORD013918,CUST11530,2025-07-22,Net Banking,Delivered
ORD013919,CUST06226,2024-02-16,Credit Card,Pending
ORD013920,CUST09058,2026-04-26,COD,Delivered
ORD013921,CUST08590,2024-06-08,COD,Delivered
ORD013922,CUST08184,2025-05-27,Debit Card,Delivered
ORD013923,CUST04810,2025-12-19,Credit Card,Delivered
ORD013924,CUST02406,2024-02-04,Credit Card,Pending
ORD013925,CUST11040,2025-12-24,COD,Delivered
ORD013926,CUST00181,2025-11-01,COD,Delivered
ORD013927,CUST05635,2026-07-04,COD,Delivered
ORD013928,CUST09352,2026-03-25,Credit Card,Delivered
ORD013929,CUST05385,2024-01-24,UPI,Delivered
ORD013930,CUST00203,2024-02-09,Debit Card,Delivered
ORD013931,CUST04880,2025-05-14,UPI,Delivered
ORD013932,CUST05602,2024-11-25,COD,Delivered
ORD013933,CUST10072,2024-11-29,Credit Card,Delivered
ORD013934,CUST06431,2025-05-19,UPI,Pending
ORD013935,CUST10373,2026-01-30,Credit Card,Delivered
ORD013936,CUST01121,2025-01-16,COD,Delivered
ORD013937,CUST03959,2025-12-04,UPI,Pending
ORD013938,CUST00094,2024-04-02,Credit Card,Delivered
ORD013939,CUST05415,2024-07-19,Net Banking,Delivered
ORD013940,CUST09232,2024-04-29,UPI,Cancelled
ORD013941,CUST00474,2024-08-31,Debit Card,Delivered
ORD013942,CUST07104,2025-10-11,Credit Card,Delivered
ORD013943,CUST05580,2026-02-06,COD,Delivered
ORD013944,CUST00211,2024-04-26,COD,Delivered
ORD013945,CUST06703,2026-08-14,UPI,Pending
ORD013946,CUST02491,2025-05-28,COD,Delivered
ORD013947,CUST08291,2024-10-05,Net Banking,Delivered
ORD013948,CUST08213,2026-04-29,Debit Card,Delivered
ORD013949,CUST07349,2025-12-05,UPI,Delivered
ORD013950,CUST05967,2026-08-11,UPI,Delivered
ORD013951,CUST06838,2025-01-29,COD,Delivered
ORD013952,CUST00561,2024-12-22,Credit Card,Delivered
ORD013953,CUST07568,2026-06-11,COD,Pending
ORD013954,CUST03344,2026-07-20,Credit Card,Delivered
ORD013955,CUST00108,2024-12-18,COD,Delivered
ORD013956,CUST04932,2025-07-28,Credit Card,Delivered
ORD013957,CUST05797,2024-02-05,Credit Card,Delivered
ORD013958,CUST02072,2026-08-10,Net Banking,Cancelled
ORD013959,CUST02824,2025-04-16,Net Banking,Delivered
ORD013960,CUST01772,2026-05-06,Net Banking,Pending
ORD013961,CUST02501,2024-10-05,COD,Delivered
ORD013962,CUST09835,2025-03-13,Debit Card,Delivered
ORD013963,CUST02163,2025-07-28,Net Banking,Delivered
ORD013964,CUST06538,2025-12-26,UPI,Delivered
ORD013965,CUST00952,2024-02-02,Debit Card,Cancelled
ORD013966,CUST02668,2025-11-17,UPI,Delivered
ORD013967,CUST09801,2025-06-14,Net Banking,Delivered
ORD013968,CUST11926,2026-07-18,UPI,Returned
ORD013969,CUST02644,2026-03-01,COD,Pending
ORD013970,CUST03174,2024-04-19,UPI,Delivered
ORD013971,CUST05840,2025-04-18,Debit Card,Cancelled
ORD013972,CUST04342,2025-08-20,Net Banking,Cancelled
ORD013973,CUST00811,2025-03-26,UPI,Delivered
ORD013974,CUST01011,2024-01-04,UPI,Cancelled
ORD013975,CUST05827,2024-04-06,UPI,Returned
ORD013976,CUST07514,2025-04-03,UPI,Delivered
ORD013977,CUST08190,2024-03-24,Debit Card,Delivered
ORD013978,CUST01851,2026-01-23,Credit Card,Delivered
ORD013979,CUST01142,2024-05-07,COD,Delivered
ORD013980,CUST08899,2024-04-05,Net Banking,Delivered
ORD013981,CUST04031,2025-11-23,Credit Card,Delivered
ORD013982,CUST07542,2024-04-21,COD,Delivered
ORD013983,CUST04077,2026-06-29,UPI,Delivered
ORD013984,CUST04295,2025-04-17,Credit Card,Delivered
ORD013985,CUST00767,2025-09-24,COD,Delivered
ORD013986,CUST07073,2024-09-29,COD,Delivered
ORD013987,CUST01101,2026-07-06,Credit Card,Delivered
ORD013988,CUST09663,2025-02-21,UPI,Delivered
ORD013989,CUST03498,2025-02-20,UPI,Delivered
ORD013990,CUST09887,2025-06-20,Net Banking,Delivered
ORD013991,CUST06652,2025-06-09,COD,Delivered
ORD013992,CUST10418,2024-04-19,Net Banking,Delivered
ORD013993,CUST01473,2024-11-01,UPI,Delivered
ORD013994,CUST07281,2024-01-30,COD,Delivered
ORD013995,CUST05356,2025-04-14,Net Banking,Delivered
ORD013996,CUST06007,2024-01-22,Net Banking,Delivered
ORD013997,CUST09382,2024-12-04,Net Banking,Delivered
ORD013998,CUST10081,2025-09-05,COD,Delivered
ORD013999,CUST04394,2026-02-10,Debit Card,Returned
ORD014000,CUST00167,2024-03-12,Debit Card,Delivered
ORD014001,CUST11818,2026-03-23,UPI,Cancelled
ORD014002,CUST10602,2024-04-25,COD,Delivered
ORD014003,CUST04937,2024-09-12,COD,Delivered
ORD014004,CUST03526,2025-05-01,Credit Card,Delivered
ORD014005,CUST04600,2026-04-21,Net Banking,Delivered
ORD014006,CUST05737,2024-04-23,UPI,Delivered
ORD014007,CUST02807,2025-06-23,COD,Delivered
ORD014008,CUST04553,2025-11-24,Credit Card,Delivered
ORD014009,CUST00859,2024-07-04,Credit Card,Delivered
ORD014010,CUST09117,2026-05-02,COD,Delivered
ORD014011,CUST04804,2026-04-12,UPI,Delivered
ORD014012,CUST09881,2026-02-01,UPI,Delivered
ORD014013,CUST10000,2026-07-21,Debit Card,Delivered
ORD014014,CUST02233,2024-06-30,Debit Card,Returned
ORD014015,CUST08610,2024-12-19,UPI,Delivered
ORD014016,CUST08907,2026-06-25,Credit Card,Delivered
ORD014017,CUST02825,2024-05-23,Debit Card,Delivered
ORD014018,CUST08315,2025-05-01,Credit Card,Pending
ORD014019,CUST03309,2024-07-24,Debit Card,Delivered
ORD014020,CUST11708,2024-09-08,Credit Card,Delivered
ORD014021,CUST06131,2025-03-24,Net Banking,Delivered
ORD014022,CUST06748,2026-05-12,COD,Delivered
ORD014023,CUST09643,2024-06-20,UPI,Delivered
ORD014024,CUST08253,2025-11-13,Net Banking,Delivered
ORD014025,CUST05829,2024-08-28,UPI,Delivered
ORD014026,CUST02960,2026-08-29,Credit Card,Delivered
ORD014027,CUST04188,2026-07-11,Debit Card,Delivered
ORD014028,CUST09090,2024-12-02,Debit Card,Delivered
ORD014029,CUST00970,2026-01-23,Debit Card,Delivered
ORD014030,CUST02579,2024-03-20,COD,Delivered
ORD014031,CUST05952,2026-02-07,COD,Delivered
ORD014032,CUST05114,2024-09-03,UPI,Delivered
ORD014033,CUST00788,2025-06-25,Debit Card,Delivered
ORD014034,CUST06970,2024-05-02,Net Banking,Delivered
ORD014035,CUST09212,2025-12-04,UPI,Delivered
ORD014036,CUST06971,2026-07-21,COD,Delivered
ORD014037,CUST01654,2025-02-10,COD,Delivered
ORD014038,CUST01261,2025-06-22,Debit Card,Delivered
ORD014039,CUST11955,2026-05-18,COD,Pending
ORD014040,CUST03363,2025-08-14,Credit Card,Delivered
ORD014041,CUST05481,2025-08-22,COD,Delivered
ORD014042,CUST10864,2025-10-29,Debit Card,Delivered
ORD014043,CUST10482,2026-07-14,UPI,Delivered
ORD014044,CUST04388,2025-04-18,COD,Pending
ORD014045,CUST10677,2025-08-22,Net Banking,Delivered
ORD014046,CUST08952,2026-05-12,Net Banking,Delivered
ORD014047,CUST03126,2025-12-29,Credit Card,Delivered
ORD014048,CUST06672,2024-06-27,UPI,Pending
ORD014049,CUST04146,2024-05-09,Credit Card,Delivered
ORD014050,CUST11034,2024-09-09,Credit Card,Pending
ORD014051,CUST11039,2024-03-11,Debit Card,Delivered
ORD014052,CUST06333,2025-01-02,Debit Card,Returned
ORD014053,CUST11777,2024-03-27,Debit Card,Delivered
ORD014054,CUST10199,2026-05-10,Net Banking,Delivered
ORD014055,CUST06826,2025-06-30,COD,Delivered
ORD014056,CUST03249,2025-08-28,UPI,Pending
ORD014057,CUST10899,2025-02-16,Debit Card,Delivered
ORD014058,CUST06864,2026-07-15,UPI,Delivered
ORD014059,CUST05376,2026-05-31,Credit Card,Delivered
ORD014060,CUST11065,2025-03-01,COD,Delivered
ORD014061,CUST02238,2025-12-06,Net Banking,Delivered
ORD014062,CUST05968,2026-08-04,UPI,Delivered
ORD014063,CUST01484,2024-11-30,COD,Delivered
ORD014064,CUST05129,2025-06-11,UPI,Delivered
ORD014065,CUST07024,2024-01-08,Credit Card,Delivered
ORD014066,CUST09204,2026-04-08,Debit Card,Returned
ORD014067,CUST07191,2025-08-26,Credit Card,Delivered
ORD014068,CUST00297,2025-07-05,UPI,Returned
ORD014069,CUST05076,2024-07-27,Net Banking,Delivered
ORD014070,CUST01776,2024-07-03,UPI,Returned
ORD014071,CUST00011,2026-01-26,Net Banking,Delivered
ORD014072,CUST07169,2024-07-24,Net Banking,Returned
ORD014073,CUST11441,2025-08-19,UPI,Returned
ORD014074,CUST03214,2025-03-09,UPI,Delivered
ORD014075,CUST10759,2024-10-09,Net Banking,Delivered
ORD014076,CUST05243,2024-12-06,UPI,Delivered
ORD014077,CUST04540,2025-11-02,COD,Delivered
ORD014078,CUST11800,2025-04-08,Net Banking,Delivered
ORD014079,CUST09092,2026-07-12,Net Banking,Cancelled
ORD014080,CUST05359,2026-06-10,UPI,Delivered
ORD014081,CUST06299,2024-08-17,Credit Card,Delivered
ORD014082,CUST11198,2024-04-28,COD,Delivered
ORD014083,CUST09223,2024-10-11,UPI,Pending
ORD014084,CUST07640,2026-08-02,Debit Card,Delivered
ORD014085,CUST09673,2026-01-24,COD,Delivered
ORD014086,CUST07617,2024-06-12,Debit Card,Delivered
ORD014087,CUST09954,2025-01-15,COD,Cancelled
ORD014088,CUST06760,2024-04-28,Net Banking,Delivered
ORD014089,CUST08807,2025-06-19,COD,Delivered
ORD014090,CUST07107,2024-12-06,UPI,Delivered
ORD014091,CUST09402,2026-06-14,Debit Card,Delivered
ORD014092,CUST04784,2025-11-09,Credit Card,Cancelled
ORD014093,CUST03994,2025-11-20,Debit Card,Delivered
ORD014094,CUST10144,2026-06-22,Net Banking,Delivered
ORD014095,CUST08488,2025-04-20,Net Banking,Cancelled
ORD014096,CUST06661,2026-04-29,Credit Card,Pending
ORD014097,CUST00522,2025-04-11,COD,Delivered
ORD014098,CUST05342,2024-05-26,COD,Cancelled
ORD014099,CUST07753,2025-11-08,Net Banking,Returned
ORD014100,CUST08878,2025-03-03,Credit Card,Cancelled
ORD014101,CUST03616,2024-10-08,Net Banking,Delivered
ORD014102,CUST01621,2025-08-04,Debit Card,Delivered
ORD014103,CUST06002,2026-01-19,COD,Delivered
ORD014104,CUST00505,2025-11-19,Debit Card,Cancelled
ORD014105,CUST07450,2024-10-08,Debit Card,Delivered
ORD014106,CUST08087,2024-04-01,UPI,Delivered
ORD014107,CUST03465,2024-08-23,COD,Delivered
ORD014108,CUST06199,2026-07-16,Net Banking,Returned
ORD014109,CUST04744,2025-02-21,Net Banking,Delivered
ORD014110,CUST07148,2024-06-21,Debit Card,Delivered
ORD014111,CUST08820,2024-10-19,Credit Card,Delivered
ORD014112,CUST07224,2025-08-23,UPI,Delivered
ORD014113,CUST09143,2025-12-26,UPI,Delivered
ORD014114,CUST02803,2026-05-12,Debit Card,Delivered
ORD014115,CUST09966,2024-09-18,UPI,Cancelled
ORD014116,CUST09003,2025-11-01,UPI,Delivered
ORD014117,CUST10059,2025-07-30,Debit Card,Delivered
ORD014118,CUST08248,2024-04-13,Net Banking,Delivered
ORD014119,CUST08082,2026-06-23,Debit Card,Delivered
ORD014120,CUST03871,2025-04-04,Debit Card,Delivered
ORD014121,CUST02537,2026-07-05,COD,Delivered
ORD014122,CUST10248,2024-08-21,Net Banking,Delivered
ORD014123,CUST06756,2025-08-01,Debit Card,Delivered
ORD014124,CUST08179,2026-02-06,COD,Delivered
ORD014125,CUST00147,2026-07-26,UPI,Delivered
ORD014126,CUST10306,2024-06-22,Credit Card,Cancelled
ORD014127,CUST10379,2024-05-12,Net Banking,Delivered
ORD014128,CUST04291,2024-02-06,COD,Delivered
ORD014129,CUST02337,2026-04-24,Net Banking,Returned
ORD014130,CUST00458,2024-01-29,COD,Delivered
ORD014131,CUST08387,2024-04-01,UPI,Delivered
ORD014132,CUST08487,2025-07-14,UPI,Delivered
ORD014133,CUST11685,2025-10-26,Credit Card,Delivered
ORD014134,CUST06754,2024-05-17,UPI,Delivered
ORD014135,CUST02098,2024-04-07,UPI,Returned
ORD014136,CUST07438,2025-06-10,Credit Card,Cancelled
ORD014137,CUST05724,2026-07-14,Net Banking,Delivered
ORD014138,CUST00158,2024-07-23,UPI,Pending
ORD014139,CUST06811,2026-01-10,Net Banking,Delivered
ORD014140,CUST02626,2024-07-05,Credit Card,Delivered
ORD014141,CUST00101,2024-08-28,Debit Card,Returned
ORD014142,CUST09511,2025-07-20,UPI,Delivered
ORD014143,CUST05546,2026-04-02,Net Banking,Delivered
ORD014144,CUST11036,2025-03-28,COD,Delivered
ORD014145,CUST06975,2025-10-15,COD,Delivered
ORD014146,CUST00871,2024-07-20,Debit Card,Delivered
ORD014147,CUST06199,2025-01-01,UPI,Delivered
ORD014148,CUST10386,2024-07-02,UPI,Delivered
ORD014149,CUST01698,2024-11-12,UPI,Delivered
ORD014150,CUST00697,2026-02-11,COD,Delivered
ORD014151,CUST02416,2026-02-12,Debit Card,Delivered
ORD014152,CUST05293,2026-06-27,COD,Delivered
ORD014153,CUST01617,2024-09-02,UPI,Delivered
ORD014154,CUST10150,2025-02-27,Debit Card,Delivered
ORD014155,CUST07063,2025-03-18,COD,Delivered
ORD014156,CUST03103,2026-02-19,UPI,Delivered
ORD014157,CUST09609,2026-03-24,Debit Card,Returned
ORD014158,CUST11043,2024-08-27,Debit Card,Delivered
ORD014159,CUST05529,2026-05-14,Credit Card,Returned
ORD014160,CUST04357,2024-08-16,Debit Card,Delivered
ORD014161,CUST00668,2024-05-07,Credit Card,Returned
ORD014162,CUST07797,2025-10-24,UPI,Delivered
ORD014163,CUST07687,2024-05-28,Credit Card,Delivered
ORD014164,CUST05994,2024-11-23,UPI,Delivered
ORD014165,CUST09080,2026-03-12,UPI,Delivered
ORD014166,CUST05546,2024-11-04,Net Banking,Delivered
ORD014167,CUST02873,2024-01-31,Credit Card,Pending
ORD014168,CUST03814,2026-05-01,Debit Card,Delivered
ORD014169,CUST10688,2024-08-14,Debit Card,Delivered
ORD014170,CUST03708,2025-12-06,UPI,Pending
ORD014171,CUST08409,2025-05-26,Credit Card,Delivered
ORD014172,CUST04626,2026-05-05,COD,Delivered
ORD014173,CUST02165,2025-01-17,Debit Card,Delivered
ORD014174,CUST10479,2024-11-26,COD,Cancelled
ORD014175,CUST11866,2025-03-27,Credit Card,Delivered
ORD014176,CUST02989,2025-02-13,Debit Card,Delivered
ORD014177,CUST11266,2025-10-15,COD,Delivered
ORD014178,CUST08000,2025-05-24,Debit Card,Delivered
ORD014179,CUST10902,2024-08-21,Net Banking,Cancelled
ORD014180,CUST10858,2024-12-05,Net Banking,Delivered
ORD014181,CUST00290,2024-04-09,UPI,Delivered
ORD014182,CUST05245,2024-06-01,Credit Card,Delivered
ORD014183,CUST00163,2024-12-24,Debit Card,Delivered
ORD014184,CUST04990,2024-11-25,COD,Delivered
ORD014185,CUST07631,2025-04-27,Debit Card,Delivered
ORD014186,CUST01564,2024-07-10,Debit Card,Delivered
ORD014187,CUST00012,2024-03-09,COD,Delivered
ORD014188,CUST04291,2026-04-15,COD,Delivered
ORD014189,CUST01290,2024-04-22,Net Banking,Delivered
ORD014190,CUST00868,2025-02-07,UPI,Delivered
ORD014191,CUST01799,2025-01-16,COD,Delivered
ORD014192,CUST05803,2025-12-27,Debit Card,Cancelled
ORD014193,CUST06420,2024-02-12,Net Banking,Delivered
ORD014194,CUST00753,2025-01-23,Credit Card,Delivered
ORD014195,CUST05614,2024-12-14,Net Banking,Pending
ORD014196,CUST03317,2026-01-17,Net Banking,Delivered
ORD014197,CUST11292,2024-04-19,Net Banking,Delivered
ORD014198,CUST11468,2026-07-16,Debit Card,Delivered
ORD014199,CUST02413,2026-05-03,COD,Delivered
ORD014200,CUST05043,2026-03-23,UPI,Pending
ORD014201,CUST11301,2025-03-02,Credit Card,Delivered
ORD014202,CUST05068,2026-01-27,UPI,Delivered
ORD014203,CUST03838,2024-12-29,Debit Card,Delivered
ORD014204,CUST09064,2024-03-11,UPI,Pending
ORD014205,CUST06761,2026-07-06,UPI,Delivered
ORD014206,CUST03068,2025-07-06,Credit Card,Delivered
ORD014207,CUST07411,2026-04-05,Net Banking,Pending
ORD014208,CUST02148,2024-07-05,COD,Delivered
ORD014209,CUST09158,2025-06-23,COD,Delivered
ORD014210,CUST09975,2024-07-31,UPI,Returned
ORD014211,CUST02012,2025-07-20,Credit Card,Delivered
ORD014212,CUST06209,2026-03-29,COD,Cancelled
ORD014213,CUST11442,2025-07-01,COD,Cancelled
ORD014214,CUST08753,2026-08-21,COD,Delivered
ORD014215,CUST09283,2025-03-02,UPI,Cancelled
ORD014216,CUST00996,2026-02-12,Debit Card,Returned
ORD014217,CUST05467,2025-12-23,UPI,Cancelled
ORD014218,CUST10286,2024-11-02,UPI,Delivered
ORD014219,CUST05190,2026-06-08,Debit Card,Delivered
ORD014220,CUST03486,2024-02-22,COD,Delivered
ORD014221,CUST08101,2025-10-12,UPI,Delivered
ORD014222,CUST01478,2025-11-20,Net Banking,Delivered
ORD014223,CUST10861,2026-07-01,COD,Delivered
ORD014224,CUST11113,2025-07-11,COD,Delivered
ORD014225,CUST08401,2024-03-22,COD,Delivered
ORD014226,CUST03887,2024-06-22,UPI,Delivered
ORD014227,CUST09182,2026-04-24,Credit Card,Delivered
ORD014228,CUST11471,2024-02-10,Credit Card,Delivered
ORD014229,CUST04477,2024-11-02,Debit Card,Delivered
ORD014230,CUST07251,2026-02-17,Credit Card,Delivered
ORD014231,CUST07625,2026-03-29,COD,Delivered
ORD014232,CUST01659,2024-01-27,Net Banking,Delivered
ORD014233,CUST09454,2025-07-14,Net Banking,Delivered
ORD014234,CUST08538,2024-09-28,COD,Delivered
ORD014235,CUST04462,2024-11-01,UPI,Delivered
ORD014236,CUST04453,2026-06-29,UPI,Returned
ORD014237,CUST10624,2025-03-13,COD,Delivered
ORD014238,CUST07331,2024-09-26,COD,Delivered
ORD014239,CUST01770,2025-04-07,Debit Card,Cancelled
ORD014240,CUST04674,2025-05-24,UPI,Delivered
ORD014241,CUST10812,2025-12-22,Credit Card,Delivered
ORD014242,CUST03179,2024-07-22,Credit Card,Delivered
ORD014243,CUST08555,2026-03-04,UPI,Cancelled
ORD014244,CUST01289,2024-08-21,Net Banking,Cancelled
ORD014245,CUST11372,2025-07-05,COD,Returned
ORD014246,CUST02516,2024-09-02,Debit Card,Delivered
ORD014247,CUST02737,2025-06-13,Debit Card,Delivered
ORD014248,CUST11077,2026-07-10,Debit Card,Delivered
ORD014249,CUST00268,2025-05-16,Credit Card,Delivered
ORD014250,CUST06379,2024-04-19,Net Banking,Cancelled
ORD014251,CUST05949,2026-07-02,Net Banking,Returned
ORD014252,CUST09840,2026-02-07,Debit Card,Delivered
ORD014253,CUST05927,2024-01-16,COD,Delivered
ORD014254,CUST06359,2024-12-22,COD,Delivered
ORD014255,CUST04552,2024-05-28,COD,Delivered
ORD014256,CUST05398,2026-08-25,Debit Card,Delivered
ORD014257,CUST02650,2025-05-14,COD,Cancelled
ORD014258,CUST02387,2026-08-19,UPI,Delivered
ORD014259,CUST00719,2025-09-22,Debit Card,Delivered
ORD014260,CUST01189,2025-12-23,Net Banking,Delivered
ORD014261,CUST05161,2025-04-22,Credit Card,Delivered
ORD014262,CUST05333,2026-06-17,UPI,Delivered
ORD014263,CUST02163,2024-09-20,Credit Card,Delivered
ORD014264,CUST05581,2024-09-08,UPI,Delivered
ORD014265,CUST03207,2025-09-02,Debit Card,Delivered
ORD014266,CUST01369,2025-06-13,Net Banking,Delivered
ORD014267,CUST06177,2025-08-24,UPI,Delivered
ORD014268,CUST00515,2025-06-20,Debit Card,Pending
ORD014269,CUST11616,2025-03-31,Net Banking,Delivered
ORD014270,CUST02793,2024-09-30,Credit Card,Delivered
ORD014271,CUST05028,2024-01-24,UPI,Delivered
ORD014272,CUST05109,2024-03-09,Debit Card,Delivered
ORD014273,CUST08872,2025-02-13,UPI,Returned
ORD014274,CUST04596,2026-04-21,COD,Delivered
ORD014275,CUST09714,2024-01-11,UPI,Delivered
ORD014276,CUST05399,2024-09-16,Net Banking,Delivered
ORD014277,CUST03522,2024-01-10,COD,Delivered
ORD014278,CUST12000,2025-09-04,Net Banking,Delivered
ORD014279,CUST08494,2024-01-12,Credit Card,Cancelled
ORD014280,CUST11782,2025-08-08,COD,Delivered
ORD014281,CUST02887,2026-06-26,COD,Delivered
ORD014282,CUST01301,2025-10-06,Net Banking,Delivered
ORD014283,CUST02657,2026-01-16,Debit Card,Cancelled
ORD014284,CUST01475,2024-03-31,UPI,Delivered
ORD014285,CUST06399,2024-08-12,Credit Card,Delivered
ORD014286,CUST09881,2025-04-24,Credit Card,Delivered
ORD014287,CUST05967,2024-01-05,Debit Card,Delivered
ORD014288,CUST11478,2024-01-23,Net Banking,Delivered
ORD014289,CUST02155,2024-07-02,Credit Card,Delivered
ORD014290,CUST03173,2024-08-03,UPI,Delivered
ORD014291,CUST04721,2025-07-11,Debit Card,Delivered
ORD014292,CUST09584,2024-05-09,COD,Delivered
ORD014293,CUST09920,2025-01-16,UPI,Delivered
ORD014294,CUST04052,2024-12-15,Net Banking,Delivered
ORD014295,CUST10933,2025-08-08,Net Banking,Delivered
ORD014296,CUST08754,2024-01-01,Debit Card,Delivered
ORD014297,CUST07197,2025-10-14,COD,Delivered
ORD014298,CUST00357,2026-08-13,COD,Pending
ORD014299,CUST05215,2026-03-14,Debit Card,Pending
ORD014300,CUST09786,2024-03-02,Debit Card,Delivered
ORD014301,CUST07310,2025-07-28,Debit Card,Delivered
ORD014302,CUST07147,2024-11-18,COD,Delivered
ORD014303,CUST09279,2025-09-11,Net Banking,Delivered
ORD014304,CUST04865,2026-01-17,Net Banking,Delivered
ORD014305,CUST10560,2024-01-16,UPI,Cancelled
ORD014306,CUST06283,2025-04-06,Net Banking,Cancelled
ORD014307,CUST09391,2025-02-27,Debit Card,Delivered
ORD014308,CUST01516,2026-01-27,UPI,Delivered
ORD014309,CUST05302,2024-08-24,Credit Card,Delivered
ORD014310,CUST02678,2024-10-30,COD,Delivered
ORD014311,CUST02786,2024-04-20,UPI,Pending
ORD014312,CUST00497,2025-11-16,Credit Card,Delivered
ORD014313,CUST07297,2025-05-31,Debit Card,Delivered
ORD014314,CUST05642,2025-02-12,Net Banking,Delivered
ORD014315,CUST01677,2026-03-16,Net Banking,Delivered
ORD014316,CUST00669,2025-11-24,UPI,Delivered
ORD014317,CUST01647,2025-04-21,Credit Card,Delivered
ORD014318,CUST05381,2026-04-28,Net Banking,Delivered
ORD014319,CUST03163,2026-08-26,Debit Card,Pending
ORD014320,CUST05799,2025-08-16,Credit Card,Delivered
ORD014321,CUST04532,2025-04-04,Credit Card,Delivered
ORD014322,CUST02779,2025-03-04,Net Banking,Delivered
ORD014323,CUST11822,2024-04-22,UPI,Delivered
ORD014324,CUST09305,2024-06-15,UPI,Cancelled
ORD014325,CUST06439,2025-10-29,UPI,Delivered
ORD014326,CUST03114,2026-02-04,Net Banking,Delivered
ORD014327,CUST03615,2025-07-18,COD,Cancelled
ORD014328,CUST10823,2026-04-01,Debit Card,Delivered
ORD014329,CUST09686,2024-04-05,Debit Card,Returned
ORD014330,CUST00075,2024-10-02,UPI,Returned
ORD014331,CUST00388,2025-05-02,UPI,Cancelled
ORD014332,CUST05849,2026-04-02,Debit Card,Delivered
ORD014333,CUST01506,2026-08-18,Net Banking,Delivered
ORD014334,CUST00976,2024-07-22,Credit Card,Returned
ORD014335,CUST03610,2026-02-28,Debit Card,Pending
ORD014336,CUST00840,2026-03-29,Debit Card,Delivered
ORD014337,CUST09387,2025-03-31,Credit Card,Delivered
ORD014338,CUST06566,2024-05-19,Credit Card,Delivered
ORD014339,CUST05653,2024-08-17,COD,Pending
ORD014340,CUST11058,2024-07-05,Debit Card,Delivered
ORD014341,CUST06430,2025-07-19,Credit Card,Delivered
ORD014342,CUST06899,2025-07-18,Debit Card,Returned
ORD014343,CUST07206,2024-03-28,Credit Card,Delivered
ORD014344,CUST04221,2026-03-16,UPI,Delivered
ORD014345,CUST04140,2025-09-06,UPI,Delivered
ORD014346,CUST10572,2025-05-03,UPI,Delivered
ORD014347,CUST11807,2024-12-13,Debit Card,Delivered
ORD014348,CUST09964,2024-05-19,Debit Card,Returned
ORD014349,CUST10405,2026-05-12,Debit Card,Delivered
ORD014350,CUST11622,2024-08-17,Net Banking,Delivered
ORD014351,CUST03887,2024-12-13,UPI,Delivered
ORD014352,CUST11003,2026-08-26,Credit Card,Delivered
ORD014353,CUST04003,2025-08-20,COD,Returned
ORD014354,CUST11483,2024-09-19,Net Banking,Delivered
ORD014355,CUST00666,2024-11-19,Debit Card,Returned
ORD014356,CUST06328,2025-10-30,UPI,Delivered
ORD014357,CUST04072,2026-06-13,Net Banking,Delivered
ORD014358,CUST09599,2025-01-15,UPI,Cancelled
ORD014359,CUST09515,2024-04-29,Credit Card,Cancelled
ORD014360,CUST00403,2024-10-27,COD,Pending
ORD014361,CUST06806,2025-01-28,Net Banking,Delivered
ORD014362,CUST04537,2026-05-23,COD,Delivered
ORD014363,CUST06818,2025-10-05,Net Banking,Delivered
ORD014364,CUST04658,2026-03-02,UPI,Delivered
ORD014365,CUST02357,2024-03-25,Debit Card,Delivered
ORD014366,CUST09052,2025-08-16,UPI,Delivered
ORD014367,CUST03629,2025-02-13,Debit Card,Delivered
ORD014368,CUST07602,2026-08-09,Debit Card,Cancelled
ORD014369,CUST09596,2026-04-19,Debit Card,Delivered
ORD014370,CUST10355,2024-01-23,UPI,Returned
ORD014371,CUST00136,2026-01-20,UPI,Delivered
ORD014372,CUST00362,2024-09-21,COD,Delivered
ORD014373,CUST03343,2024-01-25,Net Banking,Delivered
ORD014374,CUST02954,2024-08-15,Debit Card,Delivered
ORD014375,CUST08411,2024-10-14,Credit Card,Delivered
ORD014376,CUST10559,2025-10-08,Credit Card,Delivered
ORD014377,CUST06610,2024-12-18,Debit Card,Delivered
ORD014378,CUST09620,2025-11-29,Net Banking,Delivered
ORD014379,CUST00062,2026-08-12,UPI,Delivered
ORD014380,CUST02022,2025-04-23,COD,Returned
ORD014381,CUST05217,2026-04-09,Credit Card,Pending
ORD014382,CUST01006,2025-02-04,Net Banking,Delivered
ORD014383,CUST11003,2024-06-11,UPI,Delivered
ORD014384,CUST03508,2026-05-03,Debit Card,Delivered
ORD014385,CUST01438,2024-11-09,UPI,Cancelled
ORD014386,CUST07297,2025-06-24,UPI,Delivered
ORD014387,CUST10250,2025-03-22,UPI,Delivered
ORD014388,CUST00817,2026-04-03,COD,Delivered
ORD014389,CUST00577,2025-01-07,Credit Card,Delivered
ORD014390,CUST11248,2025-09-18,Credit Card,Returned
ORD014391,CUST06903,2026-04-10,COD,Delivered
ORD014392,CUST03963,2024-07-28,Net Banking,Pending
ORD014393,CUST08541,2024-02-16,UPI,Delivered
ORD014394,CUST10659,2024-11-25,Debit Card,Delivered
ORD014395,CUST06309,2024-09-27,COD,Returned
ORD014396,CUST09395,2024-04-29,UPI,Delivered
ORD014397,CUST04150,2024-11-08,UPI,Pending
ORD014398,CUST00319,2025-10-08,Credit Card,Pending
ORD014399,CUST04526,2024-04-11,COD,Cancelled
ORD014400,CUST10617,2024-07-24,Debit Card,Delivered
ORD014401,CUST07346,2024-08-05,COD,Delivered
ORD014402,CUST10759,2024-09-30,Debit Card,Delivered
ORD014403,CUST07764,2024-12-03,UPI,Delivered
ORD014404,CUST00957,2026-02-12,Debit Card,Delivered
ORD014405,CUST06635,2026-03-21,UPI,Delivered
ORD014406,CUST01750,2025-11-27,Debit Card,Delivered
ORD014407,CUST02060,2024-02-10,Credit Card,Delivered
ORD014408,CUST11850,2025-08-10,COD,Delivered
ORD014409,CUST11103,2024-02-20,Credit Card,Delivered
ORD014410,CUST05608,2025-07-26,Net Banking,Delivered
ORD014411,CUST08103,2024-04-03,COD,Delivered
ORD014412,CUST07829,2024-01-19,COD,Delivered
ORD014413,CUST11671,2026-06-07,Debit Card,Delivered
ORD014414,CUST11180,2025-06-16,UPI,Delivered
ORD014415,CUST03756,2025-08-14,Debit Card,Returned
ORD014416,CUST05086,2026-07-19,COD,Delivered
ORD014417,CUST06358,2025-08-05,Credit Card,Delivered
ORD014418,CUST10989,2024-02-23,UPI,Delivered
ORD014419,CUST09237,2026-05-23,Debit Card,Pending
ORD014420,CUST04969,2026-04-30,Credit Card,Delivered
ORD014421,CUST08660,2025-06-21,Debit Card,Delivered
ORD014422,CUST00743,2025-11-11,COD,Cancelled
ORD014423,CUST00445,2025-01-30,Debit Card,Delivered
ORD014424,CUST04816,2024-01-05,Credit Card,Delivered
ORD014425,CUST02259,2024-01-26,Credit Card,Pending
ORD014426,CUST09465,2026-06-19,Credit Card,Delivered
ORD014427,CUST08299,2024-06-14,Debit Card,Delivered
ORD014428,CUST08863,2024-03-22,COD,Delivered
ORD014429,CUST06661,2024-09-18,Net Banking,Delivered
ORD014430,CUST03537,2024-09-13,Net Banking,Delivered
ORD014431,CUST02753,2025-08-09,Net Banking,Delivered
ORD014432,CUST09893,2024-05-05,UPI,Delivered
ORD014433,CUST03678,2025-08-14,COD,Delivered
ORD014434,CUST02016,2024-12-11,COD,Delivered
ORD014435,CUST05868,2025-02-26,UPI,Delivered
ORD014436,CUST05149,2024-02-18,Net Banking,Delivered
ORD014437,CUST03190,2024-03-22,Net Banking,Delivered
ORD014438,CUST04229,2025-04-28,UPI,Delivered
ORD014439,CUST00158,2024-02-06,Credit Card,Delivered
ORD014440,CUST05739,2026-05-07,COD,Returned
ORD014441,CUST11437,2024-08-12,Net Banking,Delivered
ORD014442,CUST07826,2024-09-13,Net Banking,Delivered
ORD014443,CUST10574,2025-12-31,UPI,Returned
ORD014444,CUST07589,2024-10-19,Debit Card,Delivered
ORD014445,CUST01803,2024-08-01,COD,Delivered
ORD014446,CUST05380,2024-10-01,COD,Pending
ORD014447,CUST02929,2025-05-25,COD,Pending
ORD014448,CUST07832,2025-04-05,Credit Card,Delivered
ORD014449,CUST07010,2024-06-13,Debit Card,Returned
ORD014450,CUST00136,2025-09-17,COD,Pending
ORD014451,CUST04312,2025-07-21,Credit Card,Delivered
ORD014452,CUST06608,2026-04-14,Credit Card,Cancelled
ORD014453,CUST05766,2025-12-31,Credit Card,Delivered
ORD014454,CUST01877,2026-03-13,COD,Delivered
ORD014455,CUST10070,2026-08-26,COD,Delivered
ORD014456,CUST07663,2024-03-24,UPI,Delivered
ORD014457,CUST01042,2024-10-08,UPI,Delivered
ORD014458,CUST05324,2024-06-22,Debit Card,Delivered
ORD014459,CUST10374,2025-11-05,UPI,Delivered
ORD014460,CUST10587,2025-04-24,COD,Delivered
ORD014461,CUST10663,2025-06-17,UPI,Returned
ORD014462,CUST01903,2024-05-21,Debit Card,Delivered
ORD014463,CUST01537,2025-02-16,COD,Delivered
ORD014464,CUST10255,2024-07-04,Net Banking,Delivered
ORD014465,CUST01529,2024-06-07,Net Banking,Pending
ORD014466,CUST03661,2026-02-23,Net Banking,Pending
ORD014467,CUST06648,2025-10-24,Debit Card,Delivered
ORD014468,CUST04270,2025-07-24,Debit Card,Delivered
ORD014469,CUST08309,2025-02-23,COD,Delivered
ORD014470,CUST05126,2025-08-23,Net Banking,Delivered
ORD014471,CUST04372,2025-04-10,Credit Card,Delivered
ORD014472,CUST03140,2026-04-06,UPI,Delivered
ORD014473,CUST05928,2026-04-27,Net Banking,Delivered
ORD014474,CUST08083,2024-05-09,Net Banking,Delivered
ORD014475,CUST09707,2025-08-24,Net Banking,Delivered
ORD014476,CUST09341,2025-01-12,Net Banking,Delivered
ORD014477,CUST10591,2024-09-24,COD,Returned
ORD014478,CUST00812,2026-01-21,UPI,Delivered
ORD014479,CUST08501,2026-02-16,Net Banking,Delivered
ORD014480,CUST04820,2026-01-02,COD,Delivered
ORD014481,CUST11513,2025-09-23,Net Banking,Cancelled
ORD014482,CUST05638,2026-02-08,Credit Card,Delivered
ORD014483,CUST11307,2025-06-11,COD,Delivered
ORD014484,CUST03837,2025-11-06,Credit Card,Delivered
ORD014485,CUST01427,2026-05-23,Net Banking,Delivered
ORD014486,CUST07454,2025-09-26,UPI,Delivered
ORD014487,CUST00199,2025-11-19,COD,Delivered
ORD014488,CUST11893,2026-03-14,Credit Card,Delivered
ORD014489,CUST02229,2024-08-01,Credit Card,Delivered
ORD014490,CUST08132,2026-06-20,UPI,Delivered
ORD014491,CUST08384,2025-04-27,COD,Delivered
ORD014492,CUST04227,2025-05-22,Debit Card,Delivered
ORD014493,CUST00767,2025-09-08,Credit Card,Delivered
ORD014494,CUST01433,2024-04-10,COD,Delivered
ORD014495,CUST07582,2025-08-29,Debit Card,Returned
ORD014496,CUST00164,2024-04-14,COD,Delivered
ORD014497,CUST10574,2026-01-18,Net Banking,Delivered
ORD014498,CUST07081,2025-10-03,Credit Card,Delivered
ORD014499,CUST02809,2026-01-08,Debit Card,Delivered
ORD014500,CUST09906,2025-10-29,UPI,Delivered
ORD014501,CUST02162,2024-05-14,UPI,Delivered
ORD014502,CUST09744,2026-02-27,Net Banking,Delivered
ORD014503,CUST03676,2026-08-15,Net Banking,Delivered
ORD014504,CUST09164,2025-09-11,Debit Card,Delivered
ORD014505,CUST01992,2024-08-04,Credit Card,Delivered
ORD014506,CUST09886,2025-04-10,Credit Card,Delivered
ORD014507,CUST00828,2025-02-28,UPI,Cancelled
ORD014508,CUST06505,2024-08-24,Net Banking,Delivered
ORD014509,CUST10429,2026-03-21,UPI,Pending
ORD014510,CUST00230,2025-08-11,Debit Card,Delivered
ORD014511,CUST00774,2026-06-22,UPI,Delivered
ORD014512,CUST10535,2025-01-07,UPI,Pending
ORD014513,CUST08709,2025-05-09,Net Banking,Delivered
ORD014514,CUST04170,2025-10-15,Net Banking,Delivered
ORD014515,CUST03102,2025-04-09,Credit Card,Delivered
ORD014516,CUST10576,2025-08-11,Credit Card,Delivered
ORD014517,CUST03339,2025-06-06,Credit Card,Delivered
ORD014518,CUST06787,2024-01-10,UPI,Delivered
ORD014519,CUST03500,2025-04-09,UPI,Delivered
ORD014520,CUST09782,2026-07-13,COD,Returned
ORD014521,CUST03713,2024-11-06,Debit Card,Delivered
ORD014522,CUST09229,2025-05-28,COD,Delivered
ORD014523,CUST06719,2025-05-27,Debit Card,Cancelled
ORD014524,CUST03952,2025-07-12,Net Banking,Delivered
ORD014525,CUST09528,2024-03-31,UPI,Delivered
ORD014526,CUST03942,2025-08-17,COD,Delivered
ORD014527,CUST11331,2024-09-30,UPI,Delivered
ORD014528,CUST03998,2024-10-17,COD,Delivered
ORD014529,CUST05740,2025-01-11,Credit Card,Delivered
ORD014530,CUST06569,2025-12-13,Debit Card,Cancelled
ORD014531,CUST11354,2024-03-02,Credit Card,Pending
ORD014532,CUST01478,2025-06-20,UPI,Pending
ORD014533,CUST01612,2024-08-01,Net Banking,Delivered
ORD014534,CUST08144,2026-08-30,Net Banking,Delivered
ORD014535,CUST06774,2025-09-10,Credit Card,Delivered
ORD014536,CUST05718,2024-06-05,COD,Delivered
ORD014537,CUST04620,2026-06-01,Credit Card,Delivered
ORD014538,CUST11684,2025-04-14,Net Banking,Delivered
ORD014539,CUST02866,2025-08-14,Credit Card,Delivered
ORD014540,CUST09489,2025-05-21,Debit Card,Delivered
ORD014541,CUST05352,2025-10-20,Credit Card,Cancelled
ORD014542,CUST01696,2025-12-12,COD,Returned
ORD014543,CUST04269,2025-12-16,UPI,Delivered
ORD014544,CUST06053,2026-06-03,Credit Card,Delivered
ORD014545,CUST08899,2025-12-06,Debit Card,Delivered
ORD014546,CUST01817,2024-11-20,COD,Delivered
ORD014547,CUST07251,2025-12-18,Debit Card,Delivered
ORD014548,CUST11366,2024-07-26,COD,Delivered
ORD014549,CUST11057,2026-01-24,Net Banking,Delivered
ORD014550,CUST09259,2024-04-07,Net Banking,Delivered
ORD014551,CUST11503,2026-01-15,UPI,Delivered
ORD014552,CUST10010,2024-01-10,UPI,Delivered
ORD014553,CUST03381,2025-12-12,COD,Delivered
ORD014554,CUST08421,2025-09-11,Debit Card,Delivered
ORD014555,CUST10772,2026-03-03,Debit Card,Delivered
ORD014556,CUST01669,2024-04-24,Credit Card,Delivered
ORD014557,CUST11072,2025-06-22,Net Banking,Delivered
ORD014558,CUST08624,2025-03-20,Credit Card,Delivered
ORD014559,CUST00936,2025-06-05,UPI,Delivered
ORD014560,CUST02046,2026-07-20,Net Banking,Delivered
ORD014561,CUST01816,2025-07-04,Debit Card,Delivered
ORD014562,CUST00838,2025-01-25,Net Banking,Delivered
ORD014563,CUST00908,2026-02-21,UPI,Delivered
ORD014564,CUST04736,2025-01-04,Net Banking,Delivered
ORD014565,CUST05892,2025-10-14,UPI,Delivered
ORD014566,CUST08816,2025-06-28,Debit Card,Returned
ORD014567,CUST06827,2024-12-20,COD,Delivered
ORD014568,CUST07860,2026-08-19,Net Banking,Delivered
ORD014569,CUST09925,2024-04-13,COD,Delivered
ORD014570,CUST01421,2025-06-06,UPI,Delivered
ORD014571,CUST08450,2025-02-08,Net Banking,Delivered
ORD014572,CUST08556,2026-08-31,Debit Card,Delivered
ORD014573,CUST07261,2025-12-29,Net Banking,Cancelled
ORD014574,CUST05588,2025-10-24,Debit Card,Delivered
ORD014575,CUST00345,2025-07-09,UPI,Delivered
ORD014576,CUST00676,2026-08-18,COD,Delivered
ORD014577,CUST07690,2025-08-04,Credit Card,Delivered
ORD014578,CUST03463,2026-07-20,Credit Card,Cancelled
ORD014579,CUST06706,2025-01-12,Net Banking,Delivered
ORD014580,CUST11029,2025-03-21,COD,Pending
ORD014581,CUST04182,2026-01-22,Debit Card,Pending
ORD014582,CUST06190,2024-07-28,Credit Card,Delivered
ORD014583,CUST11218,2024-08-28,COD,Delivered
ORD014584,CUST10585,2024-06-18,COD,Delivered
ORD014585,CUST04344,2024-12-22,UPI,Delivered
ORD014586,CUST07573,2026-08-22,Credit Card,Cancelled
ORD014587,CUST05233,2025-03-11,UPI,Delivered
ORD014588,CUST09182,2026-06-15,COD,Delivered
ORD014589,CUST01440,2025-02-17,Credit Card,Delivered
ORD014590,CUST03043,2024-05-08,Debit Card,Delivered
ORD014591,CUST08206,2025-03-07,Net Banking,Delivered
ORD014592,CUST11902,2025-02-01,COD,Delivered
ORD014593,CUST01322,2026-01-01,Debit Card,Cancelled
ORD014594,CUST11033,2026-07-15,Net Banking,Delivered
ORD014595,CUST07581,2025-12-02,Credit Card,Pending
ORD014596,CUST04861,2024-03-27,Debit Card,Pending
ORD014597,CUST10216,2024-08-21,Debit Card,Delivered
ORD014598,CUST05408,2026-07-15,Net Banking,Delivered
ORD014599,CUST00011,2025-01-11,Debit Card,Delivered
ORD014600,CUST04252,2025-10-08,Credit Card,Delivered
ORD014601,CUST04549,2025-02-07,Credit Card,Delivered
ORD014602,CUST01792,2024-03-24,COD,Delivered
ORD014603,CUST08931,2025-02-18,Net Banking,Delivered
ORD014604,CUST04148,2026-02-15,UPI,Delivered
ORD014605,CUST07849,2024-09-23,Credit Card,Delivered
ORD014606,CUST05299,2024-01-06,UPI,Delivered
ORD014607,CUST09863,2025-03-02,Debit Card,Delivered
ORD014608,CUST09179,2024-02-28,Net Banking,Delivered
ORD014609,CUST11116,2025-09-13,Net Banking,Delivered
ORD014610,CUST07791,2024-01-18,Credit Card,Delivered
ORD014611,CUST06201,2026-06-13,Credit Card,Delivered
ORD014612,CUST08155,2026-03-07,Net Banking,Delivered
ORD014613,CUST11225,2026-06-15,UPI,Delivered
ORD014614,CUST07126,2025-01-08,Net Banking,Delivered
ORD014615,CUST08203,2024-02-13,COD,Returned
ORD014616,CUST10270,2024-06-09,Net Banking,Delivered
ORD014617,CUST01500,2024-11-18,UPI,Delivered
ORD014618,CUST04817,2024-02-07,Debit Card,Delivered
ORD014619,CUST02867,2024-08-24,UPI,Returned
ORD014620,CUST02389,2025-09-04,Net Banking,Delivered
ORD014621,CUST04914,2025-11-11,Net Banking,Delivered
ORD014622,CUST08448,2024-09-28,Debit Card,Delivered
ORD014623,CUST03244,2024-10-20,COD,Returned
ORD014624,CUST08719,2024-03-03,Credit Card,Delivered
ORD014625,CUST07790,2024-08-14,UPI,Delivered
ORD014626,CUST07682,2024-12-11,UPI,Returned
ORD014627,CUST07064,2026-01-09,Net Banking,Pending
ORD014628,CUST03766,2026-05-02,UPI,Delivered
ORD014629,CUST10452,2024-09-21,Debit Card,Delivered
ORD014630,CUST05923,2025-02-14,COD,Returned
ORD014631,CUST00341,2025-02-18,Net Banking,Delivered
ORD014632,CUST09981,2024-05-22,Credit Card,Returned
ORD014633,CUST10717,2024-08-11,Debit Card,Delivered
ORD014634,CUST07802,2026-07-13,Credit Card,Delivered
ORD014635,CUST07011,2026-02-15,UPI,Delivered
ORD014636,CUST01011,2026-03-22,UPI,Delivered
ORD014637,CUST11174,2024-04-10,COD,Delivered
ORD014638,CUST09754,2024-07-27,Credit Card,Delivered
ORD014639,CUST11796,2024-08-28,Debit Card,Delivered
ORD014640,CUST08484,2025-03-19,Credit Card,Delivered
ORD014641,CUST02880,2024-11-29,Credit Card,Delivered
ORD014642,CUST00555,2024-02-08,Credit Card,Delivered
ORD014643,CUST02728,2025-11-21,Credit Card,Delivered
ORD014644,CUST09110,2025-07-05,UPI,Returned
ORD014645,CUST08397,2026-01-27,COD,Delivered
ORD014646,CUST08271,2024-03-03,Debit Card,Delivered
ORD014647,CUST00528,2025-10-07,Net Banking,Delivered
ORD014648,CUST06617,2024-02-07,UPI,Delivered
ORD014649,CUST03843,2025-02-19,UPI,Delivered
ORD014650,CUST11077,2024-09-18,Debit Card,Delivered
ORD014651,CUST09115,2024-04-24,Debit Card,Delivered
ORD014652,CUST06241,2024-11-05,COD,Delivered
ORD014653,CUST01960,2025-07-16,Net Banking,Delivered
ORD014654,CUST07782,2024-04-26,UPI,Delivered
ORD014655,CUST07684,2026-01-05,COD,Returned
ORD014656,CUST00614,2024-04-07,UPI,Delivered
ORD014657,CUST11060,2024-06-10,COD,Delivered
ORD014658,CUST00248,2024-11-27,COD,Delivered
ORD014659,CUST10036,2025-01-27,Net Banking,Returned
ORD014660,CUST06773,2026-06-19,Credit Card,Delivered
ORD014661,CUST11586,2026-04-28,UPI,Cancelled
ORD014662,CUST07614,2024-08-07,COD,Returned
ORD014663,CUST03667,2025-01-04,COD,Pending
ORD014664,CUST01216,2025-07-26,Debit Card,Delivered
ORD014665,CUST11192,2024-08-01,Credit Card,Delivered
ORD014666,CUST05131,2026-06-20,Debit Card,Cancelled
ORD014667,CUST01187,2025-11-20,Credit Card,Cancelled
ORD014668,CUST04513,2024-02-01,Net Banking,Delivered
ORD014669,CUST11842,2025-02-06,Net Banking,Delivered
ORD014670,CUST01016,2025-01-06,Debit Card,Delivered
ORD014671,CUST05505,2025-07-23,Debit Card,Delivered
ORD014672,CUST00033,2024-02-17,Credit Card,Delivered
ORD014673,CUST04173,2025-09-12,Credit Card,Delivered
ORD014674,CUST11931,2024-09-29,Debit Card,Delivered
ORD014675,CUST05569,2024-11-11,Debit Card,Returned
ORD014676,CUST00874,2024-05-17,COD,Delivered
ORD014677,CUST02269,2025-12-19,UPI,Returned
ORD014678,CUST05293,2024-02-19,Debit Card,Returned
ORD014679,CUST10088,2024-12-24,Credit Card,Delivered
ORD014680,CUST06230,2025-07-03,COD,Cancelled
ORD014681,CUST00300,2025-09-15,Net Banking,Pending
ORD014682,CUST05928,2025-11-10,Net Banking,Delivered
ORD014683,CUST10797,2025-10-04,Net Banking,Delivered
ORD014684,CUST05762,2026-01-03,COD,Cancelled
ORD014685,CUST08628,2024-11-30,Debit Card,Delivered
ORD014686,CUST07185,2024-12-12,UPI,Delivered
ORD014687,CUST08191,2024-01-31,Net Banking,Delivered
ORD014688,CUST02098,2026-02-22,Debit Card,Delivered
ORD014689,CUST10744,2024-01-28,Net Banking,Delivered
ORD014690,CUST09072,2025-03-04,Net Banking,Delivered
ORD014691,CUST08069,2026-05-21,Net Banking,Pending
ORD014692,CUST09140,2024-06-13,Credit Card,Delivered
ORD014693,CUST06576,2025-03-02,COD,Delivered
ORD014694,CUST08973,2024-11-24,COD,Delivered
ORD014695,CUST04023,2024-03-13,Credit Card,Cancelled
ORD014696,CUST09378,2026-08-29,Net Banking,Delivered
ORD014697,CUST04919,2026-07-12,COD,Delivered
ORD014698,CUST10590,2026-04-18,COD,Delivered
ORD014699,CUST04098,2024-11-11,COD,Delivered
ORD014700,CUST10956,2026-04-11,Net Banking,Pending
ORD014701,CUST09046,2026-04-07,Net Banking,Delivered
ORD014702,CUST09062,2024-04-08,COD,Delivered
ORD014703,CUST10672,2024-02-05,UPI,Delivered
ORD014704,CUST09049,2026-07-31,Debit Card,Delivered
ORD014705,CUST04008,2025-11-08,Debit Card,Delivered
ORD014706,CUST01639,2024-07-11,Net Banking,Delivered
ORD014707,CUST05564,2024-02-03,UPI,Delivered
ORD014708,CUST10735,2025-10-23,UPI,Delivered
ORD014709,CUST10773,2024-04-03,UPI,Delivered
ORD014710,CUST04370,2025-11-21,Credit Card,Delivered
ORD014711,CUST08147,2025-12-12,Credit Card,Delivered
ORD014712,CUST05965,2026-03-23,COD,Returned
ORD014713,CUST08793,2024-11-22,UPI,Cancelled
ORD014714,CUST09424,2026-02-08,Debit Card,Delivered
ORD014715,CUST01133,2026-08-11,Credit Card,Delivered
ORD014716,CUST02810,2025-08-28,Net Banking,Pending
ORD014717,CUST08767,2025-01-30,Net Banking,Delivered
ORD014718,CUST06877,2026-05-17,UPI,Delivered
ORD014719,CUST03772,2026-05-19,COD,Delivered
ORD014720,CUST00686,2026-03-05,UPI,Delivered
ORD014721,CUST05136,2024-04-07,Net Banking,Delivered
ORD014722,CUST02262,2026-07-22,Net Banking,Delivered
ORD014723,CUST00684,2026-04-22,COD,Delivered
ORD014724,CUST04748,2025-05-19,Credit Card,Delivered
ORD014725,CUST10987,2025-02-07,COD,Delivered
ORD014726,CUST05440,2025-04-22,Debit Card,Cancelled
ORD014727,CUST10714,2026-07-27,Net Banking,Delivered
ORD014728,CUST07836,2024-10-14,Debit Card,Delivered
ORD014729,CUST02844,2025-12-30,Net Banking,Delivered
ORD014730,CUST06759,2024-05-30,Net Banking,Pending
ORD014731,CUST04964,2025-07-06,UPI,Returned
ORD014732,CUST04006,2024-03-28,Net Banking,Delivered
ORD014733,CUST11191,2024-01-02,Net Banking,Cancelled
ORD014734,CUST09978,2024-03-02,Net Banking,Returned
ORD014735,CUST06815,2026-01-14,Net Banking,Delivered
ORD014736,CUST10303,2026-01-05,UPI,Returned
ORD014737,CUST04172,2025-09-23,UPI,Returned
ORD014738,CUST09675,2025-07-18,Debit Card,Cancelled
ORD014739,CUST04484,2024-02-26,Debit Card,Delivered
ORD014740,CUST08043,2025-07-13,Debit Card,Delivered
ORD014741,CUST08537,2024-07-25,COD,Delivered
ORD014742,CUST05484,2025-10-07,UPI,Cancelled
ORD014743,CUST05396,2026-06-30,UPI,Delivered
ORD014744,CUST05576,2026-06-25,Credit Card,Pending
ORD014745,CUST11090,2025-09-12,Credit Card,Delivered
ORD014746,CUST07462,2024-10-28,Credit Card,Returned
ORD014747,CUST06473,2024-03-13,Debit Card,Delivered
ORD014748,CUST09624,2024-02-26,Net Banking,Cancelled
ORD014749,CUST07153,2026-08-20,COD,Delivered
ORD014750,CUST03117,2024-09-19,UPI,Cancelled
ORD014751,CUST11597,2026-03-30,Debit Card,Delivered
ORD014752,CUST08009,2025-03-11,COD,Returned
ORD014753,CUST01730,2024-01-30,UPI,Delivered
ORD014754,CUST03509,2025-07-20,COD,Returned
ORD014755,CUST01904,2024-05-29,COD,Delivered
ORD014756,CUST03521,2026-02-10,UPI,Cancelled
ORD014757,CUST05384,2024-01-05,COD,Delivered
ORD014758,CUST09688,2026-07-06,Credit Card,Delivered
ORD014759,CUST03106,2024-11-19,Credit Card,Delivered
ORD014760,CUST05258,2025-05-23,COD,Delivered
ORD014761,CUST09069,2024-12-25,Debit Card,Delivered
ORD014762,CUST00385,2024-05-11,Net Banking,Delivered
ORD014763,CUST07671,2025-11-13,UPI,Pending
ORD014764,CUST05687,2026-05-26,Debit Card,Delivered
ORD014765,CUST03423,2025-06-10,Net Banking,Delivered
ORD014766,CUST10839,2025-01-14,UPI,Delivered
ORD014767,CUST11746,2025-02-03,Net Banking,Delivered
ORD014768,CUST08271,2024-08-21,UPI,Delivered
ORD014769,CUST04547,2025-08-18,Credit Card,Delivered
ORD014770,CUST00787,2025-11-28,Debit Card,Delivered
ORD014771,CUST03371,2025-04-02,Net Banking,Delivered
ORD014772,CUST03623,2024-10-15,Credit Card,Delivered
ORD014773,CUST00231,2025-08-29,Debit Card,Delivered
ORD014774,CUST04507,2024-08-17,COD,Delivered
ORD014775,CUST04502,2024-08-23,Debit Card,Delivered
ORD014776,CUST04913,2024-09-12,Debit Card,Delivered
ORD014777,CUST05434,2026-08-18,Credit Card,Delivered
ORD014778,CUST05327,2024-10-07,Credit Card,Delivered
ORD014779,CUST03624,2024-10-19,Net Banking,Cancelled
ORD014780,CUST07786,2024-01-18,Net Banking,Delivered
ORD014781,CUST05903,2024-10-07,COD,Pending
ORD014782,CUST07456,2025-01-10,Credit Card,Delivered
ORD014783,CUST03423,2025-02-02,Credit Card,Delivered
ORD014784,CUST00056,2026-08-21,Debit Card,Delivered
ORD014785,CUST11367,2025-06-30,Debit Card,Delivered
ORD014786,CUST06097,2026-04-15,COD,Delivered
ORD014787,CUST05172,2026-07-26,Debit Card,Delivered
ORD014788,CUST03021,2024-05-04,Debit Card,Delivered
ORD014789,CUST00998,2024-09-12,Net Banking,Returned
ORD014790,CUST03301,2026-05-01,COD,Delivered
ORD014791,CUST02768,2024-01-12,Net Banking,Delivered
ORD014792,CUST08476,2025-08-28,COD,Delivered
ORD014793,CUST05880,2026-05-22,Net Banking,Delivered
ORD014794,CUST01432,2024-05-29,Net Banking,Returned
ORD014795,CUST08574,2025-02-23,COD,Pending
ORD014796,CUST10942,2025-02-21,Debit Card,Delivered
ORD014797,CUST11269,2025-04-19,UPI,Cancelled
ORD014798,CUST03756,2026-07-09,Credit Card,Delivered
ORD014799,CUST06103,2025-02-26,COD,Delivered
ORD014800,CUST08498,2026-08-29,UPI,Cancelled
ORD014801,CUST07125,2025-07-24,Net Banking,Returned
ORD014802,CUST00641,2026-08-29,Debit Card,Delivered
ORD014803,CUST11712,2025-12-25,Net Banking,Cancelled
ORD014804,CUST11725,2025-03-09,COD,Delivered
ORD014805,CUST05868,2024-03-01,UPI,Delivered
ORD014806,CUST07624,2024-06-09,Net Banking,Delivered
ORD014807,CUST09473,2025-01-25,Debit Card,Delivered
ORD014808,CUST00143,2024-05-26,COD,Delivered
ORD014809,CUST04298,2025-10-21,COD,Delivered
ORD014810,CUST07169,2024-05-12,Net Banking,Delivered
ORD014811,CUST03022,2024-08-09,Debit Card,Delivered
ORD014812,CUST05613,2025-09-18,COD,Returned
ORD014813,CUST01844,2026-02-13,COD,Delivered
ORD014814,CUST08938,2025-02-07,Net Banking,Pending
ORD014815,CUST00553,2025-11-17,UPI,Delivered
ORD014816,CUST05951,2025-12-21,Credit Card,Delivered
ORD014817,CUST00942,2026-01-26,Debit Card,Delivered
ORD014818,CUST00277,2024-04-07,COD,Delivered
ORD014819,CUST06895,2024-05-14,COD,Delivered
ORD014820,CUST08563,2025-04-03,COD,Returned
ORD014821,CUST10292,2025-12-22,UPI,Cancelled
ORD014822,CUST08095,2026-05-01,Credit Card,Pending
ORD014823,CUST04562,2025-07-29,Net Banking,Cancelled
ORD014824,CUST11174,2024-11-17,Debit Card,Delivered
ORD014825,CUST08803,2026-02-13,UPI,Delivered
ORD014826,CUST00068,2024-03-31,COD,Pending
ORD014827,CUST03321,2026-02-21,Credit Card,Delivered
ORD014828,CUST01794,2024-12-04,Credit Card,Delivered
ORD014829,CUST02915,2024-02-03,Credit Card,Delivered
ORD014830,CUST00338,2026-04-13,Net Banking,Delivered
ORD014831,CUST09666,2026-07-12,Debit Card,Returned
ORD014832,CUST07259,2025-12-06,COD,Delivered
ORD014833,CUST06969,2024-09-23,UPI,Delivered
ORD014834,CUST05736,2024-07-16,UPI,Delivered
ORD014835,CUST04935,2026-08-09,UPI,Delivered
ORD014836,CUST00766,2025-02-10,UPI,Delivered
ORD014837,CUST10537,2025-05-08,COD,Delivered
ORD014838,CUST08809,2025-06-05,Debit Card,Delivered
ORD014839,CUST07394,2025-04-25,COD,Delivered
ORD014840,CUST10503,2025-12-23,UPI,Delivered
ORD014841,CUST08761,2024-07-21,Debit Card,Cancelled
ORD014842,CUST02174,2026-07-08,Net Banking,Delivered
ORD014843,CUST10333,2025-03-19,Debit Card,Delivered
ORD014844,CUST11385,2026-06-06,Net Banking,Returned
ORD014845,CUST11144,2025-08-26,COD,Returned
ORD014846,CUST11779,2025-09-12,Net Banking,Delivered
ORD014847,CUST02152,2024-01-12,Net Banking,Delivered
ORD014848,CUST02720,2024-04-30,Debit Card,Delivered
ORD014849,CUST01747,2026-01-01,COD,Cancelled
ORD014850,CUST06468,2026-06-05,Debit Card,Delivered
ORD014851,CUST02387,2025-05-31,Credit Card,Delivered
ORD014852,CUST01205,2026-02-25,Net Banking,Delivered
ORD014853,CUST00588,2024-11-23,Debit Card,Delivered
ORD014854,CUST00907,2024-08-23,COD,Delivered
ORD014855,CUST11936,2025-07-02,Debit Card,Delivered
ORD014856,CUST04614,2024-01-28,Credit Card,Pending
ORD014857,CUST01702,2024-10-26,Net Banking,Delivered
ORD014858,CUST03895,2024-06-19,Credit Card,Delivered
ORD014859,CUST10140,2024-07-15,Credit Card,Delivered
ORD014860,CUST00794,2026-04-19,Net Banking,Returned
ORD014861,CUST11254,2026-01-21,Credit Card,Delivered
ORD014862,CUST09442,2025-12-28,Net Banking,Delivered
ORD014863,CUST09325,2025-09-23,Net Banking,Cancelled
ORD014864,CUST09331,2024-10-02,UPI,Cancelled
ORD014865,CUST09814,2024-12-20,COD,Delivered
ORD014866,CUST03590,2024-05-13,Debit Card,Delivered
ORD014867,CUST06623,2024-11-20,Debit Card,Cancelled
ORD014868,CUST02827,2026-08-27,COD,Delivered
ORD014869,CUST10578,2026-06-03,Credit Card,Delivered
ORD014870,CUST06008,2024-08-07,COD,Delivered
ORD014871,CUST08451,2024-05-07,Net Banking,Delivered
ORD014872,CUST04849,2026-02-18,Net Banking,Cancelled
ORD014873,CUST07785,2025-09-20,Debit Card,Delivered
ORD014874,CUST03699,2025-02-02,UPI,Delivered
ORD014875,CUST09650,2025-03-26,Credit Card,Delivered
ORD014876,CUST04454,2025-08-21,COD,Returned
ORD014877,CUST09464,2025-07-28,Net Banking,Delivered
ORD014878,CUST09937,2026-06-03,Net Banking,Returned
ORD014879,CUST10679,2025-05-14,UPI,Delivered
ORD014880,CUST04638,2026-07-20,Net Banking,Delivered
ORD014881,CUST10995,2024-01-07,COD,Delivered
ORD014882,CUST11445,2024-09-13,Debit Card,Delivered
ORD014883,CUST09778,2024-11-23,Debit Card,Delivered
ORD014884,CUST08415,2024-08-06,Credit Card,Delivered
ORD014885,CUST02208,2026-08-02,COD,Delivered
ORD014886,CUST05240,2025-10-23,Net Banking,Delivered
ORD014887,CUST07168,2024-11-03,Net Banking,Delivered
ORD014888,CUST01363,2026-05-12,COD,Delivered
ORD014889,CUST03849,2025-07-08,Debit Card,Cancelled
ORD014890,CUST08049,2024-10-21,Net Banking,Delivered
ORD014891,CUST03494,2025-12-15,Net Banking,Delivered
ORD014892,CUST03475,2024-06-19,COD,Delivered
ORD014893,CUST08996,2025-03-13,Credit Card,Returned
ORD014894,CUST04875,2025-10-22,COD,Delivered
ORD014895,CUST04596,2024-04-26,Net Banking,Delivered
ORD014896,CUST06735,2024-01-15,COD,Delivered
ORD014897,CUST04056,2026-05-09,COD,Delivered
ORD014898,CUST08383,2025-11-08,Credit Card,Delivered
ORD014899,CUST03669,2025-01-13,Debit Card,Delivered
ORD014900,CUST07804,2024-10-05,COD,Delivered
ORD014901,CUST03658,2025-08-25,COD,Delivered
ORD014902,CUST00499,2024-07-29,Credit Card,Delivered
ORD014903,CUST09568,2026-01-18,Net Banking,Delivered
ORD014904,CUST11553,2024-12-01,UPI,Pending
ORD014905,CUST09265,2024-07-22,UPI,Pending
ORD014906,CUST04275,2026-03-29,Net Banking,Delivered
ORD014907,CUST08882,2026-03-01,Net Banking,Cancelled
ORD014908,CUST03608,2024-06-27,Net Banking,Returned
ORD014909,CUST03349,2026-08-24,Debit Card,Delivered
ORD014910,CUST06554,2025-01-04,Debit Card,Cancelled
ORD014911,CUST10833,2024-09-04,Credit Card,Returned
ORD014912,CUST11411,2024-02-15,Net Banking,Delivered
ORD014913,CUST05827,2026-01-30,COD,Cancelled
ORD014914,CUST07629,2026-01-19,Net Banking,Delivered
ORD014915,CUST00578,2024-09-02,Net Banking,Returned
ORD014916,CUST00064,2024-04-03,COD,Delivered
ORD014917,CUST08557,2026-04-08,Credit Card,Pending
ORD014918,CUST09696,2025-02-03,Net Banking,Delivered
ORD014919,CUST06561,2025-01-04,COD,Cancelled
ORD014920,CUST03616,2024-02-29,UPI,Pending
ORD014921,CUST03516,2025-02-19,UPI,Delivered
ORD014922,CUST07555,2024-06-17,COD,Returned
ORD014923,CUST08042,2025-03-19,Net Banking,Delivered
ORD014924,CUST10247,2025-02-08,Debit Card,Delivered
ORD014925,CUST03697,2024-09-10,Debit Card,Returned
ORD014926,CUST01213,2025-03-27,Net Banking,Delivered
ORD014927,CUST06398,2025-06-02,COD,Delivered
ORD014928,CUST11868,2026-01-16,Credit Card,Delivered
ORD014929,CUST01544,2024-11-21,Debit Card,Delivered
ORD014930,CUST07922,2024-10-02,UPI,Delivered
ORD014931,CUST05631,2024-06-20,Credit Card,Delivered
ORD014932,CUST02787,2024-10-26,UPI,Cancelled
ORD014933,CUST03070,2024-05-19,Net Banking,Delivered
ORD014934,CUST02841,2024-02-28,Credit Card,Delivered
ORD014935,CUST06366,2025-04-06,Net Banking,Cancelled
ORD014936,CUST04512,2024-08-21,Debit Card,Delivered
ORD014937,CUST06048,2025-11-04,Net Banking,Delivered
ORD014938,CUST09497,2024-08-31,Debit Card,Pending
ORD014939,CUST05658,2026-03-22,Debit Card,Returned
ORD014940,CUST07176,2025-08-15,COD,Delivered
ORD014941,CUST08389,2024-10-22,Net Banking,Cancelled
ORD014942,CUST04075,2025-10-03,Credit Card,Delivered
ORD014943,CUST06083,2025-12-01,Credit Card,Delivered
ORD014944,CUST09703,2025-06-16,COD,Delivered
ORD014945,CUST07904,2025-10-13,Net Banking,Delivered
ORD014946,CUST07366,2025-05-24,COD,Delivered
ORD014947,CUST01271,2024-09-08,Debit Card,Delivered
ORD014948,CUST04872,2026-08-30,Net Banking,Cancelled
ORD014949,CUST03259,2025-03-24,Credit Card,Delivered
ORD014950,CUST08325,2025-04-10,Debit Card,Delivered
ORD014951,CUST04941,2025-08-12,COD,Delivered
ORD014952,CUST07565,2024-08-10,COD,Delivered
ORD014953,CUST03190,2024-03-28,COD,Delivered
ORD014954,CUST03630,2024-05-19,Net Banking,Delivered
ORD014955,CUST03204,2024-11-03,COD,Delivered
ORD014956,CUST09248,2025-12-29,Debit Card,Delivered
ORD014957,CUST10337,2026-01-09,Net Banking,Delivered
ORD014958,CUST05710,2025-06-09,Net Banking,Delivered
ORD014959,CUST11603,2026-07-02,Debit Card,Delivered
ORD014960,CUST00883,2025-10-25,Credit Card,Delivered
ORD014961,CUST10627,2025-10-27,Net Banking,Delivered
ORD014962,CUST04916,2025-04-22,Debit Card,Delivered
ORD014963,CUST11017,2026-08-14,Net Banking,Delivered
ORD014964,CUST02233,2025-12-08,Credit Card,Pending
ORD014965,CUST03006,2025-07-29,Credit Card,Delivered
ORD014966,CUST01208,2024-06-16,UPI,Delivered
ORD014967,CUST01918,2025-10-30,Net Banking,Delivered
ORD014968,CUST02780,2024-05-25,Net Banking,Delivered
ORD014969,CUST10242,2025-12-08,Debit Card,Delivered
ORD014970,CUST03043,2024-11-10,Debit Card,Delivered
ORD014971,CUST03551,2025-09-26,UPI,Cancelled
ORD014972,CUST01486,2024-04-06,Debit Card,Delivered
ORD014973,CUST04495,2025-03-15,Credit Card,Delivered
ORD014974,CUST01063,2024-12-30,COD,Delivered
ORD014975,CUST04642,2025-07-31,Net Banking,Pending
ORD014976,CUST08934,2025-01-05,UPI,Returned
ORD014977,CUST07851,2026-02-18,Net Banking,Delivered
ORD014978,CUST06395,2026-02-28,UPI,Delivered
ORD014979,CUST01453,2025-03-21,COD,Delivered
ORD014980,CUST01377,2025-02-13,UPI,Delivered
ORD014981,CUST00383,2025-10-15,UPI,Delivered
ORD014982,CUST00067,2026-02-15,COD,Delivered
ORD014983,CUST06846,2025-12-14,Debit Card,Delivered
ORD014984,CUST03904,2024-09-19,Credit Card,Delivered
ORD014985,CUST10114,2026-05-22,UPI,Delivered
ORD014986,CUST04851,2025-03-06,Credit Card,Returned
ORD014987,CUST01436,2025-11-28,UPI,Delivered
ORD014988,CUST01654,2026-02-26,COD,Delivered
ORD014989,CUST06825,2025-08-13,Credit Card,Delivered
ORD014990,CUST05490,2026-08-09,Net Banking,Delivered
ORD014991,CUST08791,2025-05-23,Credit Card,Delivered
ORD014992,CUST09825,2025-03-02,COD,Delivered
ORD014993,CUST09652,2025-01-04,Debit Card,Delivered
ORD014994,CUST09998,2026-05-15,Debit Card,Returned
ORD014995,CUST08253,2026-08-13,Credit Card,Returned
ORD014996,CUST06194,2024-06-28,COD,Delivered
ORD014997,CUST03597,2024-04-24,Debit Card,Pending
ORD014998,CUST05316,2025-12-28,Debit Card,Delivered
ORD014999,CUST07538,2025-12-06,Debit Card,Delivered
ORD015000,CUST09491,2025-06-15,Credit Card,Delivered
ORD015001,CUST02264,2026-06-27,Debit Card,Delivered
ORD015002,CUST05412,2026-03-03,COD,Delivered
ORD015003,CUST11590,2024-04-30,COD,Delivered
ORD015004,CUST10765,2024-02-05,Net Banking,Returned
ORD015005,CUST06680,2024-01-03,Debit Card,Delivered
ORD015006,CUST00174,2024-02-16,Net Banking,Delivered
ORD015007,CUST03855,2024-05-19,Net Banking,Delivered
ORD015008,CUST01454,2025-11-30,Debit Card,Delivered
ORD015009,CUST11122,2024-08-12,Net Banking,Cancelled
ORD015010,CUST10846,2026-03-06,Debit Card,Delivered
ORD015011,CUST00608,2025-08-09,UPI,Returned
ORD015012,CUST08162,2025-08-15,COD,Delivered
ORD015013,CUST07058,2026-01-13,UPI,Delivered
ORD015014,CUST08147,2026-06-28,Credit Card,Delivered
ORD015015,CUST09970,2024-01-31,Credit Card,Cancelled
ORD015016,CUST07887,2024-09-05,Net Banking,Delivered
ORD015017,CUST05782,2024-07-15,UPI,Delivered
ORD015018,CUST02841,2024-04-20,UPI,Delivered
ORD015019,CUST02840,2025-12-06,Debit Card,Delivered
ORD015020,CUST07046,2024-11-11,Net Banking,Delivered
ORD015021,CUST11428,2026-05-20,COD,Delivered
ORD015022,CUST01418,2024-03-17,UPI,Delivered
ORD015023,CUST11532,2025-06-15,UPI,Returned
ORD015024,CUST03109,2025-06-06,Debit Card,Delivered
ORD015025,CUST08722,2026-08-31,Debit Card,Delivered
ORD015026,CUST08680,2024-12-27,COD,Delivered
ORD015027,CUST01321,2025-10-05,Net Banking,Delivered
ORD015028,CUST04425,2025-11-22,Debit Card,Delivered
ORD015029,CUST00097,2025-07-12,Credit Card,Delivered
ORD015030,CUST09710,2025-09-25,UPI,Delivered
ORD015031,CUST05137,2026-08-20,Credit Card,Pending
ORD015032,CUST05667,2025-10-12,Credit Card,Returned
ORD015033,CUST06480,2026-06-02,UPI,Returned
ORD015034,CUST08616,2025-07-15,UPI,Delivered
ORD015035,CUST01852,2024-08-04,Debit Card,Delivered
ORD015036,CUST08623,2025-02-10,Net Banking,Delivered
ORD015037,CUST01918,2025-12-21,UPI,Delivered
ORD015038,CUST02758,2025-03-21,Net Banking,Delivered
ORD015039,CUST11178,2024-02-22,UPI,Returned
ORD015040,CUST03565,2024-12-16,Credit Card,Delivered
ORD015041,CUST01468,2025-10-15,Credit Card,Cancelled
ORD015042,CUST05871,2024-10-29,COD,Delivered
ORD015043,CUST04107,2025-06-13,Debit Card,Pending
ORD015044,CUST09033,2024-11-18,Debit Card,Delivered
ORD015045,CUST04635,2024-04-18,UPI,Delivered
ORD015046,CUST01635,2026-01-08,UPI,Delivered
ORD015047,CUST00126,2024-09-09,Debit Card,Delivered
ORD015048,CUST06266,2025-09-06,COD,Delivered
ORD015049,CUST00352,2026-07-07,UPI,Delivered
ORD015050,CUST08560,2024-04-04,Net Banking,Delivered
ORD015051,CUST08584,2025-03-19,UPI,Delivered
ORD015052,CUST00450,2024-07-05,Net Banking,Delivered
ORD015053,CUST07173,2024-12-09,Net Banking,Delivered
ORD015054,CUST03069,2025-07-15,Credit Card,Delivered
ORD015055,CUST00236,2024-07-07,Credit Card,Delivered
ORD015056,CUST07657,2025-10-18,COD,Delivered
ORD015057,CUST06347,2024-05-03,Credit Card,Returned
ORD015058,CUST06864,2025-07-19,Net Banking,Delivered
ORD015059,CUST07961,2026-05-08,COD,Returned
ORD015060,CUST04458,2026-02-15,Credit Card,Pending
ORD015061,CUST00793,2024-06-08,Credit Card,Delivered
ORD015062,CUST02379,2025-04-06,Net Banking,Delivered
ORD015063,CUST06718,2024-10-04,UPI,Delivered
ORD015064,CUST10561,2024-10-22,COD,Returned
ORD015065,CUST05857,2024-11-29,Credit Card,Delivered
ORD015066,CUST04353,2024-12-22,Net Banking,Pending
ORD015067,CUST02424,2024-09-04,Credit Card,Pending
ORD015068,CUST06772,2024-11-03,UPI,Pending
ORD015069,CUST02377,2025-04-06,Debit Card,Delivered
ORD015070,CUST05403,2024-06-04,COD,Delivered
ORD015071,CUST10534,2025-03-03,COD,Delivered
ORD015072,CUST10643,2026-08-07,Net Banking,Returned
ORD015073,CUST11048,2026-05-21,Net Banking,Delivered
ORD015074,CUST04817,2026-01-06,Credit Card,Pending
ORD015075,CUST00578,2024-10-30,COD,Returned
ORD015076,CUST05320,2024-01-22,Credit Card,Delivered
ORD015077,CUST11297,2026-05-21,Debit Card,Delivered
ORD015078,CUST09724,2024-08-16,COD,Returned
ORD015079,CUST03213,2025-11-05,Debit Card,Delivered
ORD015080,CUST04139,2026-03-23,Credit Card,Delivered
ORD015081,CUST03733,2024-10-10,UPI,Delivered
ORD015082,CUST02771,2024-03-07,Debit Card,Delivered
ORD015083,CUST06562,2025-08-20,UPI,Delivered
ORD015084,CUST04894,2025-05-08,COD,Delivered
ORD015085,CUST03154,2025-07-03,UPI,Delivered
ORD015086,CUST05752,2025-11-23,UPI,Delivered
ORD015087,CUST09124,2025-09-06,Credit Card,Delivered
ORD015088,CUST04871,2025-08-21,Credit Card,Delivered
ORD015089,CUST11017,2024-01-06,Credit Card,Delivered
ORD015090,CUST02093,2025-10-15,Credit Card,Delivered
ORD015091,CUST11794,2025-07-01,COD,Delivered
ORD015092,CUST08818,2025-04-12,Credit Card,Delivered
ORD015093,CUST11777,2024-11-02,COD,Delivered
ORD015094,CUST10212,2026-05-04,COD,Delivered
ORD015095,CUST01870,2024-03-17,UPI,Delivered
ORD015096,CUST11284,2025-07-09,COD,Delivered
ORD015097,CUST11615,2026-01-19,Credit Card,Returned
ORD015098,CUST01991,2024-02-14,Net Banking,Delivered
ORD015099,CUST04282,2025-01-05,UPI,Cancelled
ORD015100,CUST02680,2025-04-01,COD,Delivered
ORD015101,CUST08492,2025-09-15,UPI,Delivered
ORD015102,CUST00235,2026-07-25,COD,Delivered
ORD015103,CUST08079,2026-02-12,COD,Pending
ORD015104,CUST01105,2024-04-19,UPI,Delivered
ORD015105,CUST10267,2024-12-13,UPI,Delivered
ORD015106,CUST06440,2025-01-25,Debit Card,Cancelled
ORD015107,CUST00758,2024-07-29,Debit Card,Delivered
ORD015108,CUST11820,2024-12-16,Credit Card,Delivered
ORD015109,CUST04973,2024-08-14,COD,Delivered
ORD015110,CUST11098,2024-12-14,UPI,Delivered
ORD015111,CUST03244,2024-02-16,Net Banking,Delivered
ORD015112,CUST08965,2025-05-06,UPI,Delivered
ORD015113,CUST05985,2025-02-20,Debit Card,Delivered
ORD015114,CUST00380,2026-05-24,UPI,Delivered
ORD015115,CUST07877,2025-06-17,Net Banking,Delivered
ORD015116,CUST11413,2025-08-01,UPI,Delivered
ORD015117,CUST03906,2026-01-22,UPI,Delivered
ORD015118,CUST09079,2025-12-17,Net Banking,Returned
ORD015119,CUST11150,2024-04-13,Debit Card,Delivered
ORD015120,CUST10658,2025-06-08,UPI,Delivered
ORD015121,CUST02421,2025-05-02,Debit Card,Delivered
ORD015122,CUST07276,2025-05-02,Net Banking,Pending
ORD015123,CUST01017,2024-11-07,UPI,Delivered
ORD015124,CUST01340,2024-03-17,UPI,Returned
ORD015125,CUST11709,2024-01-12,COD,Delivered
ORD015126,CUST03502,2024-01-05,Credit Card,Delivered
ORD015127,CUST10725,2025-12-17,Net Banking,Delivered
ORD015128,CUST09877,2025-03-14,Debit Card,Delivered
ORD015129,CUST08411,2025-09-30,Net Banking,Returned
ORD015130,CUST09714,2026-04-23,COD,Delivered
ORD015131,CUST06393,2025-05-13,Net Banking,Returned
ORD015132,CUST10514,2026-04-21,Credit Card,Delivered
ORD015133,CUST00829,2024-09-09,Net Banking,Delivered
ORD015134,CUST08018,2025-06-10,Debit Card,Delivered
ORD015135,CUST03578,2025-07-31,Debit Card,Delivered
ORD015136,CUST02659,2024-10-20,Credit Card,Delivered
ORD015137,CUST00669,2025-12-20,COD,Delivered
ORD015138,CUST08028,2024-08-12,UPI,Returned
ORD015139,CUST04806,2024-04-07,UPI,Delivered
ORD015140,CUST06817,2024-02-24,Credit Card,Delivered
ORD015141,CUST09151,2025-12-29,Credit Card,Delivered
ORD015142,CUST03058,2026-08-08,Debit Card,Delivered
ORD015143,CUST09946,2024-10-29,Credit Card,Delivered
ORD015144,CUST06434,2025-12-30,Debit Card,Returned
ORD015145,CUST01143,2026-01-21,Net Banking,Delivered
ORD015146,CUST11895,2025-09-07,Debit Card,Delivered
ORD015147,CUST08241,2024-09-26,Debit Card,Delivered
ORD015148,CUST06294,2025-05-04,Net Banking,Delivered
ORD015149,CUST11733,2025-10-16,Debit Card,Returned
ORD015150,CUST03736,2024-06-11,UPI,Delivered
ORD015151,CUST00312,2024-06-07,Debit Card,Delivered
ORD015152,CUST11714,2025-02-21,Credit Card,Delivered
ORD015153,CUST08187,2025-12-13,Debit Card,Delivered
ORD015154,CUST09857,2024-09-19,Net Banking,Delivered
ORD015155,CUST04298,2026-03-16,Credit Card,Delivered
ORD015156,CUST07542,2025-01-17,Net Banking,Delivered
ORD015157,CUST11653,2026-06-15,Net Banking,Delivered
ORD015158,CUST08977,2024-08-02,UPI,Delivered
ORD015159,CUST00462,2025-06-09,COD,Delivered
ORD015160,CUST02453,2026-03-03,UPI,Delivered
ORD015161,CUST01030,2024-04-26,Net Banking,Pending
ORD015162,CUST06987,2025-01-26,Net Banking,Delivered
ORD015163,CUST06183,2025-02-27,Net Banking,Delivered
ORD015164,CUST00660,2026-02-12,Net Banking,Delivered
ORD015165,CUST06996,2026-04-26,Net Banking,Pending
ORD015166,CUST03797,2025-06-15,UPI,Delivered
ORD015167,CUST07798,2024-03-21,COD,Delivered
ORD015168,CUST11416,2025-08-30,Net Banking,Delivered
ORD015169,CUST05161,2024-07-05,COD,Delivered
ORD015170,CUST11383,2024-05-13,Credit Card,Delivered
ORD015171,CUST01626,2024-06-15,Debit Card,Returned
ORD015172,CUST03305,2025-10-11,Net Banking,Delivered
ORD015173,CUST03110,2024-05-16,Net Banking,Delivered
ORD015174,CUST05404,2026-01-10,Net Banking,Delivered
ORD015175,CUST01275,2024-06-10,Debit Card,Returned
ORD015176,CUST06922,2025-12-17,COD,Delivered
ORD015177,CUST11416,2026-04-02,UPI,Delivered
ORD015178,CUST05812,2026-04-22,Net Banking,Returned
ORD015179,CUST10608,2025-08-09,Debit Card,Returned
ORD015180,CUST07239,2026-05-11,Credit Card,Returned
ORD015181,CUST11479,2024-08-02,Debit Card,Delivered
ORD015182,CUST00215,2025-12-01,Net Banking,Pending
ORD015183,CUST10079,2024-11-10,COD,Delivered
ORD015184,CUST04978,2025-12-19,COD,Delivered
ORD015185,CUST06396,2026-05-27,Credit Card,Delivered
ORD015186,CUST03122,2024-04-26,Net Banking,Cancelled
ORD015187,CUST05871,2026-02-17,Credit Card,Pending
ORD015188,CUST03803,2025-06-08,Credit Card,Cancelled
ORD015189,CUST08102,2024-11-13,Net Banking,Delivered
ORD015190,CUST08082,2026-05-31,COD,Delivered
ORD015191,CUST10184,2024-03-11,COD,Delivered
ORD015192,CUST04451,2025-08-29,COD,Delivered
ORD015193,CUST06128,2024-08-28,COD,Cancelled
ORD015194,CUST00689,2024-12-28,COD,Delivered
ORD015195,CUST07185,2024-01-22,Credit Card,Delivered
ORD015196,CUST11212,2024-02-07,UPI,Delivered
ORD015197,CUST01399,2025-10-15,Net Banking,Delivered
ORD015198,CUST09814,2026-02-12,UPI,Delivered
ORD015199,CUST01910,2024-08-25,Credit Card,Delivered
ORD015200,CUST01845,2025-06-26,Net Banking,Cancelled
ORD015201,CUST02044,2026-06-11,Credit Card,Delivered
ORD015202,CUST04958,2024-02-20,Net Banking,Delivered
ORD015203,CUST03778,2025-01-21,Debit Card,Cancelled
ORD015204,CUST04741,2026-07-01,Credit Card,Delivered
ORD015205,CUST04994,2024-01-20,Credit Card,Delivered
ORD015206,CUST04798,2024-05-14,Debit Card,Cancelled
ORD015207,CUST09093,2025-02-04,COD,Delivered
ORD015208,CUST11345,2026-04-05,Debit Card,Delivered
ORD015209,CUST01727,2026-01-23,Debit Card,Returned
ORD015210,CUST02011,2025-04-18,UPI,Delivered
ORD015211,CUST02271,2025-05-12,UPI,Delivered
ORD015212,CUST03402,2024-04-26,COD,Returned
ORD015213,CUST02163,2025-10-28,UPI,Delivered
ORD015214,CUST06349,2025-06-08,COD,Pending
ORD015215,CUST02489,2025-05-02,Debit Card,Delivered
ORD015216,CUST10952,2025-05-31,UPI,Delivered
ORD015217,CUST05987,2024-03-05,COD,Delivered
ORD015218,CUST10615,2025-10-18,COD,Delivered
ORD015219,CUST02028,2024-06-13,UPI,Pending
ORD015220,CUST04863,2026-06-30,Net Banking,Returned
ORD015221,CUST06532,2025-10-19,UPI,Cancelled
ORD015222,CUST00958,2024-12-13,COD,Delivered
ORD015223,CUST10542,2024-09-15,Net Banking,Delivered
ORD015224,CUST04935,2026-07-02,UPI,Delivered
ORD015225,CUST09109,2026-07-25,Debit Card,Delivered
ORD015226,CUST04781,2024-09-01,Credit Card,Cancelled
ORD015227,CUST03948,2025-10-01,UPI,Delivered
ORD015228,CUST08674,2024-08-09,UPI,Delivered
ORD015229,CUST06806,2026-01-05,Credit Card,Delivered
ORD015230,CUST00262,2025-08-12,Net Banking,Delivered
ORD015231,CUST06739,2024-01-17,Credit Card,Delivered
ORD015232,CUST03968,2025-08-17,Net Banking,Delivered
ORD015233,CUST05019,2026-04-08,COD,Delivered
ORD015234,CUST01930,2025-11-17,Net Banking,Delivered
ORD015235,CUST09399,2024-11-23,Debit Card,Delivered
ORD015236,CUST11726,2025-08-02,Credit Card,Pending
ORD015237,CUST08866,2026-07-08,Debit Card,Delivered
ORD015238,CUST11424,2026-05-10,Debit Card,Returned
ORD015239,CUST02499,2025-03-06,Credit Card,Returned
ORD015240,CUST05683,2026-04-03,Net Banking,Delivered
ORD015241,CUST01134,2025-05-19,Debit Card,Delivered
ORD015242,CUST00080,2025-01-17,Debit Card,Delivered
ORD015243,CUST05543,2026-04-22,Net Banking,Returned
ORD015244,CUST07685,2025-05-26,Debit Card,Delivered
ORD015245,CUST04922,2024-11-27,UPI,Cancelled
ORD015246,CUST06033,2025-10-15,Credit Card,Delivered
ORD015247,CUST04503,2026-04-18,Net Banking,Delivered
ORD015248,CUST10714,2025-08-01,UPI,Delivered
ORD015249,CUST07273,2024-08-11,UPI,Delivered
ORD015250,CUST02110,2024-05-18,Net Banking,Delivered
ORD015251,CUST06151,2026-02-08,COD,Delivered
ORD015252,CUST06269,2024-09-29,Debit Card,Delivered
ORD015253,CUST10142,2025-11-12,Debit Card,Delivered
ORD015254,CUST05652,2026-04-05,COD,Delivered
ORD015255,CUST05488,2024-05-04,COD,Delivered
ORD015256,CUST10847,2024-10-05,COD,Delivered
ORD015257,CUST05881,2024-02-02,Debit Card,Delivered
ORD015258,CUST06962,2024-08-01,Credit Card,Pending
ORD015259,CUST00259,2024-10-27,Debit Card,Delivered
ORD015260,CUST03958,2024-03-18,Credit Card,Delivered
ORD015261,CUST05739,2024-10-31,Debit Card,Delivered
ORD015262,CUST04343,2024-04-15,Credit Card,Cancelled
ORD015263,CUST04654,2025-06-15,Credit Card,Returned
ORD015264,CUST05969,2024-04-20,UPI,Delivered
ORD015265,CUST07027,2024-06-29,Debit Card,Delivered
ORD015266,CUST03508,2025-10-18,Credit Card,Returned
ORD015267,CUST07805,2024-12-30,UPI,Delivered
ORD015268,CUST01084,2025-10-09,Debit Card,Delivered
ORD015269,CUST08131,2026-02-13,Credit Card,Delivered
ORD015270,CUST08624,2026-01-22,UPI,Delivered
ORD015271,CUST10654,2024-06-13,COD,Delivered
ORD015272,CUST09432,2025-04-28,Credit Card,Delivered
ORD015273,CUST09825,2024-10-31,UPI,Delivered
ORD015274,CUST00811,2025-03-27,Credit Card,Delivered
ORD015275,CUST06282,2024-01-30,Debit Card,Delivered
ORD015276,CUST11591,2026-03-30,UPI,Delivered
ORD015277,CUST11216,2026-04-01,Debit Card,Delivered
ORD015278,CUST08032,2025-07-17,UPI,Delivered
ORD015279,CUST01026,2024-03-25,Credit Card,Delivered
ORD015280,CUST08143,2026-05-24,Debit Card,Cancelled
ORD015281,CUST09712,2024-06-18,Net Banking,Delivered
ORD015282,CUST03298,2025-10-28,Net Banking,Delivered
ORD015283,CUST07407,2026-02-09,Net Banking,Delivered
ORD015284,CUST08366,2024-12-16,Net Banking,Delivered
ORD015285,CUST05493,2025-06-11,UPI,Delivered
ORD015286,CUST04695,2025-12-17,Debit Card,Delivered
ORD015287,CUST09738,2024-03-11,UPI,Returned
ORD015288,CUST10752,2026-08-28,Debit Card,Delivered
ORD015289,CUST07270,2024-08-30,Net Banking,Returned
ORD015290,CUST02565,2024-04-26,COD,Delivered
ORD015291,CUST08794,2025-09-01,Credit Card,Pending
ORD015292,CUST01104,2025-07-07,Net Banking,Delivered
ORD015293,CUST01657,2026-08-28,Net Banking,Cancelled
ORD015294,CUST10682,2025-09-25,COD,Returned
ORD015295,CUST00407,2026-01-05,UPI,Returned
ORD015296,CUST10557,2026-08-09,UPI,Delivered
ORD015297,CUST09105,2024-04-18,Debit Card,Delivered
ORD015298,CUST03356,2025-05-14,Credit Card,Cancelled
ORD015299,CUST10386,2024-10-15,Debit Card,Delivered
ORD015300,CUST02868,2024-01-29,Net Banking,Delivered
ORD015301,CUST08762,2024-04-23,UPI,Returned
ORD015302,CUST10921,2026-05-12,Net Banking,Delivered
ORD015303,CUST06638,2024-12-12,Net Banking,Returned
ORD015304,CUST08783,2026-05-20,UPI,Delivered
ORD015305,CUST02817,2026-04-09,Net Banking,Delivered
ORD015306,CUST10593,2026-01-12,Net Banking,Delivered
ORD015307,CUST02705,2024-07-12,Credit Card,Delivered
ORD015308,CUST04559,2025-06-03,Debit Card,Delivered
ORD015309,CUST11524,2025-07-08,Credit Card,Delivered
ORD015310,CUST06446,2024-04-22,COD,Delivered
ORD015311,CUST03590,2025-03-06,Credit Card,Delivered
ORD015312,CUST10579,2026-02-18,Debit Card,Pending
ORD015313,CUST02455,2024-12-05,Credit Card,Delivered
ORD015314,CUST01630,2024-02-09,COD,Delivered
ORD015315,CUST02168,2024-01-05,Net Banking,Delivered
ORD015316,CUST07677,2025-03-15,Net Banking,Delivered
ORD015317,CUST10953,2025-05-02,Credit Card,Delivered
ORD015318,CUST02749,2024-11-08,COD,Delivered
ORD015319,CUST10134,2026-08-30,Debit Card,Delivered
ORD015320,CUST01217,2025-09-13,COD,Delivered
ORD015321,CUST10041,2024-12-31,Credit Card,Delivered
ORD015322,CUST03097,2024-09-13,UPI,Cancelled
ORD015323,CUST09744,2025-11-03,UPI,Delivered
ORD015324,CUST00922,2024-07-06,COD,Delivered
ORD015325,CUST00517,2024-03-13,Credit Card,Delivered
ORD015326,CUST03952,2024-08-18,COD,Cancelled
ORD015327,CUST11414,2026-05-22,Credit Card,Delivered
ORD015328,CUST02830,2024-02-03,Debit Card,Delivered
ORD015329,CUST02505,2024-03-12,UPI,Delivered
ORD015330,CUST01486,2026-03-11,Net Banking,Delivered
ORD015331,CUST06783,2025-04-28,UPI,Delivered
ORD015332,CUST00990,2025-07-21,Net Banking,Delivered
ORD015333,CUST11078,2025-08-10,Credit Card,Delivered
ORD015334,CUST05377,2024-12-21,Net Banking,Delivered
ORD015335,CUST08338,2025-08-17,Debit Card,Delivered
ORD015336,CUST03659,2024-08-18,Credit Card,Delivered
ORD015337,CUST03083,2025-10-22,UPI,Delivered
ORD015338,CUST02652,2025-04-25,UPI,Delivered
ORD015339,CUST06924,2025-05-05,COD,Delivered
ORD015340,CUST02210,2025-12-08,Net Banking,Delivered
ORD015341,CUST07158,2025-01-22,Credit Card,Delivered
ORD015342,CUST02810,2026-01-17,Net Banking,Delivered
ORD015343,CUST02805,2024-06-25,Debit Card,Delivered
ORD015344,CUST01278,2024-01-11,Debit Card,Delivered
ORD015345,CUST08807,2025-09-26,COD,Delivered
ORD015346,CUST09096,2024-08-05,Credit Card,Delivered
ORD015347,CUST05338,2024-05-12,Credit Card,Delivered
ORD015348,CUST09194,2025-07-25,Net Banking,Delivered
ORD015349,CUST10382,2024-06-06,COD,Delivered
ORD015350,CUST11187,2025-07-31,UPI,Pending
ORD015351,CUST04489,2025-04-16,Credit Card,Delivered
ORD015352,CUST10481,2026-05-22,Credit Card,Delivered
ORD015353,CUST02131,2024-05-23,Credit Card,Cancelled
ORD015354,CUST03426,2024-07-28,COD,Delivered
ORD015355,CUST11686,2024-11-27,Debit Card,Delivered
ORD015356,CUST02176,2024-03-30,UPI,Delivered
ORD015357,CUST11037,2024-01-12,Debit Card,Delivered
ORD015358,CUST11292,2024-01-26,Net Banking,Delivered
ORD015359,CUST09968,2024-11-19,Credit Card,Delivered
ORD015360,CUST11505,2024-09-07,Net Banking,Delivered
ORD015361,CUST07512,2024-08-29,Net Banking,Delivered
ORD015362,CUST04202,2025-06-22,Credit Card,Delivered
ORD015363,CUST09964,2025-07-18,COD,Delivered
ORD015364,CUST09338,2026-05-04,Net Banking,Delivered
ORD015365,CUST07244,2024-03-25,COD,Delivered
ORD015366,CUST08962,2024-06-24,Debit Card,Cancelled
ORD015367,CUST06709,2024-10-19,UPI,Delivered
ORD015368,CUST04352,2024-02-14,UPI,Delivered
ORD015369,CUST09074,2025-12-15,UPI,Returned
ORD015370,CUST02407,2025-10-04,UPI,Delivered
ORD015371,CUST03359,2025-01-24,COD,Delivered
ORD015372,CUST02085,2025-04-06,Debit Card,Delivered
ORD015373,CUST04792,2025-01-24,COD,Delivered
ORD015374,CUST11741,2025-08-11,Net Banking,Delivered
ORD015375,CUST06824,2024-06-05,Credit Card,Cancelled
ORD015376,CUST09868,2024-06-09,Net Banking,Delivered
ORD015377,CUST04663,2025-06-12,COD,Cancelled
ORD015378,CUST09953,2026-08-10,Net Banking,Delivered
ORD015379,CUST00367,2026-02-17,Net Banking,Delivered
ORD015380,CUST10925,2025-09-26,Net Banking,Delivered
ORD015381,CUST04121,2026-04-13,Debit Card,Returned
ORD015382,CUST05266,2026-03-12,Debit Card,Delivered
ORD015383,CUST00670,2024-08-10,Credit Card,Delivered
ORD015384,CUST02834,2026-06-30,UPI,Delivered
ORD015385,CUST01671,2026-01-17,COD,Delivered
ORD015386,CUST09807,2026-07-25,COD,Delivered
ORD015387,CUST05406,2024-05-03,Debit Card,Delivered
ORD015388,CUST05509,2026-03-15,Debit Card,Delivered
ORD015389,CUST04293,2024-05-29,Credit Card,Delivered
ORD015390,CUST02465,2025-03-05,COD,Returned
ORD015391,CUST08198,2025-06-30,COD,Returned
ORD015392,CUST03376,2026-06-21,Credit Card,Cancelled
ORD015393,CUST04484,2026-03-28,Credit Card,Pending
ORD015394,CUST07821,2026-06-03,Net Banking,Delivered
ORD015395,CUST00794,2025-06-10,Credit Card,Returned
ORD015396,CUST03296,2025-01-22,Net Banking,Delivered
ORD015397,CUST06770,2026-05-05,COD,Delivered
ORD015398,CUST03557,2024-09-25,Net Banking,Delivered
ORD015399,CUST11884,2025-06-24,UPI,Delivered
ORD015400,CUST02298,2024-11-01,Debit Card,Pending
ORD015401,CUST06081,2024-01-16,Net Banking,Delivered
ORD015402,CUST00985,2025-05-27,UPI,Delivered
ORD015403,CUST02741,2024-02-03,Credit Card,Delivered
ORD015404,CUST02113,2024-12-19,Credit Card,Delivered
ORD015405,CUST03715,2025-04-08,Credit Card,Delivered
ORD015406,CUST08039,2024-04-13,Credit Card,Cancelled
ORD015407,CUST09621,2024-10-15,UPI,Cancelled
ORD015408,CUST08985,2024-05-22,Debit Card,Delivered
ORD015409,CUST05973,2025-11-28,Net Banking,Returned
ORD015410,CUST05487,2024-12-02,Debit Card,Delivered
ORD015411,CUST00963,2026-03-13,Net Banking,Delivered
ORD015412,CUST09704,2025-11-23,Debit Card,Cancelled
ORD015413,CUST08925,2026-07-13,UPI,Delivered
ORD015414,CUST10391,2025-01-10,UPI,Pending
ORD015415,CUST05183,2024-07-22,Credit Card,Cancelled
ORD015416,CUST07763,2024-02-27,COD,Delivered
ORD015417,CUST10767,2025-08-11,UPI,Delivered
ORD015418,CUST11727,2025-10-22,UPI,Delivered
ORD015419,CUST07962,2024-02-08,Credit Card,Delivered
ORD015420,CUST05991,2025-05-27,COD,Delivered
ORD015421,CUST09667,2025-07-14,UPI,Delivered
ORD015422,CUST00505,2024-11-28,UPI,Cancelled
ORD015423,CUST11601,2026-03-21,Debit Card,Delivered
ORD015424,CUST08798,2026-05-30,Net Banking,Delivered
ORD015425,CUST05693,2024-12-09,Net Banking,Delivered
ORD015426,CUST01692,2024-03-28,Debit Card,Delivered
ORD015427,CUST08482,2024-11-28,Net Banking,Delivered
ORD015428,CUST09872,2024-12-21,Credit Card,Delivered
ORD015429,CUST04329,2026-06-19,COD,Delivered
ORD015430,CUST11928,2026-08-08,UPI,Delivered
ORD015431,CUST03543,2026-04-25,Net Banking,Delivered
ORD015432,CUST09625,2025-04-08,UPI,Delivered
ORD015433,CUST06373,2025-08-04,Debit Card,Delivered
ORD015434,CUST03987,2025-01-20,Debit Card,Pending
ORD015435,CUST10530,2024-12-30,Net Banking,Delivered
ORD015436,CUST11638,2024-09-03,Debit Card,Delivered
ORD015437,CUST08189,2025-05-12,Net Banking,Delivered
ORD015438,CUST07755,2026-04-15,Credit Card,Delivered
ORD015439,CUST02370,2024-03-03,Net Banking,Delivered
ORD015440,CUST08038,2025-08-14,Debit Card,Delivered
ORD015441,CUST06838,2026-05-17,Credit Card,Delivered
ORD015442,CUST03040,2024-08-27,Credit Card,Returned
ORD015443,CUST04684,2025-08-19,Net Banking,Returned
ORD015444,CUST02790,2024-03-21,UPI,Delivered
ORD015445,CUST02384,2024-03-07,UPI,Delivered
ORD015446,CUST08371,2025-08-22,Debit Card,Cancelled
ORD015447,CUST03736,2026-08-23,Net Banking,Delivered
ORD015448,CUST10674,2024-12-04,UPI,Delivered
ORD015449,CUST09065,2024-04-07,Net Banking,Delivered
ORD015450,CUST10720,2025-05-21,UPI,Returned
ORD015451,CUST02516,2025-05-08,Credit Card,Delivered
ORD015452,CUST09713,2026-02-09,Net Banking,Delivered
ORD015453,CUST02467,2025-11-09,UPI,Delivered
ORD015454,CUST08367,2025-04-15,COD,Delivered
ORD015455,CUST03370,2024-09-23,Debit Card,Delivered
ORD015456,CUST00051,2026-01-05,Debit Card,Delivered
ORD015457,CUST09893,2025-01-01,Net Banking,Delivered
ORD015458,CUST09176,2024-10-12,COD,Delivered
ORD015459,CUST10125,2026-03-28,Credit Card,Cancelled
ORD015460,CUST10841,2025-04-28,Debit Card,Cancelled
ORD015461,CUST04732,2025-08-01,Net Banking,Delivered
ORD015462,CUST00159,2025-11-18,Debit Card,Delivered
ORD015463,CUST11364,2025-09-07,Net Banking,Returned
ORD015464,CUST07310,2026-03-18,COD,Delivered
ORD015465,CUST00117,2026-01-09,UPI,Delivered
ORD015466,CUST09684,2024-09-28,UPI,Delivered
ORD015467,CUST10279,2024-06-08,UPI,Delivered
ORD015468,CUST10588,2026-05-17,UPI,Delivered
ORD015469,CUST00985,2025-12-02,Credit Card,Delivered
ORD015470,CUST03238,2024-08-17,Net Banking,Delivered
ORD015471,CUST08978,2025-12-26,Credit Card,Delivered
ORD015472,CUST07719,2025-09-05,UPI,Delivered
ORD015473,CUST09811,2025-05-12,UPI,Delivered
ORD015474,CUST01528,2026-08-29,COD,Delivered
ORD015475,CUST05443,2025-07-05,Debit Card,Pending
ORD015476,CUST01833,2024-07-24,UPI,Returned
ORD015477,CUST10030,2024-07-17,Credit Card,Delivered
ORD015478,CUST08113,2024-11-17,Credit Card,Delivered
ORD015479,CUST01146,2024-12-25,Credit Card,Delivered
ORD015480,CUST11287,2025-01-29,COD,Returned
ORD015481,CUST01254,2025-05-11,Credit Card,Returned
ORD015482,CUST02189,2025-04-02,Net Banking,Delivered
ORD015483,CUST09598,2025-05-01,Net Banking,Returned
ORD015484,CUST01187,2026-06-20,COD,Delivered
ORD015485,CUST09641,2024-05-16,Net Banking,Delivered
ORD015486,CUST09195,2026-07-03,COD,Delivered
ORD015487,CUST10824,2024-06-01,COD,Delivered
ORD015488,CUST02612,2025-10-06,COD,Delivered
ORD015489,CUST07656,2025-05-31,Net Banking,Delivered
ORD015490,CUST09679,2024-11-05,UPI,Delivered
ORD015491,CUST02952,2025-03-26,Net Banking,Delivered
ORD015492,CUST08173,2025-03-27,COD,Delivered
ORD015493,CUST02112,2024-09-24,Debit Card,Delivered
ORD015494,CUST07714,2024-08-05,Net Banking,Delivered
ORD015495,CUST10750,2026-06-20,Debit Card,Delivered
ORD015496,CUST11549,2026-01-26,Net Banking,Delivered
ORD015497,CUST05539,2024-07-20,COD,Delivered
ORD015498,CUST06960,2026-05-08,Net Banking,Delivered
ORD015499,CUST08906,2024-12-25,Credit Card,Delivered
ORD015500,CUST11892,2025-08-21,Credit Card,Delivered
ORD015501,CUST02241,2024-04-22,COD,Returned
ORD015502,CUST06597,2024-10-20,UPI,Delivered
ORD015503,CUST01475,2026-07-14,Debit Card,Delivered
ORD015504,CUST11623,2024-06-13,Net Banking,Delivered
ORD015505,CUST01024,2025-05-22,COD,Cancelled
ORD015506,CUST05106,2026-01-15,Debit Card,Delivered
ORD015507,CUST00398,2024-06-01,Net Banking,Delivered
ORD015508,CUST06318,2025-03-03,Net Banking,Delivered
ORD015509,CUST04014,2024-02-29,UPI,Delivered
ORD015510,CUST03329,2026-06-28,Debit Card,Cancelled
ORD015511,CUST01874,2024-03-07,Net Banking,Delivered
ORD015512,CUST04634,2025-09-19,UPI,Delivered
ORD015513,CUST05750,2025-08-02,Credit Card,Delivered
ORD015514,CUST07960,2025-11-06,UPI,Delivered
ORD015515,CUST04397,2024-10-07,Debit Card,Delivered
ORD015516,CUST08820,2024-01-08,UPI,Delivered
ORD015517,CUST02799,2024-10-07,Credit Card,Delivered
ORD015518,CUST06868,2025-02-23,Credit Card,Pending
ORD015519,CUST11677,2025-06-25,Debit Card,Delivered
ORD015520,CUST09859,2025-09-18,COD,Delivered
ORD015521,CUST00947,2024-11-30,UPI,Delivered
ORD015522,CUST10112,2024-07-06,Debit Card,Delivered
ORD015523,CUST00623,2026-03-23,Net Banking,Delivered
ORD015524,CUST10368,2026-01-10,UPI,Returned
ORD015525,CUST02162,2025-07-12,Credit Card,Delivered
ORD015526,CUST01761,2025-11-20,UPI,Delivered
ORD015527,CUST06290,2025-03-28,Debit Card,Delivered
ORD015528,CUST02981,2026-04-29,COD,Delivered
ORD015529,CUST01215,2024-02-11,COD,Delivered
ORD015530,CUST00620,2024-06-26,Net Banking,Returned
ORD015531,CUST03603,2026-02-13,Debit Card,Delivered
ORD015532,CUST07319,2024-01-04,UPI,Returned
ORD015533,CUST10068,2024-11-05,Credit Card,Delivered
ORD015534,CUST05815,2025-09-08,UPI,Delivered
ORD015535,CUST04888,2025-11-15,UPI,Delivered
ORD015536,CUST04250,2026-03-09,Credit Card,Delivered
ORD015537,CUST10465,2024-03-20,Net Banking,Delivered
ORD015538,CUST06112,2024-03-01,COD,Cancelled
ORD015539,CUST10744,2024-06-21,COD,Delivered
ORD015540,CUST02614,2025-01-12,UPI,Cancelled
ORD015541,CUST09827,2025-01-21,Debit Card,Delivered
ORD015542,CUST07769,2026-07-31,COD,Delivered
ORD015543,CUST04769,2025-03-08,Net Banking,Delivered
ORD015544,CUST04056,2025-05-29,Net Banking,Delivered
ORD015545,CUST08049,2024-01-03,Credit Card,Delivered
ORD015546,CUST10633,2025-04-21,Debit Card,Cancelled
ORD015547,CUST00101,2024-03-23,COD,Delivered
ORD015548,CUST05861,2026-02-10,Debit Card,Delivered
ORD015549,CUST10443,2024-02-28,COD,Pending
ORD015550,CUST11861,2024-02-04,Credit Card,Delivered
ORD015551,CUST07377,2024-11-04,Debit Card,Delivered
ORD015552,CUST03630,2025-02-03,Debit Card,Delivered
ORD015553,CUST00766,2025-01-10,COD,Delivered
ORD015554,CUST07050,2024-06-27,UPI,Cancelled
ORD015555,CUST03405,2024-06-02,COD,Delivered
ORD015556,CUST03567,2025-11-08,Debit Card,Delivered
ORD015557,CUST04666,2025-01-03,Credit Card,Delivered
ORD015558,CUST06726,2024-03-08,Credit Card,Cancelled
ORD015559,CUST05440,2025-01-03,UPI,Delivered
ORD015560,CUST03280,2025-02-21,UPI,Pending
ORD015561,CUST08925,2024-08-30,Debit Card,Delivered
ORD015562,CUST01407,2024-10-03,UPI,Delivered
ORD015563,CUST07740,2025-11-11,Credit Card,Delivered
ORD015564,CUST10521,2025-03-18,Debit Card,Delivered
ORD015565,CUST03927,2024-03-29,UPI,Returned
ORD015566,CUST00779,2024-09-15,Credit Card,Delivered
ORD015567,CUST01373,2024-08-24,UPI,Delivered
ORD015568,CUST11093,2024-11-07,Credit Card,Delivered
ORD015569,CUST08511,2024-07-08,Debit Card,Delivered
ORD015570,CUST09088,2025-02-05,Credit Card,Delivered
ORD015571,CUST10906,2025-12-29,Net Banking,Returned
ORD015572,CUST10549,2024-08-11,COD,Delivered
ORD015573,CUST09189,2025-08-18,Credit Card,Delivered
ORD015574,CUST06859,2024-01-15,Net Banking,Returned
ORD015575,CUST05862,2024-07-12,UPI,Cancelled
ORD015576,CUST03529,2026-02-04,COD,Delivered
ORD015577,CUST06600,2026-01-26,Credit Card,Delivered
ORD015578,CUST02142,2024-01-30,Credit Card,Delivered
ORD015579,CUST03463,2025-04-04,Debit Card,Cancelled
ORD015580,CUST01253,2024-06-15,Credit Card,Delivered
ORD015581,CUST01521,2026-04-11,COD,Delivered
ORD015582,CUST00585,2024-08-22,UPI,Returned
ORD015583,CUST10323,2024-09-02,Debit Card,Delivered
ORD015584,CUST06336,2025-11-27,COD,Delivered
ORD015585,CUST00880,2024-11-14,Credit Card,Delivered
ORD015586,CUST00462,2024-01-07,COD,Returned
ORD015587,CUST03635,2024-03-26,COD,Delivered
ORD015588,CUST08803,2024-11-23,UPI,Delivered
ORD015589,CUST07111,2024-08-02,Credit Card,Delivered
ORD015590,CUST10118,2025-06-18,Net Banking,Delivered
ORD015591,CUST06942,2026-04-23,Debit Card,Delivered
ORD015592,CUST10896,2024-09-18,UPI,Delivered
ORD015593,CUST01337,2025-11-28,Debit Card,Delivered
ORD015594,CUST00961,2025-06-09,Credit Card,Delivered
ORD015595,CUST09578,2024-10-10,Debit Card,Delivered
ORD015596,CUST06973,2024-09-17,COD,Pending
ORD015597,CUST05055,2026-08-21,COD,Delivered
ORD015598,CUST06389,2024-02-25,COD,Delivered
ORD015599,CUST02296,2025-09-24,Net Banking,Delivered
ORD015600,CUST07331,2025-05-24,COD,Delivered
ORD015601,CUST07801,2025-10-26,COD,Returned
ORD015602,CUST03269,2025-02-14,Credit Card,Delivered
ORD015603,CUST02732,2025-03-19,COD,Returned
ORD015604,CUST04714,2024-05-11,Net Banking,Delivered
ORD015605,CUST08675,2025-06-24,Net Banking,Delivered
ORD015606,CUST02256,2026-01-14,UPI,Delivered
ORD015607,CUST08070,2025-09-14,Net Banking,Delivered
ORD015608,CUST07120,2025-09-17,COD,Delivered
ORD015609,CUST07736,2024-09-19,Debit Card,Cancelled
ORD015610,CUST04232,2025-02-19,UPI,Delivered
ORD015611,CUST04319,2026-07-04,Net Banking,Delivered
ORD015612,CUST11284,2024-11-15,UPI,Delivered
ORD015613,CUST09673,2025-01-02,Credit Card,Delivered
ORD015614,CUST04382,2025-07-08,COD,Pending
ORD015615,CUST03405,2024-12-21,COD,Delivered
ORD015616,CUST07194,2026-07-14,UPI,Delivered
ORD015617,CUST07746,2026-04-07,Net Banking,Delivered
ORD015618,CUST10217,2025-04-21,Debit Card,Pending
ORD015619,CUST05565,2025-10-29,Net Banking,Delivered
ORD015620,CUST04910,2024-02-09,UPI,Pending
ORD015621,CUST04429,2024-11-18,Net Banking,Delivered
ORD015622,CUST02163,2026-03-15,UPI,Delivered
ORD015623,CUST03088,2024-12-20,COD,Returned
ORD015624,CUST04240,2024-11-10,COD,Returned
ORD015625,CUST11074,2026-02-26,COD,Delivered
ORD015626,CUST06785,2025-03-22,UPI,Delivered
ORD015627,CUST02634,2025-12-13,COD,Delivered
ORD015628,CUST05134,2024-06-11,Credit Card,Delivered
ORD015629,CUST06353,2024-11-09,Debit Card,Delivered
ORD015630,CUST07122,2026-06-07,UPI,Delivered
ORD015631,CUST11285,2024-05-17,COD,Delivered
ORD015632,CUST05211,2024-08-28,Credit Card,Delivered
ORD015633,CUST03633,2025-07-24,Net Banking,Delivered
ORD015634,CUST11140,2026-06-03,Debit Card,Delivered
ORD015635,CUST09238,2025-10-22,Debit Card,Delivered
ORD015636,CUST08040,2024-10-25,COD,Delivered
ORD015637,CUST01698,2024-08-20,UPI,Delivered
ORD015638,CUST00410,2026-03-21,UPI,Cancelled
ORD015639,CUST03228,2024-08-03,Credit Card,Delivered
ORD015640,CUST00915,2024-12-24,UPI,Delivered
ORD015641,CUST09375,2024-05-08,COD,Returned
ORD015642,CUST11022,2024-06-22,Debit Card,Delivered
ORD015643,CUST08279,2024-05-06,Debit Card,Delivered
ORD015644,CUST08599,2026-05-24,Debit Card,Delivered
ORD015645,CUST04616,2026-07-15,COD,Delivered
ORD015646,CUST02058,2025-07-28,Net Banking,Delivered
ORD015647,CUST07426,2025-03-05,COD,Delivered
ORD015648,CUST02326,2025-10-24,Debit Card,Delivered
ORD015649,CUST03205,2026-02-24,Debit Card,Delivered
ORD015650,CUST10179,2025-03-21,UPI,Delivered
ORD015651,CUST09673,2024-10-09,Debit Card,Delivered
ORD015652,CUST04664,2024-02-13,Credit Card,Delivered
ORD015653,CUST08468,2024-06-22,COD,Delivered
ORD015654,CUST08669,2025-07-26,UPI,Returned
ORD015655,CUST02246,2024-05-19,UPI,Delivered
ORD015656,CUST07492,2024-08-14,Net Banking,Delivered
ORD015657,CUST02532,2024-12-26,Net Banking,Delivered
ORD015658,CUST05305,2024-09-28,Debit Card,Cancelled
ORD015659,CUST05653,2025-02-08,Credit Card,Pending
ORD015660,CUST00027,2025-09-03,Credit Card,Cancelled
ORD015661,CUST11943,2024-04-26,UPI,Delivered
ORD015662,CUST07507,2024-07-10,COD,Returned
ORD015663,CUST10716,2024-05-02,Net Banking,Delivered
ORD015664,CUST06255,2024-09-25,UPI,Delivered
ORD015665,CUST00371,2025-03-09,Net Banking,Delivered
ORD015666,CUST10609,2024-05-07,Net Banking,Returned
ORD015667,CUST05830,2025-06-03,Credit Card,Delivered
ORD015668,CUST10253,2025-03-15,UPI,Delivered
ORD015669,CUST06769,2024-07-02,Credit Card,Delivered
ORD015670,CUST10034,2024-05-15,Credit Card,Delivered
ORD015671,CUST09866,2025-04-08,UPI,Delivered
ORD015672,CUST11368,2024-08-02,COD,Delivered
ORD015673,CUST08178,2025-11-15,Net Banking,Pending
ORD015674,CUST10412,2024-12-19,Credit Card,Delivered
ORD015675,CUST11804,2024-05-31,COD,Delivered
ORD015676,CUST06613,2026-06-04,Debit Card,Delivered
ORD015677,CUST05412,2024-01-21,UPI,Delivered
ORD015678,CUST10232,2025-05-23,Debit Card,Returned
ORD015679,CUST04024,2025-10-14,Debit Card,Returned
ORD015680,CUST01628,2024-11-01,UPI,Pending
ORD015681,CUST11469,2025-03-10,Net Banking,Cancelled
ORD015682,CUST08321,2024-01-04,COD,Returned
ORD015683,CUST07339,2026-01-02,Debit Card,Delivered
ORD015684,CUST11145,2026-06-12,Debit Card,Delivered
ORD015685,CUST10603,2026-08-13,COD,Delivered
ORD015686,CUST07018,2025-12-08,Debit Card,Delivered
ORD015687,CUST08387,2025-10-22,UPI,Returned
ORD015688,CUST09847,2026-07-18,COD,Delivered
ORD015689,CUST00995,2024-03-13,Credit Card,Delivered
ORD015690,CUST01606,2026-07-09,Credit Card,Returned
ORD015691,CUST01338,2024-04-14,Net Banking,Delivered
ORD015692,CUST05556,2024-12-06,Debit Card,Delivered
ORD015693,CUST08390,2024-05-11,UPI,Delivered
ORD015694,CUST01369,2024-11-15,COD,Cancelled
ORD015695,CUST02332,2026-04-27,Debit Card,Delivered
ORD015696,CUST08872,2024-01-25,UPI,Delivered
ORD015697,CUST10704,2025-02-27,UPI,Delivered
ORD015698,CUST09108,2025-06-02,Credit Card,Delivered
ORD015699,CUST07119,2026-06-12,Credit Card,Cancelled
ORD015700,CUST06259,2025-11-15,UPI,Delivered
ORD015701,CUST03722,2025-05-31,Debit Card,Delivered
ORD015702,CUST01470,2026-03-18,COD,Delivered
ORD015703,CUST06437,2024-10-03,Net Banking,Delivered
ORD015704,CUST10044,2025-11-04,Debit Card,Returned
ORD015705,CUST10317,2025-03-07,UPI,Delivered
ORD015706,CUST09566,2026-07-06,COD,Delivered
ORD015707,CUST00323,2024-03-31,Net Banking,Cancelled
ORD015708,CUST03252,2026-02-02,UPI,Pending
ORD015709,CUST09635,2024-03-01,COD,Delivered
ORD015710,CUST04464,2025-12-14,COD,Delivered
ORD015711,CUST09918,2024-11-30,Net Banking,Delivered
ORD015712,CUST08946,2025-09-22,UPI,Cancelled
ORD015713,CUST08733,2026-06-17,Credit Card,Delivered
ORD015714,CUST06430,2025-09-14,Debit Card,Returned
ORD015715,CUST05782,2024-07-23,Net Banking,Delivered
ORD015716,CUST04405,2025-04-18,Debit Card,Delivered
ORD015717,CUST10459,2024-02-25,Net Banking,Delivered
ORD015718,CUST02838,2024-07-11,Credit Card,Delivered
ORD015719,CUST07100,2026-05-28,Debit Card,Delivered
ORD015720,CUST04913,2025-08-07,COD,Delivered
ORD015721,CUST07089,2025-11-09,COD,Delivered
ORD015722,CUST08583,2024-01-26,Debit Card,Delivered
ORD015723,CUST02094,2024-09-30,UPI,Delivered
ORD015724,CUST06155,2024-11-23,COD,Delivered
ORD015725,CUST02064,2024-01-15,Net Banking,Delivered
ORD015726,CUST07350,2026-03-24,UPI,Delivered
ORD015727,CUST09913,2024-10-04,Net Banking,Cancelled
ORD015728,CUST08740,2026-07-22,Credit Card,Delivered
ORD015729,CUST01075,2026-03-24,COD,Delivered
ORD015730,CUST04246,2025-05-30,Credit Card,Delivered
ORD015731,CUST01512,2024-01-21,UPI,Delivered
ORD015732,CUST09475,2024-02-15,Net Banking,Delivered
ORD015733,CUST07459,2024-03-29,COD,Delivered
ORD015734,CUST00625,2026-03-01,Debit Card,Cancelled
ORD015735,CUST05926,2025-05-22,Credit Card,Delivered
ORD015736,CUST07530,2024-09-29,COD,Delivered
ORD015737,CUST06569,2024-04-05,Debit Card,Delivered
ORD015738,CUST06438,2026-01-21,UPI,Returned
ORD015739,CUST03800,2024-03-06,Debit Card,Delivered
ORD015740,CUST08354,2026-06-15,UPI,Delivered
ORD015741,CUST00523,2026-01-20,Credit Card,Delivered
ORD015742,CUST09423,2026-08-26,Debit Card,Delivered
ORD015743,CUST10510,2025-05-07,Net Banking,Delivered
ORD015744,CUST03053,2024-08-05,Net Banking,Delivered
ORD015745,CUST10577,2025-03-08,Net Banking,Delivered
ORD015746,CUST07701,2024-10-17,UPI,Delivered
ORD015747,CUST09628,2024-02-29,Debit Card,Delivered
ORD015748,CUST07787,2024-09-18,COD,Delivered
ORD015749,CUST03174,2026-06-04,Debit Card,Cancelled
ORD015750,CUST03069,2025-02-28,Debit Card,Delivered
ORD015751,CUST10812,2024-07-19,Credit Card,Delivered
ORD015752,CUST00546,2025-08-18,COD,Delivered
ORD015753,CUST07233,2026-08-02,Net Banking,Delivered
ORD015754,CUST11479,2025-06-21,UPI,Delivered
ORD015755,CUST04064,2024-08-20,COD,Delivered
ORD015756,CUST07940,2024-06-10,Net Banking,Delivered
ORD015757,CUST06505,2026-01-20,UPI,Delivered
ORD015758,CUST02795,2025-08-08,COD,Delivered
ORD015759,CUST09528,2024-08-09,UPI,Delivered
ORD015760,CUST07238,2024-09-16,UPI,Delivered
ORD015761,CUST09226,2024-12-24,Net Banking,Delivered
ORD015762,CUST04312,2024-08-13,Credit Card,Delivered
ORD015763,CUST07932,2024-09-21,Net Banking,Delivered
ORD015764,CUST08074,2024-03-09,COD,Delivered
ORD015765,CUST09036,2024-01-09,Net Banking,Delivered
ORD015766,CUST07777,2024-10-07,Net Banking,Delivered
ORD015767,CUST01433,2025-07-05,Net Banking,Delivered
ORD015768,CUST07370,2024-07-13,COD,Delivered
ORD015769,CUST01241,2026-03-03,COD,Delivered
ORD015770,CUST01824,2024-11-02,UPI,Delivered
ORD015771,CUST06200,2026-06-07,UPI,Returned
ORD015772,CUST03226,2024-05-25,COD,Delivered
ORD015773,CUST11332,2025-05-08,UPI,Delivered
ORD015774,CUST03529,2025-03-18,Net Banking,Delivered
ORD015775,CUST08091,2026-08-28,Debit Card,Delivered
ORD015776,CUST07881,2026-05-04,Debit Card,Delivered
ORD015777,CUST09708,2024-07-05,UPI,Returned
ORD015778,CUST09227,2025-11-04,UPI,Delivered
ORD015779,CUST10677,2024-11-04,Credit Card,Returned
ORD015780,CUST09830,2025-04-26,Net Banking,Delivered
ORD015781,CUST11040,2026-03-25,Net Banking,Pending
ORD015782,CUST06843,2025-02-11,Credit Card,Delivered
ORD015783,CUST04510,2025-07-26,Credit Card,Delivered
ORD015784,CUST05643,2024-08-29,Debit Card,Delivered
ORD015785,CUST02449,2026-01-21,Net Banking,Delivered
ORD015786,CUST02827,2025-07-22,Net Banking,Delivered
ORD015787,CUST04665,2025-12-06,COD,Delivered
ORD015788,CUST00982,2024-11-28,Net Banking,Delivered
ORD015789,CUST02098,2025-02-07,Debit Card,Delivered
ORD015790,CUST08186,2025-08-05,Debit Card,Returned
ORD015791,CUST02633,2026-08-26,Credit Card,Delivered
ORD015792,CUST02897,2025-01-05,Debit Card,Delivered
ORD015793,CUST03125,2025-11-04,Debit Card,Delivered
ORD015794,CUST04697,2024-02-23,COD,Delivered
ORD015795,CUST09980,2025-07-30,Debit Card,Delivered
ORD015796,CUST08400,2024-09-01,UPI,Delivered
ORD015797,CUST02785,2024-07-18,UPI,Delivered
ORD015798,CUST05570,2025-03-10,Credit Card,Delivered
ORD015799,CUST04267,2025-01-07,Net Banking,Delivered
ORD015800,CUST05162,2026-03-19,Net Banking,Delivered
ORD015801,CUST08908,2025-01-19,COD,Delivered
ORD015802,CUST03051,2025-10-26,Debit Card,Delivered
ORD015803,CUST03737,2026-01-22,Debit Card,Delivered
ORD015804,CUST00590,2024-08-08,Debit Card,Cancelled
ORD015805,CUST02953,2025-07-17,Debit Card,Delivered
ORD015806,CUST09595,2026-04-28,Debit Card,Delivered
ORD015807,CUST09950,2024-09-04,UPI,Delivered
ORD015808,CUST07677,2024-03-11,COD,Delivered
ORD015809,CUST08076,2025-04-27,Credit Card,Delivered
ORD015810,CUST02826,2025-10-17,Credit Card,Delivered
ORD015811,CUST00216,2026-02-27,UPI,Delivered
ORD015812,CUST11938,2026-06-16,Debit Card,Delivered
ORD015813,CUST00588,2025-12-30,Debit Card,Delivered
ORD015814,CUST02586,2024-11-20,Net Banking,Delivered
ORD015815,CUST02016,2024-01-05,Credit Card,Delivered
ORD015816,CUST02125,2025-08-07,Net Banking,Delivered
ORD015817,CUST04045,2025-05-09,Credit Card,Cancelled
ORD015818,CUST07992,2026-08-06,Net Banking,Cancelled
ORD015819,CUST03030,2024-08-27,Debit Card,Delivered
ORD015820,CUST05168,2026-07-02,Debit Card,Delivered
ORD015821,CUST03095,2026-02-25,Debit Card,Returned
ORD015822,CUST02113,2024-07-09,COD,Delivered
ORD015823,CUST10983,2024-01-06,Net Banking,Delivered
ORD015824,CUST11765,2024-11-14,COD,Returned
ORD015825,CUST07541,2026-07-11,COD,Delivered
ORD015826,CUST03810,2025-05-11,Net Banking,Delivered
ORD015827,CUST06285,2026-08-07,Debit Card,Delivered
ORD015828,CUST03820,2025-02-18,UPI,Delivered
ORD015829,CUST07345,2026-08-17,Credit Card,Delivered
ORD015830,CUST07935,2026-07-05,Net Banking,Delivered
ORD015831,CUST05225,2024-01-14,Debit Card,Returned
ORD015832,CUST09866,2024-07-26,COD,Pending
ORD015833,CUST03203,2024-01-02,Debit Card,Delivered
ORD015834,CUST08732,2025-02-05,Net Banking,Returned
ORD015835,CUST01365,2025-06-13,Net Banking,Delivered
ORD015836,CUST05643,2024-02-04,Credit Card,Delivered
ORD015837,CUST09228,2026-08-31,Credit Card,Cancelled
ORD015838,CUST05802,2026-01-31,Net Banking,Delivered
ORD015839,CUST02912,2024-03-22,Credit Card,Delivered
ORD015840,CUST08074,2026-04-30,COD,Delivered
ORD015841,CUST00829,2026-03-03,Debit Card,Delivered
ORD015842,CUST11840,2025-04-27,UPI,Delivered
ORD015843,CUST10524,2025-01-25,Debit Card,Delivered
ORD015844,CUST02458,2026-06-17,Debit Card,Delivered
ORD015845,CUST11101,2025-04-30,Net Banking,Returned
ORD015846,CUST09051,2025-07-22,UPI,Cancelled
ORD015847,CUST02740,2025-04-04,Credit Card,Delivered
ORD015848,CUST00900,2026-04-01,Credit Card,Delivered
ORD015849,CUST05270,2025-06-11,Debit Card,Delivered
ORD015850,CUST10506,2025-02-07,Net Banking,Delivered
ORD015851,CUST07044,2024-05-12,UPI,Delivered
ORD015852,CUST08839,2024-11-12,Net Banking,Pending
ORD015853,CUST06335,2026-07-15,UPI,Delivered
ORD015854,CUST05362,2026-03-02,UPI,Delivered
ORD015855,CUST03671,2024-08-22,Credit Card,Delivered
ORD015856,CUST01219,2024-05-07,Debit Card,Delivered
ORD015857,CUST08280,2024-03-03,Credit Card,Pending
ORD015858,CUST03439,2025-11-15,Net Banking,Delivered
ORD015859,CUST10142,2025-03-03,Credit Card,Delivered
ORD015860,CUST00361,2024-12-09,Debit Card,Delivered
ORD015861,CUST00116,2024-05-04,COD,Delivered
ORD015862,CUST06933,2024-03-20,Credit Card,Delivered
ORD015863,CUST03504,2025-09-14,Net Banking,Delivered
ORD015864,CUST10731,2024-06-15,Debit Card,Delivered
ORD015865,CUST00480,2026-03-06,Net Banking,Delivered
ORD015866,CUST03496,2025-01-14,UPI,Returned
ORD015867,CUST05334,2025-09-26,Debit Card,Delivered
ORD015868,CUST09188,2026-02-11,UPI,Delivered
ORD015869,CUST03808,2025-12-17,Debit Card,Delivered
ORD015870,CUST03771,2024-01-15,COD,Delivered
ORD015871,CUST09338,2024-04-14,COD,Returned
ORD015872,CUST04804,2025-07-14,Debit Card,Returned
ORD015873,CUST05040,2026-02-10,UPI,Returned
ORD015874,CUST02749,2025-06-09,UPI,Delivered
ORD015875,CUST10501,2024-08-06,Net Banking,Pending
ORD015876,CUST00007,2025-01-28,Debit Card,Cancelled
ORD015877,CUST01926,2025-08-21,UPI,Delivered
ORD015878,CUST06813,2026-06-11,Debit Card,Delivered
ORD015879,CUST02076,2024-12-22,COD,Delivered
ORD015880,CUST04921,2026-01-01,UPI,Returned
ORD015881,CUST01855,2024-10-26,UPI,Pending
ORD015882,CUST00723,2026-04-24,COD,Cancelled
ORD015883,CUST01804,2024-06-12,Net Banking,Delivered
ORD015884,CUST03430,2026-06-14,Debit Card,Delivered
ORD015885,CUST10963,2025-03-18,Debit Card,Delivered
ORD015886,CUST03553,2025-11-02,Debit Card,Delivered
ORD015887,CUST03461,2024-12-30,Debit Card,Delivered
ORD015888,CUST07075,2024-03-05,Credit Card,Returned
ORD015889,CUST04259,2025-12-04,COD,Delivered
ORD015890,CUST05231,2025-05-30,Net Banking,Delivered
ORD015891,CUST02719,2025-09-29,COD,Delivered
ORD015892,CUST01270,2026-02-07,Debit Card,Delivered
ORD015893,CUST05924,2024-05-03,Credit Card,Delivered
ORD015894,CUST08616,2024-07-28,Credit Card,Delivered
ORD015895,CUST02659,2024-03-17,COD,Delivered
ORD015896,CUST06568,2025-12-29,UPI,Delivered
ORD015897,CUST02749,2025-06-16,Net Banking,Delivered
ORD015898,CUST07415,2026-04-26,Credit Card,Delivered
ORD015899,CUST04818,2025-11-11,Debit Card,Delivered
ORD015900,CUST02780,2024-10-23,UPI,Pending
ORD015901,CUST00552,2024-01-10,Net Banking,Delivered
ORD015902,CUST00913,2024-04-26,Debit Card,Delivered
ORD015903,CUST01383,2025-04-27,COD,Returned
ORD015904,CUST08598,2026-06-18,Credit Card,Delivered
ORD015905,CUST07736,2024-07-15,COD,Delivered
ORD015906,CUST06974,2025-11-14,UPI,Delivered
ORD015907,CUST00569,2024-07-05,Credit Card,Delivered
ORD015908,CUST00655,2025-11-08,Debit Card,Delivered
ORD015909,CUST01373,2024-08-17,UPI,Delivered
ORD015910,CUST09592,2024-10-06,Net Banking,Delivered
ORD015911,CUST01590,2025-10-25,Debit Card,Returned
ORD015912,CUST09940,2024-08-19,Net Banking,Delivered
ORD015913,CUST04057,2026-02-25,Credit Card,Delivered
ORD015914,CUST09960,2026-05-01,Net Banking,Delivered
ORD015915,CUST11123,2024-04-25,Credit Card,Delivered
ORD015916,CUST10960,2025-03-02,Net Banking,Cancelled
ORD015917,CUST05529,2025-08-09,COD,Returned
ORD015918,CUST09134,2026-06-09,COD,Pending
ORD015919,CUST10935,2025-08-21,UPI,Delivered
ORD015920,CUST10113,2025-08-13,Net Banking,Delivered
ORD015921,CUST10674,2025-08-19,Credit Card,Delivered
ORD015922,CUST03250,2024-04-09,Debit Card,Delivered
ORD015923,CUST08097,2025-09-30,Credit Card,Delivered
ORD015924,CUST03825,2026-06-27,COD,Delivered
ORD015925,CUST01140,2025-06-27,Debit Card,Pending
ORD015926,CUST02887,2026-02-16,Net Banking,Delivered
ORD015927,CUST01766,2026-04-06,COD,Returned
ORD015928,CUST10733,2026-03-24,Net Banking,Delivered
ORD015929,CUST04956,2025-09-04,COD,Delivered
ORD015930,CUST02023,2026-06-09,Net Banking,Delivered
ORD015931,CUST07836,2026-03-10,COD,Returned
ORD015932,CUST09376,2025-03-08,UPI,Cancelled
ORD015933,CUST10840,2024-03-24,Credit Card,Delivered
ORD015934,CUST03592,2024-10-21,Credit Card,Delivered
ORD015935,CUST04192,2025-05-09,Net Banking,Delivered
ORD015936,CUST05244,2024-06-27,Net Banking,Delivered
ORD015937,CUST07875,2025-10-17,Debit Card,Delivered
ORD015938,CUST03719,2024-10-21,Debit Card,Delivered
ORD015939,CUST09216,2024-11-11,Credit Card,Delivered
ORD015940,CUST05254,2026-06-19,Credit Card,Delivered
ORD015941,CUST02525,2026-04-28,UPI,Delivered
ORD015942,CUST02062,2026-01-09,Net Banking,Delivered
ORD015943,CUST02221,2025-12-04,Net Banking,Delivered
ORD015944,CUST09128,2025-11-18,Credit Card,Returned
ORD015945,CUST10926,2025-06-21,Net Banking,Delivered
ORD015946,CUST08507,2024-02-20,Debit Card,Delivered
ORD015947,CUST05925,2024-11-19,Net Banking,Delivered
ORD015948,CUST05202,2025-09-05,Debit Card,Delivered
ORD015949,CUST06084,2025-09-13,COD,Delivered
ORD015950,CUST06135,2024-06-02,Net Banking,Delivered
ORD015951,CUST11841,2025-06-15,COD,Delivered
ORD015952,CUST06044,2024-07-23,Credit Card,Delivered
ORD015953,CUST01065,2024-03-11,Net Banking,Cancelled
ORD015954,CUST05971,2024-05-31,UPI,Delivered
ORD015955,CUST03169,2025-08-01,UPI,Delivered
ORD015956,CUST11023,2024-07-13,COD,Delivered
ORD015957,CUST05357,2026-03-28,UPI,Delivered
ORD015958,CUST02391,2026-06-04,Debit Card,Delivered
ORD015959,CUST05085,2025-05-16,Credit Card,Delivered
ORD015960,CUST09895,2024-01-16,Debit Card,Delivered
ORD015961,CUST00462,2024-08-10,Credit Card,Delivered
ORD015962,CUST11230,2025-11-03,UPI,Delivered
ORD015963,CUST04290,2024-07-24,Credit Card,Delivered
ORD015964,CUST02381,2025-05-19,Debit Card,Delivered
ORD015965,CUST07452,2025-11-20,COD,Delivered
ORD015966,CUST07583,2025-01-06,COD,Delivered
ORD015967,CUST04748,2025-08-23,Net Banking,Delivered
ORD015968,CUST02317,2025-01-09,Debit Card,Delivered
ORD015969,CUST11805,2024-04-24,Debit Card,Delivered
ORD015970,CUST03443,2025-01-20,COD,Delivered
ORD015971,CUST07500,2025-07-24,UPI,Delivered
ORD015972,CUST03198,2024-10-23,COD,Delivered
ORD015973,CUST09076,2026-08-30,Net Banking,Delivered
ORD015974,CUST01714,2024-07-09,Net Banking,Delivered
ORD015975,CUST05328,2024-11-13,Debit Card,Delivered
ORD015976,CUST09568,2024-03-24,Debit Card,Delivered
ORD015977,CUST10972,2024-05-09,Net Banking,Delivered
ORD015978,CUST06646,2026-02-13,Debit Card,Delivered
ORD015979,CUST07825,2025-09-29,Credit Card,Delivered
ORD015980,CUST11385,2025-01-08,Net Banking,Cancelled
ORD015981,CUST10296,2024-07-23,Net Banking,Delivered
ORD015982,CUST06258,2025-10-09,Debit Card,Delivered
ORD015983,CUST00723,2024-09-15,Credit Card,Returned
ORD015984,CUST02567,2026-06-28,Net Banking,Delivered
ORD015985,CUST02980,2024-12-08,Credit Card,Delivered
ORD015986,CUST07464,2024-11-23,Net Banking,Delivered
ORD015987,CUST11521,2024-02-02,Credit Card,Delivered
ORD015988,CUST01194,2024-09-04,COD,Delivered
ORD015989,CUST04260,2025-10-28,Net Banking,Delivered
ORD015990,CUST07025,2026-02-17,Credit Card,Delivered
ORD015991,CUST05927,2026-05-14,COD,Delivered
ORD015992,CUST03961,2024-09-23,Debit Card,Delivered
ORD015993,CUST06273,2026-05-24,UPI,Delivered
ORD015994,CUST04848,2026-02-24,Credit Card,Delivered
ORD015995,CUST05848,2025-08-26,COD,Delivered
ORD015996,CUST11850,2025-05-03,Net Banking,Pending
ORD015997,CUST02891,2026-05-07,COD,Delivered
ORD015998,CUST01878,2024-12-15,UPI,Delivered
ORD015999,CUST04649,2024-12-30,UPI,Delivered
ORD016000,CUST08843,2024-03-14,UPI,Delivered
ORD016001,CUST00947,2025-11-12,Debit Card,Returned
ORD016002,CUST08384,2024-09-15,Credit Card,Delivered
ORD016003,CUST07405,2026-03-10,Net Banking,Delivered
ORD016004,CUST11985,2025-07-01,Credit Card,Delivered
ORD016005,CUST08191,2026-06-24,Credit Card,Cancelled
ORD016006,CUST11003,2024-07-31,Debit Card,Delivered
ORD016007,CUST08103,2026-06-01,Net Banking,Delivered
ORD016008,CUST01071,2025-07-20,Debit Card,Delivered
ORD016009,CUST06493,2025-05-12,Net Banking,Delivered
ORD016010,CUST02858,2025-03-30,COD,Delivered
ORD016011,CUST05733,2025-09-20,Net Banking,Delivered
ORD016012,CUST03533,2024-01-25,Debit Card,Delivered
ORD016013,CUST05071,2025-03-21,COD,Delivered
ORD016014,CUST11043,2025-02-21,Net Banking,Delivered
ORD016015,CUST00153,2024-06-01,UPI,Delivered
ORD016016,CUST01651,2025-04-01,Debit Card,Delivered
ORD016017,CUST03971,2025-06-03,COD,Delivered
ORD016018,CUST01331,2024-02-22,UPI,Pending
ORD016019,CUST05774,2025-04-27,COD,Delivered
ORD016020,CUST10546,2024-08-23,Net Banking,Delivered
ORD016021,CUST11332,2025-04-20,Net Banking,Delivered
ORD016022,CUST00285,2025-06-05,COD,Delivered
ORD016023,CUST02591,2025-08-12,COD,Returned
ORD016024,CUST05600,2024-12-14,Net Banking,Returned
ORD016025,CUST11275,2024-05-08,Credit Card,Delivered
ORD016026,CUST06783,2025-11-28,COD,Delivered
ORD016027,CUST11550,2026-07-03,Credit Card,Delivered
ORD016028,CUST11249,2025-04-06,Net Banking,Delivered
ORD016029,CUST04883,2026-02-26,UPI,Delivered
ORD016030,CUST03748,2025-04-30,UPI,Delivered
ORD016031,CUST06274,2026-03-26,Debit Card,Delivered
ORD016032,CUST04839,2025-04-28,Debit Card,Delivered
ORD016033,CUST05907,2024-08-20,Net Banking,Pending
ORD016034,CUST03502,2024-03-12,COD,Delivered
ORD016035,CUST08432,2026-02-04,UPI,Delivered
ORD016036,CUST07720,2026-04-05,COD,Delivered
ORD016037,CUST08338,2024-10-20,Credit Card,Delivered
ORD016038,CUST08041,2024-06-18,Net Banking,Delivered
ORD016039,CUST09508,2024-09-08,Debit Card,Delivered
ORD016040,CUST06062,2024-12-09,Net Banking,Delivered
ORD016041,CUST00308,2024-01-07,Debit Card,Delivered
ORD016042,CUST07990,2026-08-22,Net Banking,Delivered
ORD016043,CUST00885,2025-12-18,Net Banking,Delivered
ORD016044,CUST07798,2026-08-26,Debit Card,Cancelled
ORD016045,CUST08818,2024-01-20,Credit Card,Pending
ORD016046,CUST10772,2026-08-05,Net Banking,Delivered
ORD016047,CUST10469,2025-06-21,UPI,Delivered
ORD016048,CUST03863,2024-03-29,Net Banking,Cancelled
ORD016049,CUST06950,2025-05-14,COD,Delivered
ORD016050,CUST05140,2024-12-05,UPI,Returned
ORD016051,CUST02308,2024-02-25,COD,Delivered
ORD016052,CUST07153,2025-12-10,Debit Card,Pending
ORD016053,CUST02245,2026-02-05,Debit Card,Delivered
ORD016054,CUST04486,2025-03-30,Debit Card,Returned
ORD016055,CUST08895,2024-08-15,COD,Cancelled
ORD016056,CUST08538,2024-03-02,Debit Card,Delivered
ORD016057,CUST10881,2024-08-28,UPI,Delivered
ORD016058,CUST07296,2025-01-18,Debit Card,Delivered
ORD016059,CUST06258,2025-03-21,Net Banking,Delivered
ORD016060,CUST03007,2026-03-14,COD,Delivered
ORD016061,CUST03279,2026-02-26,COD,Delivered
ORD016062,CUST02896,2025-05-08,COD,Delivered
ORD016063,CUST08023,2025-02-05,COD,Delivered
ORD016064,CUST06870,2025-03-31,Credit Card,Delivered
ORD016065,CUST00709,2025-06-22,Debit Card,Delivered
ORD016066,CUST01195,2026-06-19,Net Banking,Delivered
ORD016067,CUST00261,2024-12-16,Net Banking,Delivered
ORD016068,CUST10182,2025-03-05,COD,Delivered
ORD016069,CUST07490,2024-10-23,Net Banking,Delivered
ORD016070,CUST10102,2024-03-25,Debit Card,Delivered
ORD016071,CUST03236,2025-07-17,UPI,Delivered
ORD016072,CUST09454,2025-01-21,Net Banking,Delivered
ORD016073,CUST08867,2024-11-09,Credit Card,Delivered
ORD016074,CUST07085,2024-12-11,COD,Returned
ORD016075,CUST11966,2025-05-25,UPI,Delivered
ORD016076,CUST09519,2026-02-01,UPI,Delivered
ORD016077,CUST07056,2025-04-22,COD,Delivered
ORD016078,CUST08106,2025-12-27,COD,Delivered
ORD016079,CUST08611,2026-07-09,Net Banking,Delivered
ORD016080,CUST01264,2025-12-08,COD,Delivered
ORD016081,CUST00197,2024-04-29,Credit Card,Delivered
ORD016082,CUST01291,2025-02-28,Debit Card,Cancelled
ORD016083,CUST01075,2024-07-21,UPI,Delivered
ORD016084,CUST05853,2026-08-15,COD,Delivered
ORD016085,CUST07536,2026-03-19,Net Banking,Delivered
ORD016086,CUST03438,2024-08-17,COD,Delivered
ORD016087,CUST08430,2024-10-15,Credit Card,Delivered
ORD016088,CUST11600,2026-01-09,COD,Delivered
ORD016089,CUST00946,2024-02-07,Credit Card,Delivered
ORD016090,CUST06467,2024-05-25,COD,Delivered
ORD016091,CUST08899,2025-03-13,Debit Card,Delivered
ORD016092,CUST09281,2024-02-18,Net Banking,Delivered
ORD016093,CUST08204,2024-11-12,Credit Card,Delivered
ORD016094,CUST02987,2025-06-11,COD,Delivered
ORD016095,CUST07149,2024-08-01,UPI,Delivered
ORD016096,CUST05472,2025-08-19,Credit Card,Delivered
ORD016097,CUST05910,2026-01-23,Debit Card,Delivered
ORD016098,CUST11142,2026-03-22,Debit Card,Delivered
ORD016099,CUST00167,2025-06-26,UPI,Delivered
ORD016100,CUST09958,2024-04-04,COD,Delivered
ORD016101,CUST11861,2025-10-28,COD,Delivered
ORD016102,CUST03164,2025-05-14,COD,Delivered
ORD016103,CUST04064,2025-11-11,COD,Delivered
ORD016104,CUST10907,2025-09-17,COD,Delivered
ORD016105,CUST01841,2026-02-09,UPI,Delivered
ORD016106,CUST05647,2025-08-29,Debit Card,Pending
ORD016107,CUST04192,2025-11-04,UPI,Cancelled
ORD016108,CUST11054,2025-04-18,Net Banking,Delivered
ORD016109,CUST11764,2025-12-28,Net Banking,Delivered
ORD016110,CUST05750,2024-05-17,Credit Card,Returned
ORD016111,CUST07367,2024-02-26,COD,Returned
ORD016112,CUST08885,2026-07-13,Debit Card,Delivered
ORD016113,CUST07283,2024-06-14,Credit Card,Delivered
ORD016114,CUST06972,2024-07-23,Net Banking,Delivered
ORD016115,CUST07049,2025-09-04,Credit Card,Delivered
ORD016116,CUST01130,2026-06-01,Net Banking,Delivered
ORD016117,CUST05980,2026-02-12,Net Banking,Delivered
ORD016118,CUST07957,2024-05-21,UPI,Delivered
ORD016119,CUST01101,2026-01-03,Credit Card,Delivered
ORD016120,CUST07038,2026-01-12,Net Banking,Delivered
ORD016121,CUST10290,2026-01-22,Debit Card,Delivered
ORD016122,CUST04788,2026-06-18,Net Banking,Delivered
ORD016123,CUST11255,2026-07-29,UPI,Delivered
ORD016124,CUST11739,2026-03-17,Credit Card,Delivered
ORD016125,CUST00348,2025-12-14,Net Banking,Delivered
ORD016126,CUST11218,2024-02-23,COD,Delivered
ORD016127,CUST06629,2024-06-02,COD,Delivered
ORD016128,CUST00208,2024-08-13,Net Banking,Delivered
ORD016129,CUST07351,2024-10-11,Credit Card,Delivered
ORD016130,CUST01546,2024-03-02,UPI,Delivered
ORD016131,CUST05070,2025-01-26,Debit Card,Delivered
ORD016132,CUST00631,2025-11-09,Credit Card,Delivered
ORD016133,CUST10332,2025-02-05,UPI,Delivered
ORD016134,CUST02717,2025-12-13,Net Banking,Delivered
ORD016135,CUST10635,2026-02-28,Debit Card,Returned
ORD016136,CUST11944,2025-10-19,Credit Card,Delivered
ORD016137,CUST11739,2025-11-07,Net Banking,Delivered
ORD016138,CUST08369,2025-01-01,Debit Card,Delivered
ORD016139,CUST03360,2024-06-09,Net Banking,Returned
ORD016140,CUST03367,2026-08-01,COD,Delivered
ORD016141,CUST09813,2026-01-18,COD,Cancelled
ORD016142,CUST08322,2024-02-17,UPI,Returned
ORD016143,CUST07882,2025-01-20,Debit Card,Delivered
ORD016144,CUST02706,2024-09-05,COD,Returned
ORD016145,CUST04231,2024-01-26,Net Banking,Delivered
ORD016146,CUST00773,2024-05-24,UPI,Delivered
ORD016147,CUST04509,2024-09-16,COD,Delivered
ORD016148,CUST07726,2024-01-09,UPI,Pending
ORD016149,CUST06285,2025-05-14,Debit Card,Delivered
ORD016150,CUST09283,2024-09-22,COD,Delivered
ORD016151,CUST09288,2024-08-28,COD,Delivered
ORD016152,CUST03762,2024-11-20,Credit Card,Delivered
ORD016153,CUST05235,2026-07-22,Credit Card,Delivered
ORD016154,CUST00900,2026-03-27,Debit Card,Pending
ORD016155,CUST04522,2025-07-05,Debit Card,Delivered
ORD016156,CUST05731,2024-06-25,Credit Card,Returned
ORD016157,CUST00588,2025-04-14,COD,Returned
ORD016158,CUST07448,2025-05-03,UPI,Delivered
ORD016159,CUST11622,2025-06-14,Debit Card,Returned
ORD016160,CUST03831,2024-02-06,Credit Card,Delivered
ORD016161,CUST07139,2024-08-12,UPI,Cancelled
ORD016162,CUST00082,2026-03-27,Credit Card,Pending
ORD016163,CUST04904,2024-08-29,Net Banking,Delivered
ORD016164,CUST04856,2025-01-24,COD,Delivered
ORD016165,CUST11903,2024-11-15,UPI,Delivered
ORD016166,CUST02850,2026-07-07,Credit Card,Delivered
ORD016167,CUST04732,2026-08-31,UPI,Delivered
ORD016168,CUST10315,2025-06-26,Net Banking,Returned
ORD016169,CUST03622,2025-07-18,Net Banking,Delivered
ORD016170,CUST00915,2024-02-02,COD,Pending
ORD016171,CUST01763,2025-06-12,Credit Card,Pending
ORD016172,CUST05933,2025-07-30,Credit Card,Cancelled
ORD016173,CUST09876,2026-02-05,Credit Card,Delivered
ORD016174,CUST10715,2026-08-29,Debit Card,Delivered
ORD016175,CUST04319,2025-08-01,COD,Delivered
ORD016176,CUST09945,2024-06-21,Net Banking,Delivered
ORD016177,CUST10104,2024-08-15,COD,Pending
ORD016178,CUST06693,2024-03-28,Debit Card,Pending
ORD016179,CUST06175,2024-08-20,Credit Card,Delivered
ORD016180,CUST08431,2026-01-21,Net Banking,Delivered
ORD016181,CUST05674,2025-12-18,Credit Card,Cancelled
ORD016182,CUST01646,2024-02-06,Debit Card,Delivered
ORD016183,CUST11221,2024-12-13,Debit Card,Delivered
ORD016184,CUST02017,2024-10-09,Credit Card,Delivered
ORD016185,CUST07817,2024-05-27,Credit Card,Delivered
ORD016186,CUST06858,2025-04-07,UPI,Delivered
ORD016187,CUST02044,2026-07-26,Net Banking,Delivered
ORD016188,CUST08671,2026-07-09,Net Banking,Pending
ORD016189,CUST01205,2024-04-17,COD,Delivered
ORD016190,CUST07051,2024-03-10,COD,Delivered
ORD016191,CUST08566,2025-11-21,Debit Card,Delivered
ORD016192,CUST05481,2024-04-19,Net Banking,Delivered
ORD016193,CUST11212,2025-04-06,Debit Card,Delivered
ORD016194,CUST10470,2024-06-15,Credit Card,Delivered
ORD016195,CUST05392,2025-01-11,Net Banking,Delivered
ORD016196,CUST05133,2024-12-27,Debit Card,Delivered
ORD016197,CUST05542,2024-01-30,UPI,Delivered
ORD016198,CUST06029,2025-07-12,UPI,Delivered
ORD016199,CUST08591,2025-11-17,Net Banking,Delivered
ORD016200,CUST07568,2024-02-19,Net Banking,Delivered
ORD016201,CUST04265,2024-10-10,COD,Delivered
ORD016202,CUST01074,2026-03-09,Net Banking,Returned
ORD016203,CUST03180,2024-07-19,COD,Delivered
ORD016204,CUST03291,2024-09-08,UPI,Cancelled
ORD016205,CUST07874,2026-03-26,UPI,Cancelled
ORD016206,CUST00041,2025-12-06,UPI,Delivered
ORD016207,CUST07538,2026-08-06,Credit Card,Delivered
ORD016208,CUST01656,2026-04-07,Net Banking,Delivered
ORD016209,CUST04635,2024-02-16,UPI,Delivered
ORD016210,CUST10939,2024-06-21,COD,Delivered
ORD016211,CUST01345,2024-05-08,COD,Delivered
ORD016212,CUST10382,2024-07-12,Debit Card,Returned
ORD016213,CUST00931,2025-05-10,Debit Card,Delivered
ORD016214,CUST09707,2025-09-22,Credit Card,Delivered
ORD016215,CUST09755,2025-04-20,COD,Delivered
ORD016216,CUST06169,2024-12-21,Debit Card,Delivered
ORD016217,CUST10082,2025-06-18,Net Banking,Cancelled
ORD016218,CUST02230,2026-07-04,Net Banking,Delivered
ORD016219,CUST08881,2025-02-20,Net Banking,Cancelled
ORD016220,CUST08163,2026-05-11,Net Banking,Delivered
ORD016221,CUST03413,2024-08-17,Debit Card,Delivered
ORD016222,CUST02151,2025-08-23,Credit Card,Delivered
ORD016223,CUST09091,2024-02-17,Debit Card,Delivered
ORD016224,CUST10735,2025-02-03,Net Banking,Delivered
ORD016225,CUST08516,2025-09-05,UPI,Delivered
ORD016226,CUST05945,2025-05-09,Net Banking,Delivered
ORD016227,CUST11023,2025-02-26,Credit Card,Pending
ORD016228,CUST03779,2024-05-14,COD,Delivered
ORD016229,CUST06236,2024-11-13,COD,Delivered
ORD016230,CUST06659,2025-11-14,Net Banking,Delivered
ORD016231,CUST05108,2026-05-14,Credit Card,Delivered
ORD016232,CUST00878,2026-01-07,Debit Card,Delivered
ORD016233,CUST06837,2024-12-02,Credit Card,Delivered
ORD016234,CUST10505,2026-08-02,Net Banking,Cancelled
ORD016235,CUST03711,2024-04-13,Debit Card,Cancelled
ORD016236,CUST00335,2025-05-30,COD,Returned
ORD016237,CUST06248,2026-02-19,Net Banking,Cancelled
ORD016238,CUST01864,2024-10-08,COD,Delivered
ORD016239,CUST06056,2025-01-31,Net Banking,Delivered
ORD016240,CUST06584,2026-05-13,Debit Card,Cancelled
ORD016241,CUST05902,2025-03-02,Credit Card,Pending
ORD016242,CUST04454,2026-06-26,COD,Delivered
ORD016243,CUST07869,2026-06-06,Debit Card,Delivered
ORD016244,CUST08167,2026-08-31,COD,Delivered
ORD016245,CUST04015,2024-03-25,UPI,Delivered
ORD016246,CUST00620,2024-10-15,Debit Card,Delivered
ORD016247,CUST07902,2024-11-18,Debit Card,Cancelled
ORD016248,CUST09605,2026-02-13,Credit Card,Delivered
ORD016249,CUST05462,2025-12-19,Credit Card,Delivered
ORD016250,CUST00261,2025-06-02,Net Banking,Returned
ORD016251,CUST10636,2026-03-21,Credit Card,Delivered
ORD016252,CUST02645,2025-11-18,Net Banking,Pending
ORD016253,CUST04506,2025-12-30,Credit Card,Delivered
ORD016254,CUST05505,2025-10-27,Credit Card,Delivered
ORD016255,CUST03825,2024-03-16,Net Banking,Delivered
ORD016256,CUST06282,2025-03-18,UPI,Cancelled
ORD016257,CUST00152,2025-09-19,Debit Card,Delivered
ORD016258,CUST07284,2025-11-26,Net Banking,Delivered
ORD016259,CUST06879,2025-11-10,UPI,Delivered
ORD016260,CUST05869,2024-12-30,Credit Card,Delivered
ORD016261,CUST00047,2024-03-06,Net Banking,Delivered
ORD016262,CUST08023,2024-04-13,UPI,Delivered
ORD016263,CUST08021,2025-10-16,UPI,Delivered
ORD016264,CUST11522,2024-02-13,Debit Card,Delivered
ORD016265,CUST07541,2026-01-04,Credit Card,Delivered
ORD016266,CUST09823,2026-08-12,COD,Delivered
ORD016267,CUST09858,2026-05-18,UPI,Delivered
ORD016268,CUST03230,2025-02-21,Net Banking,Cancelled
ORD016269,CUST03225,2024-05-19,Credit Card,Delivered
ORD016270,CUST06513,2024-05-13,COD,Delivered
ORD016271,CUST05715,2025-09-26,COD,Delivered
ORD016272,CUST06334,2025-05-02,COD,Delivered
ORD016273,CUST02814,2024-08-11,UPI,Delivered
ORD016274,CUST09473,2025-09-03,Debit Card,Delivered
ORD016275,CUST03548,2025-10-11,COD,Returned
ORD016276,CUST09407,2024-03-20,COD,Pending
ORD016277,CUST01211,2026-06-11,Net Banking,Cancelled
ORD016278,CUST01648,2025-02-12,COD,Delivered
ORD016279,CUST03382,2025-04-22,Credit Card,Delivered
ORD016280,CUST02487,2025-07-05,Debit Card,Delivered
ORD016281,CUST03678,2026-01-02,Debit Card,Delivered
ORD016282,CUST08151,2026-08-01,COD,Delivered
ORD016283,CUST01322,2024-12-08,UPI,Returned
ORD016284,CUST05083,2025-03-15,UPI,Delivered
ORD016285,CUST06965,2026-04-07,COD,Delivered
ORD016286,CUST00234,2024-04-17,COD,Delivered
ORD016287,CUST03137,2026-06-21,UPI,Delivered
ORD016288,CUST03721,2024-04-22,COD,Cancelled
ORD016289,CUST11463,2024-06-23,Net Banking,Delivered
ORD016290,CUST10291,2026-06-10,Net Banking,Returned
ORD016291,CUST01242,2025-06-09,COD,Delivered
ORD016292,CUST03088,2026-05-18,UPI,Delivered
ORD016293,CUST08006,2024-05-09,Net Banking,Delivered
ORD016294,CUST08382,2025-12-03,UPI,Delivered
ORD016295,CUST06589,2026-03-15,COD,Cancelled
ORD016296,CUST00697,2026-04-16,COD,Delivered
ORD016297,CUST00173,2024-04-11,COD,Delivered
ORD016298,CUST11596,2024-08-25,Net Banking,Delivered
ORD016299,CUST05208,2024-10-04,Debit Card,Delivered
ORD016300,CUST04734,2026-04-17,Debit Card,Delivered
ORD016301,CUST07953,2026-03-23,Debit Card,Delivered
ORD016302,CUST05374,2026-02-13,Net Banking,Delivered
ORD016303,CUST08057,2026-02-11,UPI,Delivered
ORD016304,CUST10719,2025-10-27,Debit Card,Returned
ORD016305,CUST02853,2025-08-26,Debit Card,Delivered
ORD016306,CUST11190,2025-07-12,Credit Card,Delivered
ORD016307,CUST04010,2026-05-04,COD,Delivered
ORD016308,CUST10525,2025-07-31,Debit Card,Cancelled
ORD016309,CUST10049,2024-08-29,Debit Card,Delivered
ORD016310,CUST04844,2025-10-22,UPI,Returned
ORD016311,CUST00206,2025-01-11,COD,Delivered
ORD016312,CUST08567,2024-09-09,Net Banking,Delivered
ORD016313,CUST05032,2026-04-13,Net Banking,Delivered
ORD016314,CUST04209,2026-02-08,Credit Card,Delivered
ORD016315,CUST00779,2024-09-30,UPI,Delivered
ORD016316,CUST11194,2024-08-18,UPI,Delivered
ORD016317,CUST07392,2025-12-31,COD,Delivered
ORD016318,CUST03778,2025-12-04,UPI,Delivered
ORD016319,CUST00415,2026-03-24,Credit Card,Delivered
ORD016320,CUST05509,2025-12-09,COD,Delivered
ORD016321,CUST10592,2026-02-15,UPI,Delivered
ORD016322,CUST07218,2025-10-15,UPI,Delivered
ORD016323,CUST07049,2025-08-02,Debit Card,Delivered
ORD016324,CUST11305,2025-12-05,Debit Card,Returned
ORD016325,CUST03583,2024-10-22,Credit Card,Delivered
ORD016326,CUST07690,2025-10-23,Debit Card,Returned
ORD016327,CUST10229,2024-01-15,UPI,Delivered
ORD016328,CUST02741,2026-07-09,Debit Card,Pending
ORD016329,CUST04964,2026-04-11,UPI,Cancelled
ORD016330,CUST06554,2024-06-27,COD,Cancelled
ORD016331,CUST05228,2025-11-02,Debit Card,Delivered
ORD016332,CUST10276,2024-08-10,Credit Card,Delivered
ORD016333,CUST02398,2025-03-01,Net Banking,Pending
ORD016334,CUST03239,2024-08-02,UPI,Cancelled
ORD016335,CUST06459,2025-10-18,Credit Card,Cancelled
ORD016336,CUST10007,2025-01-16,UPI,Returned
ORD016337,CUST05035,2025-11-04,UPI,Delivered
ORD016338,CUST08804,2026-08-22,COD,Returned
ORD016339,CUST11033,2024-02-16,UPI,Delivered
ORD016340,CUST08532,2025-11-12,Net Banking,Delivered
ORD016341,CUST05180,2024-12-15,Net Banking,Pending
ORD016342,CUST00102,2025-07-15,Net Banking,Returned
ORD016343,CUST01697,2025-05-18,Credit Card,Delivered
ORD016344,CUST00161,2024-04-18,COD,Delivered
ORD016345,CUST07873,2024-06-29,Credit Card,Cancelled
ORD016346,CUST02593,2024-01-14,Credit Card,Delivered
ORD016347,CUST03366,2025-08-01,Net Banking,Delivered
ORD016348,CUST09368,2024-08-17,Credit Card,Delivered
ORD016349,CUST11721,2025-06-15,UPI,Delivered
ORD016350,CUST01375,2025-03-20,Debit Card,Delivered
ORD016351,CUST06961,2024-05-30,UPI,Delivered
ORD016352,CUST09943,2025-06-18,Credit Card,Returned
ORD016353,CUST01822,2026-07-05,COD,Delivered
ORD016354,CUST04562,2026-07-28,UPI,Delivered
ORD016355,CUST09274,2025-01-23,Credit Card,Delivered
ORD016356,CUST04449,2025-07-17,COD,Delivered
ORD016357,CUST05753,2024-07-19,Net Banking,Delivered
ORD016358,CUST03037,2026-07-23,Debit Card,Delivered
ORD016359,CUST04752,2025-06-17,Credit Card,Delivered
ORD016360,CUST11681,2024-07-29,UPI,Cancelled
ORD016361,CUST05415,2025-08-03,Debit Card,Delivered
ORD016362,CUST11759,2025-12-08,Net Banking,Delivered
ORD016363,CUST10662,2025-10-22,Net Banking,Delivered
ORD016364,CUST09367,2025-04-10,Debit Card,Delivered
ORD016365,CUST08218,2025-10-06,Credit Card,Delivered
ORD016366,CUST08785,2025-03-20,Credit Card,Delivered
ORD016367,CUST06765,2024-08-18,COD,Pending
ORD016368,CUST08472,2025-05-20,COD,Delivered
ORD016369,CUST10859,2025-08-11,Credit Card,Delivered
ORD016370,CUST08019,2024-09-10,UPI,Returned
ORD016371,CUST05290,2025-12-30,Net Banking,Delivered
ORD016372,CUST03198,2024-07-26,COD,Delivered
ORD016373,CUST06683,2025-09-27,Debit Card,Returned
ORD016374,CUST05256,2025-06-06,Debit Card,Delivered
ORD016375,CUST06991,2024-03-07,Credit Card,Cancelled
ORD016376,CUST08573,2026-04-15,Debit Card,Delivered
ORD016377,CUST02189,2026-05-30,Debit Card,Delivered
ORD016378,CUST00091,2026-06-23,Credit Card,Delivered
ORD016379,CUST10902,2024-12-15,UPI,Delivered
ORD016380,CUST08055,2024-02-20,Credit Card,Delivered
ORD016381,CUST06191,2024-11-11,Net Banking,Delivered
ORD016382,CUST04673,2026-03-23,COD,Delivered
ORD016383,CUST08605,2025-03-19,UPI,Returned
ORD016384,CUST04431,2025-07-23,UPI,Delivered
ORD016385,CUST08990,2024-03-16,Debit Card,Delivered
ORD016386,CUST11002,2025-11-24,COD,Returned
ORD016387,CUST10542,2026-02-05,COD,Returned
ORD016388,CUST07767,2024-02-18,UPI,Delivered
ORD016389,CUST06708,2026-06-27,Net Banking,Cancelled
ORD016390,CUST07173,2024-05-28,Net Banking,Delivered
ORD016391,CUST02774,2026-01-16,Debit Card,Delivered
ORD016392,CUST11817,2024-08-21,Debit Card,Delivered
ORD016393,CUST07572,2026-02-27,Net Banking,Cancelled
ORD016394,CUST06174,2026-07-11,COD,Pending
ORD016395,CUST01584,2026-04-16,Net Banking,Delivered
ORD016396,CUST06779,2024-03-21,UPI,Delivered
ORD016397,CUST04247,2024-11-06,Credit Card,Cancelled
ORD016398,CUST03004,2025-08-19,Credit Card,Delivered
ORD016399,CUST09906,2025-03-24,Credit Card,Delivered
ORD016400,CUST02932,2024-01-16,COD,Cancelled
ORD016401,CUST11277,2025-02-09,Net Banking,Delivered
ORD016402,CUST09962,2024-12-08,UPI,Cancelled
ORD016403,CUST06951,2024-05-27,UPI,Pending
ORD016404,CUST03431,2025-01-18,Debit Card,Delivered
ORD016405,CUST05572,2025-03-08,COD,Delivered
ORD016406,CUST10932,2024-11-23,UPI,Delivered
ORD016407,CUST00425,2026-03-24,Debit Card,Delivered
ORD016408,CUST06266,2026-03-27,COD,Cancelled
ORD016409,CUST08284,2024-12-26,UPI,Delivered
ORD016410,CUST02075,2025-09-05,Net Banking,Pending
ORD016411,CUST11159,2025-05-15,UPI,Cancelled
ORD016412,CUST05503,2024-08-09,COD,Delivered
ORD016413,CUST08211,2025-07-31,Debit Card,Delivered
ORD016414,CUST06480,2025-07-27,COD,Delivered
ORD016415,CUST03491,2025-01-10,Credit Card,Delivered
ORD016416,CUST04485,2024-04-30,UPI,Delivered
ORD016417,CUST03672,2025-12-03,Credit Card,Delivered
ORD016418,CUST03973,2024-06-08,Net Banking,Delivered
ORD016419,CUST08285,2025-04-11,Debit Card,Delivered
ORD016420,CUST06406,2024-09-25,Net Banking,Delivered
ORD016421,CUST04137,2024-06-18,COD,Pending
ORD016422,CUST07977,2026-02-16,UPI,Delivered
ORD016423,CUST07596,2024-06-23,Debit Card,Delivered
ORD016424,CUST02096,2024-07-15,Credit Card,Delivered
ORD016425,CUST07589,2024-08-06,Credit Card,Delivered
ORD016426,CUST00605,2025-03-19,COD,Delivered
ORD016427,CUST03256,2025-03-20,Credit Card,Delivered
ORD016428,CUST10496,2025-07-23,COD,Delivered
ORD016429,CUST04641,2026-01-25,Debit Card,Delivered
ORD016430,CUST02267,2024-09-06,Net Banking,Delivered
ORD016431,CUST01443,2025-06-20,UPI,Returned
ORD016432,CUST02150,2025-08-05,Net Banking,Delivered
ORD016433,CUST06120,2025-01-14,Net Banking,Delivered
ORD016434,CUST03440,2026-04-09,UPI,Returned
ORD016435,CUST03658,2025-07-26,Debit Card,Delivered
ORD016436,CUST09206,2025-11-15,COD,Delivered
ORD016437,CUST11300,2024-01-27,Credit Card,Delivered
ORD016438,CUST10668,2026-03-30,UPI,Delivered
ORD016439,CUST11549,2024-07-05,Net Banking,Delivered
ORD016440,CUST11984,2026-03-21,UPI,Delivered
ORD016441,CUST06721,2025-06-23,Debit Card,Returned
ORD016442,CUST04464,2026-02-27,UPI,Delivered
ORD016443,CUST03363,2024-06-10,Credit Card,Delivered
ORD016444,CUST08431,2024-03-25,Net Banking,Delivered
ORD016445,CUST00697,2024-02-16,Credit Card,Delivered
ORD016446,CUST02077,2026-03-05,Credit Card,Delivered
ORD016447,CUST07974,2026-02-21,Credit Card,Delivered
ORD016448,CUST04301,2025-05-31,Credit Card,Delivered
ORD016449,CUST09716,2024-11-15,UPI,Delivered
ORD016450,CUST02280,2024-09-29,UPI,Delivered
ORD016451,CUST05004,2026-06-22,Net Banking,Delivered
ORD016452,CUST06766,2024-02-26,COD,Delivered
ORD016453,CUST01722,2024-11-08,COD,Delivered
ORD016454,CUST01870,2025-07-13,Credit Card,Delivered
ORD016455,CUST08528,2026-01-20,Debit Card,Cancelled
ORD016456,CUST06534,2024-12-09,Credit Card,Delivered
ORD016457,CUST11812,2026-06-14,Debit Card,Delivered
ORD016458,CUST02100,2025-02-05,Debit Card,Delivered
ORD016459,CUST03928,2025-05-12,Credit Card,Delivered
ORD016460,CUST09587,2024-10-24,Net Banking,Delivered
ORD016461,CUST03867,2026-08-22,Debit Card,Delivered
ORD016462,CUST06681,2026-04-01,Credit Card,Cancelled
ORD016463,CUST04264,2025-10-17,Credit Card,Delivered
ORD016464,CUST02980,2024-03-25,Credit Card,Delivered
ORD016465,CUST03004,2025-12-16,Debit Card,Delivered
ORD016466,CUST03869,2026-07-01,UPI,Delivered
ORD016467,CUST08543,2026-07-28,Debit Card,Delivered
ORD016468,CUST02563,2024-10-15,UPI,Delivered
ORD016469,CUST00653,2026-06-25,UPI,Delivered
ORD016470,CUST02048,2024-06-16,Net Banking,Delivered
ORD016471,CUST07307,2024-06-13,COD,Returned
ORD016472,CUST02480,2025-05-02,Credit Card,Delivered
ORD016473,CUST09167,2025-08-09,Credit Card,Delivered
ORD016474,CUST09020,2025-06-23,Debit Card,Delivered
ORD016475,CUST04098,2024-04-16,COD,Delivered
ORD016476,CUST00966,2025-10-31,Net Banking,Returned
ORD016477,CUST01903,2025-03-05,Credit Card,Cancelled
ORD016478,CUST10787,2026-04-25,Debit Card,Delivered
ORD016479,CUST04915,2025-09-18,Net Banking,Delivered
ORD016480,CUST07916,2026-07-27,COD,Delivered
ORD016481,CUST02156,2026-05-02,Debit Card,Delivered
ORD016482,CUST04721,2026-01-05,Net Banking,Cancelled
ORD016483,CUST10296,2024-03-31,COD,Returned
ORD016484,CUST00505,2024-09-09,Credit Card,Delivered
ORD016485,CUST05069,2026-05-15,COD,Delivered
ORD016486,CUST08891,2026-02-14,Debit Card,Delivered
ORD016487,CUST08204,2025-07-08,Credit Card,Delivered
ORD016488,CUST10000,2026-03-11,UPI,Delivered
ORD016489,CUST04021,2025-07-20,Debit Card,Returned
ORD016490,CUST08427,2026-04-05,UPI,Delivered
ORD016491,CUST11892,2025-06-16,COD,Delivered
ORD016492,CUST09513,2025-03-06,Net Banking,Delivered
ORD016493,CUST08179,2024-11-02,Credit Card,Delivered
ORD016494,CUST06568,2025-02-16,Debit Card,Delivered
ORD016495,CUST01597,2024-01-16,Credit Card,Delivered
ORD016496,CUST06093,2024-11-19,COD,Delivered
ORD016497,CUST11810,2024-12-10,COD,Pending
ORD016498,CUST02323,2025-08-03,Net Banking,Delivered
ORD016499,CUST04699,2024-05-26,Net Banking,Delivered
ORD016500,CUST07197,2025-09-10,Debit Card,Delivered
ORD016501,CUST06675,2025-11-09,Credit Card,Returned
ORD016502,CUST03819,2026-04-17,Debit Card,Delivered
ORD016503,CUST11448,2025-06-25,UPI,Delivered
ORD016504,CUST07707,2024-01-28,COD,Delivered
ORD016505,CUST10664,2026-08-16,UPI,Cancelled
ORD016506,CUST05198,2026-02-19,UPI,Delivered
ORD016507,CUST02568,2026-01-20,Credit Card,Delivered
ORD016508,CUST09118,2024-03-07,UPI,Cancelled
ORD016509,CUST08857,2025-07-29,UPI,Delivered
ORD016510,CUST11832,2025-07-23,Net Banking,Delivered
ORD016511,CUST02916,2025-05-23,Debit Card,Returned
ORD016512,CUST03393,2026-04-15,Net Banking,Delivered
ORD016513,CUST03359,2026-02-16,Credit Card,Delivered
ORD016514,CUST07395,2025-03-10,Debit Card,Delivered
ORD016515,CUST00316,2024-11-21,Debit Card,Delivered
ORD016516,CUST05333,2026-02-07,COD,Delivered
ORD016517,CUST07842,2024-01-01,COD,Delivered
ORD016518,CUST09873,2026-06-21,UPI,Delivered
ORD016519,CUST03101,2025-08-14,Debit Card,Delivered
ORD016520,CUST07368,2024-08-03,Debit Card,Pending
ORD016521,CUST05843,2026-06-14,COD,Delivered
ORD016522,CUST11759,2025-05-30,UPI,Delivered
ORD016523,CUST01670,2024-09-28,COD,Delivered
ORD016524,CUST03416,2025-12-11,Debit Card,Delivered
ORD016525,CUST05246,2025-01-04,Credit Card,Pending
ORD016526,CUST01542,2025-06-20,COD,Delivered
ORD016527,CUST08835,2026-06-29,Net Banking,Delivered
ORD016528,CUST04255,2025-01-27,COD,Delivered
ORD016529,CUST09804,2026-02-17,Debit Card,Delivered
ORD016530,CUST04232,2024-07-17,UPI,Delivered
ORD016531,CUST02283,2024-02-22,Debit Card,Delivered
ORD016532,CUST09818,2025-07-04,UPI,Delivered
ORD016533,CUST04859,2025-10-04,Debit Card,Delivered
ORD016534,CUST08474,2025-12-11,Net Banking,Delivered
ORD016535,CUST08591,2025-05-29,Net Banking,Delivered
ORD016536,CUST10701,2026-06-26,UPI,Delivered
ORD016537,CUST06328,2025-05-29,Net Banking,Delivered
ORD016538,CUST04694,2024-11-22,Credit Card,Delivered
ORD016539,CUST10362,2024-01-23,Credit Card,Delivered
ORD016540,CUST04414,2026-07-22,Net Banking,Delivered
ORD016541,CUST06285,2025-04-07,COD,Delivered
ORD016542,CUST10798,2024-08-02,Net Banking,Pending
ORD016543,CUST01206,2026-06-08,UPI,Cancelled
ORD016544,CUST06921,2024-02-11,Net Banking,Pending
ORD016545,CUST06488,2024-05-12,Net Banking,Returned
ORD016546,CUST07427,2024-02-10,UPI,Pending
ORD016547,CUST11159,2025-01-03,Credit Card,Delivered
ORD016548,CUST04108,2025-03-12,COD,Delivered
ORD016549,CUST02601,2025-07-27,Debit Card,Delivered
ORD016550,CUST04524,2025-04-21,COD,Delivered
ORD016551,CUST03770,2024-12-04,Debit Card,Delivered
ORD016552,CUST00523,2025-01-16,Net Banking,Delivered
ORD016553,CUST06587,2025-02-11,Credit Card,Returned
ORD016554,CUST04169,2025-06-23,Net Banking,Delivered
ORD016555,CUST11402,2024-12-02,Debit Card,Cancelled
ORD016556,CUST07201,2024-01-09,Credit Card,Delivered
ORD016557,CUST05837,2025-03-20,Debit Card,Cancelled
ORD016558,CUST04244,2025-03-12,Net Banking,Delivered
ORD016559,CUST08108,2025-10-18,Debit Card,Delivered
ORD016560,CUST04427,2024-03-05,Credit Card,Delivered
ORD016561,CUST03817,2026-05-21,COD,Delivered
ORD016562,CUST01647,2026-06-23,Net Banking,Delivered
ORD016563,CUST00637,2026-01-13,Debit Card,Cancelled
ORD016564,CUST10876,2025-03-29,Debit Card,Cancelled
ORD016565,CUST07437,2024-09-27,COD,Delivered
ORD016566,CUST03196,2025-09-14,Credit Card,Delivered
ORD016567,CUST06892,2024-09-18,UPI,Cancelled
ORD016568,CUST09023,2025-01-07,UPI,Delivered
ORD016569,CUST04750,2025-05-09,UPI,Delivered
ORD016570,CUST11977,2026-07-02,Net Banking,Delivered
ORD016571,CUST04150,2025-01-08,UPI,Delivered
ORD016572,CUST06570,2025-04-30,UPI,Delivered
ORD016573,CUST11174,2026-01-28,COD,Delivered
ORD016574,CUST02666,2025-09-17,UPI,Delivered
ORD016575,CUST08565,2024-04-23,Debit Card,Returned
ORD016576,CUST09726,2024-08-09,COD,Cancelled
ORD016577,CUST06984,2025-12-23,Debit Card,Returned
ORD016578,CUST09042,2025-07-23,Net Banking,Delivered
ORD016579,CUST04388,2024-12-13,COD,Returned
ORD016580,CUST10960,2024-01-23,Debit Card,Delivered
ORD016581,CUST00773,2025-04-16,Debit Card,Returned
ORD016582,CUST07923,2024-01-27,Credit Card,Delivered
ORD016583,CUST04607,2025-05-20,Credit Card,Delivered
ORD016584,CUST09280,2026-04-24,Credit Card,Delivered
ORD016585,CUST06639,2025-08-09,Credit Card,Delivered
ORD016586,CUST09196,2026-06-12,UPI,Pending
ORD016587,CUST05168,2024-01-15,Net Banking,Delivered
ORD016588,CUST07083,2025-02-17,UPI,Delivered
ORD016589,CUST07888,2025-01-24,Net Banking,Delivered
ORD016590,CUST10218,2026-03-03,COD,Cancelled
ORD016591,CUST08534,2024-01-31,Net Banking,Cancelled
ORD016592,CUST07538,2026-02-17,UPI,Returned
ORD016593,CUST06864,2026-04-15,COD,Delivered
ORD016594,CUST01925,2026-05-29,COD,Cancelled
ORD016595,CUST00444,2026-03-02,COD,Cancelled
ORD016596,CUST05495,2026-02-20,Credit Card,Delivered
ORD016597,CUST04359,2024-01-24,UPI,Delivered
ORD016598,CUST10368,2026-05-04,Credit Card,Delivered
ORD016599,CUST11014,2024-03-09,Debit Card,Delivered
ORD016600,CUST10865,2025-09-14,COD,Cancelled
ORD016601,CUST00268,2025-10-27,COD,Returned
ORD016602,CUST07841,2024-04-03,COD,Delivered
ORD016603,CUST01506,2026-03-20,UPI,Delivered
ORD016604,CUST03861,2025-09-05,COD,Delivered
ORD016605,CUST06138,2025-09-15,UPI,Delivered
ORD016606,CUST11962,2025-07-13,Debit Card,Pending
ORD016607,CUST05330,2024-09-06,Debit Card,Returned
ORD016608,CUST11486,2026-03-29,Debit Card,Delivered
ORD016609,CUST01283,2025-03-26,Credit Card,Returned
ORD016610,CUST10169,2025-09-19,COD,Delivered
ORD016611,CUST01077,2025-02-05,Debit Card,Cancelled
ORD016612,CUST09101,2024-03-26,Net Banking,Cancelled
ORD016613,CUST05939,2025-05-13,UPI,Delivered
ORD016614,CUST04581,2024-01-28,Net Banking,Delivered
ORD016615,CUST05523,2024-01-30,Debit Card,Delivered
ORD016616,CUST11707,2024-01-02,Credit Card,Delivered
ORD016617,CUST09534,2025-04-01,Credit Card,Delivered
ORD016618,CUST02469,2025-03-24,Net Banking,Returned
ORD016619,CUST08909,2026-03-14,Debit Card,Returned
ORD016620,CUST07567,2025-05-19,COD,Delivered
ORD016621,CUST11354,2026-02-27,UPI,Delivered
ORD016622,CUST02828,2024-03-02,UPI,Delivered
ORD016623,CUST07664,2026-08-07,Credit Card,Delivered
ORD016624,CUST08537,2024-01-28,Net Banking,Delivered
ORD016625,CUST00434,2024-10-14,Debit Card,Returned
ORD016626,CUST04655,2024-07-04,Debit Card,Delivered
ORD016627,CUST02414,2025-08-04,COD,Delivered
ORD016628,CUST01424,2024-05-04,COD,Delivered
ORD016629,CUST06339,2024-05-30,Debit Card,Delivered
ORD016630,CUST07158,2026-04-17,Debit Card,Delivered
ORD016631,CUST09176,2026-06-10,UPI,Delivered
ORD016632,CUST02282,2025-03-23,Net Banking,Delivered
ORD016633,CUST02647,2025-04-14,UPI,Delivered
ORD016634,CUST04160,2025-11-01,COD,Delivered
ORD016635,CUST04574,2024-01-19,Credit Card,Delivered
ORD016636,CUST02993,2025-12-12,Debit Card,Delivered
ORD016637,CUST11669,2024-01-08,Debit Card,Delivered
ORD016638,CUST00949,2025-04-12,Net Banking,Delivered
ORD016639,CUST03774,2024-09-11,COD,Delivered
ORD016640,CUST04049,2024-11-15,Debit Card,Cancelled
ORD016641,CUST08886,2025-12-28,UPI,Delivered
ORD016642,CUST07299,2024-07-23,Net Banking,Delivered
ORD016643,CUST05557,2025-09-29,Debit Card,Delivered
ORD016644,CUST04335,2026-06-10,Credit Card,Delivered
ORD016645,CUST04236,2025-07-06,COD,Delivered
ORD016646,CUST02598,2026-06-03,Net Banking,Delivered
ORD016647,CUST03406,2024-06-27,UPI,Delivered
ORD016648,CUST10331,2025-06-02,COD,Delivered
ORD016649,CUST11410,2025-05-23,Debit Card,Pending
ORD016650,CUST09812,2024-06-28,Credit Card,Delivered
ORD016651,CUST00675,2024-03-12,UPI,Delivered
ORD016652,CUST04436,2025-12-31,COD,Delivered
ORD016653,CUST11462,2026-01-16,Debit Card,Delivered
ORD016654,CUST11738,2024-09-15,Net Banking,Delivered
ORD016655,CUST00455,2024-05-24,Debit Card,Delivered
ORD016656,CUST01382,2026-02-11,Net Banking,Delivered
ORD016657,CUST09036,2026-08-13,Net Banking,Delivered
ORD016658,CUST01297,2025-05-09,Debit Card,Returned
ORD016659,CUST01941,2024-03-13,Credit Card,Returned
ORD016660,CUST11173,2025-01-05,Net Banking,Delivered
ORD016661,CUST05942,2024-03-10,Net Banking,Delivered
ORD016662,CUST01807,2024-05-15,Debit Card,Delivered
ORD016663,CUST10123,2026-07-28,Net Banking,Delivered
ORD016664,CUST01033,2026-07-10,UPI,Cancelled
ORD016665,CUST00269,2024-06-24,COD,Delivered
ORD016666,CUST11270,2024-03-24,Debit Card,Pending
ORD016667,CUST00385,2024-10-08,UPI,Delivered
ORD016668,CUST05354,2024-02-27,Net Banking,Delivered
ORD016669,CUST04997,2025-01-08,Net Banking,Cancelled
ORD016670,CUST01602,2026-08-20,Net Banking,Delivered
ORD016671,CUST09174,2025-03-17,COD,Delivered
ORD016672,CUST10336,2026-03-03,Credit Card,Pending
ORD016673,CUST05619,2026-02-21,Debit Card,Delivered
ORD016674,CUST08317,2026-02-17,UPI,Delivered
ORD016675,CUST02601,2025-08-30,Credit Card,Delivered
ORD016676,CUST11186,2026-01-05,Debit Card,Returned
ORD016677,CUST02417,2024-01-06,Net Banking,Delivered
ORD016678,CUST06151,2025-05-28,Net Banking,Delivered
ORD016679,CUST10517,2025-06-18,UPI,Delivered
ORD016680,CUST11473,2025-08-27,Credit Card,Delivered
ORD016681,CUST04021,2025-06-02,Net Banking,Pending
ORD016682,CUST08084,2025-03-21,COD,Delivered
ORD016683,CUST08385,2024-01-30,Debit Card,Pending
ORD016684,CUST02208,2025-08-14,UPI,Pending
ORD016685,CUST08680,2025-05-27,COD,Delivered
ORD016686,CUST03680,2024-07-23,UPI,Delivered
ORD016687,CUST11220,2026-07-20,Debit Card,Delivered
ORD016688,CUST05578,2024-09-13,Credit Card,Delivered
ORD016689,CUST04343,2025-02-09,COD,Delivered
ORD016690,CUST04102,2026-05-18,Net Banking,Delivered
ORD016691,CUST00553,2025-07-27,UPI,Delivered
ORD016692,CUST02081,2025-08-14,Credit Card,Delivered
ORD016693,CUST07114,2024-08-30,Debit Card,Delivered
ORD016694,CUST01304,2025-07-09,Net Banking,Cancelled
ORD016695,CUST03679,2024-01-09,UPI,Delivered
ORD016696,CUST06109,2025-08-23,Credit Card,Delivered
ORD016697,CUST03051,2025-07-03,Debit Card,Delivered
ORD016698,CUST00946,2024-01-22,Credit Card,Delivered
ORD016699,CUST05641,2025-11-11,Debit Card,Delivered
ORD016700,CUST07773,2024-09-14,Net Banking,Delivered
ORD016701,CUST10878,2024-05-08,COD,Delivered
ORD016702,CUST05187,2024-01-10,UPI,Cancelled
ORD016703,CUST00004,2025-09-02,COD,Delivered
ORD016704,CUST07509,2025-08-22,Net Banking,Delivered
ORD016705,CUST05254,2024-06-26,COD,Delivered
ORD016706,CUST03522,2026-07-08,UPI,Delivered
ORD016707,CUST05076,2026-01-17,Net Banking,Delivered
ORD016708,CUST08237,2025-03-06,UPI,Delivered
ORD016709,CUST03726,2025-11-16,COD,Delivered
ORD016710,CUST02900,2025-12-14,Credit Card,Delivered
ORD016711,CUST10411,2024-04-11,Credit Card,Delivered
ORD016712,CUST00450,2026-07-04,UPI,Delivered
ORD016713,CUST08559,2025-09-19,Credit Card,Delivered
ORD016714,CUST11143,2025-12-16,UPI,Delivered
ORD016715,CUST00311,2024-07-06,COD,Delivered
ORD016716,CUST04773,2025-06-18,Debit Card,Delivered
ORD016717,CUST05392,2026-03-01,Net Banking,Delivered
ORD016718,CUST01503,2025-08-07,COD,Delivered
ORD016719,CUST08443,2026-04-09,Debit Card,Returned
ORD016720,CUST11335,2024-05-11,COD,Delivered
ORD016721,CUST05466,2026-01-02,Debit Card,Returned
ORD016722,CUST00255,2024-06-03,UPI,Delivered
ORD016723,CUST00514,2024-11-08,Net Banking,Returned
ORD016724,CUST00351,2024-11-19,UPI,Delivered
ORD016725,CUST11387,2024-11-17,Net Banking,Delivered
ORD016726,CUST03745,2025-05-24,Debit Card,Cancelled
ORD016727,CUST02881,2025-12-11,Credit Card,Delivered
ORD016728,CUST03379,2024-11-08,Credit Card,Delivered
ORD016729,CUST11425,2024-02-12,Credit Card,Returned
ORD016730,CUST10755,2026-08-01,Credit Card,Returned
ORD016731,CUST09788,2025-03-01,COD,Delivered
ORD016732,CUST09900,2026-01-07,COD,Returned
ORD016733,CUST10618,2025-06-07,Credit Card,Delivered
ORD016734,CUST08296,2024-03-31,UPI,Cancelled
ORD016735,CUST09135,2025-03-13,Debit Card,Delivered
ORD016736,CUST04651,2024-03-26,Credit Card,Delivered
ORD016737,CUST06959,2025-04-07,UPI,Delivered
ORD016738,CUST05349,2026-05-24,UPI,Delivered
ORD016739,CUST05308,2025-08-08,UPI,Returned
ORD016740,CUST05540,2024-10-17,COD,Delivered
ORD016741,CUST04005,2025-02-27,Net Banking,Delivered
ORD016742,CUST06662,2026-08-06,COD,Delivered
ORD016743,CUST03870,2026-05-01,Credit Card,Delivered
ORD016744,CUST06245,2024-10-14,Credit Card,Cancelled
ORD016745,CUST10110,2024-07-30,Credit Card,Delivered
ORD016746,CUST02268,2025-01-23,Debit Card,Delivered
ORD016747,CUST02186,2025-10-30,Debit Card,Returned
ORD016748,CUST04764,2024-08-06,Net Banking,Delivered
ORD016749,CUST02310,2024-12-11,COD,Delivered
ORD016750,CUST04681,2024-01-11,UPI,Delivered
ORD016751,CUST09780,2024-01-29,COD,Delivered
ORD016752,CUST09298,2025-09-27,Credit Card,Delivered
ORD016753,CUST11638,2025-09-11,Net Banking,Delivered
ORD016754,CUST06650,2025-10-21,Debit Card,Delivered
ORD016755,CUST04567,2024-02-12,Net Banking,Pending
ORD016756,CUST07451,2025-08-04,UPI,Delivered
ORD016757,CUST08132,2024-05-15,Net Banking,Delivered
ORD016758,CUST04877,2024-06-21,Net Banking,Delivered
ORD016759,CUST09163,2025-01-01,Net Banking,Delivered
ORD016760,CUST08779,2026-04-13,Credit Card,Delivered
ORD016761,CUST06291,2024-07-08,UPI,Delivered
ORD016762,CUST06305,2025-11-25,Debit Card,Delivered
ORD016763,CUST00718,2025-08-25,COD,Delivered
ORD016764,CUST01293,2025-02-25,Debit Card,Delivered
ORD016765,CUST10017,2026-05-10,Net Banking,Delivered
ORD016766,CUST07328,2024-07-12,Net Banking,Delivered
ORD016767,CUST06701,2025-06-10,COD,Cancelled
ORD016768,CUST06456,2026-03-11,UPI,Delivered
ORD016769,CUST07470,2026-02-17,Net Banking,Delivered
ORD016770,CUST05858,2026-07-24,Credit Card,Delivered
ORD016771,CUST03859,2026-05-05,Credit Card,Delivered
ORD016772,CUST01124,2024-06-17,Debit Card,Delivered
ORD016773,CUST09407,2025-08-13,Credit Card,Delivered
ORD016774,CUST02811,2026-06-19,Debit Card,Delivered
ORD016775,CUST11776,2025-04-01,Net Banking,Delivered
ORD016776,CUST01842,2026-06-18,Credit Card,Delivered
ORD016777,CUST09025,2024-08-06,Credit Card,Delivered
ORD016778,CUST06445,2026-01-15,COD,Delivered
ORD016779,CUST06985,2026-08-21,Debit Card,Returned
ORD016780,CUST06461,2025-02-24,COD,Delivered
ORD016781,CUST08413,2024-04-24,UPI,Delivered
ORD016782,CUST05278,2025-05-15,COD,Delivered
ORD016783,CUST03246,2024-01-13,Credit Card,Delivered
ORD016784,CUST04094,2024-05-28,Credit Card,Delivered
ORD016785,CUST00759,2024-09-23,UPI,Delivered
ORD016786,CUST04164,2025-04-04,Debit Card,Delivered
ORD016787,CUST10387,2024-01-14,Debit Card,Delivered
ORD016788,CUST10708,2024-09-06,Debit Card,Delivered
ORD016789,CUST10245,2025-02-23,UPI,Delivered
ORD016790,CUST04308,2025-01-31,Net Banking,Delivered
ORD016791,CUST07737,2025-11-29,Net Banking,Returned
ORD016792,CUST08639,2025-08-03,UPI,Delivered
ORD016793,CUST03636,2024-10-03,COD,Delivered
ORD016794,CUST10609,2026-08-26,UPI,Delivered
ORD016795,CUST04412,2024-12-18,Net Banking,Delivered
ORD016796,CUST00123,2024-04-17,Net Banking,Delivered
ORD016797,CUST04475,2024-07-10,COD,Delivered
ORD016798,CUST05873,2026-08-08,Credit Card,Delivered
ORD016799,CUST03668,2024-03-21,Credit Card,Delivered
ORD016800,CUST10132,2026-05-08,Credit Card,Pending
ORD016801,CUST11367,2025-03-24,Debit Card,Delivered
ORD016802,CUST10913,2025-03-10,Net Banking,Delivered
ORD016803,CUST05772,2024-07-15,UPI,Delivered
ORD016804,CUST06650,2024-11-27,COD,Delivered
ORD016805,CUST05432,2024-01-25,Net Banking,Delivered
ORD016806,CUST08056,2026-03-03,Credit Card,Delivered
ORD016807,CUST06807,2024-05-19,COD,Delivered
ORD016808,CUST04500,2024-01-11,UPI,Cancelled
ORD016809,CUST05079,2025-08-28,Net Banking,Delivered
ORD016810,CUST06399,2024-10-30,UPI,Cancelled
ORD016811,CUST00301,2024-12-02,Net Banking,Delivered
ORD016812,CUST01527,2025-01-21,Net Banking,Delivered
ORD016813,CUST05283,2026-04-22,Credit Card,Delivered
ORD016814,CUST08008,2024-06-25,COD,Delivered
ORD016815,CUST11128,2026-07-17,Credit Card,Delivered
ORD016816,CUST01400,2025-07-12,Net Banking,Delivered
ORD016817,CUST06299,2026-04-20,Credit Card,Delivered
ORD016818,CUST07632,2025-10-19,Net Banking,Delivered
ORD016819,CUST10543,2025-05-27,Credit Card,Delivered
ORD016820,CUST04341,2025-08-04,Net Banking,Delivered
ORD016821,CUST10528,2024-08-13,Debit Card,Delivered
ORD016822,CUST09245,2025-10-06,Debit Card,Delivered
ORD016823,CUST04295,2025-05-29,UPI,Pending
ORD016824,CUST06096,2025-08-24,Net Banking,Delivered
ORD016825,CUST09309,2026-05-18,Credit Card,Delivered
ORD016826,CUST06584,2026-01-13,Net Banking,Delivered
ORD016827,CUST03289,2025-03-29,Credit Card,Delivered
ORD016828,CUST07780,2026-02-17,UPI,Delivered
ORD016829,CUST05232,2026-04-22,Net Banking,Delivered
ORD016830,CUST01472,2026-05-24,UPI,Returned
ORD016831,CUST01115,2024-10-22,Credit Card,Delivered
ORD016832,CUST05079,2024-04-11,COD,Returned
ORD016833,CUST11927,2024-03-04,Credit Card,Delivered
ORD016834,CUST11580,2025-08-14,UPI,Cancelled
ORD016835,CUST01310,2025-12-24,Net Banking,Returned
ORD016836,CUST05336,2024-03-24,Net Banking,Delivered
ORD016837,CUST05072,2025-04-18,UPI,Returned
ORD016838,CUST03335,2024-11-09,Net Banking,Delivered
ORD016839,CUST01823,2024-08-14,Debit Card,Delivered
ORD016840,CUST05238,2026-01-13,COD,Delivered
ORD016841,CUST10259,2024-09-12,UPI,Cancelled
ORD016842,CUST04148,2024-08-24,COD,Delivered
ORD016843,CUST10991,2025-05-04,UPI,Cancelled
ORD016844,CUST09722,2025-10-26,COD,Delivered
ORD016845,CUST02553,2024-10-12,Credit Card,Delivered
ORD016846,CUST11398,2025-11-10,UPI,Delivered
ORD016847,CUST07932,2025-06-20,Net Banking,Delivered
ORD016848,CUST04986,2024-01-10,COD,Delivered
ORD016849,CUST11475,2024-12-30,Credit Card,Delivered
ORD016850,CUST07484,2024-11-08,Credit Card,Delivered
ORD016851,CUST11764,2025-11-05,Credit Card,Returned
ORD016852,CUST06493,2024-10-09,Net Banking,Delivered
ORD016853,CUST06310,2024-09-08,Credit Card,Delivered
ORD016854,CUST02189,2026-08-21,COD,Returned
ORD016855,CUST11269,2025-07-27,Net Banking,Delivered
ORD016856,CUST01198,2025-12-20,UPI,Delivered
ORD016857,CUST09006,2025-02-16,Net Banking,Delivered
ORD016858,CUST05969,2024-12-20,UPI,Pending
ORD016859,CUST02203,2024-05-28,UPI,Delivered
ORD016860,CUST06554,2024-06-17,UPI,Pending
ORD016861,CUST09278,2025-02-18,UPI,Delivered
ORD016862,CUST00196,2024-05-26,Net Banking,Delivered
ORD016863,CUST06728,2025-05-06,Debit Card,Delivered
ORD016864,CUST11873,2024-10-20,Debit Card,Delivered
ORD016865,CUST08832,2026-07-16,Credit Card,Cancelled
ORD016866,CUST08588,2024-01-04,COD,Cancelled
ORD016867,CUST09677,2024-03-18,COD,Delivered
ORD016868,CUST11733,2025-07-30,COD,Delivered
ORD016869,CUST06324,2024-04-13,Credit Card,Delivered
ORD016870,CUST08101,2025-08-17,COD,Delivered
ORD016871,CUST01063,2024-02-17,Net Banking,Delivered
ORD016872,CUST10823,2025-02-19,Debit Card,Delivered
ORD016873,CUST11729,2026-06-11,UPI,Delivered
ORD016874,CUST00077,2024-09-20,COD,Delivered
ORD016875,CUST04888,2025-10-06,Credit Card,Delivered
ORD016876,CUST02861,2025-12-12,Credit Card,Returned
ORD016877,CUST02824,2024-06-25,Net Banking,Delivered
ORD016878,CUST11720,2025-12-10,UPI,Delivered
ORD016879,CUST03202,2025-09-02,UPI,Delivered
ORD016880,CUST06046,2024-11-04,Credit Card,Delivered
ORD016881,CUST08515,2026-06-13,COD,Delivered
ORD016882,CUST00666,2024-04-25,Net Banking,Pending
ORD016883,CUST05649,2025-07-25,Net Banking,Delivered
ORD016884,CUST08742,2025-03-20,UPI,Pending
ORD016885,CUST03907,2025-03-21,Net Banking,Delivered
ORD016886,CUST11425,2025-04-03,Debit Card,Delivered
ORD016887,CUST05982,2025-01-31,UPI,Delivered
ORD016888,CUST05583,2026-05-06,Credit Card,Cancelled
ORD016889,CUST05192,2026-03-29,Net Banking,Delivered
ORD016890,CUST07518,2025-02-16,UPI,Delivered
ORD016891,CUST06464,2025-05-17,COD,Delivered
ORD016892,CUST09495,2025-06-15,COD,Delivered
ORD016893,CUST05132,2024-10-17,Debit Card,Delivered
ORD016894,CUST08551,2024-03-30,Credit Card,Pending
ORD016895,CUST02811,2025-01-05,COD,Delivered
ORD016896,CUST02032,2025-08-18,UPI,Delivered
ORD016897,CUST03592,2024-08-18,Net Banking,Delivered
ORD016898,CUST03105,2024-12-28,COD,Delivered
ORD016899,CUST04528,2025-07-06,COD,Delivered
ORD016900,CUST03425,2026-01-20,Debit Card,Delivered
ORD016901,CUST10315,2024-06-20,Net Banking,Delivered
ORD016902,CUST07019,2024-10-26,Net Banking,Delivered
ORD016903,CUST04339,2024-05-13,COD,Delivered
ORD016904,CUST07539,2025-12-03,Net Banking,Delivered
ORD016905,CUST08473,2025-10-18,Credit Card,Delivered
ORD016906,CUST04623,2026-06-06,Credit Card,Delivered
ORD016907,CUST00522,2025-09-17,COD,Delivered
ORD016908,CUST05524,2025-08-25,COD,Delivered
ORD016909,CUST06525,2024-10-23,Credit Card,Delivered
ORD016910,CUST11362,2025-05-05,Net Banking,Cancelled
ORD016911,CUST10041,2025-04-11,Debit Card,Delivered
ORD016912,CUST05166,2026-01-05,Debit Card,Delivered
ORD016913,CUST08047,2025-05-05,Debit Card,Delivered
ORD016914,CUST06780,2024-05-30,Net Banking,Delivered
ORD016915,CUST02552,2024-02-07,Debit Card,Delivered
ORD016916,CUST11496,2024-06-17,Credit Card,Delivered
ORD016917,CUST02177,2024-01-31,Net Banking,Delivered
ORD016918,CUST07480,2025-02-03,Credit Card,Delivered
ORD016919,CUST08238,2025-09-26,Net Banking,Delivered
ORD016920,CUST09147,2026-06-17,Debit Card,Delivered
ORD016921,CUST02510,2024-03-20,Debit Card,Delivered
ORD016922,CUST04541,2026-06-01,COD,Delivered
ORD016923,CUST00979,2025-10-17,UPI,Delivered
ORD016924,CUST02824,2025-08-02,Credit Card,Delivered
ORD016925,CUST06700,2024-03-09,Debit Card,Pending
ORD016926,CUST08018,2024-06-30,Net Banking,Pending
ORD016927,CUST08833,2024-08-07,COD,Delivered
ORD016928,CUST07167,2026-05-04,Credit Card,Delivered
ORD016929,CUST09333,2026-03-20,Debit Card,Delivered
ORD016930,CUST10658,2024-07-10,COD,Pending
ORD016931,CUST00388,2024-05-05,Debit Card,Delivered
ORD016932,CUST02897,2025-06-14,Debit Card,Delivered
ORD016933,CUST07554,2025-08-23,Debit Card,Delivered
ORD016934,CUST10663,2025-08-17,COD,Delivered
ORD016935,CUST03327,2024-11-13,UPI,Delivered
ORD016936,CUST09142,2024-09-15,Debit Card,Delivered
ORD016937,CUST01322,2026-02-14,Credit Card,Delivered
ORD016938,CUST09773,2025-12-30,COD,Delivered
ORD016939,CUST05733,2025-02-18,Debit Card,Delivered
ORD016940,CUST02843,2026-02-25,COD,Cancelled
ORD016941,CUST03751,2025-09-22,Credit Card,Delivered
ORD016942,CUST00921,2025-12-21,Credit Card,Returned
ORD016943,CUST08989,2024-11-16,Net Banking,Delivered
ORD016944,CUST06510,2026-03-31,Net Banking,Delivered
ORD016945,CUST07702,2026-02-19,UPI,Delivered
ORD016946,CUST09587,2025-07-24,Net Banking,Delivered
ORD016947,CUST10074,2024-07-03,COD,Delivered
ORD016948,CUST00444,2026-07-27,Net Banking,Delivered
ORD016949,CUST00346,2024-01-12,COD,Delivered
ORD016950,CUST01716,2026-01-05,COD,Delivered
ORD016951,CUST04693,2024-03-28,UPI,Delivered
ORD016952,CUST01642,2024-04-07,COD,Delivered
ORD016953,CUST01160,2025-02-11,Net Banking,Pending
ORD016954,CUST08565,2026-07-26,Net Banking,Returned
ORD016955,CUST00322,2025-01-27,Debit Card,Delivered
ORD016956,CUST01740,2025-11-18,UPI,Delivered
ORD016957,CUST03185,2024-03-08,Credit Card,Delivered
ORD016958,CUST02066,2026-08-01,Credit Card,Delivered
ORD016959,CUST07823,2025-10-26,Debit Card,Cancelled
ORD016960,CUST00771,2026-05-17,Net Banking,Delivered
ORD016961,CUST06997,2025-10-25,UPI,Delivered
ORD016962,CUST08787,2026-03-01,Net Banking,Delivered
ORD016963,CUST05435,2024-12-24,Debit Card,Returned
ORD016964,CUST07863,2024-11-13,Credit Card,Returned
ORD016965,CUST08314,2024-03-19,UPI,Delivered
ORD016966,CUST08203,2024-12-10,Net Banking,Delivered
ORD016967,CUST06098,2025-12-01,COD,Delivered
ORD016968,CUST06325,2024-04-29,COD,Returned
ORD016969,CUST06557,2026-05-24,COD,Returned
ORD016970,CUST10051,2024-09-22,Credit Card,Delivered
ORD016971,CUST00388,2024-01-10,COD,Delivered
ORD016972,CUST00220,2025-08-04,COD,Pending
ORD016973,CUST09353,2024-08-31,Debit Card,Cancelled
ORD016974,CUST06457,2024-11-20,Debit Card,Delivered
ORD016975,CUST07943,2024-11-11,Debit Card,Delivered
ORD016976,CUST10659,2026-05-10,Net Banking,Delivered
ORD016977,CUST00431,2025-04-12,COD,Delivered
ORD016978,CUST10274,2026-04-12,Credit Card,Delivered
ORD016979,CUST11529,2025-04-14,COD,Delivered
ORD016980,CUST05832,2026-04-04,COD,Pending
ORD016981,CUST01434,2025-09-14,Net Banking,Delivered
ORD016982,CUST09390,2024-08-02,Debit Card,Delivered
ORD016983,CUST09528,2025-04-18,COD,Delivered
ORD016984,CUST06410,2025-06-09,UPI,Delivered
ORD016985,CUST10872,2026-03-14,UPI,Delivered
ORD016986,CUST04779,2024-09-11,Debit Card,Delivered
ORD016987,CUST11678,2024-11-13,Debit Card,Delivered
ORD016988,CUST04648,2024-09-12,COD,Delivered
ORD016989,CUST07652,2026-04-23,UPI,Delivered
ORD016990,CUST00442,2025-06-10,Credit Card,Delivered
ORD016991,CUST05919,2026-03-27,Credit Card,Delivered
ORD016992,CUST11720,2026-04-27,UPI,Delivered
ORD016993,CUST00490,2026-06-29,Debit Card,Delivered
ORD016994,CUST03021,2026-08-25,Net Banking,Delivered
ORD016995,CUST10533,2024-06-20,Net Banking,Delivered
ORD016996,CUST03769,2026-04-25,Credit Card,Delivered
ORD016997,CUST10319,2025-10-03,Debit Card,Delivered
ORD016998,CUST05305,2025-01-09,COD,Delivered
ORD016999,CUST04995,2025-04-04,UPI,Delivered
ORD017000,CUST01693,2025-07-28,Credit Card,Delivered
ORD017001,CUST03544,2024-10-06,Net Banking,Delivered
ORD017002,CUST08749,2026-02-06,Net Banking,Delivered
ORD017003,CUST10839,2025-05-28,COD,Delivered
ORD017004,CUST02377,2025-08-16,COD,Delivered
ORD017005,CUST09730,2026-06-18,Net Banking,Cancelled
ORD017006,CUST00399,2025-08-26,Debit Card,Delivered
ORD017007,CUST08160,2025-12-29,Net Banking,Delivered
ORD017008,CUST04754,2024-12-26,UPI,Delivered
ORD017009,CUST05879,2025-02-27,Debit Card,Delivered
ORD017010,CUST03741,2025-06-02,COD,Returned
ORD017011,CUST07464,2025-05-07,COD,Delivered
ORD017012,CUST09953,2025-05-18,COD,Pending
ORD017013,CUST05434,2025-04-04,UPI,Delivered
ORD017014,CUST05447,2025-07-26,COD,Delivered
ORD017015,CUST09566,2025-03-03,Debit Card,Delivered
ORD017016,CUST02267,2025-05-17,COD,Delivered
ORD017017,CUST07846,2024-04-18,COD,Returned
ORD017018,CUST03741,2025-04-11,Net Banking,Delivered
ORD017019,CUST06815,2025-03-27,Net Banking,Delivered
ORD017020,CUST01662,2024-05-09,UPI,Delivered
ORD017021,CUST05993,2025-04-16,Debit Card,Delivered
ORD017022,CUST10539,2024-02-14,Debit Card,Delivered
ORD017023,CUST02715,2025-01-29,Net Banking,Returned
ORD017024,CUST02203,2025-04-16,Debit Card,Returned
ORD017025,CUST01654,2024-09-07,COD,Cancelled
ORD017026,CUST11229,2026-07-23,UPI,Delivered
ORD017027,CUST01027,2024-07-19,Net Banking,Delivered
ORD017028,CUST07837,2024-05-02,COD,Delivered
ORD017029,CUST04967,2025-06-02,Net Banking,Delivered
ORD017030,CUST02036,2024-01-29,Net Banking,Returned
ORD017031,CUST00653,2025-04-27,UPI,Pending
ORD017032,CUST09276,2026-04-11,UPI,Delivered
ORD017033,CUST08788,2025-10-25,Net Banking,Delivered
ORD017034,CUST08003,2024-11-18,COD,Delivered
ORD017035,CUST00849,2024-09-13,Credit Card,Delivered
ORD017036,CUST07035,2025-08-31,COD,Delivered
ORD017037,CUST05935,2025-01-06,Debit Card,Delivered
ORD017038,CUST07329,2025-03-05,Net Banking,Delivered
ORD017039,CUST06662,2026-01-07,Net Banking,Delivered
ORD017040,CUST02934,2024-10-25,UPI,Delivered
ORD017041,CUST06592,2026-06-24,Debit Card,Cancelled
ORD017042,CUST08681,2025-08-13,Credit Card,Returned
ORD017043,CUST06599,2025-08-09,Credit Card,Delivered
ORD017044,CUST08006,2025-05-24,UPI,Delivered
ORD017045,CUST02995,2026-06-14,Credit Card,Delivered
ORD017046,CUST02371,2026-07-17,Net Banking,Delivered
ORD017047,CUST04965,2025-03-20,Credit Card,Delivered
ORD017048,CUST09622,2024-02-07,Credit Card,Delivered
ORD017049,CUST06936,2025-10-21,COD,Delivered
ORD017050,CUST01229,2024-12-17,Credit Card,Cancelled
ORD017051,CUST06093,2025-03-31,COD,Delivered
ORD017052,CUST00321,2026-01-24,Debit Card,Delivered
ORD017053,CUST03827,2026-03-31,COD,Delivered
ORD017054,CUST00937,2025-07-20,Debit Card,Delivered
ORD017055,CUST02148,2024-01-17,UPI,Delivered
ORD017056,CUST06944,2026-07-30,Net Banking,Delivered
ORD017057,CUST09797,2025-09-03,UPI,Delivered
ORD017058,CUST02033,2025-01-20,UPI,Delivered
ORD017059,CUST04423,2025-05-10,UPI,Delivered
ORD017060,CUST00242,2025-05-14,Debit Card,Delivered
ORD017061,CUST10285,2025-09-01,Credit Card,Cancelled
ORD017062,CUST05152,2024-05-18,COD,Delivered
ORD017063,CUST06684,2025-08-12,UPI,Delivered
ORD017064,CUST05473,2025-04-10,UPI,Delivered
ORD017065,CUST08942,2026-02-16,Credit Card,Delivered
ORD017066,CUST06797,2024-10-05,UPI,Delivered
ORD017067,CUST04061,2024-12-09,Debit Card,Delivered
ORD017068,CUST09650,2024-02-13,Debit Card,Delivered
ORD017069,CUST11432,2025-12-15,Credit Card,Pending
ORD017070,CUST10353,2024-09-03,Debit Card,Cancelled
ORD017071,CUST10865,2026-05-22,UPI,Delivered
ORD017072,CUST01310,2025-03-15,UPI,Delivered
ORD017073,CUST09762,2026-07-12,Net Banking,Delivered
ORD017074,CUST07726,2026-03-05,Net Banking,Returned
ORD017075,CUST03073,2024-06-24,Credit Card,Delivered
ORD017076,CUST02466,2026-08-25,UPI,Delivered
ORD017077,CUST04283,2026-06-04,UPI,Cancelled
ORD017078,CUST01927,2024-02-06,COD,Delivered
ORD017079,CUST04545,2025-07-29,Debit Card,Returned
ORD017080,CUST02730,2024-10-29,Credit Card,Delivered
ORD017081,CUST00978,2025-05-09,Credit Card,Delivered
ORD017082,CUST08163,2026-03-27,Debit Card,Delivered
ORD017083,CUST04850,2026-04-13,COD,Delivered
ORD017084,CUST09491,2025-07-10,Net Banking,Delivered
ORD017085,CUST05005,2024-02-27,COD,Delivered
ORD017086,CUST08215,2026-05-24,Net Banking,Cancelled
ORD017087,CUST11330,2024-03-05,Net Banking,Delivered
ORD017088,CUST01110,2025-01-16,COD,Delivered
ORD017089,CUST02980,2024-11-19,Credit Card,Delivered
ORD017090,CUST01977,2024-08-27,UPI,Delivered
ORD017091,CUST07001,2025-09-15,Credit Card,Cancelled
ORD017092,CUST07907,2024-09-15,UPI,Delivered
ORD017093,CUST11200,2025-08-24,Credit Card,Delivered
ORD017094,CUST09355,2024-08-29,COD,Delivered
ORD017095,CUST07977,2024-11-22,COD,Delivered
ORD017096,CUST02283,2026-05-03,COD,Delivered
ORD017097,CUST00774,2024-09-22,UPI,Delivered
ORD017098,CUST09066,2024-09-22,Credit Card,Delivered
ORD017099,CUST03050,2026-03-17,Net Banking,Delivered
ORD017100,CUST09202,2025-07-30,Credit Card,Delivered
ORD017101,CUST05933,2025-01-03,Credit Card,Returned
ORD017102,CUST01745,2024-11-09,Debit Card,Delivered
ORD017103,CUST02276,2024-08-31,Credit Card,Delivered
ORD017104,CUST09913,2024-10-19,Net Banking,Delivered
ORD017105,CUST08274,2026-06-14,Credit Card,Delivered
ORD017106,CUST00673,2024-11-26,Debit Card,Delivered
ORD017107,CUST10429,2026-03-12,Debit Card,Delivered
ORD017108,CUST04114,2026-06-09,Net Banking,Delivered
ORD017109,CUST01031,2026-06-24,Credit Card,Delivered
ORD017110,CUST01221,2024-03-18,COD,Delivered
ORD017111,CUST04831,2024-10-20,COD,Delivered
ORD017112,CUST11205,2025-05-22,Debit Card,Cancelled
ORD017113,CUST00074,2024-11-12,Net Banking,Returned
ORD017114,CUST08605,2025-03-25,COD,Delivered
ORD017115,CUST08605,2024-04-12,Debit Card,Delivered
ORD017116,CUST08452,2025-08-08,Debit Card,Delivered
ORD017117,CUST01089,2024-01-29,Credit Card,Returned
ORD017118,CUST05192,2025-11-20,Net Banking,Delivered
ORD017119,CUST00988,2024-11-16,COD,Delivered
ORD017120,CUST05852,2024-12-29,Credit Card,Delivered
ORD017121,CUST09347,2024-09-05,UPI,Delivered
ORD017122,CUST07744,2024-09-10,Net Banking,Returned
ORD017123,CUST02802,2026-02-10,Debit Card,Delivered
ORD017124,CUST00066,2024-04-06,Credit Card,Cancelled
ORD017125,CUST05721,2026-01-19,COD,Delivered
ORD017126,CUST06969,2025-10-25,Debit Card,Delivered
ORD017127,CUST01381,2025-11-11,Debit Card,Returned
ORD017128,CUST05579,2024-01-22,COD,Returned
ORD017129,CUST09070,2025-06-05,UPI,Delivered
ORD017130,CUST11538,2025-07-09,Net Banking,Delivered
ORD017131,CUST01063,2025-11-30,Net Banking,Delivered
ORD017132,CUST06780,2024-06-02,Debit Card,Delivered
ORD017133,CUST09337,2025-02-01,Credit Card,Delivered
ORD017134,CUST04692,2024-05-19,UPI,Delivered
ORD017135,CUST06353,2024-01-20,UPI,Delivered
ORD017136,CUST02823,2025-04-26,Debit Card,Pending
ORD017137,CUST01425,2024-10-17,Credit Card,Pending
ORD017138,CUST10820,2024-12-30,COD,Delivered
ORD017139,CUST05924,2024-08-01,COD,Delivered
ORD017140,CUST09084,2025-07-28,Debit Card,Delivered
ORD017141,CUST08926,2025-04-30,Credit Card,Delivered
ORD017142,CUST00001,2025-10-18,UPI,Delivered
ORD017143,CUST07244,2025-02-15,UPI,Delivered
ORD017144,CUST03664,2024-08-02,UPI,Returned
ORD017145,CUST06812,2026-04-27,Net Banking,Delivered
ORD017146,CUST04846,2025-08-21,UPI,Delivered
ORD017147,CUST02851,2026-07-21,COD,Delivered
ORD017148,CUST00896,2024-08-29,Credit Card,Delivered
ORD017149,CUST10771,2025-04-28,UPI,Delivered
ORD017150,CUST11869,2024-10-05,Debit Card,Delivered
ORD017151,CUST10832,2026-01-04,Debit Card,Delivered
ORD017152,CUST07678,2024-05-22,COD,Delivered
ORD017153,CUST02673,2026-06-27,UPI,Delivered
ORD017154,CUST04211,2026-06-28,COD,Delivered
ORD017155,CUST03756,2026-06-23,COD,Delivered
ORD017156,CUST01665,2024-05-15,COD,Cancelled
ORD017157,CUST07475,2025-04-06,Net Banking,Delivered
ORD017158,CUST09434,2024-04-26,UPI,Cancelled
ORD017159,CUST07825,2025-08-05,Debit Card,Delivered
ORD017160,CUST08229,2026-04-14,Net Banking,Delivered
ORD017161,CUST10276,2024-12-21,COD,Delivered
ORD017162,CUST10565,2024-01-23,Debit Card,Delivered
ORD017163,CUST03686,2024-03-21,COD,Delivered
ORD017164,CUST08835,2026-03-19,Net Banking,Returned
ORD017165,CUST02447,2024-03-29,Credit Card,Cancelled
ORD017166,CUST11203,2026-05-04,COD,Cancelled
ORD017167,CUST06853,2025-04-03,COD,Returned
ORD017168,CUST03989,2026-03-10,Debit Card,Delivered
ORD017169,CUST05929,2026-06-03,Debit Card,Delivered
ORD017170,CUST05935,2025-12-05,COD,Delivered
ORD017171,CUST08227,2025-06-22,UPI,Delivered
ORD017172,CUST01927,2025-12-30,Debit Card,Delivered
ORD017173,CUST06632,2026-04-11,Credit Card,Delivered
ORD017174,CUST01760,2025-08-07,Credit Card,Delivered
ORD017175,CUST04606,2025-04-22,COD,Delivered
ORD017176,CUST02677,2024-11-18,Debit Card,Delivered
ORD017177,CUST02966,2026-05-24,Credit Card,Delivered
ORD017178,CUST07791,2025-04-23,Net Banking,Returned
ORD017179,CUST10901,2025-11-23,Credit Card,Delivered
ORD017180,CUST09453,2025-06-05,Debit Card,Cancelled
ORD017181,CUST01383,2024-02-20,COD,Delivered
ORD017182,CUST09777,2025-11-02,Credit Card,Delivered
ORD017183,CUST11311,2024-07-11,COD,Returned
ORD017184,CUST11365,2025-07-11,Net Banking,Delivered
ORD017185,CUST10139,2025-12-12,Credit Card,Delivered
ORD017186,CUST06922,2024-04-12,COD,Delivered
ORD017187,CUST02646,2025-10-11,Credit Card,Delivered
ORD017188,CUST03500,2026-05-05,Credit Card,Delivered
ORD017189,CUST07091,2024-08-23,Debit Card,Delivered
ORD017190,CUST04498,2024-12-04,Debit Card,Pending
ORD017191,CUST06084,2024-07-08,UPI,Delivered
ORD017192,CUST09965,2024-04-26,Debit Card,Delivered
ORD017193,CUST07011,2024-03-11,Debit Card,Delivered
ORD017194,CUST11238,2026-08-26,UPI,Pending
ORD017195,CUST06438,2026-04-01,UPI,Delivered
ORD017196,CUST10788,2025-12-23,Credit Card,Delivered
ORD017197,CUST11580,2026-07-23,Credit Card,Returned
ORD017198,CUST08429,2026-03-07,Credit Card,Delivered
ORD017199,CUST04938,2024-09-28,Debit Card,Pending
ORD017200,CUST06891,2024-08-18,COD,Delivered
ORD017201,CUST03501,2026-07-28,COD,Delivered
ORD017202,CUST08651,2025-03-26,Debit Card,Delivered
ORD017203,CUST09865,2025-12-09,Net Banking,Delivered
ORD017204,CUST08377,2025-03-29,Credit Card,Cancelled
ORD017205,CUST04178,2026-02-23,Debit Card,Cancelled
ORD017206,CUST00313,2025-12-21,Net Banking,Cancelled
ORD017207,CUST02991,2025-07-07,Credit Card,Pending
ORD017208,CUST04619,2024-04-05,UPI,Delivered
ORD017209,CUST10140,2025-05-17,Debit Card,Returned
ORD017210,CUST05638,2026-01-28,Net Banking,Delivered
ORD017211,CUST08097,2024-10-22,COD,Returned
ORD017212,CUST05006,2024-09-26,Debit Card,Delivered
ORD017213,CUST10927,2025-11-02,COD,Delivered
ORD017214,CUST01821,2025-03-02,Net Banking,Delivered
ORD017215,CUST04199,2025-04-05,Debit Card,Cancelled
ORD017216,CUST05816,2026-07-31,Debit Card,Delivered
ORD017217,CUST05957,2025-10-24,Debit Card,Delivered
ORD017218,CUST03414,2024-02-29,Debit Card,Pending
ORD017219,CUST10228,2024-01-12,UPI,Delivered
ORD017220,CUST05279,2025-08-20,Debit Card,Delivered
ORD017221,CUST11027,2025-09-20,Net Banking,Delivered
ORD017222,CUST05875,2024-02-27,Net Banking,Returned
ORD017223,CUST11410,2026-02-28,UPI,Delivered
ORD017224,CUST11450,2025-12-04,Debit Card,Delivered
ORD017225,CUST04806,2024-11-25,Debit Card,Delivered
ORD017226,CUST03273,2025-01-30,Credit Card,Delivered
ORD017227,CUST08222,2024-12-21,Credit Card,Cancelled
ORD017228,CUST03807,2025-04-20,COD,Delivered
ORD017229,CUST11427,2026-05-04,UPI,Delivered
ORD017230,CUST00529,2026-03-02,Credit Card,Delivered
ORD017231,CUST02794,2025-03-31,Net Banking,Delivered
ORD017232,CUST07056,2025-06-15,Net Banking,Delivered
ORD017233,CUST01503,2025-10-04,Net Banking,Delivered
ORD017234,CUST07934,2025-12-11,UPI,Delivered
ORD017235,CUST08993,2025-06-18,Net Banking,Pending
ORD017236,CUST06650,2025-03-18,Credit Card,Delivered
ORD017237,CUST00754,2024-12-20,Credit Card,Delivered
ORD017238,CUST05364,2025-06-28,COD,Delivered
ORD017239,CUST03876,2025-01-05,COD,Pending
ORD017240,CUST07800,2024-02-15,UPI,Delivered
ORD017241,CUST00772,2024-02-04,COD,Cancelled
ORD017242,CUST07359,2024-01-22,UPI,Delivered
ORD017243,CUST05363,2024-02-03,Debit Card,Returned
ORD017244,CUST08036,2024-02-05,COD,Delivered
ORD017245,CUST09408,2024-04-10,UPI,Delivered
ORD017246,CUST11093,2025-04-30,Credit Card,Delivered
ORD017247,CUST06861,2024-06-02,COD,Delivered
ORD017248,CUST10218,2024-02-10,COD,Cancelled
ORD017249,CUST10866,2025-06-05,UPI,Cancelled
ORD017250,CUST04387,2024-12-22,Debit Card,Delivered
ORD017251,CUST11290,2025-09-17,COD,Delivered
ORD017252,CUST04762,2025-01-25,UPI,Delivered
ORD017253,CUST08843,2024-02-11,Debit Card,Returned
ORD017254,CUST02114,2024-05-18,UPI,Delivered
ORD017255,CUST09600,2025-04-09,Debit Card,Delivered
ORD017256,CUST08594,2024-03-12,Net Banking,Delivered
ORD017257,CUST02251,2025-08-05,COD,Delivered
ORD017258,CUST03344,2024-04-19,Net Banking,Delivered
ORD017259,CUST03002,2025-09-10,UPI,Delivered
ORD017260,CUST07682,2026-02-03,Net Banking,Delivered
ORD017261,CUST03643,2024-03-12,Debit Card,Delivered
ORD017262,CUST11510,2026-01-06,Credit Card,Cancelled
ORD017263,CUST05600,2025-10-07,Net Banking,Delivered
ORD017264,CUST06650,2024-02-15,UPI,Cancelled
ORD017265,CUST05296,2025-01-23,COD,Delivered
ORD017266,CUST09712,2025-08-14,Net Banking,Cancelled
ORD017267,CUST03030,2026-07-29,Net Banking,Delivered
ORD017268,CUST04772,2024-04-21,Credit Card,Cancelled
ORD017269,CUST05384,2024-09-26,UPI,Delivered
ORD017270,CUST03179,2024-02-03,Net Banking,Delivered
ORD017271,CUST10265,2026-08-09,COD,Delivered
ORD017272,CUST11645,2025-07-23,Debit Card,Delivered
ORD017273,CUST07916,2026-03-28,COD,Delivered
ORD017274,CUST03047,2024-08-04,Net Banking,Delivered
ORD017275,CUST10923,2026-05-03,Net Banking,Delivered
ORD017276,CUST08138,2025-12-07,Credit Card,Delivered
ORD017277,CUST09371,2025-09-08,UPI,Delivered
ORD017278,CUST00489,2026-06-13,Credit Card,Delivered
ORD017279,CUST03537,2025-04-10,COD,Delivered
ORD017280,CUST00109,2025-03-15,UPI,Delivered
ORD017281,CUST03494,2025-02-07,Credit Card,Delivered
ORD017282,CUST03520,2024-09-25,Net Banking,Delivered
ORD017283,CUST06873,2024-05-05,UPI,Delivered
ORD017284,CUST03217,2024-08-21,Debit Card,Delivered
ORD017285,CUST09045,2025-08-19,Debit Card,Returned
ORD017286,CUST02383,2026-05-10,COD,Returned
ORD017287,CUST11888,2025-05-13,Credit Card,Pending
ORD017288,CUST06680,2024-07-19,COD,Delivered
ORD017289,CUST04544,2025-09-07,Debit Card,Delivered
ORD017290,CUST04213,2026-05-03,Net Banking,Delivered
ORD017291,CUST09197,2024-08-10,Net Banking,Delivered
ORD017292,CUST05884,2024-02-14,Net Banking,Returned
ORD017293,CUST06886,2025-11-01,Net Banking,Delivered
ORD017294,CUST08680,2025-03-29,Net Banking,Delivered
ORD017295,CUST11414,2025-11-11,Debit Card,Delivered
ORD017296,CUST10858,2025-07-11,UPI,Delivered
ORD017297,CUST04277,2024-09-14,Net Banking,Returned
ORD017298,CUST06474,2025-09-27,UPI,Delivered
ORD017299,CUST08161,2026-06-21,Net Banking,Delivered
ORD017300,CUST01292,2024-05-19,COD,Cancelled
ORD017301,CUST11720,2024-11-15,Credit Card,Returned
ORD017302,CUST11368,2024-02-12,UPI,Delivered
ORD017303,CUST11645,2024-02-20,Credit Card,Pending
ORD017304,CUST08167,2026-04-30,Debit Card,Delivered
ORD017305,CUST02607,2025-01-01,COD,Pending
ORD017306,CUST01984,2026-02-26,Net Banking,Delivered
ORD017307,CUST01580,2025-01-31,Net Banking,Returned
ORD017308,CUST01040,2026-07-31,Debit Card,Delivered
ORD017309,CUST02082,2024-08-16,UPI,Delivered
ORD017310,CUST10960,2025-02-13,Net Banking,Delivered
ORD017311,CUST00974,2024-08-12,UPI,Delivered
ORD017312,CUST00966,2026-04-05,Net Banking,Delivered
ORD017313,CUST02615,2025-02-09,UPI,Delivered
ORD017314,CUST01789,2024-11-10,Credit Card,Delivered
ORD017315,CUST02122,2024-07-21,UPI,Delivered
ORD017316,CUST05656,2026-06-29,Debit Card,Delivered
ORD017317,CUST04719,2025-11-15,Net Banking,Delivered
ORD017318,CUST09458,2024-10-29,COD,Returned
ORD017319,CUST07423,2025-08-16,UPI,Delivered
ORD017320,CUST02579,2024-01-31,COD,Delivered
ORD017321,CUST03640,2026-05-28,UPI,Delivered
ORD017322,CUST07179,2024-12-19,Credit Card,Delivered
ORD017323,CUST03926,2025-02-16,COD,Delivered
ORD017324,CUST07645,2024-02-10,Debit Card,Delivered
ORD017325,CUST06521,2024-07-27,COD,Cancelled
ORD017326,CUST01928,2024-09-30,UPI,Returned
ORD017327,CUST00074,2024-04-05,Debit Card,Delivered
ORD017328,CUST10374,2024-01-10,Credit Card,Delivered
ORD017329,CUST03743,2026-02-15,COD,Delivered
ORD017330,CUST09971,2026-08-05,Debit Card,Delivered
ORD017331,CUST05731,2025-01-06,COD,Delivered
ORD017332,CUST04402,2025-10-28,Credit Card,Cancelled
ORD017333,CUST05370,2026-03-04,Credit Card,Delivered
ORD017334,CUST02589,2024-09-05,Credit Card,Delivered
ORD017335,CUST06421,2025-08-19,Credit Card,Delivered
ORD017336,CUST07337,2024-01-29,Debit Card,Delivered
ORD017337,CUST04933,2024-01-20,Debit Card,Returned
ORD017338,CUST01221,2024-11-24,Credit Card,Delivered
ORD017339,CUST02648,2025-03-27,UPI,Delivered
ORD017340,CUST11599,2024-05-22,Debit Card,Delivered
ORD017341,CUST08632,2024-06-28,Credit Card,Delivered
ORD017342,CUST02844,2024-08-02,Debit Card,Delivered
ORD017343,CUST03234,2025-09-09,COD,Delivered
ORD017344,CUST10296,2024-12-27,UPI,Cancelled
ORD017345,CUST08375,2024-12-01,Credit Card,Returned
ORD017346,CUST11680,2024-05-08,UPI,Delivered
ORD017347,CUST11293,2025-02-06,Debit Card,Pending
ORD017348,CUST08189,2025-02-13,Debit Card,Pending
ORD017349,CUST11250,2024-11-10,COD,Delivered
ORD017350,CUST11019,2025-05-30,Credit Card,Delivered
ORD017351,CUST09982,2026-04-09,Credit Card,Delivered
ORD017352,CUST06320,2024-08-07,Net Banking,Pending
ORD017353,CUST10857,2025-11-27,COD,Delivered
ORD017354,CUST07989,2025-05-11,UPI,Delivered
ORD017355,CUST07480,2026-06-12,Credit Card,Delivered
ORD017356,CUST00949,2024-07-06,Net Banking,Pending
ORD017357,CUST09370,2024-10-17,UPI,Delivered
ORD017358,CUST00393,2025-11-05,Debit Card,Delivered
ORD017359,CUST09580,2024-12-29,Debit Card,Delivered
ORD017360,CUST02406,2025-02-27,COD,Delivered
ORD017361,CUST02029,2026-07-05,Debit Card,Delivered
ORD017362,CUST09500,2025-09-04,Debit Card,Cancelled
ORD017363,CUST01951,2024-06-03,Net Banking,Delivered
ORD017364,CUST06082,2024-06-23,UPI,Delivered
ORD017365,CUST05309,2026-05-21,UPI,Delivered
ORD017366,CUST05136,2026-02-19,Net Banking,Delivered
ORD017367,CUST08938,2024-11-05,UPI,Pending
ORD017368,CUST04049,2024-09-18,UPI,Delivered
ORD017369,CUST11440,2026-07-15,COD,Returned
ORD017370,CUST07715,2025-08-21,Credit Card,Delivered
ORD017371,CUST10847,2024-06-09,UPI,Delivered
ORD017372,CUST06115,2025-10-10,UPI,Cancelled
ORD017373,CUST03515,2026-04-16,UPI,Returned
ORD017374,CUST04312,2025-05-18,Debit Card,Delivered
ORD017375,CUST01705,2026-07-28,Net Banking,Delivered
ORD017376,CUST05413,2024-07-04,COD,Delivered
ORD017377,CUST10270,2025-05-07,Debit Card,Returned
ORD017378,CUST01243,2024-02-07,Net Banking,Delivered
ORD017379,CUST11664,2026-01-21,COD,Delivered
ORD017380,CUST09172,2026-03-22,Debit Card,Delivered
ORD017381,CUST03945,2026-04-15,COD,Delivered
ORD017382,CUST11311,2025-06-27,UPI,Delivered
ORD017383,CUST01820,2026-06-17,Debit Card,Delivered
ORD017384,CUST02965,2026-01-07,Debit Card,Delivered
ORD017385,CUST09469,2025-09-09,Credit Card,Delivered
ORD017386,CUST10029,2024-02-28,UPI,Delivered
ORD017387,CUST00201,2026-06-26,UPI,Delivered
ORD017388,CUST01472,2025-09-03,Debit Card,Delivered
ORD017389,CUST10893,2026-05-28,Debit Card,Delivered
ORD017390,CUST06126,2024-06-22,Net Banking,Delivered
ORD017391,CUST11435,2026-07-16,Credit Card,Pending
ORD017392,CUST00225,2026-07-15,Debit Card,Delivered
ORD017393,CUST02167,2025-10-14,COD,Delivered
ORD017394,CUST05230,2024-10-31,Net Banking,Cancelled
ORD017395,CUST06005,2024-12-12,Debit Card,Delivered
ORD017396,CUST02618,2026-01-28,UPI,Cancelled
ORD017397,CUST06616,2024-03-09,Credit Card,Delivered
ORD017398,CUST03348,2025-05-04,Net Banking,Returned
ORD017399,CUST07282,2025-05-04,COD,Delivered
ORD017400,CUST07359,2025-07-29,Net Banking,Delivered
ORD017401,CUST01537,2024-06-02,Credit Card,Delivered
ORD017402,CUST07191,2025-07-14,Credit Card,Delivered
ORD017403,CUST01569,2025-12-23,Net Banking,Delivered
ORD017404,CUST10937,2025-05-16,COD,Returned
ORD017405,CUST10934,2026-07-07,Net Banking,Delivered
ORD017406,CUST04703,2024-08-23,UPI,Delivered
ORD017407,CUST07803,2024-08-07,Net Banking,Delivered
ORD017408,CUST03743,2024-07-12,Debit Card,Pending
ORD017409,CUST08438,2024-09-15,Debit Card,Delivered
ORD017410,CUST07333,2025-05-09,COD,Delivered
ORD017411,CUST04344,2026-08-30,Debit Card,Delivered
ORD017412,CUST02020,2025-04-28,Debit Card,Delivered
ORD017413,CUST08158,2024-05-28,Net Banking,Delivered
ORD017414,CUST01170,2025-03-05,Net Banking,Delivered
ORD017415,CUST11047,2024-12-30,Credit Card,Delivered
ORD017416,CUST05914,2024-06-15,Debit Card,Returned
ORD017417,CUST07499,2026-04-25,Debit Card,Delivered
ORD017418,CUST08829,2025-07-03,Credit Card,Delivered
ORD017419,CUST00125,2024-01-28,Credit Card,Delivered
ORD017420,CUST05689,2025-03-28,COD,Cancelled
ORD017421,CUST09702,2026-03-23,Credit Card,Delivered
ORD017422,CUST00197,2025-09-05,Credit Card,Delivered
ORD017423,CUST02262,2024-03-02,Debit Card,Pending
ORD017424,CUST02509,2025-05-23,UPI,Delivered
ORD017425,CUST10769,2026-02-23,COD,Delivered
ORD017426,CUST04594,2024-06-16,COD,Delivered
ORD017427,CUST11975,2024-08-18,Net Banking,Delivered
ORD017428,CUST08460,2025-09-13,COD,Delivered
ORD017429,CUST09510,2024-02-04,Credit Card,Delivered
ORD017430,CUST01239,2025-12-22,COD,Delivered
ORD017431,CUST03760,2025-11-27,COD,Delivered
ORD017432,CUST04535,2024-07-31,Net Banking,Cancelled
ORD017433,CUST04918,2024-10-07,Net Banking,Delivered
ORD017434,CUST09800,2025-05-25,COD,Returned
ORD017435,CUST05135,2025-04-23,Debit Card,Delivered
ORD017436,CUST05150,2024-09-27,Credit Card,Delivered
ORD017437,CUST06711,2026-05-28,Credit Card,Delivered
ORD017438,CUST10861,2026-01-30,Credit Card,Delivered
ORD017439,CUST11413,2025-10-20,Net Banking,Cancelled
ORD017440,CUST05356,2024-06-27,Credit Card,Cancelled
ORD017441,CUST06460,2024-05-20,Debit Card,Delivered
ORD017442,CUST08840,2024-04-05,Credit Card,Delivered
ORD017443,CUST05295,2024-12-16,Net Banking,Delivered
ORD017444,CUST07928,2025-12-18,Debit Card,Delivered
ORD017445,CUST10104,2024-01-25,COD,Delivered
ORD017446,CUST07076,2026-02-06,UPI,Delivered
ORD017447,CUST04937,2025-12-23,Debit Card,Delivered
ORD017448,CUST03610,2024-05-30,Net Banking,Delivered
ORD017449,CUST03668,2025-12-23,Debit Card,Delivered
ORD017450,CUST06886,2024-03-21,Debit Card,Returned
ORD017451,CUST03195,2026-04-06,Net Banking,Delivered
ORD017452,CUST02886,2025-05-06,UPI,Cancelled
ORD017453,CUST11938,2026-06-30,COD,Delivered
ORD017454,CUST07319,2026-05-13,Net Banking,Delivered
ORD017455,CUST04733,2025-04-23,COD,Delivered
ORD017456,CUST03669,2024-11-02,COD,Delivered
ORD017457,CUST07351,2025-01-07,Credit Card,Delivered
ORD017458,CUST08777,2025-09-12,Debit Card,Cancelled
ORD017459,CUST00417,2024-05-17,UPI,Delivered
ORD017460,CUST10713,2025-03-31,COD,Delivered
ORD017461,CUST05812,2025-03-14,COD,Cancelled
ORD017462,CUST06511,2025-01-12,Debit Card,Delivered
ORD017463,CUST00337,2026-08-15,Credit Card,Delivered
ORD017464,CUST08448,2026-03-23,Credit Card,Delivered
ORD017465,CUST08552,2026-08-19,UPI,Cancelled
ORD017466,CUST10863,2024-10-07,Credit Card,Pending
ORD017467,CUST10259,2024-07-04,UPI,Delivered
ORD017468,CUST07878,2025-08-25,UPI,Cancelled
ORD017469,CUST00646,2024-03-04,COD,Returned
ORD017470,CUST08904,2025-11-14,UPI,Delivered
ORD017471,CUST06585,2025-10-25,Net Banking,Delivered
ORD017472,CUST07256,2026-01-23,UPI,Delivered
ORD017473,CUST09788,2026-03-29,UPI,Delivered
ORD017474,CUST03959,2024-11-14,Net Banking,Delivered
ORD017475,CUST02173,2025-10-25,Debit Card,Delivered
ORD017476,CUST11444,2026-03-26,Credit Card,Delivered
ORD017477,CUST09129,2025-06-15,Credit Card,Delivered
ORD017478,CUST04564,2025-06-27,Credit Card,Pending
ORD017479,CUST08024,2025-11-04,Debit Card,Returned
ORD017480,CUST00678,2024-02-21,Net Banking,Delivered
ORD017481,CUST10565,2024-09-11,Credit Card,Delivered
ORD017482,CUST02704,2024-02-07,Credit Card,Delivered
ORD017483,CUST08743,2026-02-20,UPI,Delivered
ORD017484,CUST07009,2024-05-31,Debit Card,Delivered
ORD017485,CUST04659,2025-04-27,Credit Card,Cancelled
ORD017486,CUST11141,2026-06-03,Debit Card,Delivered
ORD017487,CUST08308,2024-07-18,Credit Card,Delivered
ORD017488,CUST08275,2024-09-20,Credit Card,Cancelled
ORD017489,CUST10686,2024-05-13,Credit Card,Delivered
ORD017490,CUST09331,2026-01-15,Net Banking,Delivered
ORD017491,CUST00809,2026-08-28,UPI,Delivered
ORD017492,CUST04155,2026-05-30,Net Banking,Delivered
ORD017493,CUST01781,2024-06-19,Debit Card,Returned
ORD017494,CUST09449,2025-05-13,UPI,Delivered
ORD017495,CUST08016,2026-04-02,COD,Delivered
ORD017496,CUST09790,2025-04-05,Net Banking,Delivered
ORD017497,CUST01986,2025-02-14,UPI,Delivered
ORD017498,CUST07944,2026-03-02,Credit Card,Delivered
ORD017499,CUST04910,2026-05-09,Credit Card,Delivered
ORD017500,CUST06796,2025-08-01,Net Banking,Pending
ORD017501,CUST11329,2024-01-06,UPI,Delivered
ORD017502,CUST07122,2025-07-31,Net Banking,Delivered
ORD017503,CUST04631,2024-05-23,COD,Delivered
ORD017504,CUST02343,2025-03-16,Debit Card,Delivered
ORD017505,CUST01084,2024-03-02,Net Banking,Delivered
ORD017506,CUST01977,2026-01-14,Debit Card,Delivered
ORD017507,CUST00556,2025-12-25,UPI,Delivered
ORD017508,CUST04844,2025-03-24,COD,Returned
ORD017509,CUST09286,2024-05-25,Net Banking,Delivered
ORD017510,CUST02972,2024-09-07,UPI,Delivered
ORD017511,CUST01943,2024-04-22,Net Banking,Cancelled
ORD017512,CUST06690,2025-08-14,Credit Card,Delivered
ORD017513,CUST05657,2025-02-25,UPI,Returned
ORD017514,CUST07051,2025-10-19,COD,Delivered
ORD017515,CUST11824,2026-02-20,UPI,Delivered
ORD017516,CUST00138,2025-05-11,COD,Delivered
ORD017517,CUST11977,2025-10-27,Credit Card,Delivered
ORD017518,CUST06554,2025-08-04,Credit Card,Delivered
ORD017519,CUST00906,2026-02-17,Debit Card,Delivered
ORD017520,CUST03260,2024-01-02,Debit Card,Cancelled
ORD017521,CUST02377,2024-10-07,Credit Card,Pending
ORD017522,CUST04141,2026-01-31,Credit Card,Delivered
ORD017523,CUST07018,2025-03-26,Debit Card,Delivered
ORD017524,CUST02084,2024-09-06,Debit Card,Delivered
ORD017525,CUST03727,2025-03-20,Debit Card,Delivered
ORD017526,CUST06552,2025-11-10,UPI,Delivered
ORD017527,CUST06056,2026-07-14,Credit Card,Delivered
ORD017528,CUST06786,2024-01-09,Net Banking,Delivered
ORD017529,CUST07556,2025-02-17,COD,Delivered
ORD017530,CUST04838,2025-05-04,COD,Pending
ORD017531,CUST10919,2025-02-08,COD,Delivered
ORD017532,CUST03885,2026-05-03,COD,Pending
ORD017533,CUST06298,2024-10-27,Debit Card,Delivered
ORD017534,CUST09660,2024-05-19,Debit Card,Pending
ORD017535,CUST00197,2025-07-07,Credit Card,Delivered
ORD017536,CUST00068,2024-05-03,Debit Card,Returned
ORD017537,CUST11334,2025-11-23,COD,Delivered
ORD017538,CUST01765,2025-10-31,UPI,Delivered
ORD017539,CUST02847,2024-10-28,UPI,Delivered
ORD017540,CUST06527,2025-08-04,Net Banking,Delivered
ORD017541,CUST09925,2024-12-12,Credit Card,Delivered
ORD017542,CUST11524,2026-01-07,UPI,Cancelled
ORD017543,CUST07899,2024-02-29,UPI,Delivered
ORD017544,CUST03273,2025-09-24,UPI,Delivered
ORD017545,CUST00514,2025-07-20,COD,Cancelled
ORD017546,CUST07123,2024-11-05,COD,Pending
ORD017547,CUST01255,2026-07-14,Net Banking,Delivered
ORD017548,CUST05137,2026-04-26,Debit Card,Pending
ORD017549,CUST05616,2024-09-11,Debit Card,Returned
ORD017550,CUST04008,2024-02-28,Debit Card,Delivered
ORD017551,CUST02355,2025-07-01,UPI,Delivered
ORD017552,CUST04466,2024-02-27,Debit Card,Cancelled
ORD017553,CUST01496,2026-04-04,Debit Card,Delivered
ORD017554,CUST05581,2024-04-16,COD,Pending
ORD017555,CUST06172,2025-08-27,COD,Delivered
ORD017556,CUST04986,2025-01-25,Debit Card,Delivered
ORD017557,CUST03630,2026-03-30,COD,Delivered
ORD017558,CUST06783,2024-11-02,COD,Delivered
ORD017559,CUST11726,2025-08-27,UPI,Returned
ORD017560,CUST08407,2025-06-09,Net Banking,Delivered
ORD017561,CUST07014,2025-12-14,COD,Delivered
ORD017562,CUST03633,2025-02-11,Net Banking,Delivered
ORD017563,CUST11665,2026-07-22,Credit Card,Delivered
ORD017564,CUST03774,2024-09-14,Debit Card,Delivered
ORD017565,CUST05387,2025-12-11,Net Banking,Delivered
ORD017566,CUST05613,2024-04-29,Net Banking,Cancelled
ORD017567,CUST05996,2025-01-07,Credit Card,Delivered
ORD017568,CUST01755,2024-10-17,Debit Card,Delivered
ORD017569,CUST06141,2026-01-01,Debit Card,Delivered
ORD017570,CUST08996,2025-11-10,Debit Card,Delivered
ORD017571,CUST09825,2025-11-20,COD,Delivered
ORD017572,CUST07190,2024-06-02,UPI,Delivered
ORD017573,CUST06350,2024-12-17,UPI,Delivered
ORD017574,CUST05197,2024-05-22,COD,Returned
ORD017575,CUST11478,2024-12-28,Debit Card,Delivered
ORD017576,CUST09671,2025-12-27,Credit Card,Delivered
ORD017577,CUST01574,2024-05-17,COD,Pending
ORD017578,CUST01601,2026-01-26,COD,Delivered
ORD017579,CUST09697,2025-05-22,Net Banking,Returned
ORD017580,CUST09046,2024-10-09,COD,Delivered
ORD017581,CUST10623,2024-08-28,Debit Card,Delivered
ORD017582,CUST06295,2025-02-13,COD,Delivered
ORD017583,CUST04460,2024-05-25,UPI,Pending
ORD017584,CUST02383,2025-03-24,UPI,Delivered
ORD017585,CUST02335,2026-08-19,COD,Delivered
ORD017586,CUST02972,2026-03-10,Credit Card,Delivered
ORD017587,CUST06570,2026-01-10,Net Banking,Delivered
ORD017588,CUST00801,2024-12-16,COD,Delivered
ORD017589,CUST04503,2025-09-09,Debit Card,Cancelled
ORD017590,CUST02396,2026-08-29,Credit Card,Cancelled
ORD017591,CUST06288,2025-08-11,Debit Card,Cancelled
ORD017592,CUST00421,2026-01-21,Debit Card,Delivered
ORD017593,CUST05509,2025-07-24,Net Banking,Delivered
ORD017594,CUST06379,2024-11-14,Net Banking,Delivered
ORD017595,CUST00651,2026-05-10,UPI,Delivered
ORD017596,CUST04876,2024-07-05,Debit Card,Cancelled
ORD017597,CUST06421,2025-01-21,COD,Delivered
ORD017598,CUST06546,2026-02-03,Debit Card,Delivered
ORD017599,CUST03361,2026-04-15,UPI,Delivered
ORD017600,CUST02709,2026-06-30,Debit Card,Delivered
ORD017601,CUST09626,2024-11-14,Net Banking,Returned
ORD017602,CUST02536,2026-02-16,UPI,Delivered
ORD017603,CUST03107,2024-01-14,Credit Card,Delivered
ORD017604,CUST05183,2026-01-26,Debit Card,Delivered
ORD017605,CUST05234,2024-06-27,Debit Card,Delivered
ORD017606,CUST02421,2025-09-04,Net Banking,Delivered
ORD017607,CUST09079,2024-03-23,Credit Card,Delivered
ORD017608,CUST09364,2026-07-27,Debit Card,Delivered
ORD017609,CUST06463,2024-04-22,Debit Card,Delivered
ORD017610,CUST11970,2024-04-03,Credit Card,Delivered
ORD017611,CUST04713,2024-08-18,Net Banking,Delivered
ORD017612,CUST11007,2025-03-27,COD,Delivered
ORD017613,CUST00243,2025-05-09,Credit Card,Delivered
ORD017614,CUST00908,2026-04-09,Net Banking,Delivered
ORD017615,CUST00544,2025-01-10,Debit Card,Delivered
ORD017616,CUST06763,2024-04-09,Credit Card,Delivered
ORD017617,CUST00304,2026-01-21,Net Banking,Delivered
ORD017618,CUST10209,2024-11-13,Debit Card,Delivered
ORD017619,CUST07422,2025-11-02,UPI,Pending
ORD017620,CUST07544,2025-08-25,Net Banking,Delivered
ORD017621,CUST09403,2026-03-01,Net Banking,Delivered
ORD017622,CUST05396,2025-04-11,Net Banking,Delivered
ORD017623,CUST09061,2025-06-29,Debit Card,Delivered
ORD017624,CUST06949,2025-12-15,COD,Pending
ORD017625,CUST01576,2026-07-03,COD,Delivered
ORD017626,CUST00119,2024-10-05,UPI,Returned
ORD017627,CUST05053,2025-05-08,Credit Card,Delivered
ORD017628,CUST09784,2026-03-22,UPI,Delivered
ORD017629,CUST11428,2025-03-10,Credit Card,Delivered
ORD017630,CUST00204,2024-04-15,Credit Card,Delivered
ORD017631,CUST02566,2025-11-10,UPI,Delivered
ORD017632,CUST00558,2024-07-02,UPI,Delivered
ORD017633,CUST03703,2025-05-11,Net Banking,Delivered
ORD017634,CUST10646,2026-06-05,Debit Card,Cancelled
ORD017635,CUST08547,2024-07-18,COD,Delivered
ORD017636,CUST03155,2025-01-27,Credit Card,Delivered
ORD017637,CUST01175,2025-01-10,Credit Card,Delivered
ORD017638,CUST02162,2024-01-14,Net Banking,Returned
ORD017639,CUST09792,2026-01-20,COD,Delivered
ORD017640,CUST08800,2026-01-21,Debit Card,Delivered
ORD017641,CUST05292,2026-04-05,Net Banking,Returned
ORD017642,CUST08203,2026-01-27,Debit Card,Delivered
ORD017643,CUST09796,2024-03-03,Credit Card,Delivered
ORD017644,CUST08509,2024-08-19,COD,Cancelled
ORD017645,CUST02636,2026-03-12,Credit Card,Cancelled
ORD017646,CUST03640,2025-03-24,Net Banking,Delivered
ORD017647,CUST04787,2025-11-02,Debit Card,Delivered
ORD017648,CUST04159,2025-10-09,Debit Card,Delivered
ORD017649,CUST04106,2025-06-18,Credit Card,Delivered
ORD017650,CUST03032,2025-02-19,Net Banking,Delivered
ORD017651,CUST11159,2026-03-16,COD,Delivered
ORD017652,CUST03972,2025-01-14,UPI,Delivered
ORD017653,CUST10412,2024-08-22,Net Banking,Delivered
ORD017654,CUST04333,2026-01-08,COD,Delivered
ORD017655,CUST01141,2026-05-27,COD,Delivered
ORD017656,CUST03907,2025-06-17,Debit Card,Delivered
ORD017657,CUST08432,2026-05-18,UPI,Delivered
ORD017658,CUST02434,2026-07-11,UPI,Delivered
ORD017659,CUST01641,2024-07-31,UPI,Delivered
ORD017660,CUST00170,2026-08-14,Credit Card,Delivered
ORD017661,CUST01809,2025-11-22,Debit Card,Delivered
ORD017662,CUST08613,2024-06-05,Net Banking,Pending
ORD017663,CUST10156,2025-10-14,Credit Card,Delivered
ORD017664,CUST01047,2025-01-07,Credit Card,Delivered
ORD017665,CUST10536,2024-08-16,UPI,Delivered
ORD017666,CUST03285,2025-02-24,UPI,Delivered
ORD017667,CUST11948,2025-11-12,COD,Delivered
ORD017668,CUST03231,2025-03-04,COD,Delivered
ORD017669,CUST10461,2024-05-05,Debit Card,Delivered
ORD017670,CUST02282,2024-02-11,Debit Card,Delivered
ORD017671,CUST08666,2024-04-13,Net Banking,Delivered
ORD017672,CUST04577,2026-07-18,Credit Card,Delivered
ORD017673,CUST11951,2024-06-10,UPI,Delivered
ORD017674,CUST04874,2025-01-08,UPI,Delivered
ORD017675,CUST10433,2024-08-30,Debit Card,Cancelled
ORD017676,CUST06964,2024-03-14,COD,Delivered
ORD017677,CUST04415,2025-10-28,Net Banking,Pending
ORD017678,CUST02486,2024-03-20,Credit Card,Delivered
ORD017679,CUST00638,2024-12-27,Debit Card,Delivered
ORD017680,CUST06706,2025-11-12,COD,Delivered
ORD017681,CUST05697,2026-03-04,COD,Delivered
ORD017682,CUST07212,2024-11-03,Credit Card,Returned
ORD017683,CUST10489,2025-10-28,Credit Card,Delivered
ORD017684,CUST06908,2026-08-04,Debit Card,Cancelled
ORD017685,CUST06356,2025-12-08,Credit Card,Delivered
ORD017686,CUST02978,2024-11-12,UPI,Cancelled
ORD017687,CUST09744,2025-02-21,COD,Delivered
ORD017688,CUST11511,2024-04-14,COD,Cancelled
ORD017689,CUST00702,2025-04-03,UPI,Returned
ORD017690,CUST03072,2024-01-03,Net Banking,Delivered
ORD017691,CUST08919,2025-05-01,Net Banking,Pending
ORD017692,CUST02625,2025-10-26,Credit Card,Delivered
ORD017693,CUST08142,2025-10-26,Debit Card,Delivered
ORD017694,CUST02673,2026-05-19,Net Banking,Pending
ORD017695,CUST03110,2025-12-05,Debit Card,Delivered
ORD017696,CUST00890,2024-09-12,Debit Card,Delivered
ORD017697,CUST08968,2025-04-04,Net Banking,Delivered
ORD017698,CUST03872,2026-06-08,Debit Card,Delivered
ORD017699,CUST01576,2024-08-20,Credit Card,Delivered
ORD017700,CUST09922,2024-10-19,UPI,Delivered
ORD017701,CUST11533,2025-01-12,UPI,Returned
ORD017702,CUST02171,2024-09-25,Credit Card,Delivered
ORD017703,CUST07195,2025-08-16,Credit Card,Delivered
ORD017704,CUST01710,2025-10-16,COD,Delivered
ORD017705,CUST10823,2025-05-09,UPI,Delivered
ORD017706,CUST08195,2024-05-13,Credit Card,Pending
ORD017707,CUST07485,2024-10-21,Net Banking,Delivered
ORD017708,CUST04033,2025-10-14,Debit Card,Delivered
ORD017709,CUST04241,2025-08-10,Credit Card,Returned
ORD017710,CUST07578,2026-06-08,Net Banking,Delivered
ORD017711,CUST01309,2024-03-14,COD,Delivered
ORD017712,CUST10312,2024-05-02,UPI,Delivered
ORD017713,CUST10150,2024-06-02,Net Banking,Returned
ORD017714,CUST07347,2025-02-14,Debit Card,Delivered
ORD017715,CUST05163,2025-06-17,Net Banking,Delivered
ORD017716,CUST09416,2025-08-31,COD,Delivered
ORD017717,CUST11016,2025-09-10,Debit Card,Delivered
ORD017718,CUST05244,2024-03-20,UPI,Delivered
ORD017719,CUST10551,2025-12-05,Debit Card,Delivered
ORD017720,CUST10413,2025-07-08,Net Banking,Delivered
ORD017721,CUST10715,2024-08-20,Credit Card,Delivered
ORD017722,CUST06979,2024-08-25,Credit Card,Delivered
ORD017723,CUST06969,2025-11-13,Debit Card,Returned
ORD017724,CUST09270,2024-03-05,Debit Card,Delivered
ORD017725,CUST08111,2026-02-17,COD,Delivered
ORD017726,CUST09318,2025-09-29,Net Banking,Delivered
ORD017727,CUST04632,2026-01-14,Debit Card,Delivered
ORD017728,CUST10017,2026-05-03,Credit Card,Pending
ORD017729,CUST06755,2024-04-02,UPI,Returned
ORD017730,CUST04904,2024-02-03,Net Banking,Delivered
ORD017731,CUST04253,2025-08-01,COD,Delivered
ORD017732,CUST07176,2024-08-10,Net Banking,Delivered
ORD017733,CUST06603,2026-01-30,Credit Card,Delivered
ORD017734,CUST01296,2026-08-30,Net Banking,Delivered
ORD017735,CUST01915,2026-04-05,COD,Delivered
ORD017736,CUST04513,2026-02-17,COD,Delivered
ORD017737,CUST06464,2025-07-15,UPI,Delivered
ORD017738,CUST01279,2025-09-13,Net Banking,Delivered
ORD017739,CUST01181,2026-05-18,UPI,Delivered
ORD017740,CUST05425,2024-07-18,Debit Card,Delivered
ORD017741,CUST11373,2026-02-16,UPI,Delivered
ORD017742,CUST10946,2026-05-19,Debit Card,Delivered
ORD017743,CUST02053,2025-04-07,Debit Card,Returned
ORD017744,CUST06872,2025-06-03,Debit Card,Delivered
ORD017745,CUST09653,2025-03-23,Credit Card,Delivered
ORD017746,CUST01580,2025-10-31,COD,Delivered
ORD017747,CUST02560,2024-06-12,Debit Card,Delivered
ORD017748,CUST04678,2024-01-30,Net Banking,Delivered
ORD017749,CUST10831,2026-08-09,Credit Card,Delivered
ORD017750,CUST06555,2024-04-04,Debit Card,Delivered
ORD017751,CUST03683,2024-12-26,Debit Card,Delivered
ORD017752,CUST08758,2026-08-22,COD,Delivered
ORD017753,CUST09417,2025-02-06,Credit Card,Delivered
ORD017754,CUST06526,2025-07-14,Credit Card,Delivered
ORD017755,CUST06935,2024-08-13,UPI,Returned
ORD017756,CUST11450,2025-08-11,Net Banking,Delivered
ORD017757,CUST11921,2024-04-22,COD,Delivered
ORD017758,CUST09815,2024-09-06,UPI,Delivered
ORD017759,CUST01326,2026-08-15,UPI,Delivered
ORD017760,CUST06759,2025-03-20,Net Banking,Delivered
ORD017761,CUST07471,2026-07-09,COD,Delivered
ORD017762,CUST01501,2025-04-06,Net Banking,Delivered
ORD017763,CUST06459,2026-06-25,COD,Delivered
ORD017764,CUST11879,2025-06-25,Debit Card,Delivered
ORD017765,CUST11693,2024-03-11,Credit Card,Delivered
ORD017766,CUST11326,2024-09-06,Debit Card,Delivered
ORD017767,CUST10365,2024-07-12,Debit Card,Delivered
ORD017768,CUST01538,2024-10-17,Debit Card,Delivered
ORD017769,CUST06186,2026-07-27,Net Banking,Delivered
ORD017770,CUST03083,2026-08-20,COD,Delivered
ORD017771,CUST11854,2025-04-25,Debit Card,Delivered
ORD017772,CUST00213,2025-03-10,Credit Card,Delivered
ORD017773,CUST10349,2025-07-11,Debit Card,Delivered
ORD017774,CUST00177,2024-07-08,UPI,Cancelled
ORD017775,CUST02085,2026-02-02,UPI,Delivered
ORD017776,CUST03033,2025-03-21,Net Banking,Delivered
ORD017777,CUST05809,2024-02-01,Credit Card,Delivered
ORD017778,CUST07427,2025-02-04,Net Banking,Delivered
ORD017779,CUST09154,2025-05-13,Net Banking,Delivered
ORD017780,CUST00987,2026-08-04,Net Banking,Delivered
ORD017781,CUST04257,2025-10-29,Debit Card,Delivered
ORD017782,CUST04095,2025-08-19,COD,Delivered
ORD017783,CUST02962,2026-02-06,COD,Delivered
ORD017784,CUST10160,2026-03-29,Credit Card,Cancelled
ORD017785,CUST01223,2024-01-19,Debit Card,Cancelled
ORD017786,CUST06692,2024-12-18,COD,Delivered
ORD017787,CUST03990,2024-07-03,UPI,Delivered
ORD017788,CUST07455,2025-05-26,Net Banking,Pending
ORD017789,CUST10678,2026-04-22,COD,Delivered
ORD017790,CUST05952,2024-08-12,Net Banking,Delivered
ORD017791,CUST01397,2025-10-08,Debit Card,Delivered
ORD017792,CUST01845,2025-01-26,COD,Delivered
ORD017793,CUST07094,2025-10-31,Net Banking,Delivered
ORD017794,CUST06369,2024-09-19,COD,Delivered
ORD017795,CUST06087,2026-01-20,COD,Delivered
ORD017796,CUST02880,2025-07-23,Credit Card,Delivered
ORD017797,CUST06574,2026-01-21,Credit Card,Delivered
ORD017798,CUST10214,2025-08-20,Debit Card,Delivered
ORD017799,CUST02218,2024-01-27,Net Banking,Delivered
ORD017800,CUST11851,2025-07-05,Credit Card,Delivered
ORD017801,CUST02334,2024-08-21,Credit Card,Delivered
ORD017802,CUST03095,2024-12-21,Debit Card,Delivered
ORD017803,CUST04876,2024-04-18,UPI,Delivered
ORD017804,CUST10743,2025-02-23,UPI,Delivered
ORD017805,CUST08796,2024-01-19,COD,Delivered
ORD017806,CUST09055,2024-05-04,Debit Card,Delivered
ORD017807,CUST11934,2024-03-31,Net Banking,Returned
ORD017808,CUST08315,2025-03-15,Credit Card,Delivered
ORD017809,CUST06759,2025-08-04,UPI,Delivered
ORD017810,CUST01296,2024-12-01,Credit Card,Delivered
ORD017811,CUST09374,2025-06-19,COD,Delivered
ORD017812,CUST02628,2026-02-04,Credit Card,Delivered
ORD017813,CUST07457,2024-05-31,Debit Card,Delivered
ORD017814,CUST00865,2024-06-06,Net Banking,Delivered
ORD017815,CUST01743,2025-11-09,Credit Card,Cancelled
ORD017816,CUST05658,2025-11-15,Net Banking,Delivered
ORD017817,CUST07805,2025-09-02,Debit Card,Delivered
ORD017818,CUST04622,2026-01-26,COD,Delivered
ORD017819,CUST05817,2024-08-29,Debit Card,Delivered
ORD017820,CUST05775,2024-06-25,UPI,Delivered
ORD017821,CUST09922,2024-06-11,COD,Delivered
ORD017822,CUST02064,2024-05-27,Credit Card,Delivered
ORD017823,CUST02341,2024-10-18,Net Banking,Returned
ORD017824,CUST04257,2026-08-28,COD,Delivered
ORD017825,CUST03330,2025-01-04,COD,Cancelled
ORD017826,CUST07713,2025-10-20,UPI,Cancelled
ORD017827,CUST11327,2025-11-10,Credit Card,Delivered
ORD017828,CUST06019,2024-04-18,COD,Delivered
ORD017829,CUST08532,2024-12-10,UPI,Delivered
ORD017830,CUST10529,2025-01-04,Net Banking,Returned
ORD017831,CUST09201,2024-01-22,Net Banking,Delivered
ORD017832,CUST00802,2024-07-11,Credit Card,Delivered
ORD017833,CUST03150,2026-02-05,Credit Card,Delivered
ORD017834,CUST07604,2026-01-08,Credit Card,Delivered
ORD017835,CUST00962,2024-05-30,Net Banking,Delivered
ORD017836,CUST08434,2025-10-25,Debit Card,Delivered
ORD017837,CUST11208,2024-10-21,Credit Card,Delivered
ORD017838,CUST01947,2024-03-27,Debit Card,Delivered
ORD017839,CUST01480,2024-02-07,Debit Card,Returned
ORD017840,CUST02420,2025-09-30,Credit Card,Delivered
ORD017841,CUST08798,2024-06-23,Debit Card,Delivered
ORD017842,CUST05297,2025-01-25,Debit Card,Delivered
ORD017843,CUST09519,2024-04-12,Debit Card,Delivered
ORD017844,CUST01941,2025-03-03,UPI,Delivered
ORD017845,CUST03271,2025-12-13,COD,Delivered
ORD017846,CUST09428,2024-08-08,Credit Card,Delivered
ORD017847,CUST11581,2024-06-17,UPI,Cancelled
ORD017848,CUST07537,2025-09-10,Credit Card,Delivered
ORD017849,CUST10126,2025-03-01,COD,Delivered
ORD017850,CUST07060,2025-08-08,Debit Card,Delivered
ORD017851,CUST09733,2025-04-07,UPI,Delivered
ORD017852,CUST04255,2025-07-13,Credit Card,Delivered
ORD017853,CUST04664,2025-01-12,Debit Card,Delivered
ORD017854,CUST00194,2025-08-06,Net Banking,Delivered
ORD017855,CUST10778,2025-05-03,UPI,Returned
ORD017856,CUST05188,2025-02-09,UPI,Delivered
ORD017857,CUST01506,2024-07-09,Net Banking,Returned
ORD017858,CUST05396,2025-03-16,Debit Card,Delivered
ORD017859,CUST10946,2026-04-29,COD,Delivered
ORD017860,CUST09837,2024-07-02,Net Banking,Pending
ORD017861,CUST11599,2025-02-21,Net Banking,Cancelled
ORD017862,CUST06963,2025-06-18,Credit Card,Delivered
ORD017863,CUST00752,2024-01-28,UPI,Delivered
ORD017864,CUST02980,2024-06-17,COD,Delivered
ORD017865,CUST00821,2024-01-10,COD,Delivered
ORD017866,CUST05814,2026-03-30,COD,Cancelled
ORD017867,CUST09206,2024-04-16,UPI,Delivered
ORD017868,CUST10687,2024-11-07,COD,Cancelled
ORD017869,CUST02782,2026-07-07,Credit Card,Delivered
ORD017870,CUST04076,2024-05-17,Debit Card,Delivered
ORD017871,CUST05275,2026-01-24,Credit Card,Delivered
ORD017872,CUST08706,2025-03-24,Debit Card,Delivered
ORD017873,CUST07771,2025-05-18,UPI,Delivered
ORD017874,CUST07637,2024-01-29,Net Banking,Delivered
ORD017875,CUST11543,2025-03-05,Net Banking,Delivered
ORD017876,CUST06819,2024-02-10,COD,Delivered
ORD017877,CUST08510,2025-12-09,COD,Delivered
ORD017878,CUST11376,2026-03-22,UPI,Delivered
ORD017879,CUST04424,2024-01-29,Net Banking,Delivered
ORD017880,CUST02107,2025-09-19,Debit Card,Delivered
ORD017881,CUST10188,2024-02-19,UPI,Delivered
ORD017882,CUST07872,2025-05-11,Net Banking,Delivered
ORD017883,CUST03932,2024-01-20,Debit Card,Delivered
ORD017884,CUST00937,2025-12-03,COD,Delivered
ORD017885,CUST11169,2024-01-08,COD,Delivered
ORD017886,CUST04478,2025-12-29,Net Banking,Delivered
ORD017887,CUST02383,2025-12-05,Debit Card,Delivered
ORD017888,CUST03914,2024-04-09,UPI,Delivered
ORD017889,CUST09521,2024-10-26,Net Banking,Delivered
ORD017890,CUST11927,2026-02-22,Net Banking,Returned
ORD017891,CUST00787,2024-03-09,Credit Card,Returned
ORD017892,CUST04841,2025-03-09,Credit Card,Returned
ORD017893,CUST08466,2024-04-24,Credit Card,Cancelled
ORD017894,CUST08867,2025-01-15,Net Banking,Returned
ORD017895,CUST09449,2025-10-14,Debit Card,Pending
ORD017896,CUST01019,2025-12-05,UPI,Delivered
ORD017897,CUST07612,2026-04-19,UPI,Delivered
ORD017898,CUST01247,2025-01-19,COD,Delivered
ORD017899,CUST03301,2025-06-15,Net Banking,Delivered
ORD017900,CUST06068,2025-09-06,Credit Card,Returned
ORD017901,CUST09138,2026-06-01,UPI,Pending
ORD017902,CUST06156,2025-10-26,Debit Card,Delivered
ORD017903,CUST03601,2024-10-11,Debit Card,Delivered
ORD017904,CUST08411,2025-12-07,Net Banking,Delivered
ORD017905,CUST00853,2025-05-15,Debit Card,Delivered
ORD017906,CUST04401,2024-09-09,COD,Delivered
ORD017907,CUST05808,2024-09-30,Net Banking,Delivered
ORD017908,CUST03830,2025-01-07,Net Banking,Cancelled
ORD017909,CUST03982,2025-04-10,COD,Delivered
ORD017910,CUST00183,2026-05-05,COD,Delivered
ORD017911,CUST04585,2025-03-16,Debit Card,Pending
ORD017912,CUST06774,2026-08-06,Credit Card,Returned
ORD017913,CUST07565,2025-08-04,UPI,Delivered
ORD017914,CUST04032,2024-04-01,Net Banking,Pending
ORD017915,CUST01248,2025-07-27,Net Banking,Delivered
ORD017916,CUST00888,2025-07-17,UPI,Delivered
ORD017917,CUST01608,2025-08-12,Debit Card,Delivered
ORD017918,CUST08855,2024-06-02,UPI,Delivered
ORD017919,CUST01744,2025-12-11,Credit Card,Delivered
ORD017920,CUST08036,2026-01-31,Debit Card,Returned
ORD017921,CUST01737,2024-09-23,Net Banking,Delivered
ORD017922,CUST00625,2025-06-16,UPI,Delivered
ORD017923,CUST06326,2024-07-15,UPI,Delivered
ORD017924,CUST06943,2024-06-07,Debit Card,Pending
ORD017925,CUST08678,2025-07-10,Net Banking,Delivered
ORD017926,CUST10560,2024-04-18,UPI,Delivered
ORD017927,CUST03882,2024-07-10,COD,Pending
ORD017928,CUST05157,2026-03-05,UPI,Delivered
ORD017929,CUST05231,2026-01-06,UPI,Cancelled
ORD017930,CUST05871,2025-11-04,Credit Card,Delivered
ORD017931,CUST06761,2025-07-15,Credit Card,Delivered
ORD017932,CUST05958,2025-09-03,UPI,Delivered
ORD017933,CUST02916,2024-08-25,UPI,Returned
ORD017934,CUST00206,2025-01-17,Credit Card,Delivered
ORD017935,CUST05481,2025-12-09,COD,Delivered
ORD017936,CUST01368,2025-02-13,Net Banking,Delivered
ORD017937,CUST00353,2024-02-17,Debit Card,Delivered
ORD017938,CUST02931,2025-03-11,UPI,Delivered
ORD017939,CUST05930,2026-06-13,Net Banking,Delivered
ORD017940,CUST09074,2024-12-05,UPI,Delivered
ORD017941,CUST08147,2024-03-18,Credit Card,Delivered
ORD017942,CUST09757,2024-05-12,UPI,Cancelled
ORD017943,CUST00373,2025-01-30,Net Banking,Delivered
ORD017944,CUST07811,2025-06-08,Debit Card,Delivered
ORD017945,CUST10386,2024-08-27,Credit Card,Delivered
ORD017946,CUST03925,2024-12-12,COD,Returned
ORD017947,CUST06045,2025-04-19,UPI,Delivered
ORD017948,CUST10804,2025-06-11,Debit Card,Returned
ORD017949,CUST09258,2025-03-10,Net Banking,Returned
ORD017950,CUST07476,2026-08-07,Credit Card,Delivered
ORD017951,CUST03492,2026-04-15,Debit Card,Cancelled
ORD017952,CUST03976,2025-01-31,COD,Delivered
ORD017953,CUST01750,2026-07-02,UPI,Delivered
ORD017954,CUST11391,2026-01-18,Credit Card,Delivered
ORD017955,CUST02050,2025-08-10,Debit Card,Cancelled
ORD017956,CUST00563,2025-10-20,Net Banking,Delivered
ORD017957,CUST00911,2025-08-15,Net Banking,Pending
ORD017958,CUST09576,2024-10-24,COD,Delivered
ORD017959,CUST09869,2024-07-17,UPI,Delivered
ORD017960,CUST02230,2026-07-05,COD,Delivered
ORD017961,CUST08576,2024-08-25,Debit Card,Delivered
ORD017962,CUST07395,2024-06-29,Credit Card,Returned
ORD017963,CUST11978,2024-01-01,Credit Card,Delivered
ORD017964,CUST06253,2025-10-15,Debit Card,Delivered
ORD017965,CUST10145,2025-10-04,Credit Card,Delivered
ORD017966,CUST08782,2024-12-17,Debit Card,Delivered
ORD017967,CUST01634,2025-06-04,COD,Delivered
ORD017968,CUST07318,2024-09-23,UPI,Delivered
ORD017969,CUST03500,2025-02-10,Net Banking,Delivered
ORD017970,CUST00644,2025-10-31,Net Banking,Delivered
ORD017971,CUST09370,2026-07-31,Net Banking,Delivered
ORD017972,CUST05761,2024-04-28,Credit Card,Delivered
ORD017973,CUST07178,2024-09-17,COD,Delivered
ORD017974,CUST01565,2025-06-25,COD,Delivered
ORD017975,CUST11161,2026-01-24,Net Banking,Delivered
ORD017976,CUST11735,2025-12-30,COD,Delivered
ORD017977,CUST06134,2024-11-19,Debit Card,Cancelled
ORD017978,CUST00990,2025-08-25,Net Banking,Delivered
ORD017979,CUST07257,2026-07-13,Net Banking,Delivered
ORD017980,CUST08973,2024-06-21,UPI,Delivered
ORD017981,CUST03752,2024-12-23,Net Banking,Returned
ORD017982,CUST06818,2026-01-27,Credit Card,Delivered
ORD017983,CUST04606,2025-10-08,Debit Card,Delivered
ORD017984,CUST05711,2025-10-17,COD,Delivered
ORD017985,CUST02599,2026-04-19,Credit Card,Delivered
ORD017986,CUST10794,2025-08-23,Debit Card,Delivered
ORD017987,CUST07124,2025-11-11,UPI,Delivered
ORD017988,CUST03307,2025-05-03,Net Banking,Delivered
ORD017989,CUST05334,2026-08-14,COD,Delivered
ORD017990,CUST01817,2025-11-21,Net Banking,Delivered
ORD017991,CUST07507,2024-02-24,Credit Card,Delivered
ORD017992,CUST04718,2024-07-10,Net Banking,Pending
ORD017993,CUST04694,2025-11-21,Debit Card,Delivered
ORD017994,CUST09431,2025-06-16,Net Banking,Delivered
ORD017995,CUST03841,2024-04-16,Net Banking,Delivered
ORD017996,CUST00509,2025-03-17,UPI,Delivered
ORD017997,CUST08615,2024-03-20,Net Banking,Cancelled
ORD017998,CUST05765,2026-01-14,UPI,Delivered
ORD017999,CUST01758,2026-07-31,Credit Card,Delivered
ORD018000,CUST00455,2025-10-12,UPI,Delivered
