order_id,product_id,quantity,unit_price,discount
ORD003490,PROD0285,5,1253.77,0.0
ORD000375,PROD0213,5,475.42,0.0
ORD010366,PROD0195,3,525.15,0.0
ORD017911,PROD0214,4,285.7,0.1
ORD013600,PROD0204,1,1064.24,0.0
ORD005198,PROD0131,2,719.35,0.05
ORD005685,PROD0037,5,1059.57,0.0
ORD015353,PROD0275,5,1740.08,0.0
ORD016772,PROD0124,4,7033.68,0.0
ORD006197,PROD0295,5,450.65,0.1
ORD017244,PROD0171,1,619.82,0.1
ORD008252,PROD0276,2,1150.97,0.15
ORD017654,PROD0040,4,5448.94,0.0
ORD015613,PROD0019,4,2132.91,0.15
ORD005103,PROD0230,3,1187.41,0.15
ORD011076,PROD0280,4,239.29,0.0
ORD004837,PROD0257,2,994.46,0.2
ORD004897,PROD0060,1,511.57,0.05
ORD003966,PROD0099,5,550.57,0.1
ORD015010,PROD0007,1,838.82,0.1
ORD013711,PROD0085,1,2361.96,0.1
ORD002272,PROD0031,2,2790.09,0.0
ORD005179,PROD0051,3,257.94,0.0
ORD005100,PROD0209,4,4636.93,0.1
ORD009570,PROD0188,3,5555.06,0.05
ORD008032,PROD0204,3,1064.24,0.0
ORD009401,PROD0060,3,511.57,0.1
ORD012606,PROD0224,5,4037.97,0.05
ORD011979,PROD0079,1,1557.75,0.15
ORD009969,PROD0195,1,525.15,0.05
ORD014345,PROD0057,3,1480.61,0.1
ORD004848,PROD0230,3,1187.41,0.15
ORD016919,PROD0242,4,1251.99,0.0
ORD008568,PROD0092,5,2466.2,0.0
ORD005253,PROD0288,4,1099.87,0.1
ORD000112,PROD0071,5,1519.69,0.0
ORD005468,PROD0296,3,605.83,0.1
ORD010655,PROD0244,5,1140.3,0.1
ORD012809,PROD0074,1,701.79,0.0
ORD008201,PROD0053,2,499.98,0.05
ORD006729,PROD0190,1,1494.94,0.1
ORD013550,PROD0131,3,719.35,0.0
ORD005114,PROD0002,1,1122.65,0.1
ORD001648,PROD0182,5,1491.37,0.1
ORD012521,PROD0102,5,1726.73,0.0
ORD001650,PROD0051,3,257.94,0.2
ORD000132,PROD0046,4,423.5,0.1
ORD007633,PROD0223,5,1507.47,0.0
ORD010358,PROD0019,1,2132.91,0.05
ORD005475,PROD0150,3,1469.35,0.1
ORD007308,PROD0149,1,231.51,0.0
ORD016811,PROD0283,2,1585.65,0.1
ORD002221,PROD0127,3,1166.2,0.1
ORD013979,PROD0149,1,231.51,0.0
ORD000105,PROD0080,4,1973.58,0.05
ORD001596,PROD0029,4,1224.14,0.05
ORD000522,PROD0289,1,1376.41,0.0
ORD008341,PROD0266,5,1066.97,0.2
ORD011222,PROD0145,5,2107.82,0.05
ORD009605,PROD0191,1,425.27,0.1
ORD016579,PROD0262,5,1081.48,0.0
ORD010816,PROD0138,5,2041.26,0.0
ORD001306,PROD0011,5,569.66,0.1
ORD004091,PROD0235,3,1069.09,0.15
ORD013885,PROD0038,5,1310.24,0.1
ORD002413,PROD0046,5,423.5,0.1
ORD005264,PROD0125,1,1338.46,0.15
ORD003271,PROD0288,3,1099.87,0.05
ORD013069,PROD0217,2,748.27,0.0
ORD011570,PROD0114,3,983.9,0.0
ORD012165,PROD0220,5,1249.15,0.15
ORD003008,PROD0137,2,445.2,0.2
ORD014752,PROD0260,1,2453.91,0.1
ORD006333,PROD0050,5,138.33,0.05
ORD002092,PROD0077,5,372.07,0.2
ORD014087,PROD0073,1,3798.83,0.0
ORD014308,PROD0015,3,768.6,0.1
ORD003451,PROD0020,3,2005.81,0.0
ORD003274,PROD0235,4,1069.09,0.0
ORD013121,PROD0196,4,624.67,0.0
ORD016111,PROD0054,5,1149.11,0.1
ORD017943,PROD0253,2,3782.92,0.05
ORD010378,PROD0265,2,709.86,0.05
ORD015219,PROD0152,3,3664.43,0.1
ORD011567,PROD0028,1,740.62,0.0
ORD008841,PROD0263,2,754.46,0.1
ORD014283,PROD0048,4,2692.11,0.0
ORD017753,PROD0104,4,917.71,0.2
ORD007711,PROD0015,5,768.6,0.1
ORD005320,PROD0017,2,5213.81,0.1
ORD002918,PROD0179,2,608.27,0.1
ORD010967,PROD0226,3,322.28,0.05
ORD014311,PROD0162,4,377.71,0.15
ORD002648,PROD0114,1,983.9,0.0
ORD011683,PROD0134,3,938.67,0.1
ORD002382,PROD0204,4,1064.24,0.0
ORD016756,PROD0264,4,409.67,0.0
ORD005768,PROD0155,1,383.07,0.0
ORD008519,PROD0086,1,1292.77,0.1
ORD007865,PROD0105,2,813.74,0.2
ORD011308,PROD0070,5,2065.33,0.1
ORD002525,PROD0221,1,861.75,0.1
ORD015685,PROD0240,2,1736.87,0.15
ORD015060,PROD0262,5,1081.48,0.0
ORD016155,PROD0045,1,1204.82,0.1
ORD004824,PROD0256,4,895.23,0.1
ORD000915,PROD0168,1,1759.17,0.1
ORD001945,PROD0280,2,239.29,0.1
ORD006295,PROD0053,5,499.98,0.0
ORD015022,PROD0235,4,1069.09,0.15
ORD015925,PROD0187,4,2575.23,0.0
ORD000306,PROD0019,5,2132.91,0.15
ORD013269,PROD0294,4,608.79,0.15
ORD008457,PROD0037,4,1059.57,0.1
ORD011726,PROD0185,2,592.37,0.05
ORD006379,PROD0209,2,4636.93,0.0
ORD008972,PROD0287,3,1180.58,0.1
ORD007936,PROD0038,4,1310.24,0.2
ORD009578,PROD0003,1,2931.9,0.15
ORD017117,PROD0137,3,445.2,0.05
ORD001361,PROD0159,5,2084.31,0.05
ORD009309,PROD0296,3,605.83,0.1
ORD003921,PROD0103,5,814.61,0.0
ORD007976,PROD0245,5,258.37,0.05
ORD012514,PROD0298,2,392.05,0.05
ORD010624,PROD0086,2,1292.77,0.0
ORD010413,PROD0006,2,997.09,0.1
ORD012811,PROD0271,2,1034.8,0.2
ORD002132,PROD0028,3,740.62,0.15
ORD006225,PROD0192,4,2094.72,0.05
ORD016953,PROD0203,2,1208.94,0.1
ORD011789,PROD0138,4,2041.26,0.2
ORD004156,PROD0295,3,450.65,0.05
ORD012093,PROD0276,3,1150.97,0.0
ORD005713,PROD0125,3,1338.46,0.1
ORD000133,PROD0260,3,2453.91,0.2
ORD000491,PROD0174,1,1681.39,0.0
ORD004060,PROD0155,5,383.07,0.05
ORD013465,PROD0006,1,997.09,0.1
ORD002006,PROD0292,1,526.18,0.0
ORD011270,PROD0119,5,1545.4,0.0
ORD006277,PROD0022,3,174.42,0.0
ORD010105,PROD0247,2,1013.19,0.15
ORD002618,PROD0217,5,748.27,0.0
ORD008167,PROD0288,3,1099.87,0.05
ORD016634,PROD0077,2,372.07,0.05
ORD017066,PROD0052,5,1103.19,0.0
ORD001624,PROD0157,4,1342.68,0.05
ORD002365,PROD0031,1,2790.09,0.2
ORD014514,PROD0158,2,1130.19,0.05
ORD015888,PROD0078,2,1498.55,0.0
ORD013331,PROD0151,5,938.09,0.1
ORD004410,PROD0028,5,740.62,0.05
ORD007179,PROD0249,5,4012.64,0.05
ORD002115,PROD0168,2,1759.17,0.15
ORD000519,PROD0288,4,1099.87,0.05
ORD013172,PROD0237,2,1008.9,0.0
ORD004684,PROD0196,5,624.67,0.2
ORD017012,PROD0279,2,1760.62,0.0
ORD009936,PROD0142,4,536.55,0.0
ORD017650,PROD0097,1,2244.75,0.1
ORD002971,PROD0202,2,1039.91,0.0
ORD010109,PROD0122,4,768.92,0.1
ORD016275,PROD0264,5,409.67,0.05
ORD014517,PROD0205,5,315.35,0.0
ORD014353,PROD0185,1,592.37,0.0
ORD001494,PROD0176,1,890.34,0.05
ORD017102,PROD0002,4,1122.65,0.1
ORD012844,PROD0290,5,3732.41,0.0
ORD009449,PROD0054,3,1149.11,0.1
ORD010470,PROD0229,1,251.37,0.05
ORD009940,PROD0140,5,4498.4,0.1
ORD004266,PROD0055,3,1758.65,0.0
ORD015245,PROD0069,5,6450.78,0.1
ORD009326,PROD0046,4,423.5,0.05
ORD011031,PROD0161,5,1467.22,0.1
ORD013463,PROD0086,2,1292.77,0.1
ORD017427,PROD0284,3,1551.66,0.1
ORD002724,PROD0121,3,1762.91,0.15
ORD007903,PROD0011,5,569.66,0.05
ORD013781,PROD0183,5,606.73,0.0
ORD010758,PROD0165,3,1341.44,0.05
ORD016473,PROD0279,5,1760.62,0.05
ORD013833,PROD0295,3,450.65,0.0
ORD006487,PROD0215,3,496.9,0.1
ORD016814,PROD0077,4,372.07,0.1
ORD001372,PROD0057,3,1480.61,0.05
ORD017342,PROD0225,5,670.12,0.15
ORD005019,PROD0273,5,1884.45,0.05
ORD014567,PROD0015,5,768.6,0.0
ORD013632,PROD0071,5,1519.69,0.05
ORD009654,PROD0294,3,608.79,0.05
ORD012329,PROD0241,3,215.23,0.1
ORD015091,PROD0065,2,298.49,0.0
ORD011918,PROD0259,2,272.42,0.05
ORD007550,PROD0228,1,1012.55,0.05
ORD007214,PROD0078,2,1498.55,0.2
ORD008672,PROD0150,5,1469.35,0.1
ORD015018,PROD0150,1,1469.35,0.1
ORD017926,PROD0005,2,5350.44,0.05
ORD009160,PROD0087,5,2381.84,0.0
ORD003852,PROD0131,1,719.35,0.05
ORD002198,PROD0009,2,419.4,0.05
ORD012344,PROD0154,5,611.42,0.1
ORD007410,PROD0169,4,2484.01,0.1
ORD001803,PROD0160,4,2652.37,0.15
ORD011087,PROD0147,3,1277.67,0.2
ORD008015,PROD0221,3,861.75,0.1
ORD015444,PROD0086,1,1292.77,0.1
ORD009754,PROD0071,5,1519.69,0.05
ORD016027,PROD0014,3,596.75,0.0
ORD017957,PROD0017,2,5213.81,0.2
ORD015904,PROD0231,1,1734.21,0.0
ORD000993,PROD0140,3,4498.4,0.05
ORD005198,PROD0219,5,1088.5,0.0
ORD008804,PROD0137,2,445.2,0.05
ORD009052,PROD0141,2,526.7,0.1
ORD009947,PROD0161,2,1467.22,0.2
ORD001960,PROD0197,5,774.0,0.05
ORD012429,PROD0167,4,2511.68,0.0
ORD017090,PROD0163,2,703.11,0.0
ORD011388,PROD0271,4,1034.8,0.0
ORD009916,PROD0293,1,1136.47,0.1
ORD008303,PROD0272,2,834.67,0.05
ORD016252,PROD0133,5,737.29,0.0
ORD005772,PROD0232,5,480.05,0.0
ORD006444,PROD0016,2,2382.58,0.0
ORD009398,PROD0177,3,1733.37,0.0
ORD003949,PROD0004,3,1005.11,0.0
ORD011890,PROD0137,4,445.2,0.1
ORD009883,PROD0123,2,2787.07,0.1
ORD010159,PROD0141,4,526.7,0.15
ORD014688,PROD0068,2,2579.6,0.0
ORD007930,PROD0115,4,1198.13,0.2
ORD008292,PROD0047,1,743.87,0.05
ORD001437,PROD0093,5,2481.82,0.05
ORD005142,PROD0095,3,853.11,0.05
ORD011440,PROD0127,3,1166.2,0.1
ORD007850,PROD0130,1,1402.05,0.1
ORD015548,PROD0095,5,853.11,0.0
ORD016096,PROD0180,3,374.36,0.0
ORD007195,PROD0223,1,1507.47,0.15
ORD016626,PROD0280,3,239.29,0.1
ORD004309,PROD0139,3,624.58,0.05
ORD016402,PROD0175,2,2260.04,0.0
ORD001369,PROD0206,1,512.36,0.1
ORD012938,PROD0088,5,255.81,0.15
ORD008076,PROD0042,5,5997.9,0.0
ORD012037,PROD0124,3,7033.68,0.0
ORD012684,PROD0199,2,919.06,0.0
ORD013967,PROD0091,1,402.26,0.1
ORD003532,PROD0218,5,852.15,0.1
ORD013451,PROD0143,4,2026.75,0.15
ORD004037,PROD0291,4,859.37,0.0
ORD006522,PROD0083,1,1558.0,0.15
ORD013733,PROD0184,2,734.18,0.15
ORD016559,PROD0038,4,1310.24,0.1
ORD016520,PROD0254,4,1021.7,0.1
ORD009935,PROD0092,3,2466.2,0.05
ORD015786,PROD0239,4,3878.85,0.0
ORD007945,PROD0260,3,2453.91,0.1
ORD006426,PROD0180,2,374.36,0.05
ORD013045,PROD0292,1,526.18,0.0
ORD009761,PROD0169,4,2484.01,0.0
ORD017392,PROD0079,4,1557.75,0.1
ORD014698,PROD0197,4,774.0,0.05
ORD012818,PROD0128,1,414.27,0.05
ORD016459,PROD0216,1,2535.43,0.0
ORD007695,PROD0138,4,2041.26,0.05
ORD013374,PROD0116,3,435.35,0.05
ORD007454,PROD0098,5,1788.67,0.15
ORD006596,PROD0030,1,1536.54,0.1
ORD008829,PROD0049,5,474.29,0.05
ORD009723,PROD0176,5,890.34,0.1
ORD012961,PROD0209,3,4636.93,0.0
ORD008658,PROD0245,5,258.37,0.1
ORD006301,PROD0066,3,705.54,0.1
ORD015630,PROD0046,3,423.5,0.1
ORD015982,PROD0061,5,1808.63,0.05
ORD015356,PROD0118,4,437.61,0.05
ORD016621,PROD0089,2,390.25,0.0
ORD011988,PROD0288,3,1099.87,0.05
ORD011411,PROD0240,2,1736.87,0.1
ORD005283,PROD0134,4,938.67,0.15
ORD015895,PROD0230,4,1187.41,0.05
ORD002677,PROD0094,2,1585.84,0.15
ORD010259,PROD0250,4,468.3,0.0
ORD013807,PROD0132,5,1663.98,0.15
ORD001088,PROD0088,4,255.81,0.1
ORD012552,PROD0033,2,726.59,0.15
ORD007976,PROD0212,5,936.47,0.2
ORD009988,PROD0104,2,917.71,0.1
ORD008736,PROD0116,2,435.35,0.0
ORD011986,PROD0181,3,218.55,0.2
ORD003893,PROD0180,4,374.36,0.1
ORD006548,PROD0271,1,1034.8,0.05
ORD006220,PROD0185,4,592.37,0.0
ORD003639,PROD0257,1,994.46,0.1
ORD016718,PROD0144,1,1097.89,0.05
ORD000657,PROD0184,4,734.18,0.0
ORD012336,PROD0036,4,2265.4,0.0
ORD013134,PROD0073,1,3798.83,0.15
ORD006366,PROD0209,1,4636.93,0.0
ORD002170,PROD0166,1,655.43,0.0
ORD002825,PROD0172,4,3513.98,0.0
ORD000634,PROD0056,4,1815.37,0.1
ORD000059,PROD0232,2,480.05,0.15
ORD013735,PROD0010,1,1326.68,0.1
ORD013770,PROD0241,4,215.23,0.05
ORD017086,PROD0027,5,5305.88,0.0
ORD003434,PROD0222,2,803.44,0.1
ORD017929,PROD0210,2,539.67,0.15
ORD012108,PROD0136,3,4655.74,0.0
ORD013610,PROD0062,2,1731.8,0.0
ORD009438,PROD0145,3,2107.82,0.05
ORD017344,PROD0042,2,5997.9,0.2
ORD012304,PROD0247,5,1013.19,0.0
ORD003156,PROD0252,4,1091.64,0.0
ORD007738,PROD0016,2,2382.58,0.15
ORD010098,PROD0231,2,1734.21,0.1
ORD013743,PROD0221,3,861.75,0.05
ORD003656,PROD0154,4,611.42,0.15
ORD013312,PROD0142,1,536.55,0.2
ORD007441,PROD0161,5,1467.22,0.1
ORD008900,PROD0231,1,1734.21,0.05
ORD017973,PROD0132,1,1663.98,0.2
ORD014420,PROD0217,5,748.27,0.05
ORD005452,PROD0159,3,2084.31,0.15
ORD004279,PROD0222,4,803.44,0.0
ORD016004,PROD0061,5,1808.63,0.0
ORD003285,PROD0228,1,1012.55,0.1
ORD003368,PROD0039,3,748.33,0.2
ORD017056,PROD0283,4,1585.65,0.2
ORD002763,PROD0247,2,1013.19,0.05
ORD003999,PROD0028,4,740.62,0.05
ORD014374,PROD0054,3,1149.11,0.05
ORD005700,PROD0046,4,423.5,0.05
ORD012079,PROD0036,1,2265.4,0.1
ORD010665,PROD0166,2,655.43,0.2
ORD013990,PROD0197,4,774.0,0.2
ORD005905,PROD0068,4,2579.6,0.2
ORD009222,PROD0148,1,2479.32,0.1
ORD001657,PROD0112,3,3157.32,0.2
ORD004297,PROD0287,2,1180.58,0.1
ORD003385,PROD0169,2,2484.01,0.0
ORD017254,PROD0075,2,993.75,0.0
ORD002945,PROD0076,5,1911.33,0.05
ORD012226,PROD0202,5,1039.91,0.1
ORD012987,PROD0177,2,1733.37,0.1
ORD002718,PROD0148,5,2479.32,0.05
ORD002185,PROD0123,4,2787.07,0.05
ORD008404,PROD0292,4,526.18,0.05
ORD013943,PROD0225,2,670.12,0.05
ORD004292,PROD0125,2,1338.46,0.05
ORD005835,PROD0287,2,1180.58,0.0
ORD007404,PROD0137,5,445.2,0.0
ORD006808,PROD0245,2,258.37,0.0
ORD010101,PROD0273,1,1884.45,0.0
ORD003806,PROD0012,4,2384.44,0.2
ORD016676,PROD0227,4,663.99,0.0
ORD011141,PROD0275,3,1740.08,0.1
ORD010370,PROD0047,4,743.87,0.15
ORD007980,PROD0204,4,1064.24,0.1
ORD016716,PROD0156,2,1302.29,0.15
ORD003875,PROD0172,3,3513.98,0.0
ORD014473,PROD0236,1,1243.22,0.2
ORD007962,PROD0123,1,2787.07,0.0
ORD017776,PROD0269,2,528.68,0.15
ORD004341,PROD0070,2,2065.33,0.05
ORD011578,PROD0091,1,402.26,0.1
ORD007247,PROD0123,1,2787.07,0.0
ORD009453,PROD0259,2,272.42,0.05
ORD003476,PROD0201,4,1107.62,0.1
ORD005973,PROD0057,1,1480.61,0.1
ORD002060,PROD0121,3,1762.91,0.05
ORD012940,PROD0211,1,1092.8,0.1
ORD010343,PROD0296,5,605.83,0.05
ORD011787,PROD0124,3,7033.68,0.1
ORD011063,PROD0124,4,7033.68,0.1
ORD014310,PROD0071,1,1519.69,0.2
ORD014724,PROD0128,2,414.27,0.0
ORD017020,PROD0197,3,774.0,0.05
ORD003305,PROD0141,2,526.7,0.15
ORD005874,PROD0083,5,1558.0,0.2
ORD016869,PROD0121,1,1762.91,0.2
ORD001972,PROD0017,1,5213.81,0.2
ORD013003,PROD0069,3,6450.78,0.15
ORD011949,PROD0233,4,865.79,0.1
ORD012702,PROD0040,2,5448.94,0.0
ORD000219,PROD0046,2,423.5,0.05
ORD004440,PROD0059,2,3884.69,0.15
ORD005575,PROD0125,5,1338.46,0.15
ORD005402,PROD0103,4,814.61,0.15
ORD011100,PROD0174,4,1681.39,0.0
ORD014163,PROD0279,2,1760.62,0.05
ORD000555,PROD0259,2,272.42,0.05
ORD010891,PROD0115,1,1198.13,0.1
ORD013770,PROD0228,3,1012.55,0.05
ORD012376,PROD0098,4,1788.67,0.05
ORD005920,PROD0108,4,1195.6,0.2
ORD006917,PROD0271,5,1034.8,0.1
ORD011719,PROD0161,2,1467.22,0.0
ORD002263,PROD0016,5,2382.58,0.1
ORD003618,PROD0027,5,5305.88,0.15
ORD015657,PROD0140,1,4498.4,0.2
ORD004239,PROD0222,1,803.44,0.1
ORD005362,PROD0224,4,4037.97,0.0
ORD003130,PROD0169,1,2484.01,0.0
ORD011046,PROD0127,5,1166.2,0.0
ORD006195,PROD0111,1,843.13,0.1
ORD010803,PROD0024,1,3557.69,0.05
ORD006398,PROD0226,3,322.28,0.2
ORD010747,PROD0042,5,5997.9,0.15
ORD012689,PROD0086,2,1292.77,0.1
ORD007623,PROD0081,2,2207.21,0.0
ORD006914,PROD0243,5,4498.92,0.1
ORD012496,PROD0239,4,3878.85,0.0
ORD010596,PROD0079,4,1557.75,0.2
ORD007508,PROD0064,2,706.46,0.05
ORD015941,PROD0078,3,1498.55,0.1
ORD011230,PROD0065,4,298.49,0.15
ORD008092,PROD0273,3,1884.45,0.0
ORD003427,PROD0165,1,1341.44,0.0
ORD002142,PROD0183,3,606.73,0.0
ORD013677,PROD0206,1,512.36,0.0
ORD006745,PROD0244,3,1140.3,0.0
ORD013206,PROD0144,2,1097.89,0.1
ORD010387,PROD0214,2,285.7,0.2
ORD007022,PROD0213,1,475.42,0.15
ORD002066,PROD0227,5,663.99,0.2
ORD013677,PROD0270,2,546.81,0.05
ORD006395,PROD0217,1,748.27,0.2
ORD009545,PROD0244,5,1140.3,0.0
ORD004098,PROD0270,4,546.81,0.15
ORD011647,PROD0111,4,843.13,0.15
ORD000031,PROD0109,2,315.2,0.1
ORD005371,PROD0166,2,655.43,0.0
ORD005238,PROD0247,2,1013.19,0.05
ORD008045,PROD0243,2,4498.92,0.0
ORD000359,PROD0273,2,1884.45,0.15
ORD012583,PROD0053,4,499.98,0.1
ORD008574,PROD0090,1,1416.42,0.2
ORD015442,PROD0255,4,2724.93,0.1
ORD012585,PROD0296,4,605.83,0.05
ORD012479,PROD0115,5,1198.13,0.05
ORD011146,PROD0191,2,425.27,0.15
ORD007532,PROD0283,4,1585.65,0.0
ORD017038,PROD0153,4,192.77,0.0
ORD013826,PROD0011,4,569.66,0.1
ORD008554,PROD0196,4,624.67,0.05
ORD008221,PROD0269,4,528.68,0.1
ORD000757,PROD0288,4,1099.87,0.05
ORD012647,PROD0148,5,2479.32,0.1
ORD001572,PROD0017,3,5213.81,0.05
ORD008939,PROD0023,1,529.99,0.0
ORD009667,PROD0086,4,1292.77,0.0
ORD010593,PROD0086,5,1292.77,0.05
ORD011222,PROD0011,4,569.66,0.2
ORD005880,PROD0194,2,2044.13,0.0
ORD008605,PROD0094,3,1585.84,0.0
ORD001249,PROD0165,2,1341.44,0.1
ORD008098,PROD0160,3,2652.37,0.2
ORD012550,PROD0161,3,1467.22,0.15
ORD010333,PROD0043,2,950.69,0.05
ORD004724,PROD0180,4,374.36,0.05
ORD000721,PROD0249,3,4012.64,0.0
ORD001872,PROD0114,5,983.9,0.05
ORD004987,PROD0098,3,1788.67,0.0
ORD000926,PROD0184,2,734.18,0.05
ORD011836,PROD0269,5,528.68,0.2
ORD013134,PROD0116,1,435.35,0.05
ORD013781,PROD0013,3,2230.9,0.2
ORD008137,PROD0181,4,218.55,0.05
ORD008938,PROD0225,3,670.12,0.05
ORD013545,PROD0111,5,843.13,0.1
ORD010527,PROD0017,5,5213.81,0.05
ORD002108,PROD0050,4,138.33,0.05
ORD009942,PROD0256,1,895.23,0.15
ORD012609,PROD0040,4,5448.94,0.15
ORD011995,PROD0043,3,950.69,0.1
ORD010317,PROD0080,5,1973.58,0.1
ORD017483,PROD0179,1,608.27,0.15
ORD015690,PROD0024,2,3557.69,0.15
ORD011033,PROD0276,5,1150.97,0.2
ORD001784,PROD0014,5,596.75,0.2
ORD012352,PROD0129,2,2715.49,0.2
ORD005118,PROD0086,2,1292.77,0.2
ORD004628,PROD0245,4,258.37,0.15
ORD009472,PROD0181,3,218.55,0.1
ORD014063,PROD0229,2,251.37,0.05
ORD014831,PROD0209,4,4636.93,0.1
ORD003997,PROD0158,1,1130.19,0.2
ORD001076,PROD0104,1,917.71,0.15
ORD014955,PROD0199,1,919.06,0.15
ORD002237,PROD0020,5,2005.81,0.05
ORD004709,PROD0188,4,5555.06,0.15
ORD001247,PROD0289,3,1376.41,0.05
ORD003161,PROD0076,2,1911.33,0.15
ORD017594,PROD0271,2,1034.8,0.15
ORD000273,PROD0057,5,1480.61,0.0
ORD014486,PROD0015,4,768.6,0.1
ORD007458,PROD0148,1,2479.32,0.1
ORD010366,PROD0209,2,4636.93,0.1
ORD002334,PROD0298,1,392.05,0.05
ORD017906,PROD0110,1,2045.64,0.15
ORD015028,PROD0216,4,2535.43,0.1
ORD017038,PROD0015,4,768.6,0.0
ORD007749,PROD0275,5,1740.08,0.05
ORD001973,PROD0141,3,526.7,0.15
ORD015553,PROD0161,5,1467.22,0.0
ORD008456,PROD0116,2,435.35,0.1
ORD009912,PROD0135,2,1098.25,0.15
ORD008209,PROD0044,5,2277.54,0.15
ORD004344,PROD0274,4,356.93,0.1
ORD012556,PROD0234,2,1884.98,0.0
ORD004605,PROD0238,4,1179.28,0.2
ORD005762,PROD0162,5,377.71,0.05
ORD013079,PROD0085,5,2361.96,0.05
ORD001321,PROD0030,2,1536.54,0.05
ORD011927,PROD0080,1,1973.58,0.05
ORD000660,PROD0187,3,2575.23,0.1
ORD006392,PROD0057,4,1480.61,0.0
ORD009588,PROD0175,3,2260.04,0.05
ORD003926,PROD0197,3,774.0,0.05
ORD013672,PROD0092,5,2466.2,0.2
ORD016483,PROD0095,5,853.11,0.0
ORD010966,PROD0020,5,2005.81,0.1
ORD001899,PROD0286,4,722.33,0.15
ORD012810,PROD0164,3,1896.67,0.1
ORD001866,PROD0078,3,1498.55,0.05
ORD009216,PROD0241,5,215.23,0.2
ORD010103,PROD0025,1,585.99,0.1
ORD008217,PROD0168,5,1759.17,0.1
ORD007363,PROD0066,5,705.54,0.0
ORD017946,PROD0282,2,1059.41,0.2
ORD002934,PROD0070,5,2065.33,0.05
ORD014944,PROD0294,4,608.79,0.0
ORD010258,PROD0083,3,1558.0,0.05
ORD012274,PROD0083,5,1558.0,0.15
ORD009082,PROD0055,1,1758.65,0.0
ORD017270,PROD0057,3,1480.61,0.05
ORD012112,PROD0093,3,2481.82,0.05
ORD009876,PROD0142,1,536.55,0.15
ORD008200,PROD0202,2,1039.91,0.0
ORD003350,PROD0242,1,1251.99,0.15
ORD008558,PROD0059,4,3884.69,0.05
ORD004974,PROD0292,1,526.18,0.05
ORD002620,PROD0202,2,1039.91,0.05
ORD014442,PROD0282,5,1059.41,0.0
ORD003599,PROD0010,5,1326.68,0.2
ORD000280,PROD0059,3,3884.69,0.05
ORD003786,PROD0064,5,706.46,0.0
ORD002946,PROD0012,5,2384.44,0.05
ORD000450,PROD0205,1,315.35,0.0
ORD004383,PROD0132,3,1663.98,0.0
ORD013665,PROD0235,3,1069.09,0.0
ORD007893,PROD0156,1,1302.29,0.0
ORD005011,PROD0298,4,392.05,0.1
ORD006916,PROD0027,4,5305.88,0.05
ORD009756,PROD0156,4,1302.29,0.05
ORD016851,PROD0127,1,1166.2,0.0
ORD008060,PROD0010,5,1326.68,0.1
ORD016139,PROD0028,2,740.62,0.15
ORD008212,PROD0104,4,917.71,0.1
ORD015649,PROD0259,5,272.42,0.15
ORD005999,PROD0015,4,768.6,0.2
ORD009870,PROD0225,2,670.12,0.15
ORD005640,PROD0245,5,258.37,0.05
ORD014924,PROD0283,4,1585.65,0.1
ORD013883,PROD0100,1,1535.02,0.1
ORD009342,PROD0087,4,2381.84,0.1
ORD009501,PROD0284,3,1551.66,0.1
ORD001114,PROD0283,1,1585.65,0.05
ORD014338,PROD0083,1,1558.0,0.1
ORD005041,PROD0074,2,701.79,0.2
ORD008468,PROD0078,5,1498.55,0.2
ORD004876,PROD0106,2,770.07,0.0
ORD011446,PROD0001,1,2228.63,0.0
ORD006734,PROD0146,2,2912.21,0.2
ORD008221,PROD0102,5,1726.73,0.05
ORD004790,PROD0049,1,474.29,0.0
ORD006418,PROD0216,4,2535.43,0.05
ORD002381,PROD0097,2,2244.75,0.05
ORD009375,PROD0300,1,2550.36,0.2
ORD014461,PROD0232,1,480.05,0.1
ORD003421,PROD0012,4,2384.44,0.2
ORD004765,PROD0162,3,377.71,0.1
ORD017584,PROD0025,2,585.99,0.1
ORD017499,PROD0186,5,324.33,0.0
ORD000119,PROD0060,4,511.57,0.1
ORD007275,PROD0095,4,853.11,0.1
ORD000509,PROD0132,3,1663.98,0.15
ORD013985,PROD0153,4,192.77,0.05
ORD000742,PROD0056,2,1815.37,0.1
ORD005275,PROD0162,5,377.71,0.05
ORD006360,PROD0098,4,1788.67,0.0
ORD009284,PROD0059,1,3884.69,0.2
ORD003814,PROD0165,1,1341.44,0.0
ORD003976,PROD0166,4,655.43,0.05
ORD013690,PROD0254,5,1021.7,0.05
ORD013353,PROD0076,3,1911.33,0.15
ORD010809,PROD0195,3,525.15,0.0
ORD004618,PROD0004,1,1005.11,0.2
ORD010987,PROD0048,2,2692.11,0.1
ORD002403,PROD0136,5,4655.74,0.1
ORD015323,PROD0151,4,938.09,0.1
ORD000964,PROD0039,3,748.33,0.05
ORD013430,PROD0078,1,1498.55,0.0
ORD013437,PROD0275,2,1740.08,0.05
ORD017838,PROD0057,3,1480.61,0.0
ORD005732,PROD0149,2,231.51,0.1
ORD004687,PROD0139,5,624.58,0.2
ORD010073,PROD0164,2,1896.67,0.05
ORD002746,PROD0297,2,359.44,0.15
ORD015065,PROD0011,1,569.66,0.05
ORD001205,PROD0089,2,390.25,0.15
ORD013506,PROD0024,5,3557.69,0.1
ORD011819,PROD0300,1,2550.36,0.0
ORD011467,PROD0238,2,1179.28,0.1
ORD010732,PROD0088,1,255.81,0.1
ORD003959,PROD0017,2,5213.81,0.1
ORD009991,PROD0060,4,511.57,0.0
ORD002962,PROD0037,3,1059.57,0.2
ORD012063,PROD0122,1,768.92,0.05
ORD014348,PROD0146,3,2912.21,0.15
ORD017223,PROD0217,4,748.27,0.1
ORD011591,PROD0008,1,1428.37,0.1
ORD010549,PROD0192,3,2094.72,0.1
ORD005208,PROD0295,5,450.65,0.1
ORD007721,PROD0029,3,1224.14,0.1
ORD014283,PROD0078,4,1498.55,0.2
ORD013738,PROD0211,4,1092.8,0.0
ORD016690,PROD0275,5,1740.08,0.0
ORD003069,PROD0194,1,2044.13,0.1
ORD007261,PROD0216,3,2535.43,0.1
ORD001965,PROD0056,4,1815.37,0.05
ORD016297,PROD0141,4,526.7,0.1
ORD000429,PROD0257,4,994.46,0.1
ORD002854,PROD0143,1,2026.75,0.0
ORD008732,PROD0080,3,1973.58,0.05
ORD003675,PROD0007,2,838.82,0.05
ORD006058,PROD0220,1,1249.15,0.05
ORD007813,PROD0191,2,425.27,0.1
ORD009472,PROD0279,4,1760.62,0.0
ORD009129,PROD0057,3,1480.61,0.05
ORD011293,PROD0279,5,1760.62,0.2
ORD013967,PROD0280,3,239.29,0.1
ORD013122,PROD0218,5,852.15,0.05
ORD003367,PROD0036,3,2265.4,0.2
ORD013186,PROD0199,3,919.06,0.0
ORD014214,PROD0056,2,1815.37,0.1
ORD006754,PROD0081,5,2207.21,0.0
ORD000254,PROD0118,5,437.61,0.05
ORD000150,PROD0139,5,624.58,0.1
ORD006789,PROD0025,3,585.99,0.0
ORD003744,PROD0041,2,566.23,0.15
ORD005826,PROD0051,2,257.94,0.0
ORD008267,PROD0008,3,1428.37,0.2
ORD009657,PROD0206,1,512.36,0.1
ORD004610,PROD0014,4,596.75,0.15
ORD004232,PROD0151,3,938.09,0.05
ORD013282,PROD0033,1,726.59,0.0
ORD013247,PROD0115,5,1198.13,0.1
ORD000913,PROD0210,3,539.67,0.1
ORD007005,PROD0122,4,768.92,0.1
ORD015939,PROD0110,2,2045.64,0.15
ORD007506,PROD0024,4,3557.69,0.0
ORD000813,PROD0242,4,1251.99,0.05
ORD011616,PROD0238,2,1179.28,0.0
ORD006588,PROD0176,3,890.34,0.1
ORD008740,PROD0246,4,484.36,0.1
ORD009945,PROD0234,4,1884.98,0.05
ORD002820,PROD0131,2,719.35,0.0
ORD008119,PROD0229,3,251.37,0.0
ORD008474,PROD0123,3,2787.07,0.0
ORD012398,PROD0101,5,3596.1,0.15
ORD015346,PROD0060,2,511.57,0.15
ORD007143,PROD0234,1,1884.98,0.05
ORD002372,PROD0132,3,1663.98,0.1
ORD006165,PROD0178,1,1006.65,0.1
ORD001413,PROD0101,5,3596.1,0.05
ORD015366,PROD0105,4,813.74,0.1
ORD002144,PROD0036,4,2265.4,0.05
ORD007179,PROD0245,3,258.37,0.15
ORD002501,PROD0057,2,1480.61,0.05
ORD011780,PROD0290,5,3732.41,0.1
ORD007730,PROD0087,5,2381.84,0.15
ORD006364,PROD0017,1,5213.81,0.0
ORD002207,PROD0065,1,298.49,0.05
ORD004011,PROD0084,5,787.16,0.1
ORD003713,PROD0100,5,1535.02,0.05
ORD007034,PROD0155,4,383.07,0.1
ORD006199,PROD0238,5,1179.28,0.0
ORD010296,PROD0270,4,546.81,0.0
ORD003173,PROD0226,1,322.28,0.0
ORD011988,PROD0095,5,853.11,0.05
ORD014728,PROD0258,3,814.14,0.1
ORD009838,PROD0109,2,315.2,0.05
ORD014825,PROD0249,4,4012.64,0.0
ORD017463,PROD0156,5,1302.29,0.05
ORD012274,PROD0022,2,174.42,0.2
ORD010122,PROD0264,1,409.67,0.1
ORD011117,PROD0243,3,4498.92,0.15
ORD006195,PROD0187,5,2575.23,0.15
ORD010164,PROD0086,5,1292.77,0.0
ORD000338,PROD0257,1,994.46,0.05
ORD006623,PROD0113,1,495.12,0.1
ORD008879,PROD0184,4,734.18,0.05
ORD001303,PROD0121,5,1762.91,0.05
ORD013644,PROD0125,5,1338.46,0.15
ORD001214,PROD0080,3,1973.58,0.05
ORD004831,PROD0141,4,526.7,0.05
ORD006814,PROD0288,3,1099.87,0.05
ORD002737,PROD0149,4,231.51,0.0
ORD006774,PROD0216,5,2535.43,0.0
ORD006358,PROD0123,4,2787.07,0.1
ORD008822,PROD0071,5,1519.69,0.15
ORD016952,PROD0114,2,983.9,0.05
ORD017813,PROD0108,2,1195.6,0.0
ORD001669,PROD0270,4,546.81,0.0
ORD013234,PROD0066,1,705.54,0.1
ORD007628,PROD0206,2,512.36,0.1
ORD016538,PROD0227,5,663.99,0.15
ORD006341,PROD0217,4,748.27,0.05
ORD015760,PROD0111,5,843.13,0.15
ORD017057,PROD0146,2,2912.21,0.05
ORD004393,PROD0104,2,917.71,0.1
ORD012965,PROD0136,5,4655.74,0.0
ORD008345,PROD0198,1,1910.21,0.0
ORD015534,PROD0284,4,1551.66,0.15
ORD002826,PROD0025,3,585.99,0.05
ORD003370,PROD0272,3,834.67,0.0
ORD003628,PROD0084,5,787.16,0.2
ORD006652,PROD0071,2,1519.69,0.05
ORD015228,PROD0274,3,356.93,0.15
ORD008305,PROD0147,5,1277.67,0.1
ORD016739,PROD0258,4,814.14,0.15
ORD007157,PROD0220,4,1249.15,0.0
ORD000284,PROD0183,4,606.73,0.0
ORD010026,PROD0094,1,1585.84,0.0
ORD002911,PROD0196,4,624.67,0.0
ORD011686,PROD0264,2,409.67,0.1
ORD012401,PROD0211,4,1092.8,0.05
ORD003314,PROD0107,1,416.19,0.15
ORD012415,PROD0124,5,7033.68,0.1
ORD016123,PROD0199,3,919.06,0.0
ORD011598,PROD0242,1,1251.99,0.05
ORD002424,PROD0260,5,2453.91,0.05
ORD007854,PROD0162,3,377.71,0.05
ORD013934,PROD0074,4,701.79,0.1
ORD005101,PROD0036,5,2265.4,0.1
ORD006977,PROD0235,3,1069.09,0.0
ORD003464,PROD0068,4,2579.6,0.1
ORD014958,PROD0291,2,859.37,0.2
ORD014600,PROD0284,2,1551.66,0.05
ORD014165,PROD0022,3,174.42,0.1
ORD015649,PROD0253,2,3782.92,0.05
ORD006792,PROD0058,2,5552.05,0.0
ORD013609,PROD0051,4,257.94,0.1
ORD001308,PROD0282,4,1059.41,0.2
ORD014561,PROD0134,5,938.67,0.15
ORD013673,PROD0024,2,3557.69,0.1
ORD011106,PROD0068,3,2579.6,0.2
ORD012662,PROD0208,2,1605.39,0.1
ORD009764,PROD0037,1,1059.57,0.15
ORD011570,PROD0124,5,7033.68,0.15
ORD004328,PROD0160,1,2652.37,0.2
ORD000422,PROD0054,4,1149.11,0.0
ORD009208,PROD0183,4,606.73,0.0
ORD010959,PROD0085,2,2361.96,0.2
ORD001292,PROD0040,3,5448.94,0.2
ORD016028,PROD0247,2,1013.19,0.0
ORD007441,PROD0197,1,774.0,0.0
ORD010367,PROD0035,4,914.62,0.1
ORD015379,PROD0282,1,1059.41,0.15
ORD015527,PROD0285,3,1253.77,0.05
ORD004327,PROD0015,2,768.6,0.15
ORD012506,PROD0136,1,4655.74,0.15
ORD000838,PROD0041,2,566.23,0.1
ORD015497,PROD0003,1,2931.9,0.1
ORD009419,PROD0161,5,1467.22,0.0
ORD007357,PROD0028,5,740.62,0.15
ORD005644,PROD0189,5,260.5,0.15
ORD015669,PROD0235,2,1069.09,0.15
ORD001143,PROD0024,1,3557.69,0.05
ORD011880,PROD0100,3,1535.02,0.1
ORD002175,PROD0177,4,1733.37,0.0
ORD013563,PROD0200,4,1906.63,0.1
ORD005987,PROD0224,3,4037.97,0.15
ORD006725,PROD0256,4,895.23,0.1
ORD000746,PROD0268,5,1593.82,0.0
ORD012496,PROD0047,1,743.87,0.0
ORD005936,PROD0189,2,260.5,0.1
ORD011707,PROD0155,4,383.07,0.15
ORD013549,PROD0209,3,4636.93,0.1
ORD003789,PROD0212,2,936.47,0.05
ORD012229,PROD0178,1,1006.65,0.05
ORD009797,PROD0076,2,1911.33,0.2
ORD009451,PROD0170,2,1486.76,0.0
ORD012900,PROD0171,1,619.82,0.05
ORD001590,PROD0117,5,1622.14,0.0
ORD006356,PROD0221,1,861.75,0.05
ORD003145,PROD0109,2,315.2,0.15
ORD000245,PROD0177,3,1733.37,0.0
ORD001147,PROD0268,1,1593.82,0.0
ORD009231,PROD0009,1,419.4,0.05
ORD005637,PROD0177,5,1733.37,0.1
ORD007625,PROD0117,4,1622.14,0.05
ORD005224,PROD0046,3,423.5,0.15
ORD009523,PROD0063,3,453.52,0.0
ORD006984,PROD0268,4,1593.82,0.05
ORD015938,PROD0105,2,813.74,0.0
ORD017414,PROD0023,3,529.99,0.2
ORD014356,PROD0226,4,322.28,0.2
ORD014488,PROD0220,2,1249.15,0.15
ORD005434,PROD0153,5,192.77,0.15
ORD011731,PROD0233,1,865.79,0.0
ORD012004,PROD0170,3,1486.76,0.15
ORD011138,PROD0116,4,435.35,0.0
ORD008091,PROD0154,2,611.42,0.1
ORD013372,PROD0032,4,1792.53,0.2
ORD001029,PROD0148,1,2479.32,0.0
ORD006269,PROD0131,1,719.35,0.0
ORD005966,PROD0249,1,4012.64,0.2
ORD002772,PROD0085,2,2361.96,0.1
ORD015344,PROD0132,4,1663.98,0.0
ORD006230,PROD0139,4,624.58,0.05
ORD009640,PROD0021,5,2017.39,0.1
ORD014008,PROD0171,3,619.82,0.2
ORD016389,PROD0010,2,1326.68,0.0
ORD012538,PROD0083,5,1558.0,0.05
ORD012259,PROD0295,1,450.65,0.05
ORD015124,PROD0153,2,192.77,0.15
ORD008120,PROD0113,4,495.12,0.15
ORD015706,PROD0093,4,2481.82,0.1
ORD013246,PROD0064,4,706.46,0.0
ORD007306,PROD0135,3,1098.25,0.15
ORD014466,PROD0162,5,377.71,0.15
ORD014795,PROD0068,3,2579.6,0.1
ORD013911,PROD0148,1,2479.32,0.2
ORD001518,PROD0117,3,1622.14,0.1
ORD016276,PROD0220,3,1249.15,0.1
ORD012527,PROD0046,2,423.5,0.2
ORD012708,PROD0115,5,1198.13,0.2
ORD014168,PROD0165,5,1341.44,0.15
ORD000290,PROD0138,3,2041.26,0.0
ORD012243,PROD0297,4,359.44,0.1
ORD009408,PROD0133,1,737.29,0.2
ORD001600,PROD0182,4,1491.37,0.15
ORD003926,PROD0178,4,1006.65,0.1
ORD002549,PROD0170,3,1486.76,0.1
ORD004745,PROD0266,5,1066.97,0.1
ORD014867,PROD0116,2,435.35,0.1
ORD007573,PROD0191,4,425.27,0.2
ORD016045,PROD0284,3,1551.66,0.15
ORD005494,PROD0132,3,1663.98,0.05
ORD010984,PROD0239,2,3878.85,0.0
ORD002989,PROD0084,2,787.16,0.15
ORD002727,PROD0102,5,1726.73,0.0
ORD004745,PROD0124,4,7033.68,0.05
ORD012603,PROD0023,5,529.99,0.1
ORD001126,PROD0241,5,215.23,0.05
ORD005292,PROD0071,1,1519.69,0.05
ORD006435,PROD0224,3,4037.97,0.05
ORD012389,PROD0296,2,605.83,0.15
ORD012628,PROD0177,3,1733.37,0.15
ORD000621,PROD0251,3,1056.88,0.05
ORD011601,PROD0189,5,260.5,0.2
ORD015098,PROD0116,3,435.35,0.1
ORD015044,PROD0074,3,701.79,0.1
ORD008085,PROD0275,2,1740.08,0.1
ORD015179,PROD0270,3,546.81,0.2
ORD001933,PROD0287,4,1180.58,0.15
ORD013035,PROD0271,1,1034.8,0.2
ORD008364,PROD0274,1,356.93,0.1
ORD006178,PROD0022,4,174.42,0.15
ORD013468,PROD0277,1,668.68,0.2
ORD003438,PROD0121,3,1762.91,0.1
ORD015707,PROD0011,2,569.66,0.0
ORD014262,PROD0105,5,813.74,0.1
ORD004516,PROD0185,3,592.37,0.1
ORD009436,PROD0256,5,895.23,0.05
ORD002808,PROD0270,3,546.81,0.05
ORD013007,PROD0012,3,2384.44,0.05
ORD015442,PROD0083,3,1558.0,0.05
ORD003653,PROD0264,2,409.67,0.1
ORD017618,PROD0130,2,1402.05,0.0
ORD013771,PROD0284,2,1551.66,0.05
ORD017511,PROD0203,3,1208.94,0.15
ORD005554,PROD0090,3,1416.42,0.05
ORD003475,PROD0150,4,1469.35,0.0
ORD012491,PROD0229,4,251.37,0.0
ORD012018,PROD0196,5,624.67,0.15
ORD011679,PROD0133,2,737.29,0.1
ORD012070,PROD0264,1,409.67,0.0
ORD013635,PROD0040,5,5448.94,0.05
ORD014987,PROD0027,5,5305.88,0.0
ORD015014,PROD0233,1,865.79,0.0
ORD000614,PROD0184,1,734.18,0.05
ORD014332,PROD0086,2,1292.77,0.05
ORD016730,PROD0253,3,3782.92,0.0
ORD016645,PROD0239,5,3878.85,0.05
ORD010474,PROD0096,1,830.36,0.0
ORD009885,PROD0296,2,605.83,0.15
ORD002268,PROD0164,5,1896.67,0.1
ORD007434,PROD0064,3,706.46,0.05
ORD017837,PROD0229,5,251.37,0.0
ORD004726,PROD0102,1,1726.73,0.0
ORD016267,PROD0132,1,1663.98,0.15
ORD003716,PROD0028,4,740.62,0.05
ORD015889,PROD0256,2,895.23,0.15
ORD004264,PROD0141,2,526.7,0.2
ORD014390,PROD0276,3,1150.97,0.1
ORD002964,PROD0152,5,3664.43,0.0
ORD003149,PROD0162,3,377.71,0.1
ORD007508,PROD0139,1,624.58,0.05
ORD005623,PROD0195,5,525.15,0.1
ORD000729,PROD0054,4,1149.11,0.15
ORD009562,PROD0041,4,566.23,0.1
ORD015800,PROD0202,5,1039.91,0.1
ORD017314,PROD0221,2,861.75,0.1
ORD014692,PROD0110,3,2045.64,0.0
ORD017779,PROD0013,4,2230.9,0.15
ORD015251,PROD0223,4,1507.47,0.05
ORD003967,PROD0285,5,1253.77,0.1
ORD006199,PROD0198,4,1910.21,0.0
ORD001279,PROD0236,1,1243.22,0.1
ORD004131,PROD0199,5,919.06,0.05
ORD014855,PROD0209,1,4636.93,0.0
ORD017027,PROD0222,5,803.44,0.0
ORD010153,PROD0222,1,803.44,0.2
ORD009213,PROD0145,3,2107.82,0.0
ORD010521,PROD0096,3,830.36,0.0
ORD010820,PROD0258,5,814.14,0.0
ORD002712,PROD0190,3,1494.94,0.2
ORD017843,PROD0023,3,529.99,0.2
ORD013684,PROD0038,4,1310.24,0.2
ORD014076,PROD0192,5,2094.72,0.1
ORD013049,PROD0010,4,1326.68,0.2
ORD007302,PROD0156,1,1302.29,0.05
ORD005569,PROD0094,4,1585.84,0.2
ORD010879,PROD0037,4,1059.57,0.0
ORD002386,PROD0107,4,416.19,0.0
ORD002597,PROD0117,5,1622.14,0.1
ORD014511,PROD0296,2,605.83,0.2
ORD014479,PROD0238,4,1179.28,0.0
ORD016546,PROD0042,2,5997.9,0.2
ORD013269,PROD0062,2,1731.8,0.15
ORD009052,PROD0237,2,1008.9,0.0
ORD003091,PROD0250,4,468.3,0.2
ORD013222,PROD0207,1,4103.55,0.15
ORD007842,PROD0180,1,374.36,0.1
ORD017275,PROD0060,4,511.57,0.0
ORD007782,PROD0065,5,298.49,0.1
ORD002132,PROD0248,3,581.51,0.1
ORD013091,PROD0115,5,1198.13,0.05
ORD016126,PROD0024,1,3557.69,0.1
ORD010838,PROD0228,1,1012.55,0.1
ORD004541,PROD0196,2,624.67,0.05
ORD015361,PROD0197,4,774.0,0.0
ORD007522,PROD0243,4,4498.92,0.0
ORD013357,PROD0110,2,2045.64,0.05
ORD017230,PROD0262,1,1081.48,0.0
ORD007806,PROD0051,1,257.94,0.0
ORD015161,PROD0002,3,1122.65,0.15
ORD016032,PROD0188,5,5555.06,0.2
ORD012857,PROD0280,5,239.29,0.05
ORD016103,PROD0288,4,1099.87,0.15
ORD001045,PROD0213,1,475.42,0.1
ORD004862,PROD0060,1,511.57,0.05
ORD014803,PROD0132,2,1663.98,0.1
ORD005308,PROD0182,5,1491.37,0.1
ORD003245,PROD0238,2,1179.28,0.15
ORD014760,PROD0039,2,748.33,0.0
ORD008453,PROD0002,3,1122.65,0.05
ORD004430,PROD0077,5,372.07,0.0
ORD003666,PROD0066,1,705.54,0.05
ORD011155,PROD0267,2,1411.95,0.0
ORD008505,PROD0019,5,2132.91,0.2
ORD011654,PROD0062,1,1731.8,0.1
ORD008012,PROD0186,5,324.33,0.0
ORD001746,PROD0186,3,324.33,0.1
ORD011933,PROD0141,5,526.7,0.1
ORD001577,PROD0060,5,511.57,0.1
ORD013019,PROD0037,3,1059.57,0.1
ORD003602,PROD0119,2,1545.4,0.15
ORD016851,PROD0120,2,3592.34,0.0
ORD002543,PROD0162,4,377.71,0.1
ORD012967,PROD0114,4,983.9,0.2
ORD010624,PROD0233,4,865.79,0.0
ORD005841,PROD0138,2,2041.26,0.0
ORD006987,PROD0169,1,2484.01,0.1
ORD009784,PROD0248,2,581.51,0.0
ORD002418,PROD0206,4,512.36,0.0
ORD013432,PROD0015,4,768.6,0.0
ORD005136,PROD0001,1,2228.63,0.1
ORD005266,PROD0061,1,1808.63,0.0
ORD012859,PROD0247,3,1013.19,0.0
ORD004359,PROD0070,5,2065.33,0.05
ORD003404,PROD0282,5,1059.41,0.1
ORD007687,PROD0085,2,2361.96,0.0
ORD001492,PROD0120,2,3592.34,0.0
ORD009952,PROD0126,3,648.87,0.05
ORD007763,PROD0216,4,2535.43,0.05
ORD012447,PROD0067,1,1836.4,0.15
ORD002627,PROD0275,2,1740.08,0.1
ORD010201,PROD0154,3,611.42,0.1
ORD017579,PROD0234,4,1884.98,0.1
ORD004061,PROD0297,2,359.44,0.15
ORD016901,PROD0120,1,3592.34,0.15
ORD006650,PROD0193,3,3394.61,0.0
ORD016878,PROD0057,3,1480.61,0.1
ORD004825,PROD0161,3,1467.22,0.05
ORD009594,PROD0048,1,2692.11,0.0
ORD001478,PROD0129,3,2715.49,0.0
ORD004301,PROD0094,1,1585.84,0.15
ORD011128,PROD0017,4,5213.81,0.15
ORD002646,PROD0083,1,1558.0,0.05
ORD005988,PROD0045,2,1204.82,0.0
ORD008051,PROD0254,1,1021.7,0.1
ORD015316,PROD0098,3,1788.67,0.1
ORD004679,PROD0180,4,374.36,0.1
ORD002727,PROD0207,3,4103.55,0.05
ORD002624,PROD0027,4,5305.88,0.0
ORD008481,PROD0103,1,814.61,0.1
ORD014589,PROD0171,3,619.82,0.05
ORD002143,PROD0228,1,1012.55,0.1
ORD015748,PROD0108,5,1195.6,0.1
ORD010016,PROD0169,3,2484.01,0.1
ORD003845,PROD0214,2,285.7,0.05
ORD013238,PROD0148,2,2479.32,0.05
ORD013444,PROD0218,3,852.15,0.1
ORD004117,PROD0059,5,3884.69,0.0
ORD002733,PROD0078,3,1498.55,0.05
ORD011617,PROD0114,5,983.9,0.05
ORD008612,PROD0261,5,1950.36,0.05
ORD015104,PROD0157,3,1342.68,0.0
ORD001588,PROD0154,3,611.42,0.1
ORD008894,PROD0048,1,2692.11,0.05
ORD013403,PROD0288,2,1099.87,0.1
ORD004180,PROD0236,2,1243.22,0.05
ORD015624,PROD0036,3,2265.4,0.05
ORD001395,PROD0239,1,3878.85,0.05
ORD003787,PROD0249,4,4012.64,0.15
ORD005265,PROD0087,1,2381.84,0.0
ORD005334,PROD0296,1,605.83,0.0
ORD005953,PROD0111,2,843.13,0.1
ORD016374,PROD0272,1,834.67,0.1
ORD014626,PROD0115,1,1198.13,0.0
ORD012314,PROD0188,5,5555.06,0.05
ORD008953,PROD0033,5,726.59,0.15
ORD005501,PROD0115,4,1198.13,0.15
ORD011702,PROD0026,1,926.18,0.05
ORD011486,PROD0016,3,2382.58,0.05
ORD013065,PROD0110,1,2045.64,0.1
ORD001411,PROD0156,5,1302.29,0.05
ORD004921,PROD0183,2,606.73,0.1
ORD002038,PROD0026,4,926.18,0.0
ORD004513,PROD0103,4,814.61,0.05
ORD006203,PROD0004,2,1005.11,0.1
ORD016429,PROD0149,1,231.51,0.2
ORD010431,PROD0117,4,1622.14,0.15
ORD007185,PROD0114,1,983.9,0.15
ORD013347,PROD0218,3,852.15,0.0
ORD015852,PROD0082,2,835.72,0.2
ORD016117,PROD0046,1,423.5,0.2
ORD005116,PROD0117,3,1622.14,0.05
ORD002513,PROD0259,5,272.42,0.15
ORD005582,PROD0050,3,138.33,0.1
ORD007367,PROD0187,3,2575.23,0.05
ORD016064,PROD0165,4,1341.44,0.0
ORD014115,PROD0194,1,2044.13,0.05
ORD006694,PROD0090,3,1416.42,0.05
ORD012777,PROD0249,1,4012.64,0.0
ORD007645,PROD0044,4,2277.54,0.1
ORD009872,PROD0148,4,2479.32,0.15
ORD012874,PROD0154,3,611.42,0.05
ORD012652,PROD0182,2,1491.37,0.1
ORD009926,PROD0177,5,1733.37,0.1
ORD010318,PROD0003,5,2931.9,0.0
ORD000915,PROD0213,1,475.42,0.1
ORD007146,PROD0006,3,997.09,0.1
ORD004179,PROD0095,1,853.11,0.05
ORD000194,PROD0225,2,670.12,0.15
ORD008279,PROD0126,1,648.87,0.1
ORD010808,PROD0276,5,1150.97,0.0
ORD001875,PROD0211,4,1092.8,0.1
ORD012885,PROD0193,3,3394.61,0.05
ORD015730,PROD0276,4,1150.97,0.1
ORD015161,PROD0191,2,425.27,0.1
ORD000502,PROD0051,5,257.94,0.05
ORD012989,PROD0251,4,1056.88,0.05
ORD008869,PROD0102,2,1726.73,0.05
ORD008834,PROD0092,1,2466.2,0.15
ORD011071,PROD0136,4,4655.74,0.2
ORD006917,PROD0162,1,377.71,0.15
ORD011255,PROD0147,3,1277.67,0.05
ORD010637,PROD0265,1,709.86,0.1
ORD015036,PROD0066,3,705.54,0.05
ORD007942,PROD0256,1,895.23,0.0
ORD003093,PROD0034,4,1106.13,0.05
ORD008108,PROD0257,2,994.46,0.0
ORD015374,PROD0095,1,853.11,0.1
ORD007908,PROD0066,1,705.54,0.15
ORD001567,PROD0278,1,1418.31,0.15
ORD014560,PROD0200,4,1906.63,0.15
ORD014899,PROD0229,2,251.37,0.0
ORD008987,PROD0228,2,1012.55,0.1
ORD017682,PROD0175,5,2260.04,0.15
ORD002428,PROD0259,4,272.42,0.05
ORD017675,PROD0035,4,914.62,0.0
ORD012801,PROD0245,5,258.37,0.05
ORD014583,PROD0152,5,3664.43,0.05
ORD005356,PROD0266,2,1066.97,0.15
ORD004726,PROD0149,1,231.51,0.0
ORD010240,PROD0058,5,5552.05,0.15
ORD012118,PROD0196,1,624.67,0.05
ORD014891,PROD0215,4,496.9,0.05
ORD001379,PROD0139,4,624.58,0.05
ORD002297,PROD0207,1,4103.55,0.0
ORD006390,PROD0184,1,734.18,0.15
ORD003411,PROD0065,4,298.49,0.0
ORD006819,PROD0270,1,546.81,0.15
ORD002870,PROD0216,5,2535.43,0.0
ORD002976,PROD0039,3,748.33,0.0
ORD014404,PROD0093,3,2481.82,0.15
ORD005953,PROD0260,2,2453.91,0.1
ORD016129,PROD0008,1,1428.37,0.0
ORD003222,PROD0187,5,2575.23,0.1
ORD009234,PROD0078,1,1498.55,0.05
ORD011183,PROD0115,2,1198.13,0.1
ORD006710,PROD0223,5,1507.47,0.1
ORD013499,PROD0154,4,611.42,0.1
ORD009074,PROD0048,4,2692.11,0.2
ORD008494,PROD0245,3,258.37,0.1
ORD001210,PROD0175,5,2260.04,0.05
ORD012412,PROD0236,4,1243.22,0.05
ORD013149,PROD0147,1,1277.67,0.0
ORD000953,PROD0148,5,2479.32,0.1
ORD017955,PROD0224,4,4037.97,0.1
ORD008458,PROD0190,2,1494.94,0.1
ORD016449,PROD0138,3,2041.26,0.2
ORD007838,PROD0158,1,1130.19,0.15
ORD002693,PROD0166,1,655.43,0.05
ORD016822,PROD0290,5,3732.41,0.0
ORD003114,PROD0240,5,1736.87,0.05
ORD007235,PROD0155,1,383.07,0.1
ORD001320,PROD0020,4,2005.81,0.05
ORD017733,PROD0272,2,834.67,0.05
ORD008406,PROD0159,5,2084.31,0.15
ORD011795,PROD0187,3,2575.23,0.1
ORD003372,PROD0166,2,655.43,0.1
ORD008517,PROD0052,2,1103.19,0.05
ORD010060,PROD0033,3,726.59,0.05
ORD016958,PROD0041,5,566.23,0.0
ORD004443,PROD0209,1,4636.93,0.05
ORD000737,PROD0231,1,1734.21,0.0
ORD015975,PROD0042,2,5997.9,0.1
ORD004666,PROD0067,2,1836.4,0.0
ORD012500,PROD0108,2,1195.6,0.1
ORD017417,PROD0094,2,1585.84,0.0
ORD012051,PROD0259,3,272.42,0.15
ORD009572,PROD0161,5,1467.22,0.1
ORD004160,PROD0294,1,608.79,0.05
ORD012474,PROD0085,1,2361.96,0.1
ORD001753,PROD0298,3,392.05,0.05
ORD011036,PROD0273,4,1884.45,0.05
ORD003070,PROD0248,1,581.51,0.0
ORD013263,PROD0038,3,1310.24,0.15
ORD007928,PROD0081,2,2207.21,0.05
ORD005514,PROD0100,1,1535.02,0.15
ORD006456,PROD0041,4,566.23,0.1
ORD003308,PROD0296,3,605.83,0.05
ORD002717,PROD0006,3,997.09,0.1
ORD016779,PROD0165,1,1341.44,0.1
ORD006738,PROD0187,2,2575.23,0.1
ORD012318,PROD0049,5,474.29,0.1
ORD010496,PROD0186,1,324.33,0.05
ORD004197,PROD0015,1,768.6,0.05
ORD002753,PROD0040,4,5448.94,0.0
ORD009777,PROD0035,5,914.62,0.0
ORD010243,PROD0215,2,496.9,0.1
ORD007249,PROD0069,3,6450.78,0.15
ORD008820,PROD0043,3,950.69,0.15
ORD006192,PROD0280,3,239.29,0.2
ORD016019,PROD0300,1,2550.36,0.2
ORD013814,PROD0161,4,1467.22,0.05
ORD008539,PROD0280,5,239.29,0.2
ORD016888,PROD0216,5,2535.43,0.1
ORD011796,PROD0090,1,1416.42,0.0
ORD001188,PROD0193,2,3394.61,0.15
ORD000988,PROD0167,2,2511.68,0.1
ORD012248,PROD0076,5,1911.33,0.05
ORD016052,PROD0180,5,374.36,0.15
ORD014409,PROD0006,1,997.09,0.1
ORD007127,PROD0035,5,914.62,0.15
ORD003348,PROD0086,4,1292.77,0.1
ORD003035,PROD0266,2,1066.97,0.1
ORD012285,PROD0002,4,1122.65,0.05
ORD017254,PROD0008,1,1428.37,0.15
ORD012274,PROD0195,3,525.15,0.0
ORD007150,PROD0287,1,1180.58,0.15
ORD012147,PROD0096,1,830.36,0.2
ORD014069,PROD0061,3,1808.63,0.05
ORD009134,PROD0001,5,2228.63,0.15
ORD000512,PROD0237,3,1008.9,0.05
ORD013203,PROD0276,5,1150.97,0.2
ORD017505,PROD0256,2,895.23,0.2
ORD008792,PROD0125,4,1338.46,0.15
ORD017741,PROD0136,2,4655.74,0.1
ORD007367,PROD0104,2,917.71,0.2
ORD011242,PROD0206,2,512.36,0.0
ORD010611,PROD0040,2,5448.94,0.05
ORD007898,PROD0273,2,1884.45,0.15
ORD005600,PROD0029,3,1224.14,0.05
ORD002172,PROD0292,2,526.18,0.1
ORD004797,PROD0265,2,709.86,0.15
ORD009978,PROD0129,1,2715.49,0.15
ORD016845,PROD0046,1,423.5,0.15
ORD004676,PROD0295,1,450.65,0.15
ORD013265,PROD0092,2,2466.2,0.0
ORD001162,PROD0177,2,1733.37,0.0
ORD006676,PROD0072,3,4756.76,0.15
ORD002520,PROD0113,2,495.12,0.1
ORD012857,PROD0262,5,1081.48,0.15
ORD014756,PROD0219,1,1088.5,0.05
ORD001732,PROD0041,4,566.23,0.2
ORD013366,PROD0114,1,983.9,0.0
ORD017999,PROD0009,3,419.4,0.0
ORD012784,PROD0230,3,1187.41,0.1
ORD004420,PROD0296,2,605.83,0.1
ORD001330,PROD0069,5,6450.78,0.05
ORD014473,PROD0233,2,865.79,0.1
ORD001857,PROD0257,1,994.46,0.0
ORD005808,PROD0120,4,3592.34,0.05
ORD006134,PROD0036,2,2265.4,0.15
ORD010650,PROD0116,3,435.35,0.05
ORD016197,PROD0216,4,2535.43,0.05
ORD011540,PROD0174,2,1681.39,0.2
ORD004933,PROD0001,4,2228.63,0.0
ORD004126,PROD0195,3,525.15,0.1
ORD014217,PROD0088,3,255.81,0.15
ORD013103,PROD0097,2,2244.75,0.1
ORD013066,PROD0088,2,255.81,0.15
ORD009157,PROD0090,2,1416.42,0.1
ORD013208,PROD0131,2,719.35,0.0
ORD002580,PROD0276,1,1150.97,0.05
ORD002261,PROD0236,5,1243.22,0.15
ORD009229,PROD0201,2,1107.62,0.05
ORD017303,PROD0110,3,2045.64,0.1
ORD003628,PROD0187,2,2575.23,0.15
ORD014907,PROD0008,1,1428.37,0.1
ORD006616,PROD0188,1,5555.06,0.1
ORD009745,PROD0020,3,2005.81,0.0
ORD006184,PROD0209,3,4636.93,0.1
ORD013614,PROD0013,4,2230.9,0.05
ORD015468,PROD0070,2,2065.33,0.05
ORD015351,PROD0002,1,1122.65,0.0
ORD013457,PROD0111,4,843.13,0.0
ORD012855,PROD0150,2,1469.35,0.1
ORD004245,PROD0281,3,5213.75,0.15
ORD001761,PROD0046,5,423.5,0.05
ORD015716,PROD0099,5,550.57,0.05
ORD015547,PROD0089,4,390.25,0.15
ORD005035,PROD0085,5,2361.96,0.0
ORD015316,PROD0278,4,1418.31,0.2
ORD007668,PROD0209,1,4636.93,0.0
ORD017355,PROD0085,3,2361.96,0.0
ORD007718,PROD0267,5,1411.95,0.0
ORD001578,PROD0142,3,536.55,0.15
ORD006715,PROD0153,1,192.77,0.1
ORD013168,PROD0264,1,409.67,0.1
ORD007143,PROD0062,1,1731.8,0.15
ORD009425,PROD0065,2,298.49,0.15
ORD001916,PROD0195,3,525.15,0.2
ORD017746,PROD0082,1,835.72,0.15
ORD016089,PROD0023,1,529.99,0.1
ORD006069,PROD0244,2,1140.3,0.0
ORD009815,PROD0224,3,4037.97,0.0
ORD002189,PROD0198,4,1910.21,0.1
ORD013884,PROD0084,2,787.16,0.1
ORD007555,PROD0198,3,1910.21,0.0
ORD012962,PROD0081,5,2207.21,0.05
ORD004739,PROD0261,1,1950.36,0.2
ORD010731,PROD0008,2,1428.37,0.1
ORD012368,PROD0227,4,663.99,0.0
ORD006942,PROD0015,2,768.6,0.15
ORD006054,PROD0078,3,1498.55,0.0
ORD010128,PROD0119,3,1545.4,0.15
ORD015998,PROD0176,2,890.34,0.2
ORD001725,PROD0152,2,3664.43,0.1
ORD001095,PROD0044,1,2277.54,0.0
ORD009137,PROD0180,5,374.36,0.0
ORD000575,PROD0091,4,402.26,0.1
ORD009949,PROD0250,4,468.3,0.0
ORD001793,PROD0010,1,1326.68,0.2
ORD009346,PROD0081,3,2207.21,0.1
ORD001610,PROD0254,4,1021.7,0.05
ORD001755,PROD0009,1,419.4,0.0
ORD013987,PROD0071,5,1519.69,0.1
ORD010714,PROD0253,3,3782.92,0.1
ORD004987,PROD0160,2,2652.37,0.05
ORD000502,PROD0178,5,1006.65,0.15
ORD014372,PROD0091,4,402.26,0.05
ORD017545,PROD0277,1,668.68,0.0
ORD014423,PROD0022,2,174.42,0.1
ORD013250,PROD0151,4,938.09,0.2
ORD000209,PROD0062,4,1731.8,0.2
ORD004028,PROD0279,2,1760.62,0.0
ORD006518,PROD0209,1,4636.93,0.05
ORD006537,PROD0005,3,5350.44,0.05
ORD007796,PROD0127,4,1166.2,0.1
ORD009180,PROD0128,5,414.27,0.05
ORD016466,PROD0206,4,512.36,0.1
ORD014023,PROD0077,4,372.07,0.05
ORD011386,PROD0200,4,1906.63,0.0
ORD004868,PROD0069,5,6450.78,0.05
ORD005977,PROD0012,1,2384.44,0.2
ORD001778,PROD0045,4,1204.82,0.05
ORD010080,PROD0088,4,255.81,0.1
ORD003736,PROD0100,2,1535.02,0.0
ORD008541,PROD0249,4,4012.64,0.15
ORD015984,PROD0028,4,740.62,0.2
ORD009040,PROD0279,3,1760.62,0.2
ORD015685,PROD0222,3,803.44,0.05
ORD015992,PROD0090,2,1416.42,0.0
ORD017834,PROD0193,1,3394.61,0.15
ORD007054,PROD0160,4,2652.37,0.2
ORD008690,PROD0253,1,3782.92,0.2
ORD004817,PROD0148,4,2479.32,0.0
ORD014115,PROD0236,1,1243.22,0.05
ORD002750,PROD0203,5,1208.94,0.0
ORD012257,PROD0257,4,994.46,0.05
ORD000869,PROD0201,3,1107.62,0.05
ORD006886,PROD0118,1,437.61,0.1
ORD011115,PROD0110,2,2045.64,0.05
ORD000928,PROD0109,5,315.2,0.05
ORD011248,PROD0020,3,2005.81,0.0
ORD017442,PROD0106,5,770.07,0.0
ORD002177,PROD0119,5,1545.4,0.15
ORD000538,PROD0227,1,663.99,0.1
ORD003686,PROD0297,1,359.44,0.05
ORD011175,PROD0072,4,4756.76,0.1
ORD015885,PROD0099,5,550.57,0.05
ORD016357,PROD0269,4,528.68,0.2
ORD006307,PROD0106,5,770.07,0.05
ORD016702,PROD0216,5,2535.43,0.2
ORD012588,PROD0100,4,1535.02,0.0
ORD017555,PROD0115,3,1198.13,0.1
ORD011927,PROD0188,4,5555.06,0.0
ORD014666,PROD0009,2,419.4,0.1
ORD012230,PROD0118,2,437.61,0.1
ORD000200,PROD0103,2,814.61,0.05
ORD013997,PROD0238,2,1179.28,0.1
ORD009538,PROD0239,3,3878.85,0.0
ORD014886,PROD0074,2,701.79,0.05
ORD008850,PROD0182,3,1491.37,0.05
ORD002604,PROD0243,3,4498.92,0.0
ORD014567,PROD0050,4,138.33,0.0
ORD012008,PROD0288,1,1099.87,0.1
ORD011307,PROD0241,2,215.23,0.0
ORD017721,PROD0190,1,1494.94,0.1
ORD007017,PROD0268,2,1593.82,0.15
ORD008797,PROD0297,1,359.44,0.15
ORD016631,PROD0044,1,2277.54,0.2
ORD017528,PROD0050,3,138.33,0.05
ORD014150,PROD0084,2,787.16,0.1
ORD001345,PROD0275,2,1740.08,0.15
ORD012239,PROD0276,2,1150.97,0.1
ORD013622,PROD0254,1,1021.7,0.1
ORD016002,PROD0202,4,1039.91,0.05
ORD004853,PROD0229,2,251.37,0.2
ORD009195,PROD0129,3,2715.49,0.1
ORD008304,PROD0207,1,4103.55,0.15
ORD001174,PROD0150,1,1469.35,0.05
ORD004896,PROD0176,3,890.34,0.0
ORD015862,PROD0130,5,1402.05,0.1
ORD005966,PROD0270,5,546.81,0.15
ORD003186,PROD0169,4,2484.01,0.05
ORD009554,PROD0228,4,1012.55,0.2
ORD001881,PROD0073,5,3798.83,0.05
ORD017828,PROD0269,5,528.68,0.1
ORD007415,PROD0132,1,1663.98,0.1
ORD005877,PROD0122,5,768.92,0.1
ORD000767,PROD0022,4,174.42,0.1
ORD012584,PROD0117,5,1622.14,0.15
ORD016609,PROD0253,3,3782.92,0.1
ORD014177,PROD0081,5,2207.21,0.15
ORD010593,PROD0074,4,701.79,0.2
ORD000396,PROD0148,2,2479.32,0.05
ORD005137,PROD0127,4,1166.2,0.2
ORD012337,PROD0222,5,803.44,0.2
ORD017701,PROD0073,1,3798.83,0.15
ORD004134,PROD0295,1,450.65,0.1
ORD017823,PROD0192,3,2094.72,0.0
ORD012700,PROD0122,1,768.92,0.15
ORD002590,PROD0150,5,1469.35,0.2
ORD017247,PROD0157,2,1342.68,0.05
ORD005063,PROD0065,2,298.49,0.0
ORD008463,PROD0022,1,174.42,0.1
ORD009646,PROD0089,5,390.25,0.1
ORD004610,PROD0078,1,1498.55,0.2
ORD010976,PROD0242,4,1251.99,0.0
ORD004341,PROD0004,3,1005.11,0.05
ORD011954,PROD0007,4,838.82,0.15
ORD003389,PROD0020,2,2005.81,0.1
ORD004339,PROD0073,4,3798.83,0.15
ORD004625,PROD0070,2,2065.33,0.1
ORD001027,PROD0225,3,670.12,0.0
ORD004816,PROD0159,3,2084.31,0.1
ORD001224,PROD0051,2,257.94,0.2
ORD015461,PROD0134,5,938.67,0.1
ORD011617,PROD0151,1,938.09,0.1
ORD001396,PROD0055,3,1758.65,0.15
ORD017228,PROD0097,3,2244.75,0.1
ORD005095,PROD0135,1,1098.25,0.15
ORD001378,PROD0033,3,726.59,0.05
ORD008604,PROD0164,3,1896.67,0.1
ORD006104,PROD0145,5,2107.82,0.15
ORD010513,PROD0069,4,6450.78,0.1
ORD007773,PROD0127,4,1166.2,0.05
ORD008368,PROD0121,1,1762.91,0.05
ORD006271,PROD0173,2,1893.36,0.15
ORD017381,PROD0174,1,1681.39,0.1
ORD004293,PROD0189,3,260.5,0.05
ORD000310,PROD0091,4,402.26,0.0
ORD004605,PROD0187,4,2575.23,0.05
ORD015561,PROD0292,2,526.18,0.15
ORD012378,PROD0002,4,1122.65,0.05
ORD004229,PROD0139,1,624.58,0.1
ORD002401,PROD0029,2,1224.14,0.05
ORD002856,PROD0242,5,1251.99,0.15
ORD010771,PROD0103,1,814.61,0.0
ORD002846,PROD0118,3,437.61,0.15
ORD005600,PROD0003,5,2931.9,0.05
ORD009892,PROD0274,4,356.93,0.05
ORD010313,PROD0109,4,315.2,0.2
ORD010448,PROD0250,2,468.3,0.0
ORD004909,PROD0021,5,2017.39,0.15
ORD009162,PROD0300,3,2550.36,0.2
ORD001385,PROD0162,4,377.71,0.2
ORD011226,PROD0042,1,5997.9,0.1
ORD008928,PROD0067,4,1836.4,0.05
ORD013867,PROD0056,2,1815.37,0.15
ORD008113,PROD0060,3,511.57,0.05
ORD009432,PROD0003,3,2931.9,0.05
ORD009717,PROD0171,4,619.82,0.05
ORD011621,PROD0137,5,445.2,0.0
ORD012844,PROD0214,5,285.7,0.05
ORD010845,PROD0221,5,861.75,0.2
ORD015016,PROD0077,3,372.07,0.05
ORD002857,PROD0196,1,624.67,0.05
ORD016299,PROD0051,3,257.94,0.15
ORD009917,PROD0030,3,1536.54,0.0
ORD001905,PROD0115,4,1198.13,0.15
ORD010969,PROD0173,4,1893.36,0.15
ORD003862,PROD0070,5,2065.33,0.0
ORD011316,PROD0038,3,1310.24,0.0
ORD009770,PROD0055,3,1758.65,0.1
ORD014871,PROD0145,2,2107.82,0.05
ORD002784,PROD0243,4,4498.92,0.05
ORD000894,PROD0133,2,737.29,0.05
ORD014367,PROD0140,3,4498.4,0.15
ORD013222,PROD0034,1,1106.13,0.0
ORD003936,PROD0189,2,260.5,0.15
ORD003264,PROD0003,4,2931.9,0.05
ORD010620,PROD0106,3,770.07,0.15
ORD014030,PROD0274,2,356.93,0.2
ORD011014,PROD0113,4,495.12,0.2
ORD001524,PROD0278,3,1418.31,0.2
ORD008584,PROD0187,3,2575.23,0.0
ORD007182,PROD0279,2,1760.62,0.2
ORD001374,PROD0285,2,1253.77,0.0
ORD016588,PROD0053,4,499.98,0.0
ORD003974,PROD0272,1,834.67,0.0
ORD006260,PROD0169,2,2484.01,0.0
ORD010893,PROD0059,4,3884.69,0.0
ORD016193,PROD0246,3,484.36,0.1
ORD009540,PROD0299,4,3528.34,0.0
ORD002979,PROD0153,2,192.77,0.05
ORD011040,PROD0154,5,611.42,0.05
ORD008793,PROD0192,2,2094.72,0.0
ORD014230,PROD0015,4,768.6,0.2
ORD007634,PROD0188,5,5555.06,0.05
ORD012832,PROD0225,2,670.12,0.0
ORD017660,PROD0136,1,4655.74,0.05
ORD014783,PROD0053,5,499.98,0.0
ORD005742,PROD0244,4,1140.3,0.15
ORD005987,PROD0070,5,2065.33,0.1
ORD016650,PROD0224,5,4037.97,0.0
ORD000675,PROD0119,4,1545.4,0.05
ORD006285,PROD0064,1,706.46,0.05
ORD008355,PROD0251,4,1056.88,0.15
ORD006627,PROD0131,5,719.35,0.2
ORD016722,PROD0247,4,1013.19,0.05
ORD012380,PROD0053,3,499.98,0.0
ORD014620,PROD0038,4,1310.24,0.1
ORD008742,PROD0182,1,1491.37,0.1
ORD000815,PROD0036,4,2265.4,0.1
ORD011952,PROD0032,3,1792.53,0.0
ORD014433,PROD0089,3,390.25,0.2
ORD017895,PROD0092,5,2466.2,0.05
ORD016655,PROD0094,4,1585.84,0.15
ORD015362,PROD0219,4,1088.5,0.0
ORD016034,PROD0215,1,496.9,0.0
ORD009784,PROD0020,4,2005.81,0.05
ORD006801,PROD0282,2,1059.41,0.0
ORD015359,PROD0099,3,550.57,0.0
ORD003027,PROD0019,1,2132.91,0.0
ORD017469,PROD0146,1,2912.21,0.0
ORD001725,PROD0112,5,3157.32,0.0
ORD003975,PROD0286,4,722.33,0.0
ORD017867,PROD0215,4,496.9,0.1
ORD009732,PROD0292,4,526.18,0.15
ORD014811,PROD0229,5,251.37,0.15
ORD017016,PROD0207,4,4103.55,0.2
ORD005518,PROD0042,4,5997.9,0.05
ORD010311,PROD0225,3,670.12,0.15
ORD013445,PROD0280,4,239.29,0.1
ORD002791,PROD0091,1,402.26,0.2
ORD008782,PROD0289,4,1376.41,0.1
ORD010375,PROD0198,2,1910.21,0.0
ORD004075,PROD0034,2,1106.13,0.15
ORD003812,PROD0265,2,709.86,0.0
ORD002419,PROD0205,3,315.35,0.05
ORD004824,PROD0035,2,914.62,0.1
ORD001700,PROD0034,2,1106.13,0.15
ORD008059,PROD0183,5,606.73,0.05
ORD000010,PROD0089,2,390.25,0.0
ORD008763,PROD0114,2,983.9,0.1
ORD004532,PROD0183,4,606.73,0.05
ORD012418,PROD0115,1,1198.13,0.1
ORD014326,PROD0168,1,1759.17,0.15
ORD005636,PROD0004,2,1005.11,0.05
ORD003516,PROD0196,4,624.67,0.0
ORD013886,PROD0172,2,3513.98,0.2
ORD008474,PROD0243,1,4498.92,0.05
ORD000807,PROD0214,2,285.7,0.2
ORD009343,PROD0133,2,737.29,0.15
ORD002463,PROD0012,1,2384.44,0.05
ORD013901,PROD0158,2,1130.19,0.05
ORD016203,PROD0129,5,2715.49,0.0
ORD006319,PROD0228,5,1012.55,0.15
ORD009480,PROD0090,5,1416.42,0.05
ORD013225,PROD0061,4,1808.63,0.0
ORD009053,PROD0155,1,383.07,0.15
ORD012061,PROD0131,5,719.35,0.15
ORD016074,PROD0252,4,1091.64,0.05
ORD015628,PROD0143,2,2026.75,0.05
ORD002289,PROD0126,4,648.87,0.1
ORD017223,PROD0130,5,1402.05,0.05
ORD003021,PROD0133,1,737.29,0.1
ORD012350,PROD0049,5,474.29,0.1
ORD017643,PROD0053,5,499.98,0.1
ORD011430,PROD0168,2,1759.17,0.1
ORD016800,PROD0044,5,2277.54,0.05
ORD017835,PROD0096,3,830.36,0.1
ORD011084,PROD0210,4,539.67,0.0
ORD002812,PROD0286,1,722.33,0.0
ORD006636,PROD0260,5,2453.91,0.1
ORD012712,PROD0218,4,852.15,0.05
ORD014737,PROD0189,2,260.5,0.0
ORD008980,PROD0037,4,1059.57,0.15
ORD016892,PROD0008,1,1428.37,0.0
ORD005445,PROD0106,2,770.07,0.1
ORD002402,PROD0160,1,2652.37,0.05
ORD010469,PROD0263,4,754.46,0.0
ORD015980,PROD0145,3,2107.82,0.1
ORD008804,PROD0118,3,437.61,0.1
ORD004711,PROD0295,2,450.65,0.05
ORD007807,PROD0101,4,3596.1,0.1
ORD014212,PROD0194,2,2044.13,0.15
ORD003857,PROD0116,4,435.35,0.1
ORD003511,PROD0229,5,251.37,0.0
ORD011977,PROD0115,5,1198.13,0.0
ORD012341,PROD0285,1,1253.77,0.0
ORD016596,PROD0285,1,1253.77,0.2
ORD003841,PROD0088,4,255.81,0.1
ORD006700,PROD0150,3,1469.35,0.1
ORD015876,PROD0053,1,499.98,0.1
ORD014582,PROD0023,3,529.99,0.05
ORD015292,PROD0231,1,1734.21,0.0
ORD002492,PROD0064,1,706.46,0.1
ORD004249,PROD0053,1,499.98,0.15
ORD008305,PROD0173,1,1893.36,0.1
ORD002048,PROD0214,4,285.7,0.1
ORD008425,PROD0010,2,1326.68,0.15
ORD014011,PROD0158,1,1130.19,0.1
ORD000346,PROD0291,4,859.37,0.1
ORD009247,PROD0093,1,2481.82,0.0
ORD013436,PROD0123,5,2787.07,0.1
ORD003794,PROD0075,3,993.75,0.05
ORD005908,PROD0196,5,624.67,0.0
ORD009958,PROD0265,3,709.86,0.2
ORD015801,PROD0218,5,852.15,0.05
ORD005432,PROD0092,1,2466.2,0.05
ORD004851,PROD0291,2,859.37,0.05
ORD016151,PROD0107,3,416.19,0.1
ORD017945,PROD0211,5,1092.8,0.05
ORD012364,PROD0086,2,1292.77,0.1
ORD010586,PROD0102,1,1726.73,0.1
ORD010775,PROD0298,2,392.05,0.05
ORD012592,PROD0231,1,1734.21,0.0
ORD008759,PROD0155,3,383.07,0.05
ORD007985,PROD0032,2,1792.53,0.1
ORD003002,PROD0255,5,2724.93,0.05
ORD016710,PROD0225,4,670.12,0.05
ORD003095,PROD0195,3,525.15,0.15
ORD010460,PROD0027,4,5305.88,0.05
ORD004755,PROD0288,5,1099.87,0.15
ORD009190,PROD0205,1,315.35,0.1
ORD015780,PROD0193,1,3394.61,0.0
ORD001347,PROD0022,3,174.42,0.05
ORD012083,PROD0178,5,1006.65,0.0
ORD004794,PROD0117,3,1622.14,0.1
ORD009446,PROD0154,1,611.42,0.15
ORD002182,PROD0013,5,2230.9,0.05
ORD005954,PROD0264,2,409.67,0.0
ORD014136,PROD0115,4,1198.13,0.1
ORD012002,PROD0114,3,983.9,0.0
ORD010012,PROD0223,4,1507.47,0.1
ORD008471,PROD0207,2,4103.55,0.05
ORD014275,PROD0057,1,1480.61,0.0
ORD012989,PROD0073,5,3798.83,0.1
ORD008117,PROD0112,2,3157.32,0.0
ORD011561,PROD0180,4,374.36,0.15
ORD010282,PROD0119,2,1545.4,0.0
ORD011803,PROD0174,1,1681.39,0.05
ORD006589,PROD0228,2,1012.55,0.05
ORD011082,PROD0038,2,1310.24,0.1
ORD001612,PROD0191,3,425.27,0.0
ORD014633,PROD0037,5,1059.57,0.05
ORD016945,PROD0235,5,1069.09,0.05
ORD000376,PROD0175,3,2260.04,0.1
ORD005948,PROD0092,5,2466.2,0.05
ORD015213,PROD0285,1,1253.77,0.0
ORD016147,PROD0271,4,1034.8,0.1
ORD010530,PROD0135,4,1098.25,0.15
ORD017752,PROD0227,2,663.99,0.05
ORD007551,PROD0022,5,174.42,0.0
ORD004306,PROD0288,3,1099.87,0.05
ORD010458,PROD0170,4,1486.76,0.1
ORD001745,PROD0001,4,2228.63,0.0
ORD003511,PROD0132,5,1663.98,0.15
ORD001140,PROD0123,2,2787.07,0.1
ORD002516,PROD0233,1,865.79,0.2
ORD007015,PROD0135,3,1098.25,0.1
ORD006203,PROD0192,1,2094.72,0.0
ORD011132,PROD0012,1,2384.44,0.05
ORD016859,PROD0132,4,1663.98,0.05
ORD001806,PROD0011,1,569.66,0.0
ORD000035,PROD0253,3,3782.92,0.0
ORD005013,PROD0082,4,835.72,0.05
ORD002767,PROD0237,3,1008.9,0.1
ORD005627,PROD0210,2,539.67,0.05
ORD009279,PROD0204,1,1064.24,0.05
ORD005102,PROD0273,4,1884.45,0.0
ORD005893,PROD0124,4,7033.68,0.05
ORD014789,PROD0279,3,1760.62,0.05
ORD014712,PROD0035,4,914.62,0.0
ORD003895,PROD0235,5,1069.09,0.2
ORD015153,PROD0040,3,5448.94,0.05
ORD000110,PROD0013,3,2230.9,0.15
ORD010283,PROD0026,2,926.18,0.2
ORD015150,PROD0115,5,1198.13,0.15
ORD009944,PROD0079,1,1557.75,0.05
ORD004244,PROD0198,2,1910.21,0.05
ORD013778,PROD0280,1,239.29,0.15
ORD010843,PROD0150,2,1469.35,0.1
ORD014902,PROD0288,1,1099.87,0.05
ORD005748,PROD0055,5,1758.65,0.1
ORD016423,PROD0150,4,1469.35,0.1
ORD012438,PROD0185,1,592.37,0.0
ORD011066,PROD0273,3,1884.45,0.1
ORD012463,PROD0116,3,435.35,0.1
ORD013554,PROD0001,1,2228.63,0.05
ORD008345,PROD0149,1,231.51,0.0
ORD005268,PROD0270,4,546.81,0.1
ORD005630,PROD0230,5,1187.41,0.0
ORD003448,PROD0120,3,3592.34,0.1
ORD014832,PROD0067,5,1836.4,0.1
ORD011532,PROD0092,3,2466.2,0.0
ORD012373,PROD0083,1,1558.0,0.1
ORD010547,PROD0148,4,2479.32,0.1
ORD009642,PROD0192,4,2094.72,0.1
ORD004432,PROD0009,2,419.4,0.05
ORD014475,PROD0287,5,1180.58,0.1
ORD004163,PROD0046,1,423.5,0.2
ORD005673,PROD0174,5,1681.39,0.0
ORD014771,PROD0288,2,1099.87,0.1
ORD015158,PROD0025,1,585.99,0.1
ORD009662,PROD0022,2,174.42,0.05
ORD009196,PROD0214,3,285.7,0.1
ORD011091,PROD0228,5,1012.55,0.15
ORD002239,PROD0125,2,1338.46,0.0
ORD015507,PROD0169,3,2484.01,0.05
ORD016484,PROD0262,2,1081.48,0.0
ORD007278,PROD0246,5,484.36,0.15
ORD009174,PROD0188,5,5555.06,0.2
ORD002716,PROD0013,2,2230.9,0.2
ORD003525,PROD0248,4,581.51,0.0
ORD008627,PROD0009,5,419.4,0.2
ORD005614,PROD0061,3,1808.63,0.05
ORD008251,PROD0081,2,2207.21,0.1
ORD004167,PROD0006,3,997.09,0.05
ORD001298,PROD0148,3,2479.32,0.15
ORD009540,PROD0245,3,258.37,0.05
ORD015136,PROD0250,5,468.3,0.0
ORD010633,PROD0136,2,4655.74,0.2
ORD009801,PROD0217,5,748.27,0.15
ORD012502,PROD0244,2,1140.3,0.0
ORD011591,PROD0262,2,1081.48,0.1
ORD008014,PROD0219,3,1088.5,0.15
ORD010772,PROD0287,4,1180.58,0.0
ORD011048,PROD0071,4,1519.69,0.2
ORD004476,PROD0100,1,1535.02,0.05
ORD005435,PROD0236,1,1243.22,0.05
ORD001981,PROD0094,5,1585.84,0.15
ORD015559,PROD0202,4,1039.91,0.1
ORD000869,PROD0035,3,914.62,0.0
ORD002185,PROD0286,1,722.33,0.0
ORD011039,PROD0178,5,1006.65,0.15
ORD005832,PROD0073,4,3798.83,0.0
ORD004070,PROD0098,3,1788.67,0.2
ORD001458,PROD0259,3,272.42,0.15
ORD002527,PROD0005,3,5350.44,0.0
ORD001516,PROD0089,4,390.25,0.15
ORD010124,PROD0293,1,1136.47,0.0
ORD016889,PROD0012,4,2384.44,0.0
ORD002437,PROD0258,1,814.14,0.0
ORD017689,PROD0123,1,2787.07,0.0
ORD003559,PROD0249,4,4012.64,0.15
ORD009962,PROD0185,2,592.37,0.1
ORD013298,PROD0284,4,1551.66,0.1
ORD005727,PROD0299,1,3528.34,0.1
ORD015767,PROD0135,5,1098.25,0.2
ORD012254,PROD0238,5,1179.28,0.1
ORD012343,PROD0261,5,1950.36,0.05
ORD005187,PROD0041,4,566.23,0.1
ORD000510,PROD0187,1,2575.23,0.1
ORD013833,PROD0208,2,1605.39,0.05
ORD003138,PROD0095,1,853.11,0.05
ORD015942,PROD0061,4,1808.63,0.0
ORD002312,PROD0067,2,1836.4,0.05
ORD008605,PROD0054,4,1149.11,0.2
ORD014826,PROD0227,5,663.99,0.05
ORD006478,PROD0156,2,1302.29,0.05
ORD002566,PROD0058,2,5552.05,0.1
ORD000076,PROD0271,2,1034.8,0.0
ORD002467,PROD0251,5,1056.88,0.2
ORD005275,PROD0275,2,1740.08,0.1
ORD012557,PROD0288,4,1099.87,0.15
ORD006086,PROD0103,4,814.61,0.1
ORD011877,PROD0225,1,670.12,0.05
ORD013756,PROD0080,3,1973.58,0.15
ORD005870,PROD0174,5,1681.39,0.1
ORD007633,PROD0285,2,1253.77,0.2
ORD015917,PROD0091,5,402.26,0.0
ORD001653,PROD0258,5,814.14,0.1
ORD006292,PROD0097,2,2244.75,0.05
ORD016347,PROD0052,3,1103.19,0.05
ORD012192,PROD0191,4,425.27,0.05
ORD002612,PROD0212,5,936.47,0.0
ORD002266,PROD0139,2,624.58,0.15
ORD005006,PROD0067,2,1836.4,0.05
ORD008291,PROD0249,5,4012.64,0.0
ORD006434,PROD0177,4,1733.37,0.05
ORD013342,PROD0164,4,1896.67,0.1
ORD008212,PROD0153,3,192.77,0.1
ORD017570,PROD0238,5,1179.28,0.1
ORD007932,PROD0213,2,475.42,0.0
ORD010373,PROD0092,4,2466.2,0.1
ORD016396,PROD0266,5,1066.97,0.1
ORD002147,PROD0132,3,1663.98,0.1
ORD017997,PROD0282,4,1059.41,0.2
ORD013134,PROD0023,2,529.99,0.2
ORD002618,PROD0196,2,624.67,0.0
ORD010508,PROD0258,4,814.14,0.1
ORD005028,PROD0244,1,1140.3,0.05
ORD008358,PROD0009,4,419.4,0.05
ORD012342,PROD0201,3,1107.62,0.1
ORD012370,PROD0077,5,372.07,0.0
ORD003358,PROD0042,5,5997.9,0.05
ORD009369,PROD0153,2,192.77,0.1
ORD002340,PROD0138,4,2041.26,0.15
ORD012367,PROD0133,3,737.29,0.1
ORD001504,PROD0077,4,372.07,0.05
ORD013306,PROD0091,4,402.26,0.1
ORD004711,PROD0141,1,526.7,0.0
ORD007594,PROD0033,4,726.59,0.0
ORD009853,PROD0109,4,315.2,0.1
ORD011421,PROD0061,3,1808.63,0.0
ORD005966,PROD0101,2,3596.1,0.15
ORD005419,PROD0050,5,138.33,0.05
ORD016559,PROD0275,5,1740.08,0.15
ORD007409,PROD0006,1,997.09,0.05
ORD014678,PROD0089,5,390.25,0.05
ORD000160,PROD0260,4,2453.91,0.2
ORD003271,PROD0025,3,585.99,0.0
ORD005331,PROD0275,4,1740.08,0.05
ORD004671,PROD0010,4,1326.68,0.1
ORD003449,PROD0018,4,1106.42,0.1
ORD003566,PROD0115,3,1198.13,0.05
ORD007910,PROD0110,1,2045.64,0.1
ORD011503,PROD0259,2,272.42,0.05
ORD010492,PROD0037,2,1059.57,0.05
ORD011424,PROD0067,2,1836.4,0.1
ORD016507,PROD0281,5,5213.75,0.0
ORD010336,PROD0244,3,1140.3,0.15
ORD008111,PROD0222,3,803.44,0.15
ORD015073,PROD0249,3,4012.64,0.05
ORD017495,PROD0272,2,834.67,0.0
ORD012952,PROD0079,4,1557.75,0.05
ORD003896,PROD0285,4,1253.77,0.1
ORD014755,PROD0187,3,2575.23,0.15
ORD017003,PROD0153,2,192.77,0.05
ORD000583,PROD0015,3,768.6,0.0
ORD014104,PROD0097,2,2244.75,0.1
ORD009719,PROD0287,4,1180.58,0.2
ORD017650,PROD0051,5,257.94,0.15
ORD007539,PROD0131,4,719.35,0.15
ORD013025,PROD0206,5,512.36,0.2
ORD002315,PROD0129,1,2715.49,0.05
ORD003298,PROD0186,2,324.33,0.15
ORD011224,PROD0162,1,377.71,0.0
ORD006063,PROD0286,2,722.33,0.05
ORD014982,PROD0198,3,1910.21,0.15
ORD017459,PROD0074,2,701.79,0.0
ORD005514,PROD0113,5,495.12,0.1
ORD012791,PROD0268,1,1593.82,0.1
ORD011845,PROD0261,2,1950.36,0.1
ORD001015,PROD0279,3,1760.62,0.0
ORD006206,PROD0128,4,414.27,0.1
ORD006794,PROD0166,2,655.43,0.1
ORD013616,PROD0219,4,1088.5,0.05
ORD014234,PROD0005,1,5350.44,0.0
ORD013513,PROD0138,1,2041.26,0.0
ORD015100,PROD0053,1,499.98,0.2
ORD015424,PROD0191,4,425.27,0.0
ORD011720,PROD0148,5,2479.32,0.05
ORD009299,PROD0218,1,852.15,0.0
ORD007249,PROD0103,3,814.61,0.05
ORD007669,PROD0124,1,7033.68,0.2
ORD013985,PROD0012,3,2384.44,0.05
ORD007402,PROD0210,5,539.67,0.05
ORD003867,PROD0053,3,499.98,0.15
ORD007639,PROD0156,2,1302.29,0.0
ORD002614,PROD0163,4,703.11,0.05
ORD013736,PROD0197,5,774.0,0.1
ORD016714,PROD0072,1,4756.76,0.1
ORD013258,PROD0087,2,2381.84,0.15
ORD004104,PROD0123,3,2787.07,0.0
ORD008729,PROD0126,2,648.87,0.05
ORD012210,PROD0087,2,2381.84,0.2
ORD002563,PROD0272,5,834.67,0.05
ORD001532,PROD0099,2,550.57,0.0
ORD000150,PROD0249,5,4012.64,0.2
ORD000601,PROD0155,1,383.07,0.2
ORD010102,PROD0211,2,1092.8,0.15
ORD009459,PROD0132,1,1663.98,0.0
ORD005905,PROD0170,5,1486.76,0.0
ORD015314,PROD0235,4,1069.09,0.0
ORD009404,PROD0026,1,926.18,0.05
ORD006950,PROD0197,5,774.0,0.2
ORD010419,PROD0289,3,1376.41,0.05
ORD016202,PROD0262,2,1081.48,0.2
ORD008173,PROD0058,4,5552.05,0.05
ORD002560,PROD0242,3,1251.99,0.0
ORD011867,PROD0159,2,2084.31,0.0
ORD002523,PROD0090,1,1416.42,0.1
ORD016000,PROD0240,5,1736.87,0.05
ORD001009,PROD0168,5,1759.17,0.15
ORD015420,PROD0001,3,2228.63,0.1
ORD000921,PROD0267,4,1411.95,0.05
ORD009484,PROD0009,4,419.4,0.1
ORD016627,PROD0136,5,4655.74,0.1
ORD011149,PROD0136,1,4655.74,0.0
ORD000592,PROD0021,3,2017.39,0.1
ORD016703,PROD0005,3,5350.44,0.0
ORD006035,PROD0047,5,743.87,0.05
ORD007058,PROD0054,5,1149.11,0.1
ORD004740,PROD0050,1,138.33,0.15
ORD009665,PROD0172,3,3513.98,0.1
ORD004795,PROD0223,3,1507.47,0.1
ORD001826,PROD0244,4,1140.3,0.05
ORD004327,PROD0130,4,1402.05,0.1
ORD011961,PROD0167,1,2511.68,0.1
ORD000336,PROD0147,3,1277.67,0.0
ORD012532,PROD0268,1,1593.82,0.15
ORD007194,PROD0009,5,419.4,0.05
ORD008091,PROD0047,2,743.87,0.0
ORD010846,PROD0182,4,1491.37,0.1
ORD001319,PROD0221,3,861.75,0.1
ORD012825,PROD0093,4,2481.82,0.1
ORD011862,PROD0217,5,748.27,0.05
ORD014953,PROD0223,2,1507.47,0.1
ORD006426,PROD0051,5,257.94,0.1
ORD001234,PROD0282,4,1059.41,0.1
ORD004555,PROD0090,3,1416.42,0.1
ORD003108,PROD0100,5,1535.02,0.1
ORD017020,PROD0143,3,2026.75,0.0
ORD008407,PROD0088,5,255.81,0.0
ORD016083,PROD0279,3,1760.62,0.0
ORD006647,PROD0175,1,2260.04,0.1
ORD014735,PROD0179,3,608.27,0.15
ORD011139,PROD0159,2,2084.31,0.0
ORD012414,PROD0286,4,722.33,0.05
ORD010948,PROD0228,1,1012.55,0.1
ORD016566,PROD0113,5,495.12,0.15
ORD006762,PROD0045,5,1204.82,0.0
ORD003678,PROD0013,4,2230.9,0.1
ORD000906,PROD0030,4,1536.54,0.05
ORD012070,PROD0124,1,7033.68,0.0
ORD015117,PROD0076,1,1911.33,0.15
ORD017464,PROD0170,2,1486.76,0.1
ORD003657,PROD0239,1,3878.85,0.0
ORD012899,PROD0278,5,1418.31,0.15
ORD005752,PROD0022,2,174.42,0.2
ORD004104,PROD0065,4,298.49,0.0
ORD006560,PROD0150,3,1469.35,0.1
ORD003089,PROD0008,1,1428.37,0.0
ORD008294,PROD0145,3,2107.82,0.05
ORD005542,PROD0176,2,890.34,0.0
ORD006695,PROD0229,4,251.37,0.15
ORD013907,PROD0283,4,1585.65,0.0
ORD009299,PROD0063,1,453.52,0.15
ORD017677,PROD0270,5,546.81,0.0
ORD000933,PROD0226,1,322.28,0.1
ORD015915,PROD0298,1,392.05,0.1
ORD013201,PROD0216,3,2535.43,0.1
ORD012668,PROD0149,3,231.51,0.0
ORD016836,PROD0281,4,5213.75,0.2
ORD011993,PROD0032,4,1792.53,0.15
ORD010329,PROD0226,5,322.28,0.05
ORD013855,PROD0254,2,1021.7,0.1
ORD014236,PROD0001,3,2228.63,0.05
ORD003761,PROD0017,2,5213.81,0.05
ORD007184,PROD0086,1,1292.77,0.15
ORD003229,PROD0166,1,655.43,0.1
ORD006548,PROD0041,4,566.23,0.05
ORD013637,PROD0267,4,1411.95,0.15
ORD013365,PROD0224,5,4037.97,0.1
ORD008342,PROD0056,2,1815.37,0.2
ORD017371,PROD0065,3,298.49,0.15
ORD009749,PROD0173,5,1893.36,0.0
ORD012976,PROD0012,1,2384.44,0.2
ORD004445,PROD0116,4,435.35,0.1
ORD006783,PROD0188,1,5555.06,0.0
ORD000389,PROD0188,1,5555.06,0.05
ORD004421,PROD0263,1,754.46,0.1
ORD013508,PROD0083,5,1558.0,0.0
ORD010812,PROD0006,5,997.09,0.05
ORD016777,PROD0035,3,914.62,0.1
ORD004027,PROD0257,4,994.46,0.0
ORD005848,PROD0040,4,5448.94,0.0
ORD017231,PROD0168,3,1759.17,0.15
ORD006948,PROD0109,2,315.2,0.1
ORD003691,PROD0281,2,5213.75,0.1
ORD004391,PROD0056,4,1815.37,0.1
ORD013884,PROD0257,5,994.46,0.1
ORD011308,PROD0151,5,938.09,0.0
ORD001766,PROD0128,5,414.27,0.05
ORD002525,PROD0135,2,1098.25,0.05
ORD017547,PROD0285,4,1253.77,0.2
ORD006726,PROD0102,3,1726.73,0.05
ORD017804,PROD0100,2,1535.02,0.15
ORD016402,PROD0265,2,709.86,0.05
ORD016369,PROD0020,1,2005.81,0.1
ORD017681,PROD0084,4,787.16,0.05
ORD017429,PROD0094,1,1585.84,0.0
ORD016415,PROD0047,1,743.87,0.15
ORD014936,PROD0058,5,5552.05,0.1
ORD000845,PROD0197,2,774.0,0.05
ORD011116,PROD0111,2,843.13,0.1
ORD000845,PROD0274,2,356.93,0.2
ORD006203,PROD0262,1,1081.48,0.15
ORD013146,PROD0199,5,919.06,0.0
ORD012154,PROD0003,4,2931.9,0.1
ORD007900,PROD0180,5,374.36,0.0
ORD014075,PROD0061,1,1808.63,0.05
ORD013737,PROD0204,2,1064.24,0.1
ORD005869,PROD0289,1,1376.41,0.0
ORD017698,PROD0216,5,2535.43,0.15
ORD014212,PROD0276,4,1150.97,0.05
ORD014186,PROD0218,2,852.15,0.0
ORD008697,PROD0196,3,624.67,0.0
ORD017178,PROD0095,3,853.11,0.0
ORD005879,PROD0217,5,748.27,0.1
ORD001755,PROD0158,4,1130.19,0.15
ORD011477,PROD0113,4,495.12,0.1
ORD012349,PROD0159,2,2084.31,0.05
ORD005017,PROD0142,4,536.55,0.05
ORD017408,PROD0078,4,1498.55,0.05
ORD008475,PROD0211,3,1092.8,0.2
ORD017222,PROD0230,5,1187.41,0.05
ORD010918,PROD0184,3,734.18,0.05
ORD004826,PROD0014,3,596.75,0.0
ORD013561,PROD0029,1,1224.14,0.1
ORD006890,PROD0006,5,997.09,0.05
ORD008730,PROD0152,3,3664.43,0.1
ORD005778,PROD0028,4,740.62,0.1
ORD006207,PROD0102,4,1726.73,0.2
ORD009036,PROD0166,1,655.43,0.1
ORD004731,PROD0032,3,1792.53,0.05
ORD003342,PROD0243,3,4498.92,0.2
ORD008389,PROD0182,2,1491.37,0.15
ORD013470,PROD0201,5,1107.62,0.1
ORD002014,PROD0170,5,1486.76,0.05
ORD009359,PROD0178,4,1006.65,0.0
ORD001081,PROD0186,1,324.33,0.15
ORD005444,PROD0226,5,322.28,0.1
ORD008729,PROD0293,2,1136.47,0.05
ORD006737,PROD0023,1,529.99,0.0
ORD013585,PROD0091,2,402.26,0.2
ORD009566,PROD0218,4,852.15,0.0
ORD013742,PROD0287,1,1180.58,0.0
ORD012450,PROD0044,1,2277.54,0.15
ORD015463,PROD0184,3,734.18,0.05
ORD006064,PROD0227,3,663.99,0.05
ORD002997,PROD0034,1,1106.13,0.1
ORD005068,PROD0116,2,435.35,0.0
ORD009887,PROD0193,2,3394.61,0.15
ORD013161,PROD0142,2,536.55,0.05
ORD013827,PROD0010,1,1326.68,0.1
ORD013916,PROD0078,3,1498.55,0.0
ORD014420,PROD0063,5,453.52,0.1
ORD009268,PROD0056,3,1815.37,0.15
ORD012271,PROD0127,4,1166.2,0.0
ORD002438,PROD0069,3,6450.78,0.2
ORD016643,PROD0068,2,2579.6,0.1
ORD013401,PROD0016,4,2382.58,0.0
ORD005831,PROD0080,3,1973.58,0.05
ORD016759,PROD0267,5,1411.95,0.1
ORD006779,PROD0196,1,624.67,0.0
ORD001096,PROD0300,2,2550.36,0.1
ORD011071,PROD0233,1,865.79,0.0
ORD005072,PROD0198,4,1910.21,0.1
ORD014322,PROD0092,4,2466.2,0.0
ORD016651,PROD0234,1,1884.98,0.1
ORD016283,PROD0230,4,1187.41,0.05
ORD015246,PROD0287,3,1180.58,0.15
ORD008727,PROD0229,1,251.37,0.1
ORD008742,PROD0228,4,1012.55,0.15
ORD012607,PROD0203,3,1208.94,0.05
ORD004734,PROD0080,3,1973.58,0.0
ORD017352,PROD0168,2,1759.17,0.0
ORD014602,PROD0288,2,1099.87,0.2
ORD008278,PROD0012,4,2384.44,0.2
ORD008312,PROD0032,1,1792.53,0.0
ORD009085,PROD0158,5,1130.19,0.05
ORD014285,PROD0291,1,859.37,0.0
ORD016269,PROD0046,5,423.5,0.1
ORD017241,PROD0275,1,1740.08,0.0
ORD014066,PROD0065,2,298.49,0.05
ORD012519,PROD0125,2,1338.46,0.1
ORD004265,PROD0111,1,843.13,0.1
ORD017722,PROD0273,2,1884.45,0.15
ORD006703,PROD0154,4,611.42,0.0
ORD004084,PROD0180,2,374.36,0.15
ORD003152,PROD0028,1,740.62,0.05
ORD016307,PROD0055,3,1758.65,0.05
ORD007784,PROD0279,1,1760.62,0.15
ORD014191,PROD0090,4,1416.42,0.1
ORD016213,PROD0262,4,1081.48,0.0
ORD009274,PROD0055,2,1758.65,0.2
ORD000091,PROD0172,4,3513.98,0.05
ORD014436,PROD0010,2,1326.68,0.1
ORD003553,PROD0167,4,2511.68,0.2
ORD000065,PROD0121,5,1762.91,0.05
ORD004992,PROD0186,5,324.33,0.2
ORD009687,PROD0026,1,926.18,0.1
ORD014062,PROD0075,2,993.75,0.0
ORD005865,PROD0019,3,2132.91,0.0
ORD006869,PROD0130,4,1402.05,0.1
ORD006352,PROD0153,5,192.77,0.15
ORD004575,PROD0130,2,1402.05,0.05
ORD016492,PROD0067,3,1836.4,0.1
ORD013408,PROD0215,3,496.9,0.05
ORD016685,PROD0050,1,138.33,0.0
ORD015723,PROD0063,2,453.52,0.1
ORD017940,PROD0098,1,1788.67,0.1
ORD002373,PROD0298,5,392.05,0.15
ORD000150,PROD0108,3,1195.6,0.1
ORD003297,PROD0191,4,425.27,0.2
ORD007856,PROD0077,5,372.07,0.2
ORD009645,PROD0289,2,1376.41,0.2
ORD003219,PROD0006,5,997.09,0.05
ORD006750,PROD0014,3,596.75,0.0
ORD001526,PROD0230,3,1187.41,0.2
ORD003177,PROD0200,4,1906.63,0.1
ORD010538,PROD0097,2,2244.75,0.0
ORD011238,PROD0123,3,2787.07,0.0
ORD002381,PROD0102,1,1726.73,0.1
ORD004956,PROD0184,3,734.18,0.15
ORD009515,PROD0078,4,1498.55,0.0
ORD007685,PROD0109,3,315.2,0.0
ORD000087,PROD0228,2,1012.55,0.1
ORD004574,PROD0260,3,2453.91,0.1
ORD007935,PROD0081,5,2207.21,0.1
ORD003994,PROD0273,1,1884.45,0.1
ORD003333,PROD0289,4,1376.41,0.15
ORD017540,PROD0054,5,1149.11,0.15
ORD003007,PROD0285,2,1253.77,0.05
ORD006972,PROD0139,5,624.58,0.1
ORD015190,PROD0171,4,619.82,0.1
ORD005731,PROD0033,2,726.59,0.05
ORD001424,PROD0035,1,914.62,0.15
ORD009840,PROD0173,3,1893.36,0.0
ORD007055,PROD0086,3,1292.77,0.15
ORD003094,PROD0232,3,480.05,0.0
ORD009989,PROD0210,3,539.67,0.0
ORD003467,PROD0260,3,2453.91,0.15
ORD017537,PROD0283,1,1585.65,0.1
ORD015248,PROD0062,3,1731.8,0.0
ORD017906,PROD0120,2,3592.34,0.15
ORD004181,PROD0276,3,1150.97,0.0
ORD000561,PROD0245,3,258.37,0.15
ORD004290,PROD0017,4,5213.81,0.1
ORD015022,PROD0293,5,1136.47,0.0
ORD001754,PROD0167,2,2511.68,0.0
ORD006767,PROD0210,1,539.67,0.15
ORD003336,PROD0124,2,7033.68,0.0
ORD010950,PROD0016,1,2382.58,0.2
ORD010220,PROD0145,4,2107.82,0.05
ORD011452,PROD0273,3,1884.45,0.0
ORD004338,PROD0286,5,722.33,0.0
ORD017421,PROD0192,2,2094.72,0.2
ORD003091,PROD0111,2,843.13,0.0
ORD008400,PROD0042,2,5997.9,0.15
ORD005556,PROD0162,5,377.71,0.1
ORD003908,PROD0060,4,511.57,0.05
ORD005429,PROD0154,4,611.42,0.2
ORD010190,PROD0163,3,703.11,0.1
ORD017569,PROD0199,2,919.06,0.0
ORD015765,PROD0292,4,526.18,0.0
ORD006295,PROD0121,4,1762.91,0.1
ORD009539,PROD0070,1,2065.33,0.05
ORD013558,PROD0273,2,1884.45,0.2
ORD017963,PROD0041,4,566.23,0.1
ORD006922,PROD0275,2,1740.08,0.15
ORD000336,PROD0115,1,1198.13,0.1
ORD013146,PROD0090,5,1416.42,0.1
ORD016969,PROD0190,3,1494.94,0.05
ORD016789,PROD0043,5,950.69,0.0
ORD016183,PROD0096,4,830.36,0.0
ORD002001,PROD0217,4,748.27,0.0
ORD013840,PROD0160,2,2652.37,0.15
ORD017130,PROD0186,4,324.33,0.1
ORD008755,PROD0280,5,239.29,0.0
ORD016690,PROD0190,1,1494.94,0.0
ORD014108,PROD0048,4,2692.11,0.15
ORD000867,PROD0111,5,843.13,0.0
ORD015042,PROD0232,3,480.05,0.05
ORD006359,PROD0033,3,726.59,0.0
ORD013030,PROD0293,1,1136.47,0.15
ORD004393,PROD0296,3,605.83,0.05
ORD014449,PROD0181,5,218.55,0.15
ORD014833,PROD0118,1,437.61,0.05
ORD008930,PROD0212,5,936.47,0.1
ORD000052,PROD0235,4,1069.09,0.1
ORD016705,PROD0037,3,1059.57,0.15
ORD012897,PROD0061,3,1808.63,0.2
ORD001215,PROD0099,4,550.57,0.0
ORD003226,PROD0229,4,251.37,0.0
ORD016209,PROD0091,5,402.26,0.2
ORD015978,PROD0286,5,722.33,0.0
ORD005675,PROD0146,3,2912.21,0.15
ORD005357,PROD0201,1,1107.62,0.0
ORD013510,PROD0005,1,5350.44,0.05
ORD000780,PROD0274,3,356.93,0.1
ORD008934,PROD0193,4,3394.61,0.0
ORD002072,PROD0212,4,936.47,0.0
ORD000138,PROD0062,1,1731.8,0.05
ORD007465,PROD0230,5,1187.41,0.15
ORD004516,PROD0126,2,648.87,0.0
ORD003580,PROD0149,4,231.51,0.0
ORD015777,PROD0071,5,1519.69,0.1
ORD017065,PROD0079,1,1557.75,0.05
ORD002084,PROD0261,1,1950.36,0.2
ORD002900,PROD0112,5,3157.32,0.1
ORD000283,PROD0006,5,997.09,0.2
ORD012826,PROD0112,5,3157.32,0.1
ORD001062,PROD0254,5,1021.7,0.15
ORD003614,PROD0257,1,994.46,0.05
ORD014412,PROD0166,1,655.43,0.1
ORD008863,PROD0133,4,737.29,0.2
ORD003229,PROD0138,3,2041.26,0.05
ORD016460,PROD0176,2,890.34,0.1
ORD010904,PROD0060,1,511.57,0.1
ORD017906,PROD0170,2,1486.76,0.1
ORD012728,PROD0073,1,3798.83,0.05
ORD015882,PROD0027,1,5305.88,0.05
ORD016608,PROD0201,5,1107.62,0.05
ORD006056,PROD0150,3,1469.35,0.15
ORD016114,PROD0294,3,608.79,0.15
ORD002215,PROD0080,1,1973.58,0.1
ORD014163,PROD0160,5,2652.37,0.05
ORD010310,PROD0057,4,1480.61,0.15
ORD011070,PROD0283,3,1585.65,0.15
ORD014567,PROD0200,4,1906.63,0.05
ORD005596,PROD0023,3,529.99,0.15
ORD012049,PROD0086,4,1292.77,0.15
ORD007505,PROD0248,5,581.51,0.0
ORD005482,PROD0234,1,1884.98,0.1
ORD000394,PROD0058,5,5552.05,0.1
ORD003171,PROD0262,5,1081.48,0.15
ORD013390,PROD0259,1,272.42,0.05
ORD004734,PROD0063,1,453.52,0.2
ORD000754,PROD0112,2,3157.32,0.05
ORD015659,PROD0077,5,372.07,0.1
ORD005218,PROD0036,4,2265.4,0.1
ORD011279,PROD0101,3,3596.1,0.15
ORD006340,PROD0031,1,2790.09,0.1
ORD011000,PROD0132,1,1663.98,0.1
ORD005852,PROD0277,5,668.68,0.0
ORD015722,PROD0143,1,2026.75,0.1
ORD016329,PROD0276,3,1150.97,0.0
ORD016402,PROD0220,3,1249.15,0.2
ORD002461,PROD0006,5,997.09,0.15
ORD002027,PROD0243,3,4498.92,0.05
ORD014765,PROD0165,3,1341.44,0.15
ORD005183,PROD0003,4,2931.9,0.0
ORD002063,PROD0110,3,2045.64,0.15
ORD008994,PROD0215,5,496.9,0.0
ORD014800,PROD0131,1,719.35,0.2
ORD006454,PROD0288,5,1099.87,0.0
ORD008335,PROD0164,3,1896.67,0.2
ORD015556,PROD0130,5,1402.05,0.1
ORD007772,PROD0081,2,2207.21,0.05
ORD007535,PROD0163,1,703.11,0.2
ORD008645,PROD0169,3,2484.01,0.15
ORD005935,PROD0025,4,585.99,0.1
ORD011814,PROD0101,3,3596.1,0.15
ORD016074,PROD0058,2,5552.05,0.2
ORD011066,PROD0223,5,1507.47,0.15
ORD003579,PROD0017,3,5213.81,0.0
ORD005942,PROD0185,4,592.37,0.1
ORD014922,PROD0046,3,423.5,0.15
ORD005862,PROD0123,1,2787.07,0.05
ORD008314,PROD0007,3,838.82,0.0
ORD005865,PROD0022,4,174.42,0.2
ORD016373,PROD0213,5,475.42,0.2
ORD001867,PROD0210,5,539.67,0.05
ORD005885,PROD0057,1,1480.61,0.1
ORD014788,PROD0121,5,1762.91,0.05
ORD002294,PROD0008,3,1428.37,0.15
ORD010642,PROD0135,5,1098.25,0.05
ORD009493,PROD0221,5,861.75,0.05
ORD014398,PROD0215,4,496.9,0.2
ORD000899,PROD0011,5,569.66,0.1
ORD010623,PROD0026,3,926.18,0.1
ORD017453,PROD0265,4,709.86,0.1
ORD010838,PROD0001,2,2228.63,0.1
ORD011201,PROD0029,5,1224.14,0.05
ORD000148,PROD0298,5,392.05,0.1
ORD009401,PROD0147,4,1277.67,0.05
ORD002361,PROD0143,3,2026.75,0.1
ORD014558,PROD0207,2,4103.55,0.1
ORD009103,PROD0231,2,1734.21,0.05
ORD001719,PROD0168,5,1759.17,0.05
ORD013760,PROD0176,4,890.34,0.05
ORD006254,PROD0151,5,938.09,0.05
ORD011789,PROD0282,1,1059.41,0.15
ORD007105,PROD0286,5,722.33,0.05
ORD014442,PROD0217,1,748.27,0.2
ORD017284,PROD0206,1,512.36,0.0
ORD000787,PROD0111,4,843.13,0.05
ORD008749,PROD0245,1,258.37,0.0
ORD005969,PROD0117,2,1622.14,0.05
ORD001079,PROD0093,2,2481.82,0.2
ORD015037,PROD0054,3,1149.11,0.05
ORD008913,PROD0064,4,706.46,0.15
ORD017033,PROD0077,1,372.07,0.1
ORD003240,PROD0297,5,359.44,0.0
ORD002102,PROD0206,4,512.36,0.2
ORD017999,PROD0255,1,2724.93,0.2
ORD015847,PROD0165,1,1341.44,0.2
ORD007480,PROD0222,2,803.44,0.1
ORD013475,PROD0230,4,1187.41,0.0
ORD006618,PROD0170,1,1486.76,0.1
ORD005069,PROD0064,3,706.46,0.1
ORD001594,PROD0196,4,624.67,0.0
ORD005637,PROD0273,4,1884.45,0.1
ORD003095,PROD0133,1,737.29,0.0
ORD017497,PROD0285,4,1253.77,0.15
ORD013625,PROD0155,2,383.07,0.1
ORD015587,PROD0047,2,743.87,0.1
ORD016038,PROD0248,5,581.51,0.2
ORD003998,PROD0296,2,605.83,0.15
ORD002412,PROD0263,5,754.46,0.0
ORD014689,PROD0157,5,1342.68,0.2
ORD003917,PROD0287,1,1180.58,0.0
ORD008020,PROD0125,5,1338.46,0.0
ORD002108,PROD0298,1,392.05,0.15
ORD014749,PROD0016,5,2382.58,0.0
ORD010986,PROD0015,3,768.6,0.05
ORD008093,PROD0128,5,414.27,0.05
ORD002392,PROD0160,4,2652.37,0.05
ORD003515,PROD0219,1,1088.5,0.1
ORD004641,PROD0268,2,1593.82,0.0
ORD002249,PROD0270,3,546.81,0.0
ORD009813,PROD0107,3,416.19,0.1
ORD004294,PROD0072,2,4756.76,0.05
ORD001298,PROD0267,5,1411.95,0.05
ORD010314,PROD0019,5,2132.91,0.2
ORD009294,PROD0007,1,838.82,0.1
ORD004282,PROD0144,2,1097.89,0.0
ORD003644,PROD0218,3,852.15,0.15
ORD017468,PROD0136,1,4655.74,0.1
ORD014671,PROD0142,5,536.55,0.0
ORD009277,PROD0084,2,787.16,0.0
ORD009386,PROD0115,1,1198.13,0.2
ORD004851,PROD0140,5,4498.4,0.15
ORD006109,PROD0095,4,853.11,0.1
ORD006871,PROD0215,1,496.9,0.0
ORD016022,PROD0039,5,748.33,0.1
ORD012943,PROD0118,5,437.61,0.1
ORD017324,PROD0275,3,1740.08,0.05
ORD017062,PROD0295,4,450.65,0.2
ORD008990,PROD0106,1,770.07,0.1
ORD002627,PROD0043,2,950.69,0.2
ORD009433,PROD0183,1,606.73,0.1
ORD011080,PROD0207,3,4103.55,0.15
ORD010444,PROD0010,2,1326.68,0.1
ORD013530,PROD0146,3,2912.21,0.1
ORD007886,PROD0199,2,919.06,0.05
ORD012980,PROD0048,2,2692.11,0.1
ORD003737,PROD0210,3,539.67,0.05
ORD000862,PROD0141,3,526.7,0.0
ORD012362,PROD0106,1,770.07,0.05
ORD017405,PROD0206,3,512.36,0.2
ORD009749,PROD0189,5,260.5,0.05
ORD005186,PROD0070,4,2065.33,0.0
ORD016610,PROD0291,3,859.37,0.15
ORD016516,PROD0234,1,1884.98,0.0
ORD006974,PROD0196,2,624.67,0.05
ORD010793,PROD0195,3,525.15,0.05
ORD013105,PROD0057,3,1480.61,0.1
ORD007384,PROD0286,4,722.33,0.15
ORD010441,PROD0267,2,1411.95,0.0
ORD002473,PROD0294,2,608.79,0.0
ORD017705,PROD0164,4,1896.67,0.05
ORD005994,PROD0198,2,1910.21,0.1
ORD004158,PROD0221,5,861.75,0.05
ORD007549,PROD0256,1,895.23,0.05
ORD007328,PROD0214,5,285.7,0.1
ORD008965,PROD0265,5,709.86,0.05
ORD002670,PROD0118,3,437.61,0.05
ORD001413,PROD0020,3,2005.81,0.05
ORD012930,PROD0201,3,1107.62,0.05
ORD003094,PROD0164,5,1896.67,0.2
ORD010054,PROD0051,2,257.94,0.1
ORD009980,PROD0024,5,3557.69,0.05
ORD004604,PROD0116,1,435.35,0.0
ORD010400,PROD0246,3,484.36,0.05
ORD000631,PROD0122,4,768.92,0.0
ORD011358,PROD0016,1,2382.58,0.05
ORD001588,PROD0158,1,1130.19,0.15
ORD006638,PROD0139,3,624.58,0.0
ORD009750,PROD0253,4,3782.92,0.05
ORD013125,PROD0169,3,2484.01,0.0
ORD002928,PROD0219,3,1088.5,0.05
ORD004884,PROD0080,4,1973.58,0.05
ORD001078,PROD0298,4,392.05,0.1
ORD017016,PROD0225,5,670.12,0.1
ORD016997,PROD0086,1,1292.77,0.1
ORD001181,PROD0081,5,2207.21,0.1
ORD013808,PROD0122,3,768.92,0.05
ORD000963,PROD0280,2,239.29,0.0
ORD011558,PROD0009,5,419.4,0.0
ORD000249,PROD0118,4,437.61,0.1
ORD010349,PROD0298,2,392.05,0.15
ORD009789,PROD0056,2,1815.37,0.05
ORD017480,PROD0026,5,926.18,0.15
ORD009452,PROD0138,3,2041.26,0.1
ORD003251,PROD0158,2,1130.19,0.1
ORD001181,PROD0044,1,2277.54,0.15
ORD012804,PROD0126,5,648.87,0.15
ORD000425,PROD0294,4,608.79,0.0
ORD004487,PROD0028,1,740.62,0.05
ORD004517,PROD0256,4,895.23,0.1
ORD004543,PROD0275,3,1740.08,0.0
ORD010864,PROD0102,4,1726.73,0.2
ORD003676,PROD0125,4,1338.46,0.05
ORD003437,PROD0231,3,1734.21,0.1
ORD002067,PROD0012,2,2384.44,0.0
ORD003188,PROD0154,3,611.42,0.0
ORD014699,PROD0042,2,5997.9,0.05
ORD001957,PROD0146,1,2912.21,0.15
ORD014197,PROD0039,3,748.33,0.1
ORD004173,PROD0092,5,2466.2,0.05
ORD016721,PROD0008,1,1428.37,0.0
ORD004010,PROD0240,4,1736.87,0.0
ORD014732,PROD0167,1,2511.68,0.0
ORD005334,PROD0286,5,722.33,0.0
ORD009850,PROD0157,4,1342.68,0.2
ORD007679,PROD0208,2,1605.39,0.1
ORD001628,PROD0179,3,608.27,0.15
ORD006969,PROD0239,1,3878.85,0.0
ORD008133,PROD0175,5,2260.04,0.0
ORD008435,PROD0229,5,251.37,0.1
ORD012835,PROD0294,5,608.79,0.05
ORD001982,PROD0058,3,5552.05,0.0
ORD008920,PROD0295,1,450.65,0.1
ORD012274,PROD0164,4,1896.67,0.0
ORD005792,PROD0191,4,425.27,0.2
ORD009196,PROD0032,5,1792.53,0.15
ORD014198,PROD0283,4,1585.65,0.0
ORD005196,PROD0266,1,1066.97,0.05
ORD002497,PROD0109,4,315.2,0.15
ORD004699,PROD0295,3,450.65,0.05
ORD002590,PROD0061,3,1808.63,0.1
ORD001725,PROD0183,3,606.73,0.2
ORD010320,PROD0050,4,138.33,0.05
ORD002354,PROD0037,1,1059.57,0.15
ORD013017,PROD0059,3,3884.69,0.1
ORD017133,PROD0257,5,994.46,0.05
ORD013892,PROD0039,5,748.33,0.05
ORD000101,PROD0042,5,5997.9,0.2
ORD009792,PROD0107,4,416.19,0.0
ORD008288,PROD0227,5,663.99,0.1
ORD011823,PROD0045,4,1204.82,0.05
ORD013372,PROD0129,3,2715.49,0.0
ORD003522,PROD0285,1,1253.77,0.0
ORD014630,PROD0123,2,2787.07,0.05
ORD017008,PROD0234,3,1884.98,0.1
ORD005049,PROD0162,2,377.71,0.15
ORD016582,PROD0030,4,1536.54,0.1
ORD009954,PROD0092,3,2466.2,0.0
ORD004061,PROD0165,2,1341.44,0.05
ORD013377,PROD0202,5,1039.91,0.0
ORD008342,PROD0091,4,402.26,0.1
ORD010229,PROD0160,5,2652.37,0.15
ORD008904,PROD0253,5,3782.92,0.15
ORD014634,PROD0246,2,484.36,0.05
ORD014411,PROD0282,3,1059.41,0.2
ORD002233,PROD0272,1,834.67,0.1
ORD002463,PROD0182,2,1491.37,0.05
ORD009344,PROD0266,2,1066.97,0.2
ORD014768,PROD0005,4,5350.44,0.05
ORD004328,PROD0152,1,3664.43,0.05
ORD003935,PROD0221,2,861.75,0.0
ORD004322,PROD0227,2,663.99,0.05
ORD006298,PROD0270,2,546.81,0.0
ORD013362,PROD0069,4,6450.78,0.0
ORD017416,PROD0284,2,1551.66,0.1
ORD007104,PROD0265,4,709.86,0.05
ORD001088,PROD0028,2,740.62,0.1
ORD003704,PROD0230,4,1187.41,0.05
ORD010248,PROD0105,4,813.74,0.0
ORD011379,PROD0190,2,1494.94,0.1
ORD005917,PROD0112,1,3157.32,0.05
ORD008305,PROD0178,2,1006.65,0.15
ORD005841,PROD0174,1,1681.39,0.1
ORD011457,PROD0282,4,1059.41,0.05
ORD015909,PROD0137,4,445.2,0.05
ORD002303,PROD0270,5,546.81,0.1
ORD000644,PROD0139,3,624.58,0.05
ORD013911,PROD0078,4,1498.55,0.0
ORD015950,PROD0168,2,1759.17,0.1
ORD014290,PROD0103,4,814.61,0.0
ORD001936,PROD0116,1,435.35,0.0
ORD001040,PROD0283,5,1585.65,0.15
ORD016651,PROD0040,5,5448.94,0.05
ORD014032,PROD0024,3,3557.69,0.05
ORD011889,PROD0111,3,843.13,0.05
ORD016679,PROD0126,2,648.87,0.05
ORD014175,PROD0069,5,6450.78,0.0
ORD009285,PROD0200,5,1906.63,0.1
ORD001290,PROD0073,3,3798.83,0.0
ORD000457,PROD0198,3,1910.21,0.1
ORD013456,PROD0144,2,1097.89,0.1
ORD016340,PROD0126,1,648.87,0.2
ORD001104,PROD0276,2,1150.97,0.0
ORD007239,PROD0146,1,2912.21,0.2
ORD002969,PROD0269,5,528.68,0.2
ORD005058,PROD0271,3,1034.8,0.05
ORD010827,PROD0202,1,1039.91,0.2
ORD016209,PROD0172,5,3513.98,0.15
ORD001953,PROD0223,3,1507.47,0.05
ORD016704,PROD0144,1,1097.89,0.2
ORD000442,PROD0008,4,1428.37,0.0
ORD016062,PROD0059,3,3884.69,0.0
ORD001989,PROD0195,1,525.15,0.1
ORD005163,PROD0278,5,1418.31,0.0
ORD005236,PROD0141,3,526.7,0.15
ORD001920,PROD0042,1,5997.9,0.1
ORD006320,PROD0175,3,2260.04,0.2
ORD000429,PROD0101,4,3596.1,0.1
ORD003584,PROD0113,3,495.12,0.15
ORD002238,PROD0186,2,324.33,0.0
ORD007707,PROD0008,3,1428.37,0.05
ORD013692,PROD0023,4,529.99,0.05
ORD008408,PROD0210,5,539.67,0.0
ORD001773,PROD0234,2,1884.98,0.0
ORD001486,PROD0133,1,737.29,0.2
ORD000740,PROD0031,1,2790.09,0.0
ORD001149,PROD0170,4,1486.76,0.1
ORD002311,PROD0119,4,1545.4,0.05
ORD008992,PROD0087,2,2381.84,0.2
ORD013999,PROD0114,1,983.9,0.05
ORD015727,PROD0041,5,566.23,0.05
ORD006631,PROD0242,5,1251.99,0.1
ORD016990,PROD0084,2,787.16,0.0
ORD016140,PROD0235,1,1069.09,0.2
ORD006138,PROD0135,4,1098.25,0.1
ORD008192,PROD0007,3,838.82,0.15
ORD007090,PROD0045,1,1204.82,0.2
ORD014215,PROD0295,4,450.65,0.2
ORD000204,PROD0017,4,5213.81,0.05
ORD007906,PROD0057,1,1480.61,0.15
ORD001465,PROD0211,1,1092.8,0.1
ORD005823,PROD0111,2,843.13,0.2
ORD007189,PROD0272,5,834.67,0.05
ORD014042,PROD0065,2,298.49,0.05
ORD002196,PROD0279,3,1760.62,0.1
ORD009847,PROD0131,2,719.35,0.0
ORD008180,PROD0188,5,5555.06,0.0
ORD009330,PROD0299,3,3528.34,0.1
ORD012701,PROD0022,1,174.42,0.1
ORD007950,PROD0181,5,218.55,0.1
ORD002660,PROD0225,5,670.12,0.1
ORD001802,PROD0230,1,1187.41,0.05
ORD001701,PROD0242,3,1251.99,0.0
ORD001633,PROD0078,3,1498.55,0.05
ORD014620,PROD0176,1,890.34,0.0
ORD002267,PROD0218,5,852.15,0.1
ORD014733,PROD0235,1,1069.09,0.05
ORD003392,PROD0043,4,950.69,0.0
ORD016039,PROD0287,3,1180.58,0.2
ORD011673,PROD0253,2,3782.92,0.2
ORD012724,PROD0015,2,768.6,0.2
ORD000951,PROD0279,1,1760.62,0.05
ORD008271,PROD0086,5,1292.77,0.1
ORD003022,PROD0137,5,445.2,0.15
ORD000590,PROD0088,4,255.81,0.1
ORD006004,PROD0184,4,734.18,0.05
ORD000201,PROD0257,5,994.46,0.1
ORD004025,PROD0166,4,655.43,0.0
ORD005186,PROD0172,5,3513.98,0.0
ORD003038,PROD0058,2,5552.05,0.15
ORD015913,PROD0057,3,1480.61,0.05
ORD005038,PROD0133,5,737.29,0.0
ORD004350,PROD0192,2,2094.72,0.1
ORD000304,PROD0262,5,1081.48,0.0
ORD000948,PROD0160,1,2652.37,0.1
ORD015004,PROD0218,1,852.15,0.1
ORD009467,PROD0242,2,1251.99,0.05
ORD006860,PROD0287,3,1180.58,0.0
ORD011397,PROD0112,1,3157.32,0.05
ORD006954,PROD0119,5,1545.4,0.0
ORD014153,PROD0282,1,1059.41,0.05
ORD016736,PROD0211,4,1092.8,0.2
ORD001709,PROD0180,4,374.36,0.05
ORD014243,PROD0201,1,1107.62,0.05
ORD012310,PROD0184,5,734.18,0.05
ORD003205,PROD0175,5,2260.04,0.0
ORD002523,PROD0261,3,1950.36,0.05
ORD009666,PROD0051,4,257.94,0.1
ORD009594,PROD0245,3,258.37,0.05
ORD015636,PROD0277,5,668.68,0.1
ORD010498,PROD0279,5,1760.62,0.0
ORD004473,PROD0064,2,706.46,0.2
ORD002088,PROD0056,2,1815.37,0.05
ORD007916,PROD0241,1,215.23,0.05
ORD000850,PROD0191,3,425.27,0.1
ORD010838,PROD0247,2,1013.19,0.1
ORD008148,PROD0010,4,1326.68,0.2
ORD010413,PROD0247,4,1013.19,0.0
ORD003863,PROD0251,3,1056.88,0.0
ORD000364,PROD0227,4,663.99,0.2
ORD009836,PROD0151,2,938.09,0.05
ORD017226,PROD0100,1,1535.02,0.0
ORD003568,PROD0256,2,895.23,0.15
ORD001224,PROD0188,2,5555.06,0.05
ORD000406,PROD0133,5,737.29,0.15
ORD001687,PROD0135,2,1098.25,0.15
ORD011435,PROD0053,4,499.98,0.1
ORD012163,PROD0273,1,1884.45,0.1
ORD011271,PROD0140,2,4498.4,0.0
ORD002665,PROD0263,4,754.46,0.2
ORD015640,PROD0083,4,1558.0,0.05
ORD006159,PROD0036,1,2265.4,0.1
ORD012695,PROD0279,3,1760.62,0.0
ORD009127,PROD0046,3,423.5,0.05
ORD007088,PROD0180,3,374.36,0.1
ORD011183,PROD0186,3,324.33,0.05
ORD016182,PROD0290,3,3732.41,0.1
ORD011913,PROD0176,1,890.34,0.0
ORD009441,PROD0193,4,3394.61,0.0
ORD003112,PROD0050,5,138.33,0.1
ORD010391,PROD0201,1,1107.62,0.1
ORD009302,PROD0076,4,1911.33,0.0
ORD007178,PROD0159,3,2084.31,0.2
ORD005755,PROD0111,5,843.13,0.0
ORD012697,PROD0010,4,1326.68,0.1
ORD017471,PROD0178,1,1006.65,0.1
ORD013292,PROD0265,3,709.86,0.1
ORD015806,PROD0142,5,536.55,0.1
ORD008557,PROD0085,4,2361.96,0.05
ORD013078,PROD0188,3,5555.06,0.05
ORD008100,PROD0037,1,1059.57,0.05
ORD000187,PROD0047,4,743.87,0.05
ORD009527,PROD0127,5,1166.2,0.05
ORD001435,PROD0184,4,734.18,0.0
ORD008424,PROD0103,5,814.61,0.15
ORD008664,PROD0073,3,3798.83,0.05
ORD002188,PROD0260,2,2453.91,0.0
ORD003435,PROD0079,2,1557.75,0.2
ORD014198,PROD0267,4,1411.95,0.1
ORD005652,PROD0019,1,2132.91,0.05
ORD003883,PROD0116,3,435.35,0.15
ORD013012,PROD0296,3,605.83,0.1
ORD012160,PROD0064,4,706.46,0.1
ORD005756,PROD0134,3,938.67,0.1
ORD002429,PROD0025,4,585.99,0.1
ORD015745,PROD0125,4,1338.46,0.0
ORD017159,PROD0072,1,4756.76,0.0
ORD009763,PROD0253,2,3782.92,0.15
ORD011833,PROD0092,2,2466.2,0.2
ORD007474,PROD0167,3,2511.68,0.05
ORD017164,PROD0264,2,409.67,0.05
ORD005654,PROD0127,5,1166.2,0.0
ORD012060,PROD0248,1,581.51,0.05
ORD013266,PROD0197,3,774.0,0.15
ORD006842,PROD0040,1,5448.94,0.05
ORD010815,PROD0288,2,1099.87,0.1
ORD006824,PROD0232,5,480.05,0.05
ORD012703,PROD0082,3,835.72,0.1
ORD002796,PROD0073,1,3798.83,0.05
ORD000230,PROD0069,4,6450.78,0.0
ORD007879,PROD0145,1,2107.82,0.0
ORD001951,PROD0263,2,754.46,0.0
ORD015100,PROD0035,4,914.62,0.0
ORD009661,PROD0087,1,2381.84,0.1
ORD000457,PROD0010,3,1326.68,0.1
ORD015709,PROD0081,2,2207.21,0.0
ORD012723,PROD0126,5,648.87,0.05
ORD017822,PROD0266,5,1066.97,0.1
ORD011759,PROD0207,3,4103.55,0.15
ORD013074,PROD0250,4,468.3,0.05
ORD010731,PROD0119,3,1545.4,0.1
ORD007157,PROD0262,3,1081.48,0.15
ORD012943,PROD0010,5,1326.68,0.0
ORD005251,PROD0025,3,585.99,0.2
ORD002732,PROD0154,4,611.42,0.05
ORD017279,PROD0264,3,409.67,0.0
ORD004375,PROD0209,1,4636.93,0.15
ORD005187,PROD0064,3,706.46,0.2
ORD012111,PROD0034,2,1106.13,0.05
ORD008935,PROD0220,1,1249.15,0.0
ORD001772,PROD0128,5,414.27,0.1
ORD002388,PROD0288,4,1099.87,0.0
ORD015603,PROD0300,2,2550.36,0.15
ORD007837,PROD0085,5,2361.96,0.1
ORD004646,PROD0139,2,624.58,0.2
ORD001921,PROD0076,5,1911.33,0.1
ORD010971,PROD0003,5,2931.9,0.05
ORD010731,PROD0154,3,611.42,0.05
ORD014572,PROD0279,3,1760.62,0.05
ORD014175,PROD0194,4,2044.13,0.1
ORD009059,PROD0230,1,1187.41,0.15
ORD016903,PROD0053,1,499.98,0.0
ORD013869,PROD0176,4,890.34,0.05
ORD008587,PROD0254,3,1021.7,0.05
ORD002960,PROD0035,5,914.62,0.05
ORD002568,PROD0092,1,2466.2,0.15
ORD014839,PROD0275,5,1740.08,0.0
ORD011607,PROD0124,4,7033.68,0.1
ORD013444,PROD0078,3,1498.55,0.05
ORD002024,PROD0184,5,734.18,0.05
ORD007003,PROD0100,4,1535.02,0.1
ORD005167,PROD0262,3,1081.48,0.1
ORD006765,PROD0229,1,251.37,0.05
ORD002528,PROD0086,3,1292.77,0.15
ORD005510,PROD0025,3,585.99,0.1
ORD014147,PROD0029,2,1224.14,0.1
ORD005114,PROD0281,5,5213.75,0.2
ORD017006,PROD0258,5,814.14,0.2
ORD003147,PROD0173,1,1893.36,0.05
ORD008888,PROD0291,2,859.37,0.0
ORD015359,PROD0083,2,1558.0,0.15
ORD005554,PROD0197,2,774.0,0.05
ORD014547,PROD0155,1,383.07,0.0
ORD004604,PROD0246,1,484.36,0.1
ORD013222,PROD0122,2,768.92,0.1
ORD002710,PROD0018,3,1106.42,0.0
ORD014550,PROD0197,4,774.0,0.0
ORD009398,PROD0297,2,359.44,0.2
ORD007181,PROD0226,3,322.28,0.1
ORD006200,PROD0016,2,2382.58,0.2
ORD012330,PROD0018,4,1106.42,0.05
ORD006261,PROD0162,2,377.71,0.1
ORD000234,PROD0189,1,260.5,0.05
ORD012022,PROD0154,2,611.42,0.2
ORD011921,PROD0093,3,2481.82,0.05
ORD009219,PROD0254,5,1021.7,0.05
ORD006226,PROD0073,1,3798.83,0.1
ORD001984,PROD0238,5,1179.28,0.0
ORD003090,PROD0158,4,1130.19,0.1
ORD003904,PROD0229,4,251.37,0.05
ORD011064,PROD0267,3,1411.95,0.15
ORD006620,PROD0203,5,1208.94,0.1
ORD002776,PROD0058,5,5552.05,0.0
ORD008786,PROD0128,1,414.27,0.0
ORD000339,PROD0059,1,3884.69,0.05
ORD003115,PROD0106,2,770.07,0.05
ORD010751,PROD0103,1,814.61,0.05
ORD000879,PROD0235,3,1069.09,0.1
ORD017996,PROD0119,3,1545.4,0.05
ORD001123,PROD0015,5,768.6,0.05
ORD009322,PROD0130,1,1402.05,0.2
ORD013801,PROD0177,1,1733.37,0.0
ORD008317,PROD0095,3,853.11,0.05
ORD011039,PROD0255,4,2724.93,0.05
ORD013150,PROD0261,2,1950.36,0.15
ORD001483,PROD0113,3,495.12,0.0
ORD012964,PROD0153,2,192.77,0.0
ORD005454,PROD0075,4,993.75,0.05
ORD005504,PROD0053,3,499.98,0.15
ORD001414,PROD0065,2,298.49,0.1
ORD013898,PROD0038,5,1310.24,0.05
ORD017028,PROD0083,5,1558.0,0.2
ORD008003,PROD0120,3,3592.34,0.05
ORD004470,PROD0004,5,1005.11,0.0
ORD006836,PROD0106,1,770.07,0.1
ORD017844,PROD0158,5,1130.19,0.2
ORD015687,PROD0117,3,1622.14,0.0
ORD013702,PROD0244,4,1140.3,0.05
ORD007339,PROD0257,3,994.46,0.1
ORD006175,PROD0200,3,1906.63,0.0
ORD009520,PROD0150,5,1469.35,0.05
ORD007719,PROD0069,2,6450.78,0.1
ORD012187,PROD0017,3,5213.81,0.0
ORD007553,PROD0288,5,1099.87,0.15
ORD007986,PROD0205,2,315.35,0.0
ORD017247,PROD0104,1,917.71,0.05
ORD005025,PROD0110,2,2045.64,0.05
ORD011972,PROD0213,4,475.42,0.15
ORD011155,PROD0271,1,1034.8,0.0
ORD011756,PROD0016,4,2382.58,0.15
ORD004954,PROD0248,2,581.51,0.05
ORD002644,PROD0053,1,499.98,0.1
ORD016294,PROD0161,1,1467.22,0.0
ORD017903,PROD0108,2,1195.6,0.1
ORD015360,PROD0295,5,450.65,0.0
ORD012609,PROD0110,5,2045.64,0.1
ORD006777,PROD0125,2,1338.46,0.1
ORD000080,PROD0046,3,423.5,0.2
ORD001369,PROD0207,2,4103.55,0.1
ORD011484,PROD0249,2,4012.64,0.15
ORD008099,PROD0229,3,251.37,0.0
ORD009304,PROD0264,3,409.67,0.1
ORD008696,PROD0022,1,174.42,0.05
ORD012770,PROD0272,2,834.67,0.05
ORD007534,PROD0108,2,1195.6,0.0
ORD014345,PROD0289,1,1376.41,0.0
ORD007727,PROD0106,5,770.07,0.1
ORD013611,PROD0261,4,1950.36,0.1
ORD002487,PROD0235,3,1069.09,0.1
ORD007181,PROD0022,5,174.42,0.05
ORD001101,PROD0259,3,272.42,0.15
ORD015471,PROD0106,1,770.07,0.1
ORD016643,PROD0003,2,2931.9,0.15
ORD015934,PROD0140,2,4498.4,0.05
ORD008680,PROD0203,2,1208.94,0.1
ORD008075,PROD0065,5,298.49,0.2
ORD015624,PROD0069,4,6450.78,0.0
ORD016775,PROD0192,1,2094.72,0.1
ORD002673,PROD0151,2,938.09,0.1
ORD007907,PROD0180,5,374.36,0.0
ORD010725,PROD0083,2,1558.0,0.1
ORD013921,PROD0136,5,4655.74,0.1
ORD004999,PROD0077,3,372.07,0.05
ORD013294,PROD0174,1,1681.39,0.05
ORD017756,PROD0141,3,526.7,0.1
ORD013100,PROD0024,4,3557.69,0.1
ORD012059,PROD0203,5,1208.94,0.2
ORD002901,PROD0096,4,830.36,0.2
ORD015293,PROD0003,1,2931.9,0.1
ORD012618,PROD0156,4,1302.29,0.1
ORD009400,PROD0039,1,748.33,0.1
ORD009474,PROD0207,4,4103.55,0.0
ORD009135,PROD0134,3,938.67,0.15
ORD007126,PROD0239,4,3878.85,0.0
ORD016282,PROD0158,4,1130.19,0.1
ORD015412,PROD0187,4,2575.23,0.0
ORD006664,PROD0042,2,5997.9,0.2
ORD015726,PROD0188,5,5555.06,0.05
ORD002086,PROD0258,3,814.14,0.0
ORD004115,PROD0119,2,1545.4,0.2
ORD009756,PROD0085,3,2361.96,0.05
ORD016937,PROD0116,5,435.35,0.05
ORD014466,PROD0299,5,3528.34,0.1
ORD001896,PROD0162,3,377.71,0.15
ORD017906,PROD0154,2,611.42,0.1
ORD010864,PROD0299,3,3528.34,0.0
ORD008599,PROD0297,2,359.44,0.2
ORD009419,PROD0209,4,4636.93,0.15
ORD010972,PROD0148,2,2479.32,0.1
ORD008714,PROD0118,2,437.61,0.1
ORD015997,PROD0106,5,770.07,0.2
ORD008468,PROD0208,2,1605.39,0.05
ORD002937,PROD0296,3,605.83,0.1
ORD011060,PROD0242,2,1251.99,0.15
ORD012303,PROD0228,3,1012.55,0.0
ORD014325,PROD0130,3,1402.05,0.1
ORD012062,PROD0267,5,1411.95,0.15
ORD000775,PROD0162,5,377.71,0.05
ORD005877,PROD0040,4,5448.94,0.1
ORD006751,PROD0142,1,536.55,0.0
ORD010280,PROD0141,3,526.7,0.0
ORD009464,PROD0298,4,392.05,0.1
ORD009643,PROD0216,3,2535.43,0.0
ORD004327,PROD0269,2,528.68,0.0
ORD005474,PROD0008,1,1428.37,0.0
ORD008398,PROD0082,3,835.72,0.1
ORD003457,PROD0222,2,803.44,0.1
ORD007719,PROD0283,3,1585.65,0.1
ORD016667,PROD0063,1,453.52,0.2
ORD001304,PROD0060,5,511.57,0.0
ORD006717,PROD0168,1,1759.17,0.1
ORD007154,PROD0030,4,1536.54,0.0
ORD006410,PROD0085,4,2361.96,0.2
ORD003644,PROD0183,3,606.73,0.2
ORD001009,PROD0129,2,2715.49,0.0
ORD016383,PROD0145,2,2107.82,0.15
ORD014244,PROD0125,1,1338.46,0.05
ORD007401,PROD0202,1,1039.91,0.1
ORD003405,PROD0118,2,437.61,0.1
ORD005012,PROD0211,4,1092.8,0.05
ORD003316,PROD0147,2,1277.67,0.1
ORD005541,PROD0011,2,569.66,0.0
ORD011847,PROD0243,3,4498.92,0.2
ORD001976,PROD0269,5,528.68,0.2
ORD014789,PROD0175,1,2260.04,0.2
ORD016459,PROD0246,3,484.36,0.1
ORD017080,PROD0051,1,257.94,0.15
ORD013971,PROD0285,2,1253.77,0.05
ORD015868,PROD0292,1,526.18,0.0
ORD007931,PROD0281,4,5213.75,0.0
ORD008210,PROD0068,3,2579.6,0.1
ORD013557,PROD0244,1,1140.3,0.2
ORD009351,PROD0228,1,1012.55,0.05
ORD005057,PROD0122,2,768.92,0.1
ORD010128,PROD0217,4,748.27,0.15
ORD010575,PROD0141,5,526.7,0.0
ORD012849,PROD0088,4,255.81,0.1
ORD005633,PROD0040,2,5448.94,0.0
ORD017362,PROD0227,5,663.99,0.1
ORD002440,PROD0072,2,4756.76,0.1
ORD005266,PROD0202,3,1039.91,0.0
ORD005540,PROD0167,4,2511.68,0.15
ORD008187,PROD0228,1,1012.55,0.1
ORD011252,PROD0113,1,495.12,0.15
ORD017882,PROD0284,1,1551.66,0.1
ORD008710,PROD0257,5,994.46,0.1
ORD010404,PROD0084,3,787.16,0.0
ORD008873,PROD0220,3,1249.15,0.0
ORD002762,PROD0186,3,324.33,0.15
ORD002179,PROD0079,3,1557.75,0.1
ORD006192,PROD0281,4,5213.75,0.05
ORD009873,PROD0086,5,1292.77,0.1
ORD004664,PROD0129,4,2715.49,0.15
ORD015191,PROD0121,4,1762.91,0.0
ORD004225,PROD0062,3,1731.8,0.05
ORD001021,PROD0298,3,392.05,0.15
ORD014891,PROD0294,1,608.79,0.1
ORD017974,PROD0278,3,1418.31,0.05
ORD008405,PROD0060,4,511.57,0.2
ORD000545,PROD0133,4,737.29,0.05
ORD012459,PROD0067,2,1836.4,0.1
ORD006705,PROD0156,5,1302.29,0.2
ORD013001,PROD0113,4,495.12,0.05
ORD015055,PROD0173,5,1893.36,0.15
ORD004560,PROD0236,3,1243.22,0.05
ORD005406,PROD0145,3,2107.82,0.0
ORD009057,PROD0189,1,260.5,0.05
ORD004647,PROD0003,5,2931.9,0.05
ORD004860,PROD0225,5,670.12,0.2
ORD008722,PROD0240,3,1736.87,0.1
ORD010421,PROD0105,5,813.74,0.1
ORD005301,PROD0264,3,409.67,0.0
ORD017941,PROD0103,1,814.61,0.0
ORD000044,PROD0256,3,895.23,0.0
ORD007264,PROD0031,3,2790.09,0.05
ORD003786,PROD0033,1,726.59,0.05
ORD010557,PROD0177,2,1733.37,0.0
ORD010385,PROD0289,1,1376.41,0.1
ORD007309,PROD0282,5,1059.41,0.05
ORD000267,PROD0051,1,257.94,0.1
ORD001355,PROD0001,4,2228.63,0.1
ORD012091,PROD0268,1,1593.82,0.0
ORD007592,PROD0229,3,251.37,0.05
ORD000989,PROD0296,4,605.83,0.0
ORD008809,PROD0236,2,1243.22,0.0
ORD011010,PROD0157,5,1342.68,0.2
ORD017816,PROD0145,5,2107.82,0.05
ORD006547,PROD0010,1,1326.68,0.1
ORD001702,PROD0258,4,814.14,0.2
ORD002637,PROD0156,3,1302.29,0.05
ORD014736,PROD0039,1,748.33,0.05
ORD012857,PROD0225,1,670.12,0.0
ORD007925,PROD0146,1,2912.21,0.15
ORD014465,PROD0070,5,2065.33,0.2
ORD006609,PROD0288,4,1099.87,0.2
ORD009184,PROD0065,2,298.49,0.05
ORD002865,PROD0077,1,372.07,0.1
ORD014762,PROD0094,4,1585.84,0.15
ORD014536,PROD0068,1,2579.6,0.1
ORD000117,PROD0134,3,938.67,0.05
ORD009973,PROD0108,4,1195.6,0.2
ORD009376,PROD0125,3,1338.46,0.1
ORD009173,PROD0052,3,1103.19,0.15
ORD010277,PROD0244,4,1140.3,0.0
ORD007504,PROD0245,2,258.37,0.1
ORD004924,PROD0210,1,539.67,0.15
ORD007187,PROD0201,1,1107.62,0.1
ORD003285,PROD0253,5,3782.92,0.1
ORD003432,PROD0123,3,2787.07,0.1
ORD002541,PROD0100,1,1535.02,0.0
ORD013556,PROD0047,5,743.87,0.1
ORD001903,PROD0045,3,1204.82,0.1
ORD015901,PROD0069,4,6450.78,0.05
ORD003452,PROD0287,2,1180.58,0.1
ORD013269,PROD0099,2,550.57,0.05
ORD012346,PROD0228,2,1012.55,0.1
ORD001009,PROD0129,4,2715.49,0.2
ORD003881,PROD0249,5,4012.64,0.05
ORD015348,PROD0116,3,435.35,0.05
ORD014857,PROD0116,1,435.35,0.15
ORD004765,PROD0001,3,2228.63,0.1
ORD000393,PROD0187,5,2575.23,0.05
ORD006117,PROD0088,3,255.81,0.15
ORD017311,PROD0058,4,5552.05,0.0
ORD016652,PROD0083,1,1558.0,0.2
ORD001577,PROD0242,3,1251.99,0.1
ORD010459,PROD0201,3,1107.62,0.1
ORD013007,PROD0212,4,936.47,0.15
ORD007563,PROD0114,5,983.9,0.0
ORD006224,PROD0153,5,192.77,0.0
ORD008451,PROD0050,5,138.33,0.15
ORD013057,PROD0089,1,390.25,0.2
ORD001389,PROD0048,4,2692.11,0.1
ORD009065,PROD0130,5,1402.05,0.05
ORD015137,PROD0211,3,1092.8,0.15
ORD012071,PROD0285,2,1253.77,0.1
ORD008148,PROD0025,4,585.99,0.05
ORD009533,PROD0172,5,3513.98,0.0
ORD007096,PROD0296,5,605.83,0.05
ORD002442,PROD0099,2,550.57,0.1
ORD015452,PROD0072,1,4756.76,0.15
ORD007455,PROD0223,1,1507.47,0.0
ORD014952,PROD0242,2,1251.99,0.1
ORD013653,PROD0027,1,5305.88,0.0
ORD007854,PROD0275,3,1740.08,0.0
ORD006936,PROD0124,2,7033.68,0.2
ORD004932,PROD0194,5,2044.13,0.05
ORD006815,PROD0045,5,1204.82,0.0
ORD011829,PROD0247,3,1013.19,0.0
ORD013273,PROD0102,5,1726.73,0.15
ORD009213,PROD0287,3,1180.58,0.0
ORD006872,PROD0015,4,768.6,0.15
ORD007899,PROD0109,2,315.2,0.0
ORD007511,PROD0164,2,1896.67,0.0
ORD000214,PROD0027,3,5305.88,0.1
ORD012182,PROD0267,4,1411.95,0.1
ORD002654,PROD0240,5,1736.87,0.1
ORD017065,PROD0139,5,624.58,0.1
ORD005585,PROD0235,2,1069.09,0.05
ORD001586,PROD0137,1,445.2,0.05
ORD016243,PROD0080,1,1973.58,0.15
ORD009913,PROD0017,5,5213.81,0.2
ORD006969,PROD0105,1,813.74,0.1
ORD016258,PROD0293,1,1136.47,0.15
ORD009422,PROD0258,1,814.14,0.1
ORD005379,PROD0286,3,722.33,0.0
ORD001026,PROD0200,4,1906.63,0.1
ORD005387,PROD0132,5,1663.98,0.0
ORD017660,PROD0008,2,1428.37,0.1
ORD007906,PROD0273,1,1884.45,0.1
ORD013375,PROD0254,4,1021.7,0.0
ORD013568,PROD0142,4,536.55,0.1
ORD012597,PROD0237,4,1008.9,0.1
ORD014376,PROD0218,4,852.15,0.1
ORD009351,PROD0241,4,215.23,0.05
ORD003527,PROD0040,3,5448.94,0.05
ORD011114,PROD0132,5,1663.98,0.1
ORD001829,PROD0217,3,748.27,0.05
ORD007796,PROD0227,4,663.99,0.15
ORD004064,PROD0219,2,1088.5,0.05
ORD002739,PROD0072,3,4756.76,0.1
ORD000043,PROD0039,1,748.33,0.2
ORD006941,PROD0153,3,192.77,0.1
ORD002173,PROD0020,1,2005.81,0.0
ORD011901,PROD0042,4,5997.9,0.15
ORD010586,PROD0247,2,1013.19,0.15
ORD000832,PROD0134,4,938.67,0.05
ORD011875,PROD0043,2,950.69,0.05
ORD017740,PROD0082,5,835.72,0.05
ORD016737,PROD0283,5,1585.65,0.2
ORD003342,PROD0177,5,1733.37,0.0
ORD001109,PROD0054,3,1149.11,0.05
ORD017751,PROD0173,4,1893.36,0.05
ORD016128,PROD0074,1,701.79,0.0
ORD014247,PROD0241,1,215.23,0.15
ORD004278,PROD0171,2,619.82,0.05
ORD005003,PROD0145,2,2107.82,0.1
ORD007734,PROD0115,1,1198.13,0.05
ORD017038,PROD0192,1,2094.72,0.05
ORD002677,PROD0290,2,3732.41,0.05
ORD000557,PROD0208,3,1605.39,0.05
ORD013626,PROD0194,3,2044.13,0.15
ORD016989,PROD0049,2,474.29,0.1
ORD005313,PROD0292,3,526.18,0.0
ORD016844,PROD0031,4,2790.09,0.1
ORD008285,PROD0116,1,435.35,0.2
ORD008346,PROD0017,3,5213.81,0.05
ORD011045,PROD0288,5,1099.87,0.0
ORD000739,PROD0202,5,1039.91,0.05
ORD014420,PROD0067,2,1836.4,0.05
ORD006685,PROD0121,5,1762.91,0.1
ORD007322,PROD0220,2,1249.15,0.1
ORD009661,PROD0071,3,1519.69,0.2
ORD002845,PROD0176,5,890.34,0.1
ORD007656,PROD0198,1,1910.21,0.1
ORD009564,PROD0054,2,1149.11,0.0
ORD001119,PROD0241,5,215.23,0.05
ORD010504,PROD0010,5,1326.68,0.1
ORD002085,PROD0002,3,1122.65,0.2
ORD009478,PROD0212,2,936.47,0.1
ORD007932,PROD0147,1,1277.67,0.2
ORD004084,PROD0187,1,2575.23,0.0
ORD008430,PROD0203,4,1208.94,0.1
ORD017613,PROD0100,5,1535.02,0.05
ORD012519,PROD0070,2,2065.33,0.0
ORD016563,PROD0151,4,938.09,0.0
ORD012168,PROD0285,1,1253.77,0.1
ORD011484,PROD0122,1,768.92,0.0
ORD013361,PROD0273,2,1884.45,0.0
ORD005926,PROD0291,1,859.37,0.05
ORD006456,PROD0049,2,474.29,0.2
ORD010459,PROD0275,3,1740.08,0.1
ORD017371,PROD0131,4,719.35,0.15
ORD006554,PROD0199,2,919.06,0.05
ORD014412,PROD0179,4,608.27,0.05
ORD017007,PROD0153,5,192.77,0.05
ORD013198,PROD0094,5,1585.84,0.1
ORD010936,PROD0051,1,257.94,0.15
ORD011558,PROD0171,2,619.82,0.15
ORD009136,PROD0265,3,709.86,0.0
ORD002291,PROD0085,1,2361.96,0.1
ORD014987,PROD0052,2,1103.19,0.0
ORD006035,PROD0172,5,3513.98,0.1
ORD000918,PROD0295,1,450.65,0.15
ORD006997,PROD0258,4,814.14,0.05
ORD009888,PROD0053,4,499.98,0.1
ORD007548,PROD0121,5,1762.91,0.05
ORD000475,PROD0284,1,1551.66,0.1
ORD017349,PROD0051,1,257.94,0.0
ORD008715,PROD0280,5,239.29,0.15
ORD005012,PROD0270,5,546.81,0.0
ORD008999,PROD0238,4,1179.28,0.1
ORD010552,PROD0174,4,1681.39,0.05
ORD010824,PROD0272,2,834.67,0.0
ORD013752,PROD0071,1,1519.69,0.1
ORD001089,PROD0017,2,5213.81,0.15
ORD010322,PROD0030,3,1536.54,0.0
ORD003557,PROD0008,4,1428.37,0.1
ORD012861,PROD0294,4,608.79,0.15
ORD011574,PROD0188,3,5555.06,0.1
ORD000511,PROD0139,4,624.58,0.05
ORD010585,PROD0053,5,499.98,0.05
ORD017905,PROD0238,5,1179.28,0.1
ORD013331,PROD0065,2,298.49,0.2
ORD017475,PROD0029,1,1224.14,0.0
ORD012172,PROD0287,5,1180.58,0.0
ORD015553,PROD0134,5,938.67,0.15
ORD002414,PROD0230,2,1187.41,0.1
ORD014274,PROD0236,3,1243.22,0.1
ORD016207,PROD0109,3,315.2,0.1
ORD005036,PROD0142,5,536.55,0.2
ORD001743,PROD0250,5,468.3,0.0
ORD000845,PROD0272,1,834.67,0.05
ORD001689,PROD0169,5,2484.01,0.0
ORD006452,PROD0298,4,392.05,0.05
ORD008822,PROD0278,3,1418.31,0.0
ORD004642,PROD0108,1,1195.6,0.1
ORD004065,PROD0211,3,1092.8,0.0
ORD003747,PROD0077,1,372.07,0.0
ORD008780,PROD0109,5,315.2,0.05
ORD011425,PROD0070,5,2065.33,0.05
ORD003107,PROD0224,3,4037.97,0.15
ORD004418,PROD0104,2,917.71,0.15
ORD009302,PROD0175,3,2260.04,0.05
ORD017837,PROD0021,1,2017.39,0.1
ORD004682,PROD0255,2,2724.93,0.2
ORD014564,PROD0076,3,1911.33,0.05
ORD004815,PROD0282,2,1059.41,0.1
ORD001311,PROD0008,2,1428.37,0.1
ORD006743,PROD0201,5,1107.62,0.1
ORD005279,PROD0147,5,1277.67,0.0
ORD000557,PROD0114,4,983.9,0.05
ORD007653,PROD0175,2,2260.04,0.1
ORD013816,PROD0218,4,852.15,0.2
ORD002994,PROD0154,4,611.42,0.05
ORD013090,PROD0210,1,539.67,0.15
ORD012556,PROD0100,3,1535.02,0.05
ORD010813,PROD0132,4,1663.98,0.05
ORD001529,PROD0120,4,3592.34,0.05
ORD007283,PROD0249,4,4012.64,0.0
ORD005565,PROD0219,4,1088.5,0.1
ORD012711,PROD0288,2,1099.87,0.05
ORD003943,PROD0109,3,315.2,0.0
ORD003093,PROD0003,1,2931.9,0.2
ORD014486,PROD0132,1,1663.98,0.0
ORD011821,PROD0193,1,3394.61,0.1
ORD012075,PROD0138,4,2041.26,0.15
ORD011707,PROD0026,5,926.18,0.0
ORD013635,PROD0168,3,1759.17,0.05
ORD013271,PROD0103,3,814.61,0.0
ORD012502,PROD0030,4,1536.54,0.1
ORD012990,PROD0056,2,1815.37,0.05
ORD014021,PROD0021,3,2017.39,0.05
ORD011928,PROD0205,4,315.35,0.2
ORD011382,PROD0217,5,748.27,0.2
ORD010463,PROD0195,4,525.15,0.15
ORD009969,PROD0206,5,512.36,0.2
ORD008955,PROD0113,5,495.12,0.05
ORD007089,PROD0023,1,529.99,0.05
ORD014378,PROD0211,1,1092.8,0.1
ORD013337,PROD0027,5,5305.88,0.1
ORD008441,PROD0138,1,2041.26,0.1
ORD005166,PROD0218,4,852.15,0.1
ORD000354,PROD0098,2,1788.67,0.0
ORD004615,PROD0194,2,2044.13,0.05
ORD002203,PROD0248,4,581.51,0.0
ORD011308,PROD0276,4,1150.97,0.15
ORD000583,PROD0177,1,1733.37,0.15
ORD005163,PROD0166,2,655.43,0.1
ORD010949,PROD0232,2,480.05,0.05
ORD008125,PROD0101,3,3596.1,0.2
ORD011835,PROD0188,2,5555.06,0.05
ORD014836,PROD0261,2,1950.36,0.05
ORD003401,PROD0204,1,1064.24,0.15
ORD012793,PROD0145,1,2107.82,0.1
ORD001714,PROD0058,2,5552.05,0.1
ORD004408,PROD0034,5,1106.13,0.0
ORD010576,PROD0161,3,1467.22,0.15
ORD000645,PROD0022,5,174.42,0.15
ORD009862,PROD0095,3,853.11,0.05
ORD010752,PROD0214,4,285.7,0.05
ORD005339,PROD0175,3,2260.04,0.1
ORD009701,PROD0254,4,1021.7,0.0
ORD002580,PROD0260,4,2453.91,0.05
ORD000721,PROD0292,1,526.18,0.0
ORD007476,PROD0039,4,748.33,0.0
ORD003758,PROD0069,5,6450.78,0.0
ORD008216,PROD0142,3,536.55,0.0
ORD012927,PROD0182,1,1491.37,0.1
ORD000547,PROD0203,2,1208.94,0.0
ORD010559,PROD0097,3,2244.75,0.1
ORD000264,PROD0067,5,1836.4,0.0
ORD002629,PROD0075,4,993.75,0.1
ORD003460,PROD0034,1,1106.13,0.05
ORD006564,PROD0072,2,4756.76,0.0
ORD005975,PROD0006,3,997.09,0.15
ORD010995,PROD0272,3,834.67,0.0
ORD000583,PROD0168,1,1759.17,0.2
ORD000209,PROD0178,1,1006.65,0.2
ORD010631,PROD0189,1,260.5,0.05
ORD003126,PROD0157,2,1342.68,0.1
ORD001516,PROD0287,5,1180.58,0.2
ORD014033,PROD0168,4,1759.17,0.15
ORD001059,PROD0105,1,813.74,0.15
ORD005409,PROD0299,5,3528.34,0.15
ORD001564,PROD0220,4,1249.15,0.2
ORD007202,PROD0088,5,255.81,0.1
ORD000424,PROD0270,1,546.81,0.0
ORD004555,PROD0031,1,2790.09,0.1
ORD014056,PROD0026,3,926.18,0.1
ORD010442,PROD0280,4,239.29,0.15
ORD005759,PROD0065,3,298.49,0.05
ORD002086,PROD0138,3,2041.26,0.0
ORD005950,PROD0242,4,1251.99,0.15
ORD011181,PROD0063,3,453.52,0.0
ORD011734,PROD0275,3,1740.08,0.1
ORD013381,PROD0229,3,251.37,0.2
ORD006497,PROD0114,4,983.9,0.15
ORD016197,PROD0011,5,569.66,0.15
ORD013831,PROD0173,5,1893.36,0.05
ORD008573,PROD0098,2,1788.67,0.05
ORD017070,PROD0273,5,1884.45,0.05
ORD008439,PROD0156,2,1302.29,0.05
ORD010419,PROD0142,2,536.55,0.0
ORD005858,PROD0280,4,239.29,0.05
ORD007579,PROD0044,2,2277.54,0.15
ORD013764,PROD0038,5,1310.24,0.0
ORD013312,PROD0023,5,529.99,0.0
ORD007084,PROD0071,5,1519.69,0.1
ORD017209,PROD0219,1,1088.5,0.0
ORD007676,PROD0249,1,4012.64,0.1
ORD013004,PROD0118,4,437.61,0.1
ORD005527,PROD0288,1,1099.87,0.0
ORD012948,PROD0008,5,1428.37,0.0
ORD009153,PROD0164,3,1896.67,0.0
ORD013322,PROD0176,3,890.34,0.15
ORD001317,PROD0125,1,1338.46,0.1
ORD008601,PROD0160,5,2652.37,0.05
ORD000074,PROD0213,3,475.42,0.05
ORD000724,PROD0281,4,5213.75,0.05
ORD012090,PROD0212,3,936.47,0.1
ORD000747,PROD0017,3,5213.81,0.0
ORD016619,PROD0227,2,663.99,0.05
ORD006436,PROD0269,2,528.68,0.0
ORD000463,PROD0077,5,372.07,0.05
ORD001383,PROD0290,1,3732.41,0.15
ORD011188,PROD0051,2,257.94,0.2
ORD008681,PROD0015,1,768.6,0.0
ORD015171,PROD0243,4,4498.92,0.05
ORD013423,PROD0005,5,5350.44,0.15
ORD016969,PROD0266,2,1066.97,0.1
ORD015392,PROD0085,2,2361.96,0.0
ORD005620,PROD0058,3,5552.05,0.15
ORD002001,PROD0277,4,668.68,0.1
ORD000180,PROD0290,4,3732.41,0.15
ORD012520,PROD0041,2,566.23,0.05
ORD004071,PROD0080,2,1973.58,0.05
ORD017713,PROD0214,3,285.7,0.0
ORD009495,PROD0191,3,425.27,0.0
ORD002659,PROD0053,2,499.98,0.1
ORD001267,PROD0059,1,3884.69,0.0
ORD009235,PROD0157,5,1342.68,0.0
ORD014314,PROD0266,5,1066.97,0.0
ORD005088,PROD0190,3,1494.94,0.2
ORD003117,PROD0093,5,2481.82,0.0
ORD001483,PROD0232,5,480.05,0.1
ORD014291,PROD0115,4,1198.13,0.1
ORD007556,PROD0179,2,608.27,0.0
ORD003894,PROD0247,2,1013.19,0.1
ORD002308,PROD0157,2,1342.68,0.15
ORD007670,PROD0252,3,1091.64,0.0
ORD009126,PROD0065,4,298.49,0.1
ORD006348,PROD0194,5,2044.13,0.0
ORD000993,PROD0137,4,445.2,0.05
ORD007821,PROD0168,3,1759.17,0.1
ORD013456,PROD0029,1,1224.14,0.05
ORD006324,PROD0093,3,2481.82,0.0
ORD014047,PROD0045,2,1204.82,0.2
ORD001557,PROD0099,1,550.57,0.05
ORD012266,PROD0276,1,1150.97,0.1
ORD001206,PROD0029,4,1224.14,0.0
ORD017199,PROD0209,1,4636.93,0.1
ORD013244,PROD0221,2,861.75,0.2
ORD008614,PROD0160,2,2652.37,0.1
ORD001701,PROD0086,2,1292.77,0.1
ORD014642,PROD0234,3,1884.98,0.05
ORD017079,PROD0235,4,1069.09,0.1
ORD003677,PROD0171,3,619.82,0.2
ORD005829,PROD0006,5,997.09,0.05
ORD014171,PROD0244,2,1140.3,0.0
ORD017316,PROD0143,4,2026.75,0.15
ORD014417,PROD0224,2,4037.97,0.2
ORD013961,PROD0136,1,4655.74,0.0
ORD016012,PROD0151,4,938.09,0.0
ORD002288,PROD0271,4,1034.8,0.1
ORD008591,PROD0033,5,726.59,0.1
ORD011735,PROD0203,3,1208.94,0.0
ORD014914,PROD0249,3,4012.64,0.0
ORD011980,PROD0089,2,390.25,0.2
ORD006904,PROD0265,2,709.86,0.2
ORD005478,PROD0289,1,1376.41,0.0
ORD004579,PROD0077,1,372.07,0.15
ORD014759,PROD0114,4,983.9,0.15
ORD006325,PROD0153,1,192.77,0.1
ORD005783,PROD0283,5,1585.65,0.0
ORD012625,PROD0177,4,1733.37,0.15
ORD016191,PROD0062,3,1731.8,0.0
ORD001566,PROD0098,1,1788.67,0.2
ORD005061,PROD0098,1,1788.67,0.2
ORD001185,PROD0229,1,251.37,0.0
ORD004563,PROD0293,2,1136.47,0.0
ORD006697,PROD0009,2,419.4,0.1
ORD016074,PROD0181,5,218.55,0.05
ORD010639,PROD0256,5,895.23,0.15
ORD017621,PROD0211,1,1092.8,0.0
ORD014781,PROD0245,2,258.37,0.2
ORD016985,PROD0193,1,3394.61,0.2
ORD010967,PROD0047,5,743.87,0.1
ORD015505,PROD0088,4,255.81,0.05
ORD015054,PROD0293,2,1136.47,0.1
ORD000740,PROD0035,1,914.62,0.05
ORD000723,PROD0161,4,1467.22,0.15
ORD010817,PROD0297,1,359.44,0.0
ORD007935,PROD0245,3,258.37,0.1
ORD002538,PROD0178,4,1006.65,0.0
ORD014876,PROD0296,1,605.83,0.05
ORD008746,PROD0297,5,359.44,0.0
ORD017644,PROD0117,3,1622.14,0.15
ORD012982,PROD0067,5,1836.4,0.0
ORD016477,PROD0294,4,608.79,0.05
ORD015928,PROD0254,5,1021.7,0.1
ORD008546,PROD0057,5,1480.61,0.1
ORD002168,PROD0253,4,3782.92,0.1
ORD005377,PROD0258,5,814.14,0.15
ORD013667,PROD0008,4,1428.37,0.1
ORD004136,PROD0251,1,1056.88,0.2
ORD015318,PROD0063,2,453.52,0.05
ORD015020,PROD0133,5,737.29,0.05
ORD017214,PROD0075,3,993.75,0.1
ORD008781,PROD0204,4,1064.24,0.1
ORD002912,PROD0158,5,1130.19,0.05
ORD001136,PROD0198,4,1910.21,0.0
ORD009449,PROD0148,3,2479.32,0.05
ORD016043,PROD0033,1,726.59,0.05
ORD008881,PROD0110,5,2045.64,0.0
ORD001721,PROD0222,4,803.44,0.1
ORD015342,PROD0132,2,1663.98,0.0
ORD011855,PROD0144,5,1097.89,0.05
ORD005661,PROD0031,5,2790.09,0.0
ORD009928,PROD0266,1,1066.97,0.05
ORD006799,PROD0127,2,1166.2,0.05
ORD003726,PROD0149,4,231.51,0.2
ORD017259,PROD0156,4,1302.29,0.05
ORD003074,PROD0021,2,2017.39,0.0
ORD012312,PROD0263,3,754.46,0.05
ORD009696,PROD0049,5,474.29,0.15
ORD002384,PROD0147,4,1277.67,0.05
ORD008958,PROD0003,4,2931.9,0.2
ORD015923,PROD0086,1,1292.77,0.0
ORD008789,PROD0266,2,1066.97,0.0
ORD011304,PROD0211,5,1092.8,0.0
ORD008434,PROD0151,1,938.09,0.15
ORD017280,PROD0068,3,2579.6,0.0
ORD005620,PROD0211,4,1092.8,0.15
ORD009418,PROD0051,1,257.94,0.1
ORD009275,PROD0148,3,2479.32,0.1
ORD003500,PROD0055,5,1758.65,0.0
ORD003262,PROD0023,1,529.99,0.1
ORD005548,PROD0237,2,1008.9,0.0
ORD009798,PROD0142,2,536.55,0.1
ORD013360,PROD0193,1,3394.61,0.2
ORD012899,PROD0019,2,2132.91,0.0
ORD001354,PROD0027,3,5305.88,0.2
ORD002187,PROD0155,1,383.07,0.0
ORD002553,PROD0042,5,5997.9,0.0
ORD017888,PROD0088,4,255.81,0.05
ORD016056,PROD0217,4,748.27,0.0
ORD004540,PROD0226,1,322.28,0.1
ORD009564,PROD0098,1,1788.67,0.05
ORD006719,PROD0186,3,324.33,0.15
ORD016005,PROD0165,3,1341.44,0.0
ORD015209,PROD0150,1,1469.35,0.15
ORD012251,PROD0174,2,1681.39,0.15
ORD001584,PROD0263,5,754.46,0.0
ORD005303,PROD0192,5,2094.72,0.05
ORD012010,PROD0223,3,1507.47,0.0
ORD009370,PROD0116,2,435.35,0.15
ORD001668,PROD0224,3,4037.97,0.05
ORD013261,PROD0093,1,2481.82,0.1
ORD010663,PROD0164,1,1896.67,0.0
ORD006815,PROD0017,5,5213.81,0.05
ORD006583,PROD0141,1,526.7,0.05
ORD004142,PROD0030,1,1536.54,0.0
ORD011372,PROD0061,2,1808.63,0.15
ORD004732,PROD0198,1,1910.21,0.0
ORD014639,PROD0286,5,722.33,0.0
ORD004680,PROD0021,4,2017.39,0.1
ORD010628,PROD0219,5,1088.5,0.05
ORD007239,PROD0203,2,1208.94,0.1
ORD005217,PROD0141,1,526.7,0.05
ORD002490,PROD0102,1,1726.73,0.1
ORD010172,PROD0084,1,787.16,0.0
ORD002810,PROD0066,3,705.54,0.0
ORD000904,PROD0220,3,1249.15,0.05
ORD000313,PROD0146,4,2912.21,0.1
ORD017593,PROD0223,3,1507.47,0.15
ORD013589,PROD0148,3,2479.32,0.15
ORD004316,PROD0270,2,546.81,0.05
ORD008620,PROD0245,5,258.37,0.15
ORD015694,PROD0200,5,1906.63,0.2
ORD011738,PROD0300,4,2550.36,0.2
ORD011530,PROD0277,2,668.68,0.0
ORD005215,PROD0279,1,1760.62,0.2
ORD002617,PROD0211,4,1092.8,0.15
ORD015930,PROD0003,5,2931.9,0.0
ORD013928,PROD0066,5,705.54,0.05
ORD007283,PROD0113,5,495.12,0.1
ORD004834,PROD0199,1,919.06,0.15
ORD015111,PROD0013,5,2230.9,0.1
ORD000595,PROD0123,2,2787.07,0.0
ORD006623,PROD0270,4,546.81,0.0
ORD015742,PROD0202,3,1039.91,0.0
ORD010228,PROD0093,3,2481.82,0.05
ORD009501,PROD0084,5,787.16,0.0
ORD011478,PROD0021,3,2017.39,0.15
ORD017936,PROD0202,3,1039.91,0.05
ORD017002,PROD0071,5,1519.69,0.0
ORD001484,PROD0211,5,1092.8,0.05
ORD017239,PROD0219,3,1088.5,0.15
ORD012049,PROD0017,3,5213.81,0.1
ORD009440,PROD0276,1,1150.97,0.15
ORD010569,PROD0056,1,1815.37,0.0
ORD006768,PROD0139,5,624.58,0.0
ORD013908,PROD0087,1,2381.84,0.1
ORD003795,PROD0091,3,402.26,0.05
ORD004404,PROD0103,4,814.61,0.15
ORD017052,PROD0286,5,722.33,0.05
ORD013615,PROD0037,5,1059.57,0.0
ORD006239,PROD0194,5,2044.13,0.0
ORD001082,PROD0127,1,1166.2,0.0
ORD014346,PROD0275,3,1740.08,0.0
ORD002616,PROD0025,3,585.99,0.0
ORD003606,PROD0197,3,774.0,0.05
ORD017557,PROD0295,5,450.65,0.0
ORD005855,PROD0007,1,838.82,0.05
ORD008658,PROD0107,4,416.19,0.1
ORD009421,PROD0144,3,1097.89,0.1
ORD002061,PROD0289,1,1376.41,0.05
ORD013912,PROD0047,3,743.87,0.0
ORD011594,PROD0188,5,5555.06,0.0
ORD003458,PROD0212,1,936.47,0.2
ORD002496,PROD0147,1,1277.67,0.0
ORD017708,PROD0185,2,592.37,0.0
ORD012666,PROD0162,3,377.71,0.15
ORD012453,PROD0197,1,774.0,0.1
ORD009498,PROD0215,5,496.9,0.1
ORD002298,PROD0248,2,581.51,0.05
ORD009353,PROD0285,3,1253.77,0.15
ORD005988,PROD0132,5,1663.98,0.0
ORD002958,PROD0245,1,258.37,0.0
ORD016964,PROD0278,3,1418.31,0.1
ORD001176,PROD0207,2,4103.55,0.05
ORD007318,PROD0028,1,740.62,0.0
ORD007483,PROD0042,1,5997.9,0.1
ORD007541,PROD0178,2,1006.65,0.1
ORD014816,PROD0236,3,1243.22,0.1
ORD007857,PROD0205,4,315.35,0.15
ORD013413,PROD0269,5,528.68,0.0
ORD010566,PROD0012,1,2384.44,0.1
ORD013004,PROD0152,2,3664.43,0.2
ORD009947,PROD0155,5,383.07,0.05
ORD004604,PROD0248,2,581.51,0.0
ORD001059,PROD0298,1,392.05,0.05
ORD006586,PROD0183,1,606.73,0.0
ORD004904,PROD0014,1,596.75,0.15
ORD017096,PROD0102,4,1726.73,0.0
ORD004788,PROD0292,4,526.18,0.0
ORD007341,PROD0178,3,1006.65,0.0
ORD014878,PROD0074,1,701.79,0.15
ORD015007,PROD0227,5,663.99,0.15
ORD006188,PROD0142,3,536.55,0.1
ORD016903,PROD0081,3,2207.21,0.05
ORD010467,PROD0002,3,1122.65,0.05
ORD007508,PROD0081,4,2207.21,0.15
ORD012736,PROD0248,5,581.51,0.1
ORD002792,PROD0129,5,2715.49,0.1
ORD010737,PROD0293,5,1136.47,0.0
ORD014517,PROD0176,3,890.34,0.05
ORD009835,PROD0223,1,1507.47,0.05
ORD014898,PROD0246,2,484.36,0.05
ORD013673,PROD0156,4,1302.29,0.1
ORD010590,PROD0018,1,1106.42,0.1
ORD016617,PROD0163,3,703.11,0.0
ORD014618,PROD0176,3,890.34,0.05
ORD016258,PROD0072,2,4756.76,0.2
ORD005637,PROD0187,1,2575.23,0.05
ORD008853,PROD0252,5,1091.64,0.1
ORD003517,PROD0172,4,3513.98,0.05
ORD007611,PROD0099,2,550.57,0.0
ORD017401,PROD0268,5,1593.82,0.1
ORD003451,PROD0250,3,468.3,0.2
ORD017662,PROD0109,2,315.2,0.0
ORD006044,PROD0146,5,2912.21,0.15
ORD000757,PROD0096,1,830.36,0.2
ORD000487,PROD0166,3,655.43,0.1
ORD002168,PROD0245,2,258.37,0.1
ORD007322,PROD0141,1,526.7,0.1
ORD016200,PROD0228,4,1012.55,0.05
ORD008169,PROD0251,3,1056.88,0.0
ORD005720,PROD0291,5,859.37,0.05
ORD011454,PROD0002,2,1122.65,0.05
ORD016747,PROD0219,2,1088.5,0.0
ORD016807,PROD0155,2,383.07,0.0
ORD013484,PROD0267,3,1411.95,0.15
ORD011726,PROD0210,2,539.67,0.0
ORD008118,PROD0263,3,754.46,0.0
ORD002081,PROD0130,5,1402.05,0.0
ORD002122,PROD0058,3,5552.05,0.05
ORD017690,PROD0200,3,1906.63,0.0
ORD015513,PROD0001,3,2228.63,0.15
ORD006997,PROD0052,3,1103.19,0.15
ORD008474,PROD0112,2,3157.32,0.0
ORD016619,PROD0227,4,663.99,0.15
ORD004940,PROD0290,3,3732.41,0.1
ORD014523,PROD0229,3,251.37,0.1
ORD000610,PROD0135,2,1098.25,0.15
ORD016209,PROD0279,2,1760.62,0.0
ORD017288,PROD0209,3,4636.93,0.05
ORD009763,PROD0070,4,2065.33,0.05
ORD012328,PROD0191,4,425.27,0.0
ORD003155,PROD0202,2,1039.91,0.2
ORD009032,PROD0152,1,3664.43,0.15
ORD007828,PROD0171,4,619.82,0.1
ORD016360,PROD0173,1,1893.36,0.2
ORD004432,PROD0287,3,1180.58,0.15
ORD006326,PROD0161,2,1467.22,0.05
ORD005652,PROD0160,5,2652.37,0.05
ORD017747,PROD0203,1,1208.94,0.0
ORD011609,PROD0132,1,1663.98,0.05
ORD005148,PROD0160,1,2652.37,0.15
ORD002791,PROD0218,2,852.15,0.15
ORD004603,PROD0288,2,1099.87,0.05
ORD006108,PROD0167,5,2511.68,0.05
ORD001131,PROD0285,5,1253.77,0.2
ORD012468,PROD0112,3,3157.32,0.0
ORD003045,PROD0160,5,2652.37,0.0
ORD016854,PROD0233,4,865.79,0.0
ORD008233,PROD0270,4,546.81,0.2
ORD003063,PROD0024,1,3557.69,0.05
ORD004940,PROD0223,2,1507.47,0.0
ORD007996,PROD0024,5,3557.69,0.05
ORD016729,PROD0294,4,608.79,0.05
ORD012896,PROD0070,2,2065.33,0.0
ORD012524,PROD0054,5,1149.11,0.0
ORD006119,PROD0293,3,1136.47,0.2
ORD013489,PROD0189,4,260.5,0.1
ORD007099,PROD0113,5,495.12,0.05
ORD005224,PROD0040,2,5448.94,0.0
ORD006078,PROD0014,1,596.75,0.2
ORD009146,PROD0167,5,2511.68,0.0
ORD005792,PROD0148,5,2479.32,0.0
ORD011634,PROD0094,3,1585.84,0.0
ORD010015,PROD0263,4,754.46,0.05
ORD014886,PROD0215,2,496.9,0.1
ORD015648,PROD0052,1,1103.19,0.15
ORD015348,PROD0064,3,706.46,0.0
ORD011401,PROD0190,4,1494.94,0.0
ORD002237,PROD0233,5,865.79,0.1
ORD012434,PROD0021,3,2017.39,0.1
ORD010686,PROD0283,3,1585.65,0.15
ORD012449,PROD0286,1,722.33,0.0
ORD009493,PROD0085,1,2361.96,0.05
ORD006795,PROD0166,5,655.43,0.1
ORD011712,PROD0099,1,550.57,0.0
ORD001972,PROD0021,2,2017.39,0.15
ORD010536,PROD0294,3,608.79,0.15
ORD002772,PROD0073,2,3798.83,0.05
ORD016480,PROD0212,1,936.47,0.05
ORD004284,PROD0184,2,734.18,0.1
ORD001376,PROD0237,3,1008.9,0.1
ORD016149,PROD0096,1,830.36,0.05
ORD009851,PROD0083,1,1558.0,0.05
ORD009282,PROD0082,1,835.72,0.1
ORD009537,PROD0284,5,1551.66,0.1
ORD003397,PROD0251,3,1056.88,0.15
ORD005454,PROD0097,2,2244.75,0.05
ORD010715,PROD0020,4,2005.81,0.0
ORD016287,PROD0165,4,1341.44,0.05
ORD006887,PROD0080,4,1973.58,0.0
ORD017821,PROD0075,5,993.75,0.1
ORD013005,PROD0290,1,3732.41,0.1
ORD013295,PROD0270,3,546.81,0.05
ORD002056,PROD0214,3,285.7,0.1
ORD009946,PROD0276,1,1150.97,0.1
ORD008954,PROD0039,4,748.33,0.2
ORD010985,PROD0269,2,528.68,0.15
ORD000409,PROD0197,3,774.0,0.1
ORD013068,PROD0221,1,861.75,0.1
ORD002070,PROD0109,4,315.2,0.15
ORD014729,PROD0188,5,5555.06,0.1
ORD005799,PROD0150,5,1469.35,0.0
ORD005003,PROD0042,4,5997.9,0.1
ORD016471,PROD0198,4,1910.21,0.0
ORD009780,PROD0123,4,2787.07,0.15
ORD016290,PROD0016,1,2382.58,0.05
ORD011160,PROD0187,2,2575.23,0.15
ORD014130,PROD0021,2,2017.39,0.1
ORD001044,PROD0292,2,526.18,0.1
ORD000663,PROD0126,1,648.87,0.0
ORD016498,PROD0106,5,770.07,0.05
ORD002758,PROD0265,1,709.86,0.2
ORD016497,PROD0268,1,1593.82,0.1
ORD007055,PROD0278,1,1418.31,0.05
ORD011250,PROD0215,4,496.9,0.1
ORD002319,PROD0296,4,605.83,0.15
ORD008543,PROD0239,5,3878.85,0.15
ORD016183,PROD0104,3,917.71,0.05
ORD013565,PROD0059,2,3884.69,0.0
ORD002459,PROD0011,5,569.66,0.1
ORD011418,PROD0088,5,255.81,0.05
ORD013631,PROD0090,3,1416.42,0.15
ORD008828,PROD0280,4,239.29,0.0
ORD006375,PROD0062,3,1731.8,0.05
ORD002482,PROD0267,3,1411.95,0.0
ORD017244,PROD0095,5,853.11,0.05
ORD015250,PROD0122,5,768.92,0.0
ORD011422,PROD0134,1,938.67,0.05
ORD017627,PROD0102,2,1726.73,0.2
ORD004497,PROD0116,5,435.35,0.05
ORD004129,PROD0270,5,546.81,0.1
ORD014624,PROD0122,3,768.92,0.0
ORD001386,PROD0146,5,2912.21,0.05
ORD013809,PROD0226,4,322.28,0.05
ORD006459,PROD0199,5,919.06,0.05
ORD008235,PROD0067,1,1836.4,0.2
ORD004291,PROD0042,3,5997.9,0.0
ORD013427,PROD0259,5,272.42,0.0
ORD010587,PROD0123,5,2787.07,0.05
ORD009914,PROD0011,5,569.66,0.15
ORD014503,PROD0086,3,1292.77,0.0
ORD007931,PROD0270,5,546.81,0.15
ORD009671,PROD0270,5,546.81,0.2
ORD003109,PROD0171,3,619.82,0.15
ORD002025,PROD0206,3,512.36,0.2
ORD009613,PROD0065,2,298.49,0.1
ORD005122,PROD0248,4,581.51,0.1
ORD012909,PROD0200,1,1906.63,0.2
ORD017477,PROD0233,4,865.79,0.05
ORD016585,PROD0275,2,1740.08,0.05
ORD012431,PROD0069,3,6450.78,0.0
ORD002795,PROD0230,4,1187.41,0.05
ORD003720,PROD0211,4,1092.8,0.15
ORD017614,PROD0011,1,569.66,0.1
ORD017326,PROD0104,3,917.71,0.1
ORD012585,PROD0111,2,843.13,0.05
ORD011239,PROD0243,4,4498.92,0.0
ORD003241,PROD0073,3,3798.83,0.1
ORD012228,PROD0045,3,1204.82,0.05
ORD004502,PROD0126,2,648.87,0.2
ORD002908,PROD0234,4,1884.98,0.0
ORD002951,PROD0295,4,450.65,0.0
ORD008825,PROD0062,1,1731.8,0.2
ORD008022,PROD0133,1,737.29,0.1
ORD001788,PROD0280,2,239.29,0.0
ORD003108,PROD0246,1,484.36,0.05
ORD006094,PROD0091,4,402.26,0.2
ORD008564,PROD0067,2,1836.4,0.05
ORD012510,PROD0050,4,138.33,0.1
ORD007966,PROD0162,4,377.71,0.0
ORD000528,PROD0062,3,1731.8,0.05
ORD011816,PROD0180,1,374.36,0.05
ORD014355,PROD0137,4,445.2,0.05
ORD012383,PROD0080,3,1973.58,0.05
ORD007377,PROD0257,5,994.46,0.2
ORD004444,PROD0074,2,701.79,0.05
ORD010644,PROD0200,1,1906.63,0.0
ORD015268,PROD0211,3,1092.8,0.15
ORD009725,PROD0241,1,215.23,0.05
ORD008073,PROD0193,3,3394.61,0.2
ORD013465,PROD0023,4,529.99,0.0
ORD009165,PROD0293,4,1136.47,0.05
ORD010145,PROD0065,1,298.49,0.05
ORD015997,PROD0140,3,4498.4,0.1
ORD002776,PROD0187,4,2575.23,0.0
ORD017393,PROD0226,4,322.28,0.15
ORD017467,PROD0132,1,1663.98,0.05
ORD001213,PROD0055,1,1758.65,0.2
ORD005225,PROD0009,2,419.4,0.0
ORD005690,PROD0290,3,3732.41,0.05
ORD009897,PROD0063,2,453.52,0.1
ORD014324,PROD0187,5,2575.23,0.2
ORD010744,PROD0296,4,605.83,0.1
ORD013472,PROD0168,3,1759.17,0.1
ORD014060,PROD0175,2,2260.04,0.2
ORD006217,PROD0021,5,2017.39,0.0
ORD016571,PROD0031,1,2790.09,0.0
ORD015020,PROD0238,5,1179.28,0.1
ORD000686,PROD0037,3,1059.57,0.0
ORD003533,PROD0112,3,3157.32,0.0
ORD009631,PROD0290,5,3732.41,0.05
ORD010691,PROD0154,2,611.42,0.2
ORD001482,PROD0089,1,390.25,0.1
ORD017821,PROD0272,4,834.67,0.0
ORD009203,PROD0203,4,1208.94,0.05
ORD014610,PROD0239,4,3878.85,0.1
ORD000638,PROD0175,4,2260.04,0.15
ORD006772,PROD0078,1,1498.55,0.15
ORD014561,PROD0203,3,1208.94,0.05
ORD015373,PROD0144,4,1097.89,0.1
ORD009837,PROD0046,3,423.5,0.05
ORD005405,PROD0283,1,1585.65,0.0
ORD010951,PROD0138,4,2041.26,0.05
ORD009947,PROD0160,5,2652.37,0.1
ORD014340,PROD0283,3,1585.65,0.05
ORD005341,PROD0211,1,1092.8,0.2
ORD008685,PROD0150,1,1469.35,0.05
ORD013075,PROD0134,2,938.67,0.0
ORD000989,PROD0161,2,1467.22,0.05
ORD005486,PROD0009,3,419.4,0.0
ORD017385,PROD0279,4,1760.62,0.2
ORD013166,PROD0096,2,830.36,0.15
ORD009872,PROD0093,3,2481.82,0.15
ORD017299,PROD0075,4,993.75,0.0
ORD016083,PROD0049,2,474.29,0.0
ORD016845,PROD0026,3,926.18,0.05
ORD016487,PROD0101,1,3596.1,0.15
ORD001553,PROD0189,3,260.5,0.1
ORD017985,PROD0057,5,1480.61,0.05
ORD011439,PROD0063,2,453.52,0.1
ORD004082,PROD0058,4,5552.05,0.15
ORD017714,PROD0290,5,3732.41,0.15
ORD002299,PROD0065,4,298.49,0.0
ORD000686,PROD0192,1,2094.72,0.1
ORD013930,PROD0154,1,611.42,0.1
ORD001804,PROD0239,5,3878.85,0.0
ORD005693,PROD0205,2,315.35,0.0
ORD015335,PROD0118,1,437.61,0.1
ORD008720,PROD0115,5,1198.13,0.05
ORD009027,PROD0063,4,453.52,0.05
ORD007441,PROD0013,5,2230.9,0.1
ORD016896,PROD0071,5,1519.69,0.2
ORD016054,PROD0052,5,1103.19,0.05
ORD006511,PROD0165,4,1341.44,0.15
ORD016741,PROD0118,2,437.61,0.0
ORD001602,PROD0135,2,1098.25,0.05
ORD002456,PROD0228,2,1012.55,0.0
ORD017277,PROD0220,4,1249.15,0.2
ORD001145,PROD0196,5,624.67,0.2
ORD009772,PROD0253,5,3782.92,0.1
ORD002180,PROD0057,1,1480.61,0.2
ORD009632,PROD0064,2,706.46,0.05
ORD005649,PROD0086,3,1292.77,0.1
ORD004492,PROD0082,5,835.72,0.0
ORD011091,PROD0108,1,1195.6,0.05
ORD005250,PROD0137,2,445.2,0.15
ORD003855,PROD0233,2,865.79,0.0
ORD012277,PROD0253,2,3782.92,0.0
ORD004459,PROD0002,3,1122.65,0.05
ORD007610,PROD0221,3,861.75,0.15
ORD000405,PROD0146,5,2912.21,0.0
ORD001844,PROD0212,4,936.47,0.05
ORD006947,PROD0015,5,768.6,0.0
ORD007872,PROD0241,2,215.23,0.0
ORD001863,PROD0060,5,511.57,0.1
ORD007449,PROD0249,3,4012.64,0.1
ORD015132,PROD0154,3,611.42,0.2
ORD003606,PROD0247,4,1013.19,0.1
ORD011933,PROD0247,5,1013.19,0.1
ORD003846,PROD0236,5,1243.22,0.1
ORD010388,PROD0144,4,1097.89,0.05
ORD016813,PROD0027,2,5305.88,0.0
ORD005905,PROD0273,4,1884.45,0.0
ORD014620,PROD0145,4,2107.82,0.2
ORD006074,PROD0225,4,670.12,0.1
ORD013213,PROD0201,3,1107.62,0.15
ORD000910,PROD0262,4,1081.48,0.05
ORD012841,PROD0200,5,1906.63,0.2
ORD016153,PROD0066,5,705.54,0.1
ORD003095,PROD0117,3,1622.14,0.2
ORD014187,PROD0117,3,1622.14,0.0
ORD010306,PROD0139,1,624.58,0.0
ORD003839,PROD0290,2,3732.41,0.05
ORD012158,PROD0260,3,2453.91,0.2
ORD015745,PROD0018,1,1106.42,0.15
ORD015849,PROD0082,4,835.72,0.15
ORD009447,PROD0047,1,743.87,0.2
ORD005991,PROD0292,1,526.18,0.05
ORD009983,PROD0239,1,3878.85,0.2
ORD013882,PROD0058,1,5552.05,0.1
ORD006127,PROD0296,4,605.83,0.15
ORD010203,PROD0053,2,499.98,0.15
ORD004038,PROD0005,5,5350.44,0.05
ORD002854,PROD0230,1,1187.41,0.0
ORD010327,PROD0239,4,3878.85,0.1
ORD009302,PROD0185,5,592.37,0.0
ORD004238,PROD0204,1,1064.24,0.1
ORD003423,PROD0194,5,2044.13,0.15
ORD005049,PROD0273,2,1884.45,0.15
ORD009614,PROD0093,1,2481.82,0.05
ORD001986,PROD0278,5,1418.31,0.0
ORD007039,PROD0009,1,419.4,0.0
ORD013701,PROD0009,5,419.4,0.05
ORD000707,PROD0018,1,1106.42,0.15
ORD015699,PROD0204,4,1064.24,0.2
ORD016030,PROD0268,1,1593.82,0.05
ORD009888,PROD0041,3,566.23,0.15
ORD001029,PROD0093,3,2481.82,0.05
ORD009627,PROD0078,3,1498.55,0.05
ORD013112,PROD0195,4,525.15,0.15
ORD006565,PROD0123,3,2787.07,0.05
ORD009015,PROD0053,3,499.98,0.0
ORD009094,PROD0172,2,3513.98,0.1
ORD017336,PROD0297,1,359.44,0.1
ORD016170,PROD0023,5,529.99,0.1
ORD005922,PROD0150,2,1469.35,0.05
ORD012936,PROD0044,5,2277.54,0.1
ORD007577,PROD0245,2,258.37,0.1
ORD009640,PROD0155,2,383.07,0.1
ORD010627,PROD0061,5,1808.63,0.05
ORD005400,PROD0200,2,1906.63,0.1
ORD011340,PROD0167,5,2511.68,0.1
ORD013325,PROD0295,1,450.65,0.15
ORD009250,PROD0121,1,1762.91,0.15
ORD006617,PROD0258,4,814.14,0.2
ORD007706,PROD0159,1,2084.31,0.2
ORD012831,PROD0072,1,4756.76,0.1
ORD007612,PROD0180,1,374.36,0.1
ORD000152,PROD0233,2,865.79,0.2
ORD014130,PROD0266,5,1066.97,0.2
ORD005416,PROD0202,2,1039.91,0.2
ORD002662,PROD0201,2,1107.62,0.15
ORD013394,PROD0144,4,1097.89,0.15
ORD000386,PROD0042,3,5997.9,0.05
ORD007471,PROD0050,1,138.33,0.2
ORD011601,PROD0224,4,4037.97,0.05
ORD008739,PROD0060,2,511.57,0.0
ORD014807,PROD0062,2,1731.8,0.1
ORD017560,PROD0051,1,257.94,0.1
ORD007859,PROD0285,2,1253.77,0.0
ORD008096,PROD0012,5,2384.44,0.0
ORD016643,PROD0274,5,356.93,0.05
ORD016392,PROD0096,1,830.36,0.15
ORD004725,PROD0215,4,496.9,0.1
ORD002691,PROD0247,1,1013.19,0.0
ORD007694,PROD0086,5,1292.77,0.0
ORD003874,PROD0133,1,737.29,0.0
ORD002438,PROD0200,3,1906.63,0.0
ORD014550,PROD0292,1,526.18,0.1
ORD000645,PROD0051,2,257.94,0.0
ORD006745,PROD0209,4,4636.93,0.05
ORD013006,PROD0199,3,919.06,0.1
ORD002465,PROD0236,3,1243.22,0.0
ORD005209,PROD0030,2,1536.54,0.05
ORD011856,PROD0239,5,3878.85,0.05
ORD011279,PROD0157,5,1342.68,0.1
ORD015220,PROD0259,3,272.42,0.1
ORD013479,PROD0035,4,914.62,0.05
ORD014304,PROD0072,4,4756.76,0.1
ORD001149,PROD0160,1,2652.37,0.1
ORD015741,PROD0054,3,1149.11,0.05
ORD015162,PROD0296,1,605.83,0.1
ORD000150,PROD0073,1,3798.83,0.05
ORD011186,PROD0281,1,5213.75,0.1
ORD017556,PROD0204,4,1064.24,0.0
ORD008096,PROD0195,2,525.15,0.05
ORD007396,PROD0283,1,1585.65,0.15
ORD007326,PROD0151,2,938.09,0.0
ORD006900,PROD0194,2,2044.13,0.1
ORD006390,PROD0016,1,2382.58,0.0
ORD001732,PROD0197,3,774.0,0.1
ORD005769,PROD0240,1,1736.87,0.1
ORD000994,PROD0292,5,526.18,0.15
ORD010466,PROD0067,1,1836.4,0.0
ORD016632,PROD0256,2,895.23,0.0
ORD014137,PROD0137,3,445.2,0.15
ORD004240,PROD0151,2,938.09,0.2
ORD002483,PROD0241,3,215.23,0.1
ORD015467,PROD0214,1,285.7,0.2
ORD014908,PROD0019,2,2132.91,0.0
ORD014320,PROD0105,4,813.74,0.15
ORD002582,PROD0221,2,861.75,0.15
ORD006402,PROD0168,1,1759.17,0.1
ORD013784,PROD0176,1,890.34,0.2
ORD013390,PROD0261,4,1950.36,0.1
ORD003484,PROD0198,4,1910.21,0.05
ORD017722,PROD0239,2,3878.85,0.05
ORD008551,PROD0110,2,2045.64,0.0
ORD012685,PROD0044,2,2277.54,0.15
ORD006338,PROD0027,5,5305.88,0.1
ORD006910,PROD0143,3,2026.75,0.0
ORD006654,PROD0053,2,499.98,0.05
ORD016819,PROD0027,2,5305.88,0.15
ORD017297,PROD0085,4,2361.96,0.0
ORD010590,PROD0151,2,938.09,0.1
ORD007644,PROD0002,3,1122.65,0.1
ORD007935,PROD0131,5,719.35,0.0
ORD004923,PROD0245,4,258.37,0.05
ORD012239,PROD0152,1,3664.43,0.05
ORD017568,PROD0037,4,1059.57,0.05
ORD000605,PROD0025,3,585.99,0.0
ORD012347,PROD0132,5,1663.98,0.15
ORD001828,PROD0132,2,1663.98,0.0
ORD011311,PROD0053,1,499.98,0.2
ORD012048,PROD0145,5,2107.82,0.05
ORD017426,PROD0258,5,814.14,0.15
ORD006686,PROD0211,1,1092.8,0.15
ORD002710,PROD0053,3,499.98,0.0
ORD005776,PROD0125,4,1338.46,0.05
ORD002036,PROD0106,2,770.07,0.05
ORD000291,PROD0279,5,1760.62,0.1
ORD007771,PROD0088,4,255.81,0.0
ORD016415,PROD0214,5,285.7,0.05
ORD011625,PROD0017,5,5213.81,0.0
ORD002972,PROD0013,2,2230.9,0.05
ORD011114,PROD0211,4,1092.8,0.05
ORD014622,PROD0204,4,1064.24,0.05
ORD005104,PROD0275,3,1740.08,0.1
ORD013361,PROD0237,4,1008.9,0.1
ORD000810,PROD0090,3,1416.42,0.05
ORD010140,PROD0046,5,423.5,0.0
ORD000126,PROD0234,1,1884.98,0.05
ORD006906,PROD0070,4,2065.33,0.0
ORD016770,PROD0295,1,450.65,0.1
ORD017781,PROD0129,4,2715.49,0.05
ORD013545,PROD0077,2,372.07,0.1
ORD001659,PROD0152,4,3664.43,0.05
ORD002741,PROD0244,2,1140.3,0.05
ORD007145,PROD0245,1,258.37,0.1
ORD004449,PROD0212,4,936.47,0.1
ORD009142,PROD0190,3,1494.94,0.15
ORD004194,PROD0122,4,768.92,0.1
ORD014956,PROD0182,2,1491.37,0.0
ORD017113,PROD0036,1,2265.4,0.0
ORD010984,PROD0036,1,2265.4,0.05
ORD011465,PROD0219,5,1088.5,0.2
ORD014423,PROD0045,4,1204.82,0.0
ORD003724,PROD0215,4,496.9,0.0
ORD005382,PROD0239,2,3878.85,0.1
ORD014640,PROD0143,3,2026.75,0.2
ORD008078,PROD0143,1,2026.75,0.05
ORD008416,PROD0073,1,3798.83,0.1
ORD005707,PROD0074,3,701.79,0.05
ORD006876,PROD0011,3,569.66,0.05
ORD013400,PROD0274,2,356.93,0.0
ORD009701,PROD0034,5,1106.13,0.1
ORD009778,PROD0249,2,4012.64,0.2
ORD002324,PROD0222,3,803.44,0.05
ORD004369,PROD0258,2,814.14,0.1
ORD015504,PROD0248,3,581.51,0.15
ORD000220,PROD0177,3,1733.37,0.05
ORD007242,PROD0292,5,526.18,0.05
ORD002476,PROD0168,5,1759.17,0.05
ORD013206,PROD0274,1,356.93,0.05
ORD012573,PROD0196,4,624.67,0.05
ORD016026,PROD0049,1,474.29,0.1
ORD007499,PROD0268,3,1593.82,0.15
ORD009904,PROD0021,5,2017.39,0.05
ORD012298,PROD0251,2,1056.88,0.15
ORD001134,PROD0230,5,1187.41,0.15
ORD000951,PROD0085,2,2361.96,0.2
ORD012517,PROD0012,5,2384.44,0.05
ORD003381,PROD0177,3,1733.37,0.1
ORD000636,PROD0244,3,1140.3,0.0
ORD017128,PROD0159,4,2084.31,0.1
ORD003947,PROD0293,4,1136.47,0.0
ORD012572,PROD0188,3,5555.06,0.1
ORD008499,PROD0144,2,1097.89,0.05
ORD004647,PROD0099,1,550.57,0.1
ORD000228,PROD0155,5,383.07,0.0
ORD006415,PROD0232,5,480.05,0.05
ORD003959,PROD0231,2,1734.21,0.1
ORD017777,PROD0060,5,511.57,0.0
ORD000514,PROD0223,4,1507.47,0.05
ORD004281,PROD0143,4,2026.75,0.0
ORD017311,PROD0102,5,1726.73,0.0
ORD001424,PROD0023,1,529.99,0.0
ORD012444,PROD0290,5,3732.41,0.2
ORD005631,PROD0043,3,950.69,0.2
ORD015870,PROD0266,4,1066.97,0.0
ORD015927,PROD0235,1,1069.09,0.1
ORD007429,PROD0131,3,719.35,0.1
ORD004346,PROD0016,4,2382.58,0.1
ORD005300,PROD0232,3,480.05,0.1
ORD002268,PROD0111,5,843.13,0.05
ORD008642,PROD0201,4,1107.62,0.0
ORD014253,PROD0046,4,423.5,0.0
ORD000183,PROD0158,3,1130.19,0.05
ORD017800,PROD0118,1,437.61,0.0
ORD011723,PROD0147,5,1277.67,0.15
ORD008835,PROD0064,3,706.46,0.1
ORD009793,PROD0019,3,2132.91,0.1
ORD001180,PROD0258,3,814.14,0.05
ORD009794,PROD0112,4,3157.32,0.0
ORD013493,PROD0066,2,705.54,0.15
ORD014754,PROD0134,4,938.67,0.1
ORD005385,PROD0060,5,511.57,0.1
ORD009938,PROD0061,2,1808.63,0.05
ORD007760,PROD0081,5,2207.21,0.1
ORD014836,PROD0270,2,546.81,0.2
ORD012284,PROD0223,3,1507.47,0.05
ORD013254,PROD0013,4,2230.9,0.1
ORD010953,PROD0264,1,409.67,0.0
ORD013938,PROD0217,2,748.27,0.05
ORD013231,PROD0266,5,1066.97,0.2
ORD006852,PROD0208,4,1605.39,0.05
ORD000368,PROD0095,2,853.11,0.15
ORD013913,PROD0118,3,437.61,0.2
ORD009427,PROD0167,1,2511.68,0.2
ORD007713,PROD0031,2,2790.09,0.05
ORD008353,PROD0115,5,1198.13,0.0
ORD011480,PROD0049,1,474.29,0.1
ORD010028,PROD0199,2,919.06,0.1
ORD004711,PROD0115,3,1198.13,0.15
ORD016343,PROD0028,3,740.62,0.0
ORD016726,PROD0218,2,852.15,0.05
ORD017335,PROD0092,1,2466.2,0.2
ORD013638,PROD0141,1,526.7,0.2
ORD009206,PROD0281,2,5213.75,0.1
ORD006184,PROD0193,4,3394.61,0.1
ORD011281,PROD0217,1,748.27,0.0
ORD000264,PROD0080,4,1973.58,0.2
ORD016208,PROD0284,5,1551.66,0.0
ORD014800,PROD0137,2,445.2,0.0
ORD011368,PROD0168,3,1759.17,0.1
ORD001559,PROD0157,3,1342.68,0.1
ORD006541,PROD0098,2,1788.67,0.1
ORD009132,PROD0256,1,895.23,0.15
ORD010848,PROD0155,3,383.07,0.1
ORD003575,PROD0293,4,1136.47,0.0
ORD001960,PROD0225,5,670.12,0.2
ORD001723,PROD0164,4,1896.67,0.0
ORD016767,PROD0016,4,2382.58,0.05
ORD012379,PROD0056,4,1815.37,0.1
ORD005845,PROD0096,3,830.36,0.05
ORD008771,PROD0051,5,257.94,0.05
ORD002133,PROD0239,2,3878.85,0.1
ORD013403,PROD0097,2,2244.75,0.2
ORD001136,PROD0133,1,737.29,0.0
ORD016739,PROD0099,5,550.57,0.1
ORD003864,PROD0112,3,3157.32,0.1
ORD017355,PROD0168,5,1759.17,0.0
ORD012140,PROD0243,1,4498.92,0.0
ORD009699,PROD0161,5,1467.22,0.2
ORD000295,PROD0247,1,1013.19,0.1
ORD013020,PROD0189,3,260.5,0.0
ORD006637,PROD0260,3,2453.91,0.05
ORD001212,PROD0064,2,706.46,0.1
ORD015607,PROD0092,4,2466.2,0.1
ORD011739,PROD0108,5,1195.6,0.0
ORD009981,PROD0283,4,1585.65,0.0
ORD008013,PROD0118,4,437.61,0.1
ORD009228,PROD0021,3,2017.39,0.1
ORD013498,PROD0040,3,5448.94,0.15
ORD017972,PROD0207,1,4103.55,0.0
ORD011983,PROD0266,5,1066.97,0.05
ORD000143,PROD0020,5,2005.81,0.1
ORD005023,PROD0102,2,1726.73,0.2
ORD001506,PROD0125,2,1338.46,0.1
ORD009382,PROD0050,3,138.33,0.15
ORD002994,PROD0189,4,260.5,0.0
ORD006683,PROD0249,5,4012.64,0.0
ORD012736,PROD0039,4,748.33,0.1
ORD016609,PROD0291,5,859.37,0.05
ORD006540,PROD0070,2,2065.33,0.0
ORD016018,PROD0247,4,1013.19,0.05
ORD005371,PROD0145,4,2107.82,0.1
ORD002916,PROD0264,2,409.67,0.15
ORD013188,PROD0004,5,1005.11,0.0
ORD003138,PROD0044,5,2277.54,0.2
ORD010611,PROD0007,3,838.82,0.0
ORD014512,PROD0129,1,2715.49,0.05
ORD012766,PROD0191,4,425.27,0.1
ORD010304,PROD0021,3,2017.39,0.0
ORD005765,PROD0055,5,1758.65,0.15
ORD008891,PROD0291,2,859.37,0.2
ORD003070,PROD0253,4,3782.92,0.0
ORD012879,PROD0190,1,1494.94,0.0
ORD003323,PROD0139,2,624.58,0.2
ORD014324,PROD0251,4,1056.88,0.0
ORD008587,PROD0129,4,2715.49,0.0
ORD002607,PROD0055,1,1758.65,0.05
ORD011357,PROD0234,2,1884.98,0.15
ORD008397,PROD0087,5,2381.84,0.0
ORD016809,PROD0120,2,3592.34,0.0
ORD006253,PROD0144,4,1097.89,0.15
ORD004627,PROD0194,3,2044.13,0.1
ORD000632,PROD0072,1,4756.76,0.1
ORD008000,PROD0162,4,377.71,0.05
ORD008298,PROD0044,3,2277.54,0.0
ORD016505,PROD0143,3,2026.75,0.0
ORD014175,PROD0266,3,1066.97,0.0
ORD001836,PROD0235,2,1069.09,0.1
ORD010084,PROD0068,2,2579.6,0.0
ORD008088,PROD0038,1,1310.24,0.0
ORD003321,PROD0183,1,606.73,0.05
ORD013011,PROD0224,5,4037.97,0.1
ORD011669,PROD0020,2,2005.81,0.0
ORD004819,PROD0137,3,445.2,0.0
ORD003085,PROD0264,5,409.67,0.0
ORD011349,PROD0269,3,528.68,0.2
ORD012589,PROD0266,4,1066.97,0.1
ORD011143,PROD0059,2,3884.69,0.0
ORD006642,PROD0286,2,722.33,0.2
ORD016648,PROD0155,1,383.07,0.05
ORD006848,PROD0119,5,1545.4,0.1
ORD016864,PROD0006,1,997.09,0.1
ORD006986,PROD0121,4,1762.91,0.1
ORD017897,PROD0196,1,624.67,0.1
ORD000294,PROD0251,3,1056.88,0.05
ORD008799,PROD0255,4,2724.93,0.0
ORD004085,PROD0177,4,1733.37,0.05
ORD008286,PROD0283,4,1585.65,0.1
ORD008180,PROD0100,3,1535.02,0.1
ORD014091,PROD0078,3,1498.55,0.1
ORD010036,PROD0022,2,174.42,0.0
ORD003930,PROD0097,2,2244.75,0.0
ORD012843,PROD0204,3,1064.24,0.1
ORD015532,PROD0265,1,709.86,0.1
ORD007186,PROD0222,1,803.44,0.0
ORD004255,PROD0019,3,2132.91,0.15
ORD004123,PROD0213,2,475.42,0.1
ORD014568,PROD0003,5,2931.9,0.1
ORD005302,PROD0197,2,774.0,0.15
ORD008142,PROD0011,4,569.66,0.2
ORD003922,PROD0259,1,272.42,0.1
ORD005665,PROD0270,1,546.81,0.05
ORD010969,PROD0187,1,2575.23,0.0
ORD017117,PROD0226,1,322.28,0.05
ORD000099,PROD0014,1,596.75,0.05
ORD010817,PROD0222,5,803.44,0.15
ORD011863,PROD0130,5,1402.05,0.05
ORD015954,PROD0158,5,1130.19,0.2
ORD015138,PROD0182,1,1491.37,0.15
ORD010840,PROD0196,4,624.67,0.1
ORD010451,PROD0196,5,624.67,0.05
ORD012604,PROD0133,4,737.29,0.05
ORD001026,PROD0016,2,2382.58,0.2
ORD008884,PROD0168,5,1759.17,0.05
ORD000097,PROD0256,3,895.23,0.1
ORD014294,PROD0240,5,1736.87,0.0
ORD003906,PROD0260,1,2453.91,0.05
ORD017836,PROD0125,2,1338.46,0.2
ORD014470,PROD0093,2,2481.82,0.15
ORD007060,PROD0205,1,315.35,0.2
ORD011928,PROD0123,4,2787.07,0.05
ORD003344,PROD0134,3,938.67,0.15
ORD012482,PROD0139,3,624.58,0.1
ORD015389,PROD0006,5,997.09,0.15
ORD012897,PROD0006,2,997.09,0.2
ORD015251,PROD0003,1,2931.9,0.1
ORD006119,PROD0102,2,1726.73,0.15
ORD004828,PROD0084,5,787.16,0.1
ORD007763,PROD0046,3,423.5,0.05
ORD009988,PROD0064,1,706.46,0.0
ORD000940,PROD0237,3,1008.9,0.0
ORD014326,PROD0131,5,719.35,0.0
ORD002900,PROD0044,3,2277.54,0.05
ORD012180,PROD0171,1,619.82,0.05
ORD015292,PROD0228,2,1012.55,0.15
ORD017331,PROD0260,4,2453.91,0.0
ORD005933,PROD0277,1,668.68,0.1
ORD016219,PROD0020,2,2005.81,0.0
ORD001779,PROD0280,3,239.29,0.15
ORD003662,PROD0027,3,5305.88,0.0
ORD012021,PROD0267,1,1411.95,0.2
ORD012515,PROD0047,2,743.87,0.05
ORD004717,PROD0130,3,1402.05,0.15
ORD003014,PROD0005,5,5350.44,0.05
ORD004969,PROD0042,2,5997.9,0.1
ORD006954,PROD0047,2,743.87,0.1
ORD014195,PROD0088,4,255.81,0.1
ORD017290,PROD0158,2,1130.19,0.05
ORD012609,PROD0177,5,1733.37,0.2
ORD009620,PROD0021,3,2017.39,0.05
ORD007043,PROD0245,1,258.37,0.1
ORD017703,PROD0095,2,853.11,0.1
ORD003220,PROD0233,4,865.79,0.1
ORD004640,PROD0227,2,663.99,0.1
ORD001639,PROD0228,4,1012.55,0.0
ORD008129,PROD0149,1,231.51,0.0
ORD003825,PROD0169,4,2484.01,0.2
ORD011815,PROD0180,1,374.36,0.05
ORD002557,PROD0236,2,1243.22,0.1
ORD014318,PROD0110,2,2045.64,0.05
ORD009641,PROD0039,1,748.33,0.05
ORD001255,PROD0197,4,774.0,0.2
ORD016700,PROD0106,2,770.07,0.05
ORD003402,PROD0170,2,1486.76,0.0
ORD017524,PROD0183,1,606.73,0.0
ORD017222,PROD0220,5,1249.15,0.2
ORD011751,PROD0064,4,706.46,0.1
ORD012636,PROD0155,3,383.07,0.0
ORD002052,PROD0223,4,1507.47,0.1
ORD016610,PROD0147,1,1277.67,0.05
ORD006074,PROD0166,4,655.43,0.2
ORD014309,PROD0168,4,1759.17,0.1
ORD017794,PROD0233,2,865.79,0.2
ORD014172,PROD0135,3,1098.25,0.1
ORD003162,PROD0149,4,231.51,0.1
ORD003016,PROD0029,1,1224.14,0.05
ORD002135,PROD0252,2,1091.64,0.0
ORD017128,PROD0141,3,526.7,0.1
ORD010622,PROD0297,1,359.44,0.05
ORD011066,PROD0294,3,608.79,0.2
ORD011561,PROD0168,5,1759.17,0.0
ORD009143,PROD0291,3,859.37,0.0
ORD000292,PROD0184,3,734.18,0.0
ORD009780,PROD0166,5,655.43,0.0
ORD002013,PROD0039,5,748.33,0.05
ORD015970,PROD0157,1,1342.68,0.1
ORD008001,PROD0024,5,3557.69,0.15
ORD014964,PROD0247,2,1013.19,0.2
ORD001529,PROD0044,1,2277.54,0.15
ORD002002,PROD0002,3,1122.65,0.0
ORD000938,PROD0177,1,1733.37,0.05
ORD007088,PROD0070,5,2065.33,0.0
ORD013510,PROD0058,4,5552.05,0.1
ORD006987,PROD0212,1,936.47,0.0
ORD014769,PROD0290,1,3732.41,0.05
ORD006862,PROD0227,4,663.99,0.1
ORD005036,PROD0275,2,1740.08,0.15
ORD002509,PROD0093,2,2481.82,0.2
ORD013689,PROD0043,4,950.69,0.15
ORD013851,PROD0251,4,1056.88,0.05
ORD014757,PROD0119,1,1545.4,0.1
ORD001487,PROD0258,5,814.14,0.1
ORD001680,PROD0088,5,255.81,0.15
ORD016608,PROD0083,2,1558.0,0.0
ORD015709,PROD0145,3,2107.82,0.15
ORD003710,PROD0091,2,402.26,0.0
ORD006219,PROD0080,5,1973.58,0.1
ORD002611,PROD0274,1,356.93,0.15
ORD006426,PROD0181,1,218.55,0.15
ORD014046,PROD0083,2,1558.0,0.0
ORD007062,PROD0041,3,566.23,0.15
ORD002321,PROD0240,4,1736.87,0.05
ORD008285,PROD0226,2,322.28,0.15
ORD015832,PROD0299,1,3528.34,0.05
ORD015759,PROD0037,1,1059.57,0.0
ORD013017,PROD0031,5,2790.09,0.05
ORD013262,PROD0148,5,2479.32,0.1
ORD006925,PROD0071,4,1519.69,0.2
ORD003489,PROD0108,2,1195.6,0.1
ORD007071,PROD0051,3,257.94,0.1
ORD010361,PROD0038,2,1310.24,0.0
ORD013441,PROD0237,5,1008.9,0.15
ORD007671,PROD0172,3,3513.98,0.0
ORD003813,PROD0050,1,138.33,0.1
ORD014860,PROD0136,2,4655.74,0.0
ORD010905,PROD0296,2,605.83,0.1
ORD006845,PROD0047,1,743.87,0.1
ORD000004,PROD0004,5,1005.11,0.15
ORD012702,PROD0208,3,1605.39,0.15
ORD003450,PROD0112,3,3157.32,0.1
ORD004339,PROD0072,5,4756.76,0.1
ORD017481,PROD0101,4,3596.1,0.2
ORD005547,PROD0209,4,4636.93,0.1
ORD013260,PROD0029,2,1224.14,0.05
ORD001853,PROD0191,5,425.27,0.15
ORD001083,PROD0070,4,2065.33,0.1
ORD012296,PROD0093,1,2481.82,0.0
ORD016033,PROD0037,1,1059.57,0.2
ORD003268,PROD0246,3,484.36,0.0
ORD011577,PROD0143,1,2026.75,0.05
ORD004270,PROD0131,5,719.35,0.15
ORD014021,PROD0075,4,993.75,0.1
ORD012064,PROD0061,4,1808.63,0.05
ORD008569,PROD0293,4,1136.47,0.1
ORD000197,PROD0142,2,536.55,0.1
ORD004226,PROD0246,3,484.36,0.15
ORD002437,PROD0020,1,2005.81,0.2
ORD012997,PROD0273,1,1884.45,0.0
ORD009105,PROD0097,5,2244.75,0.0
ORD010982,PROD0183,2,606.73,0.0
ORD016753,PROD0163,5,703.11,0.15
ORD008198,PROD0040,3,5448.94,0.1
ORD000912,PROD0140,3,4498.4,0.0
ORD014376,PROD0162,4,377.71,0.0
ORD001794,PROD0126,1,648.87,0.1
ORD000410,PROD0234,1,1884.98,0.05
ORD017299,PROD0299,5,3528.34,0.2
ORD003063,PROD0248,4,581.51,0.1
ORD007539,PROD0031,4,2790.09,0.0
ORD016995,PROD0179,1,608.27,0.15
ORD008328,PROD0120,3,3592.34,0.0
ORD014397,PROD0179,5,608.27,0.05
ORD012289,PROD0264,1,409.67,0.05
ORD004827,PROD0127,1,1166.2,0.2
ORD006832,PROD0005,3,5350.44,0.0
ORD014668,PROD0046,5,423.5,0.05
ORD005148,PROD0167,2,2511.68,0.0
ORD007374,PROD0042,1,5997.9,0.1
ORD006851,PROD0085,4,2361.96,0.05
ORD000275,PROD0276,2,1150.97,0.0
ORD010132,PROD0190,2,1494.94,0.15
ORD003512,PROD0070,4,2065.33,0.05
ORD002082,PROD0016,1,2382.58,0.15
ORD002764,PROD0035,3,914.62,0.0
ORD006380,PROD0065,4,298.49,0.1
ORD000971,PROD0153,3,192.77,0.05
ORD011421,PROD0103,5,814.61,0.1
ORD010886,PROD0003,3,2931.9,0.1
ORD000332,PROD0259,3,272.42,0.2
ORD006149,PROD0018,5,1106.42,0.05
ORD008567,PROD0166,4,655.43,0.05
ORD005708,PROD0188,4,5555.06,0.05
ORD003606,PROD0148,3,2479.32,0.0
ORD016251,PROD0208,1,1605.39,0.2
ORD014226,PROD0013,5,2230.9,0.1
ORD010828,PROD0074,2,701.79,0.1
ORD012570,PROD0067,1,1836.4,0.2
ORD005495,PROD0077,1,372.07,0.1
ORD001893,PROD0228,1,1012.55,0.1
ORD016895,PROD0107,4,416.19,0.2
ORD014582,PROD0197,5,774.0,0.1
ORD008266,PROD0234,5,1884.98,0.0
ORD012091,PROD0013,5,2230.9,0.15
ORD010558,PROD0023,3,529.99,0.0
ORD000549,PROD0051,3,257.94,0.2
ORD014931,PROD0171,5,619.82,0.05
ORD006395,PROD0115,2,1198.13,0.1
ORD010049,PROD0139,1,624.58,0.15
ORD014671,PROD0118,4,437.61,0.0
ORD011618,PROD0090,3,1416.42,0.05
ORD004113,PROD0202,4,1039.91,0.1
ORD005987,PROD0021,5,2017.39,0.15
ORD016986,PROD0290,5,3732.41,0.05
ORD004304,PROD0081,1,2207.21,0.15
ORD014923,PROD0002,3,1122.65,0.2
ORD005721,PROD0019,1,2132.91,0.1
ORD004027,PROD0282,2,1059.41,0.05
ORD002632,PROD0228,4,1012.55,0.05
ORD002873,PROD0263,3,754.46,0.1
ORD016064,PROD0273,4,1884.45,0.2
ORD013244,PROD0102,3,1726.73,0.05
ORD016891,PROD0259,3,272.42,0.05
ORD009996,PROD0240,1,1736.87,0.0
ORD003434,PROD0189,5,260.5,0.05
ORD010483,PROD0189,2,260.5,0.0
ORD009372,PROD0231,5,1734.21,0.1
ORD015239,PROD0164,4,1896.67,0.1
ORD015131,PROD0008,3,1428.37,0.1
ORD014830,PROD0077,2,372.07,0.0
ORD015305,PROD0090,5,1416.42,0.1
ORD012430,PROD0179,3,608.27,0.15
ORD015390,PROD0007,4,838.82,0.05
ORD002504,PROD0079,2,1557.75,0.1
ORD011393,PROD0168,1,1759.17,0.1
ORD007557,PROD0005,3,5350.44,0.05
ORD012781,PROD0113,5,495.12,0.0
ORD003650,PROD0269,4,528.68,0.05
ORD007587,PROD0250,1,468.3,0.0
ORD000071,PROD0280,5,239.29,0.05
ORD015795,PROD0218,2,852.15,0.05
ORD010750,PROD0112,1,3157.32,0.05
ORD004740,PROD0231,4,1734.21,0.2
ORD007562,PROD0215,3,496.9,0.0
ORD013241,PROD0281,4,5213.75,0.1
ORD001380,PROD0270,3,546.81,0.1
ORD001307,PROD0233,5,865.79,0.05
ORD010904,PROD0256,4,895.23,0.15
ORD000531,PROD0126,4,648.87,0.0
ORD003777,PROD0163,4,703.11,0.0
ORD014867,PROD0169,5,2484.01,0.1
ORD015136,PROD0159,4,2084.31,0.1
ORD000148,PROD0235,3,1069.09,0.0
ORD008287,PROD0052,5,1103.19,0.05
ORD004602,PROD0171,4,619.82,0.05
ORD016072,PROD0021,1,2017.39,0.15
ORD017861,PROD0155,3,383.07,0.0
ORD002294,PROD0046,2,423.5,0.0
ORD015029,PROD0286,3,722.33,0.2
ORD003814,PROD0043,1,950.69,0.1
ORD008918,PROD0189,1,260.5,0.05
ORD011143,PROD0258,4,814.14,0.0
ORD014357,PROD0013,5,2230.9,0.15
ORD011814,PROD0256,2,895.23,0.0
ORD014607,PROD0033,3,726.59,0.0
ORD007150,PROD0291,3,859.37,0.05
ORD003363,PROD0133,4,737.29,0.05
ORD008052,PROD0057,1,1480.61,0.2
ORD014652,PROD0037,4,1059.57,0.2
ORD001630,PROD0086,3,1292.77,0.0
ORD010363,PROD0229,5,251.37,0.05
ORD001912,PROD0215,4,496.9,0.05
ORD013260,PROD0297,3,359.44,0.0
ORD009603,PROD0160,3,2652.37,0.1
ORD008257,PROD0070,1,2065.33,0.1
ORD016437,PROD0220,5,1249.15,0.05
ORD009261,PROD0004,5,1005.11,0.05
ORD001077,PROD0173,4,1893.36,0.15
ORD003139,PROD0265,3,709.86,0.0
ORD012749,PROD0172,1,3513.98,0.2
ORD003597,PROD0111,2,843.13,0.15
ORD010973,PROD0266,3,1066.97,0.0
ORD004762,PROD0240,1,1736.87,0.05
ORD002151,PROD0173,3,1893.36,0.0
ORD010621,PROD0018,5,1106.42,0.0
ORD004527,PROD0070,2,2065.33,0.1
ORD009502,PROD0219,5,1088.5,0.15
ORD000438,PROD0274,3,356.93,0.1
ORD013079,PROD0075,4,993.75,0.0
ORD005388,PROD0179,1,608.27,0.0
ORD010598,PROD0082,5,835.72,0.1
ORD007714,PROD0047,3,743.87,0.1
ORD016054,PROD0271,3,1034.8,0.05
ORD003926,PROD0246,5,484.36,0.1
ORD016658,PROD0008,3,1428.37,0.15
ORD006940,PROD0143,5,2026.75,0.0
ORD006801,PROD0091,4,402.26,0.15
ORD010408,PROD0006,5,997.09,0.0
ORD008548,PROD0277,2,668.68,0.05
ORD009475,PROD0004,4,1005.11,0.1
ORD014502,PROD0203,1,1208.94,0.2
ORD000514,PROD0277,4,668.68,0.15
ORD015524,PROD0105,1,813.74,0.0
ORD000166,PROD0087,5,2381.84,0.05
ORD009320,PROD0225,4,670.12,0.05
ORD012917,PROD0243,2,4498.92,0.0
ORD006610,PROD0107,1,416.19,0.0
ORD005904,PROD0193,4,3394.61,0.1
ORD006290,PROD0032,5,1792.53,0.05
ORD004666,PROD0162,4,377.71,0.1
ORD006424,PROD0228,1,1012.55,0.0
ORD011805,PROD0227,3,663.99,0.15
ORD001899,PROD0070,4,2065.33,0.0
ORD000745,PROD0011,1,569.66,0.05
ORD008329,PROD0219,1,1088.5,0.15
ORD016092,PROD0004,4,1005.11,0.05
ORD011705,PROD0134,5,938.67,0.15
ORD000259,PROD0188,5,5555.06,0.0
ORD013835,PROD0167,3,2511.68,0.0
ORD002957,PROD0297,3,359.44,0.1
ORD003494,PROD0056,3,1815.37,0.15
ORD013116,PROD0087,2,2381.84,0.0
ORD007763,PROD0183,3,606.73,0.15
ORD005994,PROD0161,5,1467.22,0.2
ORD012579,PROD0151,4,938.09,0.0
ORD009415,PROD0153,4,192.77,0.0
ORD008229,PROD0290,2,3732.41,0.0
ORD008884,PROD0156,1,1302.29,0.0
ORD010052,PROD0159,5,2084.31,0.15
ORD000612,PROD0273,3,1884.45,0.0
ORD001078,PROD0274,4,356.93,0.05
ORD006761,PROD0222,2,803.44,0.1
ORD012644,PROD0215,5,496.9,0.0
ORD002822,PROD0064,5,706.46,0.2
ORD009030,PROD0184,3,734.18,0.0
ORD005835,PROD0048,5,2692.11,0.1
ORD014653,PROD0046,1,423.5,0.2
ORD017020,PROD0088,2,255.81,0.1
ORD015194,PROD0014,5,596.75,0.1
ORD006922,PROD0268,3,1593.82,0.0
ORD000490,PROD0137,3,445.2,0.1
ORD004202,PROD0264,3,409.67,0.0
ORD007911,PROD0129,5,2715.49,0.0
ORD000924,PROD0204,1,1064.24,0.1
ORD011353,PROD0266,2,1066.97,0.1
ORD005030,PROD0278,5,1418.31,0.0
ORD015510,PROD0292,2,526.18,0.1
ORD011050,PROD0255,4,2724.93,0.05
ORD008912,PROD0079,5,1557.75,0.1
ORD014246,PROD0235,2,1069.09,0.15
ORD006192,PROD0249,2,4012.64,0.05
ORD015069,PROD0238,4,1179.28,0.1
ORD002632,PROD0190,1,1494.94,0.15
ORD008441,PROD0068,4,2579.6,0.2
ORD006034,PROD0010,1,1326.68,0.05
ORD012202,PROD0261,4,1950.36,0.0
ORD011450,PROD0185,5,592.37,0.05
ORD014559,PROD0117,1,1622.14,0.0
ORD007108,PROD0029,5,1224.14,0.0
ORD009504,PROD0229,4,251.37,0.1
ORD003256,PROD0175,2,2260.04,0.0
ORD009080,PROD0245,1,258.37,0.05
ORD008182,PROD0145,4,2107.82,0.05
ORD010949,PROD0231,2,1734.21,0.1
ORD009853,PROD0253,5,3782.92,0.05
ORD010956,PROD0095,5,853.11,0.2
ORD004150,PROD0225,4,670.12,0.2
ORD000344,PROD0033,3,726.59,0.15
ORD005396,PROD0209,1,4636.93,0.0
ORD011235,PROD0056,2,1815.37,0.0
ORD005894,PROD0255,4,2724.93,0.1
ORD003657,PROD0094,3,1585.84,0.1
ORD002830,PROD0139,2,624.58,0.05
ORD015352,PROD0187,4,2575.23,0.0
ORD013107,PROD0130,3,1402.05,0.05
ORD014692,PROD0207,3,4103.55,0.05
ORD011190,PROD0205,2,315.35,0.1
ORD016455,PROD0290,1,3732.41,0.0
ORD001250,PROD0067,4,1836.4,0.05
ORD005593,PROD0164,5,1896.67,0.0
ORD016282,PROD0038,3,1310.24,0.0
ORD013236,PROD0224,4,4037.97,0.05
ORD011534,PROD0140,3,4498.4,0.15
ORD004060,PROD0135,2,1098.25,0.15
ORD009610,PROD0209,4,4636.93,0.1
ORD006537,PROD0180,5,374.36,0.0
ORD015323,PROD0177,2,1733.37,0.1
ORD009904,PROD0152,2,3664.43,0.1
ORD001814,PROD0187,5,2575.23,0.15
ORD014909,PROD0142,3,536.55,0.2
ORD014998,PROD0016,4,2382.58,0.1
ORD001597,PROD0006,5,997.09,0.1
ORD002655,PROD0229,2,251.37,0.05
ORD012195,PROD0153,1,192.77,0.0
ORD008641,PROD0121,2,1762.91,0.05
ORD017816,PROD0047,3,743.87,0.1
ORD012317,PROD0179,5,608.27,0.1
ORD013990,PROD0032,4,1792.53,0.0
ORD016399,PROD0173,3,1893.36,0.0
ORD005956,PROD0184,3,734.18,0.1
ORD015848,PROD0105,2,813.74,0.0
ORD005213,PROD0053,3,499.98,0.1
ORD005715,PROD0295,1,450.65,0.15
ORD007004,PROD0090,5,1416.42,0.05
ORD012167,PROD0171,2,619.82,0.05
ORD010020,PROD0298,4,392.05,0.15
ORD009054,PROD0189,2,260.5,0.2
ORD016127,PROD0265,2,709.86,0.05
ORD006246,PROD0216,2,2535.43,0.05
ORD000206,PROD0095,4,853.11,0.05
ORD006628,PROD0238,4,1179.28,0.0
ORD016367,PROD0265,1,709.86,0.05
ORD004758,PROD0059,4,3884.69,0.15
ORD010501,PROD0219,5,1088.5,0.05
ORD014867,PROD0165,3,1341.44,0.2
ORD017937,PROD0094,4,1585.84,0.15
ORD015406,PROD0192,2,2094.72,0.0
ORD011297,PROD0051,5,257.94,0.15
ORD008524,PROD0091,5,402.26,0.0
ORD005339,PROD0056,2,1815.37,0.05
ORD000804,PROD0151,1,938.09,0.05
ORD007523,PROD0077,4,372.07,0.15
ORD004771,PROD0072,4,4756.76,0.1
ORD012781,PROD0016,1,2382.58,0.1
ORD006200,PROD0087,1,2381.84,0.1
ORD008734,PROD0189,2,260.5,0.15
ORD014269,PROD0026,4,926.18,0.0
ORD001785,PROD0030,3,1536.54,0.15
ORD001748,PROD0210,4,539.67,0.2
ORD007164,PROD0018,5,1106.42,0.15
ORD002727,PROD0295,4,450.65,0.15
ORD007585,PROD0045,3,1204.82,0.15
ORD006094,PROD0038,5,1310.24,0.0
ORD007702,PROD0292,3,526.18,0.1
ORD009914,PROD0219,2,1088.5,0.1
ORD002770,PROD0262,5,1081.48,0.05
ORD000372,PROD0277,1,668.68,0.0
ORD005409,PROD0132,1,1663.98,0.1
ORD015998,PROD0276,3,1150.97,0.2
ORD013364,PROD0063,5,453.52,0.1
ORD005143,PROD0113,2,495.12,0.05
ORD003612,PROD0234,5,1884.98,0.05
ORD012000,PROD0111,4,843.13,0.0
ORD012216,PROD0049,2,474.29,0.15
ORD008129,PROD0229,2,251.37,0.0
ORD001639,PROD0156,4,1302.29,0.05
ORD008573,PROD0262,4,1081.48,0.05
ORD011788,PROD0030,2,1536.54,0.0
ORD000942,PROD0166,5,655.43,0.1
ORD015782,PROD0224,4,4037.97,0.05
ORD014486,PROD0076,1,1911.33,0.2
ORD004158,PROD0028,1,740.62,0.2
ORD011811,PROD0254,4,1021.7,0.05
ORD000455,PROD0056,5,1815.37,0.05
ORD005779,PROD0266,4,1066.97,0.1
ORD003743,PROD0138,2,2041.26,0.0
ORD010237,PROD0066,1,705.54,0.1
ORD008277,PROD0185,5,592.37,0.1
ORD014568,PROD0292,2,526.18,0.1
ORD005238,PROD0045,4,1204.82,0.0
ORD007565,PROD0287,5,1180.58,0.0
ORD013951,PROD0252,1,1091.64,0.15
ORD008936,PROD0096,5,830.36,0.0
ORD005540,PROD0022,4,174.42,0.1
ORD002376,PROD0144,3,1097.89,0.0
ORD000310,PROD0173,1,1893.36,0.05
ORD003005,PROD0108,3,1195.6,0.2
ORD005209,PROD0208,1,1605.39,0.05
ORD011562,PROD0244,5,1140.3,0.1
ORD013713,PROD0070,4,2065.33,0.0
ORD010767,PROD0144,2,1097.89,0.05
ORD001925,PROD0087,2,2381.84,0.05
ORD010961,PROD0130,4,1402.05,0.0
ORD002804,PROD0029,1,1224.14,0.05
ORD007742,PROD0044,4,2277.54,0.05
ORD003005,PROD0281,3,5213.75,0.2
ORD000470,PROD0172,5,3513.98,0.15
ORD009359,PROD0024,3,3557.69,0.0
ORD005075,PROD0298,3,392.05,0.0
ORD017163,PROD0013,1,2230.9,0.0
ORD013378,PROD0107,4,416.19,0.2
ORD006548,PROD0012,5,2384.44,0.05
ORD000757,PROD0027,1,5305.88,0.05
ORD003959,PROD0241,4,215.23,0.05
ORD005069,PROD0170,2,1486.76,0.0
ORD008350,PROD0217,2,748.27,0.05
ORD011889,PROD0072,1,4756.76,0.05
ORD002420,PROD0249,1,4012.64,0.1
ORD015691,PROD0267,3,1411.95,0.2
ORD016301,PROD0276,5,1150.97,0.1
ORD009359,PROD0064,5,706.46,0.2
ORD001151,PROD0249,4,4012.64,0.0
ORD005374,PROD0081,4,2207.21,0.0
ORD009763,PROD0269,4,528.68,0.05
ORD011023,PROD0060,2,511.57,0.0
ORD000375,PROD0279,3,1760.62,0.05
ORD014888,PROD0232,1,480.05,0.1
ORD017583,PROD0114,4,983.9,0.1
ORD015776,PROD0126,4,648.87,0.2
ORD012871,PROD0163,3,703.11,0.05
ORD005505,PROD0300,5,2550.36,0.1
ORD001755,PROD0122,4,768.92,0.1
ORD004986,PROD0284,5,1551.66,0.15
ORD002387,PROD0010,5,1326.68,0.05
ORD006310,PROD0235,4,1069.09,0.05
ORD006259,PROD0192,5,2094.72,0.0
ORD006121,PROD0252,4,1091.64,0.15
ORD003918,PROD0132,1,1663.98,0.0
ORD000124,PROD0235,3,1069.09,0.15
ORD005836,PROD0033,4,726.59,0.05
ORD016857,PROD0202,4,1039.91,0.15
ORD002056,PROD0060,4,511.57,0.2
ORD013175,PROD0026,5,926.18,0.15
ORD017382,PROD0152,1,3664.43,0.0
ORD017763,PROD0055,1,1758.65,0.1
ORD008010,PROD0253,2,3782.92,0.1
ORD007502,PROD0042,1,5997.9,0.15
ORD000075,PROD0180,2,374.36,0.1
ORD015351,PROD0072,3,4756.76,0.0
ORD010879,PROD0095,2,853.11,0.1
ORD013477,PROD0291,2,859.37,0.15
ORD013906,PROD0026,1,926.18,0.05
ORD012371,PROD0128,2,414.27,0.1
ORD014384,PROD0160,1,2652.37,0.1
ORD004627,PROD0116,4,435.35,0.2
ORD014175,PROD0274,1,356.93,0.1
ORD004339,PROD0206,4,512.36,0.0
ORD004002,PROD0147,2,1277.67,0.0
ORD007266,PROD0098,2,1788.67,0.15
ORD016889,PROD0213,2,475.42,0.05
ORD017326,PROD0053,5,499.98,0.0
ORD017334,PROD0247,3,1013.19,0.0
ORD007100,PROD0105,1,813.74,0.15
ORD000809,PROD0241,3,215.23,0.0
ORD012148,PROD0011,2,569.66,0.0
ORD014886,PROD0035,1,914.62,0.05
ORD016868,PROD0100,1,1535.02,0.0
ORD003040,PROD0165,2,1341.44,0.05
ORD016170,PROD0233,3,865.79,0.0
ORD017465,PROD0056,4,1815.37,0.05
ORD006493,PROD0265,3,709.86,0.0
ORD004505,PROD0135,3,1098.25,0.05
ORD013217,PROD0198,4,1910.21,0.05
ORD010221,PROD0263,4,754.46,0.2
ORD006008,PROD0011,4,569.66,0.1
ORD001963,PROD0193,2,3394.61,0.0
ORD014644,PROD0094,5,1585.84,0.1
ORD009956,PROD0149,2,231.51,0.15
ORD000056,PROD0216,5,2535.43,0.05
ORD016696,PROD0101,3,3596.1,0.2
ORD014174,PROD0037,3,1059.57,0.15
ORD009673,PROD0245,3,258.37,0.0
ORD012392,PROD0160,4,2652.37,0.1
ORD004590,PROD0040,1,5448.94,0.0
ORD014951,PROD0088,1,255.81,0.0
ORD010264,PROD0231,4,1734.21,0.15
ORD005559,PROD0007,4,838.82,0.1
ORD004482,PROD0093,3,2481.82,0.05
ORD000505,PROD0086,5,1292.77,0.15
ORD011139,PROD0237,1,1008.9,0.0
ORD016689,PROD0005,2,5350.44,0.0
ORD006879,PROD0201,4,1107.62,0.05
ORD017838,PROD0218,2,852.15,0.0
ORD009123,PROD0218,4,852.15,0.05
ORD010082,PROD0076,1,1911.33,0.0
ORD017737,PROD0227,5,663.99,0.2
ORD002133,PROD0105,1,813.74,0.15
ORD006534,PROD0232,3,480.05,0.0
ORD015141,PROD0118,2,437.61,0.1
ORD002054,PROD0016,3,2382.58,0.05
ORD005310,PROD0279,2,1760.62,0.15
ORD015815,PROD0081,1,2207.21,0.15
ORD009971,PROD0105,4,813.74,0.1
ORD011579,PROD0242,2,1251.99,0.15
ORD002595,PROD0213,3,475.42,0.05
ORD013420,PROD0284,2,1551.66,0.05
ORD010187,PROD0037,2,1059.57,0.0
ORD001908,PROD0283,5,1585.65,0.05
ORD010948,PROD0046,2,423.5,0.15
ORD011747,PROD0071,2,1519.69,0.0
ORD012795,PROD0039,2,748.33,0.1
ORD002335,PROD0195,5,525.15,0.1
ORD012126,PROD0127,4,1166.2,0.0
ORD017816,PROD0177,5,1733.37,0.05
ORD013334,PROD0169,2,2484.01,0.0
ORD016365,PROD0175,5,2260.04,0.0
ORD003709,PROD0260,1,2453.91,0.05
ORD014700,PROD0061,1,1808.63,0.15
ORD012526,PROD0038,5,1310.24,0.15
ORD003671,PROD0186,3,324.33,0.15
ORD015825,PROD0197,2,774.0,0.0
ORD010033,PROD0209,2,4636.93,0.1
ORD001583,PROD0083,2,1558.0,0.1
ORD002745,PROD0267,1,1411.95,0.0
ORD010807,PROD0087,4,2381.84,0.0
ORD016855,PROD0154,2,611.42,0.05
ORD009152,PROD0214,1,285.7,0.05
ORD007104,PROD0061,2,1808.63,0.15
ORD006506,PROD0252,5,1091.64,0.2
ORD005946,PROD0009,4,419.4,0.05
ORD001902,PROD0037,1,1059.57,0.2
ORD017471,PROD0154,3,611.42,0.2
ORD015011,PROD0058,1,5552.05,0.1
ORD004987,PROD0079,1,1557.75,0.1
ORD000454,PROD0084,4,787.16,0.05
ORD011604,PROD0159,4,2084.31,0.15
ORD006194,PROD0064,1,706.46,0.15
ORD004527,PROD0220,4,1249.15,0.2
ORD017623,PROD0251,4,1056.88,0.1
ORD002692,PROD0171,5,619.82,0.0
ORD016381,PROD0001,1,2228.63,0.0
ORD001985,PROD0041,1,566.23,0.05
ORD012862,PROD0049,1,474.29,0.0
ORD013055,PROD0196,2,624.67,0.15
ORD005930,PROD0256,2,895.23,0.1
ORD003348,PROD0058,2,5552.05,0.0
ORD008676,PROD0220,2,1249.15,0.1
ORD010387,PROD0028,1,740.62,0.05
ORD016308,PROD0092,5,2466.2,0.1
ORD000116,PROD0056,1,1815.37,0.0
ORD015823,PROD0019,3,2132.91,0.1
ORD005544,PROD0281,4,5213.75,0.0
ORD005702,PROD0043,1,950.69,0.05
ORD006845,PROD0062,1,1731.8,0.15
ORD006164,PROD0191,5,425.27,0.15
ORD002752,PROD0275,3,1740.08,0.05
ORD016181,PROD0015,5,768.6,0.2
ORD010518,PROD0019,3,2132.91,0.1
ORD012877,PROD0267,5,1411.95,0.15
ORD014601,PROD0011,2,569.66,0.1
ORD003162,PROD0230,4,1187.41,0.15
ORD000685,PROD0235,4,1069.09,0.15
ORD000457,PROD0179,2,608.27,0.15
ORD005166,PROD0242,3,1251.99,0.15
ORD009821,PROD0258,3,814.14,0.05
ORD008590,PROD0059,1,3884.69,0.2
ORD001266,PROD0093,1,2481.82,0.1
ORD003792,PROD0079,4,1557.75,0.0
ORD017355,PROD0052,5,1103.19,0.15
ORD009111,PROD0285,3,1253.77,0.0
ORD013895,PROD0169,3,2484.01,0.05
ORD002846,PROD0049,4,474.29,0.1
ORD003987,PROD0161,5,1467.22,0.05
ORD016775,PROD0117,3,1622.14,0.15
ORD016863,PROD0014,3,596.75,0.0
ORD015060,PROD0033,4,726.59,0.1
ORD013945,PROD0015,4,768.6,0.1
ORD015808,PROD0023,3,529.99,0.0
ORD017161,PROD0211,3,1092.8,0.0
ORD017515,PROD0262,5,1081.48,0.05
ORD010616,PROD0283,2,1585.65,0.1
ORD013336,PROD0140,3,4498.4,0.0
ORD003334,PROD0091,4,402.26,0.15
ORD005037,PROD0299,1,3528.34,0.15
ORD006989,PROD0055,2,1758.65,0.0
ORD017189,PROD0281,1,5213.75,0.0
ORD009834,PROD0065,2,298.49,0.1
ORD000243,PROD0094,1,1585.84,0.05
ORD012794,PROD0202,4,1039.91,0.15
ORD009225,PROD0264,3,409.67,0.1
ORD003993,PROD0138,1,2041.26,0.1
ORD007880,PROD0254,4,1021.7,0.1
ORD009688,PROD0064,2,706.46,0.15
ORD017235,PROD0265,4,709.86,0.2
ORD000711,PROD0237,4,1008.9,0.0
ORD000181,PROD0111,2,843.13,0.15
ORD000108,PROD0217,1,748.27,0.1
ORD005391,PROD0085,2,2361.96,0.2
ORD003511,PROD0105,2,813.74,0.15
ORD006831,PROD0205,5,315.35,0.2
ORD002658,PROD0277,2,668.68,0.1
ORD009250,PROD0077,1,372.07,0.1
ORD006536,PROD0012,5,2384.44,0.1
ORD008357,PROD0165,4,1341.44,0.05
ORD005884,PROD0099,2,550.57,0.05
ORD011051,PROD0252,5,1091.64,0.05
ORD003021,PROD0247,3,1013.19,0.2
ORD012329,PROD0063,4,453.52,0.1
ORD004195,PROD0068,3,2579.6,0.2
ORD007862,PROD0046,5,423.5,0.15
ORD001792,PROD0028,2,740.62,0.05
ORD013822,PROD0075,1,993.75,0.0
ORD017543,PROD0219,4,1088.5,0.1
ORD002949,PROD0033,5,726.59,0.15
ORD014901,PROD0152,2,3664.43,0.05
ORD009191,PROD0240,5,1736.87,0.0
ORD009246,PROD0185,1,592.37,0.15
ORD015396,PROD0160,4,2652.37,0.0
ORD008137,PROD0211,5,1092.8,0.05
ORD004462,PROD0194,2,2044.13,0.1
ORD014530,PROD0104,2,917.71,0.1
ORD013005,PROD0063,5,453.52,0.0
ORD009516,PROD0213,1,475.42,0.2
ORD011500,PROD0075,2,993.75,0.1
ORD012656,PROD0173,1,1893.36,0.1
ORD017328,PROD0212,2,936.47,0.05
ORD014090,PROD0271,3,1034.8,0.05
ORD012514,PROD0048,1,2692.11,0.0
ORD007326,PROD0122,1,768.92,0.2
ORD011451,PROD0068,4,2579.6,0.1
ORD014573,PROD0230,5,1187.41,0.0
ORD002605,PROD0031,5,2790.09,0.0
ORD007569,PROD0122,1,768.92,0.0
ORD015050,PROD0190,4,1494.94,0.1
ORD004332,PROD0105,3,813.74,0.05
ORD001488,PROD0052,4,1103.19,0.05
ORD002772,PROD0114,2,983.9,0.1
ORD011850,PROD0240,5,1736.87,0.15
ORD000739,PROD0119,4,1545.4,0.15
ORD011801,PROD0153,5,192.77,0.15
ORD014691,PROD0206,4,512.36,0.1
ORD002156,PROD0060,2,511.57,0.15
ORD003509,PROD0168,1,1759.17,0.15
ORD017055,PROD0169,1,2484.01,0.1
ORD016680,PROD0036,2,2265.4,0.1
ORD004046,PROD0187,1,2575.23,0.2
ORD015837,PROD0227,4,663.99,0.05
ORD007031,PROD0139,5,624.58,0.05
ORD012906,PROD0028,2,740.62,0.1
ORD010307,PROD0015,5,768.6,0.0
ORD012037,PROD0143,4,2026.75,0.1
ORD016293,PROD0061,2,1808.63,0.2
ORD009901,PROD0158,5,1130.19,0.2
ORD003848,PROD0256,4,895.23,0.05
ORD017394,PROD0201,4,1107.62,0.05
ORD006711,PROD0142,1,536.55,0.0
ORD013615,PROD0262,4,1081.48,0.05
ORD007434,PROD0244,3,1140.3,0.1
ORD013604,PROD0293,5,1136.47,0.2
ORD007787,PROD0097,4,2244.75,0.05
ORD012155,PROD0093,2,2481.82,0.2
ORD003462,PROD0002,4,1122.65,0.15
ORD011778,PROD0160,2,2652.37,0.15
ORD005233,PROD0203,1,1208.94,0.15
ORD007245,PROD0025,1,585.99,0.0
ORD003043,PROD0065,4,298.49,0.0
ORD013671,PROD0274,3,356.93,0.2
ORD007209,PROD0090,1,1416.42,0.05
ORD016064,PROD0005,3,5350.44,0.05
ORD014423,PROD0005,1,5350.44,0.0
ORD012419,PROD0140,5,4498.4,0.05
ORD011851,PROD0129,5,2715.49,0.15
ORD006507,PROD0265,3,709.86,0.1
ORD017043,PROD0059,2,3884.69,0.2
ORD001172,PROD0132,2,1663.98,0.2
ORD002195,PROD0266,2,1066.97,0.05
ORD010496,PROD0181,5,218.55,0.15
ORD004963,PROD0107,4,416.19,0.15
ORD012476,PROD0284,4,1551.66,0.0
ORD017015,PROD0111,3,843.13,0.0
ORD016159,PROD0233,1,865.79,0.05
ORD009663,PROD0054,4,1149.11,0.1
ORD003441,PROD0035,5,914.62,0.2
ORD014189,PROD0264,3,409.67,0.1
ORD015501,PROD0110,1,2045.64,0.05
ORD014326,PROD0117,4,1622.14,0.05
ORD004679,PROD0033,2,726.59,0.1
ORD016180,PROD0249,3,4012.64,0.05
ORD001168,PROD0091,4,402.26,0.2
ORD011148,PROD0121,1,1762.91,0.0
ORD000022,PROD0300,4,2550.36,0.05
ORD011976,PROD0136,4,4655.74,0.05
ORD006315,PROD0057,4,1480.61,0.15
ORD004529,PROD0267,1,1411.95,0.05
ORD014171,PROD0251,5,1056.88,0.05
ORD012014,PROD0049,4,474.29,0.2
ORD001945,PROD0190,5,1494.94,0.15
ORD008158,PROD0129,3,2715.49,0.15
ORD000336,PROD0149,2,231.51,0.0
ORD005450,PROD0038,1,1310.24,0.05
ORD005833,PROD0041,1,566.23,0.0
ORD012085,PROD0124,2,7033.68,0.0
ORD003767,PROD0079,1,1557.75,0.1
ORD005645,PROD0241,1,215.23,0.1
ORD006443,PROD0033,3,726.59,0.1
ORD005586,PROD0089,2,390.25,0.2
ORD005624,PROD0074,5,701.79,0.1
ORD016335,PROD0269,2,528.68,0.1
ORD012608,PROD0041,3,566.23,0.15
ORD014370,PROD0202,4,1039.91,0.2
ORD014674,PROD0169,4,2484.01,0.05
ORD005348,PROD0037,3,1059.57,0.05
ORD007842,PROD0071,3,1519.69,0.1
ORD017795,PROD0178,3,1006.65,0.15
ORD009022,PROD0191,3,425.27,0.05
ORD004482,PROD0039,5,748.33,0.0
ORD017340,PROD0137,2,445.2,0.05
ORD011372,PROD0004,4,1005.11,0.15
ORD013535,PROD0009,2,419.4,0.05
ORD006428,PROD0037,3,1059.57,0.1
ORD010671,PROD0271,2,1034.8,0.1
ORD013907,PROD0090,5,1416.42,0.0
ORD004025,PROD0003,3,2931.9,0.15
ORD007461,PROD0028,1,740.62,0.15
ORD013785,PROD0063,5,453.52,0.15
ORD010018,PROD0079,2,1557.75,0.15
ORD000469,PROD0005,2,5350.44,0.0
ORD003801,PROD0122,1,768.92,0.15
ORD012411,PROD0119,1,1545.4,0.1
ORD016053,PROD0068,3,2579.6,0.15
ORD007374,PROD0109,4,315.2,0.0
ORD012608,PROD0218,5,852.15,0.1
ORD017324,PROD0267,4,1411.95,0.1
ORD016304,PROD0023,2,529.99,0.05
ORD002412,PROD0048,1,2692.11,0.2
ORD009467,PROD0098,1,1788.67,0.2
ORD014812,PROD0049,1,474.29,0.0
ORD010876,PROD0267,5,1411.95,0.05
ORD000354,PROD0071,3,1519.69,0.05
ORD000153,PROD0167,2,2511.68,0.0
ORD011913,PROD0245,1,258.37,0.2
ORD009452,PROD0104,2,917.71,0.1
ORD013804,PROD0022,1,174.42,0.05
ORD001844,PROD0111,2,843.13,0.0
ORD010911,PROD0194,4,2044.13,0.1
ORD016324,PROD0091,5,402.26,0.0
ORD014437,PROD0154,2,611.42,0.1
ORD001691,PROD0075,5,993.75,0.1
ORD004880,PROD0276,4,1150.97,0.1
ORD009874,PROD0207,2,4103.55,0.0
ORD001739,PROD0229,5,251.37,0.0
ORD013487,PROD0003,1,2931.9,0.15
ORD013810,PROD0239,1,3878.85,0.2
ORD016172,PROD0176,2,890.34,0.2
ORD007576,PROD0248,5,581.51,0.05
ORD004908,PROD0200,3,1906.63,0.05
ORD012870,PROD0281,3,5213.75,0.0
ORD015033,PROD0282,4,1059.41,0.05
ORD006799,PROD0236,1,1243.22,0.0
ORD011777,PROD0051,4,257.94,0.2
ORD011731,PROD0040,3,5448.94,0.0
ORD015025,PROD0237,3,1008.9,0.05
ORD002097,PROD0113,5,495.12,0.1
ORD013820,PROD0114,2,983.9,0.05
ORD000865,PROD0193,1,3394.61,0.15
ORD010868,PROD0218,4,852.15,0.0
ORD014018,PROD0244,1,1140.3,0.15
ORD002559,PROD0143,3,2026.75,0.0
ORD010086,PROD0287,1,1180.58,0.0
ORD013471,PROD0098,3,1788.67,0.1
ORD003647,PROD0034,1,1106.13,0.1
ORD012157,PROD0188,5,5555.06,0.1
ORD016720,PROD0265,3,709.86,0.05
ORD002147,PROD0150,2,1469.35,0.15
ORD010523,PROD0013,5,2230.9,0.0
ORD008184,PROD0282,1,1059.41,0.1
ORD012748,PROD0123,1,2787.07,0.2
ORD008034,PROD0151,5,938.09,0.05
ORD016371,PROD0240,2,1736.87,0.05
ORD002742,PROD0048,4,2692.11,0.0
ORD011252,PROD0166,4,655.43,0.1
ORD014409,PROD0154,2,611.42,0.1
ORD015066,PROD0010,4,1326.68,0.0
ORD013863,PROD0089,1,390.25,0.1
ORD011606,PROD0137,4,445.2,0.05
ORD010724,PROD0168,5,1759.17,0.1
ORD006028,PROD0175,5,2260.04,0.1
ORD016492,PROD0157,4,1342.68,0.1
ORD017154,PROD0102,4,1726.73,0.15
ORD003411,PROD0028,3,740.62,0.0
ORD008515,PROD0178,4,1006.65,0.0
ORD012088,PROD0161,2,1467.22,0.1
ORD016837,PROD0194,1,2044.13,0.2
ORD013266,PROD0125,2,1338.46,0.1
ORD006236,PROD0227,4,663.99,0.0
ORD014011,PROD0275,4,1740.08,0.1
ORD007570,PROD0269,4,528.68,0.0
ORD017376,PROD0267,4,1411.95,0.2
ORD011594,PROD0157,1,1342.68,0.0
ORD014594,PROD0106,2,770.07,0.0
ORD004446,PROD0056,1,1815.37,0.05
ORD009792,PROD0261,3,1950.36,0.05
ORD017807,PROD0068,4,2579.6,0.0
ORD015860,PROD0130,2,1402.05,0.15
ORD010002,PROD0291,5,859.37,0.15
ORD001314,PROD0026,1,926.18,0.05
ORD003418,PROD0072,1,4756.76,0.1
ORD005375,PROD0225,4,670.12,0.05
ORD008669,PROD0011,5,569.66,0.1
ORD016137,PROD0212,1,936.47,0.1
ORD010774,PROD0009,5,419.4,0.15
ORD017522,PROD0034,1,1106.13,0.2
ORD011979,PROD0253,5,3782.92,0.0
ORD004829,PROD0179,3,608.27,0.05
ORD012004,PROD0208,3,1605.39,0.0
ORD017936,PROD0271,5,1034.8,0.0
ORD007465,PROD0140,1,4498.4,0.1
ORD011322,PROD0196,1,624.67,0.05
ORD011080,PROD0199,3,919.06,0.05
ORD000671,PROD0107,4,416.19,0.2
ORD004658,PROD0176,5,890.34,0.15
ORD004708,PROD0063,5,453.52,0.05
ORD000157,PROD0284,5,1551.66,0.0
ORD010062,PROD0113,2,495.12,0.1
ORD004597,PROD0074,3,701.79,0.05
ORD014555,PROD0047,1,743.87,0.1
ORD011251,PROD0232,5,480.05,0.05
ORD004198,PROD0273,4,1884.45,0.15
ORD000034,PROD0026,1,926.18,0.05
ORD012051,PROD0064,4,706.46,0.2
ORD007799,PROD0090,4,1416.42,0.05
ORD006655,PROD0263,5,754.46,0.1
ORD017739,PROD0222,1,803.44,0.0
ORD001348,PROD0263,2,754.46,0.1
ORD001311,PROD0003,5,2931.9,0.05
ORD005502,PROD0092,3,2466.2,0.1
ORD006945,PROD0161,2,1467.22,0.15
ORD005022,PROD0140,1,4498.4,0.15
ORD014309,PROD0150,4,1469.35,0.15
ORD006781,PROD0141,2,526.7,0.0
ORD011842,PROD0229,3,251.37,0.05
ORD017507,PROD0044,4,2277.54,0.0
ORD001632,PROD0130,3,1402.05,0.0
ORD010450,PROD0161,3,1467.22,0.2
ORD004430,PROD0186,4,324.33,0.2
ORD008917,PROD0132,5,1663.98,0.1
ORD001242,PROD0196,1,624.67,0.1
ORD008842,PROD0225,3,670.12,0.05
ORD014970,PROD0056,1,1815.37,0.1
ORD005349,PROD0092,2,2466.2,0.1
ORD002598,PROD0074,4,701.79,0.2
ORD000895,PROD0116,2,435.35,0.2
ORD007915,PROD0017,3,5213.81,0.05
ORD004520,PROD0213,1,475.42,0.05
ORD012763,PROD0192,5,2094.72,0.1
ORD000051,PROD0275,4,1740.08,0.15
ORD009225,PROD0211,4,1092.8,0.15
ORD009725,PROD0221,3,861.75,0.0
ORD014298,PROD0300,4,2550.36,0.15
ORD011881,PROD0001,5,2228.63,0.0
ORD013332,PROD0074,1,701.79,0.1
ORD004427,PROD0279,5,1760.62,0.15
ORD005149,PROD0079,2,1557.75,0.0
ORD016915,PROD0110,1,2045.64,0.05
ORD007127,PROD0148,2,2479.32,0.0
ORD000852,PROD0151,2,938.09,0.05
ORD003828,PROD0081,1,2207.21,0.0
ORD012847,PROD0219,4,1088.5,0.15
ORD009450,PROD0102,1,1726.73,0.0
ORD008662,PROD0261,1,1950.36,0.1
ORD009536,PROD0044,3,2277.54,0.05
ORD014707,PROD0228,1,1012.55,0.05
ORD007568,PROD0087,3,2381.84,0.0
ORD003456,PROD0114,1,983.9,0.05
ORD008734,PROD0150,4,1469.35,0.05
ORD003773,PROD0091,5,402.26,0.15
ORD013953,PROD0051,5,257.94,0.1
ORD016358,PROD0206,1,512.36,0.05
ORD016192,PROD0203,4,1208.94,0.1
ORD011542,PROD0241,1,215.23,0.05
ORD001347,PROD0074,1,701.79,0.05
ORD000705,PROD0234,5,1884.98,0.1
ORD005649,PROD0075,1,993.75,0.15
ORD005849,PROD0082,3,835.72,0.05
ORD002259,PROD0230,1,1187.41,0.1
ORD005559,PROD0117,4,1622.14,0.15
ORD015002,PROD0056,1,1815.37,0.0
ORD000354,PROD0234,4,1884.98,0.1
ORD011991,PROD0123,4,2787.07,0.05
ORD015139,PROD0103,3,814.61,0.05
ORD015636,PROD0001,3,2228.63,0.1
ORD004165,PROD0206,1,512.36,0.05
ORD006308,PROD0225,2,670.12,0.0
ORD000490,PROD0202,2,1039.91,0.05
ORD008669,PROD0245,4,258.37,0.0
ORD006205,PROD0106,1,770.07,0.15
ORD003536,PROD0177,5,1733.37,0.1
ORD007841,PROD0159,4,2084.31,0.0
ORD017442,PROD0049,5,474.29,0.1
ORD007363,PROD0188,2,5555.06,0.1
ORD003495,PROD0269,3,528.68,0.1
ORD005430,PROD0055,5,1758.65,0.15
ORD013658,PROD0200,4,1906.63,0.15
ORD001290,PROD0099,1,550.57,0.15
ORD017946,PROD0161,2,1467.22,0.0
ORD002033,PROD0087,2,2381.84,0.1
ORD004845,PROD0201,5,1107.62,0.1
ORD015886,PROD0197,5,774.0,0.15
ORD003806,PROD0048,2,2692.11,0.2
ORD013217,PROD0210,5,539.67,0.05
ORD006793,PROD0196,4,624.67,0.05
ORD007541,PROD0240,2,1736.87,0.2
ORD014209,PROD0002,5,1122.65,0.1
ORD003368,PROD0269,5,528.68,0.1
ORD007351,PROD0042,3,5997.9,0.05
ORD013972,PROD0270,5,546.81,0.15
ORD012951,PROD0211,5,1092.8,0.0
ORD005136,PROD0297,2,359.44,0.1
ORD002099,PROD0013,2,2230.9,0.1
ORD010543,PROD0202,4,1039.91,0.1
ORD009977,PROD0110,1,2045.64,0.0
ORD015008,PROD0192,5,2094.72,0.05
ORD011555,PROD0212,3,936.47,0.15
ORD015688,PROD0299,1,3528.34,0.0
ORD016304,PROD0299,3,3528.34,0.2
ORD013081,PROD0023,3,529.99,0.0
ORD008238,PROD0057,2,1480.61,0.1
ORD009023,PROD0248,1,581.51,0.1
ORD015607,PROD0065,3,298.49,0.1
ORD011874,PROD0108,4,1195.6,0.0
ORD009429,PROD0298,4,392.05,0.15
ORD000268,PROD0089,3,390.25,0.2
ORD005403,PROD0087,1,2381.84,0.1
ORD006207,PROD0272,1,834.67,0.15
ORD008494,PROD0260,5,2453.91,0.0
ORD014384,PROD0113,4,495.12,0.15
ORD000272,PROD0107,2,416.19,0.05
ORD017080,PROD0049,5,474.29,0.2
ORD010881,PROD0120,1,3592.34,0.1
ORD009644,PROD0167,5,2511.68,0.1
ORD009985,PROD0031,3,2790.09,0.15
ORD012539,PROD0291,3,859.37,0.1
ORD007297,PROD0177,4,1733.37,0.1
ORD011564,PROD0217,1,748.27,0.05
ORD003948,PROD0151,3,938.09,0.1
ORD005733,PROD0288,3,1099.87,0.1
ORD017040,PROD0162,4,377.71,0.2
ORD016673,PROD0299,1,3528.34,0.1
ORD007230,PROD0166,2,655.43,0.05
ORD002072,PROD0016,5,2382.58,0.05
ORD014732,PROD0140,4,4498.4,0.1
ORD003381,PROD0123,4,2787.07,0.0
ORD009975,PROD0210,4,539.67,0.05
ORD003505,PROD0039,1,748.33,0.05
ORD006345,PROD0145,4,2107.82,0.05
ORD000824,PROD0243,2,4498.92,0.1
ORD010535,PROD0189,3,260.5,0.2
ORD010062,PROD0285,2,1253.77,0.05
ORD010336,PROD0082,5,835.72,0.05
ORD015395,PROD0136,5,4655.74,0.05
ORD004917,PROD0114,4,983.9,0.0
ORD003293,PROD0084,2,787.16,0.05
ORD003169,PROD0092,5,2466.2,0.0
ORD011180,PROD0202,2,1039.91,0.1
ORD017292,PROD0117,3,1622.14,0.1
ORD002506,PROD0222,3,803.44,0.1
ORD008221,PROD0128,4,414.27,0.2
ORD011902,PROD0223,2,1507.47,0.05
ORD002933,PROD0221,1,861.75,0.15
ORD008854,PROD0200,3,1906.63,0.15
ORD011426,PROD0285,1,1253.77,0.05
ORD002555,PROD0159,1,2084.31,0.0
ORD002043,PROD0256,4,895.23,0.0
ORD010229,PROD0278,2,1418.31,0.1
ORD009614,PROD0180,1,374.36,0.1
ORD000040,PROD0135,3,1098.25,0.05
ORD000015,PROD0097,4,2244.75,0.05
ORD009425,PROD0235,3,1069.09,0.05
ORD004634,PROD0010,3,1326.68,0.0
ORD003891,PROD0178,5,1006.65,0.0
ORD003370,PROD0200,2,1906.63,0.05
ORD010191,PROD0266,1,1066.97,0.15
ORD011537,PROD0103,3,814.61,0.15
ORD012107,PROD0187,3,2575.23,0.2
ORD002212,PROD0051,4,257.94,0.2
ORD013960,PROD0105,2,813.74,0.1
ORD002100,PROD0275,5,1740.08,0.0
ORD013882,PROD0229,2,251.37,0.0
ORD015711,PROD0105,2,813.74,0.2
ORD004428,PROD0057,5,1480.61,0.05
ORD010256,PROD0016,5,2382.58,0.15
ORD011010,PROD0096,3,830.36,0.1
ORD003724,PROD0194,2,2044.13,0.1
ORD014018,PROD0014,4,596.75,0.2
ORD014803,PROD0244,3,1140.3,0.05
ORD000181,PROD0038,5,1310.24,0.05
ORD000919,PROD0068,1,2579.6,0.05
ORD006589,PROD0124,3,7033.68,0.15
ORD011778,PROD0240,2,1736.87,0.0
ORD012782,PROD0098,5,1788.67,0.2
ORD004923,PROD0190,3,1494.94,0.2
ORD000281,PROD0194,3,2044.13,0.05
ORD010628,PROD0289,1,1376.41,0.2
ORD016348,PROD0057,3,1480.61,0.0
ORD004320,PROD0080,5,1973.58,0.1
ORD008826,PROD0009,4,419.4,0.05
ORD002067,PROD0232,2,480.05,0.15
ORD017106,PROD0010,2,1326.68,0.2
ORD004298,PROD0280,2,239.29,0.1
ORD004253,PROD0215,3,496.9,0.05
ORD002477,PROD0201,2,1107.62,0.0
ORD004199,PROD0149,2,231.51,0.1
ORD008448,PROD0023,1,529.99,0.05
ORD003430,PROD0002,5,1122.65,0.1
ORD006015,PROD0141,3,526.7,0.05
ORD008804,PROD0029,5,1224.14,0.15
ORD002811,PROD0031,4,2790.09,0.15
ORD016338,PROD0070,1,2065.33,0.05
ORD015592,PROD0009,4,419.4,0.2
ORD000167,PROD0133,1,737.29,0.05
ORD005612,PROD0077,4,372.07,0.0
ORD012666,PROD0245,1,258.37,0.15
ORD017430,PROD0209,3,4636.93,0.0
ORD017163,PROD0152,2,3664.43,0.2
ORD002440,PROD0057,2,1480.61,0.2
ORD008135,PROD0080,2,1973.58,0.1
ORD016513,PROD0123,1,2787.07,0.15
ORD013347,PROD0249,2,4012.64,0.05
ORD010225,PROD0236,4,1243.22,0.0
ORD010891,PROD0014,3,596.75,0.0
ORD000709,PROD0062,3,1731.8,0.0
ORD017181,PROD0043,4,950.69,0.1
ORD011366,PROD0142,5,536.55,0.05
ORD015724,PROD0252,4,1091.64,0.2
ORD012583,PROD0193,2,3394.61,0.1
ORD015173,PROD0027,1,5305.88,0.0
ORD010288,PROD0134,1,938.67,0.1
ORD003531,PROD0217,1,748.27,0.05
ORD011129,PROD0132,3,1663.98,0.1
ORD004533,PROD0020,1,2005.81,0.1
ORD017495,PROD0099,2,550.57,0.15
ORD002812,PROD0199,3,919.06,0.0
ORD004426,PROD0289,3,1376.41,0.05
ORD012530,PROD0113,5,495.12,0.1
ORD011517,PROD0062,3,1731.8,0.0
ORD013803,PROD0095,2,853.11,0.2
ORD009251,PROD0211,2,1092.8,0.1
ORD017877,PROD0064,4,706.46,0.05
ORD007332,PROD0113,3,495.12,0.05
ORD003327,PROD0264,3,409.67,0.15
ORD003099,PROD0052,2,1103.19,0.1
ORD002359,PROD0177,3,1733.37,0.1
ORD013543,PROD0239,1,3878.85,0.1
ORD004349,PROD0114,5,983.9,0.05
ORD010725,PROD0225,3,670.12,0.1
ORD002653,PROD0213,1,475.42,0.1
ORD003230,PROD0097,4,2244.75,0.05
ORD001122,PROD0195,4,525.15,0.05
ORD009008,PROD0284,4,1551.66,0.1
ORD011567,PROD0085,5,2361.96,0.0
ORD012935,PROD0040,3,5448.94,0.15
ORD016587,PROD0111,3,843.13,0.05
ORD007398,PROD0288,2,1099.87,0.15
ORD004949,PROD0193,1,3394.61,0.15
ORD003910,PROD0158,1,1130.19,0.2
ORD017260,PROD0208,5,1605.39,0.1
ORD016280,PROD0205,1,315.35,0.0
ORD014000,PROD0127,4,1166.2,0.15
ORD002215,PROD0037,2,1059.57,0.1
ORD012226,PROD0130,2,1402.05,0.0
ORD013085,PROD0032,5,1792.53,0.05
ORD002071,PROD0298,2,392.05,0.15
ORD011838,PROD0240,1,1736.87,0.15
ORD015849,PROD0109,5,315.2,0.2
ORD000974,PROD0145,1,2107.82,0.1
ORD008892,PROD0211,1,1092.8,0.0
ORD013233,PROD0041,2,566.23,0.0
ORD008247,PROD0190,2,1494.94,0.2
ORD000142,PROD0033,4,726.59,0.2
ORD000717,PROD0001,4,2228.63,0.15
ORD017659,PROD0190,1,1494.94,0.05
ORD017080,PROD0159,5,2084.31,0.1
ORD015521,PROD0155,3,383.07,0.05
ORD007068,PROD0042,3,5997.9,0.15
ORD000102,PROD0056,3,1815.37,0.05
ORD008065,PROD0188,2,5555.06,0.1
ORD002072,PROD0154,1,611.42,0.1
ORD010490,PROD0150,5,1469.35,0.1
ORD002028,PROD0096,2,830.36,0.05
ORD007478,PROD0252,3,1091.64,0.1
ORD000005,PROD0139,2,624.58,0.0
ORD015466,PROD0059,2,3884.69,0.0
ORD017523,PROD0292,5,526.18,0.1
ORD015280,PROD0082,5,835.72,0.2
ORD008866,PROD0074,3,701.79,0.2
ORD001727,PROD0054,5,1149.11,0.0
ORD010029,PROD0150,1,1469.35,0.0
ORD004331,PROD0023,4,529.99,0.2
ORD000873,PROD0114,2,983.9,0.1
ORD011327,PROD0267,1,1411.95,0.0
ORD016587,PROD0299,1,3528.34,0.0
ORD003966,PROD0251,5,1056.88,0.0
ORD006681,PROD0169,2,2484.01,0.05
ORD013157,PROD0075,4,993.75,0.1
ORD000744,PROD0022,4,174.42,0.05
ORD007688,PROD0151,2,938.09,0.05
ORD010196,PROD0089,4,390.25,0.0
ORD006660,PROD0050,2,138.33,0.05
ORD016963,PROD0298,1,392.05,0.0
ORD014684,PROD0248,3,581.51,0.0
ORD011175,PROD0115,3,1198.13,0.0
ORD006147,PROD0124,3,7033.68,0.0
ORD013151,PROD0094,5,1585.84,0.1
ORD000980,PROD0152,2,3664.43,0.05
ORD010446,PROD0257,4,994.46,0.0
ORD012479,PROD0224,2,4037.97,0.1
ORD013814,PROD0020,2,2005.81,0.1
ORD005647,PROD0104,5,917.71,0.05
ORD009926,PROD0101,2,3596.1,0.0
ORD001658,PROD0033,5,726.59,0.15
ORD014308,PROD0170,3,1486.76,0.05
ORD005516,PROD0217,2,748.27,0.15
ORD013684,PROD0178,3,1006.65,0.1
ORD006239,PROD0128,5,414.27,0.05
ORD017167,PROD0192,1,2094.72,0.05
ORD003164,PROD0161,2,1467.22,0.1
ORD013593,PROD0110,4,2045.64,0.2
ORD010940,PROD0033,3,726.59,0.15
ORD002959,PROD0057,5,1480.61,0.1
ORD011051,PROD0259,4,272.42,0.05
ORD000495,PROD0040,3,5448.94,0.1
ORD017500,PROD0149,2,231.51,0.15
ORD010436,PROD0066,5,705.54,0.0
ORD005719,PROD0178,3,1006.65,0.1
ORD000586,PROD0076,5,1911.33,0.1
ORD013647,PROD0146,5,2912.21,0.15
ORD013165,PROD0099,2,550.57,0.1
ORD005817,PROD0086,4,1292.77,0.1
ORD017086,PROD0079,1,1557.75,0.05
ORD008070,PROD0160,5,2652.37,0.2
ORD015497,PROD0048,4,2692.11,0.0
ORD007476,PROD0108,2,1195.6,0.0
ORD013797,PROD0157,4,1342.68,0.15
ORD006581,PROD0289,2,1376.41,0.0
ORD008388,PROD0156,5,1302.29,0.05
ORD015301,PROD0194,5,2044.13,0.0
ORD015503,PROD0041,3,566.23,0.05
ORD002660,PROD0109,2,315.2,0.15
ORD010288,PROD0124,4,7033.68,0.2
ORD010043,PROD0014,3,596.75,0.05
ORD015406,PROD0115,5,1198.13,0.0
ORD008806,PROD0056,1,1815.37,0.0
ORD004227,PROD0011,3,569.66,0.1
ORD017077,PROD0122,4,768.92,0.1
ORD003316,PROD0248,1,581.51,0.0
ORD013293,PROD0127,1,1166.2,0.1
ORD015522,PROD0205,5,315.35,0.05
ORD015014,PROD0039,3,748.33,0.1
ORD001077,PROD0232,5,480.05,0.2
ORD016397,PROD0018,4,1106.42,0.0
ORD000834,PROD0180,2,374.36,0.0
ORD006841,PROD0214,2,285.7,0.15
ORD017806,PROD0004,3,1005.11,0.1
ORD004007,PROD0290,3,3732.41,0.05
ORD017699,PROD0077,2,372.07,0.0
ORD017651,PROD0002,1,1122.65,0.1
ORD010703,PROD0258,5,814.14,0.0
ORD012294,PROD0240,5,1736.87,0.0
ORD001365,PROD0018,3,1106.42,0.2
ORD014583,PROD0126,3,648.87,0.1
ORD014766,PROD0025,4,585.99,0.0
ORD000635,PROD0234,5,1884.98,0.2
ORD006483,PROD0195,2,525.15,0.05
ORD016163,PROD0187,1,2575.23,0.2
ORD006927,PROD0028,5,740.62,0.1
ORD010584,PROD0075,4,993.75,0.1
ORD011564,PROD0124,3,7033.68,0.15
ORD001244,PROD0265,3,709.86,0.1
ORD015573,PROD0206,3,512.36,0.0
ORD013792,PROD0253,4,3782.92,0.05
ORD007266,PROD0033,2,726.59,0.0
ORD008795,PROD0021,2,2017.39,0.05
ORD000081,PROD0119,1,1545.4,0.1
ORD009044,PROD0043,2,950.69,0.05
ORD017429,PROD0146,1,2912.21,0.1
ORD009825,PROD0123,2,2787.07,0.15
ORD016633,PROD0069,4,6450.78,0.1
ORD015281,PROD0041,3,566.23,0.05
ORD007073,PROD0300,5,2550.36,0.05
ORD003177,PROD0037,5,1059.57,0.0
ORD014696,PROD0059,4,3884.69,0.0
ORD009905,PROD0297,5,359.44,0.0
ORD008247,PROD0154,4,611.42,0.05
ORD015895,PROD0289,2,1376.41,0.15
ORD005763,PROD0102,4,1726.73,0.1
ORD001972,PROD0185,3,592.37,0.0
ORD000078,PROD0269,1,528.68,0.0
ORD012734,PROD0041,5,566.23,0.0
ORD008102,PROD0107,3,416.19,0.0
ORD005662,PROD0023,4,529.99,0.15
ORD003131,PROD0129,5,2715.49,0.1
ORD000800,PROD0054,5,1149.11,0.05
ORD015315,PROD0226,4,322.28,0.05
ORD000652,PROD0104,4,917.71,0.05
ORD011894,PROD0247,3,1013.19,0.1
ORD003262,PROD0221,5,861.75,0.1
ORD016105,PROD0084,5,787.16,0.0
ORD011658,PROD0273,1,1884.45,0.1
ORD012081,PROD0297,1,359.44,0.0
ORD006513,PROD0298,4,392.05,0.0
ORD001774,PROD0274,2,356.93,0.0
ORD007648,PROD0251,2,1056.88,0.15
ORD003226,PROD0021,1,2017.39,0.15
ORD002596,PROD0226,3,322.28,0.0
ORD016312,PROD0057,3,1480.61,0.1
ORD012839,PROD0291,4,859.37,0.1
ORD001860,PROD0076,1,1911.33,0.05
ORD007892,PROD0100,5,1535.02,0.15
ORD012929,PROD0131,3,719.35,0.15
ORD005043,PROD0119,3,1545.4,0.1
ORD013847,PROD0257,5,994.46,0.0
ORD004392,PROD0184,1,734.18,0.2
ORD014797,PROD0165,3,1341.44,0.0
ORD004966,PROD0236,3,1243.22,0.1
ORD011962,PROD0264,2,409.67,0.05
ORD014903,PROD0167,3,2511.68,0.05
ORD003507,PROD0010,5,1326.68,0.0
ORD004538,PROD0154,3,611.42,0.1
ORD010130,PROD0244,1,1140.3,0.0
ORD016892,PROD0297,2,359.44,0.15
ORD004981,PROD0075,5,993.75,0.1
ORD016720,PROD0105,3,813.74,0.1
ORD010798,PROD0162,5,377.71,0.1
ORD017376,PROD0146,1,2912.21,0.05
ORD002855,PROD0238,1,1179.28,0.0
ORD008018,PROD0290,3,3732.41,0.1
ORD001256,PROD0064,3,706.46,0.05
ORD009736,PROD0133,5,737.29,0.15
ORD010024,PROD0237,5,1008.9,0.05
ORD014877,PROD0280,3,239.29,0.1
ORD010864,PROD0083,1,1558.0,0.15
ORD008176,PROD0197,4,774.0,0.05
ORD016671,PROD0248,4,581.51,0.0
ORD005681,PROD0222,2,803.44,0.1
ORD007731,PROD0146,1,2912.21,0.15
ORD003693,PROD0118,1,437.61,0.15
ORD010246,PROD0275,1,1740.08,0.2
ORD009246,PROD0137,2,445.2,0.05
ORD016232,PROD0167,3,2511.68,0.15
ORD012532,PROD0059,5,3884.69,0.2
ORD000119,PROD0086,2,1292.77,0.1
ORD012241,PROD0095,3,853.11,0.05
ORD000374,PROD0170,5,1486.76,0.1
ORD014338,PROD0242,3,1251.99,0.0
ORD013834,PROD0234,3,1884.98,0.05
ORD014097,PROD0297,4,359.44,0.1
ORD005457,PROD0226,1,322.28,0.1
ORD003486,PROD0008,4,1428.37,0.0
ORD017710,PROD0245,2,258.37,0.05
ORD015611,PROD0272,5,834.67,0.05
ORD017441,PROD0201,4,1107.62,0.05
ORD001430,PROD0028,4,740.62,0.05
ORD000612,PROD0242,3,1251.99,0.1
ORD012219,PROD0113,4,495.12,0.15
ORD014819,PROD0212,2,936.47,0.15
ORD005237,PROD0238,1,1179.28,0.0
ORD006050,PROD0263,4,754.46,0.0
ORD001979,PROD0227,5,663.99,0.0
ORD006864,PROD0174,5,1681.39,0.1
ORD015167,PROD0017,3,5213.81,0.05
ORD011342,PROD0052,4,1103.19,0.15
ORD000295,PROD0248,2,581.51,0.1
ORD005439,PROD0221,5,861.75,0.0
ORD011118,PROD0239,2,3878.85,0.0
ORD000474,PROD0226,4,322.28,0.15
ORD012885,PROD0014,1,596.75,0.1
ORD016907,PROD0185,4,592.37,0.05
ORD001746,PROD0202,5,1039.91,0.2
ORD004829,PROD0252,5,1091.64,0.05
ORD002508,PROD0182,3,1491.37,0.0
ORD008131,PROD0098,4,1788.67,0.0
ORD006821,PROD0181,4,218.55,0.05
ORD007017,PROD0144,5,1097.89,0.2
ORD012487,PROD0250,3,468.3,0.05
ORD010802,PROD0110,4,2045.64,0.1
ORD010615,PROD0200,1,1906.63,0.0
ORD008001,PROD0271,3,1034.8,0.1
ORD003006,PROD0267,1,1411.95,0.15
ORD016192,PROD0091,2,402.26,0.0
ORD010150,PROD0066,4,705.54,0.1
ORD007786,PROD0269,4,528.68,0.15
ORD002404,PROD0179,1,608.27,0.0
ORD017531,PROD0213,3,475.42,0.05
ORD002353,PROD0190,2,1494.94,0.05
ORD008742,PROD0008,4,1428.37,0.15
ORD016754,PROD0148,2,2479.32,0.05
ORD010692,PROD0119,1,1545.4,0.15
ORD008739,PROD0128,5,414.27,0.0
ORD007924,PROD0101,3,3596.1,0.0
ORD009243,PROD0224,3,4037.97,0.05
ORD014460,PROD0201,3,1107.62,0.2
ORD015342,PROD0286,2,722.33,0.05
ORD002085,PROD0148,4,2479.32,0.0
ORD008967,PROD0294,3,608.79,0.0
ORD010709,PROD0251,1,1056.88,0.05
ORD015382,PROD0215,4,496.9,0.0
ORD007620,PROD0008,1,1428.37,0.0
ORD003485,PROD0120,4,3592.34,0.15
ORD016728,PROD0134,2,938.67,0.1
ORD007703,PROD0172,5,3513.98,0.1
ORD003531,PROD0129,3,2715.49,0.05
ORD003677,PROD0045,1,1204.82,0.15
ORD002638,PROD0078,1,1498.55,0.0
ORD011910,PROD0299,2,3528.34,0.0
ORD014713,PROD0025,2,585.99,0.05
ORD013412,PROD0268,5,1593.82,0.2
ORD015418,PROD0210,1,539.67,0.0
ORD007186,PROD0294,4,608.79,0.15
ORD001155,PROD0107,5,416.19,0.1
ORD000122,PROD0258,1,814.14,0.2
ORD008542,PROD0012,4,2384.44,0.1
ORD008538,PROD0193,5,3394.61,0.05
ORD002550,PROD0241,3,215.23,0.0
ORD012631,PROD0250,4,468.3,0.1
ORD003754,PROD0107,1,416.19,0.0
ORD016229,PROD0167,5,2511.68,0.0
ORD007104,PROD0197,3,774.0,0.0
ORD007529,PROD0116,2,435.35,0.05
ORD008403,PROD0245,2,258.37,0.15
ORD014767,PROD0194,5,2044.13,0.05
ORD015706,PROD0167,3,2511.68,0.15
ORD009794,PROD0184,5,734.18,0.15
ORD008440,PROD0171,3,619.82,0.05
ORD007705,PROD0031,3,2790.09,0.05
ORD009004,PROD0258,2,814.14,0.05
ORD016252,PROD0056,4,1815.37,0.0
ORD009267,PROD0048,5,2692.11,0.1
ORD000707,PROD0263,3,754.46,0.0
ORD007959,PROD0040,1,5448.94,0.15
ORD006026,PROD0031,2,2790.09,0.0
ORD014781,PROD0122,1,768.92,0.15
ORD002779,PROD0071,3,1519.69,0.15
ORD009579,PROD0059,3,3884.69,0.05
ORD005164,PROD0160,4,2652.37,0.1
ORD011501,PROD0029,2,1224.14,0.0
ORD002795,PROD0190,2,1494.94,0.05
ORD015396,PROD0279,2,1760.62,0.1
ORD001320,PROD0102,5,1726.73,0.0
ORD010666,PROD0200,2,1906.63,0.05
ORD017554,PROD0209,4,4636.93,0.2
ORD010701,PROD0105,5,813.74,0.1
ORD010126,PROD0231,1,1734.21,0.0
ORD016197,PROD0220,5,1249.15,0.1
ORD006000,PROD0084,1,787.16,0.1
ORD014805,PROD0210,3,539.67,0.05
ORD016008,PROD0143,1,2026.75,0.15
ORD015147,PROD0295,2,450.65,0.15
ORD017190,PROD0040,1,5448.94,0.0
ORD011057,PROD0165,2,1341.44,0.05
ORD004043,PROD0273,5,1884.45,0.1
ORD000314,PROD0228,1,1012.55,0.15
ORD010431,PROD0072,3,4756.76,0.05
ORD007618,PROD0217,2,748.27,0.05
ORD005470,PROD0178,1,1006.65,0.0
ORD003719,PROD0161,5,1467.22,0.0
ORD011895,PROD0251,2,1056.88,0.15
ORD009476,PROD0285,1,1253.77,0.1
ORD017914,PROD0276,2,1150.97,0.15
ORD009285,PROD0144,4,1097.89,0.05
ORD001961,PROD0237,4,1008.9,0.05
ORD005946,PROD0259,5,272.42,0.2
ORD002543,PROD0025,3,585.99,0.2
ORD013494,PROD0130,4,1402.05,0.1
ORD009521,PROD0259,5,272.42,0.05
ORD004025,PROD0191,4,425.27,0.15
ORD011132,PROD0059,5,3884.69,0.05
ORD014335,PROD0286,3,722.33,0.0
ORD008182,PROD0096,4,830.36,0.0
ORD008393,PROD0160,4,2652.37,0.1
ORD007820,PROD0218,1,852.15,0.0
ORD000367,PROD0229,5,251.37,0.0
ORD016825,PROD0009,2,419.4,0.15
ORD004399,PROD0192,5,2094.72,0.1
ORD009353,PROD0049,5,474.29,0.0
ORD009095,PROD0169,4,2484.01,0.0
ORD016942,PROD0196,4,624.67,0.15
ORD016305,PROD0177,5,1733.37,0.05
ORD012848,PROD0017,5,5213.81,0.15
ORD000343,PROD0120,5,3592.34,0.05
ORD017252,PROD0258,3,814.14,0.0
ORD002803,PROD0066,4,705.54,0.05
ORD013671,PROD0084,2,787.16,0.15
ORD009494,PROD0138,2,2041.26,0.2
ORD012381,PROD0076,2,1911.33,0.0
ORD007732,PROD0136,2,4655.74,0.0
ORD015032,PROD0297,2,359.44,0.2
ORD004702,PROD0219,2,1088.5,0.15
ORD006341,PROD0038,3,1310.24,0.1
ORD012806,PROD0245,1,258.37,0.05
ORD006604,PROD0068,2,2579.6,0.1
ORD011290,PROD0289,3,1376.41,0.0
ORD005507,PROD0151,3,938.09,0.0
ORD015040,PROD0186,3,324.33,0.15
ORD006113,PROD0114,2,983.9,0.05
ORD006876,PROD0245,4,258.37,0.1
ORD007548,PROD0113,1,495.12,0.05
ORD000880,PROD0040,1,5448.94,0.2
ORD007314,PROD0223,1,1507.47,0.15
ORD004794,PROD0173,2,1893.36,0.1
ORD001824,PROD0208,2,1605.39,0.1
ORD008065,PROD0172,5,3513.98,0.1
ORD000006,PROD0192,3,2094.72,0.0
ORD003927,PROD0053,2,499.98,0.15
ORD007565,PROD0145,1,2107.82,0.15
ORD011465,PROD0237,1,1008.9,0.15
ORD011830,PROD0069,2,6450.78,0.0
ORD015724,PROD0075,2,993.75,0.1
ORD007249,PROD0273,4,1884.45,0.1
ORD005620,PROD0099,5,550.57,0.05
ORD007873,PROD0290,2,3732.41,0.1
ORD009463,PROD0051,2,257.94,0.0
ORD013907,PROD0107,5,416.19,0.05
ORD016161,PROD0255,5,2724.93,0.0
ORD010315,PROD0215,1,496.9,0.15
ORD012753,PROD0296,3,605.83,0.0
ORD001716,PROD0211,2,1092.8,0.05
ORD003906,PROD0290,2,3732.41,0.1
ORD004565,PROD0236,4,1243.22,0.1
ORD014400,PROD0120,4,3592.34,0.2
ORD010066,PROD0040,5,5448.94,0.05
ORD017692,PROD0146,5,2912.21,0.15
ORD000321,PROD0236,5,1243.22,0.05
ORD006754,PROD0200,1,1906.63,0.0
ORD001760,PROD0280,5,239.29,0.0
ORD000121,PROD0111,4,843.13,0.15
ORD010059,PROD0234,1,1884.98,0.1
ORD014236,PROD0230,3,1187.41,0.1
ORD000194,PROD0159,1,2084.31,0.05
ORD001909,PROD0209,4,4636.93,0.05
ORD001501,PROD0088,1,255.81,0.15
ORD017546,PROD0102,2,1726.73,0.05
ORD004204,PROD0230,2,1187.41,0.15
ORD009813,PROD0027,2,5305.88,0.1
ORD001816,PROD0090,1,1416.42,0.15
ORD004294,PROD0297,3,359.44,0.05
ORD017861,PROD0299,1,3528.34,0.0
ORD011254,PROD0151,3,938.09,0.05
ORD002027,PROD0251,4,1056.88,0.1
ORD004682,PROD0019,3,2132.91,0.0
ORD001950,PROD0213,4,475.42,0.15
ORD007213,PROD0092,4,2466.2,0.15
ORD008751,PROD0191,3,425.27,0.1
ORD004633,PROD0110,4,2045.64,0.05
ORD012844,PROD0231,4,1734.21,0.15
ORD013875,PROD0153,4,192.77,0.2
ORD001180,PROD0215,2,496.9,0.15
ORD007361,PROD0013,5,2230.9,0.0
ORD007394,PROD0250,1,468.3,0.05
ORD014777,PROD0187,4,2575.23,0.05
ORD008897,PROD0128,3,414.27,0.15
ORD011354,PROD0038,1,1310.24,0.05
ORD004235,PROD0143,2,2026.75,0.0
ORD010227,PROD0299,5,3528.34,0.1
ORD017612,PROD0254,5,1021.7,0.1
ORD005808,PROD0115,5,1198.13,0.05
ORD017149,PROD0032,5,1792.53,0.2
ORD015648,PROD0293,3,1136.47,0.2
ORD017870,PROD0073,5,3798.83,0.1
ORD017727,PROD0289,4,1376.41,0.0
ORD009450,PROD0054,4,1149.11,0.2
ORD014427,PROD0280,3,239.29,0.05
ORD015473,PROD0001,3,2228.63,0.15
ORD001899,PROD0063,1,453.52,0.0
ORD006333,PROD0288,2,1099.87,0.05
ORD015499,PROD0179,4,608.27,0.1
ORD016211,PROD0138,1,2041.26,0.0
ORD008334,PROD0021,1,2017.39,0.0
ORD004158,PROD0015,4,768.6,0.05
ORD005889,PROD0052,4,1103.19,0.0
ORD009972,PROD0265,5,709.86,0.05
ORD017893,PROD0004,1,1005.11,0.15
ORD011210,PROD0211,4,1092.8,0.05
ORD007948,PROD0028,2,740.62,0.15
ORD017637,PROD0218,2,852.15,0.0
ORD009400,PROD0120,4,3592.34,0.05
ORD009756,PROD0253,4,3782.92,0.2
ORD004291,PROD0176,5,890.34,0.1
ORD005682,PROD0236,4,1243.22,0.05
ORD004116,PROD0253,4,3782.92,0.2
ORD000463,PROD0110,3,2045.64,0.05
ORD016196,PROD0027,3,5305.88,0.0
ORD017691,PROD0103,1,814.61,0.0
ORD007842,PROD0020,3,2005.81,0.1
ORD011493,PROD0159,5,2084.31,0.05
ORD009505,PROD0217,2,748.27,0.05
ORD001781,PROD0127,4,1166.2,0.0
ORD015444,PROD0049,4,474.29,0.05
ORD011899,PROD0099,5,550.57,0.0
ORD006706,PROD0119,3,1545.4,0.0
ORD016193,PROD0103,4,814.61,0.05
ORD007482,PROD0092,1,2466.2,0.15
ORD007730,PROD0090,1,1416.42,0.2
ORD009539,PROD0149,4,231.51,0.1
ORD015842,PROD0135,5,1098.25,0.0
ORD002408,PROD0288,3,1099.87,0.1
ORD010435,PROD0070,3,2065.33,0.2
ORD009528,PROD0185,2,592.37,0.1
ORD002622,PROD0278,1,1418.31,0.15
ORD002490,PROD0131,3,719.35,0.0
ORD007852,PROD0150,2,1469.35,0.0
ORD013240,PROD0080,4,1973.58,0.15
ORD017461,PROD0295,5,450.65,0.1
ORD009153,PROD0148,2,2479.32,0.1
ORD016981,PROD0141,4,526.7,0.1
ORD017265,PROD0039,4,748.33,0.05
ORD010659,PROD0051,1,257.94,0.15
ORD012767,PROD0192,2,2094.72,0.0
ORD016586,PROD0242,1,1251.99,0.2
ORD011652,PROD0007,2,838.82,0.15
ORD002785,PROD0233,2,865.79,0.1
ORD015957,PROD0185,1,592.37,0.05
ORD017716,PROD0112,3,3157.32,0.05
ORD011606,PROD0173,1,1893.36,0.05
ORD002663,PROD0172,5,3513.98,0.05
ORD009794,PROD0210,1,539.67,0.1
ORD017129,PROD0116,1,435.35,0.0
ORD012341,PROD0101,2,3596.1,0.0
ORD010812,PROD0135,1,1098.25,0.1
ORD001780,PROD0021,3,2017.39,0.1
ORD002622,PROD0047,1,743.87,0.1
ORD007982,PROD0062,5,1731.8,0.1
ORD005770,PROD0242,3,1251.99,0.05
ORD017523,PROD0112,4,3157.32,0.15
ORD004116,PROD0116,1,435.35,0.05
ORD003151,PROD0016,2,2382.58,0.05
ORD000376,PROD0186,3,324.33,0.15
ORD001310,PROD0104,4,917.71,0.15
ORD007043,PROD0096,5,830.36,0.2
ORD010744,PROD0100,5,1535.02,0.15
ORD016242,PROD0085,3,2361.96,0.1
ORD017905,PROD0001,4,2228.63,0.15
ORD004809,PROD0237,5,1008.9,0.1
ORD007082,PROD0046,3,423.5,0.0
ORD002644,PROD0159,3,2084.31,0.0
ORD005403,PROD0086,2,1292.77,0.1
ORD011810,PROD0079,2,1557.75,0.05
ORD005885,PROD0232,1,480.05,0.2
ORD001896,PROD0101,3,3596.1,0.15
ORD006738,PROD0249,5,4012.64,0.1
ORD011676,PROD0210,1,539.67,0.0
ORD016887,PROD0190,1,1494.94,0.05
ORD017576,PROD0085,5,2361.96,0.0
ORD010148,PROD0237,5,1008.9,0.0
ORD000839,PROD0222,3,803.44,0.1
ORD017443,PROD0283,1,1585.65,0.1
ORD002277,PROD0030,4,1536.54,0.05
ORD005625,PROD0032,4,1792.53,0.0
ORD007308,PROD0048,3,2692.11,0.0
ORD002811,PROD0232,3,480.05,0.1
ORD010756,PROD0014,5,596.75,0.05
ORD015686,PROD0044,5,2277.54,0.0
ORD009425,PROD0246,3,484.36,0.05
ORD000002,PROD0197,4,774.0,0.15
ORD004383,PROD0212,1,936.47,0.05
ORD008916,PROD0197,2,774.0,0.0
ORD009592,PROD0190,1,1494.94,0.05
ORD009182,PROD0242,2,1251.99,0.0
ORD008905,PROD0201,2,1107.62,0.05
ORD008122,PROD0029,4,1224.14,0.0
ORD014955,PROD0074,4,701.79,0.05
ORD014496,PROD0085,1,2361.96,0.0
ORD014767,PROD0019,3,2132.91,0.1
ORD006843,PROD0212,4,936.47,0.05
ORD001235,PROD0194,1,2044.13,0.2
ORD016040,PROD0164,5,1896.67,0.0
ORD000998,PROD0277,4,668.68,0.0
ORD007182,PROD0230,4,1187.41,0.0
ORD013592,PROD0017,5,5213.81,0.05
ORD003263,PROD0253,5,3782.92,0.1
ORD009009,PROD0087,2,2381.84,0.15
ORD015546,PROD0158,2,1130.19,0.1
ORD014877,PROD0212,2,936.47,0.1
ORD001336,PROD0125,1,1338.46,0.2
ORD014467,PROD0164,2,1896.67,0.1
ORD005107,PROD0080,2,1973.58,0.2
ORD004276,PROD0243,4,4498.92,0.1
ORD002171,PROD0175,5,2260.04,0.0
ORD007545,PROD0129,1,2715.49,0.05
ORD004546,PROD0083,5,1558.0,0.1
ORD001164,PROD0206,2,512.36,0.05
ORD004815,PROD0013,3,2230.9,0.0
ORD015533,PROD0009,2,419.4,0.05
ORD007578,PROD0210,2,539.67,0.0
ORD012308,PROD0122,2,768.92,0.05
ORD014089,PROD0165,2,1341.44,0.1
ORD005732,PROD0147,5,1277.67,0.1
ORD006297,PROD0070,1,2065.33,0.0
ORD016353,PROD0099,4,550.57,0.1
ORD000009,PROD0016,4,2382.58,0.0
ORD007284,PROD0042,2,5997.9,0.15
ORD007746,PROD0163,2,703.11,0.0
ORD015494,PROD0161,3,1467.22,0.15
ORD006965,PROD0286,3,722.33,0.1
ORD013379,PROD0292,4,526.18,0.05
ORD005199,PROD0077,1,372.07,0.0
ORD001817,PROD0243,2,4498.92,0.0
ORD011631,PROD0281,5,5213.75,0.2
ORD012667,PROD0147,4,1277.67,0.2
ORD004801,PROD0252,3,1091.64,0.0
ORD001950,PROD0052,1,1103.19,0.0
ORD001207,PROD0222,5,803.44,0.05
ORD005984,PROD0182,1,1491.37,0.05
ORD017024,PROD0018,1,1106.42,0.1
ORD007277,PROD0122,4,768.92,0.2
ORD012894,PROD0088,1,255.81,0.0
ORD000423,PROD0190,3,1494.94,0.1
ORD001473,PROD0074,1,701.79,0.1
ORD006439,PROD0199,1,919.06,0.05
ORD008320,PROD0280,2,239.29,0.05
ORD011995,PROD0151,3,938.09,0.05
ORD005759,PROD0152,4,3664.43,0.1
ORD014057,PROD0031,3,2790.09,0.05
ORD014751,PROD0056,5,1815.37,0.0
ORD010368,PROD0146,1,2912.21,0.05
ORD004153,PROD0036,2,2265.4,0.05
ORD010692,PROD0150,1,1469.35,0.0
ORD015810,PROD0079,2,1557.75,0.1
ORD016162,PROD0087,2,2381.84,0.1
ORD006806,PROD0225,2,670.12,0.05
ORD007353,PROD0207,5,4103.55,0.05
ORD006791,PROD0235,4,1069.09,0.05
ORD003102,PROD0225,3,670.12,0.1
ORD009941,PROD0058,4,5552.05,0.05
ORD017877,PROD0206,2,512.36,0.0
ORD001793,PROD0143,3,2026.75,0.1
ORD014001,PROD0049,4,474.29,0.1
ORD017780,PROD0066,1,705.54,0.1
ORD010115,PROD0150,5,1469.35,0.0
ORD008967,PROD0199,1,919.06,0.05
ORD009507,PROD0129,4,2715.49,0.0
ORD013486,PROD0130,3,1402.05,0.0
ORD007783,PROD0087,1,2381.84,0.1
ORD005019,PROD0221,5,861.75,0.1
ORD005255,PROD0240,1,1736.87,0.1
ORD011318,PROD0226,3,322.28,0.2
ORD010011,PROD0109,3,315.2,0.0
ORD000490,PROD0028,5,740.62,0.05
ORD014991,PROD0019,3,2132.91,0.0
ORD001546,PROD0250,2,468.3,0.15
ORD013880,PROD0046,5,423.5,0.1
ORD016963,PROD0119,5,1545.4,0.05
ORD017778,PROD0004,3,1005.11,0.0
ORD014532,PROD0271,4,1034.8,0.1
ORD016799,PROD0221,2,861.75,0.05
ORD002855,PROD0068,3,2579.6,0.05
ORD012399,PROD0069,5,6450.78,0.2
ORD006858,PROD0229,4,251.37,0.2
ORD004433,PROD0205,2,315.35,0.05
ORD009854,PROD0076,4,1911.33,0.15
ORD007587,PROD0183,1,606.73,0.05
ORD015690,PROD0096,3,830.36,0.2
ORD012127,PROD0032,2,1792.53,0.1
ORD016103,PROD0066,4,705.54,0.1
ORD015735,PROD0025,2,585.99,0.05
ORD003550,PROD0195,5,525.15,0.1
ORD006443,PROD0070,5,2065.33,0.05
ORD003710,PROD0046,3,423.5,0.1
ORD001735,PROD0092,5,2466.2,0.0
ORD001249,PROD0260,2,2453.91,0.05
ORD003465,PROD0222,2,803.44,0.2
ORD000584,PROD0175,2,2260.04,0.05
ORD000795,PROD0200,1,1906.63,0.1
ORD015901,PROD0191,3,425.27,0.2
ORD007285,PROD0057,1,1480.61,0.05
ORD014741,PROD0173,2,1893.36,0.2
ORD014195,PROD0241,1,215.23,0.2
ORD010883,PROD0272,3,834.67,0.1
ORD008525,PROD0039,5,748.33,0.1
ORD011775,PROD0136,1,4655.74,0.15
ORD017914,PROD0046,3,423.5,0.1
ORD013618,PROD0251,2,1056.88,0.2
ORD003748,PROD0210,3,539.67,0.0
ORD005001,PROD0029,5,1224.14,0.1
ORD003789,PROD0051,1,257.94,0.0
ORD011621,PROD0014,3,596.75,0.0
ORD005163,PROD0241,4,215.23,0.2
ORD009216,PROD0011,1,569.66,0.05
ORD005703,PROD0184,1,734.18,0.2
ORD005224,PROD0050,1,138.33,0.15
ORD013019,PROD0201,1,1107.62,0.0
ORD015089,PROD0231,5,1734.21,0.15
ORD012103,PROD0065,2,298.49,0.0
ORD000375,PROD0034,1,1106.13,0.2
ORD017210,PROD0030,4,1536.54,0.2
ORD013925,PROD0277,4,668.68,0.1
ORD003222,PROD0203,4,1208.94,0.05
ORD000269,PROD0003,5,2931.9,0.0
ORD004997,PROD0232,3,480.05,0.15
ORD004284,PROD0235,1,1069.09,0.0
ORD000911,PROD0032,4,1792.53,0.05
ORD004302,PROD0256,2,895.23,0.0
ORD013123,PROD0185,4,592.37,0.0
ORD003418,PROD0196,3,624.67,0.05
ORD016378,PROD0050,2,138.33,0.2
ORD012848,PROD0143,1,2026.75,0.05
ORD016259,PROD0276,4,1150.97,0.1
ORD004522,PROD0169,2,2484.01,0.15
ORD015684,PROD0047,1,743.87,0.15
ORD001097,PROD0006,5,997.09,0.2
ORD011286,PROD0066,4,705.54,0.1
ORD008121,PROD0094,4,1585.84,0.0
ORD013671,PROD0019,5,2132.91,0.0
ORD005724,PROD0286,4,722.33,0.1
ORD012555,PROD0113,4,495.12,0.0
ORD009593,PROD0217,1,748.27,0.15
ORD013537,PROD0112,2,3157.32,0.05
ORD007151,PROD0109,4,315.2,0.05
ORD009660,PROD0290,1,3732.41,0.0
ORD011049,PROD0285,4,1253.77,0.05
ORD007535,PROD0010,3,1326.68,0.1
ORD007298,PROD0083,3,1558.0,0.05
ORD001979,PROD0058,1,5552.05,0.15
ORD007636,PROD0058,4,5552.05,0.0
ORD005022,PROD0142,1,536.55,0.0
ORD002826,PROD0229,4,251.37,0.05
ORD004172,PROD0076,1,1911.33,0.05
ORD016402,PROD0022,4,174.42,0.1
ORD015034,PROD0197,3,774.0,0.15
ORD014118,PROD0249,1,4012.64,0.2
ORD005681,PROD0055,1,1758.65,0.0
ORD007727,PROD0274,3,356.93,0.15
ORD012196,PROD0103,2,814.61,0.2
ORD001630,PROD0157,1,1342.68,0.05
ORD008603,PROD0109,3,315.2,0.1
ORD006740,PROD0277,4,668.68,0.2
ORD009843,PROD0242,1,1251.99,0.05
ORD001979,PROD0295,2,450.65,0.15
ORD001515,PROD0210,2,539.67,0.15
ORD016476,PROD0179,3,608.27,0.0
ORD016762,PROD0281,3,5213.75,0.0
ORD011730,PROD0113,5,495.12,0.0
ORD003421,PROD0274,1,356.93,0.05
ORD009258,PROD0238,2,1179.28,0.1
ORD002279,PROD0061,3,1808.63,0.0
ORD014746,PROD0234,4,1884.98,0.15
ORD012143,PROD0278,2,1418.31,0.2
ORD012803,PROD0053,5,499.98,0.1
ORD017724,PROD0282,5,1059.41,0.1
ORD007762,PROD0179,2,608.27,0.05
ORD017398,PROD0285,5,1253.77,0.1
ORD011465,PROD0084,4,787.16,0.05
ORD006823,PROD0095,4,853.11,0.0
ORD008479,PROD0153,1,192.77,0.1
ORD009121,PROD0022,2,174.42,0.05
ORD013383,PROD0077,2,372.07,0.05
ORD003073,PROD0076,4,1911.33,0.1
ORD007002,PROD0024,2,3557.69,0.2
ORD006148,PROD0132,5,1663.98,0.05
ORD000673,PROD0021,3,2017.39,0.0
ORD014500,PROD0184,3,734.18,0.0
ORD014454,PROD0067,3,1836.4,0.0
ORD013643,PROD0056,2,1815.37,0.1
ORD011221,PROD0207,4,4103.55,0.0
ORD006811,PROD0269,2,528.68,0.2
ORD012501,PROD0167,5,2511.68,0.05
ORD001600,PROD0040,5,5448.94,0.05
ORD013362,PROD0076,2,1911.33,0.15
ORD005927,PROD0010,5,1326.68,0.15
ORD007059,PROD0078,3,1498.55,0.2
ORD001401,PROD0242,2,1251.99,0.1
ORD000536,PROD0043,2,950.69,0.2
ORD008234,PROD0224,5,4037.97,0.05
ORD010627,PROD0169,1,2484.01,0.0
ORD016869,PROD0056,4,1815.37,0.0
ORD002234,PROD0244,4,1140.3,0.15
ORD000578,PROD0076,1,1911.33,0.0
ORD016700,PROD0175,2,2260.04,0.1
ORD013469,PROD0040,5,5448.94,0.15
ORD014406,PROD0184,5,734.18,0.15
ORD017577,PROD0262,3,1081.48,0.1
ORD015880,PROD0076,4,1911.33,0.2
ORD001246,PROD0244,3,1140.3,0.15
ORD004051,PROD0072,4,4756.76,0.0
ORD009082,PROD0210,1,539.67,0.05
ORD010682,PROD0296,2,605.83,0.0
ORD001166,PROD0080,5,1973.58,0.05
ORD002805,PROD0079,1,1557.75,0.1
ORD006447,PROD0264,5,409.67,0.0
ORD006805,PROD0079,5,1557.75,0.15
ORD015390,PROD0062,4,1731.8,0.05
ORD009537,PROD0068,1,2579.6,0.05
ORD012791,PROD0095,2,853.11,0.05
ORD011230,PROD0127,1,1166.2,0.2
ORD005263,PROD0294,3,608.79,0.05
ORD017560,PROD0185,2,592.37,0.0
ORD013414,PROD0153,4,192.77,0.05
ORD013078,PROD0188,1,5555.06,0.1
ORD001242,PROD0193,1,3394.61,0.1
ORD012202,PROD0297,3,359.44,0.05
ORD005331,PROD0044,1,2277.54,0.05
ORD004910,PROD0050,4,138.33,0.15
ORD012408,PROD0172,5,3513.98,0.0
ORD012756,PROD0021,2,2017.39,0.1
ORD008021,PROD0061,4,1808.63,0.1
ORD016094,PROD0007,3,838.82,0.0
ORD007519,PROD0284,1,1551.66,0.05
ORD004893,PROD0157,3,1342.68,0.2
ORD001466,PROD0050,4,138.33,0.05
ORD017654,PROD0139,5,624.58,0.1
ORD004581,PROD0131,5,719.35,0.0
ORD000579,PROD0266,2,1066.97,0.1
ORD009475,PROD0237,4,1008.9,0.2
ORD009573,PROD0086,3,1292.77,0.0
ORD008189,PROD0023,4,529.99,0.15
ORD016575,PROD0045,4,1204.82,0.05
ORD015933,PROD0195,1,525.15,0.0
ORD002830,PROD0194,2,2044.13,0.0
ORD005605,PROD0021,2,2017.39,0.0
ORD002260,PROD0048,4,2692.11,0.05
ORD017491,PROD0017,3,5213.81,0.05
ORD004931,PROD0273,2,1884.45,0.0
ORD005050,PROD0113,3,495.12,0.0
ORD015623,PROD0084,4,787.16,0.0
ORD010445,PROD0184,2,734.18,0.0
ORD004021,PROD0104,3,917.71,0.1
ORD006164,PROD0087,2,2381.84,0.15
ORD011779,PROD0098,1,1788.67,0.15
ORD002177,PROD0180,4,374.36,0.1
ORD001558,PROD0251,3,1056.88,0.2
ORD002909,PROD0044,2,2277.54,0.05
ORD012535,PROD0282,4,1059.41,0.15
ORD015326,PROD0065,4,298.49,0.0
ORD002703,PROD0116,4,435.35,0.05
ORD013284,PROD0161,5,1467.22,0.1
ORD016106,PROD0183,5,606.73,0.1
ORD006354,PROD0150,4,1469.35,0.0
ORD006350,PROD0068,3,2579.6,0.1
ORD003106,PROD0282,4,1059.41,0.15
ORD006734,PROD0087,5,2381.84,0.05
ORD000274,PROD0038,3,1310.24,0.15
ORD017002,PROD0003,3,2931.9,0.0
ORD012845,PROD0101,4,3596.1,0.15
ORD012244,PROD0044,3,2277.54,0.2
ORD017348,PROD0193,2,3394.61,0.1
ORD005208,PROD0156,1,1302.29,0.15
ORD009932,PROD0205,1,315.35,0.1
ORD015960,PROD0142,4,536.55,0.2
ORD013937,PROD0127,2,1166.2,0.05
ORD014135,PROD0174,4,1681.39,0.1
ORD003643,PROD0118,5,437.61,0.0
ORD009251,PROD0025,1,585.99,0.0
ORD014476,PROD0270,2,546.81,0.15
ORD001541,PROD0227,4,663.99,0.1
ORD017036,PROD0174,1,1681.39,0.1
ORD003759,PROD0225,4,670.12,0.05
ORD003413,PROD0265,3,709.86,0.0
ORD005351,PROD0118,3,437.61,0.15
ORD011890,PROD0233,3,865.79,0.05
ORD002639,PROD0179,1,608.27,0.0
ORD013482,PROD0262,3,1081.48,0.05
ORD005982,PROD0131,5,719.35,0.1
ORD013009,PROD0166,2,655.43,0.1
ORD013175,PROD0041,1,566.23,0.05
ORD000521,PROD0045,2,1204.82,0.15
ORD001365,PROD0284,4,1551.66,0.1
ORD009181,PROD0057,4,1480.61,0.05
ORD009636,PROD0292,1,526.18,0.2
ORD017454,PROD0111,1,843.13,0.0
ORD010835,PROD0206,5,512.36,0.15
ORD005615,PROD0242,3,1251.99,0.1
ORD008436,PROD0095,5,853.11,0.1
ORD009024,PROD0064,2,706.46,0.1
ORD000228,PROD0079,5,1557.75,0.05
ORD000175,PROD0119,3,1545.4,0.1
ORD017545,PROD0028,1,740.62,0.05
ORD007275,PROD0007,2,838.82,0.05
ORD010318,PROD0051,3,257.94,0.05
ORD014263,PROD0223,3,1507.47,0.0
ORD007654,PROD0100,1,1535.02,0.15
ORD017903,PROD0127,3,1166.2,0.2
ORD010026,PROD0046,4,423.5,0.0
ORD005601,PROD0008,3,1428.37,0.1
ORD000624,PROD0050,5,138.33,0.1
ORD017410,PROD0229,4,251.37,0.05
ORD012628,PROD0181,3,218.55,0.05
ORD014855,PROD0171,2,619.82,0.0
ORD002465,PROD0117,1,1622.14,0.05
ORD012802,PROD0073,4,3798.83,0.05
ORD008754,PROD0289,4,1376.41,0.0
ORD001518,PROD0038,4,1310.24,0.0
ORD017983,PROD0256,3,895.23,0.05
ORD013957,PROD0256,5,895.23,0.0
ORD015362,PROD0164,3,1896.67,0.2
ORD017586,PROD0125,4,1338.46,0.0
ORD016950,PROD0190,1,1494.94,0.0
ORD005171,PROD0204,4,1064.24,0.05
ORD009193,PROD0152,4,3664.43,0.15
ORD012799,PROD0152,2,3664.43,0.05
ORD011004,PROD0222,2,803.44,0.1
ORD014558,PROD0053,5,499.98,0.0
ORD008057,PROD0036,2,2265.4,0.05
ORD011526,PROD0031,1,2790.09,0.15
ORD013927,PROD0047,5,743.87,0.15
ORD014204,PROD0219,3,1088.5,0.05
ORD013736,PROD0095,4,853.11,0.15
ORD006852,PROD0156,5,1302.29,0.05
ORD013283,PROD0065,4,298.49,0.05
ORD002398,PROD0281,2,5213.75,0.0
ORD017226,PROD0293,3,1136.47,0.05
ORD015752,PROD0105,5,813.74,0.1
ORD008165,PROD0249,2,4012.64,0.1
ORD001922,PROD0251,2,1056.88,0.0
ORD010865,PROD0079,3,1557.75,0.2
ORD007002,PROD0100,5,1535.02,0.0
ORD010361,PROD0165,4,1341.44,0.0
ORD005526,PROD0060,1,511.57,0.0
ORD000997,PROD0155,1,383.07,0.05
ORD017612,PROD0274,3,356.93,0.1
ORD011186,PROD0080,4,1973.58,0.1
ORD006260,PROD0164,2,1896.67,0.1
ORD010011,PROD0146,1,2912.21,0.0
ORD010347,PROD0038,5,1310.24,0.1
ORD014002,PROD0292,4,526.18,0.05
ORD012397,PROD0046,2,423.5,0.05
ORD003247,PROD0215,2,496.9,0.15
ORD012713,PROD0263,1,754.46,0.2
ORD016258,PROD0133,1,737.29,0.05
ORD004400,PROD0277,3,668.68,0.1
ORD013991,PROD0251,2,1056.88,0.15
ORD013215,PROD0204,5,1064.24,0.0
ORD017826,PROD0153,4,192.77,0.05
ORD003136,PROD0127,1,1166.2,0.05
ORD001865,PROD0180,2,374.36,0.15
ORD002609,PROD0035,1,914.62,0.2
ORD006377,PROD0068,3,2579.6,0.2
ORD010265,PROD0069,1,6450.78,0.15
ORD008237,PROD0144,4,1097.89,0.1
ORD007997,PROD0126,4,648.87,0.0
ORD005346,PROD0053,3,499.98,0.1
ORD008861,PROD0298,5,392.05,0.1
ORD007315,PROD0017,3,5213.81,0.1
ORD004485,PROD0004,1,1005.11,0.1
ORD014553,PROD0033,3,726.59,0.1
ORD004774,PROD0199,4,919.06,0.0
ORD003887,PROD0155,5,383.07,0.0
ORD002701,PROD0235,3,1069.09,0.0
ORD012073,PROD0233,2,865.79,0.0
ORD011394,PROD0050,1,138.33,0.2
ORD000433,PROD0249,5,4012.64,0.05
ORD012491,PROD0208,1,1605.39,0.1
ORD014658,PROD0211,5,1092.8,0.15
ORD002678,PROD0270,1,546.81,0.0
ORD014100,PROD0236,2,1243.22,0.0
ORD016455,PROD0221,5,861.75,0.0
ORD011426,PROD0285,1,1253.77,0.2
ORD017095,PROD0194,4,2044.13,0.1
ORD017314,PROD0102,3,1726.73,0.1
ORD016959,PROD0022,4,174.42,0.1
ORD000684,PROD0051,4,257.94,0.2
ORD016867,PROD0148,2,2479.32,0.0
ORD007769,PROD0055,1,1758.65,0.1
ORD001970,PROD0300,4,2550.36,0.05
ORD000773,PROD0251,4,1056.88,0.15
ORD011544,PROD0165,3,1341.44,0.0
ORD011573,PROD0211,5,1092.8,0.05
ORD001468,PROD0157,2,1342.68,0.0
ORD007457,PROD0090,1,1416.42,0.1
ORD000091,PROD0173,2,1893.36,0.1
ORD009020,PROD0234,2,1884.98,0.1
ORD015975,PROD0179,1,608.27,0.05
ORD000166,PROD0139,5,624.58,0.15
ORD017185,PROD0042,4,5997.9,0.05
ORD012995,PROD0228,2,1012.55,0.1
ORD003789,PROD0190,1,1494.94,0.15
ORD016459,PROD0173,5,1893.36,0.0
ORD015815,PROD0214,3,285.7,0.0
ORD004934,PROD0107,4,416.19,0.0
ORD013643,PROD0085,2,2361.96,0.05
ORD003342,PROD0064,2,706.46,0.0
ORD008522,PROD0181,1,218.55,0.05
ORD008190,PROD0256,5,895.23,0.0
ORD011920,PROD0025,5,585.99,0.05
ORD008608,PROD0167,2,2511.68,0.15
ORD007460,PROD0008,2,1428.37,0.05
ORD007463,PROD0054,2,1149.11,0.1
ORD007063,PROD0125,2,1338.46,0.1
ORD003865,PROD0247,5,1013.19,0.0
ORD004008,PROD0011,3,569.66,0.05
ORD004605,PROD0084,5,787.16,0.2
ORD005514,PROD0007,2,838.82,0.2
ORD013303,PROD0203,3,1208.94,0.1
ORD011317,PROD0087,2,2381.84,0.0
ORD008477,PROD0186,3,324.33,0.15
ORD014690,PROD0044,5,2277.54,0.1
ORD011991,PROD0285,1,1253.77,0.05
ORD016696,PROD0298,5,392.05,0.05
ORD002408,PROD0129,3,2715.49,0.0
ORD011013,PROD0127,5,1166.2,0.2
ORD000154,PROD0188,5,5555.06,0.05
ORD013590,PROD0047,2,743.87,0.0
ORD008026,PROD0016,3,2382.58,0.15
ORD001754,PROD0238,1,1179.28,0.0
ORD017422,PROD0195,1,525.15,0.05
ORD007022,PROD0161,2,1467.22,0.1
ORD009067,PROD0043,5,950.69,0.1
ORD014986,PROD0003,2,2931.9,0.2
ORD010522,PROD0219,4,1088.5,0.0
ORD016000,PROD0003,1,2931.9,0.05
ORD007021,PROD0008,1,1428.37,0.1
ORD011498,PROD0252,2,1091.64,0.05
ORD012067,PROD0083,4,1558.0,0.05
ORD013318,PROD0188,5,5555.06,0.1
ORD006748,PROD0020,5,2005.81,0.05
ORD013954,PROD0077,5,372.07,0.05
ORD011509,PROD0108,4,1195.6,0.0
ORD008010,PROD0062,2,1731.8,0.05
ORD002090,PROD0188,2,5555.06,0.1
ORD008005,PROD0109,3,315.2,0.0
ORD009605,PROD0111,1,843.13,0.0
ORD008343,PROD0111,4,843.13,0.1
ORD017868,PROD0090,3,1416.42,0.0
ORD000682,PROD0245,5,258.37,0.05
ORD001441,PROD0005,2,5350.44,0.1
ORD001770,PROD0058,4,5552.05,0.15
ORD010159,PROD0057,5,1480.61,0.05
ORD006437,PROD0179,4,608.27,0.1
ORD015489,PROD0223,3,1507.47,0.1
ORD012046,PROD0060,5,511.57,0.1
ORD015285,PROD0084,1,787.16,0.0
ORD017521,PROD0282,5,1059.41,0.05
ORD005677,PROD0002,3,1122.65,0.0
ORD007734,PROD0058,3,5552.05,0.1
ORD015249,PROD0037,1,1059.57,0.1
ORD005783,PROD0261,5,1950.36,0.1
ORD007763,PROD0284,4,1551.66,0.0
ORD008641,PROD0182,1,1491.37,0.2
ORD012433,PROD0174,2,1681.39,0.15
ORD011776,PROD0278,3,1418.31,0.1
ORD012308,PROD0269,1,528.68,0.0
ORD005796,PROD0249,1,4012.64,0.1
ORD015060,PROD0300,4,2550.36,0.2
ORD005062,PROD0194,3,2044.13,0.05
ORD015754,PROD0028,3,740.62,0.05
ORD004443,PROD0196,4,624.67,0.1
ORD009325,PROD0297,3,359.44,0.0
ORD004013,PROD0104,3,917.71,0.15
ORD000901,PROD0268,3,1593.82,0.05
ORD001076,PROD0071,1,1519.69,0.2
ORD011380,PROD0031,5,2790.09,0.2
ORD009775,PROD0300,5,2550.36,0.0
ORD011324,PROD0036,3,2265.4,0.2
ORD006386,PROD0017,5,5213.81,0.1
ORD015826,PROD0187,5,2575.23,0.1
ORD003837,PROD0178,1,1006.65,0.2
ORD008810,PROD0118,5,437.61,0.05
ORD011329,PROD0207,4,4103.55,0.05
ORD013154,PROD0068,4,2579.6,0.05
ORD002571,PROD0186,4,324.33,0.0
ORD011426,PROD0080,5,1973.58,0.2
ORD011406,PROD0185,4,592.37,0.05
ORD008929,PROD0057,3,1480.61,0.0
ORD015715,PROD0190,4,1494.94,0.05
ORD014024,PROD0206,1,512.36,0.2
ORD017921,PROD0085,3,2361.96,0.0
ORD007884,PROD0043,5,950.69,0.15
ORD007931,PROD0113,1,495.12,0.05
ORD016333,PROD0042,5,5997.9,0.05
ORD003650,PROD0037,2,1059.57,0.1
ORD009407,PROD0023,3,529.99,0.05
ORD012653,PROD0204,3,1064.24,0.0
ORD017323,PROD0285,4,1253.77,0.2
ORD011390,PROD0124,5,7033.68,0.15
ORD014872,PROD0185,4,592.37,0.0
ORD006110,PROD0179,3,608.27,0.1
ORD012288,PROD0037,2,1059.57,0.2
ORD005005,PROD0078,1,1498.55,0.0
ORD005550,PROD0276,2,1150.97,0.0
ORD013630,PROD0288,4,1099.87,0.0
ORD013883,PROD0152,5,3664.43,0.05
ORD008949,PROD0023,5,529.99,0.05
ORD005455,PROD0069,3,6450.78,0.0
ORD001741,PROD0143,1,2026.75,0.15
ORD005173,PROD0209,2,4636.93,0.1
ORD007596,PROD0281,1,5213.75,0.1
ORD008707,PROD0209,3,4636.93,0.1
ORD007774,PROD0033,2,726.59,0.0
ORD007496,PROD0013,1,2230.9,0.2
ORD017787,PROD0211,5,1092.8,0.0
ORD006855,PROD0181,3,218.55,0.0
ORD009262,PROD0097,5,2244.75,0.15
ORD016139,PROD0142,1,536.55,0.1
ORD016396,PROD0117,5,1622.14,0.1
ORD008418,PROD0079,3,1557.75,0.05
ORD013245,PROD0236,1,1243.22,0.0
ORD007800,PROD0121,5,1762.91,0.1
ORD017311,PROD0053,2,499.98,0.0
ORD005491,PROD0287,4,1180.58,0.0
ORD012344,PROD0030,3,1536.54,0.0
ORD013149,PROD0249,5,4012.64,0.0
ORD001875,PROD0129,4,2715.49,0.0
ORD000849,PROD0237,1,1008.9,0.15
ORD011841,PROD0264,1,409.67,0.1
ORD009550,PROD0296,3,605.83,0.05
ORD000824,PROD0252,2,1091.64,0.2
ORD015348,PROD0174,2,1681.39,0.0
ORD001882,PROD0005,1,5350.44,0.1
ORD007282,PROD0037,5,1059.57,0.2
ORD012691,PROD0026,3,926.18,0.0
ORD014654,PROD0177,4,1733.37,0.05
ORD000901,PROD0082,3,835.72,0.05
ORD007457,PROD0159,5,2084.31,0.05
ORD001683,PROD0137,4,445.2,0.0
ORD013375,PROD0041,5,566.23,0.0
ORD005794,PROD0168,2,1759.17,0.05
ORD003153,PROD0131,5,719.35,0.1
ORD013769,PROD0011,5,569.66,0.15
ORD015684,PROD0066,1,705.54,0.1
ORD005142,PROD0265,5,709.86,0.05
ORD009168,PROD0013,1,2230.9,0.0
ORD017669,PROD0237,1,1008.9,0.2
ORD015982,PROD0128,4,414.27,0.05
ORD001945,PROD0212,4,936.47,0.2
ORD001598,PROD0122,3,768.92,0.0
ORD015415,PROD0278,1,1418.31,0.15
ORD012784,PROD0110,2,2045.64,0.0
ORD006709,PROD0256,5,895.23,0.05
ORD003071,PROD0021,1,2017.39,0.0
ORD006977,PROD0068,5,2579.6,0.1
ORD009961,PROD0045,4,1204.82,0.05
ORD008334,PROD0064,4,706.46,0.15
ORD000807,PROD0099,4,550.57,0.05
ORD009953,PROD0199,5,919.06,0.2
ORD016176,PROD0137,5,445.2,0.1
ORD013949,PROD0118,5,437.61,0.05
ORD011611,PROD0238,5,1179.28,0.15
ORD014997,PROD0227,4,663.99,0.15
ORD007214,PROD0074,3,701.79,0.0
ORD008549,PROD0011,1,569.66,0.0
ORD013309,PROD0142,1,536.55,0.15
ORD010202,PROD0030,5,1536.54,0.15
ORD006075,PROD0012,5,2384.44,0.0
ORD011432,PROD0183,5,606.73,0.15
ORD014536,PROD0094,3,1585.84,0.05
ORD009066,PROD0218,4,852.15,0.15
ORD009074,PROD0076,4,1911.33,0.0
ORD016582,PROD0251,4,1056.88,0.05
ORD010357,PROD0237,3,1008.9,0.05
ORD007683,PROD0298,5,392.05,0.05
ORD010801,PROD0038,5,1310.24,0.05
ORD000591,PROD0008,2,1428.37,0.0
ORD016646,PROD0078,1,1498.55,0.05
ORD000237,PROD0125,4,1338.46,0.1
ORD009973,PROD0085,1,2361.96,0.05
ORD013026,PROD0177,5,1733.37,0.0
ORD003118,PROD0256,1,895.23,0.05
ORD004874,PROD0012,3,2384.44,0.1
ORD015264,PROD0253,3,3782.92,0.2
ORD003559,PROD0228,4,1012.55,0.05
ORD001982,PROD0213,2,475.42,0.05
ORD012188,PROD0173,5,1893.36,0.2
ORD013999,PROD0001,4,2228.63,0.2
ORD009657,PROD0139,1,624.58,0.05
ORD004605,PROD0268,2,1593.82,0.15
ORD004341,PROD0103,1,814.61,0.05
ORD011008,PROD0106,2,770.07,0.1
ORD008919,PROD0001,5,2228.63,0.2
ORD009741,PROD0265,5,709.86,0.0
ORD017763,PROD0277,5,668.68,0.0
ORD005727,PROD0279,1,1760.62,0.15
ORD012647,PROD0147,1,1277.67,0.15
ORD012820,PROD0246,1,484.36,0.0
ORD013011,PROD0082,5,835.72,0.1
ORD015097,PROD0264,5,409.67,0.05
ORD004569,PROD0171,5,619.82,0.1
ORD000033,PROD0264,5,409.67,0.1
ORD010814,PROD0261,5,1950.36,0.0
ORD000626,PROD0074,2,701.79,0.0
ORD017153,PROD0093,4,2481.82,0.1
ORD015069,PROD0176,1,890.34,0.05
ORD009625,PROD0268,3,1593.82,0.15
ORD000813,PROD0201,3,1107.62,0.0
ORD008392,PROD0248,5,581.51,0.05
ORD003850,PROD0242,1,1251.99,0.05
ORD007234,PROD0085,5,2361.96,0.1
ORD010770,PROD0290,5,3732.41,0.05
ORD015853,PROD0016,4,2382.58,0.15
ORD008639,PROD0175,1,2260.04,0.05
ORD007374,PROD0267,3,1411.95,0.1
ORD016935,PROD0022,4,174.42,0.15
ORD016307,PROD0002,4,1122.65,0.1
ORD005611,PROD0129,1,2715.49,0.1
ORD005965,PROD0293,5,1136.47,0.1
ORD008196,PROD0031,4,2790.09,0.05
ORD007280,PROD0133,5,737.29,0.0
ORD002993,PROD0194,4,2044.13,0.1
ORD009597,PROD0188,2,5555.06,0.0
ORD001774,PROD0051,2,257.94,0.05
ORD004082,PROD0022,5,174.42,0.2
ORD011130,PROD0086,3,1292.77,0.2
ORD002590,PROD0158,1,1130.19,0.05
ORD011253,PROD0217,5,748.27,0.0
ORD010434,PROD0103,3,814.61,0.05
ORD012892,PROD0216,4,2535.43,0.05
ORD003924,PROD0035,5,914.62,0.15
ORD003211,PROD0289,5,1376.41,0.05
ORD006311,PROD0101,3,3596.1,0.15
ORD004942,PROD0059,2,3884.69,0.0
ORD015642,PROD0026,4,926.18,0.05
ORD002734,PROD0258,2,814.14,0.0
ORD013905,PROD0044,5,2277.54,0.1
ORD004010,PROD0235,4,1069.09,0.1
ORD000950,PROD0281,4,5213.75,0.05
ORD015894,PROD0274,1,356.93,0.1
ORD007478,PROD0184,5,734.18,0.1
ORD011095,PROD0080,5,1973.58,0.1
ORD002782,PROD0259,5,272.42,0.05
ORD000005,PROD0050,5,138.33,0.15
ORD012679,PROD0147,5,1277.67,0.1
ORD011483,PROD0112,2,3157.32,0.05
ORD012362,PROD0073,1,3798.83,0.05
ORD014401,PROD0181,1,218.55,0.0
ORD004894,PROD0122,3,768.92,0.15
ORD010711,PROD0174,3,1681.39,0.15
ORD017121,PROD0215,5,496.9,0.1
ORD010835,PROD0099,1,550.57,0.0
ORD010300,PROD0263,3,754.46,0.1
ORD000784,PROD0042,4,5997.9,0.0
ORD001668,PROD0029,3,1224.14,0.1
ORD007350,PROD0069,1,6450.78,0.15
ORD009544,PROD0251,2,1056.88,0.05
ORD000514,PROD0207,3,4103.55,0.0
ORD008389,PROD0105,2,813.74,0.2
ORD002448,PROD0076,1,1911.33,0.0
ORD007265,PROD0276,2,1150.97,0.05
ORD013690,PROD0213,2,475.42,0.1
ORD003189,PROD0261,2,1950.36,0.05
ORD008416,PROD0101,3,3596.1,0.1
ORD004897,PROD0170,5,1486.76,0.05
ORD001864,PROD0101,1,3596.1,0.15
ORD001142,PROD0288,1,1099.87,0.15
ORD017953,PROD0167,3,2511.68,0.2
ORD013799,PROD0261,1,1950.36,0.0
ORD000598,PROD0127,4,1166.2,0.0
ORD014712,PROD0133,1,737.29,0.2
ORD012962,PROD0297,2,359.44,0.15
ORD006059,PROD0180,4,374.36,0.1
ORD012745,PROD0261,5,1950.36,0.1
ORD012694,PROD0204,3,1064.24,0.0
ORD002179,PROD0006,5,997.09,0.15
ORD015634,PROD0222,4,803.44,0.0
ORD014249,PROD0235,3,1069.09,0.0
ORD002429,PROD0242,1,1251.99,0.1
ORD010069,PROD0051,4,257.94,0.05
ORD013762,PROD0008,2,1428.37,0.2
ORD000204,PROD0201,2,1107.62,0.1
ORD008519,PROD0081,5,2207.21,0.2
ORD004418,PROD0108,5,1195.6,0.0
ORD000887,PROD0173,4,1893.36,0.1
ORD004027,PROD0092,5,2466.2,0.1
ORD010973,PROD0098,4,1788.67,0.05
ORD000722,PROD0157,1,1342.68,0.15
ORD000806,PROD0155,2,383.07,0.05
ORD007809,PROD0122,2,768.92,0.05
ORD004685,PROD0262,4,1081.48,0.2
ORD012481,PROD0212,5,936.47,0.1
ORD006107,PROD0113,1,495.12,0.2
ORD004008,PROD0154,2,611.42,0.15
ORD002777,PROD0176,5,890.34,0.1
ORD005515,PROD0168,4,1759.17,0.0
ORD009175,PROD0260,4,2453.91,0.15
ORD015938,PROD0142,3,536.55,0.1
ORD008042,PROD0252,5,1091.64,0.2
ORD003922,PROD0002,5,1122.65,0.1
ORD009406,PROD0258,3,814.14,0.0
ORD014501,PROD0063,4,453.52,0.05
ORD013204,PROD0220,5,1249.15,0.1
ORD015066,PROD0130,4,1402.05,0.0
ORD001030,PROD0129,5,2715.49,0.2
ORD001510,PROD0092,1,2466.2,0.05
ORD017517,PROD0149,2,231.51,0.0
ORD002595,PROD0074,5,701.79,0.0
ORD014193,PROD0126,3,648.87,0.2
ORD011592,PROD0147,3,1277.67,0.0
ORD004377,PROD0022,1,174.42,0.05
ORD001795,PROD0022,2,174.42,0.1
ORD016170,PROD0013,4,2230.9,0.0
ORD013491,PROD0084,1,787.16,0.05
ORD002943,PROD0131,2,719.35,0.05
ORD012745,PROD0206,2,512.36,0.1
ORD009612,PROD0271,3,1034.8,0.15
ORD011562,PROD0021,4,2017.39,0.15
ORD001403,PROD0293,2,1136.47,0.15
ORD004433,PROD0017,1,5213.81,0.2
ORD007712,PROD0281,5,5213.75,0.1
ORD008373,PROD0171,1,619.82,0.15
ORD016713,PROD0050,3,138.33,0.0
ORD011156,PROD0271,1,1034.8,0.1
ORD002459,PROD0286,4,722.33,0.05
ORD003512,PROD0263,5,754.46,0.0
ORD003011,PROD0078,2,1498.55,0.05
ORD005363,PROD0113,4,495.12,0.1
ORD014200,PROD0274,1,356.93,0.1
ORD011221,PROD0212,3,936.47,0.05
ORD002952,PROD0080,1,1973.58,0.0
ORD017034,PROD0176,2,890.34,0.0
ORD009372,PROD0153,1,192.77,0.0
ORD009691,PROD0077,4,372.07,0.15
ORD010384,PROD0210,5,539.67,0.0
ORD007190,PROD0287,4,1180.58,0.15
ORD005441,PROD0276,1,1150.97,0.1
ORD007756,PROD0287,2,1180.58,0.1
ORD011725,PROD0141,3,526.7,0.05
ORD004543,PROD0074,5,701.79,0.15
ORD011069,PROD0255,2,2724.93,0.15
ORD012417,PROD0236,1,1243.22,0.0
ORD008749,PROD0240,4,1736.87,0.0
ORD010235,PROD0124,1,7033.68,0.2
ORD007854,PROD0286,1,722.33,0.15
ORD016357,PROD0227,3,663.99,0.0
ORD009132,PROD0003,1,2931.9,0.05
ORD013900,PROD0089,5,390.25,0.15
ORD006820,PROD0259,2,272.42,0.0
ORD017410,PROD0276,2,1150.97,0.1
ORD002106,PROD0281,3,5213.75,0.0
ORD010619,PROD0293,3,1136.47,0.15
ORD002365,PROD0273,4,1884.45,0.15
ORD010783,PROD0283,5,1585.65,0.0
ORD011210,PROD0032,3,1792.53,0.15
ORD010787,PROD0068,3,2579.6,0.05
ORD015286,PROD0065,1,298.49,0.1
ORD012523,PROD0025,3,585.99,0.15
ORD017999,PROD0146,2,2912.21,0.0
ORD010366,PROD0297,3,359.44,0.0
ORD014695,PROD0169,3,2484.01,0.05
ORD005489,PROD0205,1,315.35,0.05
ORD017942,PROD0130,3,1402.05,0.05
ORD006495,PROD0261,5,1950.36,0.05
ORD016906,PROD0282,3,1059.41,0.05
ORD010999,PROD0030,5,1536.54,0.05
ORD009716,PROD0025,3,585.99,0.1
ORD011947,PROD0053,2,499.98,0.0
ORD008423,PROD0243,5,4498.92,0.0
ORD010809,PROD0088,5,255.81,0.15
ORD010873,PROD0158,2,1130.19,0.05
ORD009893,PROD0051,1,257.94,0.15
ORD016028,PROD0066,1,705.54,0.1
ORD016215,PROD0242,2,1251.99,0.15
ORD004390,PROD0176,3,890.34,0.1
ORD007516,PROD0300,3,2550.36,0.0
ORD015893,PROD0134,4,938.67,0.1
ORD012791,PROD0029,2,1224.14,0.1
ORD017579,PROD0014,2,596.75,0.05
ORD008597,PROD0272,4,834.67,0.15
ORD013285,PROD0269,5,528.68,0.0
ORD009155,PROD0001,1,2228.63,0.0
ORD001507,PROD0181,2,218.55,0.0
ORD001302,PROD0193,2,3394.61,0.2
ORD014165,PROD0044,4,2277.54,0.05
ORD011027,PROD0021,1,2017.39,0.0
ORD007718,PROD0152,4,3664.43,0.05
ORD009147,PROD0155,4,383.07,0.05
ORD016872,PROD0224,2,4037.97,0.15
ORD001955,PROD0083,3,1558.0,0.05
ORD013941,PROD0148,5,2479.32,0.2
ORD012589,PROD0265,2,709.86,0.1
ORD012977,PROD0285,2,1253.77,0.2
ORD002916,PROD0079,1,1557.75,0.1
ORD014604,PROD0034,5,1106.13,0.2
ORD016751,PROD0287,1,1180.58,0.0
ORD014307,PROD0240,1,1736.87,0.0
ORD004385,PROD0101,2,3596.1,0.05
ORD014138,PROD0102,5,1726.73,0.1
ORD014788,PROD0025,5,585.99,0.15
ORD003028,PROD0015,4,768.6,0.15
ORD004157,PROD0028,2,740.62,0.05
ORD008843,PROD0139,5,624.58,0.15
ORD005908,PROD0081,3,2207.21,0.0
ORD002540,PROD0040,2,5448.94,0.1
ORD013411,PROD0096,5,830.36,0.0
ORD000295,PROD0180,4,374.36,0.2
ORD008681,PROD0148,1,2479.32,0.1
ORD002709,PROD0284,4,1551.66,0.1
ORD011144,PROD0103,5,814.61,0.2
ORD002718,PROD0284,1,1551.66,0.0
ORD007065,PROD0211,4,1092.8,0.1
ORD010635,PROD0237,1,1008.9,0.0
ORD004456,PROD0158,4,1130.19,0.05
ORD015946,PROD0196,5,624.67,0.05
ORD007677,PROD0226,3,322.28,0.1
ORD011581,PROD0119,1,1545.4,0.05
ORD015277,PROD0289,2,1376.41,0.0
ORD003966,PROD0041,2,566.23,0.0
ORD011782,PROD0044,3,2277.54,0.1
ORD000065,PROD0081,3,2207.21,0.1
ORD016514,PROD0119,2,1545.4,0.2
ORD000597,PROD0105,4,813.74,0.0
ORD001310,PROD0136,1,4655.74,0.2
ORD008721,PROD0049,1,474.29,0.0
ORD013850,PROD0259,1,272.42,0.0
ORD017119,PROD0152,5,3664.43,0.05
ORD012213,PROD0272,4,834.67,0.05
ORD014948,PROD0253,2,3782.92,0.05
ORD011559,PROD0229,5,251.37,0.0
ORD007477,PROD0183,4,606.73,0.1
ORD011905,PROD0010,3,1326.68,0.05
ORD004065,PROD0072,3,4756.76,0.1
ORD004159,PROD0025,5,585.99,0.05
ORD013225,PROD0076,1,1911.33,0.05
ORD006013,PROD0112,2,3157.32,0.15
ORD006644,PROD0256,2,895.23,0.1
ORD003541,PROD0082,3,835.72,0.0
ORD016400,PROD0189,4,260.5,0.15
ORD012863,PROD0264,3,409.67,0.15
ORD014841,PROD0212,2,936.47,0.2
ORD003312,PROD0016,2,2382.58,0.2
ORD008378,PROD0066,4,705.54,0.1
ORD011837,PROD0194,5,2044.13,0.0
ORD007423,PROD0152,3,3664.43,0.1
ORD015764,PROD0024,5,3557.69,0.1
ORD011906,PROD0061,2,1808.63,0.2
ORD015123,PROD0238,1,1179.28,0.1
ORD006521,PROD0238,2,1179.28,0.05
ORD006400,PROD0202,4,1039.91,0.0
ORD006730,PROD0043,3,950.69,0.05
ORD010627,PROD0074,5,701.79,0.1
ORD006752,PROD0024,2,3557.69,0.05
ORD004815,PROD0103,2,814.61,0.05
ORD013954,PROD0043,2,950.69,0.1
ORD006177,PROD0247,3,1013.19,0.15
ORD017754,PROD0011,1,569.66,0.15
ORD011878,PROD0235,3,1069.09,0.1
ORD016094,PROD0221,3,861.75,0.05
ORD002923,PROD0007,4,838.82,0.0
ORD010133,PROD0268,3,1593.82,0.15
ORD002765,PROD0013,2,2230.9,0.1
ORD005031,PROD0122,1,768.92,0.05
ORD012481,PROD0050,5,138.33,0.0
ORD014176,PROD0155,3,383.07,0.0
ORD001744,PROD0215,5,496.9,0.1
ORD005237,PROD0155,4,383.07,0.05
ORD017265,PROD0009,1,419.4,0.05
ORD002937,PROD0063,4,453.52,0.2
ORD002572,PROD0196,5,624.67,0.15
ORD006403,PROD0008,1,1428.37,0.2
ORD010423,PROD0230,1,1187.41,0.1
ORD000021,PROD0044,3,2277.54,0.0
ORD016957,PROD0278,3,1418.31,0.0
ORD011803,PROD0237,2,1008.9,0.1
ORD001425,PROD0211,3,1092.8,0.15
ORD005021,PROD0130,3,1402.05,0.0
ORD017896,PROD0300,3,2550.36,0.15
ORD012592,PROD0271,4,1034.8,0.0
ORD009924,PROD0165,5,1341.44,0.05
ORD001667,PROD0038,5,1310.24,0.0
ORD013044,PROD0277,5,668.68,0.0
ORD015874,PROD0020,5,2005.81,0.1
ORD015963,PROD0072,1,4756.76,0.05
ORD008461,PROD0299,2,3528.34,0.05
ORD015758,PROD0056,2,1815.37,0.2
ORD005133,PROD0156,4,1302.29,0.05
ORD014994,PROD0038,5,1310.24,0.05
ORD016898,PROD0083,2,1558.0,0.05
ORD004357,PROD0056,2,1815.37,0.0
ORD017983,PROD0044,4,2277.54,0.05
ORD008877,PROD0210,5,539.67,0.1
ORD004338,PROD0228,3,1012.55,0.15
ORD011005,PROD0193,1,3394.61,0.05
ORD003072,PROD0010,5,1326.68,0.1
ORD001771,PROD0141,4,526.7,0.2
ORD006893,PROD0199,1,919.06,0.0
ORD002581,PROD0103,1,814.61,0.1
ORD006095,PROD0085,2,2361.96,0.0
ORD014622,PROD0015,2,768.6,0.05
ORD006537,PROD0049,3,474.29,0.0
ORD006862,PROD0184,1,734.18,0.0
ORD006718,PROD0084,4,787.16,0.0
ORD011955,PROD0201,2,1107.62,0.0
ORD014095,PROD0089,3,390.25,0.0
ORD013892,PROD0300,4,2550.36,0.05
ORD007925,PROD0275,2,1740.08,0.05
ORD004278,PROD0173,3,1893.36,0.0
ORD013823,PROD0243,5,4498.92,0.05
ORD014728,PROD0135,1,1098.25,0.0
ORD015269,PROD0042,3,5997.9,0.1
ORD011387,PROD0290,2,3732.41,0.05
ORD012958,PROD0065,1,298.49,0.1
ORD014228,PROD0047,3,743.87,0.05
ORD015327,PROD0003,4,2931.9,0.1
ORD011769,PROD0046,3,423.5,0.15
ORD011464,PROD0124,4,7033.68,0.15
ORD015792,PROD0206,4,512.36,0.1
ORD000746,PROD0011,3,569.66,0.05
ORD015651,PROD0027,4,5305.88,0.2
ORD001884,PROD0069,3,6450.78,0.0
ORD010228,PROD0009,3,419.4,0.0
ORD000085,PROD0134,5,938.67,0.2
ORD013842,PROD0127,5,1166.2,0.1
ORD014108,PROD0102,5,1726.73,0.1
ORD012382,PROD0284,1,1551.66,0.1
ORD002962,PROD0291,2,859.37,0.0
ORD004552,PROD0008,4,1428.37,0.0
ORD014850,PROD0257,1,994.46,0.0
ORD014335,PROD0170,4,1486.76,0.05
ORD007415,PROD0147,3,1277.67,0.15
ORD010982,PROD0133,2,737.29,0.2
ORD012512,PROD0059,3,3884.69,0.05
ORD011762,PROD0057,1,1480.61,0.15
ORD013862,PROD0167,1,2511.68,0.0
ORD009265,PROD0003,4,2931.9,0.15
ORD001384,PROD0072,3,4756.76,0.1
ORD007007,PROD0297,5,359.44,0.15
ORD007145,PROD0210,5,539.67,0.0
ORD016427,PROD0255,2,2724.93,0.05
ORD011600,PROD0085,1,2361.96,0.05
ORD011641,PROD0038,5,1310.24,0.1
ORD002817,PROD0154,4,611.42,0.0
ORD015526,PROD0034,2,1106.13,0.2
ORD017407,PROD0215,5,496.9,0.1
ORD009699,PROD0149,3,231.51,0.2
ORD005043,PROD0161,5,1467.22,0.0
ORD009158,PROD0020,4,2005.81,0.0
ORD000924,PROD0126,5,648.87,0.2
ORD002966,PROD0101,2,3596.1,0.05
ORD013193,PROD0003,5,2931.9,0.0
ORD003460,PROD0059,1,3884.69,0.15
ORD016381,PROD0051,4,257.94,0.15
ORD010917,PROD0003,1,2931.9,0.05
ORD006879,PROD0275,3,1740.08,0.0
ORD004256,PROD0269,1,528.68,0.1
ORD005126,PROD0072,3,4756.76,0.0
ORD005164,PROD0281,1,5213.75,0.05
ORD014455,PROD0027,2,5305.88,0.15
ORD007044,PROD0177,2,1733.37,0.1
ORD005732,PROD0141,2,526.7,0.15
ORD007330,PROD0171,3,619.82,0.0
ORD001803,PROD0065,5,298.49,0.0
ORD007601,PROD0246,3,484.36,0.0
ORD006865,PROD0219,2,1088.5,0.1
ORD001038,PROD0050,4,138.33,0.15
ORD005300,PROD0057,2,1480.61,0.1
ORD017093,PROD0025,1,585.99,0.15
ORD012944,PROD0298,1,392.05,0.1
ORD003196,PROD0150,1,1469.35,0.15
ORD008969,PROD0138,2,2041.26,0.2
ORD002235,PROD0148,5,2479.32,0.0
ORD009598,PROD0121,1,1762.91,0.0
ORD014776,PROD0011,4,569.66,0.2
ORD011247,PROD0290,2,3732.41,0.2
ORD008088,PROD0283,3,1585.65,0.0
ORD006648,PROD0218,3,852.15,0.1
ORD012851,PROD0145,3,2107.82,0.1
ORD004165,PROD0109,3,315.2,0.05
ORD014776,PROD0021,2,2017.39,0.05
ORD008538,PROD0016,1,2382.58,0.05
ORD006302,PROD0153,2,192.77,0.1
ORD008502,PROD0153,4,192.77,0.15
ORD013565,PROD0158,4,1130.19,0.1
ORD000059,PROD0124,3,7033.68,0.05
ORD013053,PROD0042,2,5997.9,0.0
ORD000660,PROD0038,3,1310.24,0.0
ORD000785,PROD0144,4,1097.89,0.15
ORD015247,PROD0220,1,1249.15,0.1
ORD006177,PROD0133,2,737.29,0.05
ORD007468,PROD0234,3,1884.98,0.2
ORD003287,PROD0020,3,2005.81,0.05
ORD015269,PROD0019,1,2132.91,0.1
ORD009002,PROD0076,2,1911.33,0.1
ORD002110,PROD0023,5,529.99,0.05
ORD016856,PROD0055,5,1758.65,0.05
ORD008715,PROD0057,5,1480.61,0.0
ORD016971,PROD0192,3,2094.72,0.05
ORD014104,PROD0075,3,993.75,0.0
ORD015959,PROD0228,2,1012.55,0.05
ORD001932,PROD0214,2,285.7,0.1
ORD009393,PROD0169,2,2484.01,0.2
ORD013266,PROD0014,5,596.75,0.15
ORD007380,PROD0271,4,1034.8,0.0
ORD001553,PROD0206,1,512.36,0.0
ORD001423,PROD0117,1,1622.14,0.05
ORD001273,PROD0247,5,1013.19,0.0
ORD003072,PROD0189,4,260.5,0.05
ORD010542,PROD0032,3,1792.53,0.2
ORD005743,PROD0045,5,1204.82,0.15
ORD005666,PROD0035,1,914.62,0.1
ORD003811,PROD0262,4,1081.48,0.05
ORD011968,PROD0230,3,1187.41,0.05
ORD011340,PROD0037,2,1059.57,0.2
ORD002710,PROD0112,1,3157.32,0.0
ORD001375,PROD0262,4,1081.48,0.0
ORD008988,PROD0257,1,994.46,0.05
ORD009360,PROD0126,5,648.87,0.05
ORD011702,PROD0035,5,914.62,0.2
ORD004911,PROD0147,3,1277.67,0.2
ORD015362,PROD0181,5,218.55,0.0
ORD002173,PROD0120,2,3592.34,0.0
ORD007674,PROD0186,4,324.33,0.1
ORD001097,PROD0188,5,5555.06,0.2
ORD002489,PROD0115,1,1198.13,0.15
ORD002116,PROD0026,3,926.18,0.0
ORD006678,PROD0040,4,5448.94,0.15
ORD003300,PROD0290,3,3732.41,0.15
ORD006389,PROD0041,5,566.23,0.05
ORD017461,PROD0121,2,1762.91,0.05
ORD004552,PROD0007,1,838.82,0.1
ORD015769,PROD0097,2,2244.75,0.2
ORD014137,PROD0174,5,1681.39,0.0
ORD003725,PROD0266,5,1066.97,0.1
ORD012070,PROD0074,4,701.79,0.05
ORD005966,PROD0074,1,701.79,0.05
ORD007538,PROD0038,5,1310.24,0.1
ORD010256,PROD0220,5,1249.15,0.05
ORD008000,PROD0094,2,1585.84,0.0
ORD015953,PROD0291,2,859.37,0.15
ORD006832,PROD0072,2,4756.76,0.0
ORD007499,PROD0247,1,1013.19,0.1
ORD007053,PROD0074,1,701.79,0.2
ORD015454,PROD0060,2,511.57,0.05
ORD014507,PROD0021,3,2017.39,0.05
ORD009951,PROD0089,2,390.25,0.1
ORD010134,PROD0223,1,1507.47,0.2
ORD012980,PROD0184,1,734.18,0.15
ORD015826,PROD0019,3,2132.91,0.2
ORD010351,PROD0030,1,1536.54,0.1
ORD004141,PROD0081,3,2207.21,0.0
ORD001292,PROD0019,5,2132.91,0.0
ORD006584,PROD0130,3,1402.05,0.2
ORD014500,PROD0146,2,2912.21,0.05
ORD001641,PROD0194,1,2044.13,0.05
ORD000082,PROD0283,4,1585.65,0.1
ORD006605,PROD0227,5,663.99,0.2
ORD017207,PROD0052,2,1103.19,0.1
ORD008489,PROD0015,4,768.6,0.05
ORD011437,PROD0078,5,1498.55,0.0
ORD001747,PROD0261,1,1950.36,0.1
ORD003403,PROD0163,5,703.11,0.0
ORD017593,PROD0185,1,592.37,0.15
ORD008391,PROD0110,3,2045.64,0.0
ORD011375,PROD0221,4,861.75,0.1
ORD007959,PROD0276,4,1150.97,0.0
ORD015272,PROD0105,4,813.74,0.0
ORD008657,PROD0195,2,525.15,0.1
ORD014150,PROD0235,3,1069.09,0.1
ORD000999,PROD0234,5,1884.98,0.15
ORD014038,PROD0094,2,1585.84,0.2
ORD017566,PROD0224,2,4037.97,0.1
ORD015268,PROD0202,4,1039.91,0.0
ORD007905,PROD0080,2,1973.58,0.05
ORD003547,PROD0058,2,5552.05,0.0
ORD015150,PROD0092,4,2466.2,0.1
ORD005671,PROD0203,4,1208.94,0.1
ORD005008,PROD0252,1,1091.64,0.0
ORD004989,PROD0042,5,5997.9,0.15
ORD006353,PROD0060,2,511.57,0.0
ORD016859,PROD0247,2,1013.19,0.0
ORD010068,PROD0204,5,1064.24,0.05
ORD014887,PROD0064,1,706.46,0.2
ORD010401,PROD0043,3,950.69,0.2
ORD010659,PROD0169,1,2484.01,0.0
ORD017549,PROD0166,1,655.43,0.05
ORD010641,PROD0081,3,2207.21,0.05
ORD012779,PROD0232,4,480.05,0.1
ORD011159,PROD0198,5,1910.21,0.1
ORD012112,PROD0157,1,1342.68,0.05
ORD011339,PROD0295,4,450.65,0.05
ORD002417,PROD0082,3,835.72,0.2
ORD002932,PROD0144,5,1097.89,0.0
ORD010539,PROD0087,2,2381.84,0.05
ORD001698,PROD0142,3,536.55,0.0
ORD006110,PROD0275,4,1740.08,0.1
ORD003971,PROD0199,1,919.06,0.1
ORD014171,PROD0205,2,315.35,0.1
ORD001712,PROD0101,1,3596.1,0.0
ORD010064,PROD0185,1,592.37,0.05
ORD001433,PROD0070,2,2065.33,0.05
ORD010217,PROD0171,4,619.82,0.1
ORD008083,PROD0196,4,624.67,0.0
ORD001079,PROD0024,3,3557.69,0.05
ORD009777,PROD0094,4,1585.84,0.1
ORD005970,PROD0070,4,2065.33,0.15
ORD007582,PROD0117,4,1622.14,0.1
ORD010812,PROD0128,1,414.27,0.2
ORD013322,PROD0223,1,1507.47,0.15
ORD000195,PROD0298,2,392.05,0.1
ORD001954,PROD0184,5,734.18,0.15
ORD009704,PROD0035,2,914.62,0.1
ORD006453,PROD0231,1,1734.21,0.2
ORD013375,PROD0088,5,255.81,0.0
ORD011810,PROD0118,2,437.61,0.15
ORD009415,PROD0092,4,2466.2,0.0
ORD013760,PROD0145,2,2107.82,0.1
ORD013267,PROD0138,3,2041.26,0.1
ORD005898,PROD0096,3,830.36,0.15
ORD004254,PROD0225,3,670.12,0.0
ORD006800,PROD0087,1,2381.84,0.15
ORD000986,PROD0026,5,926.18,0.0
ORD002885,PROD0165,2,1341.44,0.0
ORD016530,PROD0142,5,536.55,0.1
ORD011369,PROD0205,4,315.35,0.2
ORD013306,PROD0181,1,218.55,0.05
ORD008738,PROD0240,3,1736.87,0.2
ORD014064,PROD0284,2,1551.66,0.1
ORD005201,PROD0102,4,1726.73,0.0
ORD008395,PROD0217,2,748.27,0.2
ORD006489,PROD0176,3,890.34,0.2
ORD004198,PROD0047,1,743.87,0.1
ORD012860,PROD0057,3,1480.61,0.1
ORD017404,PROD0250,4,468.3,0.1
ORD014960,PROD0067,4,1836.4,0.0
ORD007553,PROD0044,1,2277.54,0.05
ORD008133,PROD0076,5,1911.33,0.0
ORD000255,PROD0068,1,2579.6,0.15
ORD000518,PROD0069,1,6450.78,0.1
ORD012307,PROD0290,4,3732.41,0.05
ORD001314,PROD0080,3,1973.58,0.15
ORD012951,PROD0152,2,3664.43,0.0
ORD014388,PROD0263,1,754.46,0.2
ORD003593,PROD0139,2,624.58,0.0
ORD015137,PROD0254,4,1021.7,0.05
ORD013211,PROD0244,2,1140.3,0.05
ORD009611,PROD0160,5,2652.37,0.15
ORD015274,PROD0004,2,1005.11,0.1
ORD013885,PROD0212,4,936.47,0.15
ORD001088,PROD0244,2,1140.3,0.0
ORD003941,PROD0278,5,1418.31,0.1
ORD015282,PROD0252,1,1091.64,0.2
ORD006555,PROD0046,5,423.5,0.05
ORD012270,PROD0129,1,2715.49,0.0
ORD001571,PROD0156,5,1302.29,0.15
ORD011720,PROD0074,4,701.79,0.15
ORD003717,PROD0166,5,655.43,0.0
ORD000649,PROD0029,4,1224.14,0.05
ORD016302,PROD0276,4,1150.97,0.0
ORD017743,PROD0205,5,315.35,0.05
ORD014803,PROD0145,2,2107.82,0.0
ORD017601,PROD0144,4,1097.89,0.0
ORD007276,PROD0061,3,1808.63,0.05
ORD001707,PROD0189,2,260.5,0.0
ORD012734,PROD0012,2,2384.44,0.15
ORD013150,PROD0172,5,3513.98,0.0
ORD012201,PROD0155,2,383.07,0.1
ORD006396,PROD0246,3,484.36,0.05
ORD004816,PROD0177,5,1733.37,0.05
ORD004812,PROD0074,3,701.79,0.1
ORD006045,PROD0212,1,936.47,0.05
ORD014651,PROD0049,1,474.29,0.05
ORD000855,PROD0280,4,239.29,0.15
ORD016717,PROD0243,2,4498.92,0.1
ORD003841,PROD0300,3,2550.36,0.0
ORD006667,PROD0071,5,1519.69,0.05
ORD017741,PROD0008,1,1428.37,0.1
ORD011209,PROD0300,5,2550.36,0.15
ORD008687,PROD0242,3,1251.99,0.1
ORD004504,PROD0281,2,5213.75,0.1
ORD017214,PROD0295,1,450.65,0.2
ORD007197,PROD0122,4,768.92,0.15
ORD004741,PROD0289,3,1376.41,0.0
ORD013201,PROD0169,5,2484.01,0.05
ORD017040,PROD0229,2,251.37,0.1
ORD005658,PROD0113,1,495.12,0.2
ORD016268,PROD0202,3,1039.91,0.0
ORD006811,PROD0055,1,1758.65,0.05
ORD006061,PROD0226,3,322.28,0.1
ORD002159,PROD0180,1,374.36,0.0
ORD014902,PROD0071,1,1519.69,0.1
ORD007977,PROD0094,2,1585.84,0.05
ORD003575,PROD0154,5,611.42,0.1
ORD016682,PROD0032,2,1792.53,0.1
ORD011251,PROD0031,3,2790.09,0.1
ORD012545,PROD0280,4,239.29,0.15
ORD016042,PROD0278,5,1418.31,0.0
ORD011521,PROD0223,4,1507.47,0.0
ORD006399,PROD0235,1,1069.09,0.0
ORD009819,PROD0232,1,480.05,0.1
ORD012285,PROD0081,4,2207.21,0.1
ORD006930,PROD0039,4,748.33,0.1
ORD011445,PROD0159,5,2084.31,0.1
ORD007724,PROD0142,5,536.55,0.0
ORD011971,PROD0153,3,192.77,0.2
ORD007657,PROD0256,3,895.23,0.15
ORD017843,PROD0202,2,1039.91,0.05
ORD008511,PROD0176,2,890.34,0.05
ORD005330,PROD0017,1,5213.81,0.1
ORD008476,PROD0092,1,2466.2,0.0
ORD016644,PROD0082,1,835.72,0.05
ORD008506,PROD0080,2,1973.58,0.2
ORD001099,PROD0224,5,4037.97,0.0
ORD015008,PROD0225,4,670.12,0.1
ORD010386,PROD0071,3,1519.69,0.0
ORD013398,PROD0002,3,1122.65,0.0
ORD013769,PROD0241,2,215.23,0.15
ORD017790,PROD0027,2,5305.88,0.05
ORD006718,PROD0024,4,3557.69,0.1
ORD006174,PROD0213,2,475.42,0.15
ORD014537,PROD0206,3,512.36,0.0
ORD003124,PROD0131,2,719.35,0.15
ORD014333,PROD0097,3,2244.75,0.0
ORD015719,PROD0132,1,1663.98,0.1
ORD007413,PROD0285,1,1253.77,0.0
ORD003882,PROD0068,4,2579.6,0.15
ORD000131,PROD0235,2,1069.09,0.0
ORD012293,PROD0038,1,1310.24,0.1
ORD010979,PROD0056,3,1815.37,0.1
ORD008663,PROD0234,4,1884.98,0.15
ORD005365,PROD0218,5,852.15,0.1
ORD017706,PROD0239,3,3878.85,0.0
ORD006816,PROD0109,5,315.2,0.1
ORD002847,PROD0112,1,3157.32,0.05
ORD001051,PROD0226,3,322.28,0.05
ORD013925,PROD0298,3,392.05,0.0
ORD000845,PROD0193,5,3394.61,0.1
ORD011581,PROD0118,5,437.61,0.0
ORD015887,PROD0018,2,1106.42,0.05
ORD003228,PROD0072,2,4756.76,0.2
ORD013409,PROD0114,5,983.9,0.05
ORD013379,PROD0168,5,1759.17,0.15
ORD013634,PROD0114,5,983.9,0.05
ORD004594,PROD0027,5,5305.88,0.15
ORD003619,PROD0131,4,719.35,0.05
ORD004993,PROD0132,3,1663.98,0.1
ORD005726,PROD0048,4,2692.11,0.1
ORD007650,PROD0222,3,803.44,0.0
ORD009826,PROD0087,1,2381.84,0.1
ORD009584,PROD0202,1,1039.91,0.15
ORD013520,PROD0201,5,1107.62,0.05
ORD002461,PROD0041,2,566.23,0.15
ORD002441,PROD0169,5,2484.01,0.15
ORD012796,PROD0008,4,1428.37,0.0
ORD017063,PROD0294,4,608.79,0.2
ORD007887,PROD0018,3,1106.42,0.15
ORD017333,PROD0001,3,2228.63,0.05
ORD016807,PROD0212,4,936.47,0.1
ORD012869,PROD0144,3,1097.89,0.0
ORD009416,PROD0002,4,1122.65,0.1
ORD009026,PROD0281,2,5213.75,0.0
ORD009316,PROD0121,2,1762.91,0.1
ORD017620,PROD0100,5,1535.02,0.05
ORD001235,PROD0144,1,1097.89,0.0
ORD005664,PROD0251,2,1056.88,0.0
ORD004218,PROD0184,4,734.18,0.05
ORD000117,PROD0060,5,511.57,0.0
ORD017560,PROD0234,3,1884.98,0.15
ORD012830,PROD0186,2,324.33,0.0
ORD004732,PROD0085,3,2361.96,0.0
ORD013996,PROD0133,1,737.29,0.0
ORD005882,PROD0255,5,2724.93,0.2
ORD015224,PROD0017,3,5213.81,0.0
ORD005356,PROD0204,4,1064.24,0.1
ORD010821,PROD0079,3,1557.75,0.1
ORD011018,PROD0089,2,390.25,0.1
ORD015523,PROD0164,5,1896.67,0.05
ORD016924,PROD0088,3,255.81,0.05
ORD012301,PROD0275,5,1740.08,0.1
ORD009661,PROD0159,1,2084.31,0.15
ORD000756,PROD0163,2,703.11,0.1
ORD002404,PROD0014,3,596.75,0.05
ORD003560,PROD0165,2,1341.44,0.05
ORD013377,PROD0152,5,3664.43,0.0
ORD002119,PROD0209,4,4636.93,0.2
ORD002374,PROD0081,1,2207.21,0.15
ORD002932,PROD0109,1,315.2,0.15
ORD002202,PROD0172,2,3513.98,0.2
ORD014926,PROD0001,3,2228.63,0.15
ORD013143,PROD0133,4,737.29,0.15
ORD004500,PROD0173,2,1893.36,0.1
ORD000278,PROD0187,4,2575.23,0.05
ORD004666,PROD0028,3,740.62,0.05
ORD001891,PROD0215,1,496.9,0.1
ORD005644,PROD0285,4,1253.77,0.1
ORD010639,PROD0268,5,1593.82,0.05
ORD001323,PROD0166,3,655.43,0.05
ORD004851,PROD0096,3,830.36,0.15
ORD004188,PROD0074,2,701.79,0.1
ORD005512,PROD0050,2,138.33,0.15
ORD000503,PROD0208,5,1605.39,0.1
ORD008961,PROD0109,3,315.2,0.1
ORD003809,PROD0142,2,536.55,0.2
ORD007462,PROD0145,4,2107.82,0.0
ORD008193,PROD0220,1,1249.15,0.05
ORD006058,PROD0252,3,1091.64,0.0
ORD015741,PROD0085,5,2361.96,0.15
ORD017326,PROD0233,4,865.79,0.1
ORD008367,PROD0265,3,709.86,0.05
ORD006924,PROD0098,1,1788.67,0.05
ORD003053,PROD0263,2,754.46,0.0
ORD016725,PROD0133,5,737.29,0.05
ORD015458,PROD0078,1,1498.55,0.15
ORD013525,PROD0285,2,1253.77,0.15
ORD008511,PROD0132,1,1663.98,0.15
ORD005542,PROD0111,3,843.13,0.0
ORD007461,PROD0118,2,437.61,0.0
ORD014975,PROD0138,2,2041.26,0.05
ORD010334,PROD0260,4,2453.91,0.05
ORD004554,PROD0073,1,3798.83,0.05
ORD011411,PROD0149,5,231.51,0.2
ORD008175,PROD0141,2,526.7,0.2
ORD015170,PROD0086,2,1292.77,0.0
ORD001933,PROD0107,1,416.19,0.1
ORD008900,PROD0152,4,3664.43,0.0
ORD015971,PROD0292,3,526.18,0.2
ORD011832,PROD0091,5,402.26,0.1
ORD017593,PROD0292,2,526.18,0.0
ORD006256,PROD0234,2,1884.98,0.0
ORD000714,PROD0011,4,569.66,0.05
ORD013766,PROD0157,5,1342.68,0.1
ORD017297,PROD0266,1,1066.97,0.1
ORD006398,PROD0081,2,2207.21,0.1
ORD012132,PROD0164,1,1896.67,0.15
ORD004223,PROD0276,4,1150.97,0.15
ORD013241,PROD0034,2,1106.13,0.0
ORD013975,PROD0218,3,852.15,0.0
ORD014809,PROD0044,2,2277.54,0.0
ORD007097,PROD0059,3,3884.69,0.15
ORD007130,PROD0047,1,743.87,0.1
ORD002234,PROD0267,1,1411.95,0.05
ORD006498,PROD0110,3,2045.64,0.1
ORD014315,PROD0195,1,525.15,0.15
ORD003401,PROD0296,5,605.83,0.1
ORD011782,PROD0162,2,377.71,0.0
ORD012031,PROD0125,4,1338.46,0.2
ORD003116,PROD0158,5,1130.19,0.05
ORD012586,PROD0252,5,1091.64,0.05
ORD005914,PROD0181,4,218.55,0.15
ORD004946,PROD0039,1,748.33,0.15
ORD017106,PROD0073,1,3798.83,0.15
ORD016851,PROD0280,4,239.29,0.0
ORD009294,PROD0048,5,2692.11,0.05
ORD013785,PROD0053,2,499.98,0.15
ORD017168,PROD0242,5,1251.99,0.15
ORD005529,PROD0044,2,2277.54,0.2
ORD004886,PROD0011,2,569.66,0.05
ORD011254,PROD0054,1,1149.11,0.15
ORD009115,PROD0093,2,2481.82,0.2
ORD012331,PROD0055,3,1758.65,0.05
ORD006261,PROD0171,3,619.82,0.0
ORD007039,PROD0203,5,1208.94,0.0
ORD008442,PROD0104,5,917.71,0.05
ORD011623,PROD0048,3,2692.11,0.1
ORD012290,PROD0089,5,390.25,0.05
ORD005919,PROD0281,1,5213.75,0.1
ORD014736,PROD0060,3,511.57,0.15
ORD017148,PROD0275,4,1740.08,0.0
ORD012807,PROD0217,1,748.27,0.2
ORD016880,PROD0144,5,1097.89,0.0
ORD012438,PROD0033,3,726.59,0.05
ORD002444,PROD0106,5,770.07,0.05
ORD007623,PROD0269,5,528.68,0.05
ORD007813,PROD0207,5,4103.55,0.1
ORD011043,PROD0146,5,2912.21,0.05
ORD017580,PROD0261,4,1950.36,0.05
ORD010613,PROD0178,2,1006.65,0.05
ORD015794,PROD0290,1,3732.41,0.2
ORD015100,PROD0142,4,536.55,0.05
ORD014210,PROD0288,5,1099.87,0.05
ORD011272,PROD0276,3,1150.97,0.0
ORD012657,PROD0086,5,1292.77,0.05
ORD006239,PROD0288,3,1099.87,0.05
ORD000329,PROD0296,1,605.83,0.05
ORD016232,PROD0237,2,1008.9,0.0
ORD012789,PROD0168,5,1759.17,0.2
ORD004877,PROD0277,2,668.68,0.1
ORD003383,PROD0268,1,1593.82,0.1
ORD001946,PROD0036,4,2265.4,0.1
ORD001948,PROD0269,5,528.68,0.05
ORD007958,PROD0108,4,1195.6,0.15
ORD016941,PROD0051,1,257.94,0.05
ORD017886,PROD0026,4,926.18,0.0
ORD010855,PROD0247,4,1013.19,0.0
ORD016115,PROD0076,3,1911.33,0.0
ORD006732,PROD0299,3,3528.34,0.1
ORD016099,PROD0188,3,5555.06,0.1
ORD005822,PROD0162,5,377.71,0.1
ORD017008,PROD0079,1,1557.75,0.15
ORD006315,PROD0244,3,1140.3,0.15
ORD017493,PROD0028,1,740.62,0.05
ORD017985,PROD0042,1,5997.9,0.05
ORD004496,PROD0191,1,425.27,0.0
ORD000870,PROD0155,1,383.07,0.0
ORD009584,PROD0116,3,435.35,0.0
ORD012224,PROD0236,4,1243.22,0.1
ORD015112,PROD0196,1,624.67,0.05
ORD016866,PROD0171,5,619.82,0.05
ORD002690,PROD0130,5,1402.05,0.15
ORD004722,PROD0202,5,1039.91,0.05
ORD006348,PROD0182,2,1491.37,0.05
ORD003973,PROD0020,4,2005.81,0.05
ORD010715,PROD0187,1,2575.23,0.05
ORD008978,PROD0195,1,525.15,0.15
ORD014731,PROD0130,3,1402.05,0.05
ORD013674,PROD0289,4,1376.41,0.0
ORD003925,PROD0177,4,1733.37,0.05
ORD012374,PROD0240,5,1736.87,0.2
ORD009409,PROD0149,1,231.51,0.0
ORD007675,PROD0281,4,5213.75,0.0
ORD013295,PROD0144,4,1097.89,0.0
ORD004136,PROD0157,5,1342.68,0.1
ORD016649,PROD0279,1,1760.62,0.0
ORD015228,PROD0125,5,1338.46,0.2
ORD012892,PROD0015,5,768.6,0.2
ORD012165,PROD0061,5,1808.63,0.15
ORD010435,PROD0034,5,1106.13,0.1
ORD002128,PROD0118,1,437.61,0.0
ORD003297,PROD0289,3,1376.41,0.0
ORD003247,PROD0218,5,852.15,0.1
ORD008683,PROD0021,1,2017.39,0.1
ORD003688,PROD0144,1,1097.89,0.1
ORD005747,PROD0146,4,2912.21,0.15
ORD013420,PROD0011,4,569.66,0.1
ORD008460,PROD0269,3,528.68,0.05
ORD006446,PROD0268,2,1593.82,0.0
ORD015348,PROD0224,1,4037.97,0.1
ORD016332,PROD0031,3,2790.09,0.0
ORD001278,PROD0015,4,768.6,0.15
ORD015067,PROD0176,3,890.34,0.0
ORD005454,PROD0143,1,2026.75,0.05
ORD010465,PROD0006,3,997.09,0.15
ORD010238,PROD0017,4,5213.81,0.05
ORD007981,PROD0284,4,1551.66,0.0
ORD016525,PROD0083,5,1558.0,0.0
ORD008345,PROD0229,3,251.37,0.1
ORD001831,PROD0216,2,2535.43,0.0
ORD000748,PROD0210,2,539.67,0.05
ORD007306,PROD0222,4,803.44,0.05
ORD006800,PROD0002,3,1122.65,0.15
ORD005641,PROD0144,1,1097.89,0.1
ORD014626,PROD0273,2,1884.45,0.05
ORD014821,PROD0242,2,1251.99,0.0
ORD008558,PROD0237,5,1008.9,0.05
ORD016906,PROD0126,2,648.87,0.05
ORD014851,PROD0251,5,1056.88,0.05
ORD011635,PROD0145,3,2107.82,0.05
ORD006448,PROD0118,4,437.61,0.05
ORD005537,PROD0114,4,983.9,0.0
ORD003535,PROD0084,3,787.16,0.05
ORD015311,PROD0101,4,3596.1,0.0
ORD013545,PROD0071,4,1519.69,0.1
ORD005071,PROD0260,3,2453.91,0.05
ORD010822,PROD0141,1,526.7,0.05
ORD006274,PROD0066,2,705.54,0.15
ORD003171,PROD0149,5,231.51,0.05
ORD008169,PROD0227,4,663.99,0.0
ORD011458,PROD0136,3,4655.74,0.0
ORD005697,PROD0152,1,3664.43,0.1
ORD016598,PROD0166,1,655.43,0.2
ORD004230,PROD0102,2,1726.73,0.1
ORD006697,PROD0201,3,1107.62,0.2
ORD010410,PROD0245,4,258.37,0.05
ORD015084,PROD0144,5,1097.89,0.1
ORD014351,PROD0196,3,624.67,0.0
ORD013733,PROD0172,5,3513.98,0.15
ORD002123,PROD0221,3,861.75,0.1
ORD005890,PROD0175,2,2260.04,0.15
ORD011558,PROD0217,2,748.27,0.1
ORD004448,PROD0095,4,853.11,0.0
ORD016038,PROD0192,5,2094.72,0.05
ORD007552,PROD0092,4,2466.2,0.15
ORD001865,PROD0004,3,1005.11,0.2
ORD001584,PROD0190,1,1494.94,0.05
ORD009655,PROD0190,3,1494.94,0.0
ORD016529,PROD0170,4,1486.76,0.05
ORD017878,PROD0238,2,1179.28,0.15
ORD016970,PROD0228,4,1012.55,0.15
ORD014718,PROD0169,2,2484.01,0.2
ORD016649,PROD0157,3,1342.68,0.0
ORD014923,PROD0058,1,5552.05,0.0
ORD014516,PROD0195,4,525.15,0.1
ORD010942,PROD0232,4,480.05,0.1
ORD006150,PROD0083,4,1558.0,0.0
ORD001860,PROD0107,3,416.19,0.1
ORD006404,PROD0254,4,1021.7,0.2
ORD003143,PROD0077,2,372.07,0.15
ORD000890,PROD0048,3,2692.11,0.05
ORD009212,PROD0142,2,536.55,0.05
ORD010949,PROD0162,1,377.71,0.0
ORD010929,PROD0197,1,774.0,0.1
ORD010137,PROD0173,3,1893.36,0.05
ORD002761,PROD0004,2,1005.11,0.05
ORD011744,PROD0176,1,890.34,0.1
ORD016419,PROD0234,1,1884.98,0.1
ORD015382,PROD0106,4,770.07,0.0
ORD014596,PROD0200,1,1906.63,0.15
ORD004928,PROD0137,4,445.2,0.0
ORD011588,PROD0127,5,1166.2,0.15
ORD004011,PROD0121,4,1762.91,0.0
ORD015918,PROD0026,5,926.18,0.0
ORD011674,PROD0135,4,1098.25,0.1
ORD012564,PROD0035,1,914.62,0.05
ORD000597,PROD0077,3,372.07,0.1
ORD000502,PROD0291,1,859.37,0.0
ORD002653,PROD0033,4,726.59,0.05
ORD014363,PROD0146,4,2912.21,0.1
ORD016624,PROD0208,2,1605.39,0.05
ORD004840,PROD0079,5,1557.75,0.05
ORD000980,PROD0057,5,1480.61,0.1
ORD003807,PROD0156,2,1302.29,0.2
ORD010195,PROD0284,3,1551.66,0.0
ORD014527,PROD0051,5,257.94,0.05
ORD013531,PROD0016,1,2382.58,0.1
ORD002250,PROD0211,3,1092.8,0.15
ORD009950,PROD0236,5,1243.22,0.05
ORD013662,PROD0190,2,1494.94,0.1
ORD016081,PROD0062,3,1731.8,0.15
ORD004763,PROD0019,5,2132.91,0.2
ORD002155,PROD0065,1,298.49,0.15
ORD008311,PROD0057,2,1480.61,0.05
ORD003140,PROD0228,5,1012.55,0.05
ORD007736,PROD0112,1,3157.32,0.05
ORD003595,PROD0270,3,546.81,0.05
ORD014298,PROD0204,4,1064.24,0.05
ORD003226,PROD0151,3,938.09,0.0
ORD014627,PROD0164,4,1896.67,0.1
ORD010239,PROD0151,3,938.09,0.1
ORD016631,PROD0041,1,566.23,0.2
ORD011202,PROD0052,2,1103.19,0.15
ORD009624,PROD0186,4,324.33,0.0
ORD004385,PROD0213,3,475.42,0.1
ORD010464,PROD0166,3,655.43,0.1
ORD014072,PROD0088,3,255.81,0.0
ORD016164,PROD0022,2,174.42,0.0
ORD007599,PROD0111,3,843.13,0.05
ORD002466,PROD0266,5,1066.97,0.1
ORD016518,PROD0114,5,983.9,0.05
ORD015240,PROD0168,4,1759.17,0.2
ORD015683,PROD0183,3,606.73,0.05
ORD013762,PROD0092,4,2466.2,0.15
ORD003213,PROD0285,4,1253.77,0.0
ORD008259,PROD0283,2,1585.65,0.05
ORD005913,PROD0209,4,4636.93,0.2
ORD016933,PROD0228,3,1012.55,0.1
ORD006832,PROD0219,3,1088.5,0.2
ORD011150,PROD0297,1,359.44,0.0
ORD015647,PROD0082,4,835.72,0.0
ORD007928,PROD0136,2,4655.74,0.05
ORD006786,PROD0124,3,7033.68,0.2
ORD015121,PROD0150,4,1469.35,0.1
ORD009407,PROD0173,3,1893.36,0.0
ORD003342,PROD0023,3,529.99,0.0
ORD017269,PROD0206,2,512.36,0.05
ORD013400,PROD0109,1,315.2,0.15
ORD011544,PROD0080,5,1973.58,0.15
ORD010444,PROD0033,2,726.59,0.1
ORD012848,PROD0273,2,1884.45,0.2
ORD004461,PROD0192,3,2094.72,0.0
ORD000715,PROD0015,1,768.6,0.15
ORD016676,PROD0236,1,1243.22,0.15
ORD000343,PROD0241,5,215.23,0.05
ORD009831,PROD0029,1,1224.14,0.1
ORD002362,PROD0090,4,1416.42,0.0
ORD008182,PROD0023,5,529.99,0.05
ORD011872,PROD0096,5,830.36,0.0
ORD000410,PROD0110,5,2045.64,0.1
ORD010606,PROD0107,2,416.19,0.1
ORD005172,PROD0185,5,592.37,0.0
ORD016125,PROD0133,1,737.29,0.0
ORD005349,PROD0051,4,257.94,0.05
ORD016701,PROD0243,1,4498.92,0.0
ORD010808,PROD0208,2,1605.39,0.05
ORD001661,PROD0165,5,1341.44,0.15
ORD015415,PROD0142,1,536.55,0.1
ORD015075,PROD0196,5,624.67,0.05
ORD005659,PROD0049,2,474.29,0.0
ORD012482,PROD0125,4,1338.46,0.05
ORD014946,PROD0040,2,5448.94,0.2
ORD012311,PROD0264,1,409.67,0.05
ORD007812,PROD0077,2,372.07,0.0
ORD015450,PROD0044,1,2277.54,0.05
ORD012245,PROD0100,3,1535.02,0.1
ORD007710,PROD0147,1,1277.67,0.15
ORD000847,PROD0103,5,814.61,0.0
ORD017618,PROD0146,3,2912.21,0.05
ORD004345,PROD0018,4,1106.42,0.15
ORD011104,PROD0153,5,192.77,0.05
ORD017010,PROD0089,1,390.25,0.05
ORD008704,PROD0027,3,5305.88,0.15
ORD007601,PROD0198,5,1910.21,0.05
ORD011666,PROD0046,4,423.5,0.0
ORD007528,PROD0113,2,495.12,0.05
ORD005630,PROD0160,1,2652.37,0.1
ORD001448,PROD0158,3,1130.19,0.05
ORD001954,PROD0212,2,936.47,0.1
ORD010367,PROD0053,2,499.98,0.05
ORD014786,PROD0298,3,392.05,0.15
ORD017297,PROD0127,3,1166.2,0.15
ORD007244,PROD0067,4,1836.4,0.0
ORD012626,PROD0288,3,1099.87,0.1
ORD010862,PROD0015,3,768.6,0.0
ORD014207,PROD0087,2,2381.84,0.05
ORD014357,PROD0217,1,748.27,0.1
ORD006618,PROD0146,2,2912.21,0.2
ORD007024,PROD0079,2,1557.75,0.15
ORD016994,PROD0045,2,1204.82,0.05
ORD005861,PROD0169,2,2484.01,0.2
ORD017976,PROD0098,1,1788.67,0.0
ORD003366,PROD0289,1,1376.41,0.15
ORD010327,PROD0026,5,926.18,0.1
ORD010418,PROD0268,5,1593.82,0.2
ORD012997,PROD0055,5,1758.65,0.05
ORD016151,PROD0220,2,1249.15,0.0
ORD006133,PROD0219,3,1088.5,0.05
ORD017330,PROD0210,2,539.67,0.05
ORD011878,PROD0280,1,239.29,0.2
ORD009938,PROD0267,3,1411.95,0.05
ORD015199,PROD0072,2,4756.76,0.05
ORD003633,PROD0069,3,6450.78,0.2
ORD016272,PROD0080,2,1973.58,0.15
ORD011578,PROD0152,1,3664.43,0.0
ORD007002,PROD0049,3,474.29,0.15
ORD003283,PROD0178,4,1006.65,0.1
ORD008018,PROD0082,3,835.72,0.0
ORD004422,PROD0129,2,2715.49,0.0
ORD003375,PROD0230,4,1187.41,0.2
ORD010538,PROD0022,1,174.42,0.05
ORD017161,PROD0233,2,865.79,0.15
ORD012575,PROD0068,1,2579.6,0.0
ORD011564,PROD0134,1,938.67,0.15
ORD001946,PROD0218,3,852.15,0.1
ORD004329,PROD0013,4,2230.9,0.0
ORD008497,PROD0268,5,1593.82,0.05
ORD008792,PROD0181,1,218.55,0.2
ORD001131,PROD0124,4,7033.68,0.05
ORD002482,PROD0295,4,450.65,0.0
ORD003408,PROD0028,5,740.62,0.1
ORD004002,PROD0214,5,285.7,0.0
ORD009399,PROD0199,2,919.06,0.15
ORD013491,PROD0028,1,740.62,0.15
ORD013822,PROD0256,5,895.23,0.0
ORD005569,PROD0079,5,1557.75,0.05
ORD002254,PROD0282,3,1059.41,0.15
ORD009582,PROD0204,1,1064.24,0.15
ORD003971,PROD0109,2,315.2,0.0
ORD015816,PROD0038,4,1310.24,0.0
ORD009926,PROD0152,1,3664.43,0.2
ORD008034,PROD0196,5,624.67,0.05
ORD012371,PROD0160,1,2652.37,0.1
ORD003044,PROD0130,3,1402.05,0.0
ORD013802,PROD0229,5,251.37,0.0
ORD007949,PROD0160,4,2652.37,0.05
ORD014082,PROD0293,2,1136.47,0.0
ORD016621,PROD0199,3,919.06,0.1
ORD014888,PROD0290,3,3732.41,0.2
ORD001568,PROD0085,3,2361.96,0.1
ORD005009,PROD0126,2,648.87,0.1
ORD010082,PROD0187,5,2575.23,0.0
ORD013812,PROD0074,3,701.79,0.15
ORD000106,PROD0118,3,437.61,0.1
ORD005436,PROD0200,2,1906.63,0.0
ORD014469,PROD0047,1,743.87,0.1
ORD010495,PROD0054,2,1149.11,0.1
ORD015436,PROD0251,4,1056.88,0.1
ORD006161,PROD0150,4,1469.35,0.1
ORD007074,PROD0079,5,1557.75,0.05
ORD016592,PROD0167,4,2511.68,0.05
ORD001050,PROD0079,3,1557.75,0.0
ORD014088,PROD0288,2,1099.87,0.15
ORD016422,PROD0208,4,1605.39,0.2
ORD013193,PROD0282,3,1059.41,0.2
ORD005729,PROD0199,5,919.06,0.1
ORD011294,PROD0268,2,1593.82,0.1
ORD001013,PROD0007,2,838.82,0.1
ORD001467,PROD0062,1,1731.8,0.05
ORD009429,PROD0013,5,2230.9,0.15
ORD011476,PROD0272,4,834.67,0.0
ORD002561,PROD0143,5,2026.75,0.05
ORD003450,PROD0003,4,2931.9,0.2
ORD007195,PROD0292,3,526.18,0.0
ORD010962,PROD0253,2,3782.92,0.15
ORD008487,PROD0021,5,2017.39,0.15
ORD015771,PROD0243,3,4498.92,0.1
ORD009320,PROD0076,3,1911.33,0.1
ORD001909,PROD0154,3,611.42,0.05
ORD009275,PROD0185,5,592.37,0.0
ORD000004,PROD0212,5,936.47,0.1
ORD006286,PROD0157,5,1342.68,0.0
ORD009899,PROD0162,5,377.71,0.0
ORD010232,PROD0058,5,5552.05,0.05
ORD012816,PROD0295,2,450.65,0.05
ORD013500,PROD0131,1,719.35,0.0
ORD012845,PROD0247,5,1013.19,0.2
ORD000979,PROD0291,2,859.37,0.1
ORD011539,PROD0072,4,4756.76,0.05
ORD011641,PROD0030,4,1536.54,0.0
ORD007673,PROD0080,2,1973.58,0.15
ORD016678,PROD0293,2,1136.47,0.05
ORD008545,PROD0079,4,1557.75,0.1
ORD005050,PROD0009,4,419.4,0.15
ORD002099,PROD0166,5,655.43,0.1
ORD014604,PROD0157,1,1342.68,0.1
ORD000520,PROD0296,1,605.83,0.05
ORD012206,PROD0174,3,1681.39,0.0
ORD011162,PROD0221,4,861.75,0.15
ORD014473,PROD0174,1,1681.39,0.0
ORD017641,PROD0092,1,2466.2,0.2
ORD014760,PROD0078,5,1498.55,0.1
ORD015260,PROD0068,5,2579.6,0.1
ORD017827,PROD0167,2,2511.68,0.1
ORD012531,PROD0180,5,374.36,0.15
ORD013582,PROD0162,4,377.71,0.15
ORD016655,PROD0017,5,5213.81,0.05
ORD013108,PROD0116,2,435.35,0.05
ORD016890,PROD0205,5,315.35,0.05
ORD015635,PROD0190,4,1494.94,0.0
ORD011105,PROD0212,5,936.47,0.1
ORD001928,PROD0279,5,1760.62,0.2
ORD006114,PROD0068,3,2579.6,0.15
ORD001262,PROD0273,5,1884.45,0.0
ORD004638,PROD0155,3,383.07,0.2
ORD017304,PROD0053,4,499.98,0.05
ORD016608,PROD0062,2,1731.8,0.05
ORD004197,PROD0292,2,526.18,0.0
ORD009125,PROD0282,1,1059.41,0.1
ORD008750,PROD0274,3,356.93,0.05
ORD011560,PROD0206,1,512.36,0.1
ORD004033,PROD0069,3,6450.78,0.05
ORD008440,PROD0037,4,1059.57,0.1
ORD004576,PROD0213,5,475.42,0.0
ORD012241,PROD0033,3,726.59,0.15
ORD015531,PROD0020,3,2005.81,0.1
ORD014435,PROD0198,3,1910.21,0.05
ORD002176,PROD0236,1,1243.22,0.0
ORD011154,PROD0120,2,3592.34,0.1
ORD001572,PROD0124,2,7033.68,0.05
ORD000220,PROD0192,2,2094.72,0.15
ORD000316,PROD0103,4,814.61,0.1
ORD016445,PROD0080,3,1973.58,0.0
ORD011236,PROD0219,2,1088.5,0.05
ORD015546,PROD0042,3,5997.9,0.15
ORD013280,PROD0202,5,1039.91,0.05
ORD005745,PROD0255,2,2724.93,0.0
ORD010359,PROD0076,2,1911.33,0.0
ORD002988,PROD0014,2,596.75,0.05
ORD001358,PROD0203,3,1208.94,0.2
ORD001049,PROD0091,5,402.26,0.05
ORD014579,PROD0266,4,1066.97,0.0
ORD016766,PROD0193,4,3394.61,0.05
ORD007247,PROD0251,3,1056.88,0.05
ORD013663,PROD0079,1,1557.75,0.2
ORD015986,PROD0106,2,770.07,0.05
ORD007069,PROD0073,2,3798.83,0.2
ORD012972,PROD0109,5,315.2,0.0
ORD011893,PROD0279,3,1760.62,0.0
ORD005459,PROD0269,2,528.68,0.0
ORD015779,PROD0200,2,1906.63,0.05
ORD003731,PROD0138,3,2041.26,0.0
ORD003673,PROD0070,1,2065.33,0.15
ORD013832,PROD0140,5,4498.4,0.0
ORD001277,PROD0137,3,445.2,0.2
ORD012837,PROD0269,2,528.68,0.05
ORD005790,PROD0063,2,453.52,0.05
ORD004626,PROD0120,1,3592.34,0.1
ORD013092,PROD0290,1,3732.41,0.1
ORD006901,PROD0155,5,383.07,0.05
ORD005095,PROD0023,1,529.99,0.0
ORD008420,PROD0269,3,528.68,0.15
ORD009889,PROD0114,1,983.9,0.1
ORD008992,PROD0161,5,1467.22,0.2
ORD007442,PROD0040,4,5448.94,0.1
ORD005130,PROD0129,4,2715.49,0.0
ORD017077,PROD0290,1,3732.41,0.1
ORD006869,PROD0119,3,1545.4,0.1
ORD009285,PROD0151,1,938.09,0.0
ORD017975,PROD0098,2,1788.67,0.1
ORD005806,PROD0045,1,1204.82,0.05
ORD015202,PROD0227,5,663.99,0.1
ORD005021,PROD0130,2,1402.05,0.2
ORD001931,PROD0011,5,569.66,0.15
ORD010555,PROD0289,5,1376.41,0.15
ORD010481,PROD0108,2,1195.6,0.2
ORD010592,PROD0270,5,546.81,0.1
ORD009222,PROD0118,1,437.61,0.05
ORD006338,PROD0264,4,409.67,0.2
ORD006557,PROD0142,1,536.55,0.1
ORD012521,PROD0140,1,4498.4,0.05
ORD016509,PROD0211,4,1092.8,0.0
ORD006998,PROD0114,5,983.9,0.1
ORD002542,PROD0103,1,814.61,0.05
ORD011373,PROD0249,3,4012.64,0.05
ORD013232,PROD0003,4,2931.9,0.0
ORD005445,PROD0116,5,435.35,0.0
ORD011427,PROD0018,4,1106.42,0.05
ORD013351,PROD0280,5,239.29,0.05
ORD006244,PROD0137,4,445.2,0.05
ORD011825,PROD0277,2,668.68,0.0
ORD009423,PROD0174,4,1681.39,0.2
ORD014053,PROD0035,4,914.62,0.0
ORD010092,PROD0156,3,1302.29,0.2
ORD017299,PROD0224,4,4037.97,0.05
ORD008587,PROD0060,1,511.57,0.05
ORD009459,PROD0235,5,1069.09,0.0
ORD007199,PROD0241,3,215.23,0.05
ORD003353,PROD0191,2,425.27,0.0
ORD012959,PROD0064,3,706.46,0.2
ORD010480,PROD0045,1,1204.82,0.05
ORD011941,PROD0297,5,359.44,0.0
ORD004745,PROD0211,3,1092.8,0.1
ORD010625,PROD0076,5,1911.33,0.05
ORD008444,PROD0209,4,4636.93,0.1
ORD003261,PROD0273,2,1884.45,0.0
ORD006580,PROD0260,2,2453.91,0.05
ORD009270,PROD0275,3,1740.08,0.05
ORD017503,PROD0196,3,624.67,0.15
ORD002454,PROD0286,1,722.33,0.0
ORD014399,PROD0047,1,743.87,0.1
ORD014529,PROD0045,2,1204.82,0.0
ORD003129,PROD0276,5,1150.97,0.0
ORD000232,PROD0139,3,624.58,0.1
ORD001936,PROD0192,3,2094.72,0.15
ORD014280,PROD0244,4,1140.3,0.05
ORD004888,PROD0020,5,2005.81,0.05
ORD003508,PROD0031,3,2790.09,0.0
ORD002558,PROD0277,3,668.68,0.15
ORD008508,PROD0103,5,814.61,0.05
ORD006652,PROD0175,3,2260.04,0.0
ORD007597,PROD0199,5,919.06,0.15
ORD007616,PROD0044,1,2277.54,0.05
ORD009863,PROD0085,5,2361.96,0.0
ORD007233,PROD0264,4,409.67,0.0
ORD012143,PROD0266,2,1066.97,0.2
ORD004079,PROD0055,5,1758.65,0.1
ORD005189,PROD0002,4,1122.65,0.0
ORD008225,PROD0294,4,608.79,0.1
ORD008060,PROD0043,3,950.69,0.15
ORD009433,PROD0080,4,1973.58,0.15
ORD004466,PROD0105,4,813.74,0.1
ORD017054,PROD0108,1,1195.6,0.2
ORD012899,PROD0296,2,605.83,0.05
ORD002348,PROD0155,1,383.07,0.15
ORD007227,PROD0099,2,550.57,0.0
ORD003026,PROD0172,1,3513.98,0.1
ORD001033,PROD0284,2,1551.66,0.05
ORD009347,PROD0203,1,1208.94,0.1
ORD005567,PROD0286,5,722.33,0.1
ORD016563,PROD0141,2,526.7,0.1
ORD009298,PROD0050,5,138.33,0.15
ORD005540,PROD0128,3,414.27,0.15
ORD009787,PROD0029,4,1224.14,0.2
ORD004632,PROD0127,3,1166.2,0.05
ORD000840,PROD0064,5,706.46,0.1
ORD005817,PROD0226,4,322.28,0.1
ORD012886,PROD0242,2,1251.99,0.2
ORD013591,PROD0065,3,298.49,0.15
ORD005108,PROD0204,3,1064.24,0.05
ORD009032,PROD0016,5,2382.58,0.1
ORD012389,PROD0202,5,1039.91,0.0
ORD017107,PROD0059,5,3884.69,0.15
ORD016890,PROD0192,4,2094.72,0.05
ORD000814,PROD0044,4,2277.54,0.1
ORD010943,PROD0106,4,770.07,0.1
ORD009290,PROD0161,1,1467.22,0.05
ORD014811,PROD0138,2,2041.26,0.2
ORD007727,PROD0180,4,374.36,0.05
ORD011216,PROD0102,3,1726.73,0.15
ORD009655,PROD0010,2,1326.68,0.0
ORD011423,PROD0208,3,1605.39,0.0
ORD007190,PROD0218,2,852.15,0.1
ORD017419,PROD0053,4,499.98,0.05
ORD005809,PROD0022,4,174.42,0.05
ORD017921,PROD0267,1,1411.95,0.1
ORD012846,PROD0255,5,2724.93,0.2
ORD015868,PROD0013,4,2230.9,0.05
ORD000091,PROD0186,3,324.33,0.1
ORD016621,PROD0045,3,1204.82,0.15
ORD010645,PROD0171,5,619.82,0.05
ORD010751,PROD0251,5,1056.88,0.05
ORD011312,PROD0295,3,450.65,0.2
ORD015741,PROD0136,4,4655.74,0.0
ORD016224,PROD0168,5,1759.17,0.05
ORD010546,PROD0194,4,2044.13,0.1
ORD000036,PROD0099,1,550.57,0.1
ORD014624,PROD0065,3,298.49,0.1
ORD007479,PROD0101,3,3596.1,0.0
ORD002474,PROD0219,3,1088.5,0.2
ORD008392,PROD0206,1,512.36,0.05
ORD005720,PROD0162,3,377.71,0.1
ORD005125,PROD0012,1,2384.44,0.1
ORD001504,PROD0023,3,529.99,0.1
ORD017635,PROD0196,1,624.67,0.1
ORD005113,PROD0078,1,1498.55,0.1
ORD006095,PROD0181,3,218.55,0.2
ORD005282,PROD0296,1,605.83,0.05
ORD017800,PROD0078,2,1498.55,0.15
ORD005689,PROD0036,1,2265.4,0.0
ORD002050,PROD0193,1,3394.61,0.15
ORD002969,PROD0142,4,536.55,0.1
ORD006798,PROD0241,2,215.23,0.15
ORD014873,PROD0248,4,581.51,0.1
ORD007220,PROD0112,5,3157.32,0.0
ORD013905,PROD0290,2,3732.41,0.0
ORD012911,PROD0122,4,768.92,0.1
ORD014837,PROD0154,5,611.42,0.0
ORD009736,PROD0063,1,453.52,0.2
ORD003900,PROD0109,4,315.2,0.2
ORD017889,PROD0037,2,1059.57,0.2
ORD008078,PROD0279,3,1760.62,0.0
ORD011209,PROD0272,4,834.67,0.1
ORD000593,PROD0288,3,1099.87,0.2
ORD000486,PROD0007,5,838.82,0.0
ORD009731,PROD0081,2,2207.21,0.0
ORD014987,PROD0133,1,737.29,0.1
ORD007081,PROD0191,1,425.27,0.05
ORD000503,PROD0140,5,4498.4,0.0
ORD016494,PROD0090,4,1416.42,0.05
ORD008467,PROD0072,4,4756.76,0.0
ORD014920,PROD0009,3,419.4,0.05
ORD000850,PROD0224,3,4037.97,0.0
ORD014806,PROD0300,3,2550.36,0.05
ORD008108,PROD0278,3,1418.31,0.2
ORD011882,PROD0008,1,1428.37,0.1
ORD004999,PROD0056,2,1815.37,0.05
ORD011509,PROD0284,2,1551.66,0.15
ORD017300,PROD0116,1,435.35,0.0
ORD009097,PROD0201,3,1107.62,0.0
ORD008317,PROD0047,2,743.87,0.0
ORD007464,PROD0021,4,2017.39,0.1
ORD004838,PROD0033,1,726.59,0.0
ORD008899,PROD0074,4,701.79,0.0
ORD005531,PROD0249,2,4012.64,0.2
ORD006900,PROD0206,5,512.36,0.2
ORD011703,PROD0231,4,1734.21,0.05
ORD006254,PROD0272,2,834.67,0.2
ORD003648,PROD0020,4,2005.81,0.05
ORD001927,PROD0246,2,484.36,0.1
ORD016041,PROD0045,1,1204.82,0.0
ORD017711,PROD0291,1,859.37,0.1
ORD006301,PROD0225,3,670.12,0.1
ORD017249,PROD0120,3,3592.34,0.1
ORD000804,PROD0285,2,1253.77,0.15
ORD010346,PROD0045,4,1204.82,0.1
ORD006914,PROD0252,3,1091.64,0.15
ORD006019,PROD0143,3,2026.75,0.1
ORD013452,PROD0259,1,272.42,0.15
ORD003922,PROD0093,1,2481.82,0.15
ORD008997,PROD0109,5,315.2,0.1
ORD007204,PROD0098,1,1788.67,0.1
ORD008745,PROD0034,5,1106.13,0.1
ORD009432,PROD0084,3,787.16,0.05
ORD013273,PROD0199,4,919.06,0.0
ORD007170,PROD0260,1,2453.91,0.15
ORD011128,PROD0075,3,993.75,0.2
ORD001301,PROD0226,1,322.28,0.15
ORD015669,PROD0015,3,768.6,0.15
ORD015186,PROD0273,5,1884.45,0.05
ORD003917,PROD0054,2,1149.11,0.05
ORD011938,PROD0037,2,1059.57,0.15
ORD010127,PROD0054,5,1149.11,0.1
ORD010246,PROD0278,2,1418.31,0.15
ORD011255,PROD0008,4,1428.37,0.0
ORD004291,PROD0011,4,569.66,0.2
ORD006639,PROD0073,5,3798.83,0.15
ORD003187,PROD0108,4,1195.6,0.1
ORD003110,PROD0009,5,419.4,0.05
ORD008508,PROD0238,5,1179.28,0.2
ORD002327,PROD0245,2,258.37,0.15
ORD004022,PROD0251,3,1056.88,0.1
ORD012079,PROD0258,4,814.14,0.1
ORD000220,PROD0288,4,1099.87,0.15
ORD010841,PROD0051,3,257.94,0.15
ORD017225,PROD0165,5,1341.44,0.05
ORD011663,PROD0006,5,997.09,0.0
ORD001302,PROD0217,2,748.27,0.0
ORD003601,PROD0268,2,1593.82,0.05
ORD016007,PROD0054,3,1149.11,0.05
ORD010193,PROD0254,2,1021.7,0.0
ORD015695,PROD0146,5,2912.21,0.1
ORD001595,PROD0059,1,3884.69,0.2
ORD016069,PROD0135,3,1098.25,0.1
ORD017817,PROD0211,1,1092.8,0.0
ORD017640,PROD0088,4,255.81,0.15
ORD000264,PROD0094,1,1585.84,0.0
ORD015744,PROD0239,4,3878.85,0.1
ORD016437,PROD0143,3,2026.75,0.2
ORD002379,PROD0125,3,1338.46,0.15
ORD012825,PROD0046,1,423.5,0.15
ORD005458,PROD0160,2,2652.37,0.05
ORD004497,PROD0177,1,1733.37,0.2
ORD000674,PROD0094,5,1585.84,0.0
ORD017231,PROD0010,5,1326.68,0.1
ORD009592,PROD0145,3,2107.82,0.15
ORD014441,PROD0148,2,2479.32,0.1
ORD012205,PROD0245,2,258.37,0.2
ORD016098,PROD0020,4,2005.81,0.2
ORD013769,PROD0004,5,1005.11,0.15
ORD013165,PROD0119,4,1545.4,0.1
ORD010992,PROD0221,5,861.75,0.15
ORD005699,PROD0182,1,1491.37,0.0
ORD011019,PROD0092,3,2466.2,0.1
ORD004159,PROD0011,4,569.66,0.05
ORD002076,PROD0106,2,770.07,0.0
ORD007038,PROD0027,3,5305.88,0.1
ORD015549,PROD0232,3,480.05,0.0
ORD000847,PROD0252,4,1091.64,0.0
ORD009590,PROD0128,4,414.27,0.1
ORD014621,PROD0273,3,1884.45,0.0
ORD015138,PROD0289,2,1376.41,0.1
ORD009982,PROD0061,3,1808.63,0.1
ORD014782,PROD0106,1,770.07,0.0
ORD009292,PROD0029,1,1224.14,0.1
ORD009090,PROD0063,1,453.52,0.1
ORD010278,PROD0037,4,1059.57,0.0
ORD016949,PROD0016,3,2382.58,0.1
ORD008636,PROD0170,1,1486.76,0.1
ORD003842,PROD0280,5,239.29,0.05
ORD003339,PROD0287,1,1180.58,0.05
ORD016602,PROD0099,5,550.57,0.05
ORD009374,PROD0130,4,1402.05,0.0
ORD013650,PROD0035,2,914.62,0.2
ORD013791,PROD0190,3,1494.94,0.05
ORD011165,PROD0182,3,1491.37,0.15
ORD011144,PROD0197,1,774.0,0.05
ORD003091,PROD0051,1,257.94,0.1
ORD015482,PROD0124,4,7033.68,0.2
ORD009002,PROD0124,3,7033.68,0.05
ORD007183,PROD0208,1,1605.39,0.0
ORD016832,PROD0209,3,4636.93,0.05
ORD011307,PROD0113,4,495.12,0.05
ORD002664,PROD0270,1,546.81,0.05
ORD001068,PROD0056,3,1815.37,0.1
ORD007897,PROD0117,4,1622.14,0.15
ORD013216,PROD0123,1,2787.07,0.1
ORD000474,PROD0162,4,377.71,0.15
ORD004327,PROD0166,5,655.43,0.0
ORD013783,PROD0017,2,5213.81,0.1
ORD006419,PROD0048,1,2692.11,0.0
ORD005107,PROD0071,5,1519.69,0.2
ORD003739,PROD0169,4,2484.01,0.2
ORD013990,PROD0300,1,2550.36,0.0
ORD008313,PROD0104,5,917.71,0.1
ORD005034,PROD0178,1,1006.65,0.0
ORD008752,PROD0214,3,285.7,0.1
ORD005178,PROD0164,1,1896.67,0.05
ORD014923,PROD0289,2,1376.41,0.15
ORD002763,PROD0045,1,1204.82,0.1
ORD000295,PROD0073,2,3798.83,0.0
ORD011037,PROD0002,4,1122.65,0.05
ORD001224,PROD0001,1,2228.63,0.1
ORD014067,PROD0127,5,1166.2,0.15
ORD013522,PROD0291,3,859.37,0.15
ORD016852,PROD0292,4,526.18,0.05
ORD012799,PROD0045,1,1204.82,0.0
ORD008039,PROD0077,2,372.07,0.0
ORD009740,PROD0033,4,726.59,0.05
ORD001997,PROD0279,4,1760.62,0.1
ORD017759,PROD0149,4,231.51,0.0
ORD013598,PROD0063,5,453.52,0.0
ORD014994,PROD0036,3,2265.4,0.0
ORD001310,PROD0165,3,1341.44,0.0
ORD011628,PROD0257,1,994.46,0.1
ORD013982,PROD0282,4,1059.41,0.0
ORD016873,PROD0170,5,1486.76,0.05
ORD005743,PROD0232,2,480.05,0.0
ORD009420,PROD0078,3,1498.55,0.05
ORD003888,PROD0250,1,468.3,0.0
ORD004068,PROD0190,5,1494.94,0.05
ORD010418,PROD0252,5,1091.64,0.05
ORD012313,PROD0300,1,2550.36,0.2
ORD006069,PROD0164,3,1896.67,0.05
ORD015512,PROD0260,3,2453.91,0.1
ORD007787,PROD0149,3,231.51,0.05
ORD015583,PROD0114,3,983.9,0.1
ORD009385,PROD0017,1,5213.81,0.1
ORD004086,PROD0272,2,834.67,0.0
ORD013533,PROD0041,2,566.23,0.2
ORD015582,PROD0194,1,2044.13,0.15
ORD013336,PROD0038,3,1310.24,0.15
ORD008486,PROD0082,5,835.72,0.0
ORD011317,PROD0165,4,1341.44,0.05
ORD012292,PROD0050,1,138.33,0.2
ORD006459,PROD0219,4,1088.5,0.0
ORD008377,PROD0129,3,2715.49,0.05
ORD002203,PROD0252,2,1091.64,0.0
ORD003514,PROD0193,1,3394.61,0.05
ORD009252,PROD0065,4,298.49,0.1
ORD000331,PROD0044,5,2277.54,0.0
ORD014454,PROD0140,4,4498.4,0.15
ORD005680,PROD0101,4,3596.1,0.1
ORD011400,PROD0189,4,260.5,0.0
ORD017464,PROD0013,3,2230.9,0.15
ORD012505,PROD0298,5,392.05,0.15
ORD006829,PROD0174,1,1681.39,0.1
ORD009719,PROD0209,1,4636.93,0.15
ORD013669,PROD0298,4,392.05,0.05
ORD012377,PROD0144,4,1097.89,0.1
ORD012467,PROD0254,3,1021.7,0.05
ORD007768,PROD0172,3,3513.98,0.1
ORD014638,PROD0109,4,315.2,0.15
ORD000535,PROD0022,2,174.42,0.0
ORD006876,PROD0291,5,859.37,0.0
ORD006788,PROD0105,4,813.74,0.2
ORD017539,PROD0073,3,3798.83,0.0
ORD006694,PROD0199,1,919.06,0.0
ORD000947,PROD0245,2,258.37,0.05
ORD008083,PROD0076,1,1911.33,0.0
ORD003144,PROD0064,5,706.46,0.15
ORD014275,PROD0287,5,1180.58,0.1
ORD006317,PROD0129,4,2715.49,0.0
ORD005082,PROD0231,3,1734.21,0.0
ORD006098,PROD0101,3,3596.1,0.15
ORD006578,PROD0148,5,2479.32,0.0
ORD014992,PROD0201,5,1107.62,0.1
ORD016046,PROD0240,2,1736.87,0.05
ORD015579,PROD0098,2,1788.67,0.0
ORD013845,PROD0272,3,834.67,0.0
ORD006812,PROD0247,3,1013.19,0.1
ORD007109,PROD0183,2,606.73,0.1
ORD000703,PROD0026,2,926.18,0.1
ORD004244,PROD0193,2,3394.61,0.0
ORD017799,PROD0085,5,2361.96,0.05
ORD016510,PROD0101,5,3596.1,0.05
ORD016901,PROD0253,1,3782.92,0.0
ORD015817,PROD0200,2,1906.63,0.0
ORD017547,PROD0213,2,475.42,0.05
ORD012950,PROD0177,4,1733.37,0.0
ORD002845,PROD0083,5,1558.0,0.2
ORD012681,PROD0201,4,1107.62,0.05
ORD012255,PROD0117,5,1622.14,0.2
ORD000061,PROD0174,2,1681.39,0.0
ORD002222,PROD0129,5,2715.49,0.15
ORD004907,PROD0044,2,2277.54,0.0
ORD006691,PROD0132,3,1663.98,0.0
ORD008264,PROD0031,1,2790.09,0.0
ORD008540,PROD0271,5,1034.8,0.0
ORD011412,PROD0001,2,2228.63,0.15
ORD003886,PROD0200,1,1906.63,0.1
ORD002628,PROD0251,3,1056.88,0.2
ORD013633,PROD0283,3,1585.65,0.1
ORD015091,PROD0013,4,2230.9,0.1
ORD002689,PROD0199,2,919.06,0.1
ORD005274,PROD0162,2,377.71,0.05
ORD009512,PROD0161,1,1467.22,0.05
ORD008410,PROD0087,4,2381.84,0.0
ORD006663,PROD0208,3,1605.39,0.2
ORD011458,PROD0171,5,619.82,0.0
ORD011165,PROD0087,4,2381.84,0.1
ORD013423,PROD0089,4,390.25,0.2
ORD003473,PROD0135,1,1098.25,0.0
ORD010444,PROD0295,4,450.65,0.0
ORD012960,PROD0194,1,2044.13,0.05
ORD002094,PROD0217,2,748.27,0.15
ORD013082,PROD0237,1,1008.9,0.0
ORD001575,PROD0036,2,2265.4,0.2
ORD009174,PROD0192,2,2094.72,0.05
ORD002501,PROD0206,4,512.36,0.1
ORD003724,PROD0233,2,865.79,0.15
ORD005076,PROD0210,4,539.67,0.15
ORD009812,PROD0132,2,1663.98,0.1
ORD010029,PROD0223,2,1507.47,0.05
ORD000112,PROD0022,2,174.42,0.2
ORD012014,PROD0071,2,1519.69,0.1
ORD017644,PROD0132,5,1663.98,0.1
ORD011187,PROD0022,4,174.42,0.0
ORD014596,PROD0190,3,1494.94,0.0
ORD002640,PROD0099,2,550.57,0.0
ORD003576,PROD0296,5,605.83,0.15
ORD003919,PROD0020,3,2005.81,0.0
ORD006202,PROD0065,3,298.49,0.05
ORD007906,PROD0241,5,215.23,0.2
ORD013706,PROD0151,3,938.09,0.1
ORD000493,PROD0035,4,914.62,0.0
ORD009424,PROD0092,3,2466.2,0.1
ORD004809,PROD0187,4,2575.23,0.1
ORD016794,PROD0014,3,596.75,0.15
ORD015928,PROD0250,3,468.3,0.0
ORD010194,PROD0300,2,2550.36,0.0
ORD017016,PROD0150,3,1469.35,0.05
ORD016950,PROD0028,2,740.62,0.1
ORD000466,PROD0059,4,3884.69,0.0
ORD016524,PROD0175,3,2260.04,0.05
ORD003623,PROD0068,2,2579.6,0.0
ORD003796,PROD0070,5,2065.33,0.05
ORD004276,PROD0112,5,3157.32,0.1
ORD008742,PROD0031,4,2790.09,0.15
ORD016865,PROD0014,3,596.75,0.2
ORD011573,PROD0109,3,315.2,0.1
ORD004425,PROD0103,4,814.61,0.1
ORD000129,PROD0021,1,2017.39,0.15
ORD015957,PROD0269,1,528.68,0.0
ORD003437,PROD0203,5,1208.94,0.15
ORD005620,PROD0227,5,663.99,0.1
ORD002510,PROD0127,2,1166.2,0.1
ORD014011,PROD0068,1,2579.6,0.05
ORD015757,PROD0012,4,2384.44,0.15
ORD016125,PROD0048,4,2692.11,0.05
ORD006104,PROD0104,1,917.71,0.05
ORD012794,PROD0064,4,706.46,0.0
ORD007900,PROD0143,3,2026.75,0.15
ORD010916,PROD0272,5,834.67,0.05
ORD001370,PROD0103,5,814.61,0.05
ORD005396,PROD0178,1,1006.65,0.0
ORD001733,PROD0297,2,359.44,0.05
ORD011539,PROD0004,3,1005.11,0.1
ORD009366,PROD0264,1,409.67,0.15
ORD002244,PROD0089,2,390.25,0.0
ORD009741,PROD0242,5,1251.99,0.15
ORD006736,PROD0033,1,726.59,0.1
ORD015508,PROD0005,5,5350.44,0.1
ORD011483,PROD0061,5,1808.63,0.1
ORD014481,PROD0152,2,3664.43,0.2
ORD007191,PROD0225,1,670.12,0.05
ORD014723,PROD0238,5,1179.28,0.1
ORD005754,PROD0027,5,5305.88,0.1
ORD015195,PROD0157,1,1342.68,0.05
ORD007106,PROD0067,5,1836.4,0.1
ORD017284,PROD0094,2,1585.84,0.0
ORD016729,PROD0037,5,1059.57,0.1
ORD009399,PROD0220,2,1249.15,0.05
ORD001218,PROD0247,4,1013.19,0.15
ORD001063,PROD0120,5,3592.34,0.0
ORD009407,PROD0130,4,1402.05,0.1
ORD005126,PROD0037,1,1059.57,0.15
ORD003724,PROD0073,4,3798.83,0.0
ORD007181,PROD0204,5,1064.24,0.2
ORD006572,PROD0200,3,1906.63,0.0
ORD011318,PROD0193,1,3394.61,0.1
ORD016243,PROD0176,1,890.34,0.15
ORD011316,PROD0175,3,2260.04,0.0
ORD017193,PROD0206,3,512.36,0.2
ORD008079,PROD0223,2,1507.47,0.05
ORD008482,PROD0003,3,2931.9,0.1
ORD013820,PROD0164,4,1896.67,0.15
ORD012199,PROD0084,3,787.16,0.05
ORD006705,PROD0031,4,2790.09,0.1
ORD008342,PROD0087,5,2381.84,0.0
ORD016854,PROD0056,1,1815.37,0.0
ORD014037,PROD0274,2,356.93,0.2
ORD000377,PROD0122,2,768.92,0.05
ORD002791,PROD0221,1,861.75,0.2
ORD015389,PROD0197,1,774.0,0.0
ORD010467,PROD0186,3,324.33,0.1
ORD014167,PROD0070,1,2065.33,0.0
ORD004883,PROD0213,1,475.42,0.1
ORD014724,PROD0181,1,218.55,0.15
ORD000950,PROD0201,4,1107.62,0.1
ORD013467,PROD0249,4,4012.64,0.15
ORD016487,PROD0120,5,3592.34,0.0
ORD003387,PROD0032,3,1792.53,0.0
ORD003619,PROD0217,5,748.27,0.1
ORD017368,PROD0121,3,1762.91,0.0
ORD016693,PROD0103,5,814.61,0.05
ORD008205,PROD0153,2,192.77,0.0
ORD003493,PROD0256,2,895.23,0.1
ORD003203,PROD0061,4,1808.63,0.0
ORD017670,PROD0140,2,4498.4,0.0
ORD000693,PROD0124,4,7033.68,0.2
ORD016249,PROD0108,2,1195.6,0.1
ORD017659,PROD0114,1,983.9,0.1
ORD016329,PROD0228,5,1012.55,0.05
ORD005422,PROD0215,2,496.9,0.05
ORD015561,PROD0226,3,322.28,0.1
ORD006127,PROD0236,5,1243.22,0.0
ORD016860,PROD0224,5,4037.97,0.05
ORD012353,PROD0262,5,1081.48,0.0
ORD007978,PROD0022,1,174.42,0.1
ORD013094,PROD0151,5,938.09,0.05
ORD016670,PROD0120,4,3592.34,0.15
ORD007360,PROD0163,1,703.11,0.15
ORD006259,PROD0113,4,495.12,0.0
ORD009654,PROD0142,3,536.55,0.0
ORD011239,PROD0286,2,722.33,0.0
ORD000155,PROD0150,1,1469.35,0.05
ORD003321,PROD0272,3,834.67,0.15
ORD011687,PROD0221,4,861.75,0.1
ORD015113,PROD0110,5,2045.64,0.1
ORD015449,PROD0106,1,770.07,0.0
ORD000288,PROD0256,2,895.23,0.15
ORD005885,PROD0130,5,1402.05,0.15
ORD016613,PROD0191,2,425.27,0.0
ORD005850,PROD0271,2,1034.8,0.1
ORD015899,PROD0019,4,2132.91,0.0
ORD011460,PROD0252,5,1091.64,0.05
ORD008641,PROD0094,4,1585.84,0.0
ORD013635,PROD0104,1,917.71,0.15
ORD012083,PROD0021,1,2017.39,0.05
ORD012403,PROD0283,3,1585.65,0.0
ORD004177,PROD0019,4,2132.91,0.2
ORD011487,PROD0026,4,926.18,0.05
ORD015393,PROD0253,5,3782.92,0.1
ORD012417,PROD0177,1,1733.37,0.15
ORD002398,PROD0254,3,1021.7,0.2
ORD000397,PROD0153,1,192.77,0.05
ORD016878,PROD0077,4,372.07,0.05
ORD013315,PROD0202,3,1039.91,0.0
ORD007628,PROD0088,2,255.81,0.1
ORD015433,PROD0120,1,3592.34,0.2
ORD005988,PROD0107,4,416.19,0.15
ORD011554,PROD0098,4,1788.67,0.05
ORD006050,PROD0142,3,536.55,0.05
ORD000829,PROD0122,4,768.92,0.2
ORD012635,PROD0114,3,983.9,0.2
ORD011570,PROD0204,3,1064.24,0.0
ORD013221,PROD0278,5,1418.31,0.2
ORD014668,PROD0225,1,670.12,0.1
ORD016671,PROD0210,3,539.67,0.0
ORD008732,PROD0120,4,3592.34,0.15
ORD012090,PROD0204,2,1064.24,0.05
ORD002507,PROD0098,5,1788.67,0.05
ORD006193,PROD0271,3,1034.8,0.0
ORD002937,PROD0040,1,5448.94,0.1
ORD000002,PROD0193,5,3394.61,0.15
ORD004591,PROD0181,3,218.55,0.15
ORD005488,PROD0266,2,1066.97,0.0
ORD014281,PROD0240,5,1736.87,0.0
ORD010427,PROD0293,1,1136.47,0.15
ORD003560,PROD0294,2,608.79,0.0
ORD003264,PROD0045,4,1204.82,0.15
ORD007432,PROD0138,2,2041.26,0.05
ORD003433,PROD0278,4,1418.31,0.05
ORD008198,PROD0075,1,993.75,0.1
ORD010724,PROD0097,3,2244.75,0.1
ORD004495,PROD0110,2,2045.64,0.05
ORD013846,PROD0098,1,1788.67,0.05
ORD012786,PROD0062,2,1731.8,0.15
ORD014256,PROD0137,3,445.2,0.15
ORD005425,PROD0210,5,539.67,0.2
ORD007619,PROD0286,2,722.33,0.1
ORD011044,PROD0277,3,668.68,0.0
ORD012383,PROD0029,3,1224.14,0.05
ORD002590,PROD0168,5,1759.17,0.0
ORD001545,PROD0145,2,2107.82,0.15
ORD006770,PROD0196,2,624.67,0.1
ORD008561,PROD0097,3,2244.75,0.2
ORD003678,PROD0064,2,706.46,0.15
ORD012134,PROD0279,5,1760.62,0.0
ORD006180,PROD0152,2,3664.43,0.15
ORD008294,PROD0135,2,1098.25,0.1
ORD013185,PROD0264,4,409.67,0.1
ORD008934,PROD0259,3,272.42,0.15
ORD007720,PROD0243,3,4498.92,0.0
ORD006096,PROD0219,4,1088.5,0.0
ORD003903,PROD0132,2,1663.98,0.0
ORD016580,PROD0063,2,453.52,0.0
ORD015989,PROD0194,5,2044.13,0.05
ORD012938,PROD0069,1,6450.78,0.2
ORD004863,PROD0131,1,719.35,0.1
ORD002929,PROD0157,3,1342.68,0.2
ORD016992,PROD0190,4,1494.94,0.2
ORD002561,PROD0289,5,1376.41,0.0
ORD005580,PROD0170,2,1486.76,0.0
ORD017848,PROD0251,4,1056.88,0.1
ORD015064,PROD0234,5,1884.98,0.2
ORD003293,PROD0134,2,938.67,0.15
ORD002221,PROD0112,2,3157.32,0.1
ORD004208,PROD0177,1,1733.37,0.15
ORD014115,PROD0072,2,4756.76,0.15
ORD011951,PROD0265,3,709.86,0.05
ORD002148,PROD0253,5,3782.92,0.2
ORD003011,PROD0270,3,546.81,0.0
ORD002576,PROD0152,4,3664.43,0.0
ORD016231,PROD0072,4,4756.76,0.05
ORD013057,PROD0161,2,1467.22,0.0
ORD005059,PROD0250,5,468.3,0.1
ORD004388,PROD0029,2,1224.14,0.1
ORD013307,PROD0002,3,1122.65,0.2
ORD009655,PROD0215,1,496.9,0.1
ORD003131,PROD0238,3,1179.28,0.1
ORD000134,PROD0095,5,853.11,0.05
ORD005704,PROD0214,3,285.7,0.2
ORD009252,PROD0180,2,374.36,0.1
ORD016623,PROD0166,1,655.43,0.1
ORD014129,PROD0045,5,1204.82,0.15
ORD008763,PROD0144,3,1097.89,0.05
ORD005370,PROD0247,5,1013.19,0.05
ORD017862,PROD0229,1,251.37,0.05
ORD015041,PROD0166,2,655.43,0.1
ORD008281,PROD0128,4,414.27,0.0
ORD011865,PROD0228,1,1012.55,0.0
ORD013204,PROD0066,2,705.54,0.15
ORD002768,PROD0263,1,754.46,0.1
ORD008095,PROD0276,4,1150.97,0.1
ORD001514,PROD0075,4,993.75,0.0
ORD008109,PROD0244,5,1140.3,0.0
ORD000329,PROD0101,2,3596.1,0.05
ORD001815,PROD0271,1,1034.8,0.05
ORD004276,PROD0204,4,1064.24,0.05
ORD016960,PROD0192,2,2094.72,0.1
ORD003085,PROD0185,4,592.37,0.2
ORD010001,PROD0178,5,1006.65,0.0
ORD014908,PROD0017,3,5213.81,0.05
ORD002095,PROD0105,2,813.74,0.0
ORD005659,PROD0112,4,3157.32,0.15
ORD006876,PROD0099,1,550.57,0.1
ORD002205,PROD0259,5,272.42,0.05
ORD003503,PROD0173,5,1893.36,0.2
ORD011558,PROD0300,1,2550.36,0.05
ORD017721,PROD0075,3,993.75,0.0
ORD002468,PROD0244,5,1140.3,0.0
ORD014159,PROD0074,5,701.79,0.0
ORD016367,PROD0237,2,1008.9,0.2
ORD003302,PROD0099,1,550.57,0.2
ORD006982,PROD0095,5,853.11,0.2
ORD003334,PROD0192,1,2094.72,0.0
ORD010353,PROD0236,3,1243.22,0.0
ORD008107,PROD0273,2,1884.45,0.15
ORD013658,PROD0113,5,495.12,0.15
ORD015139,PROD0058,4,5552.05,0.1
ORD001703,PROD0052,3,1103.19,0.15
ORD014960,PROD0274,4,356.93,0.1
ORD002454,PROD0037,3,1059.57,0.1
ORD012242,PROD0198,1,1910.21,0.0
ORD015419,PROD0242,1,1251.99,0.1
ORD007227,PROD0259,1,272.42,0.05
ORD016161,PROD0230,4,1187.41,0.2
ORD008012,PROD0289,2,1376.41,0.0
ORD004237,PROD0212,5,936.47,0.1
ORD003127,PROD0233,2,865.79,0.1
ORD006827,PROD0103,4,814.61,0.15
ORD002387,PROD0080,5,1973.58,0.1
ORD003218,PROD0228,1,1012.55,0.0
ORD017224,PROD0258,5,814.14,0.1
ORD015309,PROD0162,3,377.71,0.15
ORD014057,PROD0132,1,1663.98,0.0
ORD006031,PROD0049,2,474.29,0.1
ORD007921,PROD0140,4,4498.4,0.0
ORD000779,PROD0204,3,1064.24,0.05
ORD011517,PROD0074,3,701.79,0.0
ORD010583,PROD0172,5,3513.98,0.1
ORD004156,PROD0124,5,7033.68,0.05
ORD006775,PROD0069,3,6450.78,0.1
ORD010186,PROD0017,5,5213.81,0.15
ORD011250,PROD0166,4,655.43,0.1
ORD008029,PROD0242,2,1251.99,0.1
ORD013785,PROD0203,3,1208.94,0.1
ORD015592,PROD0086,4,1292.77,0.15
ORD010999,PROD0084,5,787.16,0.2
ORD017605,PROD0243,4,4498.92,0.05
ORD007914,PROD0288,3,1099.87,0.0
ORD000750,PROD0056,3,1815.37,0.1
ORD017637,PROD0151,3,938.09,0.1
ORD014640,PROD0109,4,315.2,0.05
ORD000425,PROD0133,2,737.29,0.05
ORD012189,PROD0051,5,257.94,0.15
ORD002622,PROD0153,3,192.77,0.05
ORD015408,PROD0024,3,3557.69,0.2
ORD010317,PROD0286,5,722.33,0.05
ORD010682,PROD0030,4,1536.54,0.0
ORD004672,PROD0072,2,4756.76,0.05
ORD001755,PROD0113,1,495.12,0.2
ORD014859,PROD0228,5,1012.55,0.1
ORD015693,PROD0185,2,592.37,0.0
ORD013633,PROD0213,3,475.42,0.2
ORD006066,PROD0246,3,484.36,0.2
ORD008377,PROD0062,5,1731.8,0.15
ORD009638,PROD0087,5,2381.84,0.05
ORD016598,PROD0029,3,1224.14,0.15
ORD011660,PROD0165,5,1341.44,0.1
ORD001943,PROD0088,2,255.81,0.15
ORD004598,PROD0125,1,1338.46,0.05
ORD001063,PROD0040,1,5448.94,0.05
ORD005695,PROD0183,3,606.73,0.0
ORD016508,PROD0123,1,2787.07,0.05
ORD013895,PROD0026,1,926.18,0.05
ORD012893,PROD0155,3,383.07,0.05
ORD013077,PROD0051,4,257.94,0.05
ORD006596,PROD0219,5,1088.5,0.05
ORD013646,PROD0119,3,1545.4,0.1
ORD009875,PROD0278,1,1418.31,0.0
ORD012294,PROD0166,4,655.43,0.0
ORD010052,PROD0219,5,1088.5,0.0
ORD013217,PROD0001,5,2228.63,0.1
ORD013561,PROD0015,2,768.6,0.15
ORD012784,PROD0267,5,1411.95,0.15
ORD000676,PROD0166,3,655.43,0.1
ORD013188,PROD0182,3,1491.37,0.0
ORD015706,PROD0222,4,803.44,0.15
ORD004028,PROD0023,2,529.99,0.2
ORD008977,PROD0106,2,770.07,0.1
ORD010683,PROD0090,1,1416.42,0.0
ORD002775,PROD0082,2,835.72,0.05
ORD007707,PROD0079,1,1557.75,0.0
ORD012538,PROD0256,2,895.23,0.15
ORD000839,PROD0055,3,1758.65,0.1
ORD004890,PROD0282,1,1059.41,0.2
ORD006935,PROD0093,3,2481.82,0.15
ORD008190,PROD0122,2,768.92,0.1
ORD002867,PROD0294,3,608.79,0.05
ORD006531,PROD0050,1,138.33,0.05
ORD015827,PROD0151,3,938.09,0.15
ORD003527,PROD0053,5,499.98,0.15
ORD015771,PROD0039,2,748.33,0.0
ORD016653,PROD0112,3,3157.32,0.05
ORD016439,PROD0099,5,550.57,0.0
ORD012913,PROD0194,3,2044.13,0.0
ORD000398,PROD0156,3,1302.29,0.0
ORD003990,PROD0290,3,3732.41,0.05
ORD006103,PROD0211,1,1092.8,0.05
ORD005625,PROD0001,3,2228.63,0.1
ORD001639,PROD0230,2,1187.41,0.0
ORD009051,PROD0250,4,468.3,0.2
ORD016633,PROD0071,3,1519.69,0.15
ORD006990,PROD0206,3,512.36,0.0
ORD012960,PROD0058,5,5552.05,0.2
ORD006169,PROD0016,2,2382.58,0.2
ORD013878,PROD0092,5,2466.2,0.0
ORD012679,PROD0064,1,706.46,0.1
ORD001026,PROD0070,1,2065.33,0.0
ORD001753,PROD0284,2,1551.66,0.2
ORD015894,PROD0082,4,835.72,0.15
ORD000753,PROD0171,4,619.82,0.0
ORD011208,PROD0207,4,4103.55,0.2
ORD009437,PROD0278,5,1418.31,0.1
ORD015292,PROD0142,5,536.55,0.1
ORD016252,PROD0019,1,2132.91,0.05
ORD012061,PROD0275,4,1740.08,0.15
ORD004107,PROD0167,5,2511.68,0.15
ORD007492,PROD0166,2,655.43,0.05
ORD005152,PROD0032,3,1792.53,0.1
ORD015937,PROD0014,5,596.75,0.0
ORD003185,PROD0151,3,938.09,0.15
ORD017111,PROD0098,5,1788.67,0.0
ORD009652,PROD0089,5,390.25,0.1
ORD005596,PROD0282,4,1059.41,0.0
ORD003762,PROD0197,3,774.0,0.05
ORD010766,PROD0143,2,2026.75,0.1
ORD000092,PROD0159,2,2084.31,0.05
ORD010402,PROD0069,2,6450.78,0.1
ORD007120,PROD0014,2,596.75,0.1
ORD011193,PROD0278,2,1418.31,0.0
ORD010035,PROD0253,1,3782.92,0.1
ORD013118,PROD0106,4,770.07,0.05
ORD015495,PROD0234,2,1884.98,0.05
ORD005314,PROD0128,5,414.27,0.05
ORD005043,PROD0298,3,392.05,0.1
ORD007455,PROD0248,3,581.51,0.05
ORD009505,PROD0133,4,737.29,0.0
ORD012739,PROD0024,2,3557.69,0.2
ORD013057,PROD0048,1,2692.11,0.0
ORD005146,PROD0271,1,1034.8,0.0
ORD003020,PROD0284,2,1551.66,0.15
ORD017874,PROD0250,4,468.3,0.05
ORD015647,PROD0161,3,1467.22,0.05
ORD003377,PROD0100,2,1535.02,0.2
ORD010152,PROD0194,3,2044.13,0.05
ORD010689,PROD0054,3,1149.11,0.0
ORD011494,PROD0129,4,2715.49,0.0
ORD005210,PROD0013,4,2230.9,0.05
ORD011514,PROD0101,4,3596.1,0.15
ORD003150,PROD0207,5,4103.55,0.05
ORD011280,PROD0231,3,1734.21,0.2
ORD000142,PROD0300,5,2550.36,0.05
ORD008542,PROD0127,2,1166.2,0.0
ORD005994,PROD0195,5,525.15,0.0
ORD014429,PROD0256,1,895.23,0.05
ORD004237,PROD0177,3,1733.37,0.2
ORD016244,PROD0070,3,2065.33,0.05
ORD015307,PROD0137,5,445.2,0.05
ORD000693,PROD0171,3,619.82,0.1
ORD012750,PROD0237,2,1008.9,0.0
ORD017767,PROD0192,4,2094.72,0.1
ORD015607,PROD0237,5,1008.9,0.15
ORD001960,PROD0095,3,853.11,0.0
ORD001453,PROD0253,4,3782.92,0.0
ORD017087,PROD0293,1,1136.47,0.2
ORD015993,PROD0282,1,1059.41,0.05
ORD012035,PROD0086,5,1292.77,0.0
ORD012758,PROD0036,4,2265.4,0.0
ORD009787,PROD0046,1,423.5,0.15
ORD005823,PROD0202,5,1039.91,0.0
ORD003751,PROD0256,5,895.23,0.05
ORD001263,PROD0113,1,495.12,0.05
ORD015036,PROD0010,3,1326.68,0.15
ORD002930,PROD0249,2,4012.64,0.1
ORD013575,PROD0031,3,2790.09,0.1
ORD007196,PROD0082,2,835.72,0.1
ORD009636,PROD0284,4,1551.66,0.1
ORD012750,PROD0256,1,895.23,0.05
ORD004957,PROD0211,5,1092.8,0.1
ORD017823,PROD0185,3,592.37,0.15
ORD012830,PROD0077,4,372.07,0.15
ORD008599,PROD0036,3,2265.4,0.15
ORD010054,PROD0063,5,453.52,0.15
ORD000693,PROD0070,5,2065.33,0.15
ORD004713,PROD0141,5,526.7,0.15
ORD014384,PROD0115,4,1198.13,0.05
ORD003703,PROD0183,4,606.73,0.1
ORD014040,PROD0050,4,138.33,0.2
ORD001718,PROD0052,1,1103.19,0.0
ORD008095,PROD0106,1,770.07,0.1
ORD014703,PROD0078,1,1498.55,0.0
ORD007988,PROD0196,2,624.67,0.1
ORD004989,PROD0105,1,813.74,0.15
ORD000517,PROD0252,3,1091.64,0.15
ORD010270,PROD0042,3,5997.9,0.1
ORD005040,PROD0220,5,1249.15,0.0
ORD007573,PROD0031,1,2790.09,0.1
ORD014976,PROD0237,1,1008.9,0.05
ORD003357,PROD0007,5,838.82,0.05
ORD013917,PROD0298,2,392.05,0.15
ORD007343,PROD0140,3,4498.4,0.05
ORD004188,PROD0142,1,536.55,0.0
ORD015473,PROD0297,4,359.44,0.15
ORD017566,PROD0043,5,950.69,0.0
ORD003253,PROD0286,3,722.33,0.1
ORD005435,PROD0009,3,419.4,0.1
ORD000943,PROD0025,2,585.99,0.15
ORD001759,PROD0131,5,719.35,0.1
ORD017291,PROD0037,3,1059.57,0.0
ORD009475,PROD0074,1,701.79,0.1
ORD006829,PROD0188,3,5555.06,0.05
ORD003862,PROD0236,3,1243.22,0.05
ORD004456,PROD0148,4,2479.32,0.0
ORD006415,PROD0254,3,1021.7,0.05
ORD016994,PROD0208,4,1605.39,0.1
ORD007745,PROD0069,5,6450.78,0.0
ORD000036,PROD0205,4,315.35,0.1
ORD007488,PROD0072,3,4756.76,0.2
ORD005744,PROD0093,3,2481.82,0.15
ORD009305,PROD0288,4,1099.87,0.05
ORD017276,PROD0108,2,1195.6,0.15
ORD001572,PROD0152,3,3664.43,0.1
ORD017924,PROD0211,4,1092.8,0.0
ORD008176,PROD0025,2,585.99,0.15
ORD013434,PROD0216,5,2535.43,0.1
ORD015980,PROD0256,3,895.23,0.05
ORD013831,PROD0020,5,2005.81,0.0
ORD006048,PROD0113,4,495.12,0.0
ORD014372,PROD0256,4,895.23,0.1
ORD015986,PROD0103,4,814.61,0.05
ORD014963,PROD0021,2,2017.39,0.1
ORD011645,PROD0285,3,1253.77,0.0
ORD016356,PROD0201,2,1107.62,0.1
ORD008407,PROD0072,5,4756.76,0.2
ORD016892,PROD0162,2,377.71,0.05
ORD012537,PROD0042,3,5997.9,0.2
ORD013637,PROD0098,5,1788.67,0.05
ORD008782,PROD0009,2,419.4,0.1
ORD006082,PROD0208,4,1605.39,0.2
ORD011306,PROD0229,2,251.37,0.1
ORD002936,PROD0007,2,838.82,0.05
ORD009266,PROD0195,4,525.15,0.0
ORD000277,PROD0224,3,4037.97,0.2
ORD007952,PROD0242,4,1251.99,0.0
ORD001821,PROD0237,4,1008.9,0.1
ORD013979,PROD0104,3,917.71,0.2
ORD006476,PROD0246,1,484.36,0.0
ORD014922,PROD0250,2,468.3,0.0
ORD009254,PROD0184,4,734.18,0.05
ORD010011,PROD0037,3,1059.57,0.15
ORD005541,PROD0070,3,2065.33,0.0
ORD015576,PROD0183,1,606.73,0.15
ORD004979,PROD0119,5,1545.4,0.05
ORD010606,PROD0138,2,2041.26,0.15
ORD007955,PROD0231,3,1734.21,0.2
ORD004552,PROD0297,1,359.44,0.05
ORD009162,PROD0179,2,608.27,0.1
ORD009754,PROD0005,1,5350.44,0.05
ORD002912,PROD0165,5,1341.44,0.05
ORD017060,PROD0057,4,1480.61,0.05
ORD004390,PROD0248,2,581.51,0.05
ORD017241,PROD0230,3,1187.41,0.05
ORD010983,PROD0029,4,1224.14,0.0
ORD017823,PROD0056,3,1815.37,0.05
ORD003776,PROD0202,4,1039.91,0.1
ORD003795,PROD0287,1,1180.58,0.05
ORD008007,PROD0239,3,3878.85,0.0
ORD016088,PROD0096,5,830.36,0.05
ORD004901,PROD0246,4,484.36,0.2
ORD005445,PROD0180,1,374.36,0.1
ORD000899,PROD0269,2,528.68,0.15
ORD000620,PROD0228,5,1012.55,0.0
ORD001024,PROD0029,1,1224.14,0.05
ORD014338,PROD0109,2,315.2,0.15
ORD012888,PROD0087,4,2381.84,0.1
ORD006201,PROD0186,2,324.33,0.1
ORD013172,PROD0156,2,1302.29,0.05
ORD006703,PROD0105,1,813.74,0.15
ORD001338,PROD0159,2,2084.31,0.1
ORD009042,PROD0175,5,2260.04,0.1
ORD002803,PROD0193,3,3394.61,0.1
ORD004736,PROD0030,1,1536.54,0.05
ORD006919,PROD0102,4,1726.73,0.0
ORD016478,PROD0086,2,1292.77,0.15
ORD017302,PROD0012,5,2384.44,0.1
ORD017270,PROD0147,3,1277.67,0.0
ORD005936,PROD0292,2,526.18,0.15
ORD014042,PROD0115,3,1198.13,0.2
ORD009166,PROD0142,3,536.55,0.05
ORD003616,PROD0132,2,1663.98,0.1
ORD017827,PROD0133,2,737.29,0.15
ORD001686,PROD0298,3,392.05,0.1
ORD010926,PROD0037,3,1059.57,0.05
ORD002699,PROD0031,2,2790.09,0.0
ORD013309,PROD0242,5,1251.99,0.05
ORD000085,PROD0043,4,950.69,0.2
ORD015581,PROD0202,2,1039.91,0.05
ORD003710,PROD0089,2,390.25,0.1
ORD016716,PROD0265,4,709.86,0.0
ORD002191,PROD0052,2,1103.19,0.1
ORD014048,PROD0108,1,1195.6,0.1
ORD006906,PROD0181,4,218.55,0.15
ORD016602,PROD0289,5,1376.41,0.1
ORD011758,PROD0002,2,1122.65,0.0
ORD005984,PROD0023,2,529.99,0.1
ORD003978,PROD0272,5,834.67,0.05
ORD016948,PROD0176,5,890.34,0.0
ORD013869,PROD0248,5,581.51,0.15
ORD015539,PROD0214,1,285.7,0.1
ORD001017,PROD0132,1,1663.98,0.1
ORD000312,PROD0068,2,2579.6,0.2
ORD014702,PROD0195,4,525.15,0.0
ORD000338,PROD0108,4,1195.6,0.15
ORD005797,PROD0039,3,748.33,0.1
ORD012049,PROD0109,3,315.2,0.05
ORD009011,PROD0022,2,174.42,0.15
ORD013355,PROD0188,5,5555.06,0.0
ORD007564,PROD0164,3,1896.67,0.1
ORD014079,PROD0177,3,1733.37,0.15
ORD014358,PROD0089,1,390.25,0.1
ORD002052,PROD0289,5,1376.41,0.1
ORD002563,PROD0077,2,372.07,0.15
ORD014264,PROD0211,5,1092.8,0.0
ORD001835,PROD0147,2,1277.67,0.0
ORD008674,PROD0006,2,997.09,0.15
ORD007697,PROD0284,1,1551.66,0.0
ORD006662,PROD0193,3,3394.61,0.05
ORD005541,PROD0205,2,315.35,0.0
ORD006537,PROD0206,2,512.36,0.0
ORD013919,PROD0270,2,546.81,0.0
ORD007023,PROD0140,2,4498.4,0.15
ORD003501,PROD0081,5,2207.21,0.05
ORD005343,PROD0008,5,1428.37,0.15
ORD014383,PROD0078,1,1498.55,0.05
ORD008173,PROD0266,4,1066.97,0.1
ORD008464,PROD0080,3,1973.58,0.05
ORD017771,PROD0198,2,1910.21,0.05
ORD015112,PROD0088,4,255.81,0.1
ORD002987,PROD0254,4,1021.7,0.05
ORD001888,PROD0050,4,138.33,0.05
ORD014338,PROD0047,2,743.87,0.1
ORD002559,PROD0157,3,1342.68,0.1
ORD007728,PROD0009,3,419.4,0.0
ORD003318,PROD0241,2,215.23,0.0
ORD005753,PROD0066,1,705.54,0.1
ORD014755,PROD0227,1,663.99,0.1
ORD014523,PROD0054,4,1149.11,0.05
ORD014837,PROD0022,2,174.42,0.1
ORD006118,PROD0143,1,2026.75,0.1
ORD010691,PROD0121,5,1762.91,0.15
ORD005893,PROD0156,3,1302.29,0.05
ORD014770,PROD0032,5,1792.53,0.1
ORD008055,PROD0272,5,834.67,0.15
ORD005852,PROD0033,1,726.59,0.1
ORD003621,PROD0167,3,2511.68,0.05
ORD009259,PROD0014,5,596.75,0.1
ORD000670,PROD0295,3,450.65,0.2
ORD015472,PROD0199,5,919.06,0.2
ORD015577,PROD0020,3,2005.81,0.05
ORD015692,PROD0050,2,138.33,0.1
ORD009817,PROD0167,1,2511.68,0.05
ORD000811,PROD0264,2,409.67,0.05
ORD016310,PROD0030,3,1536.54,0.05
ORD011221,PROD0247,1,1013.19,0.05
ORD013913,PROD0231,1,1734.21,0.15
ORD010649,PROD0148,4,2479.32,0.0
ORD001969,PROD0028,2,740.62,0.15
ORD010281,PROD0151,5,938.09,0.05
ORD012673,PROD0073,1,3798.83,0.1
ORD016204,PROD0039,5,748.33,0.15
ORD014923,PROD0290,2,3732.41,0.1
ORD005880,PROD0150,4,1469.35,0.1
ORD017733,PROD0088,1,255.81,0.15
ORD014028,PROD0175,4,2260.04,0.0
ORD007140,PROD0018,4,1106.42,0.1
ORD009408,PROD0264,3,409.67,0.1
ORD001238,PROD0122,4,768.92,0.1
ORD010698,PROD0200,5,1906.63,0.0
ORD017297,PROD0043,4,950.69,0.05
ORD008120,PROD0093,3,2481.82,0.1
ORD009735,PROD0145,2,2107.82,0.0
ORD003409,PROD0245,1,258.37,0.15
ORD004667,PROD0278,2,1418.31,0.1
ORD002067,PROD0273,3,1884.45,0.0
ORD004346,PROD0250,5,468.3,0.0
ORD003649,PROD0068,1,2579.6,0.05
ORD006803,PROD0148,5,2479.32,0.0
ORD016121,PROD0174,2,1681.39,0.1
ORD008671,PROD0031,1,2790.09,0.15
ORD010423,PROD0259,5,272.42,0.1
ORD000277,PROD0022,1,174.42,0.0
ORD005818,PROD0126,2,648.87,0.0
ORD005999,PROD0181,5,218.55,0.0
ORD001377,PROD0054,1,1149.11,0.15
ORD005602,PROD0027,1,5305.88,0.15
ORD015826,PROD0287,5,1180.58,0.1
ORD003090,PROD0167,2,2511.68,0.0
ORD002906,PROD0057,3,1480.61,0.2
ORD015219,PROD0103,1,814.61,0.05
ORD013744,PROD0289,5,1376.41,0.2
ORD011662,PROD0060,5,511.57,0.0
ORD005591,PROD0148,5,2479.32,0.1
ORD003119,PROD0136,3,4655.74,0.15
ORD012809,PROD0076,4,1911.33,0.15
ORD011889,PROD0141,5,526.7,0.1
ORD006160,PROD0246,3,484.36,0.1
ORD008459,PROD0030,4,1536.54,0.0
ORD005420,PROD0049,3,474.29,0.0
ORD014321,PROD0186,5,324.33,0.0
ORD000451,PROD0002,1,1122.65,0.1
ORD010787,PROD0283,5,1585.65,0.1
ORD013815,PROD0135,3,1098.25,0.2
ORD014633,PROD0178,5,1006.65,0.15
ORD009377,PROD0219,2,1088.5,0.0
ORD005784,PROD0074,3,701.79,0.0
ORD004651,PROD0297,3,359.44,0.05
ORD009295,PROD0140,5,4498.4,0.2
ORD013541,PROD0077,3,372.07,0.0
ORD016934,PROD0120,3,3592.34,0.05
ORD000355,PROD0021,3,2017.39,0.05
ORD014642,PROD0229,5,251.37,0.0
ORD001289,PROD0270,5,546.81,0.05
ORD004076,PROD0022,5,174.42,0.0
ORD011010,PROD0006,5,997.09,0.2
ORD016245,PROD0122,4,768.92,0.1
ORD014723,PROD0172,1,3513.98,0.15
ORD015079,PROD0016,5,2382.58,0.15
ORD001715,PROD0226,3,322.28,0.0
ORD008893,PROD0300,3,2550.36,0.2
ORD011874,PROD0285,2,1253.77,0.1
ORD004611,PROD0021,5,2017.39,0.0
ORD011352,PROD0066,1,705.54,0.1
ORD005587,PROD0072,4,4756.76,0.0
ORD009333,PROD0292,1,526.18,0.1
ORD000043,PROD0131,2,719.35,0.1
ORD000927,PROD0241,1,215.23,0.1
ORD008695,PROD0041,5,566.23,0.0
ORD000834,PROD0229,2,251.37,0.15
ORD003327,PROD0092,3,2466.2,0.1
ORD000541,PROD0014,5,596.75,0.2
ORD000408,PROD0112,5,3157.32,0.0
ORD003547,PROD0168,2,1759.17,0.1
ORD000909,PROD0149,4,231.51,0.05
ORD011724,PROD0221,5,861.75,0.05
ORD005869,PROD0225,5,670.12,0.05
ORD007170,PROD0299,4,3528.34,0.0
ORD010318,PROD0197,1,774.0,0.2
ORD009521,PROD0286,2,722.33,0.15
ORD003147,PROD0298,4,392.05,0.15
ORD007418,PROD0024,1,3557.69,0.0
ORD012780,PROD0209,4,4636.93,0.2
ORD010009,PROD0193,5,3394.61,0.05
ORD009115,PROD0054,1,1149.11,0.05
ORD011433,PROD0234,1,1884.98,0.1
ORD010922,PROD0038,5,1310.24,0.05
ORD005380,PROD0193,3,3394.61,0.05
ORD014036,PROD0011,3,569.66,0.1
ORD015957,PROD0244,2,1140.3,0.0
ORD010769,PROD0183,3,606.73,0.05
ORD012749,PROD0229,4,251.37,0.0
ORD016943,PROD0131,5,719.35,0.05
ORD006454,PROD0139,4,624.58,0.05
ORD017112,PROD0138,1,2041.26,0.1
ORD011782,PROD0140,2,4498.4,0.15
ORD004254,PROD0296,4,605.83,0.0
ORD011904,PROD0039,3,748.33,0.0
ORD017900,PROD0016,5,2382.58,0.0
ORD005089,PROD0252,3,1091.64,0.0
ORD004193,PROD0263,5,754.46,0.0
ORD017077,PROD0252,3,1091.64,0.1
ORD003303,PROD0157,3,1342.68,0.15
ORD017396,PROD0203,2,1208.94,0.15
ORD001384,PROD0082,4,835.72,0.15
ORD011062,PROD0122,5,768.92,0.05
ORD016855,PROD0191,3,425.27,0.0
ORD002562,PROD0139,3,624.58,0.15
ORD002386,PROD0127,3,1166.2,0.15
ORD014558,PROD0284,1,1551.66,0.0
ORD015048,PROD0119,1,1545.4,0.05
ORD011959,PROD0046,3,423.5,0.05
ORD003739,PROD0003,1,2931.9,0.0
ORD010624,PROD0142,4,536.55,0.2
ORD016027,PROD0167,2,2511.68,0.15
ORD003912,PROD0025,4,585.99,0.1
ORD001446,PROD0163,3,703.11,0.05
ORD006786,PROD0286,4,722.33,0.2
ORD013912,PROD0095,4,853.11,0.05
ORD007272,PROD0122,3,768.92,0.1
ORD015237,PROD0231,4,1734.21,0.1
ORD010927,PROD0066,3,705.54,0.0
ORD013530,PROD0039,5,748.33,0.1
ORD013940,PROD0284,4,1551.66,0.0
ORD011459,PROD0192,2,2094.72,0.15
ORD016722,PROD0231,1,1734.21,0.05
ORD008845,PROD0131,4,719.35,0.1
ORD013397,PROD0084,1,787.16,0.0
ORD001050,PROD0074,2,701.79,0.1
ORD006097,PROD0220,4,1249.15,0.0
ORD017287,PROD0262,1,1081.48,0.05
ORD012188,PROD0164,4,1896.67,0.1
ORD005613,PROD0087,4,2381.84,0.0
ORD000231,PROD0020,2,2005.81,0.05
ORD004039,PROD0244,1,1140.3,0.2
ORD009526,PROD0121,1,1762.91,0.1
ORD016890,PROD0052,1,1103.19,0.0
ORD011141,PROD0265,3,709.86,0.05
ORD004022,PROD0105,4,813.74,0.0
ORD003321,PROD0075,4,993.75,0.2
ORD008888,PROD0134,5,938.67,0.1
ORD014709,PROD0043,2,950.69,0.0
ORD014491,PROD0017,2,5213.81,0.1
ORD011343,PROD0288,3,1099.87,0.0
ORD001130,PROD0267,1,1411.95,0.0
ORD010342,PROD0235,4,1069.09,0.0
ORD015446,PROD0154,1,611.42,0.05
ORD014095,PROD0146,1,2912.21,0.15
ORD003295,PROD0030,3,1536.54,0.0
ORD008470,PROD0192,2,2094.72,0.2
ORD000273,PROD0160,3,2652.37,0.0
ORD008341,PROD0057,1,1480.61,0.0
ORD012299,PROD0062,1,1731.8,0.0
ORD017695,PROD0250,3,468.3,0.05
ORD011001,PROD0142,4,536.55,0.2
ORD016215,PROD0103,3,814.61,0.0
ORD016419,PROD0012,2,2384.44,0.2
ORD004331,PROD0083,5,1558.0,0.15
ORD004631,PROD0050,2,138.33,0.1
ORD015075,PROD0073,2,3798.83,0.1
ORD002955,PROD0008,5,1428.37,0.05
ORD008621,PROD0259,5,272.42,0.0
ORD015244,PROD0139,5,624.58,0.1
ORD011766,PROD0048,2,2692.11,0.0
ORD005231,PROD0140,3,4498.4,0.15
ORD005144,PROD0245,2,258.37,0.05
ORD003419,PROD0004,3,1005.11,0.05
ORD012997,PROD0114,3,983.9,0.0
ORD003930,PROD0145,3,2107.82,0.1
ORD004222,PROD0285,4,1253.77,0.1
ORD002482,PROD0110,1,2045.64,0.1
ORD004594,PROD0062,1,1731.8,0.1
ORD015729,PROD0128,4,414.27,0.2
ORD008587,PROD0079,4,1557.75,0.1
ORD011756,PROD0140,4,4498.4,0.0
ORD015625,PROD0048,5,2692.11,0.0
ORD001368,PROD0166,1,655.43,0.15
ORD013976,PROD0121,2,1762.91,0.0
ORD008866,PROD0244,3,1140.3,0.1
ORD006357,PROD0215,4,496.9,0.05
ORD005837,PROD0205,1,315.35,0.2
ORD015793,PROD0114,4,983.9,0.1
ORD012650,PROD0178,2,1006.65,0.1
ORD011086,PROD0268,2,1593.82,0.05
ORD001517,PROD0215,3,496.9,0.1
ORD002530,PROD0282,3,1059.41,0.0
ORD015778,PROD0219,5,1088.5,0.1
ORD005493,PROD0113,4,495.12,0.05
ORD017789,PROD0065,3,298.49,0.05
ORD014898,PROD0003,5,2931.9,0.15
ORD012915,PROD0136,3,4655.74,0.0
ORD000026,PROD0254,1,1021.7,0.15
ORD013099,PROD0090,3,1416.42,0.0
ORD007639,PROD0158,1,1130.19,0.05
ORD010425,PROD0299,5,3528.34,0.0
ORD004191,PROD0017,5,5213.81,0.0
ORD012695,PROD0199,3,919.06,0.0
ORD008399,PROD0194,1,2044.13,0.05
ORD004478,PROD0248,5,581.51,0.05
ORD001582,PROD0134,1,938.67,0.0
ORD003008,PROD0231,5,1734.21,0.15
ORD009791,PROD0130,2,1402.05,0.0
ORD004955,PROD0124,4,7033.68,0.2
ORD001588,PROD0221,5,861.75,0.0
ORD001289,PROD0113,4,495.12,0.1
ORD017538,PROD0263,5,754.46,0.1
ORD006704,PROD0175,4,2260.04,0.05
ORD002720,PROD0030,2,1536.54,0.15
ORD001205,PROD0035,3,914.62,0.0
ORD002268,PROD0273,3,1884.45,0.1
ORD001812,PROD0125,5,1338.46,0.15
ORD001690,PROD0176,3,890.34,0.0
ORD014669,PROD0062,5,1731.8,0.05
ORD004973,PROD0099,5,550.57,0.2
ORD015315,PROD0263,3,754.46,0.05
ORD012307,PROD0115,1,1198.13,0.1
ORD007986,PROD0231,3,1734.21,0.15
ORD017248,PROD0183,5,606.73,0.15
ORD016062,PROD0229,4,251.37,0.05
ORD012135,PROD0166,5,655.43,0.1
ORD002384,PROD0245,4,258.37,0.1
ORD002695,PROD0039,4,748.33,0.15
ORD002061,PROD0157,1,1342.68,0.1
ORD004225,PROD0109,3,315.2,0.1
ORD003159,PROD0230,3,1187.41,0.05
ORD002942,PROD0207,2,4103.55,0.15
ORD013180,PROD0060,4,511.57,0.05
ORD007531,PROD0252,4,1091.64,0.0
ORD011552,PROD0194,1,2044.13,0.05
ORD013103,PROD0004,1,1005.11,0.2
ORD000717,PROD0020,3,2005.81,0.1
ORD001371,PROD0210,3,539.67,0.0
ORD015492,PROD0234,4,1884.98,0.05
ORD002221,PROD0198,2,1910.21,0.0
ORD006464,PROD0055,1,1758.65,0.1
ORD015519,PROD0046,5,423.5,0.05
ORD004585,PROD0047,1,743.87,0.1
ORD017258,PROD0086,5,1292.77,0.2
ORD011577,PROD0076,5,1911.33,0.0
ORD001555,PROD0210,3,539.67,0.1
ORD008379,PROD0288,5,1099.87,0.05
ORD011166,PROD0241,2,215.23,0.2
ORD003345,PROD0170,3,1486.76,0.0
ORD000191,PROD0140,3,4498.4,0.1
ORD003851,PROD0242,5,1251.99,0.2
ORD002219,PROD0238,4,1179.28,0.1
ORD004456,PROD0138,2,2041.26,0.05
ORD012306,PROD0144,3,1097.89,0.0
ORD008561,PROD0045,5,1204.82,0.15
ORD017195,PROD0169,4,2484.01,0.1
ORD005431,PROD0300,1,2550.36,0.05
ORD016131,PROD0186,4,324.33,0.15
ORD005186,PROD0183,1,606.73,0.1
ORD007459,PROD0213,3,475.42,0.1
ORD000654,PROD0281,4,5213.75,0.1
ORD009001,PROD0268,2,1593.82,0.1
ORD002768,PROD0191,5,425.27,0.05
ORD008806,PROD0015,5,768.6,0.0
ORD008976,PROD0069,1,6450.78,0.05
ORD008735,PROD0209,5,4636.93,0.0
ORD005220,PROD0157,3,1342.68,0.2
ORD012794,PROD0248,3,581.51,0.1
ORD014892,PROD0075,2,993.75,0.15
ORD017088,PROD0129,1,2715.49,0.15
ORD011660,PROD0204,2,1064.24,0.15
ORD014985,PROD0192,1,2094.72,0.0
ORD008412,PROD0074,4,701.79,0.0
ORD005867,PROD0145,2,2107.82,0.0
ORD008043,PROD0207,2,4103.55,0.0
ORD015314,PROD0255,4,2724.93,0.05
ORD015724,PROD0114,2,983.9,0.05
ORD002413,PROD0200,4,1906.63,0.0
ORD008811,PROD0278,3,1418.31,0.05
ORD017170,PROD0135,2,1098.25,0.15
ORD000494,PROD0073,4,3798.83,0.05
ORD010096,PROD0259,4,272.42,0.1
ORD017673,PROD0184,2,734.18,0.15
ORD003326,PROD0192,2,2094.72,0.0
ORD000177,PROD0265,5,709.86,0.1
ORD001733,PROD0075,1,993.75,0.0
ORD005176,PROD0050,5,138.33,0.1
ORD002301,PROD0071,1,1519.69,0.1
ORD015043,PROD0008,1,1428.37,0.0
ORD016811,PROD0075,4,993.75,0.1
ORD008551,PROD0113,5,495.12,0.05
ORD013648,PROD0177,2,1733.37,0.05
ORD017383,PROD0152,2,3664.43,0.1
ORD008890,PROD0078,5,1498.55,0.15
ORD013836,PROD0263,3,754.46,0.0
ORD003681,PROD0296,1,605.83,0.15
ORD001239,PROD0179,4,608.27,0.0
ORD007062,PROD0162,3,377.71,0.05
ORD004165,PROD0181,4,218.55,0.15
ORD006719,PROD0067,3,1836.4,0.1
ORD017070,PROD0161,4,1467.22,0.15
ORD007918,PROD0246,5,484.36,0.0
ORD007147,PROD0242,2,1251.99,0.15
ORD003436,PROD0106,2,770.07,0.15
ORD014149,PROD0253,4,3782.92,0.0
ORD007849,PROD0197,1,774.0,0.2
ORD004270,PROD0296,3,605.83,0.05
ORD004200,PROD0110,4,2045.64,0.0
ORD014618,PROD0138,3,2041.26,0.2
ORD013515,PROD0014,3,596.75,0.15
ORD015231,PROD0125,4,1338.46,0.05
ORD016391,PROD0051,1,257.94,0.1
ORD013052,PROD0219,1,1088.5,0.2
ORD000602,PROD0281,2,5213.75,0.1
ORD015619,PROD0122,1,768.92,0.1
ORD016243,PROD0022,1,174.42,0.05
ORD000991,PROD0036,1,2265.4,0.2
ORD014562,PROD0283,2,1585.65,0.2
ORD007195,PROD0238,5,1179.28,0.2
ORD014717,PROD0021,4,2017.39,0.0
ORD012653,PROD0134,4,938.67,0.05
ORD005883,PROD0136,5,4655.74,0.1
ORD011505,PROD0062,4,1731.8,0.15
ORD017541,PROD0223,1,1507.47,0.2
ORD017746,PROD0115,1,1198.13,0.05
ORD007999,PROD0208,4,1605.39,0.0
ORD010468,PROD0035,4,914.62,0.1
ORD006390,PROD0282,1,1059.41,0.2
ORD005232,PROD0074,5,701.79,0.0
ORD013590,PROD0254,5,1021.7,0.0
ORD004150,PROD0216,5,2535.43,0.2
ORD011496,PROD0260,4,2453.91,0.0
ORD016829,PROD0071,3,1519.69,0.05
ORD017282,PROD0132,4,1663.98,0.1
ORD002804,PROD0105,4,813.74,0.15
ORD013918,PROD0016,2,2382.58,0.1
ORD008974,PROD0269,2,528.68,0.05
ORD000577,PROD0227,1,663.99,0.1
ORD015309,PROD0178,5,1006.65,0.1
ORD015590,PROD0003,4,2931.9,0.1
ORD000701,PROD0095,5,853.11,0.15
ORD003744,PROD0232,1,480.05,0.0
ORD015863,PROD0038,2,1310.24,0.05
ORD014325,PROD0195,1,525.15,0.05
ORD011213,PROD0295,3,450.65,0.2
ORD006469,PROD0185,3,592.37,0.05
ORD016209,PROD0055,5,1758.65,0.0
ORD009377,PROD0016,5,2382.58,0.05
ORD016135,PROD0231,3,1734.21,0.05
ORD009633,PROD0123,3,2787.07,0.15
ORD002797,PROD0072,5,4756.76,0.1
ORD012077,PROD0252,3,1091.64,0.1
ORD011237,PROD0249,1,4012.64,0.1
ORD017912,PROD0204,5,1064.24,0.0
ORD010379,PROD0293,5,1136.47,0.0
ORD014309,PROD0002,3,1122.65,0.0
ORD000164,PROD0197,3,774.0,0.2
ORD010461,PROD0191,2,425.27,0.15
ORD015091,PROD0139,2,624.58,0.1
ORD005935,PROD0252,1,1091.64,0.0
ORD007968,PROD0146,4,2912.21,0.2
ORD003669,PROD0177,3,1733.37,0.05
ORD009138,PROD0216,2,2535.43,0.1
ORD010418,PROD0212,4,936.47,0.0
ORD005407,PROD0142,1,536.55,0.15
ORD005865,PROD0117,3,1622.14,0.05
ORD012652,PROD0081,5,2207.21,0.15
ORD000142,PROD0025,3,585.99,0.1
ORD006462,PROD0295,5,450.65,0.0
ORD012419,PROD0030,2,1536.54,0.0
ORD013502,PROD0227,3,663.99,0.0
ORD012837,PROD0277,5,668.68,0.0
ORD008345,PROD0072,4,4756.76,0.1
ORD002177,PROD0171,3,619.82,0.0
ORD015744,PROD0221,3,861.75,0.0
ORD004815,PROD0223,5,1507.47,0.0
ORD004740,PROD0189,5,260.5,0.05
ORD013441,PROD0233,4,865.79,0.1
ORD016040,PROD0104,4,917.71,0.0
ORD011144,PROD0020,5,2005.81,0.05
ORD001136,PROD0280,1,239.29,0.15
ORD017579,PROD0064,4,706.46,0.0
ORD006955,PROD0065,3,298.49,0.05
ORD005085,PROD0281,4,5213.75,0.0
ORD012421,PROD0185,4,592.37,0.1
ORD014981,PROD0233,2,865.79,0.2
ORD013694,PROD0073,5,3798.83,0.0
ORD007665,PROD0175,2,2260.04,0.1
ORD017597,PROD0079,3,1557.75,0.0
ORD001756,PROD0288,5,1099.87,0.2
ORD002572,PROD0213,5,475.42,0.0
ORD008627,PROD0236,3,1243.22,0.05
ORD011363,PROD0207,5,4103.55,0.1
ORD009910,PROD0002,1,1122.65,0.1
ORD003669,PROD0262,5,1081.48,0.05
ORD000081,PROD0067,3,1836.4,0.1
ORD017840,PROD0070,1,2065.33,0.0
ORD013302,PROD0290,4,3732.41,0.0
ORD015920,PROD0131,5,719.35,0.15
ORD015367,PROD0293,2,1136.47,0.05
ORD013627,PROD0182,3,1491.37,0.05
ORD004592,PROD0230,3,1187.41,0.0
ORD017723,PROD0278,5,1418.31,0.15
ORD010978,PROD0134,1,938.67,0.1
ORD010241,PROD0166,5,655.43,0.1
ORD001300,PROD0134,2,938.67,0.05
ORD005466,PROD0034,5,1106.13,0.0
ORD010205,PROD0233,4,865.79,0.1
ORD016384,PROD0134,2,938.67,0.1
ORD006160,PROD0128,5,414.27,0.0
ORD012937,PROD0040,2,5448.94,0.0
ORD003040,PROD0016,4,2382.58,0.2
ORD004287,PROD0066,2,705.54,0.05
ORD000060,PROD0010,5,1326.68,0.2
ORD015706,PROD0158,3,1130.19,0.1
ORD009223,PROD0161,2,1467.22,0.0
ORD008883,PROD0068,1,2579.6,0.05
ORD008762,PROD0039,3,748.33,0.1
ORD002695,PROD0004,2,1005.11,0.2
ORD016328,PROD0100,3,1535.02,0.2
ORD003254,PROD0025,4,585.99,0.05
ORD002212,PROD0015,3,768.6,0.0
ORD001624,PROD0134,1,938.67,0.1
ORD009545,PROD0069,5,6450.78,0.0
ORD016414,PROD0076,2,1911.33,0.1
ORD015391,PROD0171,3,619.82,0.1
ORD012476,PROD0183,1,606.73,0.05
ORD010375,PROD0138,2,2041.26,0.0
ORD003006,PROD0024,2,3557.69,0.2
ORD005383,PROD0298,3,392.05,0.05
ORD017161,PROD0084,2,787.16,0.1
ORD003752,PROD0249,4,4012.64,0.1
ORD009653,PROD0066,5,705.54,0.2
ORD017465,PROD0206,2,512.36,0.1
ORD004869,PROD0138,4,2041.26,0.15
ORD003481,PROD0149,3,231.51,0.05
ORD012875,PROD0181,3,218.55,0.0
ORD006948,PROD0197,2,774.0,0.05
ORD009114,PROD0057,3,1480.61,0.15
ORD013946,PROD0278,4,1418.31,0.1
ORD012089,PROD0050,4,138.33,0.1
ORD002935,PROD0200,1,1906.63,0.1
ORD000805,PROD0136,4,4655.74,0.0
ORD011781,PROD0208,3,1605.39,0.05
ORD012650,PROD0219,1,1088.5,0.1
ORD010629,PROD0285,4,1253.77,0.05
ORD012780,PROD0126,1,648.87,0.2
ORD000368,PROD0166,5,655.43,0.0
ORD008369,PROD0105,3,813.74,0.1
ORD015686,PROD0074,2,701.79,0.15
ORD011176,PROD0154,5,611.42,0.1
ORD006980,PROD0185,2,592.37,0.05
ORD006693,PROD0281,4,5213.75,0.0
ORD000122,PROD0049,4,474.29,0.15
ORD012829,PROD0249,3,4012.64,0.0
ORD001427,PROD0074,5,701.79,0.1
ORD000251,PROD0042,2,5997.9,0.05
ORD011377,PROD0246,5,484.36,0.15
ORD003938,PROD0277,5,668.68,0.05
ORD016814,PROD0027,4,5305.88,0.05
ORD016811,PROD0080,3,1973.58,0.05
ORD016075,PROD0063,3,453.52,0.0
ORD002797,PROD0179,5,608.27,0.2
ORD014827,PROD0160,3,2652.37,0.1
ORD001692,PROD0012,5,2384.44,0.0
ORD000651,PROD0232,4,480.05,0.05
ORD012999,PROD0073,2,3798.83,0.05
ORD014407,PROD0171,3,619.82,0.05
ORD000683,PROD0093,2,2481.82,0.1
ORD010864,PROD0298,2,392.05,0.05
ORD014584,PROD0075,4,993.75,0.2
ORD014242,PROD0283,1,1585.65,0.05
ORD003720,PROD0062,1,1731.8,0.15
ORD007936,PROD0202,3,1039.91,0.15
ORD004943,PROD0014,4,596.75,0.15
ORD016952,PROD0002,5,1122.65,0.05
ORD010897,PROD0018,4,1106.42,0.0
ORD011525,PROD0160,1,2652.37,0.15
ORD007186,PROD0043,5,950.69,0.05
ORD001059,PROD0239,1,3878.85,0.05
ORD007986,PROD0157,4,1342.68,0.0
ORD001607,PROD0069,5,6450.78,0.15
ORD016969,PROD0095,3,853.11,0.15
ORD006870,PROD0125,4,1338.46,0.0
ORD003186,PROD0292,4,526.18,0.1
ORD007469,PROD0064,1,706.46,0.0
ORD012374,PROD0225,1,670.12,0.15
ORD017010,PROD0155,2,383.07,0.0
ORD002852,PROD0129,2,2715.49,0.05
ORD011511,PROD0029,4,1224.14,0.0
ORD000990,PROD0082,4,835.72,0.1
ORD017654,PROD0217,2,748.27,0.1
ORD017659,PROD0288,5,1099.87,0.15
ORD006155,PROD0130,2,1402.05,0.1
ORD014167,PROD0228,5,1012.55,0.05
ORD005382,PROD0144,3,1097.89,0.2
ORD017660,PROD0209,1,4636.93,0.1
ORD002929,PROD0052,2,1103.19,0.15
ORD011184,PROD0282,3,1059.41,0.05
ORD002267,PROD0001,1,2228.63,0.1
ORD014727,PROD0152,5,3664.43,0.0
ORD008354,PROD0028,4,740.62,0.1
ORD014569,PROD0033,5,726.59,0.2
ORD006399,PROD0230,4,1187.41,0.05
ORD000228,PROD0298,2,392.05,0.0
ORD010122,PROD0139,2,624.58,0.15
ORD006227,PROD0062,1,1731.8,0.05
ORD007308,PROD0256,5,895.23,0.0
ORD012192,PROD0100,2,1535.02,0.1
ORD007902,PROD0134,1,938.67,0.15
ORD011884,PROD0010,5,1326.68,0.1
ORD006809,PROD0049,4,474.29,0.0
ORD010891,PROD0268,1,1593.82,0.2
ORD017757,PROD0115,4,1198.13,0.05
ORD012420,PROD0166,2,655.43,0.1
ORD002275,PROD0077,3,372.07,0.15
ORD000946,PROD0080,3,1973.58,0.05
ORD002767,PROD0084,5,787.16,0.15
ORD001806,PROD0146,3,2912.21,0.1
ORD010185,PROD0194,4,2044.13,0.0
ORD009213,PROD0081,4,2207.21,0.1
ORD000305,PROD0207,5,4103.55,0.1
ORD010089,PROD0129,5,2715.49,0.1
ORD015521,PROD0101,5,3596.1,0.05
ORD009954,PROD0140,2,4498.4,0.15
ORD014406,PROD0144,4,1097.89,0.2
ORD008315,PROD0041,5,566.23,0.1
ORD010459,PROD0150,5,1469.35,0.15
ORD017221,PROD0243,2,4498.92,0.0
ORD007069,PROD0049,2,474.29,0.0
ORD012422,PROD0246,5,484.36,0.0
ORD000800,PROD0262,2,1081.48,0.1
ORD016561,PROD0112,5,3157.32,0.05
ORD014041,PROD0294,2,608.79,0.05
ORD007097,PROD0160,5,2652.37,0.05
ORD008582,PROD0281,1,5213.75,0.1
ORD010600,PROD0115,2,1198.13,0.15
ORD004788,PROD0239,1,3878.85,0.05
ORD011249,PROD0290,4,3732.41,0.0
ORD017279,PROD0097,2,2244.75,0.0
ORD015378,PROD0037,5,1059.57,0.05
ORD017400,PROD0135,3,1098.25,0.1
ORD007716,PROD0228,3,1012.55,0.15
ORD004505,PROD0091,1,402.26,0.0
ORD008560,PROD0058,1,5552.05,0.2
ORD004500,PROD0096,2,830.36,0.0
ORD009705,PROD0148,4,2479.32,0.05
ORD009294,PROD0035,5,914.62,0.05
ORD008301,PROD0077,4,372.07,0.0
ORD000201,PROD0210,2,539.67,0.2
ORD017508,PROD0275,1,1740.08,0.05
ORD006074,PROD0139,5,624.58,0.1
ORD012672,PROD0052,4,1103.19,0.0
ORD005087,PROD0185,1,592.37,0.15
ORD009966,PROD0141,1,526.7,0.15
ORD007795,PROD0076,5,1911.33,0.0
ORD005697,PROD0182,1,1491.37,0.1
ORD001521,PROD0273,4,1884.45,0.0
ORD007489,PROD0007,3,838.82,0.2
ORD011238,PROD0147,3,1277.67,0.05
ORD014023,PROD0134,4,938.67,0.0
ORD000211,PROD0170,1,1486.76,0.05
ORD004478,PROD0104,2,917.71,0.05
ORD011854,PROD0158,1,1130.19,0.05
ORD013408,PROD0227,1,663.99,0.05
ORD001416,PROD0168,5,1759.17,0.1
ORD009139,PROD0068,2,2579.6,0.1
ORD003259,PROD0107,1,416.19,0.0
ORD001909,PROD0261,2,1950.36,0.05
ORD008817,PROD0277,2,668.68,0.0
ORD004297,PROD0105,1,813.74,0.2
ORD004462,PROD0129,5,2715.49,0.15
ORD001667,PROD0063,1,453.52,0.1
ORD015830,PROD0056,3,1815.37,0.0
ORD003597,PROD0241,2,215.23,0.05
ORD009419,PROD0267,5,1411.95,0.05
ORD010583,PROD0010,3,1326.68,0.05
ORD009663,PROD0209,3,4636.93,0.2
ORD016654,PROD0103,2,814.61,0.1
ORD011225,PROD0291,3,859.37,0.05
ORD000259,PROD0031,5,2790.09,0.0
ORD003849,PROD0116,3,435.35,0.05
ORD010559,PROD0156,4,1302.29,0.0
ORD008205,PROD0218,1,852.15,0.15
ORD010713,PROD0012,1,2384.44,0.0
ORD000101,PROD0036,1,2265.4,0.0
ORD008496,PROD0242,1,1251.99,0.05
ORD007097,PROD0235,3,1069.09,0.1
ORD003169,PROD0218,1,852.15,0.0
ORD016971,PROD0069,4,6450.78,0.05
ORD008431,PROD0209,3,4636.93,0.0
ORD000344,PROD0137,3,445.2,0.15
ORD003139,PROD0080,3,1973.58,0.05
ORD002574,PROD0044,5,2277.54,0.05
ORD014927,PROD0014,5,596.75,0.1
ORD005285,PROD0203,2,1208.94,0.05
ORD015395,PROD0053,3,499.98,0.05
ORD017964,PROD0100,1,1535.02,0.0
ORD017852,PROD0176,4,890.34,0.05
ORD006866,PROD0256,4,895.23,0.15
ORD007973,PROD0182,3,1491.37,0.1
ORD002693,PROD0003,5,2931.9,0.05
ORD006780,PROD0119,5,1545.4,0.15
ORD003262,PROD0246,3,484.36,0.15
ORD003563,PROD0054,1,1149.11,0.05
ORD004821,PROD0004,1,1005.11,0.1
ORD016338,PROD0128,5,414.27,0.0
ORD003768,PROD0095,3,853.11,0.15
ORD013279,PROD0043,2,950.69,0.0
ORD000514,PROD0194,3,2044.13,0.1
ORD006312,PROD0078,3,1498.55,0.0
ORD011348,PROD0230,5,1187.41,0.15
ORD012003,PROD0198,2,1910.21,0.0
ORD004306,PROD0217,2,748.27,0.2
ORD005324,PROD0296,2,605.83,0.05
ORD014718,PROD0158,1,1130.19,0.1
ORD013297,PROD0279,3,1760.62,0.15
ORD007820,PROD0035,5,914.62,0.0
ORD015135,PROD0073,4,3798.83,0.15
ORD014973,PROD0122,1,768.92,0.05
ORD004324,PROD0010,5,1326.68,0.0
ORD017007,PROD0109,5,315.2,0.15
ORD015071,PROD0110,3,2045.64,0.05
ORD006779,PROD0141,2,526.7,0.15
ORD007598,PROD0014,4,596.75,0.0
ORD016086,PROD0110,5,2045.64,0.1
ORD009536,PROD0224,1,4037.97,0.1
ORD006195,PROD0032,1,1792.53,0.15
ORD000417,PROD0026,3,926.18,0.1
ORD010268,PROD0051,2,257.94,0.05
ORD016067,PROD0292,5,526.18,0.1
ORD001452,PROD0059,5,3884.69,0.15
ORD016353,PROD0232,2,480.05,0.15
ORD004016,PROD0104,4,917.71,0.15
ORD000809,PROD0141,5,526.7,0.1
ORD017576,PROD0144,3,1097.89,0.15
ORD017087,PROD0053,1,499.98,0.0
ORD017302,PROD0158,2,1130.19,0.2
ORD010316,PROD0064,2,706.46,0.1
ORD009885,PROD0159,2,2084.31,0.1
ORD010019,PROD0107,5,416.19,0.1
ORD005689,PROD0022,4,174.42,0.0
ORD011308,PROD0172,4,3513.98,0.15
ORD004131,PROD0082,2,835.72,0.05
ORD016211,PROD0228,1,1012.55,0.2
ORD016236,PROD0026,5,926.18,0.0
ORD017980,PROD0232,5,480.05,0.0
ORD015124,PROD0249,3,4012.64,0.05
ORD017117,PROD0193,2,3394.61,0.05
ORD017890,PROD0137,3,445.2,0.05
ORD002460,PROD0226,5,322.28,0.0
ORD007423,PROD0205,5,315.35,0.0
ORD007191,PROD0177,2,1733.37,0.0
ORD017941,PROD0079,5,1557.75,0.1
ORD014131,PROD0076,3,1911.33,0.0
ORD000358,PROD0188,4,5555.06,0.1
ORD013181,PROD0147,4,1277.67,0.1
ORD008576,PROD0271,1,1034.8,0.1
ORD014981,PROD0283,2,1585.65,0.05
ORD013463,PROD0237,5,1008.9,0.1
ORD011623,PROD0300,5,2550.36,0.1
ORD012514,PROD0119,3,1545.4,0.0
ORD005939,PROD0167,1,2511.68,0.1
ORD002995,PROD0196,1,624.67,0.0
ORD002402,PROD0106,3,770.07,0.15
ORD015371,PROD0274,2,356.93,0.0
ORD004517,PROD0246,3,484.36,0.0
ORD014042,PROD0285,5,1253.77,0.1
ORD003613,PROD0030,5,1536.54,0.15
ORD009194,PROD0025,4,585.99,0.2
ORD003790,PROD0286,1,722.33,0.1
ORD014318,PROD0168,4,1759.17,0.15
ORD010100,PROD0288,2,1099.87,0.05
ORD015655,PROD0285,2,1253.77,0.1
ORD006271,PROD0228,1,1012.55,0.15
ORD003204,PROD0139,1,624.58,0.1
ORD009403,PROD0104,1,917.71,0.15
ORD009560,PROD0172,2,3513.98,0.05
ORD003417,PROD0221,2,861.75,0.05
ORD013556,PROD0162,4,377.71,0.05
ORD004845,PROD0207,4,4103.55,0.1
ORD015681,PROD0215,4,496.9,0.15
ORD015781,PROD0034,4,1106.13,0.05
ORD005846,PROD0028,4,740.62,0.05
ORD014123,PROD0188,4,5555.06,0.0
ORD007766,PROD0247,2,1013.19,0.05
ORD001849,PROD0054,3,1149.11,0.2
ORD017685,PROD0027,4,5305.88,0.15
ORD002785,PROD0174,2,1681.39,0.15
ORD009580,PROD0136,2,4655.74,0.15
ORD014489,PROD0029,4,1224.14,0.2
ORD013023,PROD0275,2,1740.08,0.05
ORD006023,PROD0032,5,1792.53,0.1
ORD017438,PROD0050,1,138.33,0.05
ORD006381,PROD0007,2,838.82,0.1
ORD010825,PROD0244,4,1140.3,0.05
ORD017176,PROD0219,5,1088.5,0.2
ORD000333,PROD0147,3,1277.67,0.15
ORD007613,PROD0196,5,624.67,0.15
ORD016225,PROD0108,3,1195.6,0.0
ORD004414,PROD0027,2,5305.88,0.2
ORD016975,PROD0037,1,1059.57,0.2
ORD000882,PROD0078,2,1498.55,0.15
ORD001812,PROD0008,2,1428.37,0.15
ORD003541,PROD0257,1,994.46,0.0
ORD009811,PROD0214,2,285.7,0.1
ORD009457,PROD0260,5,2453.91,0.1
ORD011411,PROD0211,5,1092.8,0.05
ORD010290,PROD0023,2,529.99,0.0
ORD016126,PROD0255,5,2724.93,0.0
ORD009033,PROD0018,5,1106.42,0.05
ORD002609,PROD0187,4,2575.23,0.0
ORD004298,PROD0207,1,4103.55,0.2
ORD012212,PROD0128,5,414.27,0.15
ORD014756,PROD0121,3,1762.91,0.1
ORD006437,PROD0152,4,3664.43,0.0
ORD008230,PROD0013,3,2230.9,0.05
ORD013385,PROD0039,5,748.33,0.0
ORD010091,PROD0201,3,1107.62,0.0
ORD016795,PROD0130,2,1402.05,0.1
ORD017284,PROD0074,2,701.79,0.15
ORD004446,PROD0267,1,1411.95,0.1
ORD006935,PROD0199,3,919.06,0.0
ORD010339,PROD0055,4,1758.65,0.1
ORD002823,PROD0247,1,1013.19,0.15
ORD006540,PROD0008,1,1428.37,0.0
ORD011416,PROD0105,4,813.74,0.0
ORD012315,PROD0217,5,748.27,0.05
ORD008445,PROD0256,4,895.23,0.1
ORD003862,PROD0025,5,585.99,0.05
ORD004291,PROD0004,3,1005.11,0.2
ORD009614,PROD0067,1,1836.4,0.0
ORD017325,PROD0007,5,838.82,0.15
ORD007432,PROD0300,5,2550.36,0.05
ORD004429,PROD0278,2,1418.31,0.0
ORD016953,PROD0210,4,539.67,0.1
ORD008267,PROD0017,4,5213.81,0.0
ORD007530,PROD0136,3,4655.74,0.1
ORD008467,PROD0042,4,5997.9,0.15
ORD016253,PROD0246,1,484.36,0.0
ORD013137,PROD0040,3,5448.94,0.1
ORD012481,PROD0200,1,1906.63,0.0
ORD003911,PROD0220,3,1249.15,0.15
ORD000587,PROD0149,3,231.51,0.15
ORD001249,PROD0107,2,416.19,0.15
ORD005222,PROD0163,1,703.11,0.05
ORD010601,PROD0261,2,1950.36,0.05
ORD006369,PROD0084,1,787.16,0.05
ORD002485,PROD0009,1,419.4,0.15
ORD005843,PROD0010,2,1326.68,0.05
ORD011020,PROD0030,1,1536.54,0.1
ORD011809,PROD0062,2,1731.8,0.1
ORD003316,PROD0258,5,814.14,0.05
ORD000670,PROD0001,2,2228.63,0.15
ORD008185,PROD0205,3,315.35,0.1
ORD001943,PROD0171,1,619.82,0.05
ORD013207,PROD0117,3,1622.14,0.05
ORD010910,PROD0161,3,1467.22,0.15
ORD016349,PROD0261,1,1950.36,0.05
ORD012711,PROD0122,1,768.92,0.15
ORD004233,PROD0124,1,7033.68,0.05
ORD016832,PROD0002,1,1122.65,0.0
ORD002989,PROD0230,1,1187.41,0.05
ORD000421,PROD0209,4,4636.93,0.05
ORD012370,PROD0009,1,419.4,0.2
ORD017023,PROD0272,1,834.67,0.2
ORD013472,PROD0158,5,1130.19,0.1
ORD014368,PROD0264,1,409.67,0.0
ORD017017,PROD0271,5,1034.8,0.1
ORD006888,PROD0013,5,2230.9,0.05
ORD007491,PROD0271,1,1034.8,0.0
ORD017775,PROD0117,4,1622.14,0.1
ORD000458,PROD0299,4,3528.34,0.05
ORD007015,PROD0202,5,1039.91,0.05
ORD008256,PROD0259,3,272.42,0.2
ORD004064,PROD0161,1,1467.22,0.0
ORD016657,PROD0219,1,1088.5,0.2
ORD011924,PROD0271,1,1034.8,0.1
ORD008428,PROD0136,3,4655.74,0.05
ORD016606,PROD0135,4,1098.25,0.05
ORD016185,PROD0030,1,1536.54,0.0
ORD013444,PROD0275,2,1740.08,0.15
ORD011476,PROD0014,2,596.75,0.0
ORD015848,PROD0286,3,722.33,0.15
ORD016746,PROD0019,2,2132.91,0.15
ORD010711,PROD0120,1,3592.34,0.15
ORD003238,PROD0148,5,2479.32,0.2
ORD014997,PROD0140,2,4498.4,0.1
ORD000213,PROD0046,4,423.5,0.15
ORD002925,PROD0057,4,1480.61,0.1
ORD009339,PROD0019,3,2132.91,0.2
ORD006643,PROD0251,3,1056.88,0.05
ORD016145,PROD0141,1,526.7,0.05
ORD007296,PROD0292,2,526.18,0.1
ORD004173,PROD0024,1,3557.69,0.1
ORD000417,PROD0241,5,215.23,0.1
ORD002299,PROD0106,1,770.07,0.0
ORD000984,PROD0151,1,938.09,0.05
ORD007398,PROD0189,5,260.5,0.0
ORD004451,PROD0105,3,813.74,0.0
ORD004522,PROD0039,1,748.33,0.2
ORD010466,PROD0037,2,1059.57,0.0
ORD014763,PROD0020,2,2005.81,0.15
ORD011536,PROD0026,1,926.18,0.0
ORD004384,PROD0254,5,1021.7,0.05
ORD013612,PROD0120,1,3592.34,0.1
ORD009669,PROD0204,3,1064.24,0.2
ORD005808,PROD0217,2,748.27,0.15
ORD003249,PROD0055,2,1758.65,0.2
ORD008871,PROD0058,5,5552.05,0.2
ORD017532,PROD0233,2,865.79,0.15
ORD016093,PROD0268,1,1593.82,0.0
ORD014024,PROD0035,4,914.62,0.0
ORD016107,PROD0256,1,895.23,0.2
ORD003293,PROD0015,4,768.6,0.1
ORD003436,PROD0047,4,743.87,0.0
ORD001062,PROD0082,4,835.72,0.1
ORD007405,PROD0281,1,5213.75,0.05
ORD011588,PROD0232,3,480.05,0.0
ORD011176,PROD0133,2,737.29,0.05
ORD007135,PROD0128,1,414.27,0.05
ORD013072,PROD0207,4,4103.55,0.1
ORD017535,PROD0125,1,1338.46,0.15
ORD015885,PROD0109,5,315.2,0.2
ORD009716,PROD0241,5,215.23,0.1
ORD017526,PROD0051,1,257.94,0.05
ORD013674,PROD0087,4,2381.84,0.15
ORD008473,PROD0131,2,719.35,0.1
ORD005958,PROD0113,2,495.12,0.05
ORD010043,PROD0146,5,2912.21,0.1
ORD005205,PROD0008,4,1428.37,0.15
ORD017037,PROD0122,1,768.92,0.15
ORD001623,PROD0225,5,670.12,0.0
ORD007566,PROD0172,2,3513.98,0.0
ORD002180,PROD0050,1,138.33,0.0
ORD017069,PROD0049,2,474.29,0.1
ORD003206,PROD0066,4,705.54,0.0
ORD003032,PROD0168,5,1759.17,0.15
ORD004156,PROD0144,3,1097.89,0.15
ORD003357,PROD0232,4,480.05,0.2
ORD000753,PROD0100,5,1535.02,0.15
ORD013428,PROD0012,3,2384.44,0.0
ORD014361,PROD0256,4,895.23,0.15
ORD001216,PROD0252,4,1091.64,0.1
ORD007135,PROD0175,1,2260.04,0.2
ORD012948,PROD0009,2,419.4,0.1
ORD002855,PROD0279,1,1760.62,0.1
ORD009368,PROD0063,1,453.52,0.0
ORD007485,PROD0181,5,218.55,0.05
ORD003980,PROD0055,2,1758.65,0.2
ORD008588,PROD0255,3,2724.93,0.1
ORD009792,PROD0110,5,2045.64,0.05
ORD009588,PROD0137,4,445.2,0.05
ORD000376,PROD0106,1,770.07,0.1
ORD000407,PROD0159,2,2084.31,0.1
ORD016800,PROD0261,2,1950.36,0.1
ORD005615,PROD0094,5,1585.84,0.0
ORD001860,PROD0119,5,1545.4,0.1
ORD016685,PROD0085,1,2361.96,0.1
ORD005276,PROD0221,2,861.75,0.05
ORD008545,PROD0180,4,374.36,0.05
ORD008090,PROD0161,5,1467.22,0.0
ORD006145,PROD0209,4,4636.93,0.0
ORD005533,PROD0099,2,550.57,0.0
ORD009368,PROD0169,1,2484.01,0.05
ORD004016,PROD0017,2,5213.81,0.1
ORD009660,PROD0052,1,1103.19,0.2
ORD011762,PROD0011,1,569.66,0.1
ORD015491,PROD0048,5,2692.11,0.1
ORD005282,PROD0031,3,2790.09,0.2
ORD010864,PROD0120,4,3592.34,0.05
ORD004277,PROD0249,5,4012.64,0.05
ORD013004,PROD0120,1,3592.34,0.05
ORD011356,PROD0045,3,1204.82,0.05
ORD000428,PROD0256,1,895.23,0.1
ORD009797,PROD0007,2,838.82,0.15
ORD012150,PROD0093,2,2481.82,0.2
ORD007909,PROD0106,5,770.07,0.1
ORD007268,PROD0062,5,1731.8,0.15
ORD009045,PROD0102,1,1726.73,0.1
ORD008488,PROD0276,5,1150.97,0.05
ORD014447,PROD0060,5,511.57,0.15
ORD001202,PROD0235,2,1069.09,0.2
ORD006112,PROD0299,2,3528.34,0.0
ORD000153,PROD0242,3,1251.99,0.15
ORD003752,PROD0053,5,499.98,0.1
ORD001729,PROD0097,2,2244.75,0.2
ORD012162,PROD0233,2,865.79,0.1
ORD013970,PROD0235,2,1069.09,0.2
ORD007869,PROD0235,3,1069.09,0.0
ORD007788,PROD0162,5,377.71,0.0
ORD005410,PROD0253,4,3782.92,0.05
ORD014859,PROD0067,2,1836.4,0.1
ORD002072,PROD0292,1,526.18,0.05
ORD001575,PROD0230,1,1187.41,0.0
ORD008234,PROD0238,4,1179.28,0.05
ORD000303,PROD0109,2,315.2,0.15
ORD017805,PROD0255,4,2724.93,0.2
ORD016455,PROD0162,5,377.71,0.0
ORD011085,PROD0131,1,719.35,0.2
ORD014372,PROD0164,2,1896.67,0.0
ORD007379,PROD0208,5,1605.39,0.1
ORD012422,PROD0202,5,1039.91,0.0
ORD010791,PROD0161,5,1467.22,0.2
ORD003378,PROD0129,4,2715.49,0.1
ORD012627,PROD0300,5,2550.36,0.05
ORD017537,PROD0165,3,1341.44,0.2
ORD013373,PROD0119,3,1545.4,0.1
ORD011796,PROD0139,4,624.58,0.2
ORD005215,PROD0267,4,1411.95,0.1
ORD006066,PROD0023,1,529.99,0.2
ORD017533,PROD0052,2,1103.19,0.1
ORD013457,PROD0109,4,315.2,0.15
ORD006862,PROD0189,3,260.5,0.1
ORD000124,PROD0100,2,1535.02,0.1
ORD009707,PROD0032,4,1792.53,0.0
ORD014802,PROD0239,5,3878.85,0.0
ORD005269,PROD0100,4,1535.02,0.0
ORD007514,PROD0221,3,861.75,0.05
ORD017825,PROD0102,2,1726.73,0.1
ORD006348,PROD0139,5,624.58,0.15
ORD009430,PROD0036,5,2265.4,0.2
ORD007005,PROD0004,3,1005.11,0.0
ORD007327,PROD0162,5,377.71,0.1
ORD015764,PROD0171,3,619.82,0.05
ORD002471,PROD0181,4,218.55,0.0
ORD000381,PROD0085,3,2361.96,0.1
ORD000327,PROD0190,3,1494.94,0.05
ORD008139,PROD0185,4,592.37,0.0
ORD017578,PROD0065,1,298.49,0.1
ORD001495,PROD0062,5,1731.8,0.1
ORD007357,PROD0014,3,596.75,0.0
ORD000182,PROD0108,4,1195.6,0.1
ORD010957,PROD0259,3,272.42,0.0
ORD012075,PROD0261,3,1950.36,0.05
ORD006463,PROD0178,1,1006.65,0.1
ORD013581,PROD0099,5,550.57,0.1
ORD015515,PROD0238,4,1179.28,0.1
ORD002626,PROD0130,2,1402.05,0.1
ORD005363,PROD0075,4,993.75,0.1
ORD002952,PROD0071,4,1519.69,0.05
ORD017394,PROD0132,3,1663.98,0.1
ORD005582,PROD0294,5,608.79,0.05
ORD017663,PROD0232,1,480.05,0.15
ORD010824,PROD0220,3,1249.15,0.0
ORD008920,PROD0074,3,701.79,0.15
ORD003865,PROD0238,5,1179.28,0.1
ORD009293,PROD0190,3,1494.94,0.1
ORD014291,PROD0093,1,2481.82,0.0
ORD008090,PROD0077,4,372.07,0.15
ORD005011,PROD0019,1,2132.91,0.15
ORD006801,PROD0051,1,257.94,0.05
ORD007574,PROD0202,4,1039.91,0.1
ORD003054,PROD0283,2,1585.65,0.0
ORD007012,PROD0075,2,993.75,0.15
ORD009761,PROD0143,2,2026.75,0.15
ORD014115,PROD0004,3,1005.11,0.05
ORD012763,PROD0019,5,2132.91,0.0
ORD017361,PROD0254,3,1021.7,0.05
ORD012940,PROD0157,3,1342.68,0.1
ORD009409,PROD0260,1,2453.91,0.05
ORD003216,PROD0284,2,1551.66,0.15
ORD013352,PROD0261,1,1950.36,0.0
ORD015017,PROD0160,3,2652.37,0.15
ORD004909,PROD0038,3,1310.24,0.2
ORD000538,PROD0013,4,2230.9,0.1
ORD014398,PROD0117,1,1622.14,0.05
ORD004931,PROD0027,1,5305.88,0.0
ORD001305,PROD0146,3,2912.21,0.0
ORD002989,PROD0238,1,1179.28,0.2
ORD013400,PROD0298,5,392.05,0.1
ORD017060,PROD0225,2,670.12,0.0
ORD005916,PROD0049,3,474.29,0.05
ORD000727,PROD0190,5,1494.94,0.1
ORD015775,PROD0213,5,475.42,0.05
ORD004254,PROD0109,4,315.2,0.15
ORD010478,PROD0274,2,356.93,0.0
ORD004590,PROD0160,5,2652.37,0.15
ORD012316,PROD0060,5,511.57,0.0
ORD009384,PROD0080,4,1973.58,0.15
ORD014366,PROD0201,4,1107.62,0.0
ORD003619,PROD0105,5,813.74,0.1
ORD014739,PROD0028,2,740.62,0.05
ORD002936,PROD0155,3,383.07,0.1
ORD004403,PROD0011,1,569.66,0.2
ORD002512,PROD0288,1,1099.87,0.15
ORD004101,PROD0200,5,1906.63,0.0
ORD006332,PROD0006,3,997.09,0.1
ORD015957,PROD0003,4,2931.9,0.05
ORD004932,PROD0119,1,1545.4,0.1
ORD003003,PROD0172,5,3513.98,0.0
ORD011685,PROD0263,2,754.46,0.1
ORD001711,PROD0003,3,2931.9,0.15
ORD014283,PROD0091,4,402.26,0.0
ORD014343,PROD0048,1,2692.11,0.2
ORD000819,PROD0166,3,655.43,0.15
ORD005936,PROD0257,3,994.46,0.15
ORD010491,PROD0289,2,1376.41,0.1
ORD006145,PROD0297,3,359.44,0.1
ORD016190,PROD0248,2,581.51,0.0
ORD009050,PROD0248,1,581.51,0.15
ORD017810,PROD0165,5,1341.44,0.1
ORD011653,PROD0085,2,2361.96,0.05
ORD001486,PROD0092,5,2466.2,0.0
ORD004133,PROD0232,5,480.05,0.1
ORD002555,PROD0056,3,1815.37,0.0
ORD003005,PROD0118,4,437.61,0.2
ORD002629,PROD0181,2,218.55,0.2
ORD016926,PROD0245,2,258.37,0.15
ORD003706,PROD0157,4,1342.68,0.15
ORD002626,PROD0247,2,1013.19,0.05
ORD001712,PROD0176,5,890.34,0.2
ORD013615,PROD0272,4,834.67,0.05
ORD017087,PROD0297,1,359.44,0.1
ORD012220,PROD0119,4,1545.4,0.1
ORD002316,PROD0060,1,511.57,0.05
ORD017211,PROD0286,5,722.33,0.1
ORD001472,PROD0176,3,890.34,0.05
ORD010438,PROD0007,5,838.82,0.1
ORD017762,PROD0205,4,315.35,0.1
ORD014760,PROD0079,4,1557.75,0.05
ORD006926,PROD0068,3,2579.6,0.0
ORD005909,PROD0064,2,706.46,0.0
ORD010437,PROD0163,2,703.11,0.1
ORD001623,PROD0185,3,592.37,0.0
ORD015019,PROD0239,2,3878.85,0.05
ORD009177,PROD0190,4,1494.94,0.0
ORD015997,PROD0273,1,1884.45,0.15
ORD006022,PROD0197,2,774.0,0.0
ORD013715,PROD0192,2,2094.72,0.0
ORD015735,PROD0246,2,484.36,0.15
ORD011937,PROD0187,1,2575.23,0.0
ORD012670,PROD0200,3,1906.63,0.1
ORD002942,PROD0257,5,994.46,0.0
ORD007257,PROD0090,5,1416.42,0.1
ORD017504,PROD0263,3,754.46,0.15
ORD000442,PROD0268,2,1593.82,0.0
ORD005697,PROD0153,3,192.77,0.2
ORD010899,PROD0025,1,585.99,0.0
ORD001012,PROD0079,5,1557.75,0.05
ORD008009,PROD0228,3,1012.55,0.2
ORD016539,PROD0232,5,480.05,0.0
ORD001011,PROD0278,5,1418.31,0.1
ORD003890,PROD0267,3,1411.95,0.05
ORD000240,PROD0026,2,926.18,0.15
ORD004620,PROD0125,1,1338.46,0.1
ORD002462,PROD0116,5,435.35,0.1
ORD003807,PROD0120,5,3592.34,0.2
ORD012314,PROD0143,4,2026.75,0.05
ORD013418,PROD0206,2,512.36,0.2
ORD007429,PROD0089,1,390.25,0.05
ORD011552,PROD0127,5,1166.2,0.0
ORD016433,PROD0081,2,2207.21,0.0
ORD001497,PROD0240,1,1736.87,0.1
ORD000334,PROD0161,2,1467.22,0.2
ORD007101,PROD0149,1,231.51,0.05
ORD014404,PROD0011,4,569.66,0.05
ORD001161,PROD0161,4,1467.22,0.2
ORD009258,PROD0249,4,4012.64,0.05
ORD001424,PROD0077,1,372.07,0.05
ORD011886,PROD0222,3,803.44,0.1
ORD015987,PROD0023,4,529.99,0.1
ORD001003,PROD0266,1,1066.97,0.1
ORD004173,PROD0262,3,1081.48,0.0
ORD011328,PROD0226,5,322.28,0.0
ORD009338,PROD0038,4,1310.24,0.15
ORD015898,PROD0094,5,1585.84,0.15
ORD004912,PROD0120,3,3592.34,0.1
ORD005706,PROD0256,1,895.23,0.2
ORD014068,PROD0128,3,414.27,0.2
ORD017348,PROD0199,2,919.06,0.05
ORD012366,PROD0007,4,838.82,0.1
ORD005418,PROD0134,3,938.67,0.1
ORD004378,PROD0260,5,2453.91,0.05
ORD017491,PROD0159,3,2084.31,0.0
ORD013436,PROD0218,3,852.15,0.1
ORD002228,PROD0201,4,1107.62,0.1
ORD004248,PROD0230,2,1187.41,0.1
ORD009573,PROD0077,1,372.07,0.05
ORD017521,PROD0059,2,3884.69,0.1
ORD004322,PROD0094,4,1585.84,0.05
ORD002524,PROD0085,2,2361.96,0.0
ORD011575,PROD0068,3,2579.6,0.0
ORD002167,PROD0060,1,511.57,0.15
ORD016239,PROD0237,3,1008.9,0.15
ORD003904,PROD0201,1,1107.62,0.0
ORD006633,PROD0096,1,830.36,0.0
ORD009783,PROD0028,2,740.62,0.1
ORD005108,PROD0204,4,1064.24,0.1
ORD009863,PROD0288,5,1099.87,0.1
ORD014777,PROD0180,2,374.36,0.0
ORD010948,PROD0118,5,437.61,0.0
ORD004106,PROD0273,4,1884.45,0.05
ORD000601,PROD0010,3,1326.68,0.1
ORD014306,PROD0171,4,619.82,0.1
ORD004814,PROD0056,4,1815.37,0.05
ORD000276,PROD0069,2,6450.78,0.1
ORD009491,PROD0153,4,192.77,0.1
ORD003377,PROD0063,4,453.52,0.0
ORD002876,PROD0155,2,383.07,0.2
ORD002129,PROD0299,3,3528.34,0.2
ORD013574,PROD0008,5,1428.37,0.1
ORD017810,PROD0072,2,4756.76,0.0
ORD010896,PROD0135,4,1098.25,0.0
ORD012473,PROD0223,2,1507.47,0.0
ORD017171,PROD0242,5,1251.99,0.05
ORD009100,PROD0101,1,3596.1,0.15
ORD012320,PROD0236,5,1243.22,0.0
ORD003032,PROD0238,3,1179.28,0.0
ORD008139,PROD0131,4,719.35,0.15
ORD006512,PROD0226,5,322.28,0.2
ORD003160,PROD0118,2,437.61,0.2
ORD001312,PROD0097,1,2244.75,0.05
ORD009173,PROD0187,1,2575.23,0.0
ORD008884,PROD0163,5,703.11,0.15
ORD004683,PROD0120,1,3592.34,0.1
ORD010217,PROD0123,3,2787.07,0.1
ORD005097,PROD0160,5,2652.37,0.05
ORD007040,PROD0185,5,592.37,0.1
ORD000070,PROD0023,4,529.99,0.05
ORD007941,PROD0024,2,3557.69,0.05
ORD011634,PROD0061,4,1808.63,0.05
ORD010900,PROD0087,2,2381.84,0.1
ORD003290,PROD0129,2,2715.49,0.2
ORD010662,PROD0247,4,1013.19,0.1
ORD000562,PROD0254,2,1021.7,0.05
ORD009209,PROD0077,3,372.07,0.2
ORD006692,PROD0245,4,258.37,0.05
ORD014640,PROD0285,2,1253.77,0.1
ORD005539,PROD0213,1,475.42,0.1
ORD015234,PROD0143,4,2026.75,0.0
ORD015482,PROD0213,5,475.42,0.05
ORD007245,PROD0051,5,257.94,0.1
ORD004602,PROD0098,1,1788.67,0.1
ORD015596,PROD0242,5,1251.99,0.1
ORD006954,PROD0171,1,619.82,0.15
ORD006849,PROD0135,1,1098.25,0.05
ORD010916,PROD0222,2,803.44,0.15
ORD014655,PROD0252,3,1091.64,0.2
ORD014581,PROD0018,1,1106.42,0.1
ORD013139,PROD0095,1,853.11,0.2
ORD006506,PROD0001,4,2228.63,0.15
ORD005277,PROD0254,2,1021.7,0.15
ORD008828,PROD0048,1,2692.11,0.1
ORD013907,PROD0058,3,5552.05,0.05
ORD003511,PROD0295,3,450.65,0.0
ORD006976,PROD0139,4,624.58,0.05
ORD010951,PROD0183,2,606.73,0.2
ORD006321,PROD0291,4,859.37,0.05
ORD017695,PROD0027,5,5305.88,0.15
ORD011797,PROD0113,2,495.12,0.05
ORD014011,PROD0222,4,803.44,0.15
ORD011483,PROD0267,2,1411.95,0.05
ORD007385,PROD0241,1,215.23,0.0
ORD006514,PROD0127,5,1166.2,0.05
ORD009560,PROD0083,2,1558.0,0.15
ORD005611,PROD0083,2,1558.0,0.05
ORD015441,PROD0134,5,938.67,0.05
ORD008807,PROD0105,1,813.74,0.2
ORD008321,PROD0058,3,5552.05,0.1
ORD015162,PROD0093,5,2481.82,0.0
ORD001592,PROD0127,5,1166.2,0.0
ORD002120,PROD0288,4,1099.87,0.05
ORD006108,PROD0037,1,1059.57,0.15
ORD011194,PROD0135,1,1098.25,0.05
ORD008788,PROD0157,1,1342.68,0.0
ORD017400,PROD0040,4,5448.94,0.0
ORD003201,PROD0246,5,484.36,0.0
ORD005540,PROD0155,1,383.07,0.15
ORD008738,PROD0043,1,950.69,0.0
ORD000736,PROD0109,1,315.2,0.05
ORD016675,PROD0148,3,2479.32,0.1
ORD015353,PROD0282,1,1059.41,0.15
ORD008582,PROD0072,2,4756.76,0.05
ORD006750,PROD0247,3,1013.19,0.0
ORD014475,PROD0166,3,655.43,0.0
ORD005083,PROD0247,1,1013.19,0.0
ORD014942,PROD0124,4,7033.68,0.15
ORD000958,PROD0158,5,1130.19,0.05
ORD014774,PROD0032,4,1792.53,0.1
ORD016205,PROD0184,4,734.18,0.15
ORD011922,PROD0138,5,2041.26,0.15
ORD006788,PROD0050,3,138.33,0.05
ORD005844,PROD0221,3,861.75,0.0
ORD010512,PROD0293,4,1136.47,0.15
ORD017039,PROD0047,5,743.87,0.1
ORD006768,PROD0164,3,1896.67,0.05
ORD004475,PROD0242,1,1251.99,0.1
ORD007236,PROD0198,2,1910.21,0.15
ORD012191,PROD0246,2,484.36,0.1
ORD001006,PROD0212,5,936.47,0.0
ORD017005,PROD0238,3,1179.28,0.1
ORD012392,PROD0283,4,1585.65,0.0
ORD017642,PROD0166,1,655.43,0.15
ORD000271,PROD0060,4,511.57,0.2
ORD002234,PROD0071,4,1519.69,0.1
ORD015226,PROD0169,2,2484.01,0.0
ORD011031,PROD0080,5,1973.58,0.05
ORD007981,PROD0172,2,3513.98,0.15
ORD017425,PROD0019,5,2132.91,0.2
ORD005138,PROD0159,2,2084.31,0.0
ORD016686,PROD0078,4,1498.55,0.0
ORD005149,PROD0100,5,1535.02,0.1
ORD011546,PROD0157,4,1342.68,0.0
ORD014769,PROD0030,5,1536.54,0.15
ORD001572,PROD0034,2,1106.13,0.2
ORD001327,PROD0184,2,734.18,0.0
ORD004668,PROD0234,2,1884.98,0.0
ORD001838,PROD0096,5,830.36,0.05
ORD017015,PROD0194,3,2044.13,0.05
ORD003715,PROD0103,1,814.61,0.05
ORD010169,PROD0121,5,1762.91,0.05
ORD012542,PROD0185,5,592.37,0.0
ORD009796,PROD0166,3,655.43,0.15
ORD002710,PROD0016,2,2382.58,0.0
ORD001061,PROD0040,4,5448.94,0.0
ORD008943,PROD0194,1,2044.13,0.0
ORD016376,PROD0101,3,3596.1,0.05
ORD008109,PROD0039,4,748.33,0.0
ORD015376,PROD0264,4,409.67,0.05
ORD011485,PROD0128,5,414.27,0.0
ORD012356,PROD0075,1,993.75,0.05
ORD000038,PROD0200,1,1906.63,0.1
ORD004131,PROD0282,1,1059.41,0.15
ORD009202,PROD0220,3,1249.15,0.1
ORD002561,PROD0260,3,2453.91,0.0
ORD011152,PROD0203,5,1208.94,0.1
ORD009926,PROD0203,1,1208.94,0.0
ORD006525,PROD0135,4,1098.25,0.1
ORD004245,PROD0064,2,706.46,0.1
ORD014899,PROD0211,5,1092.8,0.05
ORD004065,PROD0118,2,437.61,0.0
ORD004478,PROD0032,2,1792.53,0.0
ORD002543,PROD0237,5,1008.9,0.05
ORD000963,PROD0291,1,859.37,0.05
ORD013961,PROD0283,3,1585.65,0.0
ORD003972,PROD0216,5,2535.43,0.0
ORD003326,PROD0049,4,474.29,0.0
ORD014993,PROD0058,4,5552.05,0.15
ORD012594,PROD0230,5,1187.41,0.15
ORD002901,PROD0190,5,1494.94,0.15
ORD015292,PROD0234,2,1884.98,0.0
ORD006782,PROD0270,3,546.81,0.0
ORD008920,PROD0274,1,356.93,0.0
ORD009671,PROD0273,4,1884.45,0.05
ORD000160,PROD0078,3,1498.55,0.1
ORD011856,PROD0166,2,655.43,0.1
ORD015801,PROD0051,3,257.94,0.05
ORD010154,PROD0256,1,895.23,0.15
ORD016980,PROD0269,5,528.68,0.0
ORD012953,PROD0264,5,409.67,0.0
ORD011510,PROD0263,5,754.46,0.1
ORD015110,PROD0060,2,511.57,0.0
ORD002420,PROD0296,1,605.83,0.05
ORD000108,PROD0238,3,1179.28,0.05
ORD004544,PROD0002,4,1122.65,0.05
ORD012633,PROD0277,2,668.68,0.05
ORD000852,PROD0256,1,895.23,0.15
ORD012956,PROD0139,4,624.58,0.0
ORD013391,PROD0096,5,830.36,0.2
ORD013072,PROD0160,1,2652.37,0.05
ORD004324,PROD0175,3,2260.04,0.2
ORD016621,PROD0055,2,1758.65,0.0
ORD003215,PROD0099,1,550.57,0.0
ORD001941,PROD0244,5,1140.3,0.0
ORD007806,PROD0164,2,1896.67,0.0
ORD011934,PROD0011,4,569.66,0.1
ORD008933,PROD0286,5,722.33,0.1
ORD014703,PROD0008,4,1428.37,0.2
ORD007354,PROD0007,5,838.82,0.1
ORD016012,PROD0203,3,1208.94,0.0
ORD000448,PROD0211,2,1092.8,0.05
ORD010075,PROD0166,1,655.43,0.05
ORD004605,PROD0008,4,1428.37,0.05
ORD013071,PROD0005,4,5350.44,0.0
ORD000902,PROD0077,4,372.07,0.0
ORD001237,PROD0018,3,1106.42,0.2
ORD002164,PROD0044,3,2277.54,0.15
ORD004992,PROD0045,3,1204.82,0.1
ORD008347,PROD0101,5,3596.1,0.05
ORD016369,PROD0055,3,1758.65,0.1
ORD004431,PROD0176,2,890.34,0.0
ORD003407,PROD0167,2,2511.68,0.0
ORD003417,PROD0221,5,861.75,0.05
ORD001458,PROD0062,4,1731.8,0.0
ORD015866,PROD0153,3,192.77,0.2
ORD008499,PROD0062,3,1731.8,0.2
ORD010126,PROD0247,3,1013.19,0.0
ORD016921,PROD0107,4,416.19,0.1
ORD013572,PROD0225,2,670.12,0.0
ORD000350,PROD0265,4,709.86,0.0
ORD006481,PROD0198,2,1910.21,0.1
ORD002431,PROD0185,4,592.37,0.0
ORD000725,PROD0269,5,528.68,0.0
ORD017730,PROD0016,4,2382.58,0.0
ORD007075,PROD0267,1,1411.95,0.1
ORD015896,PROD0013,4,2230.9,0.1
ORD000193,PROD0119,3,1545.4,0.05
ORD002561,PROD0160,2,2652.37,0.1
ORD010555,PROD0188,4,5555.06,0.05
ORD003837,PROD0020,2,2005.81,0.05
ORD004036,PROD0285,1,1253.77,0.05
ORD015303,PROD0153,1,192.77,0.05
ORD006822,PROD0118,1,437.61,0.0
ORD000990,PROD0242,4,1251.99,0.2
ORD015390,PROD0156,3,1302.29,0.1
ORD005266,PROD0151,1,938.09,0.05
ORD015871,PROD0172,3,3513.98,0.05
ORD004895,PROD0216,3,2535.43,0.05
ORD005442,PROD0285,4,1253.77,0.1
ORD012804,PROD0080,1,1973.58,0.1
ORD001656,PROD0196,1,624.67,0.2
ORD009418,PROD0243,2,4498.92,0.1
ORD004764,PROD0239,4,3878.85,0.0
ORD016850,PROD0020,3,2005.81,0.1
ORD009804,PROD0215,1,496.9,0.0
ORD013212,PROD0252,4,1091.64,0.05
ORD008047,PROD0265,2,709.86,0.0
ORD002386,PROD0012,2,2384.44,0.05
ORD007184,PROD0289,3,1376.41,0.05
ORD015595,PROD0259,3,272.42,0.1
ORD013735,PROD0209,1,4636.93,0.05
ORD007845,PROD0096,1,830.36,0.0
ORD011697,PROD0175,2,2260.04,0.1
ORD004241,PROD0003,1,2931.9,0.0
ORD011423,PROD0197,4,774.0,0.05
ORD001581,PROD0087,3,2381.84,0.1
ORD006259,PROD0175,2,2260.04,0.1
ORD000069,PROD0119,1,1545.4,0.1
ORD015283,PROD0057,4,1480.61,0.15
ORD010599,PROD0137,1,445.2,0.1
ORD016918,PROD0054,5,1149.11,0.15
ORD006692,PROD0213,3,475.42,0.0
ORD005880,PROD0206,2,512.36,0.15
ORD006221,PROD0103,2,814.61,0.1
ORD002701,PROD0021,2,2017.39,0.1
ORD017389,PROD0291,2,859.37,0.2
ORD004822,PROD0167,4,2511.68,0.2
ORD003847,PROD0168,5,1759.17,0.05
ORD008996,PROD0175,3,2260.04,0.1
ORD006111,PROD0279,3,1760.62,0.1
ORD010578,PROD0164,1,1896.67,0.0
ORD000241,PROD0257,1,994.46,0.1
ORD009796,PROD0269,2,528.68,0.0
ORD002372,PROD0100,1,1535.02,0.0
ORD002607,PROD0023,1,529.99,0.0
ORD004371,PROD0076,2,1911.33,0.2
ORD009380,PROD0243,2,4498.92,0.15
ORD011192,PROD0006,1,997.09,0.0
ORD002961,PROD0142,3,536.55,0.05
ORD003746,PROD0086,3,1292.77,0.05
ORD000293,PROD0060,1,511.57,0.15
ORD007099,PROD0054,4,1149.11,0.0
ORD017767,PROD0037,5,1059.57,0.1
ORD017131,PROD0070,3,2065.33,0.05
ORD006018,PROD0180,1,374.36,0.1
ORD012327,PROD0168,2,1759.17,0.15
ORD001157,PROD0295,5,450.65,0.05
ORD016365,PROD0034,3,1106.13,0.2
ORD002015,PROD0085,4,2361.96,0.05
ORD012501,PROD0285,5,1253.77,0.05
ORD017844,PROD0162,1,377.71,0.0
ORD017446,PROD0218,4,852.15,0.05
ORD001203,PROD0041,4,566.23,0.15
ORD002334,PROD0027,5,5305.88,0.0
ORD012114,PROD0230,3,1187.41,0.1
ORD011940,PROD0205,2,315.35,0.1
ORD005188,PROD0061,1,1808.63,0.1
ORD006517,PROD0088,2,255.81,0.1
ORD012325,PROD0018,1,1106.42,0.1
ORD001274,PROD0076,4,1911.33,0.0
ORD015044,PROD0065,4,298.49,0.2
ORD009317,PROD0102,1,1726.73,0.1
ORD005965,PROD0078,4,1498.55,0.15
ORD003095,PROD0182,5,1491.37,0.05
ORD006454,PROD0201,5,1107.62,0.05
ORD007874,PROD0235,2,1069.09,0.2
ORD009129,PROD0272,3,834.67,0.05
ORD007601,PROD0166,3,655.43,0.15
ORD010541,PROD0134,2,938.67,0.05
ORD005291,PROD0139,2,624.58,0.2
ORD007079,PROD0085,5,2361.96,0.1
ORD006581,PROD0019,1,2132.91,0.0
ORD015476,PROD0163,5,703.11,0.1
ORD012682,PROD0006,3,997.09,0.05
ORD013362,PROD0086,3,1292.77,0.0
ORD013289,PROD0088,2,255.81,0.0
ORD006200,PROD0122,5,768.92,0.05
ORD001782,PROD0215,2,496.9,0.2
ORD000667,PROD0284,5,1551.66,0.1
ORD011435,PROD0211,4,1092.8,0.2
ORD006095,PROD0213,5,475.42,0.0
ORD004851,PROD0025,4,585.99,0.1
ORD013797,PROD0261,5,1950.36,0.05
ORD012403,PROD0040,1,5448.94,0.2
ORD016756,PROD0190,3,1494.94,0.0
ORD003088,PROD0179,2,608.27,0.1
ORD004646,PROD0259,1,272.42,0.0
ORD002471,PROD0104,3,917.71,0.15
ORD013482,PROD0204,4,1064.24,0.2
ORD013090,PROD0164,2,1896.67,0.05
ORD011507,PROD0019,3,2132.91,0.1
ORD012310,PROD0093,2,2481.82,0.1
ORD012849,PROD0078,1,1498.55,0.05
ORD005700,PROD0135,3,1098.25,0.05
ORD000182,PROD0197,2,774.0,0.1
ORD006931,PROD0149,4,231.51,0.15
ORD003783,PROD0216,4,2535.43,0.2
ORD010257,PROD0048,5,2692.11,0.15
ORD013335,PROD0132,5,1663.98,0.1
ORD013446,PROD0239,2,3878.85,0.1
ORD014965,PROD0268,4,1593.82,0.0
ORD016571,PROD0167,3,2511.68,0.15
ORD005510,PROD0171,3,619.82,0.05
ORD000531,PROD0002,1,1122.65,0.1
ORD003300,PROD0022,5,174.42,0.1
ORD007396,PROD0279,4,1760.62,0.0
ORD017641,PROD0169,1,2484.01,0.0
ORD001914,PROD0061,2,1808.63,0.05
ORD004646,PROD0221,5,861.75,0.05
ORD016640,PROD0152,4,3664.43,0.1
ORD008072,PROD0151,4,938.09,0.05
ORD007502,PROD0164,2,1896.67,0.0
ORD012396,PROD0001,4,2228.63,0.2
ORD013162,PROD0003,1,2931.9,0.15
ORD014492,PROD0177,5,1733.37,0.1
ORD013064,PROD0147,1,1277.67,0.0
ORD002169,PROD0086,3,1292.77,0.05
ORD012541,PROD0184,4,734.18,0.1
ORD006973,PROD0186,4,324.33,0.1
ORD016141,PROD0270,4,546.81,0.2
ORD003578,PROD0085,2,2361.96,0.0
ORD007115,PROD0001,3,2228.63,0.05
ORD016151,PROD0222,3,803.44,0.05
ORD014887,PROD0135,1,1098.25,0.15
ORD012061,PROD0195,4,525.15,0.1
ORD009867,PROD0072,2,4756.76,0.05
ORD003354,PROD0060,1,511.57,0.1
ORD011643,PROD0179,4,608.27,0.05
ORD017384,PROD0012,3,2384.44,0.15
ORD000891,PROD0228,4,1012.55,0.1
ORD010711,PROD0208,4,1605.39,0.15
ORD012956,PROD0260,3,2453.91,0.15
ORD011721,PROD0193,4,3394.61,0.2
ORD013345,PROD0097,3,2244.75,0.05
ORD014449,PROD0133,1,737.29,0.05
ORD001165,PROD0028,5,740.62,0.1
ORD005595,PROD0246,3,484.36,0.0
ORD002087,PROD0103,1,814.61,0.2
ORD007714,PROD0102,2,1726.73,0.1
ORD004869,PROD0011,1,569.66,0.1
ORD001898,PROD0107,3,416.19,0.15
ORD017336,PROD0014,4,596.75,0.15
ORD008178,PROD0087,3,2381.84,0.1
ORD013095,PROD0157,1,1342.68,0.2
ORD017484,PROD0186,1,324.33,0.05
ORD013516,PROD0069,2,6450.78,0.05
ORD009134,PROD0255,5,2724.93,0.0
ORD006359,PROD0023,1,529.99,0.05
ORD012750,PROD0128,1,414.27,0.1
ORD017102,PROD0065,3,298.49,0.15
ORD014186,PROD0111,2,843.13,0.0
ORD012446,PROD0252,2,1091.64,0.1
ORD007406,PROD0003,4,2931.9,0.1
ORD010901,PROD0176,1,890.34,0.2
ORD010519,PROD0024,1,3557.69,0.1
ORD017365,PROD0123,5,2787.07,0.2
ORD010145,PROD0213,3,475.42,0.2
ORD001999,PROD0060,1,511.57,0.1
ORD001796,PROD0142,5,536.55,0.05
ORD012917,PROD0073,2,3798.83,0.15
ORD005641,PROD0254,3,1021.7,0.0
ORD002603,PROD0008,1,1428.37,0.05
ORD006997,PROD0188,1,5555.06,0.1
ORD009435,PROD0026,3,926.18,0.0
ORD016705,PROD0192,5,2094.72,0.05
ORD002160,PROD0293,2,1136.47,0.15
ORD002545,PROD0068,5,2579.6,0.1
ORD012585,PROD0288,4,1099.87,0.1
ORD003843,PROD0246,1,484.36,0.2
ORD002724,PROD0011,4,569.66,0.0
ORD004990,PROD0008,3,1428.37,0.1
ORD000619,PROD0251,1,1056.88,0.05
ORD010871,PROD0197,1,774.0,0.2
ORD004011,PROD0203,3,1208.94,0.1
ORD012269,PROD0286,4,722.33,0.05
ORD009272,PROD0205,5,315.35,0.0
ORD002499,PROD0214,4,285.7,0.0
ORD013075,PROD0028,2,740.62,0.1
ORD014656,PROD0094,4,1585.84,0.2
ORD001262,PROD0072,5,4756.76,0.2
ORD017166,PROD0077,2,372.07,0.05
ORD005657,PROD0083,3,1558.0,0.0
ORD006059,PROD0040,1,5448.94,0.05
ORD009764,PROD0154,2,611.42,0.1
ORD011213,PROD0117,2,1622.14,0.1
ORD008468,PROD0249,2,4012.64,0.05
ORD015211,PROD0277,1,668.68,0.0
ORD001680,PROD0063,5,453.52,0.15
ORD007405,PROD0043,2,950.69,0.1
ORD012044,PROD0065,3,298.49,0.2
ORD004444,PROD0126,5,648.87,0.05
ORD012774,PROD0297,3,359.44,0.05
ORD006521,PROD0148,1,2479.32,0.15
ORD005479,PROD0275,3,1740.08,0.2
ORD011262,PROD0249,4,4012.64,0.05
ORD017401,PROD0149,4,231.51,0.0
ORD016019,PROD0163,1,703.11,0.0
ORD005520,PROD0212,5,936.47,0.1
ORD014008,PROD0106,1,770.07,0.1
ORD010467,PROD0247,5,1013.19,0.0
ORD007901,PROD0214,4,285.7,0.0
ORD017484,PROD0162,4,377.71,0.15
ORD006037,PROD0042,4,5997.9,0.0
ORD016141,PROD0238,2,1179.28,0.0
ORD013768,PROD0282,4,1059.41,0.0
ORD009716,PROD0230,3,1187.41,0.05
ORD015453,PROD0169,1,2484.01,0.05
ORD007025,PROD0068,5,2579.6,0.1
ORD011616,PROD0223,4,1507.47,0.05
ORD011356,PROD0294,1,608.79,0.05
ORD003867,PROD0094,2,1585.84,0.1
ORD008468,PROD0073,4,3798.83,0.1
ORD000407,PROD0281,1,5213.75,0.2
ORD008201,PROD0184,5,734.18,0.2
ORD004163,PROD0175,4,2260.04,0.0
ORD012440,PROD0283,3,1585.65,0.2
ORD001740,PROD0226,4,322.28,0.2
ORD006641,PROD0238,1,1179.28,0.0
ORD010577,PROD0083,2,1558.0,0.0
ORD006584,PROD0108,4,1195.6,0.1
ORD011997,PROD0150,3,1469.35,0.1
ORD005213,PROD0292,2,526.18,0.15
ORD014962,PROD0273,3,1884.45,0.1
ORD017860,PROD0156,2,1302.29,0.15
ORD008829,PROD0300,4,2550.36,0.1
ORD015932,PROD0285,1,1253.77,0.05
ORD017113,PROD0205,2,315.35,0.15
ORD000146,PROD0131,2,719.35,0.0
ORD000624,PROD0111,5,843.13,0.15
ORD008040,PROD0229,4,251.37,0.0
ORD010434,PROD0082,4,835.72,0.05
ORD001045,PROD0081,3,2207.21,0.1
ORD006123,PROD0011,1,569.66,0.1
ORD003369,PROD0131,1,719.35,0.1
ORD009219,PROD0184,4,734.18,0.15
ORD011615,PROD0031,5,2790.09,0.0
ORD012677,PROD0203,1,1208.94,0.2
ORD003506,PROD0152,3,3664.43,0.0
ORD016523,PROD0284,4,1551.66,0.1
ORD015634,PROD0110,5,2045.64,0.0
ORD013578,PROD0287,1,1180.58,0.2
ORD005210,PROD0200,5,1906.63,0.15
ORD015761,PROD0029,2,1224.14,0.0
ORD015884,PROD0082,5,835.72,0.05
ORD013094,PROD0092,2,2466.2,0.15
ORD013181,PROD0066,3,705.54,0.05
ORD010145,PROD0133,1,737.29,0.15
ORD009211,PROD0137,2,445.2,0.2
ORD012805,PROD0293,2,1136.47,0.1
ORD004143,PROD0192,4,2094.72,0.1
ORD007273,PROD0021,1,2017.39,0.1
ORD004171,PROD0039,1,748.33,0.05
ORD001098,PROD0290,2,3732.41,0.0
ORD011663,PROD0235,2,1069.09,0.1
ORD011158,PROD0099,4,550.57,0.05
ORD011633,PROD0231,2,1734.21,0.0
ORD010895,PROD0279,3,1760.62,0.05
ORD000714,PROD0036,4,2265.4,0.0
ORD017076,PROD0108,4,1195.6,0.05
ORD016735,PROD0113,2,495.12,0.1
ORD013597,PROD0057,5,1480.61,0.05
ORD008837,PROD0291,2,859.37,0.0
ORD007114,PROD0135,2,1098.25,0.0
ORD005843,PROD0284,2,1551.66,0.1
ORD008122,PROD0135,3,1098.25,0.05
ORD015482,PROD0294,5,608.79,0.15
ORD016488,PROD0288,5,1099.87,0.05
ORD006268,PROD0035,4,914.62,0.2
ORD011793,PROD0275,3,1740.08,0.2
ORD003988,PROD0230,1,1187.41,0.1
ORD004939,PROD0171,1,619.82,0.05
ORD001201,PROD0076,3,1911.33,0.05
ORD012980,PROD0066,2,705.54,0.15
ORD016087,PROD0077,1,372.07,0.1
ORD004089,PROD0081,2,2207.21,0.05
ORD002831,PROD0208,3,1605.39,0.0
ORD002012,PROD0137,2,445.2,0.1
ORD010002,PROD0200,3,1906.63,0.1
ORD014451,PROD0215,4,496.9,0.15
ORD005114,PROD0248,1,581.51,0.1
ORD013248,PROD0192,2,2094.72,0.2
ORD000573,PROD0060,4,511.57,0.2
ORD017229,PROD0254,1,1021.7,0.15
ORD001777,PROD0210,3,539.67,0.1
ORD005589,PROD0225,3,670.12,0.0
ORD011912,PROD0047,3,743.87,0.15
ORD011474,PROD0018,1,1106.42,0.05
ORD016693,PROD0053,4,499.98,0.1
ORD000058,PROD0065,3,298.49,0.0
ORD012439,PROD0248,5,581.51,0.05
ORD001246,PROD0109,4,315.2,0.0
ORD002287,PROD0080,3,1973.58,0.05
ORD008751,PROD0159,4,2084.31,0.2
ORD014991,PROD0027,3,5305.88,0.05
ORD007244,PROD0240,1,1736.87,0.15
ORD009388,PROD0197,5,774.0,0.2
ORD002443,PROD0084,2,787.16,0.2
ORD015826,PROD0118,3,437.61,0.05
ORD010337,PROD0205,1,315.35,0.2
ORD015546,PROD0039,4,748.33,0.15
ORD010192,PROD0294,3,608.79,0.05
ORD007419,PROD0097,2,2244.75,0.1
ORD016508,PROD0148,5,2479.32,0.15
ORD013286,PROD0153,2,192.77,0.05
ORD012517,PROD0173,5,1893.36,0.0
ORD000455,PROD0019,2,2132.91,0.2
ORD016145,PROD0292,4,526.18,0.05
ORD010418,PROD0279,5,1760.62,0.1
ORD011435,PROD0239,3,3878.85,0.1
ORD000658,PROD0116,4,435.35,0.15
ORD006415,PROD0278,4,1418.31,0.05
ORD015588,PROD0255,1,2724.93,0.1
ORD008736,PROD0033,4,726.59,0.15
ORD009959,PROD0235,3,1069.09,0.15
ORD012267,PROD0027,5,5305.88,0.1
ORD008458,PROD0068,2,2579.6,0.15
ORD015319,PROD0284,2,1551.66,0.0
ORD008047,PROD0011,1,569.66,0.05
ORD013431,PROD0031,2,2790.09,0.1
ORD001807,PROD0259,1,272.42,0.1
ORD009628,PROD0277,1,668.68,0.05
ORD010705,PROD0011,4,569.66,0.0
ORD008670,PROD0069,4,6450.78,0.15
ORD017741,PROD0142,4,536.55,0.0
ORD013043,PROD0068,1,2579.6,0.0
ORD003154,PROD0083,5,1558.0,0.0
ORD017446,PROD0044,2,2277.54,0.0
ORD004705,PROD0217,2,748.27,0.1
ORD000644,PROD0286,5,722.33,0.1
ORD000534,PROD0183,4,606.73,0.0
ORD012436,PROD0025,2,585.99,0.0
ORD003555,PROD0088,2,255.81,0.0
ORD015382,PROD0138,3,2041.26,0.0
ORD003831,PROD0063,4,453.52,0.15
ORD015420,PROD0212,2,936.47,0.05
ORD010615,PROD0278,5,1418.31,0.15
ORD003093,PROD0025,1,585.99,0.1
ORD013013,PROD0248,5,581.51,0.15
ORD015673,PROD0097,1,2244.75,0.0
ORD001647,PROD0224,4,4037.97,0.1
ORD011386,PROD0165,5,1341.44,0.1
ORD006312,PROD0173,3,1893.36,0.1
ORD016671,PROD0270,2,546.81,0.05
ORD008058,PROD0167,3,2511.68,0.0
ORD011266,PROD0296,5,605.83,0.05
ORD013010,PROD0043,1,950.69,0.0
ORD013422,PROD0143,3,2026.75,0.0
ORD017697,PROD0021,3,2017.39,0.05
ORD007968,PROD0188,1,5555.06,0.1
ORD007807,PROD0261,2,1950.36,0.05
ORD006295,PROD0220,4,1249.15,0.0
ORD011486,PROD0114,5,983.9,0.0
ORD000388,PROD0010,4,1326.68,0.1
ORD014108,PROD0194,3,2044.13,0.05
ORD017302,PROD0223,2,1507.47,0.05
ORD006050,PROD0202,3,1039.91,0.15
ORD017819,PROD0119,5,1545.4,0.0
ORD017146,PROD0252,5,1091.64,0.1
ORD007652,PROD0140,2,4498.4,0.2
ORD017252,PROD0023,5,529.99,0.1
ORD008356,PROD0160,1,2652.37,0.15
ORD016860,PROD0282,5,1059.41,0.0
ORD013819,PROD0156,3,1302.29,0.1
ORD002767,PROD0020,2,2005.81,0.05
ORD016529,PROD0183,5,606.73,0.05
ORD007994,PROD0133,2,737.29,0.1
ORD006398,PROD0265,3,709.86,0.0
ORD016127,PROD0033,4,726.59,0.15
ORD005897,PROD0252,5,1091.64,0.05
ORD007950,PROD0272,2,834.67,0.05
ORD016356,PROD0194,5,2044.13,0.1
ORD006440,PROD0231,4,1734.21,0.1
ORD011904,PROD0201,3,1107.62,0.15
ORD016971,PROD0010,4,1326.68,0.0
ORD006536,PROD0155,5,383.07,0.1
ORD004775,PROD0292,2,526.18,0.05
ORD010245,PROD0207,3,4103.55,0.05
ORD009688,PROD0054,1,1149.11,0.05
ORD010798,PROD0031,4,2790.09,0.15
ORD011827,PROD0298,3,392.05,0.2
ORD016712,PROD0282,2,1059.41,0.05
ORD004337,PROD0148,2,2479.32,0.05
ORD006830,PROD0140,5,4498.4,0.0
ORD003666,PROD0103,1,814.61,0.1
ORD009291,PROD0175,5,2260.04,0.15
ORD008016,PROD0285,4,1253.77,0.2
ORD013938,PROD0051,2,257.94,0.05
ORD006706,PROD0144,3,1097.89,0.2
ORD011529,PROD0018,4,1106.42,0.0
ORD004089,PROD0224,2,4037.97,0.15
ORD004887,PROD0215,1,496.9,0.05
ORD011863,PROD0143,4,2026.75,0.2
ORD013526,PROD0059,2,3884.69,0.05
ORD003736,PROD0021,3,2017.39,0.0
ORD016586,PROD0186,4,324.33,0.1
ORD005670,PROD0285,5,1253.77,0.05
ORD000918,PROD0195,4,525.15,0.1
ORD008077,PROD0065,4,298.49,0.0
ORD014189,PROD0281,4,5213.75,0.15
ORD002894,PROD0094,5,1585.84,0.0
ORD017430,PROD0263,2,754.46,0.0
ORD016713,PROD0141,2,526.7,0.05
ORD003130,PROD0120,2,3592.34,0.0
ORD011879,PROD0104,2,917.71,0.05
ORD005745,PROD0111,4,843.13,0.0
ORD005640,PROD0235,3,1069.09,0.0
ORD003938,PROD0107,4,416.19,0.1
ORD010406,PROD0020,2,2005.81,0.05
ORD014106,PROD0113,2,495.12,0.0
ORD015737,PROD0009,5,419.4,0.0
ORD005117,PROD0133,4,737.29,0.1
ORD004084,PROD0028,2,740.62,0.1
ORD006504,PROD0026,4,926.18,0.0
ORD000049,PROD0087,1,2381.84,0.0
ORD016942,PROD0204,1,1064.24,0.05
ORD016940,PROD0134,3,938.67,0.0
ORD003239,PROD0233,3,865.79,0.0
ORD016585,PROD0203,3,1208.94,0.1
ORD006402,PROD0266,1,1066.97,0.05
ORD014578,PROD0231,5,1734.21,0.0
ORD012538,PROD0189,4,260.5,0.0
ORD013356,PROD0099,3,550.57,0.1
ORD017479,PROD0270,4,546.81,0.0
ORD010898,PROD0227,2,663.99,0.05
ORD017380,PROD0091,2,402.26,0.15
ORD015286,PROD0085,3,2361.96,0.2
ORD014935,PROD0212,1,936.47,0.0
ORD002785,PROD0047,4,743.87,0.05
ORD017012,PROD0097,2,2244.75,0.15
ORD013698,PROD0014,2,596.75,0.05
ORD001462,PROD0064,5,706.46,0.15
ORD002909,PROD0039,4,748.33,0.1
ORD016050,PROD0100,5,1535.02,0.1
ORD008828,PROD0124,4,7033.68,0.0
ORD013066,PROD0100,3,1535.02,0.05
ORD000157,PROD0286,3,722.33,0.0
ORD012281,PROD0098,2,1788.67,0.15
ORD006965,PROD0008,4,1428.37,0.1
ORD006404,PROD0013,2,2230.9,0.0
ORD004088,PROD0164,3,1896.67,0.0
ORD012012,PROD0061,4,1808.63,0.1
ORD010111,PROD0184,3,734.18,0.05
ORD000519,PROD0282,3,1059.41,0.15
ORD000987,PROD0265,1,709.86,0.05
ORD000114,PROD0215,4,496.9,0.0
ORD015385,PROD0297,4,359.44,0.0
ORD007160,PROD0143,5,2026.75,0.15
ORD007695,PROD0257,2,994.46,0.2
ORD013673,PROD0257,4,994.46,0.05
ORD013896,PROD0101,5,3596.1,0.05
ORD003241,PROD0257,5,994.46,0.05
ORD004115,PROD0147,4,1277.67,0.05
ORD004152,PROD0002,3,1122.65,0.15
ORD000237,PROD0079,2,1557.75,0.2
ORD008999,PROD0038,4,1310.24,0.05
ORD012007,PROD0273,5,1884.45,0.05
ORD005654,PROD0090,3,1416.42,0.0
ORD004855,PROD0222,3,803.44,0.2
ORD017179,PROD0289,2,1376.41,0.0
ORD015835,PROD0206,3,512.36,0.2
ORD014806,PROD0179,5,608.27,0.1
ORD013642,PROD0022,4,174.42,0.0
ORD013637,PROD0064,2,706.46,0.05
ORD011215,PROD0233,4,865.79,0.05
ORD004088,PROD0282,3,1059.41,0.05
ORD001785,PROD0163,3,703.11,0.05
ORD009414,PROD0002,4,1122.65,0.1
ORD005142,PROD0294,3,608.79,0.2
ORD015837,PROD0068,5,2579.6,0.05
ORD004519,PROD0044,4,2277.54,0.0
ORD015186,PROD0050,5,138.33,0.0
ORD013270,PROD0084,3,787.16,0.15
ORD017864,PROD0153,2,192.77,0.05
ORD011372,PROD0277,5,668.68,0.0
ORD005620,PROD0042,3,5997.9,0.15
ORD005003,PROD0272,1,834.67,0.0
ORD001970,PROD0224,3,4037.97,0.15
ORD008663,PROD0152,5,3664.43,0.1
ORD005465,PROD0234,1,1884.98,0.0
ORD002168,PROD0216,2,2535.43,0.1
ORD010018,PROD0034,1,1106.13,0.05
ORD010166,PROD0210,3,539.67,0.05
ORD015666,PROD0217,3,748.27,0.0
ORD008609,PROD0039,5,748.33,0.1
ORD017555,PROD0132,4,1663.98,0.05
ORD009286,PROD0277,5,668.68,0.0
ORD004569,PROD0032,2,1792.53,0.2
ORD006041,PROD0217,5,748.27,0.05
ORD007721,PROD0258,3,814.14,0.05
ORD001239,PROD0034,1,1106.13,0.05
ORD004916,PROD0187,4,2575.23,0.15
ORD016118,PROD0208,4,1605.39,0.2
ORD009701,PROD0032,4,1792.53,0.15
ORD009463,PROD0047,3,743.87,0.1
ORD008063,PROD0136,5,4655.74,0.05
ORD017384,PROD0023,3,529.99,0.05
ORD009164,PROD0231,4,1734.21,0.2
ORD015104,PROD0115,1,1198.13,0.05
ORD013330,PROD0015,3,768.6,0.0
ORD005217,PROD0255,5,2724.93,0.1
ORD005697,PROD0260,2,2453.91,0.1
ORD016640,PROD0276,2,1150.97,0.05
ORD001961,PROD0177,2,1733.37,0.0
ORD002831,PROD0062,3,1731.8,0.1
ORD000411,PROD0102,2,1726.73,0.15
ORD001416,PROD0085,3,2361.96,0.05
ORD002572,PROD0290,3,3732.41,0.15
ORD004430,PROD0071,2,1519.69,0.0
ORD005997,PROD0100,1,1535.02,0.05
ORD003540,PROD0071,3,1519.69,0.2
ORD011912,PROD0265,4,709.86,0.15
ORD013888,PROD0139,4,624.58,0.0
ORD004478,PROD0066,5,705.54,0.2
ORD007898,PROD0048,3,2692.11,0.05
ORD014967,PROD0287,2,1180.58,0.0
ORD012813,PROD0168,5,1759.17,0.05
ORD005642,PROD0084,5,787.16,0.1
ORD002305,PROD0134,1,938.67,0.0
ORD009884,PROD0111,1,843.13,0.1
ORD001505,PROD0190,1,1494.94,0.2
ORD011735,PROD0198,3,1910.21,0.1
ORD002069,PROD0102,5,1726.73,0.15
ORD008534,PROD0288,3,1099.87,0.0
ORD014333,PROD0126,1,648.87,0.1
ORD010320,PROD0273,1,1884.45,0.0
ORD006305,PROD0263,4,754.46,0.1
ORD013736,PROD0002,1,1122.65,0.0
ORD014705,PROD0255,1,2724.93,0.0
ORD016423,PROD0165,4,1341.44,0.0
ORD011491,PROD0047,3,743.87,0.1
ORD005425,PROD0002,2,1122.65,0.05
ORD012663,PROD0183,3,606.73,0.05
ORD004895,PROD0224,1,4037.97,0.0
ORD016783,PROD0225,3,670.12,0.0
ORD016123,PROD0255,5,2724.93,0.05
ORD016864,PROD0299,5,3528.34,0.05
ORD007248,PROD0293,3,1136.47,0.0
ORD003417,PROD0130,2,1402.05,0.15
ORD001555,PROD0214,5,285.7,0.1
ORD005424,PROD0111,5,843.13,0.05
ORD008219,PROD0162,1,377.71,0.1
ORD014306,PROD0105,1,813.74,0.1
ORD017064,PROD0104,2,917.71,0.05
ORD000954,PROD0055,2,1758.65,0.0
ORD010439,PROD0164,2,1896.67,0.05
ORD017764,PROD0144,5,1097.89,0.05
ORD011058,PROD0089,2,390.25,0.0
ORD012675,PROD0184,5,734.18,0.0
ORD008487,PROD0032,3,1792.53,0.15
ORD007999,PROD0222,1,803.44,0.05
ORD017784,PROD0298,2,392.05,0.15
ORD009610,PROD0278,5,1418.31,0.0
ORD001250,PROD0220,2,1249.15,0.1
ORD009781,PROD0037,3,1059.57,0.1
ORD012394,PROD0263,4,754.46,0.15
ORD017370,PROD0239,4,3878.85,0.05
ORD016549,PROD0266,2,1066.97,0.1
ORD005880,PROD0162,2,377.71,0.2
ORD017913,PROD0007,5,838.82,0.0
ORD000002,PROD0152,1,3664.43,0.1
ORD001167,PROD0140,4,4498.4,0.0
ORD004182,PROD0072,4,4756.76,0.15
ORD001133,PROD0297,4,359.44,0.05
ORD013441,PROD0223,1,1507.47,0.1
ORD015752,PROD0107,4,416.19,0.05
ORD016822,PROD0020,1,2005.81,0.0
ORD006897,PROD0268,4,1593.82,0.0
ORD006998,PROD0113,4,495.12,0.0
ORD007750,PROD0070,5,2065.33,0.1
ORD016606,PROD0286,5,722.33,0.1
ORD015520,PROD0024,3,3557.69,0.15
ORD008493,PROD0055,5,1758.65,0.05
ORD017806,PROD0176,4,890.34,0.1
ORD003411,PROD0177,4,1733.37,0.1
ORD000834,PROD0157,3,1342.68,0.05
ORD011141,PROD0157,3,1342.68,0.15
ORD013108,PROD0125,2,1338.46,0.1
ORD014568,PROD0234,5,1884.98,0.05
ORD011800,PROD0105,1,813.74,0.05
ORD012603,PROD0161,1,1467.22,0.15
ORD001108,PROD0072,2,4756.76,0.0
ORD009500,PROD0013,1,2230.9,0.05
ORD017752,PROD0028,2,740.62,0.15
ORD010026,PROD0256,3,895.23,0.1
ORD001080,PROD0272,4,834.67,0.1
ORD014414,PROD0088,3,255.81,0.2
ORD004128,PROD0186,1,324.33,0.0
ORD008044,PROD0241,5,215.23,0.05
ORD010817,PROD0298,1,392.05,0.0
ORD000586,PROD0269,5,528.68,0.1
ORD001957,PROD0282,1,1059.41,0.0
ORD001828,PROD0060,1,511.57,0.05
ORD005509,PROD0093,2,2481.82,0.0
ORD005915,PROD0255,1,2724.93,0.0
ORD009556,PROD0146,1,2912.21,0.0
ORD006897,PROD0182,5,1491.37,0.2
ORD005683,PROD0104,3,917.71,0.1
ORD014135,PROD0178,2,1006.65,0.15
ORD008325,PROD0222,3,803.44,0.15
ORD017090,PROD0103,3,814.61,0.0
ORD003950,PROD0227,1,663.99,0.0
ORD013822,PROD0241,5,215.23,0.05
ORD016258,PROD0110,4,2045.64,0.05
ORD010716,PROD0265,3,709.86,0.0
ORD014000,PROD0298,1,392.05,0.1
ORD001751,PROD0183,3,606.73,0.1
ORD015384,PROD0297,3,359.44,0.05
ORD001761,PROD0242,1,1251.99,0.15
ORD006038,PROD0064,5,706.46,0.15
ORD003025,PROD0177,3,1733.37,0.05
ORD004954,PROD0212,3,936.47,0.0
ORD001533,PROD0112,3,3157.32,0.05
ORD004463,PROD0031,1,2790.09,0.0
ORD007604,PROD0263,4,754.46,0.2
ORD006692,PROD0061,4,1808.63,0.1
ORD006305,PROD0290,2,3732.41,0.05
ORD000708,PROD0168,2,1759.17,0.2
ORD013532,PROD0149,4,231.51,0.0
ORD005194,PROD0049,5,474.29,0.2
ORD013225,PROD0130,3,1402.05,0.0
ORD003702,PROD0020,4,2005.81,0.05
ORD000655,PROD0147,5,1277.67,0.2
ORD005946,PROD0126,3,648.87,0.1
ORD017489,PROD0089,5,390.25,0.05
ORD005215,PROD0158,4,1130.19,0.15
ORD003285,PROD0276,5,1150.97,0.15
ORD013709,PROD0287,5,1180.58,0.15
ORD009460,PROD0215,4,496.9,0.0
ORD004618,PROD0229,3,251.37,0.05
ORD003495,PROD0139,2,624.58,0.15
ORD003798,PROD0259,3,272.42,0.05
ORD015372,PROD0056,1,1815.37,0.05
ORD006303,PROD0232,2,480.05,0.05
ORD003427,PROD0055,2,1758.65,0.0
ORD008709,PROD0199,2,919.06,0.05
ORD006411,PROD0133,1,737.29,0.2
ORD016384,PROD0212,1,936.47,0.0
ORD015535,PROD0260,1,2453.91,0.05
ORD010642,PROD0041,2,566.23,0.05
ORD016438,PROD0147,4,1277.67,0.1
ORD005999,PROD0281,4,5213.75,0.15
ORD004033,PROD0263,3,754.46,0.15
ORD017231,PROD0145,1,2107.82,0.05
ORD015989,PROD0188,1,5555.06,0.05
ORD001547,PROD0110,2,2045.64,0.1
ORD010013,PROD0176,4,890.34,0.15
ORD015652,PROD0117,3,1622.14,0.1
ORD007741,PROD0218,4,852.15,0.0
ORD013183,PROD0243,1,4498.92,0.1
ORD011226,PROD0003,5,2931.9,0.0
ORD003617,PROD0194,5,2044.13,0.1
ORD013967,PROD0180,5,374.36,0.05
ORD014434,PROD0204,3,1064.24,0.0
ORD002072,PROD0127,5,1166.2,0.2
ORD015742,PROD0118,2,437.61,0.05
ORD011429,PROD0142,3,536.55,0.1
ORD000681,PROD0125,5,1338.46,0.15
ORD011850,PROD0078,5,1498.55,0.05
ORD005441,PROD0067,1,1836.4,0.05
ORD006250,PROD0242,1,1251.99,0.2
ORD017968,PROD0005,3,5350.44,0.0
ORD009647,PROD0059,3,3884.69,0.05
ORD002784,PROD0181,3,218.55,0.05
ORD002804,PROD0201,3,1107.62,0.05
ORD008597,PROD0124,1,7033.68,0.0
ORD013132,PROD0206,5,512.36,0.1
ORD007097,PROD0044,4,2277.54,0.1
ORD004139,PROD0103,3,814.61,0.05
ORD006352,PROD0112,2,3157.32,0.0
ORD009428,PROD0072,3,4756.76,0.0
ORD006880,PROD0014,5,596.75,0.05
ORD012877,PROD0107,3,416.19,0.1
ORD004179,PROD0263,5,754.46,0.1
ORD009895,PROD0117,2,1622.14,0.1
ORD011581,PROD0288,4,1099.87,0.05
ORD016101,PROD0222,5,803.44,0.15
ORD011071,PROD0273,5,1884.45,0.0
ORD003446,PROD0267,3,1411.95,0.15
ORD003121,PROD0091,5,402.26,0.1
ORD016500,PROD0150,5,1469.35,0.05
ORD017136,PROD0025,5,585.99,0.15
ORD015934,PROD0293,2,1136.47,0.1
ORD012313,PROD0267,2,1411.95,0.1
ORD003555,PROD0044,5,2277.54,0.1
ORD011919,PROD0228,4,1012.55,0.05
ORD010571,PROD0170,1,1486.76,0.0
ORD010040,PROD0283,2,1585.65,0.0
ORD004803,PROD0043,5,950.69,0.05
ORD007042,PROD0244,1,1140.3,0.05
ORD016000,PROD0066,1,705.54,0.0
ORD002555,PROD0210,3,539.67,0.05
ORD001054,PROD0033,4,726.59,0.15
ORD008337,PROD0002,3,1122.65,0.15
ORD010470,PROD0117,5,1622.14,0.0
ORD010066,PROD0222,1,803.44,0.1
ORD004570,PROD0138,1,2041.26,0.15
ORD006808,PROD0033,1,726.59,0.0
ORD007462,PROD0069,3,6450.78,0.1
ORD016584,PROD0110,2,2045.64,0.2
ORD002202,PROD0105,4,813.74,0.1
ORD015530,PROD0227,1,663.99,0.0
ORD016668,PROD0024,4,3557.69,0.05
ORD009728,PROD0072,1,4756.76,0.0
ORD013295,PROD0065,3,298.49,0.1
ORD014331,PROD0031,5,2790.09,0.2
ORD015980,PROD0026,2,926.18,0.1
ORD005584,PROD0081,5,2207.21,0.05
ORD015523,PROD0189,3,260.5,0.0
ORD000761,PROD0091,1,402.26,0.05
ORD012952,PROD0212,4,936.47,0.0
ORD014288,PROD0232,3,480.05,0.05
ORD005862,PROD0047,5,743.87,0.0
ORD017672,PROD0115,5,1198.13,0.1
ORD015322,PROD0012,5,2384.44,0.1
ORD013034,PROD0270,1,546.81,0.05
ORD010748,PROD0261,5,1950.36,0.15
ORD003778,PROD0088,5,255.81,0.15
ORD012928,PROD0095,1,853.11,0.05
ORD008362,PROD0118,1,437.61,0.0
ORD002925,PROD0032,3,1792.53,0.1
ORD009197,PROD0264,1,409.67,0.05
ORD008622,PROD0109,4,315.2,0.15
ORD000165,PROD0150,4,1469.35,0.0
ORD013910,PROD0235,2,1069.09,0.1
ORD016085,PROD0038,1,1310.24,0.0
ORD012359,PROD0289,5,1376.41,0.1
ORD000638,PROD0049,2,474.29,0.1
ORD011859,PROD0180,4,374.36,0.2
ORD003842,PROD0061,3,1808.63,0.15
ORD013652,PROD0256,3,895.23,0.0
ORD007714,PROD0225,2,670.12,0.1
ORD009928,PROD0178,5,1006.65,0.2
ORD015181,PROD0050,1,138.33,0.0
ORD002148,PROD0221,3,861.75,0.0
ORD001366,PROD0202,5,1039.91,0.05
ORD001659,PROD0075,1,993.75,0.15
ORD005254,PROD0176,2,890.34,0.05
ORD006435,PROD0130,1,1402.05,0.1
ORD004467,PROD0205,4,315.35,0.05
ORD011102,PROD0046,5,423.5,0.1
ORD010554,PROD0042,3,5997.9,0.0
ORD006323,PROD0265,5,709.86,0.1
ORD011958,PROD0180,5,374.36,0.0
ORD001565,PROD0019,3,2132.91,0.1
ORD007242,PROD0292,2,526.18,0.05
ORD010249,PROD0166,2,655.43,0.0
ORD011017,PROD0060,1,511.57,0.1
ORD003451,PROD0092,5,2466.2,0.05
ORD001232,PROD0190,2,1494.94,0.05
ORD009942,PROD0210,2,539.67,0.0
ORD003118,PROD0098,4,1788.67,0.15
ORD007597,PROD0062,1,1731.8,0.15
ORD011032,PROD0180,5,374.36,0.1
ORD003742,PROD0239,5,3878.85,0.1
ORD010603,PROD0060,3,511.57,0.05
ORD015367,PROD0275,3,1740.08,0.2
ORD010547,PROD0034,1,1106.13,0.2
ORD001821,PROD0268,4,1593.82,0.1
ORD012473,PROD0282,4,1059.41,0.05
ORD017404,PROD0165,2,1341.44,0.1
ORD005961,PROD0191,2,425.27,0.05
ORD012600,PROD0065,5,298.49,0.0
ORD003449,PROD0053,5,499.98,0.0
ORD017977,PROD0167,4,2511.68,0.0
ORD013290,PROD0059,1,3884.69,0.1
ORD007003,PROD0300,4,2550.36,0.1
ORD000041,PROD0003,2,2931.9,0.0
ORD006251,PROD0215,5,496.9,0.15
ORD011221,PROD0254,4,1021.7,0.2
ORD012158,PROD0097,4,2244.75,0.0
ORD002180,PROD0102,1,1726.73,0.0
ORD006381,PROD0155,5,383.07,0.1
ORD014431,PROD0264,2,409.67,0.1
ORD007843,PROD0064,1,706.46,0.0
ORD007728,PROD0040,4,5448.94,0.15
ORD006045,PROD0154,3,611.42,0.0
ORD012000,PROD0191,4,425.27,0.1
ORD000342,PROD0115,4,1198.13,0.1
ORD008106,PROD0243,2,4498.92,0.1
ORD012849,PROD0215,5,496.9,0.15
ORD016656,PROD0180,5,374.36,0.15
ORD002157,PROD0105,4,813.74,0.1
ORD014985,PROD0037,3,1059.57,0.15
ORD009136,PROD0130,5,1402.05,0.15
ORD011073,PROD0170,1,1486.76,0.2
ORD001772,PROD0129,5,2715.49,0.0
ORD017190,PROD0214,4,285.7,0.0
ORD012846,PROD0209,4,4636.93,0.1
ORD011061,PROD0189,4,260.5,0.05
ORD017556,PROD0005,3,5350.44,0.15
ORD015556,PROD0215,5,496.9,0.1
ORD003628,PROD0090,3,1416.42,0.2
ORD006231,PROD0037,1,1059.57,0.0
ORD009836,PROD0238,2,1179.28,0.1
ORD005058,PROD0180,3,374.36,0.05
ORD013247,PROD0230,3,1187.41,0.0
ORD002451,PROD0137,1,445.2,0.15
ORD008360,PROD0014,5,596.75,0.1
ORD001076,PROD0096,2,830.36,0.05
ORD010275,PROD0194,3,2044.13,0.0
ORD006126,PROD0068,3,2579.6,0.05
ORD000004,PROD0042,5,5997.9,0.0
ORD015098,PROD0060,4,511.57,0.0
ORD006112,PROD0123,5,2787.07,0.0
ORD017652,PROD0028,5,740.62,0.0
ORD014094,PROD0208,5,1605.39,0.1
ORD016790,PROD0141,2,526.7,0.05
ORD011953,PROD0052,2,1103.19,0.0
ORD005062,PROD0147,2,1277.67,0.0
ORD007524,PROD0044,4,2277.54,0.2
ORD006257,PROD0154,2,611.42,0.05
ORD002576,PROD0232,3,480.05,0.1
ORD003877,PROD0086,4,1292.77,0.0
ORD002652,PROD0271,3,1034.8,0.1
ORD001331,PROD0072,3,4756.76,0.1
ORD005280,PROD0119,2,1545.4,0.1
ORD012908,PROD0009,1,419.4,0.1
ORD016155,PROD0110,4,2045.64,0.05
ORD006999,PROD0179,2,608.27,0.2
ORD006276,PROD0199,3,919.06,0.0
ORD013471,PROD0259,3,272.42,0.15
ORD000642,PROD0177,3,1733.37,0.15
ORD008794,PROD0279,3,1760.62,0.15
ORD013353,PROD0061,4,1808.63,0.15
ORD014498,PROD0249,1,4012.64,0.2
ORD002133,PROD0256,5,895.23,0.15
ORD013331,PROD0049,2,474.29,0.0
ORD003264,PROD0124,4,7033.68,0.1
ORD016890,PROD0048,5,2692.11,0.2
ORD015163,PROD0166,4,655.43,0.0
ORD015868,PROD0230,4,1187.41,0.15
ORD012935,PROD0188,5,5555.06,0.0
ORD003588,PROD0083,4,1558.0,0.0
ORD000125,PROD0183,3,606.73,0.0
ORD009016,PROD0285,4,1253.77,0.0
ORD010566,PROD0081,4,2207.21,0.0
ORD013341,PROD0140,5,4498.4,0.1
ORD002159,PROD0206,2,512.36,0.1
ORD007480,PROD0112,4,3157.32,0.1
ORD006553,PROD0106,2,770.07,0.0
ORD004808,PROD0110,1,2045.64,0.05
ORD016214,PROD0274,1,356.93,0.2
ORD012181,PROD0087,3,2381.84,0.2
ORD011876,PROD0108,3,1195.6,0.1
ORD010935,PROD0095,5,853.11,0.05
ORD008473,PROD0205,3,315.35,0.1
ORD017554,PROD0054,4,1149.11,0.0
ORD017635,PROD0083,2,1558.0,0.15
ORD004371,PROD0184,4,734.18,0.1
ORD000115,PROD0157,4,1342.68,0.05
ORD002137,PROD0226,5,322.28,0.05
ORD010277,PROD0120,3,3592.34,0.15
ORD012886,PROD0069,4,6450.78,0.2
ORD005756,PROD0144,5,1097.89,0.0
ORD012776,PROD0188,4,5555.06,0.2
ORD004573,PROD0159,1,2084.31,0.05
ORD003798,PROD0213,5,475.42,0.1
ORD013279,PROD0255,1,2724.93,0.1
ORD017581,PROD0197,5,774.0,0.05
ORD016149,PROD0078,3,1498.55,0.1
ORD012139,PROD0030,2,1536.54,0.05
ORD009941,PROD0280,2,239.29,0.2
ORD007523,PROD0228,2,1012.55,0.15
ORD017263,PROD0277,4,668.68,0.15
ORD011755,PROD0220,1,1249.15,0.1
ORD017845,PROD0079,2,1557.75,0.2
ORD007397,PROD0291,2,859.37,0.1
ORD002505,PROD0065,2,298.49,0.05
ORD010526,PROD0121,2,1762.91,0.0
ORD006536,PROD0119,1,1545.4,0.15
ORD003941,PROD0172,1,3513.98,0.0
ORD003182,PROD0078,3,1498.55,0.2
ORD012052,PROD0204,4,1064.24,0.1
ORD016582,PROD0005,5,5350.44,0.0
ORD014430,PROD0102,3,1726.73,0.0
ORD007517,PROD0177,2,1733.37,0.0
ORD003044,PROD0015,2,768.6,0.1
ORD001390,PROD0214,1,285.7,0.0
ORD012194,PROD0218,5,852.15,0.1
ORD004061,PROD0221,1,861.75,0.15
ORD007957,PROD0001,4,2228.63,0.0
ORD003168,PROD0224,1,4037.97,0.05
ORD004017,PROD0139,4,624.58,0.05
ORD011153,PROD0290,3,3732.41,0.1
ORD006218,PROD0017,4,5213.81,0.1
ORD011067,PROD0219,5,1088.5,0.05
ORD002959,PROD0192,2,2094.72,0.1
ORD010915,PROD0142,1,536.55,0.0
ORD015692,PROD0170,3,1486.76,0.05
ORD012627,PROD0118,1,437.61,0.2
ORD012302,PROD0300,3,2550.36,0.05
ORD011963,PROD0293,2,1136.47,0.0
ORD004223,PROD0054,5,1149.11,0.05
ORD008105,PROD0157,5,1342.68,0.1
ORD004139,PROD0082,4,835.72,0.2
ORD000837,PROD0052,4,1103.19,0.0
ORD004454,PROD0186,1,324.33,0.0
ORD012212,PROD0145,4,2107.82,0.15
ORD017144,PROD0250,5,468.3,0.05
ORD010762,PROD0195,1,525.15,0.0
ORD013430,PROD0221,2,861.75,0.1
ORD014568,PROD0173,2,1893.36,0.1
ORD007654,PROD0102,2,1726.73,0.1
ORD012600,PROD0158,2,1130.19,0.1
ORD013043,PROD0233,3,865.79,0.0
ORD012503,PROD0072,5,4756.76,0.0
ORD001896,PROD0131,1,719.35,0.0
ORD016549,PROD0065,3,298.49,0.05
ORD007632,PROD0097,3,2244.75,0.05
ORD014552,PROD0260,2,2453.91,0.2
ORD004658,PROD0094,2,1585.84,0.05
ORD007318,PROD0095,2,853.11,0.05
ORD000678,PROD0234,1,1884.98,0.0
ORD002334,PROD0035,5,914.62,0.15
ORD011424,PROD0226,2,322.28,0.1
ORD013082,PROD0027,4,5305.88,0.1
ORD011683,PROD0169,5,2484.01,0.1
ORD009932,PROD0150,3,1469.35,0.0
ORD016994,PROD0168,2,1759.17,0.2
ORD016489,PROD0037,1,1059.57,0.05
ORD006095,PROD0140,2,4498.4,0.0
ORD014238,PROD0197,3,774.0,0.0
ORD015488,PROD0197,1,774.0,0.05
ORD006791,PROD0059,5,3884.69,0.0
ORD013035,PROD0259,1,272.42,0.05
ORD017472,PROD0064,1,706.46,0.05
ORD007460,PROD0262,2,1081.48,0.0
ORD004665,PROD0183,4,606.73,0.1
ORD001543,PROD0194,2,2044.13,0.05
ORD007420,PROD0186,2,324.33,0.2
ORD007597,PROD0055,5,1758.65,0.1
ORD006079,PROD0207,5,4103.55,0.0
ORD010361,PROD0096,4,830.36,0.1
ORD006323,PROD0130,5,1402.05,0.1
ORD001877,PROD0287,1,1180.58,0.15
ORD016843,PROD0171,3,619.82,0.0
ORD012899,PROD0075,2,993.75,0.05
ORD016770,PROD0082,3,835.72,0.0
ORD005950,PROD0103,4,814.61,0.1
ORD013793,PROD0281,2,5213.75,0.15
ORD009454,PROD0295,5,450.65,0.2
ORD002054,PROD0169,4,2484.01,0.05
ORD000783,PROD0095,5,853.11,0.0
ORD001873,PROD0178,2,1006.65,0.15
ORD013457,PROD0057,5,1480.61,0.0
ORD012797,PROD0126,2,648.87,0.05
ORD012694,PROD0098,5,1788.67,0.0
ORD003056,PROD0052,5,1103.19,0.2
ORD010478,PROD0284,3,1551.66,0.05
ORD005039,PROD0042,4,5997.9,0.05
ORD006822,PROD0164,5,1896.67,0.0
ORD013276,PROD0136,2,4655.74,0.05
ORD014196,PROD0129,1,2715.49,0.1
ORD005642,PROD0191,5,425.27,0.05
ORD017627,PROD0204,1,1064.24,0.0
ORD003693,PROD0222,4,803.44,0.05
ORD008088,PROD0009,3,419.4,0.0
ORD006198,PROD0093,4,2481.82,0.0
ORD006049,PROD0134,5,938.67,0.05
ORD001144,PROD0169,5,2484.01,0.1
ORD013789,PROD0024,4,3557.69,0.05
ORD013968,PROD0128,3,414.27,0.0
ORD008390,PROD0107,4,416.19,0.0
ORD004386,PROD0111,5,843.13,0.1
ORD004294,PROD0004,4,1005.11,0.05
ORD010020,PROD0014,5,596.75,0.1
ORD003616,PROD0077,2,372.07,0.2
ORD010603,PROD0159,3,2084.31,0.0
ORD011325,PROD0039,4,748.33,0.15
ORD015114,PROD0275,4,1740.08,0.1
ORD013381,PROD0281,1,5213.75,0.1
ORD012718,PROD0156,3,1302.29,0.05
ORD001332,PROD0077,1,372.07,0.0
ORD003584,PROD0024,1,3557.69,0.05
ORD004905,PROD0040,5,5448.94,0.05
ORD000682,PROD0015,1,768.6,0.0
ORD006739,PROD0054,2,1149.11,0.1
ORD009342,PROD0088,1,255.81,0.2
ORD007967,PROD0079,4,1557.75,0.05
ORD005641,PROD0005,1,5350.44,0.2
ORD017959,PROD0039,2,748.33,0.15
ORD010805,PROD0109,3,315.2,0.05
ORD016015,PROD0191,5,425.27,0.0
ORD002405,PROD0200,2,1906.63,0.2
ORD003337,PROD0076,4,1911.33,0.1
ORD012079,PROD0078,4,1498.55,0.1
ORD003639,PROD0148,1,2479.32,0.05
ORD017074,PROD0092,1,2466.2,0.05
ORD014478,PROD0177,1,1733.37,0.1
ORD010876,PROD0090,1,1416.42,0.1
ORD004866,PROD0018,5,1106.42,0.1
ORD008226,PROD0023,1,529.99,0.2
ORD014016,PROD0106,3,770.07,0.1
ORD005271,PROD0043,5,950.69,0.15
ORD008853,PROD0116,5,435.35,0.1
ORD006308,PROD0050,3,138.33,0.05
ORD000625,PROD0084,5,787.16,0.15
ORD009687,PROD0037,5,1059.57,0.2
ORD014249,PROD0113,5,495.12,0.0
ORD001604,PROD0185,5,592.37,0.15
ORD008249,PROD0158,1,1130.19,0.2
ORD002731,PROD0115,1,1198.13,0.1
ORD016367,PROD0047,2,743.87,0.0
ORD015894,PROD0091,2,402.26,0.1
ORD008614,PROD0005,3,5350.44,0.1
ORD008502,PROD0102,2,1726.73,0.1
ORD014802,PROD0277,1,668.68,0.05
ORD009296,PROD0225,3,670.12,0.15
ORD001148,PROD0201,1,1107.62,0.1
ORD003476,PROD0281,5,5213.75,0.1
ORD000926,PROD0038,4,1310.24,0.0
ORD017380,PROD0173,4,1893.36,0.0
ORD015948,PROD0230,2,1187.41,0.15
ORD009771,PROD0193,1,3394.61,0.05
ORD008123,PROD0290,1,3732.41,0.2
ORD010121,PROD0196,3,624.67,0.0
ORD008936,PROD0179,4,608.27,0.0
ORD011834,PROD0017,2,5213.81,0.05
ORD007552,PROD0057,2,1480.61,0.05
ORD008180,PROD0069,2,6450.78,0.2
ORD002709,PROD0010,2,1326.68,0.15
ORD006109,PROD0124,1,7033.68,0.0
ORD002248,PROD0264,5,409.67,0.1
ORD007345,PROD0272,3,834.67,0.15
ORD013348,PROD0132,2,1663.98,0.05
ORD004286,PROD0216,3,2535.43,0.15
ORD016683,PROD0030,4,1536.54,0.0
ORD000167,PROD0153,2,192.77,0.2
ORD005022,PROD0049,2,474.29,0.05
ORD006282,PROD0089,4,390.25,0.05
ORD009857,PROD0130,2,1402.05,0.1
ORD011142,PROD0098,2,1788.67,0.2
ORD011492,PROD0188,4,5555.06,0.2
ORD000130,PROD0254,4,1021.7,0.05
ORD001959,PROD0287,1,1180.58,0.0
ORD013143,PROD0048,3,2692.11,0.0
ORD006928,PROD0194,2,2044.13,0.1
ORD012429,PROD0124,4,7033.68,0.0
ORD004130,PROD0030,4,1536.54,0.2
ORD015491,PROD0232,5,480.05,0.05
ORD006655,PROD0256,3,895.23,0.1
ORD015706,PROD0092,5,2466.2,0.1
ORD003327,PROD0017,2,5213.81,0.1
ORD001874,PROD0231,4,1734.21,0.05
ORD008649,PROD0199,2,919.06,0.05
ORD006894,PROD0082,1,835.72,0.15
ORD009739,PROD0038,3,1310.24,0.0
ORD001963,PROD0232,2,480.05,0.1
ORD010519,PROD0056,3,1815.37,0.2
ORD001090,PROD0156,4,1302.29,0.0
ORD012382,PROD0135,2,1098.25,0.0
ORD007630,PROD0167,5,2511.68,0.2
ORD014379,PROD0299,1,3528.34,0.05
ORD000134,PROD0035,5,914.62,0.0
ORD011605,PROD0008,1,1428.37,0.05
ORD012574,PROD0109,1,315.2,0.0
ORD005461,PROD0183,3,606.73,0.15
ORD000641,PROD0021,2,2017.39,0.05
ORD010923,PROD0231,2,1734.21,0.05
ORD014768,PROD0151,4,938.09,0.1
ORD004570,PROD0238,1,1179.28,0.0
ORD013393,PROD0195,5,525.15,0.0
ORD013519,PROD0031,5,2790.09,0.05
ORD017963,PROD0044,2,2277.54,0.0
ORD016845,PROD0072,5,4756.76,0.05
ORD012038,PROD0078,4,1498.55,0.05
ORD015097,PROD0155,5,383.07,0.05
ORD009590,PROD0122,1,768.92,0.0
ORD010001,PROD0153,4,192.77,0.2
ORD000861,PROD0065,3,298.49,0.1
ORD006763,PROD0100,5,1535.02,0.0
ORD012940,PROD0120,1,3592.34,0.0
ORD004768,PROD0216,5,2535.43,0.1
ORD017139,PROD0042,4,5997.9,0.1
ORD010013,PROD0107,2,416.19,0.15
ORD006434,PROD0031,3,2790.09,0.1
ORD003483,PROD0091,1,402.26,0.05
ORD008577,PROD0031,1,2790.09,0.2
ORD011550,PROD0094,4,1585.84,0.15
ORD008282,PROD0013,3,2230.9,0.1
ORD009259,PROD0204,3,1064.24,0.05
ORD017417,PROD0094,1,1585.84,0.0
ORD007554,PROD0137,5,445.2,0.15
ORD015660,PROD0043,2,950.69,0.0
ORD000833,PROD0176,3,890.34,0.0
ORD016948,PROD0295,5,450.65,0.05
ORD014703,PROD0260,3,2453.91,0.0
ORD012827,PROD0013,5,2230.9,0.0
ORD011360,PROD0300,2,2550.36,0.05
ORD004314,PROD0044,2,2277.54,0.0
ORD009345,PROD0053,1,499.98,0.2
ORD004226,PROD0010,3,1326.68,0.15
ORD003054,PROD0194,5,2044.13,0.2
ORD003605,PROD0203,3,1208.94,0.0
ORD015392,PROD0072,3,4756.76,0.0
ORD004751,PROD0009,2,419.4,0.15
ORD007055,PROD0283,4,1585.65,0.1
ORD017808,PROD0124,2,7033.68,0.05
ORD008244,PROD0219,1,1088.5,0.15
ORD011906,PROD0255,5,2724.93,0.15
ORD008752,PROD0166,4,655.43,0.1
ORD016445,PROD0060,4,511.57,0.15
ORD015316,PROD0198,4,1910.21,0.05
ORD012773,PROD0300,5,2550.36,0.05
ORD012061,PROD0199,5,919.06,0.0
ORD002181,PROD0052,2,1103.19,0.1
ORD007685,PROD0047,1,743.87,0.05
ORD003111,PROD0060,5,511.57,0.1
ORD008523,PROD0272,5,834.67,0.05
ORD017533,PROD0034,4,1106.13,0.1
ORD013717,PROD0028,5,740.62,0.1
ORD003807,PROD0226,3,322.28,0.1
ORD017421,PROD0201,4,1107.62,0.2
ORD010389,PROD0245,4,258.37,0.1
ORD000707,PROD0057,4,1480.61,0.0
ORD009706,PROD0121,1,1762.91,0.1
ORD017106,PROD0282,2,1059.41,0.1
ORD006052,PROD0127,1,1166.2,0.0
ORD016193,PROD0178,2,1006.65,0.2
ORD012070,PROD0168,1,1759.17,0.2
ORD007784,PROD0157,2,1342.68,0.0
ORD002532,PROD0038,3,1310.24,0.1
ORD017969,PROD0008,2,1428.37,0.0
ORD005546,PROD0074,5,701.79,0.1
ORD015238,PROD0157,2,1342.68,0.15
ORD005580,PROD0164,3,1896.67,0.1
ORD012795,PROD0180,3,374.36,0.1
ORD013779,PROD0246,3,484.36,0.05
ORD016119,PROD0177,1,1733.37,0.1
ORD007421,PROD0274,3,356.93,0.05
ORD013680,PROD0031,5,2790.09,0.15
ORD005559,PROD0236,2,1243.22,0.2
ORD000261,PROD0060,5,511.57,0.15
ORD008789,PROD0168,2,1759.17,0.05
ORD015381,PROD0088,3,255.81,0.0
ORD014173,PROD0190,2,1494.94,0.2
ORD015784,PROD0221,1,861.75,0.0
ORD005878,PROD0071,4,1519.69,0.0
ORD011019,PROD0115,1,1198.13,0.05
ORD001700,PROD0214,5,285.7,0.05
ORD012585,PROD0129,3,2715.49,0.05
ORD003344,PROD0195,4,525.15,0.1
ORD013514,PROD0128,1,414.27,0.0
ORD006490,PROD0235,3,1069.09,0.1
ORD000190,PROD0183,4,606.73,0.1
ORD003424,PROD0061,5,1808.63,0.1
ORD004259,PROD0039,1,748.33,0.05
ORD008391,PROD0022,3,174.42,0.1
ORD005211,PROD0189,4,260.5,0.05
ORD017064,PROD0178,4,1006.65,0.15
ORD013641,PROD0220,4,1249.15,0.15
ORD009565,PROD0274,1,356.93,0.0
ORD010039,PROD0246,5,484.36,0.1
ORD016217,PROD0267,5,1411.95,0.15
ORD000648,PROD0013,2,2230.9,0.0
ORD015116,PROD0167,2,2511.68,0.05
ORD003478,PROD0173,5,1893.36,0.1
ORD002594,PROD0291,3,859.37,0.15
ORD012102,PROD0092,4,2466.2,0.05
ORD001095,PROD0103,3,814.61,0.1
ORD007074,PROD0289,3,1376.41,0.0
ORD017360,PROD0223,3,1507.47,0.0
ORD006600,PROD0031,4,2790.09,0.05
ORD017589,PROD0236,3,1243.22,0.1
ORD014517,PROD0274,1,356.93,0.0
ORD011115,PROD0223,3,1507.47,0.0
ORD000694,PROD0177,5,1733.37,0.1
ORD004803,PROD0143,1,2026.75,0.1
ORD017266,PROD0064,2,706.46,0.05
ORD010883,PROD0263,3,754.46,0.05
ORD008555,PROD0125,5,1338.46,0.1
ORD012142,PROD0049,1,474.29,0.05
ORD006571,PROD0021,4,2017.39,0.0
ORD016314,PROD0268,3,1593.82,0.05
ORD011090,PROD0150,2,1469.35,0.0
ORD012454,PROD0009,5,419.4,0.1
ORD006946,PROD0227,1,663.99,0.0
ORD004783,PROD0203,4,1208.94,0.0
ORD006371,PROD0206,1,512.36,0.05
ORD006131,PROD0246,4,484.36,0.15
ORD015271,PROD0159,5,2084.31,0.0
ORD004597,PROD0131,1,719.35,0.1
ORD001128,PROD0245,1,258.37,0.1
ORD002771,PROD0299,1,3528.34,0.15
ORD005409,PROD0176,5,890.34,0.05
ORD006404,PROD0023,1,529.99,0.05
ORD017576,PROD0086,1,1292.77,0.1
ORD014834,PROD0271,1,1034.8,0.0
ORD017248,PROD0250,3,468.3,0.0
ORD007130,PROD0014,1,596.75,0.15
ORD006431,PROD0048,5,2692.11,0.0
ORD009810,PROD0152,5,3664.43,0.0
ORD011514,PROD0019,1,2132.91,0.1
ORD015717,PROD0237,4,1008.9,0.1
ORD008245,PROD0047,1,743.87,0.1
ORD015155,PROD0128,3,414.27,0.05
ORD011390,PROD0063,2,453.52,0.0
ORD005445,PROD0295,2,450.65,0.1
ORD012215,PROD0094,3,1585.84,0.0
ORD009891,PROD0012,4,2384.44,0.05
ORD005031,PROD0240,1,1736.87,0.0
ORD016802,PROD0085,1,2361.96,0.1
ORD009070,PROD0217,5,748.27,0.0
ORD011135,PROD0160,1,2652.37,0.1
ORD005484,PROD0214,3,285.7,0.2
ORD014829,PROD0251,1,1056.88,0.1
ORD009764,PROD0100,5,1535.02,0.1
ORD016518,PROD0028,3,740.62,0.1
ORD017466,PROD0299,2,3528.34,0.0
ORD005830,PROD0117,5,1622.14,0.05
ORD001465,PROD0049,5,474.29,0.0
ORD000308,PROD0185,1,592.37,0.05
ORD003281,PROD0014,4,596.75,0.1
ORD012526,PROD0007,2,838.82,0.0
ORD002515,PROD0056,3,1815.37,0.1
ORD007339,PROD0223,3,1507.47,0.1
ORD004408,PROD0175,5,2260.04,0.05
ORD009538,PROD0111,4,843.13,0.1
ORD009825,PROD0086,1,1292.77,0.0
ORD001895,PROD0072,2,4756.76,0.05
ORD009984,PROD0016,3,2382.58,0.0
ORD005437,PROD0248,2,581.51,0.05
ORD011392,PROD0153,3,192.77,0.0
ORD008039,PROD0173,3,1893.36,0.0
ORD010154,PROD0178,3,1006.65,0.05
ORD010341,PROD0211,3,1092.8,0.05
ORD009083,PROD0121,5,1762.91,0.15
ORD005567,PROD0133,2,737.29,0.0
ORD012195,PROD0289,1,1376.41,0.05
ORD008164,PROD0193,3,3394.61,0.0
ORD000050,PROD0032,5,1792.53,0.2
ORD011676,PROD0285,5,1253.77,0.2
ORD009298,PROD0279,3,1760.62,0.1
ORD001261,PROD0202,1,1039.91,0.0
ORD015165,PROD0188,4,5555.06,0.05
ORD013294,PROD0175,2,2260.04,0.15
ORD016029,PROD0075,4,993.75,0.1
ORD006735,PROD0196,5,624.67,0.1
ORD011867,PROD0021,1,2017.39,0.2
ORD014852,PROD0006,5,997.09,0.0
ORD008873,PROD0103,3,814.61,0.2
ORD013292,PROD0109,1,315.2,0.15
ORD008218,PROD0036,1,2265.4,0.05
ORD013744,PROD0231,5,1734.21,0.05
ORD003669,PROD0271,1,1034.8,0.0
ORD014573,PROD0265,3,709.86,0.0
ORD010574,PROD0047,4,743.87,0.05
ORD006864,PROD0086,5,1292.77,0.05
ORD000044,PROD0017,2,5213.81,0.05
ORD005580,PROD0290,5,3732.41,0.2
ORD015417,PROD0232,5,480.05,0.0
ORD017586,PROD0218,4,852.15,0.1
ORD007891,PROD0286,3,722.33,0.1
ORD012239,PROD0140,2,4498.4,0.1
ORD004353,PROD0100,5,1535.02,0.2
ORD006683,PROD0263,2,754.46,0.05
ORD002148,PROD0149,3,231.51,0.05
ORD010343,PROD0091,5,402.26,0.0
ORD000199,PROD0001,4,2228.63,0.05
ORD011408,PROD0078,3,1498.55,0.0
ORD010965,PROD0194,3,2044.13,0.0
ORD005109,PROD0154,1,611.42,0.0
ORD000048,PROD0207,1,4103.55,0.15
ORD004886,PROD0052,2,1103.19,0.1
ORD000665,PROD0167,1,2511.68,0.05
ORD010467,PROD0240,4,1736.87,0.15
ORD014337,PROD0222,2,803.44,0.05
ORD015488,PROD0239,1,3878.85,0.15
ORD015224,PROD0010,2,1326.68,0.0
ORD015488,PROD0249,1,4012.64,0.15
ORD007894,PROD0231,5,1734.21,0.1
ORD004515,PROD0254,5,1021.7,0.2
ORD010150,PROD0251,3,1056.88,0.1
ORD007420,PROD0171,4,619.82,0.0
ORD014723,PROD0295,3,450.65,0.05
ORD000491,PROD0094,3,1585.84,0.05
ORD004256,PROD0013,3,2230.9,0.0
ORD006292,PROD0251,4,1056.88,0.1
ORD013648,PROD0042,4,5997.9,0.1
ORD000144,PROD0282,3,1059.41,0.15
ORD001850,PROD0059,5,3884.69,0.0
ORD008092,PROD0159,5,2084.31,0.1
ORD017330,PROD0283,2,1585.65,0.05
ORD015514,PROD0190,5,1494.94,0.1
ORD000283,PROD0204,2,1064.24,0.2
ORD015969,PROD0052,4,1103.19,0.1
ORD004691,PROD0295,5,450.65,0.0
ORD015702,PROD0129,3,2715.49,0.05
ORD013323,PROD0016,2,2382.58,0.15
ORD011316,PROD0214,4,285.7,0.05
ORD004921,PROD0045,4,1204.82,0.05
ORD007481,PROD0162,2,377.71,0.1
ORD004793,PROD0022,2,174.42,0.0
ORD006840,PROD0078,1,1498.55,0.1
ORD004497,PROD0131,1,719.35,0.1
ORD005195,PROD0038,1,1310.24,0.1
ORD002209,PROD0205,2,315.35,0.15
ORD008702,PROD0002,4,1122.65,0.15
ORD012252,PROD0054,4,1149.11,0.15
ORD004846,PROD0108,2,1195.6,0.0
ORD002245,PROD0298,1,392.05,0.1
ORD017604,PROD0186,3,324.33,0.1
ORD002048,PROD0163,1,703.11,0.0
ORD005098,PROD0189,4,260.5,0.05
ORD007698,PROD0042,2,5997.9,0.2
ORD010266,PROD0155,2,383.07,0.05
ORD014537,PROD0020,5,2005.81,0.05
ORD013082,PROD0277,4,668.68,0.0
ORD002732,PROD0093,3,2481.82,0.2
ORD005427,PROD0022,3,174.42,0.0
ORD012928,PROD0099,3,550.57,0.1
ORD003294,PROD0229,5,251.37,0.0
ORD001153,PROD0029,5,1224.14,0.15
ORD011770,PROD0040,1,5448.94,0.15
ORD013247,PROD0027,3,5305.88,0.1
ORD010788,PROD0099,3,550.57,0.0
ORD009803,PROD0140,2,4498.4,0.05
ORD014738,PROD0110,3,2045.64,0.05
ORD007588,PROD0182,1,1491.37,0.1
ORD016527,PROD0256,5,895.23,0.15
ORD017595,PROD0297,4,359.44,0.2
ORD007030,PROD0072,4,4756.76,0.0
ORD016895,PROD0179,4,608.27,0.05
ORD008719,PROD0098,1,1788.67,0.15
ORD003608,PROD0208,1,1605.39,0.05
ORD004807,PROD0115,5,1198.13,0.0
ORD002544,PROD0242,5,1251.99,0.05
ORD002685,PROD0081,2,2207.21,0.1
ORD012467,PROD0281,1,5213.75,0.15
ORD016624,PROD0145,2,2107.82,0.0
ORD014294,PROD0254,4,1021.7,0.2
ORD006608,PROD0109,4,315.2,0.15
ORD010193,PROD0205,4,315.35,0.05
ORD009521,PROD0046,2,423.5,0.2
ORD001673,PROD0022,3,174.42,0.2
ORD008563,PROD0003,5,2931.9,0.1
ORD002229,PROD0290,5,3732.41,0.1
ORD011892,PROD0120,2,3592.34,0.2
ORD014793,PROD0260,2,2453.91,0.05
ORD009290,PROD0258,3,814.14,0.05
ORD005338,PROD0141,4,526.7,0.05
ORD014732,PROD0254,2,1021.7,0.15
ORD015499,PROD0293,4,1136.47,0.0
ORD011516,PROD0136,3,4655.74,0.0
ORD011983,PROD0190,5,1494.94,0.05
ORD005705,PROD0097,2,2244.75,0.2
ORD010292,PROD0286,3,722.33,0.05
ORD011281,PROD0097,2,2244.75,0.05
ORD010616,PROD0081,1,2207.21,0.0
ORD006610,PROD0124,1,7033.68,0.1
ORD003253,PROD0227,5,663.99,0.1
ORD012282,PROD0109,4,315.2,0.15
ORD011565,PROD0176,2,890.34,0.05
ORD012075,PROD0022,3,174.42,0.1
ORD000362,PROD0179,4,608.27,0.0
ORD000880,PROD0246,2,484.36,0.1
ORD004624,PROD0201,4,1107.62,0.05
ORD010454,PROD0116,2,435.35,0.15
ORD003630,PROD0053,4,499.98,0.1
ORD017306,PROD0166,2,655.43,0.05
ORD005332,PROD0176,4,890.34,0.0
ORD007224,PROD0187,1,2575.23,0.0
ORD003978,PROD0263,3,754.46,0.0
ORD009723,PROD0082,4,835.72,0.05
ORD007506,PROD0224,5,4037.97,0.0
ORD007763,PROD0075,4,993.75,0.05
ORD008800,PROD0094,3,1585.84,0.2
ORD015626,PROD0031,3,2790.09,0.0
ORD012906,PROD0198,2,1910.21,0.0
ORD004491,PROD0219,5,1088.5,0.1
ORD016515,PROD0079,2,1557.75,0.1
ORD016831,PROD0057,1,1480.61,0.05
ORD003947,PROD0013,1,2230.9,0.15
ORD000067,PROD0184,1,734.18,0.0
ORD008005,PROD0263,5,754.46,0.2
ORD002557,PROD0167,5,2511.68,0.1
ORD015049,PROD0096,5,830.36,0.0
ORD015667,PROD0082,4,835.72,0.1
ORD016679,PROD0125,3,1338.46,0.2
ORD014122,PROD0057,1,1480.61,0.15
ORD007391,PROD0174,3,1681.39,0.1
ORD015435,PROD0014,3,596.75,0.0
ORD007485,PROD0056,3,1815.37,0.2
ORD011635,PROD0097,1,2244.75,0.15
ORD011817,PROD0239,2,3878.85,0.0
ORD005577,PROD0054,2,1149.11,0.0
ORD013469,PROD0094,4,1585.84,0.05
ORD016838,PROD0018,4,1106.42,0.1
ORD006170,PROD0160,2,2652.37,0.1
ORD004202,PROD0139,2,624.58,0.1
ORD002884,PROD0002,1,1122.65,0.1
ORD012828,PROD0221,1,861.75,0.2
ORD009319,PROD0097,3,2244.75,0.05
ORD010510,PROD0129,2,2715.49,0.0
ORD017631,PROD0250,2,468.3,0.1
ORD017244,PROD0012,5,2384.44,0.1
ORD002692,PROD0112,4,3157.32,0.0
ORD007896,PROD0133,3,737.29,0.1
ORD004305,PROD0238,4,1179.28,0.15
ORD007127,PROD0206,5,512.36,0.1
ORD012031,PROD0180,5,374.36,0.1
ORD015351,PROD0229,5,251.37,0.1
ORD005717,PROD0158,3,1130.19,0.05
ORD000919,PROD0018,5,1106.42,0.0
ORD000705,PROD0037,5,1059.57,0.05
ORD005840,PROD0146,2,2912.21,0.1
ORD001307,PROD0164,2,1896.67,0.05
ORD007868,PROD0055,2,1758.65,0.05
ORD017048,PROD0060,5,511.57,0.1
ORD017677,PROD0094,5,1585.84,0.1
ORD001083,PROD0078,1,1498.55,0.15
ORD011754,PROD0215,3,496.9,0.15
ORD016260,PROD0047,4,743.87,0.0
ORD015657,PROD0149,2,231.51,0.05
ORD000380,PROD0158,3,1130.19,0.05
ORD005438,PROD0058,4,5552.05,0.2
ORD001609,PROD0190,1,1494.94,0.05
ORD007236,PROD0076,3,1911.33,0.1
ORD010508,PROD0047,1,743.87,0.1
ORD004456,PROD0045,4,1204.82,0.1
ORD000853,PROD0055,3,1758.65,0.0
ORD012135,PROD0108,2,1195.6,0.2
ORD016940,PROD0016,5,2382.58,0.0
ORD010043,PROD0204,5,1064.24,0.1
ORD001869,PROD0089,4,390.25,0.2
ORD014272,PROD0234,1,1884.98,0.2
ORD002301,PROD0172,3,3513.98,0.0
ORD015220,PROD0080,4,1973.58,0.05
ORD016686,PROD0233,5,865.79,0.1
ORD002117,PROD0219,4,1088.5,0.0
ORD017455,PROD0148,1,2479.32,0.15
ORD017843,PROD0237,5,1008.9,0.1
ORD001342,PROD0056,5,1815.37,0.05
ORD011044,PROD0081,3,2207.21,0.2
ORD004460,PROD0136,4,4655.74,0.0
ORD000664,PROD0257,4,994.46,0.0
ORD010056,PROD0092,3,2466.2,0.2
ORD012893,PROD0171,3,619.82,0.05
ORD006065,PROD0090,5,1416.42,0.15
ORD010602,PROD0065,2,298.49,0.05
ORD012515,PROD0124,2,7033.68,0.1
ORD000162,PROD0059,1,3884.69,0.2
ORD010322,PROD0297,1,359.44,0.1
ORD002699,PROD0225,3,670.12,0.05
ORD003585,PROD0014,4,596.75,0.1
ORD001808,PROD0084,2,787.16,0.05
ORD005773,PROD0016,3,2382.58,0.15
ORD011211,PROD0018,5,1106.42,0.0
ORD011723,PROD0237,5,1008.9,0.05
ORD007176,PROD0004,2,1005.11,0.0
ORD009957,PROD0218,5,852.15,0.05
ORD003947,PROD0141,4,526.7,0.15
ORD007023,PROD0054,2,1149.11,0.0
ORD011932,PROD0217,2,748.27,0.05
ORD001298,PROD0277,1,668.68,0.2
ORD017125,PROD0287,3,1180.58,0.15
ORD015723,PROD0005,2,5350.44,0.05
ORD009454,PROD0265,1,709.86,0.05
ORD015495,PROD0045,3,1204.82,0.1
ORD011943,PROD0137,1,445.2,0.15
ORD014418,PROD0206,3,512.36,0.05
ORD008287,PROD0022,1,174.42,0.05
ORD017110,PROD0004,4,1005.11,0.15
ORD010198,PROD0158,4,1130.19,0.15
ORD010863,PROD0101,3,3596.1,0.0
ORD016631,PROD0157,2,1342.68,0.0
ORD005717,PROD0144,5,1097.89,0.05
ORD003157,PROD0015,2,768.6,0.0
ORD016276,PROD0264,3,409.67,0.2
ORD001906,PROD0271,5,1034.8,0.15
ORD006137,PROD0188,5,5555.06,0.0
ORD004551,PROD0110,1,2045.64,0.2
ORD008576,PROD0041,2,566.23,0.05
ORD007079,PROD0249,3,4012.64,0.05
ORD006163,PROD0213,2,475.42,0.2
ORD006391,PROD0187,1,2575.23,0.15
ORD008019,PROD0289,1,1376.41,0.05
ORD003243,PROD0214,2,285.7,0.1
ORD004283,PROD0170,1,1486.76,0.0
ORD013082,PROD0271,4,1034.8,0.2
ORD017273,PROD0019,5,2132.91,0.0
ORD016969,PROD0174,5,1681.39,0.05
ORD011827,PROD0112,5,3157.32,0.15
ORD011177,PROD0245,5,258.37,0.15
ORD002831,PROD0218,4,852.15,0.1
ORD004409,PROD0219,2,1088.5,0.0
ORD015933,PROD0231,2,1734.21,0.05
ORD014293,PROD0266,3,1066.97,0.05
ORD017707,PROD0061,5,1808.63,0.05
ORD002505,PROD0287,5,1180.58,0.05
ORD007861,PROD0295,5,450.65,0.1
ORD009934,PROD0050,4,138.33,0.0
ORD006975,PROD0134,2,938.67,0.15
ORD012420,PROD0226,5,322.28,0.05
ORD003098,PROD0210,1,539.67,0.05
ORD007916,PROD0161,1,1467.22,0.15
ORD009032,PROD0137,3,445.2,0.05
ORD001162,PROD0102,2,1726.73,0.1
ORD007586,PROD0150,1,1469.35,0.1
ORD017348,PROD0177,3,1733.37,0.05
ORD001138,PROD0205,1,315.35,0.1
ORD005897,PROD0208,2,1605.39,0.0
ORD017022,PROD0228,1,1012.55,0.15
ORD006525,PROD0061,3,1808.63,0.1
ORD016857,PROD0031,1,2790.09,0.05
ORD004561,PROD0113,3,495.12,0.05
ORD001839,PROD0007,3,838.82,0.0
ORD011877,PROD0278,5,1418.31,0.1
ORD008637,PROD0222,5,803.44,0.1
ORD014432,PROD0119,4,1545.4,0.1
ORD010405,PROD0247,2,1013.19,0.2
ORD000825,PROD0021,4,2017.39,0.2
ORD015540,PROD0175,3,2260.04,0.1
ORD000061,PROD0160,1,2652.37,0.1
ORD008569,PROD0106,3,770.07,0.1
ORD012632,PROD0189,5,260.5,0.0
ORD009814,PROD0085,5,2361.96,0.05
ORD002109,PROD0145,1,2107.82,0.05
ORD012624,PROD0151,2,938.09,0.0
ORD017392,PROD0050,2,138.33,0.15
ORD012949,PROD0208,4,1605.39,0.0
ORD008959,PROD0236,5,1243.22,0.1
ORD008167,PROD0048,2,2692.11,0.0
ORD006227,PROD0013,4,2230.9,0.1
ORD016159,PROD0145,3,2107.82,0.0
ORD008788,PROD0074,5,701.79,0.1
ORD008685,PROD0025,4,585.99,0.1
ORD006930,PROD0276,3,1150.97,0.0
ORD000427,PROD0230,2,1187.41,0.0
ORD002640,PROD0059,3,3884.69,0.15
ORD000793,PROD0225,4,670.12,0.1
ORD005604,PROD0197,1,774.0,0.0
ORD003542,PROD0021,3,2017.39,0.1
ORD011969,PROD0202,4,1039.91,0.0
ORD000234,PROD0084,4,787.16,0.1
ORD008010,PROD0242,3,1251.99,0.0
ORD006774,PROD0289,1,1376.41,0.0
ORD005867,PROD0094,5,1585.84,0.05
ORD016871,PROD0012,2,2384.44,0.15
ORD006113,PROD0185,5,592.37,0.05
ORD014263,PROD0205,2,315.35,0.05
ORD000657,PROD0075,4,993.75,0.05
ORD013117,PROD0178,2,1006.65,0.05
ORD007052,PROD0155,3,383.07,0.15
ORD011899,PROD0061,3,1808.63,0.1
ORD001782,PROD0231,4,1734.21,0.1
ORD016026,PROD0261,2,1950.36,0.0
ORD000343,PROD0221,1,861.75,0.05
ORD006287,PROD0195,3,525.15,0.1
ORD006017,PROD0132,3,1663.98,0.0
ORD002619,PROD0083,4,1558.0,0.0
ORD009810,PROD0013,2,2230.9,0.0
ORD017791,PROD0003,1,2931.9,0.0
ORD001850,PROD0083,2,1558.0,0.0
ORD015351,PROD0271,3,1034.8,0.2
ORD016094,PROD0241,5,215.23,0.0
ORD017310,PROD0159,4,2084.31,0.1
ORD004595,PROD0271,1,1034.8,0.15
ORD007174,PROD0107,2,416.19,0.05
ORD005531,PROD0209,3,4636.93,0.1
ORD003940,PROD0182,5,1491.37,0.0
ORD002283,PROD0058,4,5552.05,0.1
ORD008833,PROD0081,1,2207.21,0.1
ORD017848,PROD0086,2,1292.77,0.05
ORD015249,PROD0184,1,734.18,0.15
ORD002703,PROD0224,4,4037.97,0.2
ORD012615,PROD0163,2,703.11,0.2
ORD003152,PROD0108,3,1195.6,0.05
ORD015732,PROD0109,3,315.2,0.1
ORD001659,PROD0287,5,1180.58,0.0
ORD015487,PROD0243,2,4498.92,0.05
ORD005475,PROD0019,1,2132.91,0.2
ORD016449,PROD0084,5,787.16,0.0
ORD004921,PROD0073,2,3798.83,0.1
ORD010426,PROD0196,2,624.67,0.2
ORD014544,PROD0111,3,843.13,0.05
ORD008798,PROD0048,2,2692.11,0.1
ORD006065,PROD0095,2,853.11,0.0
ORD009151,PROD0100,3,1535.02,0.05
ORD014327,PROD0097,5,2244.75,0.1
ORD014692,PROD0023,5,529.99,0.0
ORD001687,PROD0106,2,770.07,0.05
ORD003589,PROD0224,4,4037.97,0.05
ORD007440,PROD0025,3,585.99,0.1
ORD002521,PROD0216,5,2535.43,0.0
ORD009131,PROD0185,4,592.37,0.05
ORD016552,PROD0026,3,926.18,0.05
ORD003314,PROD0283,2,1585.65,0.0
ORD009651,PROD0164,3,1896.67,0.1
ORD014547,PROD0032,4,1792.53,0.05
ORD013188,PROD0270,3,546.81,0.15
ORD008248,PROD0174,1,1681.39,0.0
ORD001501,PROD0089,2,390.25,0.1
ORD006546,PROD0286,3,722.33,0.2
ORD013234,PROD0128,4,414.27,0.0
ORD005566,PROD0161,1,1467.22,0.2
ORD006421,PROD0119,2,1545.4,0.0
ORD003905,PROD0171,1,619.82,0.05
ORD010608,PROD0014,1,596.75,0.0
ORD013949,PROD0225,5,670.12,0.1
ORD017384,PROD0021,5,2017.39,0.15
ORD010252,PROD0225,5,670.12,0.0
ORD000315,PROD0029,2,1224.14,0.1
ORD005053,PROD0073,2,3798.83,0.15
ORD000229,PROD0091,4,402.26,0.05
ORD007151,PROD0137,3,445.2,0.05
ORD008291,PROD0096,3,830.36,0.2
ORD003044,PROD0074,1,701.79,0.15
ORD007833,PROD0253,4,3782.92,0.05
ORD006238,PROD0028,5,740.62,0.2
ORD002773,PROD0029,3,1224.14,0.1
ORD006578,PROD0235,2,1069.09,0.15
ORD002076,PROD0218,5,852.15,0.1
ORD008629,PROD0117,3,1622.14,0.1
ORD016295,PROD0051,2,257.94,0.0
ORD013463,PROD0187,2,2575.23,0.05
ORD000746,PROD0297,5,359.44,0.0
ORD002644,PROD0019,5,2132.91,0.1
ORD011592,PROD0279,2,1760.62,0.0
ORD007530,PROD0223,4,1507.47,0.15
ORD005589,PROD0028,2,740.62,0.15
ORD016313,PROD0119,2,1545.4,0.0
ORD011839,PROD0034,2,1106.13,0.1
ORD002388,PROD0033,5,726.59,0.1
ORD015584,PROD0286,5,722.33,0.1
ORD002639,PROD0003,2,2931.9,0.1
ORD010817,PROD0150,2,1469.35,0.1
ORD013255,PROD0251,1,1056.88,0.0
ORD004874,PROD0137,4,445.2,0.1
ORD014994,PROD0220,2,1249.15,0.0
ORD010070,PROD0039,2,748.33,0.05
ORD005116,PROD0126,1,648.87,0.2
ORD000973,PROD0254,5,1021.7,0.0
ORD006233,PROD0228,3,1012.55,0.15
ORD000369,PROD0063,1,453.52,0.2
ORD015202,PROD0125,5,1338.46,0.2
ORD010959,PROD0123,5,2787.07,0.05
ORD007611,PROD0161,1,1467.22,0.1
ORD007932,PROD0123,4,2787.07,0.1
ORD004980,PROD0281,5,5213.75,0.05
ORD009585,PROD0031,3,2790.09,0.05
ORD017579,PROD0172,4,3513.98,0.15
ORD017537,PROD0050,1,138.33,0.05
ORD002783,PROD0255,5,2724.93,0.2
ORD003466,PROD0198,5,1910.21,0.0
ORD003612,PROD0286,2,722.33,0.0
ORD007466,PROD0040,4,5448.94,0.0
ORD007600,PROD0298,3,392.05,0.0
ORD008540,PROD0077,5,372.07,0.0
ORD002255,PROD0112,3,3157.32,0.2
ORD017872,PROD0192,3,2094.72,0.0
ORD011846,PROD0298,2,392.05,0.05
ORD004979,PROD0205,3,315.35,0.1
ORD011144,PROD0035,3,914.62,0.0
ORD002227,PROD0097,2,2244.75,0.0
ORD007526,PROD0118,4,437.61,0.1
ORD004969,PROD0046,4,423.5,0.15
ORD016781,PROD0274,4,356.93,0.1
ORD011039,PROD0079,1,1557.75,0.0
ORD013382,PROD0186,1,324.33,0.0
ORD016428,PROD0102,2,1726.73,0.1
ORD002664,PROD0192,3,2094.72,0.0
ORD016879,PROD0287,1,1180.58,0.0
ORD010055,PROD0014,4,596.75,0.05
ORD002722,PROD0164,3,1896.67,0.05
ORD008173,PROD0111,5,843.13,0.05
ORD013166,PROD0154,4,611.42,0.1
ORD010440,PROD0164,4,1896.67,0.2
ORD004298,PROD0207,3,4103.55,0.1
ORD003077,PROD0234,4,1884.98,0.1
ORD014174,PROD0282,2,1059.41,0.05
ORD000217,PROD0108,3,1195.6,0.0
ORD016844,PROD0289,3,1376.41,0.0
ORD017528,PROD0256,1,895.23,0.1
ORD007785,PROD0213,5,475.42,0.1
ORD006329,PROD0271,3,1034.8,0.1
ORD002604,PROD0028,4,740.62,0.2
ORD013800,PROD0163,4,703.11,0.15
ORD013981,PROD0006,5,997.09,0.05
ORD007522,PROD0135,1,1098.25,0.1
ORD010306,PROD0156,3,1302.29,0.1
ORD006791,PROD0248,1,581.51,0.15
ORD000353,PROD0293,1,1136.47,0.1
ORD011667,PROD0253,4,3782.92,0.0
ORD014107,PROD0007,2,838.82,0.2
ORD008228,PROD0233,1,865.79,0.05
ORD014917,PROD0169,3,2484.01,0.15
ORD000313,PROD0239,1,3878.85,0.0
ORD014766,PROD0041,4,566.23,0.15
ORD002312,PROD0249,1,4012.64,0.0
ORD014542,PROD0012,5,2384.44,0.15
ORD013142,PROD0154,1,611.42,0.05
ORD013978,PROD0211,4,1092.8,0.1
ORD006543,PROD0182,2,1491.37,0.05
ORD014394,PROD0235,1,1069.09,0.1
ORD000606,PROD0248,2,581.51,0.05
ORD013113,PROD0162,5,377.71,0.15
ORD001968,PROD0114,2,983.9,0.05
ORD015646,PROD0109,1,315.2,0.2
ORD005022,PROD0185,1,592.37,0.05
ORD017476,PROD0035,1,914.62,0.05
ORD015831,PROD0017,3,5213.81,0.2
ORD000598,PROD0055,4,1758.65,0.1
ORD011453,PROD0226,1,322.28,0.05
ORD006726,PROD0146,2,2912.21,0.0
ORD016280,PROD0162,2,377.71,0.0
ORD006653,PROD0226,5,322.28,0.2
ORD015037,PROD0190,2,1494.94,0.0
ORD017632,PROD0102,2,1726.73,0.15
ORD005731,PROD0118,2,437.61,0.0
ORD003217,PROD0217,3,748.27,0.2
ORD010224,PROD0138,1,2041.26,0.05
ORD011176,PROD0055,5,1758.65,0.1
ORD003649,PROD0208,4,1605.39,0.15
ORD012943,PROD0227,3,663.99,0.1
ORD014772,PROD0065,5,298.49,0.1
ORD012297,PROD0116,4,435.35,0.05
ORD015043,PROD0271,4,1034.8,0.05
ORD009468,PROD0208,5,1605.39,0.15
ORD017703,PROD0075,5,993.75,0.05
ORD009311,PROD0015,1,768.6,0.15
ORD017158,PROD0149,4,231.51,0.1
ORD017258,PROD0048,1,2692.11,0.05
ORD008338,PROD0238,1,1179.28,0.0
ORD006796,PROD0187,4,2575.23,0.15
ORD004342,PROD0224,4,4037.97,0.2
ORD011617,PROD0078,5,1498.55,0.1
ORD017236,PROD0038,3,1310.24,0.05
ORD015116,PROD0211,5,1092.8,0.05
ORD012576,PROD0215,5,496.9,0.2
ORD012885,PROD0165,4,1341.44,0.05
ORD017232,PROD0062,4,1731.8,0.15
ORD001160,PROD0198,1,1910.21,0.15
ORD015662,PROD0047,1,743.87,0.05
ORD016322,PROD0128,4,414.27,0.1
ORD016696,PROD0224,3,4037.97,0.15
ORD004169,PROD0070,1,2065.33,0.15
ORD014475,PROD0295,2,450.65,0.2
ORD015134,PROD0033,2,726.59,0.1
ORD007034,PROD0045,4,1204.82,0.0
ORD003883,PROD0034,2,1106.13,0.0
ORD013994,PROD0047,3,743.87,0.1
ORD009902,PROD0205,1,315.35,0.15
ORD003467,PROD0037,3,1059.57,0.0
ORD007802,PROD0229,1,251.37,0.15
ORD013996,PROD0131,1,719.35,0.2
ORD005777,PROD0266,5,1066.97,0.2
ORD003783,PROD0149,3,231.51,0.15
ORD008959,PROD0079,2,1557.75,0.0
ORD014730,PROD0072,4,4756.76,0.0
ORD012263,PROD0118,5,437.61,0.2
ORD009501,PROD0238,1,1179.28,0.0
ORD008966,PROD0064,3,706.46,0.05
ORD007215,PROD0210,3,539.67,0.15
ORD006927,PROD0258,2,814.14,0.05
ORD012289,PROD0289,5,1376.41,0.05
ORD008150,PROD0039,3,748.33,0.0
ORD005765,PROD0065,4,298.49,0.15
ORD014653,PROD0193,4,3394.61,0.1
ORD011809,PROD0017,2,5213.81,0.05
ORD001776,PROD0097,2,2244.75,0.1
ORD006320,PROD0091,2,402.26,0.2
ORD009231,PROD0096,4,830.36,0.0
ORD010997,PROD0006,4,997.09,0.1
ORD002861,PROD0051,4,257.94,0.1
ORD000080,PROD0195,2,525.15,0.0
ORD013243,PROD0093,1,2481.82,0.1
ORD015183,PROD0139,1,624.58,0.15
ORD015816,PROD0218,1,852.15,0.1
ORD017984,PROD0007,2,838.82,0.0
ORD004768,PROD0186,3,324.33,0.1
ORD002627,PROD0034,2,1106.13,0.1
ORD012740,PROD0130,5,1402.05,0.0
ORD009881,PROD0163,3,703.11,0.0
ORD016148,PROD0209,2,4636.93,0.2
ORD011588,PROD0292,2,526.18,0.15
ORD004676,PROD0108,4,1195.6,0.1
ORD011010,PROD0154,5,611.42,0.05
ORD010192,PROD0072,3,4756.76,0.05
ORD005064,PROD0272,2,834.67,0.1
ORD016139,PROD0263,5,754.46,0.0
ORD011048,PROD0136,4,4655.74,0.1
ORD009971,PROD0123,1,2787.07,0.05
ORD005088,PROD0001,2,2228.63,0.05
ORD005116,PROD0220,5,1249.15,0.1
ORD007504,PROD0104,1,917.71,0.05
ORD014613,PROD0074,2,701.79,0.0
ORD002936,PROD0086,1,1292.77,0.15
ORD008318,PROD0032,5,1792.53,0.0
ORD017723,PROD0284,5,1551.66,0.0
ORD010318,PROD0052,5,1103.19,0.0
ORD005445,PROD0161,4,1467.22,0.1
ORD013866,PROD0103,5,814.61,0.05
ORD015711,PROD0274,2,356.93,0.1
ORD015097,PROD0093,4,2481.82,0.1
ORD007634,PROD0150,5,1469.35,0.0
ORD001653,PROD0234,5,1884.98,0.05
ORD004011,PROD0247,5,1013.19,0.1
ORD005888,PROD0121,2,1762.91,0.0
ORD006931,PROD0170,1,1486.76,0.05
ORD008446,PROD0209,4,4636.93,0.05
ORD001181,PROD0198,5,1910.21,0.1
ORD012163,PROD0103,3,814.61,0.0
ORD009433,PROD0119,4,1545.4,0.15
ORD012774,PROD0243,4,4498.92,0.1
ORD009226,PROD0298,1,392.05,0.05
ORD005992,PROD0078,4,1498.55,0.1
ORD006949,PROD0157,2,1342.68,0.1
ORD011914,PROD0049,4,474.29,0.05
ORD002501,PROD0269,2,528.68,0.0
ORD009696,PROD0040,2,5448.94,0.2
ORD000381,PROD0115,2,1198.13,0.15
ORD017786,PROD0275,5,1740.08,0.1
ORD006708,PROD0066,4,705.54,0.0
ORD006703,PROD0044,1,2277.54,0.05
ORD014508,PROD0184,2,734.18,0.1
ORD016927,PROD0249,2,4012.64,0.05
ORD008060,PROD0151,3,938.09,0.1
ORD002573,PROD0279,1,1760.62,0.2
ORD000138,PROD0186,2,324.33,0.1
ORD000189,PROD0173,1,1893.36,0.05
ORD012556,PROD0276,5,1150.97,0.05
ORD008395,PROD0111,3,843.13,0.2
ORD005279,PROD0259,3,272.42,0.05
ORD003824,PROD0218,2,852.15,0.05
ORD017652,PROD0122,2,768.92,0.0
ORD015824,PROD0196,4,624.67,0.05
ORD008952,PROD0176,5,890.34,0.05
ORD016273,PROD0203,1,1208.94,0.2
ORD016163,PROD0113,3,495.12,0.15
ORD011524,PROD0004,4,1005.11,0.05
ORD007619,PROD0273,1,1884.45,0.1
ORD002295,PROD0021,2,2017.39,0.05
ORD016845,PROD0127,1,1166.2,0.0
ORD009683,PROD0182,5,1491.37,0.15
ORD002098,PROD0008,4,1428.37,0.05
ORD006764,PROD0038,5,1310.24,0.0
ORD013230,PROD0035,1,914.62,0.05
ORD008698,PROD0050,4,138.33,0.15
ORD002185,PROD0195,5,525.15,0.0
ORD011144,PROD0045,4,1204.82,0.1
ORD008245,PROD0276,3,1150.97,0.1
ORD008095,PROD0143,1,2026.75,0.1
ORD001255,PROD0180,1,374.36,0.0
ORD016040,PROD0299,2,3528.34,0.05
ORD003685,PROD0093,2,2481.82,0.05
ORD011426,PROD0226,5,322.28,0.1
ORD010553,PROD0286,2,722.33,0.0
ORD004754,PROD0272,4,834.67,0.0
ORD012850,PROD0081,2,2207.21,0.15
ORD017869,PROD0117,4,1622.14,0.05
ORD007307,PROD0249,1,4012.64,0.0
ORD012851,PROD0119,1,1545.4,0.2
ORD001195,PROD0107,2,416.19,0.1
ORD007594,PROD0026,3,926.18,0.2
ORD000808,PROD0253,4,3782.92,0.0
ORD008242,PROD0196,1,624.67,0.05
ORD008800,PROD0013,3,2230.9,0.1
ORD005351,PROD0267,5,1411.95,0.05
ORD006175,PROD0110,2,2045.64,0.05
ORD002161,PROD0179,3,608.27,0.0
ORD015547,PROD0182,2,1491.37,0.0
ORD014860,PROD0275,3,1740.08,0.1
ORD008159,PROD0094,2,1585.84,0.0
ORD012366,PROD0106,3,770.07,0.0
ORD004268,PROD0163,4,703.11,0.0
ORD007700,PROD0049,5,474.29,0.1
ORD005105,PROD0180,5,374.36,0.15
ORD002998,PROD0115,4,1198.13,0.05
ORD011704,PROD0123,4,2787.07,0.1
ORD013768,PROD0299,5,3528.34,0.05
ORD008547,PROD0188,5,5555.06,0.1
ORD002939,PROD0113,4,495.12,0.1
ORD017051,PROD0166,4,655.43,0.1
ORD008047,PROD0061,3,1808.63,0.2
ORD011187,PROD0179,5,608.27,0.05
ORD001708,PROD0282,1,1059.41,0.15
ORD002464,PROD0216,5,2535.43,0.0
ORD004421,PROD0194,5,2044.13,0.15
ORD013455,PROD0229,1,251.37,0.0
ORD013581,PROD0012,1,2384.44,0.1
ORD002666,PROD0254,1,1021.7,0.05
ORD006793,PROD0096,2,830.36,0.1
ORD009444,PROD0242,5,1251.99,0.1
ORD015455,PROD0069,3,6450.78,0.2
ORD008681,PROD0254,1,1021.7,0.05
ORD017821,PROD0193,2,3394.61,0.05
ORD014814,PROD0214,1,285.7,0.15
ORD005534,PROD0100,5,1535.02,0.2
ORD008633,PROD0016,5,2382.58,0.05
ORD014189,PROD0262,2,1081.48,0.0
ORD002691,PROD0214,2,285.7,0.05
ORD010875,PROD0039,5,748.33,0.2
ORD007276,PROD0097,1,2244.75,0.2
ORD002942,PROD0074,4,701.79,0.1
ORD012790,PROD0066,3,705.54,0.15
ORD002616,PROD0194,3,2044.13,0.15
ORD006516,PROD0088,4,255.81,0.1
ORD012969,PROD0300,3,2550.36,0.15
ORD000264,PROD0203,1,1208.94,0.1
ORD006371,PROD0084,5,787.16,0.15
ORD011540,PROD0080,5,1973.58,0.15
ORD006576,PROD0264,1,409.67,0.15
ORD006799,PROD0005,3,5350.44,0.0
ORD012593,PROD0079,2,1557.75,0.1
ORD009803,PROD0110,5,2045.64,0.1
ORD011358,PROD0141,3,526.7,0.1
ORD011193,PROD0078,5,1498.55,0.1
ORD009434,PROD0150,4,1469.35,0.05
ORD013123,PROD0018,5,1106.42,0.0
ORD006308,PROD0154,2,611.42,0.1
ORD006410,PROD0028,1,740.62,0.2
ORD009952,PROD0075,5,993.75,0.1
ORD004540,PROD0209,4,4636.93,0.0
ORD006042,PROD0249,5,4012.64,0.1
ORD000313,PROD0141,4,526.7,0.1
ORD017317,PROD0119,1,1545.4,0.1
ORD011120,PROD0050,1,138.33,0.0
ORD017029,PROD0274,5,356.93,0.05
ORD005916,PROD0280,2,239.29,0.0
ORD003004,PROD0270,1,546.81,0.05
ORD014106,PROD0082,1,835.72,0.0
ORD014287,PROD0234,1,1884.98,0.0
ORD002257,PROD0196,3,624.67,0.0
ORD005293,PROD0070,3,2065.33,0.0
ORD010594,PROD0107,4,416.19,0.0
ORD007554,PROD0162,5,377.71,0.1
ORD010639,PROD0121,3,1762.91,0.0
ORD003088,PROD0153,2,192.77,0.0
ORD009655,PROD0225,1,670.12,0.0
ORD003601,PROD0001,5,2228.63,0.1
ORD012508,PROD0058,4,5552.05,0.1
ORD014051,PROD0217,1,748.27,0.2
ORD014903,PROD0176,1,890.34,0.1
ORD005036,PROD0037,2,1059.57,0.05
ORD001330,PROD0192,5,2094.72,0.05
ORD014667,PROD0230,2,1187.41,0.0
ORD011190,PROD0162,4,377.71,0.15
ORD016108,PROD0184,4,734.18,0.1
ORD012068,PROD0034,1,1106.13,0.0
ORD015824,PROD0023,4,529.99,0.05
ORD015156,PROD0171,5,619.82,0.05
ORD005606,PROD0288,1,1099.87,0.15
ORD010195,PROD0223,5,1507.47,0.15
ORD001498,PROD0058,3,5552.05,0.1
ORD000715,PROD0190,2,1494.94,0.2
ORD002660,PROD0017,5,5213.81,0.2
ORD007417,PROD0002,1,1122.65,0.2
ORD001619,PROD0146,5,2912.21,0.05
ORD005825,PROD0071,4,1519.69,0.15
ORD011234,PROD0156,4,1302.29,0.2
ORD017561,PROD0133,1,737.29,0.15
ORD006579,PROD0098,5,1788.67,0.2
ORD005213,PROD0219,3,1088.5,0.1
ORD009972,PROD0019,4,2132.91,0.0
ORD004147,PROD0028,2,740.62,0.15
ORD003436,PROD0248,5,581.51,0.0
ORD010677,PROD0290,5,3732.41,0.2
ORD005138,PROD0005,5,5350.44,0.1
ORD014197,PROD0229,5,251.37,0.0
ORD002732,PROD0158,2,1130.19,0.15
ORD009572,PROD0152,5,3664.43,0.0
ORD004159,PROD0275,1,1740.08,0.0
ORD008080,PROD0020,1,2005.81,0.2
ORD003734,PROD0051,5,257.94,0.1
ORD008168,PROD0241,4,215.23,0.0
ORD007747,PROD0288,4,1099.87,0.1
ORD009675,PROD0249,5,4012.64,0.05
ORD016472,PROD0013,5,2230.9,0.05
ORD003944,PROD0253,5,3782.92,0.05
ORD016867,PROD0256,5,895.23,0.05
ORD006112,PROD0019,3,2132.91,0.1
ORD016617,PROD0017,1,5213.81,0.15
ORD006560,PROD0216,4,2535.43,0.05
ORD002797,PROD0208,1,1605.39,0.0
ORD004695,PROD0108,5,1195.6,0.0
ORD002424,PROD0273,4,1884.45,0.15
ORD013914,PROD0131,1,719.35,0.15
ORD008317,PROD0146,1,2912.21,0.15
ORD011877,PROD0270,2,546.81,0.15
ORD016942,PROD0131,4,719.35,0.05
ORD016397,PROD0025,3,585.99,0.1
ORD002515,PROD0263,2,754.46,0.15
ORD012682,PROD0103,1,814.61,0.15
ORD008654,PROD0281,4,5213.75,0.0
ORD000145,PROD0114,4,983.9,0.05
ORD013536,PROD0204,1,1064.24,0.15
ORD002860,PROD0092,3,2466.2,0.05
ORD012103,PROD0248,3,581.51,0.0
ORD009982,PROD0162,1,377.71,0.1
ORD015326,PROD0177,5,1733.37,0.0
ORD013274,PROD0283,1,1585.65,0.1
ORD003107,PROD0188,5,5555.06,0.0
ORD017203,PROD0291,3,859.37,0.0
ORD012619,PROD0252,2,1091.64,0.15
ORD017578,PROD0069,3,6450.78,0.0
ORD000932,PROD0264,2,409.67,0.1
ORD014144,PROD0270,4,546.81,0.05
ORD008751,PROD0209,4,4636.93,0.1
ORD005825,PROD0291,4,859.37,0.0
ORD005238,PROD0111,5,843.13,0.15
ORD016784,PROD0192,3,2094.72,0.0
ORD008236,PROD0204,5,1064.24,0.05
ORD010416,PROD0218,1,852.15,0.2
ORD017289,PROD0185,2,592.37,0.0
ORD003688,PROD0157,5,1342.68,0.1
ORD011413,PROD0194,1,2044.13,0.05
ORD010717,PROD0098,4,1788.67,0.05
ORD009700,PROD0027,1,5305.88,0.0
ORD005297,PROD0298,3,392.05,0.2
ORD000350,PROD0020,1,2005.81,0.05
ORD001449,PROD0108,5,1195.6,0.15
ORD002408,PROD0003,4,2931.9,0.0
ORD004745,PROD0016,5,2382.58,0.1
ORD007965,PROD0038,2,1310.24,0.15
ORD009453,PROD0064,1,706.46,0.1
ORD004394,PROD0067,2,1836.4,0.1
ORD014725,PROD0292,3,526.18,0.1
ORD002021,PROD0008,1,1428.37,0.0
ORD007688,PROD0295,5,450.65,0.1
ORD008752,PROD0221,5,861.75,0.05
ORD001594,PROD0195,2,525.15,0.2
ORD015339,PROD0033,1,726.59,0.05
ORD013714,PROD0086,1,1292.77,0.05
ORD012691,PROD0176,1,890.34,0.05
ORD000626,PROD0272,3,834.67,0.1
ORD004131,PROD0165,5,1341.44,0.05
ORD010000,PROD0221,2,861.75,0.05
ORD016677,PROD0196,4,624.67,0.0
ORD017442,PROD0102,1,1726.73,0.05
ORD005777,PROD0254,1,1021.7,0.15
ORD010392,PROD0114,5,983.9,0.05
ORD011574,PROD0261,2,1950.36,0.2
ORD016390,PROD0300,4,2550.36,0.15
ORD001179,PROD0275,2,1740.08,0.15
ORD004264,PROD0093,5,2481.82,0.05
ORD011860,PROD0262,1,1081.48,0.15
ORD008946,PROD0288,5,1099.87,0.0
ORD015537,PROD0018,4,1106.42,0.2
ORD005447,PROD0142,3,536.55,0.1
ORD009933,PROD0137,2,445.2,0.1
ORD010558,PROD0247,2,1013.19,0.0
ORD013774,PROD0130,1,1402.05,0.2
ORD001842,PROD0029,2,1224.14,0.1
ORD017320,PROD0145,5,2107.82,0.0
ORD003585,PROD0025,5,585.99,0.05
ORD012011,PROD0286,3,722.33,0.15
ORD006159,PROD0245,3,258.37,0.15
ORD014631,PROD0136,1,4655.74,0.0
ORD010741,PROD0181,5,218.55,0.05
ORD006307,PROD0162,4,377.71,0.05
ORD012719,PROD0011,5,569.66,0.0
ORD010976,PROD0048,4,2692.11,0.15
ORD005519,PROD0055,3,1758.65,0.0
ORD013222,PROD0039,3,748.33,0.0
ORD001363,PROD0062,5,1731.8,0.15
ORD007303,PROD0185,2,592.37,0.15
ORD008824,PROD0054,2,1149.11,0.1
ORD014264,PROD0278,3,1418.31,0.1
ORD006689,PROD0098,1,1788.67,0.1
ORD008802,PROD0256,5,895.23,0.15
ORD012653,PROD0204,3,1064.24,0.05
ORD006557,PROD0204,4,1064.24,0.2
ORD010201,PROD0032,3,1792.53,0.15
ORD011835,PROD0109,1,315.2,0.0
ORD002416,PROD0296,5,605.83,0.05
ORD001038,PROD0008,1,1428.37,0.1
ORD007335,PROD0072,2,4756.76,0.05
ORD001939,PROD0025,2,585.99,0.1
ORD009949,PROD0040,1,5448.94,0.15
ORD006184,PROD0085,1,2361.96,0.2
ORD006059,PROD0262,1,1081.48,0.0
ORD012325,PROD0102,2,1726.73,0.05
ORD007764,PROD0169,4,2484.01,0.0
ORD007920,PROD0287,3,1180.58,0.05
ORD005422,PROD0150,3,1469.35,0.15
ORD006806,PROD0099,4,550.57,0.15
ORD015448,PROD0104,3,917.71,0.0
ORD013749,PROD0022,5,174.42,0.05
ORD005660,PROD0111,4,843.13,0.0
ORD017422,PROD0275,2,1740.08,0.0
ORD015686,PROD0003,2,2931.9,0.15
ORD008920,PROD0197,2,774.0,0.05
ORD008029,PROD0217,1,748.27,0.05
ORD006331,PROD0101,2,3596.1,0.0
ORD009044,PROD0006,3,997.09,0.05
ORD010413,PROD0285,3,1253.77,0.05
ORD005842,PROD0076,5,1911.33,0.2
ORD001059,PROD0001,1,2228.63,0.05
ORD009823,PROD0072,2,4756.76,0.05
ORD012676,PROD0066,5,705.54,0.15
ORD004685,PROD0008,2,1428.37,0.1
ORD002175,PROD0299,2,3528.34,0.05
ORD001248,PROD0190,4,1494.94,0.2
ORD012473,PROD0077,1,372.07,0.0
ORD006105,PROD0119,2,1545.4,0.05
ORD006846,PROD0041,2,566.23,0.1
ORD017523,PROD0143,4,2026.75,0.1
ORD006624,PROD0188,4,5555.06,0.2
ORD006054,PROD0072,1,4756.76,0.05
ORD011192,PROD0159,4,2084.31,0.05
ORD017661,PROD0020,5,2005.81,0.0
ORD002481,PROD0237,5,1008.9,0.0
ORD016580,PROD0012,4,2384.44,0.05
ORD001215,PROD0121,3,1762.91,0.0
ORD008247,PROD0130,3,1402.05,0.0
ORD017138,PROD0178,4,1006.65,0.05
ORD000323,PROD0044,5,2277.54,0.1
ORD003094,PROD0219,1,1088.5,0.0
ORD008361,PROD0146,3,2912.21,0.1
ORD011184,PROD0184,1,734.18,0.05
ORD008128,PROD0054,4,1149.11,0.1
ORD002293,PROD0092,5,2466.2,0.1
ORD006348,PROD0163,5,703.11,0.1
ORD010741,PROD0217,3,748.27,0.1
ORD007591,PROD0142,4,536.55,0.1
ORD003267,PROD0034,2,1106.13,0.0
ORD017311,PROD0274,3,356.93,0.05
ORD006919,PROD0278,1,1418.31,0.1
ORD014485,PROD0293,4,1136.47,0.1
ORD015799,PROD0250,1,468.3,0.05
ORD004596,PROD0131,2,719.35,0.1
ORD017076,PROD0102,2,1726.73,0.05
ORD017430,PROD0127,3,1166.2,0.15
ORD003688,PROD0112,1,3157.32,0.1
ORD008014,PROD0182,1,1491.37,0.05
ORD008653,PROD0085,1,2361.96,0.15
ORD012126,PROD0284,2,1551.66,0.1
ORD001411,PROD0077,1,372.07,0.0
ORD013479,PROD0017,4,5213.81,0.0
ORD012399,PROD0284,3,1551.66,0.05
ORD007626,PROD0032,1,1792.53,0.05
ORD001938,PROD0235,2,1069.09,0.0
ORD017308,PROD0209,1,4636.93,0.15
ORD006620,PROD0158,5,1130.19,0.0
ORD002036,PROD0041,3,566.23,0.05
ORD007148,PROD0116,3,435.35,0.0
ORD016730,PROD0181,4,218.55,0.1
ORD004063,PROD0257,5,994.46,0.15
ORD009660,PROD0097,1,2244.75,0.1
ORD012658,PROD0159,4,2084.31,0.05
ORD010907,PROD0148,3,2479.32,0.2
ORD005413,PROD0072,2,4756.76,0.0
ORD000551,PROD0294,5,608.79,0.15
ORD016880,PROD0056,2,1815.37,0.0
ORD013031,PROD0174,3,1681.39,0.05
ORD015146,PROD0095,3,853.11,0.15
ORD013438,PROD0138,3,2041.26,0.05
ORD011597,PROD0294,3,608.79,0.1
ORD015617,PROD0094,4,1585.84,0.1
ORD015765,PROD0218,2,852.15,0.05
ORD017329,PROD0075,5,993.75,0.05
ORD014950,PROD0213,5,475.42,0.2
ORD002628,PROD0153,3,192.77,0.1
ORD007231,PROD0087,2,2381.84,0.0
ORD000319,PROD0060,3,511.57,0.05
ORD012458,PROD0060,3,511.57,0.0
ORD005443,PROD0018,5,1106.42,0.05
ORD001785,PROD0147,5,1277.67,0.05
ORD009772,PROD0025,2,585.99,0.05
ORD014355,PROD0151,4,938.09,0.05
ORD006515,PROD0051,4,257.94,0.2
ORD000910,PROD0287,5,1180.58,0.2
ORD007010,PROD0006,2,997.09,0.1
ORD013153,PROD0283,2,1585.65,0.05
ORD009727,PROD0141,2,526.7,0.05
ORD003904,PROD0201,4,1107.62,0.05
ORD012265,PROD0066,1,705.54,0.0
ORD011934,PROD0194,2,2044.13,0.05
ORD002033,PROD0165,1,1341.44,0.15
ORD003275,PROD0187,5,2575.23,0.1
ORD011788,PROD0166,5,655.43,0.1
ORD017921,PROD0279,4,1760.62,0.15
ORD015049,PROD0071,2,1519.69,0.15
ORD017132,PROD0069,1,6450.78,0.0
ORD017444,PROD0075,3,993.75,0.2
ORD010050,PROD0189,2,260.5,0.1
ORD001921,PROD0003,5,2931.9,0.15
ORD010781,PROD0161,5,1467.22,0.0
ORD007529,PROD0121,4,1762.91,0.15
ORD002736,PROD0277,5,668.68,0.0
ORD007277,PROD0182,5,1491.37,0.0
ORD008131,PROD0226,2,322.28,0.0
ORD003407,PROD0219,1,1088.5,0.05
ORD010375,PROD0276,2,1150.97,0.15
ORD016994,PROD0234,4,1884.98,0.0
ORD006026,PROD0287,4,1180.58,0.0
ORD001363,PROD0076,5,1911.33,0.0
ORD013926,PROD0299,5,3528.34,0.1
ORD008278,PROD0236,3,1243.22,0.05
ORD000357,PROD0050,5,138.33,0.1
ORD009161,PROD0269,2,528.68,0.0
ORD017242,PROD0249,4,4012.64,0.0
ORD010956,PROD0169,2,2484.01,0.0
ORD009771,PROD0206,4,512.36,0.1
ORD016577,PROD0081,3,2207.21,0.1
ORD010022,PROD0168,1,1759.17,0.05
ORD001350,PROD0080,5,1973.58,0.05
ORD015434,PROD0293,1,1136.47,0.0
ORD007161,PROD0239,3,3878.85,0.0
ORD003840,PROD0076,2,1911.33,0.1
ORD002057,PROD0216,2,2535.43,0.0
ORD011864,PROD0125,4,1338.46,0.1
ORD008622,PROD0053,5,499.98,0.1
ORD011721,PROD0095,3,853.11,0.1
ORD004403,PROD0164,5,1896.67,0.05
ORD002256,PROD0245,1,258.37,0.0
ORD017752,PROD0237,1,1008.9,0.05
ORD015985,PROD0136,4,4655.74,0.05
ORD015562,PROD0218,4,852.15,0.1
ORD003500,PROD0224,5,4037.97,0.05
ORD006899,PROD0224,5,4037.97,0.0
ORD008076,PROD0157,3,1342.68,0.0
ORD014329,PROD0268,3,1593.82,0.0
ORD002199,PROD0101,3,3596.1,0.0
ORD012478,PROD0081,2,2207.21,0.05
ORD001954,PROD0254,5,1021.7,0.1
ORD012067,PROD0067,5,1836.4,0.1
ORD010808,PROD0257,1,994.46,0.05
ORD012042,PROD0272,2,834.67,0.0
ORD012718,PROD0067,1,1836.4,0.15
ORD015394,PROD0291,1,859.37,0.1
ORD015219,PROD0065,1,298.49,0.1
ORD006171,PROD0122,4,768.92,0.1
ORD009701,PROD0107,1,416.19,0.05
ORD014686,PROD0125,2,1338.46,0.0
ORD005688,PROD0253,5,3782.92,0.1
ORD011071,PROD0106,5,770.07,0.05
ORD016465,PROD0110,4,2045.64,0.05
ORD003692,PROD0087,3,2381.84,0.1
ORD011356,PROD0239,1,3878.85,0.0
ORD009599,PROD0128,3,414.27,0.05
ORD005156,PROD0296,5,605.83,0.0
ORD006316,PROD0094,4,1585.84,0.0
ORD015506,PROD0053,5,499.98,0.2
ORD000159,PROD0237,4,1008.9,0.05
ORD013719,PROD0039,2,748.33,0.1
ORD005512,PROD0083,5,1558.0,0.05
ORD010476,PROD0004,2,1005.11,0.1
ORD007778,PROD0093,5,2481.82,0.1
ORD016147,PROD0071,1,1519.69,0.2
ORD017748,PROD0042,3,5997.9,0.0
ORD010865,PROD0133,3,737.29,0.1
ORD004809,PROD0287,2,1180.58,0.05
ORD007817,PROD0226,5,322.28,0.15
ORD010733,PROD0190,3,1494.94,0.1
ORD016611,PROD0297,5,359.44,0.05
ORD010228,PROD0029,5,1224.14,0.0
ORD012437,PROD0204,5,1064.24,0.0
ORD011160,PROD0284,3,1551.66,0.05
ORD017025,PROD0294,3,608.79,0.05
ORD013912,PROD0156,3,1302.29,0.0
ORD015854,PROD0075,3,993.75,0.0
ORD014265,PROD0265,2,709.86,0.05
ORD000261,PROD0088,3,255.81,0.15
ORD003308,PROD0230,5,1187.41,0.05
ORD009515,PROD0141,5,526.7,0.0
ORD010940,PROD0150,2,1469.35,0.1
ORD017345,PROD0126,4,648.87,0.2
ORD003643,PROD0298,3,392.05,0.1
ORD008180,PROD0256,3,895.23,0.1
ORD014877,PROD0165,5,1341.44,0.05
ORD005295,PROD0104,5,917.71,0.0
ORD016174,PROD0267,4,1411.95,0.2
ORD008013,PROD0206,5,512.36,0.0
ORD016303,PROD0094,2,1585.84,0.0
ORD001207,PROD0253,3,3782.92,0.0
ORD004574,PROD0215,2,496.9,0.1
ORD014587,PROD0144,3,1097.89,0.0
ORD010548,PROD0223,4,1507.47,0.05
ORD005355,PROD0277,1,668.68,0.0
ORD007638,PROD0213,4,475.42,0.15
ORD006210,PROD0103,5,814.61,0.0
ORD010862,PROD0054,3,1149.11,0.0
ORD006588,PROD0252,2,1091.64,0.0
ORD006534,PROD0265,1,709.86,0.1
ORD011287,PROD0296,1,605.83,0.05
ORD016579,PROD0198,4,1910.21,0.15
ORD005039,PROD0240,4,1736.87,0.0
ORD000897,PROD0109,2,315.2,0.1
ORD005019,PROD0029,1,1224.14,0.1
ORD003961,PROD0152,1,3664.43,0.0
ORD005959,PROD0183,5,606.73,0.0
ORD005443,PROD0258,1,814.14,0.0
ORD004033,PROD0200,1,1906.63,0.05
ORD015438,PROD0255,4,2724.93,0.15
ORD010149,PROD0228,1,1012.55,0.0
ORD010782,PROD0296,4,605.83,0.05
ORD007717,PROD0164,1,1896.67,0.2
ORD012921,PROD0284,3,1551.66,0.15
ORD012007,PROD0152,2,3664.43,0.0
ORD007321,PROD0183,5,606.73,0.15
ORD008948,PROD0116,2,435.35,0.0
ORD002721,PROD0013,4,2230.9,0.0
ORD005581,PROD0172,4,3513.98,0.1
ORD003838,PROD0092,5,2466.2,0.1
ORD007270,PROD0222,1,803.44,0.1
ORD004960,PROD0187,2,2575.23,0.2
ORD013714,PROD0278,4,1418.31,0.1
ORD015891,PROD0007,1,838.82,0.1
ORD002778,PROD0205,2,315.35,0.1
ORD010553,PROD0248,2,581.51,0.05
ORD016997,PROD0038,4,1310.24,0.05
ORD003343,PROD0092,3,2466.2,0.15
ORD013144,PROD0145,4,2107.82,0.1
ORD001406,PROD0280,5,239.29,0.1
ORD016364,PROD0119,4,1545.4,0.05
ORD010507,PROD0135,2,1098.25,0.05
ORD005197,PROD0241,2,215.23,0.0
ORD000449,PROD0175,4,2260.04,0.1
ORD012072,PROD0021,2,2017.39,0.05
ORD000318,PROD0028,4,740.62,0.05
ORD017357,PROD0141,5,526.7,0.0
ORD017442,PROD0162,2,377.71,0.0
ORD005608,PROD0223,1,1507.47,0.1
ORD003622,PROD0149,3,231.51,0.1
ORD010690,PROD0058,3,5552.05,0.15
ORD002276,PROD0135,1,1098.25,0.1
ORD015548,PROD0282,5,1059.41,0.15
ORD017465,PROD0180,5,374.36,0.15
ORD013634,PROD0215,5,496.9,0.1
ORD005484,PROD0059,1,3884.69,0.2
ORD010148,PROD0088,4,255.81,0.2
ORD005188,PROD0074,2,701.79,0.0
ORD003554,PROD0068,2,2579.6,0.2
ORD008784,PROD0035,3,914.62,0.15
ORD000417,PROD0252,3,1091.64,0.1
ORD014755,PROD0047,1,743.87,0.2
ORD013772,PROD0155,4,383.07,0.15
ORD011054,PROD0110,3,2045.64,0.15
ORD005596,PROD0226,1,322.28,0.0
ORD017904,PROD0108,1,1195.6,0.05
ORD006679,PROD0096,5,830.36,0.05
ORD000101,PROD0028,1,740.62,0.05
ORD016065,PROD0276,2,1150.97,0.05
ORD005963,PROD0278,5,1418.31,0.0
ORD011938,PROD0154,1,611.42,0.1
ORD003690,PROD0130,3,1402.05,0.1
ORD006191,PROD0067,1,1836.4,0.2
ORD017018,PROD0296,4,605.83,0.2
ORD011540,PROD0208,1,1605.39,0.1
ORD013821,PROD0125,3,1338.46,0.1
ORD015003,PROD0288,4,1099.87,0.1
ORD012110,PROD0147,1,1277.67,0.0
ORD011609,PROD0146,5,2912.21,0.15
ORD005759,PROD0259,2,272.42,0.05
ORD013405,PROD0088,4,255.81,0.05
ORD005988,PROD0189,3,260.5,0.1
ORD008193,PROD0246,1,484.36,0.1
ORD016537,PROD0126,1,648.87,0.1
ORD010925,PROD0156,4,1302.29,0.1
ORD017244,PROD0149,1,231.51,0.1
ORD015120,PROD0004,2,1005.11,0.1
ORD014803,PROD0219,5,1088.5,0.05
ORD004327,PROD0274,2,356.93,0.05
ORD017545,PROD0037,2,1059.57,0.2
ORD007757,PROD0286,3,722.33,0.05
ORD000665,PROD0240,5,1736.87,0.15
ORD013020,PROD0226,5,322.28,0.1
ORD002919,PROD0180,1,374.36,0.0
ORD013910,PROD0209,5,4636.93,0.0
ORD013639,PROD0084,3,787.16,0.2
ORD010805,PROD0294,1,608.79,0.1
ORD011895,PROD0145,1,2107.82,0.0
ORD011232,PROD0159,1,2084.31,0.05
ORD000104,PROD0084,5,787.16,0.15
ORD013210,PROD0267,5,1411.95,0.1
ORD017590,PROD0024,3,3557.69,0.0
ORD009221,PROD0121,5,1762.91,0.1
ORD011328,PROD0026,1,926.18,0.0
ORD009339,PROD0182,2,1491.37,0.05
ORD004410,PROD0139,5,624.58,0.0
ORD015004,PROD0041,3,566.23,0.0
ORD000306,PROD0062,5,1731.8,0.0
ORD014747,PROD0291,2,859.37,0.1
ORD015431,PROD0297,4,359.44,0.1
ORD006170,PROD0230,3,1187.41,0.0
ORD016366,PROD0119,5,1545.4,0.05
ORD003319,PROD0127,5,1166.2,0.0
ORD004414,PROD0161,2,1467.22,0.1
ORD000028,PROD0144,5,1097.89,0.15
ORD003375,PROD0077,5,372.07,0.05
ORD013554,PROD0149,3,231.51,0.0
ORD008315,PROD0142,5,536.55,0.05
ORD008728,PROD0275,4,1740.08,0.05
ORD017684,PROD0222,3,803.44,0.1
ORD013459,PROD0118,2,437.61,0.05
ORD001034,PROD0140,4,4498.4,0.1
ORD011321,PROD0069,2,6450.78,0.05
ORD006096,PROD0092,1,2466.2,0.1
ORD014905,PROD0166,2,655.43,0.1
ORD004690,PROD0024,3,3557.69,0.1
ORD012961,PROD0214,1,285.7,0.05
ORD003945,PROD0181,4,218.55,0.15
ORD006237,PROD0168,2,1759.17,0.05
ORD015524,PROD0194,5,2044.13,0.1
ORD017227,PROD0213,3,475.42,0.0
ORD005183,PROD0090,1,1416.42,0.15
ORD005228,PROD0073,1,3798.83,0.0
ORD017596,PROD0114,4,983.9,0.1
ORD002252,PROD0128,4,414.27,0.2
ORD001434,PROD0265,5,709.86,0.05
ORD001481,PROD0141,5,526.7,0.2
ORD008212,PROD0197,4,774.0,0.0
ORD005192,PROD0298,4,392.05,0.15
ORD005800,PROD0015,2,768.6,0.0
ORD002924,PROD0083,5,1558.0,0.2
ORD008075,PROD0180,3,374.36,0.1
ORD008771,PROD0156,4,1302.29,0.15
ORD014420,PROD0206,3,512.36,0.0
ORD007402,PROD0078,3,1498.55,0.05
ORD009148,PROD0271,1,1034.8,0.0
ORD016137,PROD0019,1,2132.91,0.05
ORD005155,PROD0208,1,1605.39,0.15
ORD002219,PROD0292,5,526.18,0.05
ORD009683,PROD0039,2,748.33,0.1
ORD012637,PROD0165,3,1341.44,0.1
ORD012294,PROD0177,5,1733.37,0.1
ORD004852,PROD0152,1,3664.43,0.0
ORD001396,PROD0295,5,450.65,0.0
ORD003808,PROD0025,5,585.99,0.15
ORD007168,PROD0162,3,377.71,0.05
ORD011994,PROD0064,5,706.46,0.0
ORD010455,PROD0056,2,1815.37,0.1
ORD014618,PROD0124,3,7033.68,0.15
ORD009602,PROD0273,4,1884.45,0.15
ORD006344,PROD0298,3,392.05,0.1
ORD005747,PROD0080,5,1973.58,0.0
ORD015668,PROD0159,2,2084.31,0.0
ORD008501,PROD0116,5,435.35,0.1
ORD012881,PROD0159,5,2084.31,0.1
ORD015261,PROD0283,3,1585.65,0.2
ORD006559,PROD0260,2,2453.91,0.15
ORD011784,PROD0120,1,3592.34,0.1
ORD010306,PROD0025,1,585.99,0.1
ORD007838,PROD0194,1,2044.13,0.0
ORD014175,PROD0082,4,835.72,0.0
ORD007350,PROD0295,2,450.65,0.0
ORD007777,PROD0244,5,1140.3,0.15
ORD013378,PROD0187,1,2575.23,0.0
ORD015277,PROD0221,4,861.75,0.15
ORD010034,PROD0169,5,2484.01,0.05
ORD007638,PROD0159,1,2084.31,0.1
ORD011707,PROD0220,1,1249.15,0.15
ORD008362,PROD0236,3,1243.22,0.0
ORD016203,PROD0035,3,914.62,0.0
ORD010174,PROD0114,5,983.9,0.05
ORD017972,PROD0078,5,1498.55,0.15
ORD011869,PROD0051,2,257.94,0.1
ORD009035,PROD0289,5,1376.41,0.0
ORD008298,PROD0106,5,770.07,0.1
ORD010254,PROD0074,1,701.79,0.1
ORD014904,PROD0203,5,1208.94,0.05
ORD016231,PROD0069,3,6450.78,0.05
ORD014515,PROD0277,5,668.68,0.0
ORD016997,PROD0220,2,1249.15,0.0
ORD000041,PROD0246,4,484.36,0.0
ORD006168,PROD0196,3,624.67,0.0
ORD006285,PROD0030,4,1536.54,0.15
ORD000737,PROD0161,3,1467.22,0.2
ORD005535,PROD0173,5,1893.36,0.0
ORD016657,PROD0232,2,480.05,0.1
ORD017578,PROD0054,2,1149.11,0.0
ORD007957,PROD0032,5,1792.53,0.05
ORD010828,PROD0099,4,550.57,0.1
ORD015624,PROD0033,4,726.59,0.0
ORD003127,PROD0255,4,2724.93,0.1
ORD000648,PROD0293,5,1136.47,0.2
ORD000015,PROD0082,1,835.72,0.0
ORD001953,PROD0285,1,1253.77,0.1
ORD004046,PROD0073,2,3798.83,0.0
ORD016995,PROD0076,4,1911.33,0.1
ORD015720,PROD0174,5,1681.39,0.0
ORD011651,PROD0095,4,853.11,0.2
ORD010127,PROD0225,5,670.12,0.0
ORD015588,PROD0001,5,2228.63,0.1
ORD007199,PROD0024,4,3557.69,0.2
ORD005991,PROD0123,1,2787.07,0.15
ORD011769,PROD0286,3,722.33,0.2
ORD016131,PROD0214,3,285.7,0.1
ORD016591,PROD0140,1,4498.4,0.0
ORD012470,PROD0034,5,1106.13,0.05
ORD007750,PROD0068,2,2579.6,0.05
ORD003762,PROD0237,1,1008.9,0.05
ORD003209,PROD0250,1,468.3,0.15
ORD011421,PROD0221,3,861.75,0.2
ORD004028,PROD0123,5,2787.07,0.15
ORD012562,PROD0178,4,1006.65,0.05
ORD004991,PROD0196,1,624.67,0.0
ORD004694,PROD0098,3,1788.67,0.0
ORD008339,PROD0142,3,536.55,0.1
ORD003907,PROD0208,1,1605.39,0.1
ORD003984,PROD0112,5,3157.32,0.0
ORD017837,PROD0073,2,3798.83,0.1
ORD010008,PROD0295,4,450.65,0.0
ORD011219,PROD0086,5,1292.77,0.05
ORD003912,PROD0195,3,525.15,0.05
ORD001825,PROD0272,3,834.67,0.0
ORD015033,PROD0073,1,3798.83,0.05
ORD003979,PROD0056,2,1815.37,0.0
ORD014854,PROD0078,2,1498.55,0.05
ORD009860,PROD0062,2,1731.8,0.05
ORD007910,PROD0246,4,484.36,0.15
ORD003051,PROD0171,5,619.82,0.1
ORD004307,PROD0291,5,859.37,0.0
ORD012064,PROD0097,3,2244.75,0.0
ORD013250,PROD0154,4,611.42,0.0
ORD006091,PROD0262,4,1081.48,0.0
ORD005345,PROD0274,3,356.93,0.05
ORD015364,PROD0197,4,774.0,0.0
ORD013004,PROD0021,2,2017.39,0.05
ORD016725,PROD0227,5,663.99,0.15
ORD000447,PROD0168,1,1759.17,0.15
ORD003996,PROD0297,3,359.44,0.05
ORD015259,PROD0018,1,1106.42,0.05
ORD004173,PROD0020,4,2005.81,0.1
ORD001199,PROD0291,2,859.37,0.05
ORD005857,PROD0167,5,2511.68,0.2
ORD017518,PROD0003,1,2931.9,0.05
ORD000085,PROD0137,1,445.2,0.0
ORD009244,PROD0153,2,192.77,0.0
ORD007159,PROD0020,2,2005.81,0.2
ORD014799,PROD0009,3,419.4,0.0
ORD016531,PROD0015,5,768.6,0.0
ORD008664,PROD0016,2,2382.58,0.0
ORD001091,PROD0100,5,1535.02,0.05
ORD017276,PROD0151,2,938.09,0.05
ORD009758,PROD0083,3,1558.0,0.15
ORD011854,PROD0015,1,768.6,0.1
ORD005753,PROD0170,1,1486.76,0.1
ORD016494,PROD0287,4,1180.58,0.15
ORD007615,PROD0133,3,737.29,0.1
ORD006026,PROD0153,2,192.77,0.1
ORD013696,PROD0288,2,1099.87,0.2
ORD009535,PROD0081,3,2207.21,0.05
ORD009680,PROD0087,3,2381.84,0.1
ORD011663,PROD0004,3,1005.11,0.05
ORD016490,PROD0273,5,1884.45,0.1
ORD004384,PROD0195,3,525.15,0.0
ORD016363,PROD0177,3,1733.37,0.1
ORD000359,PROD0299,3,3528.34,0.15
ORD000004,PROD0207,1,4103.55,0.15
ORD001788,PROD0119,3,1545.4,0.05
ORD005906,PROD0249,4,4012.64,0.05
ORD006626,PROD0228,4,1012.55,0.1
ORD017300,PROD0069,1,6450.78,0.2
ORD010312,PROD0243,3,4498.92,0.15
ORD015900,PROD0001,5,2228.63,0.2
ORD013941,PROD0050,5,138.33,0.0
ORD001274,PROD0044,4,2277.54,0.2
ORD004942,PROD0024,4,3557.69,0.1
ORD004446,PROD0185,1,592.37,0.15
ORD015876,PROD0028,3,740.62,0.05
ORD013047,PROD0095,1,853.11,0.1
ORD009922,PROD0224,4,4037.97,0.1
ORD013519,PROD0070,2,2065.33,0.1
ORD007549,PROD0165,4,1341.44,0.0
ORD007685,PROD0156,5,1302.29,0.0
ORD011528,PROD0099,1,550.57,0.0
ORD002665,PROD0224,1,4037.97,0.15
ORD014577,PROD0023,1,529.99,0.05
ORD003249,PROD0045,5,1204.82,0.05
ORD001776,PROD0264,2,409.67,0.0
ORD011336,PROD0123,1,2787.07,0.1
ORD010012,PROD0295,2,450.65,0.1
ORD000125,PROD0206,2,512.36,0.1
ORD005630,PROD0232,3,480.05,0.15
ORD005839,PROD0118,4,437.61,0.2
ORD012095,PROD0108,1,1195.6,0.1
ORD005059,PROD0136,3,4655.74,0.2
ORD009376,PROD0206,2,512.36,0.1
ORD012024,PROD0076,5,1911.33,0.1
ORD005220,PROD0278,2,1418.31,0.0
ORD014479,PROD0067,1,1836.4,0.0
ORD000724,PROD0156,5,1302.29,0.0
ORD003051,PROD0140,4,4498.4,0.1
ORD014546,PROD0194,3,2044.13,0.1
ORD002148,PROD0169,5,2484.01,0.1
ORD016026,PROD0080,2,1973.58,0.1
ORD006528,PROD0172,3,3513.98,0.1
ORD012755,PROD0055,5,1758.65,0.15
ORD014939,PROD0183,1,606.73,0.1
ORD001954,PROD0173,5,1893.36,0.1
ORD000698,PROD0122,3,768.92,0.0
ORD007837,PROD0017,4,5213.81,0.15
ORD005670,PROD0286,5,722.33,0.0
ORD004691,PROD0044,3,2277.54,0.1
ORD001774,PROD0126,3,648.87,0.0
ORD000770,PROD0254,1,1021.7,0.1
ORD012044,PROD0061,2,1808.63,0.1
ORD010461,PROD0153,4,192.77,0.15
ORD016162,PROD0117,3,1622.14,0.1
ORD010951,PROD0035,2,914.62,0.15
ORD013198,PROD0179,3,608.27,0.15
ORD016124,PROD0177,4,1733.37,0.15
ORD002104,PROD0199,5,919.06,0.15
ORD002781,PROD0258,5,814.14,0.05
ORD010088,PROD0298,4,392.05,0.15
ORD004080,PROD0022,2,174.42,0.0
ORD006883,PROD0086,1,1292.77,0.2
ORD006892,PROD0173,4,1893.36,0.0
ORD002693,PROD0192,4,2094.72,0.15
ORD010568,PROD0146,2,2912.21,0.15
ORD006254,PROD0133,4,737.29,0.05
ORD011003,PROD0154,1,611.42,0.2
ORD000862,PROD0283,2,1585.65,0.0
ORD009492,PROD0253,4,3782.92,0.05
ORD009582,PROD0135,3,1098.25,0.05
ORD002187,PROD0009,1,419.4,0.0
ORD001615,PROD0148,3,2479.32,0.0
ORD006764,PROD0245,1,258.37,0.15
ORD011541,PROD0011,4,569.66,0.15
ORD013668,PROD0267,2,1411.95,0.1
ORD001953,PROD0060,4,511.57,0.1
ORD011256,PROD0273,2,1884.45,0.1
ORD005255,PROD0228,1,1012.55,0.1
ORD004348,PROD0067,5,1836.4,0.05
ORD005247,PROD0045,3,1204.82,0.05
ORD007871,PROD0195,5,525.15,0.15
ORD010676,PROD0140,1,4498.4,0.0
ORD016627,PROD0276,2,1150.97,0.0
ORD001169,PROD0282,3,1059.41,0.1
ORD005888,PROD0030,1,1536.54,0.15
ORD006864,PROD0188,3,5555.06,0.1
ORD004461,PROD0044,5,2277.54,0.15
ORD009888,PROD0249,1,4012.64,0.2
ORD005713,PROD0123,5,2787.07,0.1
ORD010701,PROD0138,2,2041.26,0.05
ORD006705,PROD0180,4,374.36,0.2
ORD009266,PROD0128,1,414.27,0.1
ORD000603,PROD0227,5,663.99,0.0
ORD009254,PROD0127,5,1166.2,0.1
ORD015955,PROD0057,4,1480.61,0.1
ORD013766,PROD0263,2,754.46,0.0
ORD004317,PROD0136,1,4655.74,0.05
ORD016412,PROD0092,2,2466.2,0.2
ORD005189,PROD0226,3,322.28,0.15
ORD006446,PROD0124,4,7033.68,0.0
ORD014507,PROD0082,2,835.72,0.05
ORD014390,PROD0188,5,5555.06,0.1
ORD008453,PROD0147,4,1277.67,0.2
ORD001987,PROD0175,1,2260.04,0.15
ORD007947,PROD0282,1,1059.41,0.0
ORD004389,PROD0249,2,4012.64,0.1
ORD015778,PROD0007,5,838.82,0.1
ORD014021,PROD0255,5,2724.93,0.05
ORD000748,PROD0224,2,4037.97,0.05
ORD006024,PROD0080,3,1973.58,0.05
ORD001264,PROD0119,3,1545.4,0.1
ORD010570,PROD0261,2,1950.36,0.15
ORD004602,PROD0209,5,4636.93,0.1
ORD007255,PROD0025,1,585.99,0.0
ORD017381,PROD0288,1,1099.87,0.0
ORD013400,PROD0193,5,3394.61,0.0
ORD014239,PROD0249,4,4012.64,0.0
ORD008096,PROD0114,4,983.9,0.05
ORD007691,PROD0060,4,511.57,0.05
ORD006042,PROD0208,2,1605.39,0.0
ORD004449,PROD0113,3,495.12,0.0
ORD009644,PROD0006,2,997.09,0.1
ORD004884,PROD0095,4,853.11,0.1
ORD017306,PROD0163,4,703.11,0.15
ORD000905,PROD0270,5,546.81,0.2
ORD017987,PROD0176,1,890.34,0.1
ORD009080,PROD0143,5,2026.75,0.05
ORD001605,PROD0234,2,1884.98,0.1
ORD010089,PROD0082,2,835.72,0.1
ORD004153,PROD0192,2,2094.72,0.2
ORD006267,PROD0102,4,1726.73,0.2
ORD006937,PROD0013,3,2230.9,0.15
ORD006275,PROD0244,1,1140.3,0.1
ORD000906,PROD0202,3,1039.91,0.0
ORD007678,PROD0247,4,1013.19,0.15
ORD012345,PROD0168,3,1759.17,0.15
ORD005893,PROD0229,5,251.37,0.15
ORD001507,PROD0188,5,5555.06,0.1
ORD017162,PROD0184,5,734.18,0.1
ORD003067,PROD0226,3,322.28,0.05
ORD005081,PROD0096,5,830.36,0.0
ORD008662,PROD0048,3,2692.11,0.05
ORD006912,PROD0226,2,322.28,0.15
ORD014260,PROD0173,3,1893.36,0.15
ORD009907,PROD0052,2,1103.19,0.0
ORD007282,PROD0032,3,1792.53,0.0
ORD007709,PROD0063,2,453.52,0.0
ORD007609,PROD0193,3,3394.61,0.1
ORD001187,PROD0042,2,5997.9,0.05
ORD010940,PROD0056,5,1815.37,0.05
ORD000595,PROD0011,2,569.66,0.1
ORD008919,PROD0299,1,3528.34,0.0
ORD000649,PROD0073,1,3798.83,0.15
ORD006471,PROD0130,1,1402.05,0.0
ORD005106,PROD0254,2,1021.7,0.05
ORD015101,PROD0155,4,383.07,0.15
ORD007306,PROD0118,4,437.61,0.15
ORD008416,PROD0248,3,581.51,0.15
ORD016062,PROD0070,5,2065.33,0.1
ORD014154,PROD0129,4,2715.49,0.0
ORD014186,PROD0275,4,1740.08,0.05
ORD013469,PROD0129,3,2715.49,0.0
ORD003853,PROD0184,3,734.18,0.05
ORD002798,PROD0096,4,830.36,0.0
ORD007594,PROD0062,2,1731.8,0.1
ORD007620,PROD0078,4,1498.55,0.0
ORD000682,PROD0009,3,419.4,0.0
ORD010255,PROD0043,3,950.69,0.1
ORD003752,PROD0039,5,748.33,0.0
ORD011467,PROD0009,5,419.4,0.1
ORD007099,PROD0011,5,569.66,0.1
ORD017698,PROD0267,3,1411.95,0.2
ORD012211,PROD0282,4,1059.41,0.05
ORD013770,PROD0137,4,445.2,0.2
ORD002256,PROD0137,2,445.2,0.2
ORD007817,PROD0136,1,4655.74,0.05
ORD009298,PROD0197,4,774.0,0.05
ORD009662,PROD0271,2,1034.8,0.05
ORD001657,PROD0001,4,2228.63,0.05
ORD000935,PROD0274,4,356.93,0.0
ORD004070,PROD0014,4,596.75,0.15
ORD014066,PROD0249,1,4012.64,0.0
ORD009369,PROD0155,1,383.07,0.0
ORD005786,PROD0052,5,1103.19,0.1
ORD005874,PROD0127,5,1166.2,0.0
ORD004626,PROD0272,4,834.67,0.15
ORD010416,PROD0170,4,1486.76,0.2
ORD001842,PROD0288,5,1099.87,0.0
ORD001512,PROD0258,5,814.14,0.2
ORD009860,PROD0071,5,1519.69,0.15
ORD005628,PROD0130,3,1402.05,0.05
ORD016350,PROD0134,4,938.67,0.1
ORD004094,PROD0128,3,414.27,0.05
ORD015081,PROD0235,1,1069.09,0.1
ORD016344,PROD0139,5,624.58,0.1
ORD009568,PROD0175,1,2260.04,0.15
ORD000551,PROD0069,3,6450.78,0.1
ORD007183,PROD0200,1,1906.63,0.0
ORD010694,PROD0178,3,1006.65,0.05
ORD008405,PROD0234,1,1884.98,0.0
ORD001645,PROD0259,2,272.42,0.05
ORD002599,PROD0289,3,1376.41,0.05
ORD015733,PROD0037,1,1059.57,0.05
ORD009004,PROD0098,3,1788.67,0.0
ORD000270,PROD0282,2,1059.41,0.05
ORD001147,PROD0128,4,414.27,0.1
ORD006864,PROD0074,2,701.79,0.0
ORD015332,PROD0043,1,950.69,0.1
ORD016023,PROD0027,1,5305.88,0.1
ORD000398,PROD0129,5,2715.49,0.0
ORD014751,PROD0276,5,1150.97,0.2
ORD008307,PROD0018,3,1106.42,0.0
ORD015127,PROD0239,4,3878.85,0.0
ORD003012,PROD0134,1,938.67,0.0
ORD003400,PROD0199,3,919.06,0.15
ORD002250,PROD0261,3,1950.36,0.0
ORD001302,PROD0111,1,843.13,0.1
ORD011420,PROD0243,3,4498.92,0.15
ORD001310,PROD0176,5,890.34,0.1
ORD005440,PROD0195,2,525.15,0.05
ORD000359,PROD0117,4,1622.14,0.05
ORD010285,PROD0117,4,1622.14,0.0
ORD012000,PROD0008,3,1428.37,0.1
ORD013691,PROD0250,4,468.3,0.2
ORD006467,PROD0193,2,3394.61,0.15
ORD005771,PROD0132,1,1663.98,0.0
ORD004358,PROD0197,1,774.0,0.05
ORD005444,PROD0009,5,419.4,0.0
ORD006637,PROD0228,4,1012.55,0.1
ORD016161,PROD0047,4,743.87,0.05
ORD011343,PROD0088,5,255.81,0.1
ORD003971,PROD0082,5,835.72,0.1
ORD007200,PROD0244,1,1140.3,0.05
ORD012068,PROD0139,5,624.58,0.05
ORD005493,PROD0085,1,2361.96,0.0
ORD013430,PROD0203,5,1208.94,0.1
ORD001618,PROD0030,4,1536.54,0.0
ORD004897,PROD0049,4,474.29,0.15
ORD014447,PROD0148,1,2479.32,0.05
ORD012280,PROD0019,5,2132.91,0.1
ORD002219,PROD0235,3,1069.09,0.2
ORD001205,PROD0183,4,606.73,0.05
ORD011676,PROD0265,2,709.86,0.15
ORD013400,PROD0281,4,5213.75,0.15
ORD017696,PROD0041,4,566.23,0.0
ORD010141,PROD0004,5,1005.11,0.1
ORD002132,PROD0105,5,813.74,0.05
ORD007748,PROD0151,1,938.09,0.05
ORD006184,PROD0153,4,192.77,0.05
ORD003627,PROD0206,4,512.36,0.1
ORD011665,PROD0039,4,748.33,0.2
ORD015948,PROD0021,2,2017.39,0.0
ORD017802,PROD0090,2,1416.42,0.0
ORD000721,PROD0112,3,3157.32,0.15
ORD000309,PROD0023,3,529.99,0.0
ORD004699,PROD0100,3,1535.02,0.05
ORD015343,PROD0092,5,2466.2,0.05
ORD001212,PROD0203,4,1208.94,0.0
ORD012130,PROD0261,3,1950.36,0.05
ORD007584,PROD0066,1,705.54,0.1
ORD005317,PROD0046,1,423.5,0.2
ORD017350,PROD0213,5,475.42,0.05
ORD009192,PROD0083,4,1558.0,0.05
ORD004808,PROD0097,3,2244.75,0.05
ORD010434,PROD0134,1,938.67,0.2
ORD009912,PROD0109,1,315.2,0.0
ORD002861,PROD0228,1,1012.55,0.05
ORD006342,PROD0174,5,1681.39,0.0
ORD011028,PROD0255,2,2724.93,0.05
ORD003275,PROD0151,4,938.09,0.05
ORD014642,PROD0023,2,529.99,0.0
ORD009484,PROD0124,2,7033.68,0.0
ORD000178,PROD0041,4,566.23,0.05
ORD014407,PROD0282,3,1059.41,0.05
ORD014669,PROD0029,4,1224.14,0.0
ORD016829,PROD0119,4,1545.4,0.05
ORD017572,PROD0198,1,1910.21,0.2
ORD011783,PROD0130,1,1402.05,0.2
ORD002055,PROD0035,5,914.62,0.1
ORD008386,PROD0012,1,2384.44,0.0
ORD006690,PROD0084,1,787.16,0.1
ORD006630,PROD0255,1,2724.93,0.15
ORD001306,PROD0112,2,3157.32,0.0
ORD015610,PROD0103,4,814.61,0.1
ORD006768,PROD0107,4,416.19,0.05
ORD007758,PROD0280,1,239.29,0.05
ORD007767,PROD0125,4,1338.46,0.1
ORD005305,PROD0090,5,1416.42,0.05
ORD010420,PROD0012,5,2384.44,0.2
ORD010245,PROD0246,2,484.36,0.1
ORD002108,PROD0224,2,4037.97,0.1
ORD010854,PROD0104,4,917.71,0.1
ORD007694,PROD0024,2,3557.69,0.05
ORD003273,PROD0252,4,1091.64,0.0
ORD014291,PROD0085,3,2361.96,0.0
ORD002419,PROD0277,1,668.68,0.1
ORD002135,PROD0238,5,1179.28,0.0
ORD003869,PROD0041,3,566.23,0.0
ORD011590,PROD0184,1,734.18,0.2
ORD005009,PROD0130,5,1402.05,0.2
ORD003390,PROD0108,3,1195.6,0.1
ORD007652,PROD0284,4,1551.66,0.0
ORD013054,PROD0228,3,1012.55,0.15
ORD006079,PROD0052,1,1103.19,0.1
ORD000240,PROD0193,5,3394.61,0.15
ORD010526,PROD0269,3,528.68,0.05
ORD003163,PROD0041,3,566.23,0.1
ORD007029,PROD0219,5,1088.5,0.15
ORD009706,PROD0013,1,2230.9,0.1
ORD005272,PROD0151,4,938.09,0.2
ORD010674,PROD0278,2,1418.31,0.05
ORD001642,PROD0226,2,322.28,0.2
ORD005967,PROD0137,5,445.2,0.0
ORD013102,PROD0056,5,1815.37,0.15
ORD014667,PROD0185,3,592.37,0.1
ORD014051,PROD0274,5,356.93,0.05
ORD011973,PROD0035,4,914.62,0.0
ORD002560,PROD0246,4,484.36,0.1
ORD004078,PROD0005,4,5350.44,0.1
ORD007178,PROD0169,1,2484.01,0.1
ORD016571,PROD0188,2,5555.06,0.1
ORD007979,PROD0266,2,1066.97,0.0
ORD014271,PROD0142,2,536.55,0.15
ORD004733,PROD0293,5,1136.47,0.0
ORD011166,PROD0051,4,257.94,0.1
ORD010449,PROD0214,4,285.7,0.15
ORD000849,PROD0020,4,2005.81,0.2
ORD003882,PROD0042,1,5997.9,0.0
ORD011512,PROD0217,4,748.27,0.05
ORD003190,PROD0125,2,1338.46,0.05
ORD017668,PROD0137,4,445.2,0.1
ORD004170,PROD0169,3,2484.01,0.1
ORD000593,PROD0175,1,2260.04,0.05
ORD002720,PROD0205,3,315.35,0.2
ORD000987,PROD0225,5,670.12,0.1
ORD011877,PROD0180,4,374.36,0.15
ORD008305,PROD0194,1,2044.13,0.2
ORD014780,PROD0010,1,1326.68,0.1
ORD009157,PROD0090,4,1416.42,0.2
ORD009552,PROD0268,4,1593.82,0.15
ORD010811,PROD0185,1,592.37,0.2
ORD007371,PROD0287,5,1180.58,0.05
ORD009648,PROD0020,4,2005.81,0.0
ORD007516,PROD0080,1,1973.58,0.0
ORD007102,PROD0292,1,526.18,0.15
ORD012758,PROD0150,5,1469.35,0.15
ORD017122,PROD0046,1,423.5,0.05
ORD009556,PROD0072,5,4756.76,0.0
ORD003127,PROD0148,5,2479.32,0.1
ORD006596,PROD0295,2,450.65,0.1
ORD007245,PROD0149,5,231.51,0.0
ORD013745,PROD0056,3,1815.37,0.1
ORD017232,PROD0236,4,1243.22,0.0
ORD000063,PROD0158,4,1130.19,0.0
ORD008271,PROD0267,2,1411.95,0.0
ORD007862,PROD0088,4,255.81,0.0
ORD008860,PROD0248,3,581.51,0.0
ORD015276,PROD0253,5,3782.92,0.0
ORD008880,PROD0084,5,787.16,0.1
ORD000695,PROD0207,3,4103.55,0.0
ORD017869,PROD0218,4,852.15,0.05
ORD012493,PROD0012,3,2384.44,0.0
ORD011383,PROD0180,1,374.36,0.1
ORD000709,PROD0215,5,496.9,0.2
ORD001451,PROD0033,5,726.59,0.0
ORD001268,PROD0145,5,2107.82,0.15
ORD007235,PROD0160,4,2652.37,0.15
ORD003290,PROD0086,5,1292.77,0.1
ORD006396,PROD0034,5,1106.13,0.2
ORD010630,PROD0189,4,260.5,0.0
ORD013319,PROD0210,5,539.67,0.0
ORD012634,PROD0109,4,315.2,0.15
ORD000423,PROD0190,3,1494.94,0.0
ORD003691,PROD0037,3,1059.57,0.15
ORD015963,PROD0130,3,1402.05,0.2
ORD004066,PROD0100,5,1535.02,0.0
ORD006555,PROD0016,2,2382.58,0.15
ORD011192,PROD0183,1,606.73,0.1
ORD013455,PROD0089,5,390.25,0.05
ORD009713,PROD0043,3,950.69,0.05
ORD003307,PROD0084,2,787.16,0.15
ORD014689,PROD0256,3,895.23,0.1
ORD015668,PROD0177,1,1733.37,0.15
ORD016317,PROD0146,4,2912.21,0.1
ORD014058,PROD0161,4,1467.22,0.05
ORD016493,PROD0252,2,1091.64,0.05
ORD014259,PROD0219,2,1088.5,0.2
ORD007158,PROD0233,1,865.79,0.1
ORD008071,PROD0215,4,496.9,0.15
ORD008831,PROD0186,4,324.33,0.15
ORD000719,PROD0292,5,526.18,0.0
ORD013339,PROD0130,4,1402.05,0.05
ORD005698,PROD0104,4,917.71,0.0
ORD000152,PROD0237,1,1008.9,0.15
ORD008869,PROD0086,3,1292.77,0.1
ORD010732,PROD0114,1,983.9,0.2
ORD015312,PROD0230,3,1187.41,0.0
ORD011205,PROD0175,1,2260.04,0.2
ORD007306,PROD0091,2,402.26,0.15
ORD015075,PROD0192,3,2094.72,0.0
ORD000024,PROD0205,3,315.35,0.15
ORD004333,PROD0164,2,1896.67,0.05
ORD008239,PROD0022,1,174.42,0.05
ORD012857,PROD0243,2,4498.92,0.2
ORD009360,PROD0041,2,566.23,0.15
ORD004078,PROD0041,2,566.23,0.0
ORD012218,PROD0102,1,1726.73,0.2
ORD002825,PROD0141,3,526.7,0.1
ORD015392,PROD0036,4,2265.4,0.1
ORD001632,PROD0225,5,670.12,0.1
ORD015754,PROD0192,2,2094.72,0.05
ORD010411,PROD0297,2,359.44,0.05
ORD007204,PROD0291,1,859.37,0.15
ORD002665,PROD0190,1,1494.94,0.05
ORD003351,PROD0149,1,231.51,0.1
ORD009081,PROD0003,1,2931.9,0.05
ORD009786,PROD0196,3,624.67,0.1
ORD001269,PROD0202,3,1039.91,0.1
ORD008522,PROD0244,5,1140.3,0.0
ORD003640,PROD0258,4,814.14,0.2
ORD001584,PROD0069,2,6450.78,0.1
ORD001077,PROD0100,1,1535.02,0.05
ORD009754,PROD0252,2,1091.64,0.1
ORD017539,PROD0060,2,511.57,0.2
ORD005389,PROD0095,2,853.11,0.1
ORD011955,PROD0251,4,1056.88,0.05
ORD008299,PROD0256,4,895.23,0.1
ORD007544,PROD0098,4,1788.67,0.2
ORD013203,PROD0298,3,392.05,0.0
ORD008951,PROD0262,2,1081.48,0.1
ORD013021,PROD0081,1,2207.21,0.0
ORD000920,PROD0172,1,3513.98,0.1
ORD005338,PROD0195,3,525.15,0.15
ORD007399,PROD0133,3,737.29,0.15
ORD010712,PROD0072,5,4756.76,0.0
ORD003958,PROD0092,5,2466.2,0.05
ORD007626,PROD0113,4,495.12,0.0
ORD002429,PROD0184,3,734.18,0.05
ORD013921,PROD0009,3,419.4,0.05
ORD003688,PROD0243,5,4498.92,0.0
ORD004114,PROD0180,4,374.36,0.05
ORD001260,PROD0034,2,1106.13,0.1
ORD009702,PROD0076,1,1911.33,0.05
ORD015458,PROD0041,2,566.23,0.1
ORD016693,PROD0251,3,1056.88,0.15
ORD003908,PROD0234,2,1884.98,0.2
ORD008523,PROD0247,5,1013.19,0.15
ORD004396,PROD0046,5,423.5,0.15
ORD001906,PROD0063,2,453.52,0.05
ORD015929,PROD0216,2,2535.43,0.05
ORD003494,PROD0050,5,138.33,0.05
ORD008482,PROD0253,4,3782.92,0.15
ORD014082,PROD0014,4,596.75,0.05
ORD017042,PROD0164,3,1896.67,0.0
ORD015606,PROD0065,1,298.49,0.0
ORD000744,PROD0136,5,4655.74,0.0
ORD005153,PROD0285,2,1253.77,0.0
ORD002177,PROD0150,1,1469.35,0.1
ORD011474,PROD0124,3,7033.68,0.0
ORD014694,PROD0012,3,2384.44,0.1
ORD006791,PROD0058,1,5552.05,0.0
ORD004786,PROD0263,5,754.46,0.15
ORD012257,PROD0158,3,1130.19,0.1
ORD009317,PROD0018,4,1106.42,0.15
ORD017328,PROD0256,2,895.23,0.05
ORD015959,PROD0075,1,993.75,0.05
ORD015173,PROD0181,1,218.55,0.05
ORD013400,PROD0102,4,1726.73,0.0
ORD011146,PROD0074,3,701.79,0.05
ORD000152,PROD0288,3,1099.87,0.0
ORD009723,PROD0278,3,1418.31,0.2
ORD002277,PROD0077,1,372.07,0.2
ORD016131,PROD0247,2,1013.19,0.2
ORD003530,PROD0230,1,1187.41,0.0
ORD013012,PROD0120,1,3592.34,0.0
ORD016016,PROD0041,4,566.23,0.15
ORD010122,PROD0270,4,546.81,0.05
ORD010722,PROD0140,4,4498.4,0.0
ORD005818,PROD0055,2,1758.65,0.05
ORD016023,PROD0219,5,1088.5,0.05
ORD004746,PROD0151,4,938.09,0.1
ORD000856,PROD0130,3,1402.05,0.0
ORD012043,PROD0103,1,814.61,0.2
ORD006230,PROD0272,5,834.67,0.0
ORD002145,PROD0023,4,529.99,0.05
ORD007010,PROD0155,5,383.07,0.0
ORD001831,PROD0180,4,374.36,0.1
ORD001264,PROD0071,1,1519.69,0.15
ORD011438,PROD0139,1,624.58,0.15
ORD009242,PROD0142,3,536.55,0.05
ORD000833,PROD0199,2,919.06,0.0
ORD005439,PROD0089,3,390.25,0.0
ORD011565,PROD0139,2,624.58,0.0
ORD000669,PROD0033,4,726.59,0.1
ORD005850,PROD0224,2,4037.97,0.0
ORD003155,PROD0116,1,435.35,0.05
ORD001800,PROD0020,2,2005.81,0.2
ORD004756,PROD0037,2,1059.57,0.0
ORD011656,PROD0062,3,1731.8,0.05
ORD006475,PROD0108,4,1195.6,0.15
ORD008381,PROD0086,2,1292.77,0.05
ORD007070,PROD0292,4,526.18,0.1
ORD016774,PROD0117,4,1622.14,0.0
ORD010100,PROD0185,2,592.37,0.0
ORD008521,PROD0072,4,4756.76,0.1
ORD003902,PROD0200,5,1906.63,0.0
ORD015608,PROD0090,1,1416.42,0.15
ORD000370,PROD0232,3,480.05,0.15
ORD004451,PROD0188,1,5555.06,0.0
ORD016779,PROD0199,3,919.06,0.0
ORD011304,PROD0095,2,853.11,0.15
ORD012527,PROD0018,4,1106.42,0.1
ORD007269,PROD0147,3,1277.67,0.0
ORD001661,PROD0023,2,529.99,0.0
ORD016421,PROD0299,2,3528.34,0.05
ORD006035,PROD0218,3,852.15,0.1
ORD017437,PROD0008,2,1428.37,0.05
ORD001306,PROD0060,3,511.57,0.0
ORD008380,PROD0156,4,1302.29,0.05
ORD007142,PROD0141,4,526.7,0.2
ORD009875,PROD0183,1,606.73,0.05
ORD012411,PROD0023,5,529.99,0.1
ORD005656,PROD0022,5,174.42,0.05
ORD006018,PROD0291,2,859.37,0.0
ORD012232,PROD0131,3,719.35,0.0
ORD007626,PROD0043,1,950.69,0.05
ORD007409,PROD0097,2,2244.75,0.15
ORD005050,PROD0091,4,402.26,0.05
ORD011863,PROD0253,5,3782.92,0.1
ORD005154,PROD0026,4,926.18,0.1
ORD016514,PROD0236,2,1243.22,0.2
ORD012689,PROD0121,2,1762.91,0.05
ORD007112,PROD0180,2,374.36,0.05
ORD013626,PROD0299,1,3528.34,0.1
ORD016299,PROD0284,1,1551.66,0.05
ORD006029,PROD0180,3,374.36,0.05
ORD002165,PROD0151,3,938.09,0.05
ORD010558,PROD0182,5,1491.37,0.05
ORD010917,PROD0068,2,2579.6,0.0
ORD012386,PROD0256,4,895.23,0.0
ORD012656,PROD0117,2,1622.14,0.05
ORD011632,PROD0065,1,298.49,0.0
ORD017300,PROD0292,2,526.18,0.05
ORD003737,PROD0171,2,619.82,0.2
ORD003914,PROD0054,2,1149.11,0.1
ORD017978,PROD0085,2,2361.96,0.0
ORD015520,PROD0007,3,838.82,0.05
ORD008835,PROD0212,3,936.47,0.0
ORD005068,PROD0238,5,1179.28,0.05
ORD001247,PROD0198,5,1910.21,0.2
ORD011616,PROD0030,3,1536.54,0.2
ORD013799,PROD0156,1,1302.29,0.05
ORD007071,PROD0127,5,1166.2,0.2
ORD001223,PROD0184,1,734.18,0.0
ORD005981,PROD0079,2,1557.75,0.0
ORD007763,PROD0211,2,1092.8,0.0
ORD005241,PROD0227,3,663.99,0.0
ORD008564,PROD0095,2,853.11,0.1
ORD011869,PROD0012,3,2384.44,0.1
ORD008859,PROD0058,5,5552.05,0.1
ORD002401,PROD0104,2,917.71,0.05
ORD003271,PROD0012,4,2384.44,0.1
ORD013258,PROD0218,5,852.15,0.0
ORD002382,PROD0263,1,754.46,0.0
ORD006711,PROD0067,4,1836.4,0.2
ORD006849,PROD0243,4,4498.92,0.0
ORD010462,PROD0105,3,813.74,0.0
ORD012737,PROD0236,3,1243.22,0.2
ORD000212,PROD0288,1,1099.87,0.15
ORD005289,PROD0135,1,1098.25,0.1
ORD015757,PROD0047,5,743.87,0.2
ORD009870,PROD0170,3,1486.76,0.0
ORD015030,PROD0189,3,260.5,0.05
ORD012184,PROD0080,2,1973.58,0.0
ORD014171,PROD0250,5,468.3,0.1
ORD004483,PROD0036,3,2265.4,0.15
ORD010617,PROD0151,3,938.09,0.15
ORD000830,PROD0141,1,526.7,0.05
ORD008196,PROD0045,5,1204.82,0.15
ORD016095,PROD0200,4,1906.63,0.2
ORD011057,PROD0100,1,1535.02,0.1
ORD015864,PROD0214,5,285.7,0.15
ORD006941,PROD0111,2,843.13,0.15
ORD012889,PROD0206,4,512.36,0.05
ORD003741,PROD0201,1,1107.62,0.2
ORD000620,PROD0008,3,1428.37,0.15
ORD011814,PROD0268,5,1593.82,0.0
ORD007569,PROD0032,3,1792.53,0.0
ORD007020,PROD0097,1,2244.75,0.1
ORD015818,PROD0250,1,468.3,0.0
ORD005212,PROD0129,1,2715.49,0.05
ORD015631,PROD0143,5,2026.75,0.15
ORD016071,PROD0291,5,859.37,0.0
ORD015187,PROD0091,3,402.26,0.0
ORD003155,PROD0008,1,1428.37,0.0
ORD013086,PROD0006,5,997.09,0.15
ORD006020,PROD0247,4,1013.19,0.0
ORD011536,PROD0116,5,435.35,0.05
ORD008465,PROD0175,4,2260.04,0.0
ORD000968,PROD0077,2,372.07,0.15
ORD014653,PROD0244,4,1140.3,0.1
ORD010811,PROD0199,2,919.06,0.0
ORD011222,PROD0223,1,1507.47,0.0
ORD006640,PROD0240,3,1736.87,0.0
ORD012923,PROD0055,1,1758.65,0.1
ORD001359,PROD0199,5,919.06,0.0
ORD005069,PROD0294,2,608.79,0.0
ORD012390,PROD0272,2,834.67,0.05
ORD016561,PROD0280,2,239.29,0.1
ORD002567,PROD0049,3,474.29,0.05
ORD009212,PROD0281,2,5213.75,0.0
ORD004883,PROD0278,1,1418.31,0.15
ORD013407,PROD0211,1,1092.8,0.05
ORD007787,PROD0203,2,1208.94,0.1
ORD017537,PROD0064,3,706.46,0.1
ORD009689,PROD0046,2,423.5,0.1
ORD002288,PROD0001,5,2228.63,0.05
ORD014258,PROD0159,2,2084.31,0.0
ORD017595,PROD0227,3,663.99,0.2
ORD004294,PROD0206,4,512.36,0.05
ORD001274,PROD0109,1,315.2,0.05
ORD012361,PROD0248,5,581.51,0.0
ORD004189,PROD0117,1,1622.14,0.05
ORD002649,PROD0180,3,374.36,0.1
ORD015631,PROD0074,3,701.79,0.0
ORD015266,PROD0062,5,1731.8,0.1
ORD007681,PROD0266,4,1066.97,0.1
ORD007084,PROD0170,4,1486.76,0.1
ORD011373,PROD0282,5,1059.41,0.2
ORD011161,PROD0278,4,1418.31,0.05
ORD008187,PROD0031,4,2790.09,0.05
ORD013911,PROD0160,3,2652.37,0.0
ORD006198,PROD0164,1,1896.67,0.0
ORD013241,PROD0199,2,919.06,0.1
ORD013528,PROD0072,4,4756.76,0.05
ORD013355,PROD0285,4,1253.77,0.05
ORD003807,PROD0200,4,1906.63,0.1
ORD011152,PROD0245,4,258.37,0.1
ORD012336,PROD0119,3,1545.4,0.05
ORD010888,PROD0089,2,390.25,0.0
ORD012637,PROD0170,3,1486.76,0.0
ORD002011,PROD0184,3,734.18,0.05
ORD000052,PROD0037,3,1059.57,0.1
ORD013570,PROD0160,4,2652.37,0.05
ORD011174,PROD0163,4,703.11,0.0
ORD016853,PROD0135,2,1098.25,0.15
ORD016445,PROD0112,3,3157.32,0.1
ORD003876,PROD0239,2,3878.85,0.2
ORD017223,PROD0120,2,3592.34,0.2
ORD009832,PROD0252,2,1091.64,0.1
ORD005594,PROD0070,4,2065.33,0.05
ORD005483,PROD0135,3,1098.25,0.05
ORD009104,PROD0300,4,2550.36,0.0
ORD011100,PROD0077,3,372.07,0.0
ORD003098,PROD0270,3,546.81,0.05
ORD007499,PROD0018,3,1106.42,0.0
ORD014343,PROD0190,1,1494.94,0.0
ORD015455,PROD0176,1,890.34,0.05
ORD009772,PROD0108,2,1195.6,0.1
ORD015663,PROD0094,4,1585.84,0.15
ORD005039,PROD0013,4,2230.9,0.1
ORD004644,PROD0038,2,1310.24,0.05
ORD000686,PROD0151,2,938.09,0.05
ORD014712,PROD0246,2,484.36,0.15
ORD016665,PROD0275,4,1740.08,0.1
ORD007819,PROD0072,5,4756.76,0.0
ORD013798,PROD0292,2,526.18,0.1
ORD004920,PROD0158,3,1130.19,0.0
ORD000060,PROD0006,2,997.09,0.1
ORD007253,PROD0235,4,1069.09,0.05
ORD006254,PROD0003,3,2931.9,0.1
ORD013590,PROD0152,5,3664.43,0.0
ORD005569,PROD0092,5,2466.2,0.15
ORD003027,PROD0280,4,239.29,0.05
ORD009056,PROD0012,2,2384.44,0.0
ORD006932,PROD0163,3,703.11,0.0
ORD015621,PROD0036,3,2265.4,0.15
ORD007762,PROD0048,3,2692.11,0.15
ORD006736,PROD0293,3,1136.47,0.0
ORD000872,PROD0167,4,2511.68,0.1
ORD004575,PROD0238,3,1179.28,0.1
ORD004074,PROD0150,5,1469.35,0.15
ORD000201,PROD0213,1,475.42,0.05
ORD010844,PROD0271,3,1034.8,0.0
ORD005373,PROD0112,3,3157.32,0.0
ORD014236,PROD0075,2,993.75,0.2
ORD001549,PROD0091,1,402.26,0.0
ORD006211,PROD0125,3,1338.46,0.2
ORD006437,PROD0290,3,3732.41,0.05
ORD000422,PROD0222,5,803.44,0.05
ORD007046,PROD0036,4,2265.4,0.2
ORD008384,PROD0245,4,258.37,0.0
ORD015137,PROD0262,5,1081.48,0.1
ORD016918,PROD0012,3,2384.44,0.0
ORD010403,PROD0270,4,546.81,0.15
ORD000817,PROD0100,5,1535.02,0.0
ORD014900,PROD0185,2,592.37,0.15
ORD004145,PROD0244,2,1140.3,0.05
ORD002638,PROD0016,1,2382.58,0.1
ORD015660,PROD0295,2,450.65,0.15
ORD008065,PROD0268,1,1593.82,0.1
ORD006851,PROD0110,4,2045.64,0.2
ORD001984,PROD0142,3,536.55,0.15
ORD008811,PROD0223,4,1507.47,0.05
ORD009748,PROD0178,1,1006.65,0.05
ORD007203,PROD0026,5,926.18,0.15
ORD007907,PROD0293,1,1136.47,0.05
ORD010700,PROD0240,4,1736.87,0.05
ORD016320,PROD0114,3,983.9,0.15
ORD013131,PROD0146,2,2912.21,0.0
ORD016842,PROD0129,2,2715.49,0.0
ORD016356,PROD0259,1,272.42,0.2
ORD017098,PROD0034,3,1106.13,0.0
ORD004937,PROD0234,4,1884.98,0.0
ORD015411,PROD0070,2,2065.33,0.1
ORD009753,PROD0150,3,1469.35,0.15
ORD017140,PROD0093,3,2481.82,0.05
ORD013448,PROD0066,2,705.54,0.1
ORD016154,PROD0267,5,1411.95,0.1
ORD005655,PROD0273,5,1884.45,0.05
ORD005607,PROD0108,4,1195.6,0.0
ORD011959,PROD0037,3,1059.57,0.2
ORD010927,PROD0230,3,1187.41,0.2
ORD002204,PROD0241,3,215.23,0.1
ORD002962,PROD0139,1,624.58,0.0
ORD008583,PROD0231,4,1734.21,0.1
ORD014900,PROD0030,4,1536.54,0.0
ORD004543,PROD0128,3,414.27,0.1
ORD003776,PROD0035,3,914.62,0.05
ORD002423,PROD0227,1,663.99,0.0
ORD000496,PROD0261,1,1950.36,0.0
ORD014028,PROD0069,5,6450.78,0.0
ORD014235,PROD0215,2,496.9,0.1
ORD000843,PROD0278,3,1418.31,0.15
ORD013344,PROD0284,1,1551.66,0.0
ORD000129,PROD0046,2,423.5,0.05
ORD012394,PROD0161,4,1467.22,0.0
ORD014807,PROD0122,1,768.92,0.2
ORD002332,PROD0151,3,938.09,0.0
ORD008436,PROD0038,5,1310.24,0.05
ORD003489,PROD0181,5,218.55,0.0
ORD007729,PROD0191,2,425.27,0.2
ORD011777,PROD0260,3,2453.91,0.15
ORD002529,PROD0093,5,2481.82,0.05
ORD016746,PROD0132,3,1663.98,0.05
ORD004088,PROD0174,3,1681.39,0.0
ORD011283,PROD0007,4,838.82,0.05
ORD007956,PROD0061,5,1808.63,0.1
ORD013684,PROD0257,3,994.46,0.05
ORD006598,PROD0221,2,861.75,0.0
ORD002108,PROD0057,1,1480.61,0.0
ORD017364,PROD0013,2,2230.9,0.05
ORD015501,PROD0247,4,1013.19,0.15
ORD005633,PROD0090,5,1416.42,0.0
ORD016509,PROD0152,5,3664.43,0.1
ORD015254,PROD0028,1,740.62,0.05
ORD007103,PROD0180,5,374.36,0.0
ORD012290,PROD0027,2,5305.88,0.1
ORD001489,PROD0101,4,3596.1,0.15
ORD015310,PROD0244,5,1140.3,0.05
ORD007919,PROD0085,1,2361.96,0.1
ORD015772,PROD0093,1,2481.82,0.15
ORD003806,PROD0280,3,239.29,0.05
ORD012042,PROD0232,1,480.05,0.0
ORD010703,PROD0164,4,1896.67,0.0
ORD003360,PROD0248,2,581.51,0.15
ORD005973,PROD0138,3,2041.26,0.05
ORD008614,PROD0149,5,231.51,0.0
ORD005914,PROD0109,5,315.2,0.1
ORD000907,PROD0112,2,3157.32,0.1
ORD014057,PROD0243,3,4498.92,0.05
ORD002328,PROD0181,4,218.55,0.05
ORD000452,PROD0239,4,3878.85,0.05
ORD017778,PROD0223,4,1507.47,0.2
ORD010513,PROD0184,2,734.18,0.1
ORD017271,PROD0078,2,1498.55,0.05
ORD016396,PROD0253,4,3782.92,0.15
ORD001949,PROD0191,5,425.27,0.0
ORD016613,PROD0274,2,356.93,0.0
ORD014468,PROD0207,5,4103.55,0.1
ORD002279,PROD0193,3,3394.61,0.1
ORD011313,PROD0288,4,1099.87,0.05
ORD010684,PROD0203,4,1208.94,0.1
ORD011807,PROD0102,2,1726.73,0.1
ORD012998,PROD0208,2,1605.39,0.1
ORD006665,PROD0118,2,437.61,0.0
ORD003640,PROD0178,4,1006.65,0.05
ORD009314,PROD0233,3,865.79,0.05
ORD004330,PROD0291,5,859.37,0.0
ORD005130,PROD0174,5,1681.39,0.15
ORD003321,PROD0264,2,409.67,0.15
ORD009744,PROD0110,4,2045.64,0.05
ORD004947,PROD0295,4,450.65,0.0
ORD017527,PROD0226,3,322.28,0.05
ORD016828,PROD0246,4,484.36,0.0
ORD010104,PROD0257,1,994.46,0.15
ORD010717,PROD0159,4,2084.31,0.0
ORD010278,PROD0048,1,2692.11,0.0
ORD000613,PROD0030,1,1536.54,0.05
ORD005794,PROD0103,5,814.61,0.1
ORD010801,PROD0016,2,2382.58,0.05
ORD004829,PROD0041,1,566.23,0.1
ORD015629,PROD0255,4,2724.93,0.15
ORD001602,PROD0213,3,475.42,0.15
ORD013423,PROD0280,4,239.29,0.0
ORD011397,PROD0235,5,1069.09,0.05
ORD014893,PROD0065,5,298.49,0.1
ORD002489,PROD0114,3,983.9,0.1
ORD008814,PROD0011,5,569.66,0.05
ORD010176,PROD0089,1,390.25,0.1
ORD001818,PROD0080,2,1973.58,0.1
ORD007051,PROD0221,1,861.75,0.05
ORD013491,PROD0275,3,1740.08,0.0
ORD010151,PROD0234,2,1884.98,0.0
ORD004213,PROD0019,2,2132.91,0.05
ORD008462,PROD0159,4,2084.31,0.1
ORD007233,PROD0268,3,1593.82,0.0
ORD001240,PROD0033,5,726.59,0.05
ORD001201,PROD0070,3,2065.33,0.0
ORD015184,PROD0102,3,1726.73,0.0
ORD013931,PROD0298,4,392.05,0.05
ORD016573,PROD0250,3,468.3,0.1
ORD013265,PROD0056,1,1815.37,0.1
ORD000739,PROD0208,1,1605.39,0.1
ORD011872,PROD0298,3,392.05,0.2
ORD003371,PROD0185,4,592.37,0.0
ORD001539,PROD0292,3,526.18,0.05
ORD001735,PROD0146,3,2912.21,0.1
ORD013322,PROD0004,1,1005.11,0.0
ORD007836,PROD0251,4,1056.88,0.0
ORD011116,PROD0232,2,480.05,0.1
ORD014729,PROD0057,2,1480.61,0.15
ORD008033,PROD0220,4,1249.15,0.05
ORD013378,PROD0300,4,2550.36,0.1
ORD005609,PROD0106,2,770.07,0.2
ORD015696,PROD0281,3,5213.75,0.15
ORD010972,PROD0064,1,706.46,0.0
ORD002707,PROD0006,1,997.09,0.2
ORD004210,PROD0088,2,255.81,0.1
ORD015061,PROD0228,5,1012.55,0.0
ORD015412,PROD0081,5,2207.21,0.0
ORD012440,PROD0028,3,740.62,0.1
ORD012632,PROD0255,2,2724.93,0.15
ORD000102,PROD0213,2,475.42,0.1
ORD002673,PROD0169,5,2484.01,0.1
ORD014087,PROD0244,3,1140.3,0.0
ORD013343,PROD0071,5,1519.69,0.1
ORD008805,PROD0257,5,994.46,0.1
ORD013463,PROD0238,5,1179.28,0.05
ORD005644,PROD0291,1,859.37,0.0
ORD004830,PROD0035,2,914.62,0.1
ORD017333,PROD0190,3,1494.94,0.1
ORD014889,PROD0193,3,3394.61,0.05
ORD008875,PROD0258,2,814.14,0.2
ORD004219,PROD0042,1,5997.9,0.1
ORD004119,PROD0227,2,663.99,0.2
ORD001907,PROD0160,3,2652.37,0.1
ORD014575,PROD0144,3,1097.89,0.0
ORD013756,PROD0121,1,1762.91,0.1
ORD005368,PROD0181,2,218.55,0.1
ORD015144,PROD0037,1,1059.57,0.1
ORD017039,PROD0076,5,1911.33,0.0
ORD015969,PROD0216,2,2535.43,0.0
ORD014445,PROD0130,4,1402.05,0.0
ORD009698,PROD0130,1,1402.05,0.1
ORD001427,PROD0271,4,1034.8,0.05
ORD013302,PROD0234,1,1884.98,0.15
ORD006108,PROD0115,3,1198.13,0.15
ORD002037,PROD0173,4,1893.36,0.15
ORD001256,PROD0252,3,1091.64,0.1
ORD009076,PROD0157,3,1342.68,0.1
ORD008484,PROD0161,3,1467.22,0.0
ORD004015,PROD0088,3,255.81,0.1
ORD002041,PROD0252,2,1091.64,0.05
ORD010286,PROD0261,2,1950.36,0.0
ORD001965,PROD0259,5,272.42,0.1
ORD008760,PROD0090,3,1416.42,0.1
ORD001581,PROD0139,5,624.58,0.0
ORD011606,PROD0267,5,1411.95,0.2
ORD001550,PROD0007,4,838.82,0.0
ORD007596,PROD0275,1,1740.08,0.0
ORD003490,PROD0290,3,3732.41,0.1
ORD014713,PROD0138,2,2041.26,0.15
ORD013283,PROD0130,4,1402.05,0.05
ORD017017,PROD0108,2,1195.6,0.1
ORD000132,PROD0163,5,703.11,0.05
ORD015470,PROD0288,1,1099.87,0.05
ORD001270,PROD0254,5,1021.7,0.2
ORD017716,PROD0271,5,1034.8,0.1
ORD004873,PROD0012,1,2384.44,0.1
ORD009438,PROD0191,3,425.27,0.0
ORD006557,PROD0111,5,843.13,0.05
ORD015875,PROD0299,3,3528.34,0.2
ORD009005,PROD0200,4,1906.63,0.1
ORD003532,PROD0231,3,1734.21,0.1
ORD000640,PROD0027,4,5305.88,0.05
ORD011415,PROD0183,1,606.73,0.0
ORD015513,PROD0209,5,4636.93,0.1
ORD007158,PROD0203,5,1208.94,0.2
ORD005565,PROD0200,5,1906.63,0.1
ORD003048,PROD0123,4,2787.07,0.05
ORD013008,PROD0288,1,1099.87,0.15
ORD017663,PROD0266,5,1066.97,0.15
ORD007606,PROD0092,1,2466.2,0.05
ORD015071,PROD0132,5,1663.98,0.05
ORD009903,PROD0242,2,1251.99,0.1
ORD000275,PROD0122,1,768.92,0.1
ORD001384,PROD0295,4,450.65,0.05
ORD002371,PROD0171,5,619.82,0.0
ORD010433,PROD0018,1,1106.42,0.05
ORD015476,PROD0032,2,1792.53,0.05
ORD008257,PROD0197,5,774.0,0.0
ORD005021,PROD0156,1,1302.29,0.0
ORD011723,PROD0295,2,450.65,0.1
ORD000605,PROD0214,3,285.7,0.1
ORD001349,PROD0155,4,383.07,0.0
ORD010449,PROD0053,4,499.98,0.15
ORD002213,PROD0265,5,709.86,0.2
ORD012730,PROD0140,5,4498.4,0.15
ORD011826,PROD0268,1,1593.82,0.05
ORD011895,PROD0099,5,550.57,0.15
ORD000047,PROD0120,5,3592.34,0.05
ORD002801,PROD0286,5,722.33,0.05
ORD005437,PROD0155,2,383.07,0.05
ORD003487,PROD0299,1,3528.34,0.1
ORD010529,PROD0230,4,1187.41,0.0
ORD013845,PROD0232,5,480.05,0.15
ORD006740,PROD0006,4,997.09,0.1
ORD016934,PROD0245,3,258.37,0.2
ORD011323,PROD0129,4,2715.49,0.1
ORD017586,PROD0299,4,3528.34,0.15
ORD008948,PROD0021,3,2017.39,0.1
ORD005691,PROD0204,2,1064.24,0.1
ORD009270,PROD0012,3,2384.44,0.15
ORD004217,PROD0229,5,251.37,0.05
ORD012838,PROD0174,3,1681.39,0.0
ORD007367,PROD0179,5,608.27,0.05
ORD011086,PROD0137,1,445.2,0.1
ORD009449,PROD0258,5,814.14,0.1
ORD012111,PROD0157,4,1342.68,0.0
ORD000416,PROD0035,3,914.62,0.1
ORD014685,PROD0086,2,1292.77,0.05
ORD011122,PROD0133,1,737.29,0.1
ORD017589,PROD0050,1,138.33,0.2
ORD003578,PROD0300,1,2550.36,0.0
ORD001489,PROD0069,1,6450.78,0.0
ORD003556,PROD0263,4,754.46,0.2
ORD006768,PROD0197,3,774.0,0.1
ORD010455,PROD0129,2,2715.49,0.05
ORD010518,PROD0211,2,1092.8,0.2
ORD007650,PROD0201,2,1107.62,0.0
ORD005137,PROD0167,3,2511.68,0.05
ORD014705,PROD0111,3,843.13,0.05
ORD002817,PROD0206,2,512.36,0.05
ORD017812,PROD0292,5,526.18,0.05
ORD005161,PROD0154,5,611.42,0.05
ORD001157,PROD0111,5,843.13,0.05
ORD001648,PROD0267,1,1411.95,0.1
ORD016758,PROD0171,2,619.82,0.15
ORD009637,PROD0284,1,1551.66,0.15
ORD008679,PROD0040,2,5448.94,0.0
ORD015049,PROD0235,4,1069.09,0.0
ORD008019,PROD0011,4,569.66,0.05
ORD017772,PROD0268,5,1593.82,0.15
ORD001266,PROD0033,4,726.59,0.15
ORD015483,PROD0005,1,5350.44,0.05
ORD000491,PROD0277,5,668.68,0.05
ORD000134,PROD0030,4,1536.54,0.0
ORD004425,PROD0074,2,701.79,0.0
ORD006012,PROD0001,4,2228.63,0.1
ORD007395,PROD0029,5,1224.14,0.05
ORD003027,PROD0051,4,257.94,0.1
ORD003254,PROD0193,4,3394.61,0.05
ORD015293,PROD0223,2,1507.47,0.0
ORD006811,PROD0048,2,2692.11,0.15
ORD006961,PROD0259,4,272.42,0.1
ORD008513,PROD0223,1,1507.47,0.05
ORD003343,PROD0194,4,2044.13,0.15
ORD011255,PROD0104,1,917.71,0.0
ORD003305,PROD0274,4,356.93,0.0
ORD015920,PROD0216,5,2535.43,0.0
ORD005470,PROD0224,4,4037.97,0.05
ORD001196,PROD0201,1,1107.62,0.15
ORD002535,PROD0140,2,4498.4,0.1
ORD009375,PROD0283,1,1585.65,0.05
ORD015842,PROD0187,4,2575.23,0.15
ORD008083,PROD0163,2,703.11,0.05
ORD011997,PROD0154,4,611.42,0.0
ORD013113,PROD0010,3,1326.68,0.15
ORD015620,PROD0252,4,1091.64,0.15
ORD016385,PROD0003,3,2931.9,0.1
ORD005627,PROD0149,1,231.51,0.05
ORD002882,PROD0162,1,377.71,0.05
ORD010299,PROD0054,4,1149.11,0.05
ORD009576,PROD0282,2,1059.41,0.0
ORD010233,PROD0010,1,1326.68,0.0
ORD009647,PROD0148,3,2479.32,0.0
ORD007982,PROD0183,2,606.73,0.1
ORD005534,PROD0047,4,743.87,0.0
ORD003802,PROD0229,3,251.37,0.15
ORD003521,PROD0177,4,1733.37,0.1
ORD009831,PROD0107,2,416.19,0.0
ORD014426,PROD0062,5,1731.8,0.15
ORD004084,PROD0136,2,4655.74,0.1
ORD010373,PROD0141,2,526.7,0.15
ORD008345,PROD0281,1,5213.75,0.05
ORD016260,PROD0045,1,1204.82,0.15
ORD004413,PROD0049,2,474.29,0.1
ORD015300,PROD0298,4,392.05,0.15
ORD017926,PROD0284,3,1551.66,0.15
ORD005194,PROD0167,3,2511.68,0.1
ORD010878,PROD0228,3,1012.55,0.0
ORD003838,PROD0166,1,655.43,0.05
ORD013674,PROD0010,4,1326.68,0.05
ORD001208,PROD0080,3,1973.58,0.0
ORD007370,PROD0205,1,315.35,0.1
ORD005878,PROD0013,1,2230.9,0.0
ORD001064,PROD0153,5,192.77,0.1
ORD010508,PROD0105,1,813.74,0.0
ORD004890,PROD0273,5,1884.45,0.2
ORD010109,PROD0262,5,1081.48,0.05
ORD000944,PROD0149,4,231.51,0.1
ORD010816,PROD0256,1,895.23,0.0
ORD006816,PROD0277,3,668.68,0.15
ORD001936,PROD0211,3,1092.8,0.15
ORD010175,PROD0082,4,835.72,0.0
ORD013710,PROD0020,1,2005.81,0.0
ORD005790,PROD0204,3,1064.24,0.05
ORD014691,PROD0133,4,737.29,0.0
ORD002064,PROD0151,1,938.09,0.0
ORD016704,PROD0107,5,416.19,0.0
ORD016774,PROD0212,5,936.47,0.05
ORD006999,PROD0137,4,445.2,0.2
ORD005656,PROD0230,2,1187.41,0.0
ORD006599,PROD0128,5,414.27,0.15
ORD005149,PROD0009,2,419.4,0.0
ORD013630,PROD0104,1,917.71,0.1
ORD002539,PROD0165,2,1341.44,0.05
ORD007482,PROD0286,1,722.33,0.0
ORD000417,PROD0091,3,402.26,0.15
ORD009521,PROD0017,1,5213.81,0.1
ORD008980,PROD0178,1,1006.65,0.2
ORD001472,PROD0195,1,525.15,0.1
ORD002813,PROD0237,5,1008.9,0.0
ORD007633,PROD0019,4,2132.91,0.05
ORD016370,PROD0257,3,994.46,0.1
ORD004749,PROD0072,4,4756.76,0.1
ORD000031,PROD0066,1,705.54,0.1
ORD016992,PROD0052,5,1103.19,0.1
ORD010933,PROD0248,2,581.51,0.05
ORD012853,PROD0227,3,663.99,0.2
ORD014161,PROD0003,5,2931.9,0.1
ORD013980,PROD0209,4,4636.93,0.1
ORD000456,PROD0255,5,2724.93,0.0
ORD007249,PROD0243,3,4498.92,0.05
ORD005979,PROD0256,3,895.23,0.2
ORD008259,PROD0103,1,814.61,0.05
ORD004512,PROD0031,4,2790.09,0.0
ORD011963,PROD0266,1,1066.97,0.05
ORD003070,PROD0074,1,701.79,0.0
ORD014866,PROD0082,5,835.72,0.05
ORD004509,PROD0182,2,1491.37,0.1
ORD011182,PROD0103,1,814.61,0.1
ORD005556,PROD0198,5,1910.21,0.15
ORD000228,PROD0186,5,324.33,0.0
ORD009593,PROD0031,5,2790.09,0.1
ORD012471,PROD0164,1,1896.67,0.1
ORD006150,PROD0270,3,546.81,0.1
ORD005520,PROD0225,2,670.12,0.05
ORD011400,PROD0221,4,861.75,0.2
ORD016548,PROD0083,3,1558.0,0.0
ORD017102,PROD0202,3,1039.91,0.2
ORD009605,PROD0087,2,2381.84,0.2
ORD001925,PROD0136,3,4655.74,0.2
ORD006173,PROD0216,1,2535.43,0.15
ORD005216,PROD0070,4,2065.33,0.2
ORD000569,PROD0091,5,402.26,0.0
ORD015783,PROD0043,2,950.69,0.15
ORD002248,PROD0158,2,1130.19,0.0
ORD015587,PROD0175,5,2260.04,0.1
ORD000236,PROD0250,2,468.3,0.1
ORD000551,PROD0077,4,372.07,0.05
ORD002397,PROD0125,1,1338.46,0.05
ORD015481,PROD0204,1,1064.24,0.0
ORD004389,PROD0270,1,546.81,0.05
ORD010200,PROD0266,3,1066.97,0.1
ORD003120,PROD0273,4,1884.45,0.0
ORD003833,PROD0192,3,2094.72,0.05
ORD003278,PROD0174,1,1681.39,0.2
ORD016436,PROD0187,2,2575.23,0.05
ORD013698,PROD0198,2,1910.21,0.15
ORD011991,PROD0176,4,890.34,0.0
ORD002865,PROD0097,2,2244.75,0.1
ORD012078,PROD0133,3,737.29,0.2
ORD017406,PROD0063,4,453.52,0.1
ORD001958,PROD0284,2,1551.66,0.0
ORD012377,PROD0299,2,3528.34,0.15
ORD002403,PROD0008,4,1428.37,0.05
ORD004241,PROD0122,1,768.92,0.1
ORD013894,PROD0237,2,1008.9,0.15
ORD004815,PROD0208,2,1605.39,0.0
ORD006502,PROD0078,1,1498.55,0.15
ORD004860,PROD0180,5,374.36,0.05
ORD010182,PROD0145,2,2107.82,0.15
ORD014109,PROD0241,1,215.23,0.0
ORD016892,PROD0147,2,1277.67,0.05
ORD005504,PROD0119,3,1545.4,0.15
ORD000780,PROD0154,1,611.42,0.1
ORD010739,PROD0300,3,2550.36,0.2
ORD013976,PROD0025,4,585.99,0.2
ORD016401,PROD0221,4,861.75,0.15
ORD014489,PROD0146,3,2912.21,0.05
ORD001594,PROD0221,4,861.75,0.0
ORD014704,PROD0039,4,748.33,0.0
ORD007127,PROD0245,2,258.37,0.05
ORD017898,PROD0297,3,359.44,0.0
ORD011580,PROD0158,5,1130.19,0.15
ORD013976,PROD0186,4,324.33,0.05
ORD007971,PROD0224,3,4037.97,0.2
ORD006031,PROD0035,4,914.62,0.05
ORD009300,PROD0179,3,608.27,0.1
ORD002983,PROD0239,3,3878.85,0.1
ORD006143,PROD0054,2,1149.11,0.0
ORD003769,PROD0232,1,480.05,0.0
ORD004194,PROD0105,2,813.74,0.0
ORD000845,PROD0053,1,499.98,0.05
ORD015858,PROD0044,3,2277.54,0.1
ORD006462,PROD0242,2,1251.99,0.0
ORD013050,PROD0201,2,1107.62,0.1
ORD016492,PROD0039,4,748.33,0.05
ORD016073,PROD0273,2,1884.45,0.05
ORD002727,PROD0267,3,1411.95,0.1
ORD011471,PROD0267,2,1411.95,0.0
ORD001102,PROD0264,4,409.67,0.1
ORD011793,PROD0142,4,536.55,0.0
ORD004863,PROD0107,3,416.19,0.05
ORD000663,PROD0161,4,1467.22,0.15
ORD017752,PROD0134,3,938.67,0.1
ORD012577,PROD0136,5,4655.74,0.1
ORD012989,PROD0247,2,1013.19,0.05
ORD014164,PROD0114,2,983.9,0.1
ORD005576,PROD0019,3,2132.91,0.1
ORD010720,PROD0063,5,453.52,0.2
ORD016201,PROD0003,5,2931.9,0.2
ORD000266,PROD0159,3,2084.31,0.0
ORD000192,PROD0253,4,3782.92,0.1
ORD009695,PROD0013,2,2230.9,0.0
ORD003354,PROD0095,5,853.11,0.05
ORD016016,PROD0171,5,619.82,0.0
ORD013601,PROD0201,2,1107.62,0.15
ORD017271,PROD0147,2,1277.67,0.0
ORD010978,PROD0228,3,1012.55,0.1
ORD015539,PROD0275,1,1740.08,0.0
ORD000428,PROD0274,3,356.93,0.0
ORD008628,PROD0128,3,414.27,0.0
ORD005024,PROD0093,3,2481.82,0.0
ORD016428,PROD0232,1,480.05,0.2
ORD014413,PROD0038,1,1310.24,0.15
ORD004219,PROD0281,5,5213.75,0.0
ORD005614,PROD0209,2,4636.93,0.2
ORD009884,PROD0268,4,1593.82,0.15
ORD006646,PROD0212,4,936.47,0.0
ORD000225,PROD0063,1,453.52,0.1
ORD014228,PROD0168,5,1759.17,0.0
ORD006819,PROD0134,2,938.67,0.15
ORD004772,PROD0188,2,5555.06,0.05
ORD006101,PROD0253,2,3782.92,0.1
ORD015136,PROD0151,2,938.09,0.0
ORD002138,PROD0223,3,1507.47,0.05
ORD001172,PROD0130,3,1402.05,0.0
ORD002957,PROD0201,2,1107.62,0.05
ORD002022,PROD0154,5,611.42,0.15
ORD009690,PROD0145,2,2107.82,0.2
ORD007364,PROD0081,1,2207.21,0.2
ORD003845,PROD0109,5,315.2,0.15
ORD009120,PROD0286,3,722.33,0.05
ORD000806,PROD0048,2,2692.11,0.05
ORD011531,PROD0060,3,511.57,0.1
ORD015906,PROD0021,2,2017.39,0.0
ORD001873,PROD0122,4,768.92,0.15
ORD003169,PROD0274,5,356.93,0.1
ORD017450,PROD0283,4,1585.65,0.2
ORD014556,PROD0197,1,774.0,0.0
ORD015785,PROD0084,1,787.16,0.1
ORD014472,PROD0005,1,5350.44,0.2
ORD017750,PROD0269,3,528.68,0.05
ORD008774,PROD0062,4,1731.8,0.1
ORD012694,PROD0048,1,2692.11,0.1
ORD006799,PROD0169,4,2484.01,0.2
ORD000310,PROD0173,3,1893.36,0.1
ORD010530,PROD0056,2,1815.37,0.15
ORD017346,PROD0090,1,1416.42,0.05
ORD004411,PROD0271,2,1034.8,0.05
ORD006665,PROD0201,3,1107.62,0.0
ORD014839,PROD0279,3,1760.62,0.05
ORD014489,PROD0277,2,668.68,0.05
ORD007329,PROD0164,5,1896.67,0.05
ORD012602,PROD0210,2,539.67,0.1
ORD013934,PROD0155,2,383.07,0.0
ORD005246,PROD0242,4,1251.99,0.0
ORD002238,PROD0257,4,994.46,0.15
ORD005608,PROD0215,5,496.9,0.05
ORD003520,PROD0166,4,655.43,0.1
ORD002879,PROD0114,2,983.9,0.1
ORD002349,PROD0167,5,2511.68,0.15
ORD002134,PROD0284,4,1551.66,0.1
ORD012644,PROD0239,1,3878.85,0.05
ORD013062,PROD0241,2,215.23,0.2
ORD004506,PROD0069,5,6450.78,0.0
ORD002435,PROD0034,1,1106.13,0.15
ORD005440,PROD0238,4,1179.28,0.1
ORD009272,PROD0035,2,914.62,0.0
ORD012719,PROD0058,5,5552.05,0.05
ORD015174,PROD0125,2,1338.46,0.2
ORD002417,PROD0298,1,392.05,0.1
ORD001987,PROD0184,5,734.18,0.15
ORD016745,PROD0203,5,1208.94,0.0
ORD013654,PROD0190,1,1494.94,0.0
ORD008886,PROD0158,5,1130.19,0.2
ORD003781,PROD0065,2,298.49,0.1
ORD011161,PROD0119,5,1545.4,0.0
ORD014680,PROD0247,5,1013.19,0.1
ORD007003,PROD0266,4,1066.97,0.15
ORD000884,PROD0076,5,1911.33,0.0
ORD017617,PROD0191,1,425.27,0.0
ORD015724,PROD0222,2,803.44,0.15
ORD007223,PROD0200,1,1906.63,0.1
ORD014315,PROD0161,5,1467.22,0.0
ORD000894,PROD0057,3,1480.61,0.0
ORD015724,PROD0269,3,528.68,0.1
ORD010049,PROD0290,3,3732.41,0.2
ORD008808,PROD0299,2,3528.34,0.0
ORD013723,PROD0272,3,834.67,0.0
ORD006330,PROD0074,5,701.79,0.1
ORD000578,PROD0040,4,5448.94,0.2
ORD011124,PROD0025,2,585.99,0.2
ORD005691,PROD0269,1,528.68,0.0
ORD013031,PROD0169,2,2484.01,0.1
ORD015855,PROD0251,1,1056.88,0.0
ORD017903,PROD0259,1,272.42,0.05
ORD013959,PROD0093,1,2481.82,0.0
ORD016164,PROD0102,3,1726.73,0.05
ORD012917,PROD0105,5,813.74,0.1
ORD005658,PROD0244,5,1140.3,0.0
ORD013952,PROD0206,2,512.36,0.05
ORD007404,PROD0036,3,2265.4,0.05
ORD007126,PROD0201,2,1107.62,0.0
ORD011803,PROD0019,3,2132.91,0.05
ORD000764,PROD0264,5,409.67,0.15
ORD007146,PROD0002,5,1122.65,0.2
ORD005955,PROD0030,5,1536.54,0.1
ORD015044,PROD0286,5,722.33,0.15
ORD016682,PROD0300,5,2550.36,0.1
ORD017341,PROD0091,1,402.26,0.0
ORD001248,PROD0166,3,655.43,0.05
ORD001076,PROD0120,4,3592.34,0.05
ORD007316,PROD0257,3,994.46,0.0
ORD016337,PROD0287,1,1180.58,0.05
ORD005741,PROD0292,2,526.18,0.1
ORD012901,PROD0137,2,445.2,0.0
ORD012652,PROD0259,3,272.42,0.0
ORD006153,PROD0113,3,495.12,0.1
ORD008629,PROD0151,4,938.09,0.1
ORD000569,PROD0264,1,409.67,0.05
ORD004485,PROD0230,4,1187.41,0.05
ORD008880,PROD0122,4,768.92,0.15
ORD003992,PROD0237,3,1008.9,0.1
ORD005440,PROD0140,5,4498.4,0.1
ORD003292,PROD0203,4,1208.94,0.05
ORD005458,PROD0140,5,4498.4,0.1
ORD016788,PROD0078,1,1498.55,0.2
ORD003851,PROD0204,2,1064.24,0.05
ORD001052,PROD0062,5,1731.8,0.1
ORD011253,PROD0265,5,709.86,0.1
ORD006658,PROD0125,4,1338.46,0.05
ORD008630,PROD0279,3,1760.62,0.05
ORD005312,PROD0176,4,890.34,0.0
ORD014406,PROD0035,1,914.62,0.2
ORD009149,PROD0283,3,1585.65,0.2
ORD008702,PROD0054,3,1149.11,0.2
ORD004810,PROD0046,3,423.5,0.0
ORD008197,PROD0235,3,1069.09,0.0
ORD015709,PROD0015,5,768.6,0.0
ORD017002,PROD0227,1,663.99,0.1
ORD000299,PROD0236,5,1243.22,0.05
ORD007617,PROD0185,2,592.37,0.2
ORD010629,PROD0269,5,528.68,0.15
ORD006650,PROD0191,2,425.27,0.1
ORD014526,PROD0247,1,1013.19,0.0
ORD015351,PROD0098,4,1788.67,0.05
ORD009574,PROD0242,3,1251.99,0.15
ORD004306,PROD0281,1,5213.75,0.1
ORD005121,PROD0234,3,1884.98,0.0
ORD001574,PROD0150,3,1469.35,0.05
ORD013139,PROD0221,4,861.75,0.1
ORD000414,PROD0132,1,1663.98,0.1
ORD011522,PROD0144,5,1097.89,0.2
ORD003040,PROD0183,5,606.73,0.1
ORD014891,PROD0092,5,2466.2,0.1
ORD014152,PROD0214,1,285.7,0.15
ORD015256,PROD0077,5,372.07,0.05
ORD002741,PROD0230,1,1187.41,0.15
ORD017403,PROD0210,5,539.67,0.0
ORD012621,PROD0169,2,2484.01,0.2
ORD011225,PROD0029,5,1224.14,0.1
ORD007294,PROD0256,3,895.23,0.0
ORD001858,PROD0109,3,315.2,0.1
ORD006738,PROD0233,4,865.79,0.0
ORD011215,PROD0255,4,2724.93,0.15
ORD017691,PROD0126,5,648.87,0.05
ORD004502,PROD0183,2,606.73,0.1
ORD017931,PROD0208,4,1605.39,0.2
ORD003487,PROD0160,1,2652.37,0.0
ORD006619,PROD0104,3,917.71,0.0
ORD006495,PROD0145,3,2107.82,0.0
ORD008132,PROD0075,1,993.75,0.0
ORD016846,PROD0297,5,359.44,0.1
ORD017026,PROD0033,1,726.59,0.0
ORD008981,PROD0036,4,2265.4,0.05
ORD000842,PROD0091,5,402.26,0.0
ORD002626,PROD0223,3,1507.47,0.05
ORD009212,PROD0275,4,1740.08,0.0
ORD004802,PROD0089,2,390.25,0.05
ORD005444,PROD0038,2,1310.24,0.15
ORD011574,PROD0299,3,3528.34,0.05
ORD007935,PROD0074,3,701.79,0.15
ORD004970,PROD0166,1,655.43,0.0
ORD015624,PROD0073,4,3798.83,0.05
ORD011979,PROD0072,1,4756.76,0.1
ORD008041,PROD0060,2,511.57,0.0
ORD015431,PROD0149,1,231.51,0.2
ORD004057,PROD0260,3,2453.91,0.2
ORD004655,PROD0123,3,2787.07,0.0
ORD016254,PROD0148,4,2479.32,0.0
ORD006619,PROD0292,4,526.18,0.1
ORD006826,PROD0002,1,1122.65,0.0
ORD002607,PROD0207,1,4103.55,0.1
ORD010011,PROD0018,5,1106.42,0.1
ORD001656,PROD0094,5,1585.84,0.1
ORD005442,PROD0217,2,748.27,0.0
ORD006102,PROD0081,4,2207.21,0.15
ORD010214,PROD0224,3,4037.97,0.05
ORD000547,PROD0153,3,192.77,0.1
ORD012884,PROD0038,4,1310.24,0.0
ORD011122,PROD0008,2,1428.37,0.15
ORD008905,PROD0060,4,511.57,0.1
ORD006601,PROD0278,2,1418.31,0.15
ORD005610,PROD0166,1,655.43,0.05
ORD005591,PROD0204,2,1064.24,0.0
ORD013274,PROD0093,2,2481.82,0.1
ORD004046,PROD0222,1,803.44,0.05
ORD005340,PROD0264,3,409.67,0.15
ORD007302,PROD0253,3,3782.92,0.0
ORD017125,PROD0115,5,1198.13,0.1
ORD007766,PROD0126,5,648.87,0.0
ORD007127,PROD0177,3,1733.37,0.15
ORD004608,PROD0182,5,1491.37,0.1
ORD000046,PROD0021,1,2017.39,0.1
ORD017358,PROD0055,5,1758.65,0.0
ORD006192,PROD0013,1,2230.9,0.15
ORD013772,PROD0262,5,1081.48,0.05
ORD002544,PROD0150,5,1469.35,0.05
ORD012840,PROD0210,3,539.67,0.0
ORD015461,PROD0160,1,2652.37,0.0
ORD015764,PROD0126,3,648.87,0.0
ORD009081,PROD0104,2,917.71,0.0
ORD004424,PROD0168,4,1759.17,0.0
ORD010468,PROD0115,4,1198.13,0.05
ORD009303,PROD0040,3,5448.94,0.15
ORD007570,PROD0107,4,416.19,0.0
ORD007392,PROD0172,2,3513.98,0.05
ORD011415,PROD0123,4,2787.07,0.1
ORD014748,PROD0273,1,1884.45,0.05
ORD013261,PROD0017,1,5213.81,0.2
ORD013964,PROD0016,5,2382.58,0.0
ORD016706,PROD0209,5,4636.93,0.05
ORD010336,PROD0214,2,285.7,0.15
ORD006492,PROD0028,5,740.62,0.05
ORD015527,PROD0143,2,2026.75,0.0
ORD009443,PROD0103,2,814.61,0.2
ORD011819,PROD0205,1,315.35,0.1
ORD009256,PROD0292,2,526.18,0.1
ORD005020,PROD0148,1,2479.32,0.0
ORD009287,PROD0229,5,251.37,0.0
ORD007572,PROD0070,4,2065.33,0.2
ORD003279,PROD0115,2,1198.13,0.0
ORD000475,PROD0273,3,1884.45,0.05
ORD004098,PROD0022,4,174.42,0.15
ORD014707,PROD0006,3,997.09,0.1
ORD012634,PROD0094,2,1585.84,0.1
ORD007789,PROD0192,5,2094.72,0.0
ORD010697,PROD0285,2,1253.77,0.1
ORD013497,PROD0176,3,890.34,0.0
ORD001237,PROD0112,4,3157.32,0.1
ORD013387,PROD0213,1,475.42,0.1
ORD001711,PROD0015,1,768.6,0.05
ORD002165,PROD0191,4,425.27,0.05
ORD002835,PROD0209,2,4636.93,0.05
ORD004742,PROD0030,5,1536.54,0.2
ORD007752,PROD0149,5,231.51,0.15
ORD000263,PROD0249,4,4012.64,0.0
ORD017184,PROD0092,4,2466.2,0.0
ORD016010,PROD0148,3,2479.32,0.1
ORD011593,PROD0243,2,4498.92,0.05
ORD012200,PROD0125,3,1338.46,0.2
ORD003171,PROD0267,2,1411.95,0.0
ORD011707,PROD0296,1,605.83,0.05
ORD001874,PROD0045,3,1204.82,0.05
ORD011205,PROD0102,3,1726.73,0.0
ORD008742,PROD0015,5,768.6,0.1
ORD004918,PROD0269,2,528.68,0.05
ORD009834,PROD0206,4,512.36,0.05
ORD000637,PROD0170,3,1486.76,0.1
ORD007091,PROD0078,4,1498.55,0.1
ORD007166,PROD0129,5,2715.49,0.05
ORD011896,PROD0085,1,2361.96,0.0
ORD017662,PROD0053,1,499.98,0.1
ORD015224,PROD0041,3,566.23,0.0
ORD013075,PROD0295,3,450.65,0.1
ORD012355,PROD0248,5,581.51,0.1
ORD003244,PROD0028,3,740.62,0.05
ORD017348,PROD0139,3,624.58,0.0
ORD008865,PROD0231,1,1734.21,0.15
ORD010340,PROD0241,2,215.23,0.0
ORD007295,PROD0155,1,383.07,0.2
ORD016863,PROD0129,2,2715.49,0.0
ORD004048,PROD0183,5,606.73,0.0
ORD013674,PROD0115,2,1198.13,0.1
ORD003320,PROD0296,2,605.83,0.2
ORD000753,PROD0009,2,419.4,0.0
ORD000722,PROD0247,4,1013.19,0.1
ORD013484,PROD0198,2,1910.21,0.15
ORD005042,PROD0011,2,569.66,0.05
ORD010261,PROD0167,1,2511.68,0.1
ORD010799,PROD0006,2,997.09,0.0
ORD016771,PROD0252,3,1091.64,0.0
ORD016358,PROD0228,1,1012.55,0.2
ORD003695,PROD0112,2,3157.32,0.1
ORD002825,PROD0156,5,1302.29,0.1
ORD012532,PROD0198,4,1910.21,0.0
ORD013058,PROD0136,5,4655.74,0.0
ORD008187,PROD0175,4,2260.04,0.15
ORD011914,PROD0143,2,2026.75,0.05
ORD006815,PROD0248,1,581.51,0.1
ORD007333,PROD0052,3,1103.19,0.2
ORD005960,PROD0028,3,740.62,0.15
ORD014498,PROD0033,4,726.59,0.0
ORD006916,PROD0153,5,192.77,0.1
ORD006391,PROD0196,5,624.67,0.1
ORD013627,PROD0141,3,526.7,0.2
ORD014820,PROD0154,1,611.42,0.1
ORD017025,PROD0291,1,859.37,0.05
ORD011382,PROD0258,2,814.14,0.1
ORD012240,PROD0183,1,606.73,0.15
ORD001429,PROD0273,4,1884.45,0.1
ORD001735,PROD0244,3,1140.3,0.1
ORD009615,PROD0233,1,865.79,0.15
ORD016920,PROD0029,3,1224.14,0.15
ORD016912,PROD0039,5,748.33,0.0
ORD012863,PROD0016,3,2382.58,0.15
ORD017801,PROD0036,5,2265.4,0.1
ORD003877,PROD0264,2,409.67,0.1
ORD013944,PROD0213,3,475.42,0.2
ORD009113,PROD0189,3,260.5,0.15
ORD009145,PROD0230,5,1187.41,0.15
ORD007705,PROD0106,1,770.07,0.1
ORD004063,PROD0250,1,468.3,0.2
ORD011120,PROD0071,5,1519.69,0.05
ORD003800,PROD0133,2,737.29,0.05
ORD017193,PROD0169,5,2484.01,0.2
ORD012415,PROD0097,3,2244.75,0.2
ORD003031,PROD0059,4,3884.69,0.0
ORD014259,PROD0260,2,2453.91,0.0
ORD011228,PROD0037,3,1059.57,0.1
ORD000250,PROD0168,3,1759.17,0.05
ORD010317,PROD0296,2,605.83,0.1
ORD005474,PROD0227,3,663.99,0.05
ORD012877,PROD0122,3,768.92,0.15
ORD010567,PROD0289,4,1376.41,0.1
ORD002740,PROD0118,4,437.61,0.2
ORD009820,PROD0250,3,468.3,0.0
ORD014717,PROD0060,5,511.57,0.2
ORD006605,PROD0166,5,655.43,0.15
ORD002336,PROD0232,4,480.05,0.1
ORD014326,PROD0088,4,255.81,0.15
ORD004804,PROD0042,4,5997.9,0.05
ORD016773,PROD0273,4,1884.45,0.1
ORD017765,PROD0054,4,1149.11,0.05
ORD005035,PROD0267,2,1411.95,0.15
ORD007996,PROD0226,5,322.28,0.1
ORD016540,PROD0147,1,1277.67,0.1
ORD009612,PROD0119,1,1545.4,0.05
ORD011929,PROD0083,1,1558.0,0.05
ORD016742,PROD0052,2,1103.19,0.05
ORD012096,PROD0295,5,450.65,0.05
ORD002511,PROD0060,1,511.57,0.0
ORD009452,PROD0127,1,1166.2,0.1
ORD013806,PROD0067,1,1836.4,0.15
ORD003626,PROD0189,5,260.5,0.1
ORD004400,PROD0190,2,1494.94,0.0
ORD015029,PROD0296,3,605.83,0.1
ORD008742,PROD0071,5,1519.69,0.0
ORD009598,PROD0124,4,7033.68,0.2
ORD011562,PROD0003,4,2931.9,0.1
ORD003362,PROD0243,2,4498.92,0.1
ORD012051,PROD0044,2,2277.54,0.1
ORD000317,PROD0091,5,402.26,0.1
ORD009932,PROD0074,3,701.79,0.1
ORD015740,PROD0259,5,272.42,0.0
ORD004370,PROD0097,2,2244.75,0.1
ORD016574,PROD0276,4,1150.97,0.05
ORD004786,PROD0226,4,322.28,0.0
ORD004609,PROD0098,5,1788.67,0.1
ORD003874,PROD0073,1,3798.83,0.2
ORD012042,PROD0069,4,6450.78,0.15
ORD000623,PROD0216,5,2535.43,0.0
ORD017190,PROD0053,1,499.98,0.1
ORD000372,PROD0289,5,1376.41,0.0
ORD009596,PROD0176,1,890.34,0.15
ORD012373,PROD0199,4,919.06,0.15
ORD006326,PROD0141,5,526.7,0.2
ORD013169,PROD0118,1,437.61,0.05
ORD004444,PROD0155,5,383.07,0.1
ORD006762,PROD0050,3,138.33,0.15
ORD004899,PROD0152,2,3664.43,0.1
ORD007679,PROD0078,1,1498.55,0.0
ORD005744,PROD0204,4,1064.24,0.0
ORD010461,PROD0077,1,372.07,0.0
ORD002932,PROD0219,5,1088.5,0.15
ORD007428,PROD0200,2,1906.63,0.0
ORD014146,PROD0191,5,425.27,0.0
ORD003665,PROD0076,1,1911.33,0.15
ORD003770,PROD0111,4,843.13,0.1
ORD000893,PROD0132,2,1663.98,0.15
ORD003389,PROD0009,3,419.4,0.05
ORD005506,PROD0073,3,3798.83,0.15
ORD014632,PROD0265,3,709.86,0.05
ORD009027,PROD0051,2,257.94,0.0
ORD004494,PROD0294,4,608.79,0.1
ORD017816,PROD0061,1,1808.63,0.05
ORD015303,PROD0130,1,1402.05,0.2
ORD016972,PROD0186,4,324.33,0.1
ORD016640,PROD0074,4,701.79,0.15
ORD015289,PROD0295,3,450.65,0.0
ORD016736,PROD0043,3,950.69,0.05
ORD009021,PROD0036,2,2265.4,0.15
ORD015208,PROD0067,1,1836.4,0.2
ORD015098,PROD0131,4,719.35,0.15
ORD011960,PROD0170,1,1486.76,0.0
ORD000962,PROD0215,2,496.9,0.2
ORD015715,PROD0001,5,2228.63,0.15
ORD007832,PROD0224,2,4037.97,0.15
ORD005609,PROD0226,4,322.28,0.15
ORD006402,PROD0233,5,865.79,0.0
ORD000302,PROD0227,1,663.99,0.05
ORD015813,PROD0028,4,740.62,0.0
ORD002841,PROD0169,1,2484.01,0.0
ORD015808,PROD0239,5,3878.85,0.15
ORD013157,PROD0124,5,7033.68,0.1
ORD009587,PROD0103,5,814.61,0.05
ORD016676,PROD0196,5,624.67,0.1
ORD002897,PROD0035,4,914.62,0.0
ORD000359,PROD0078,4,1498.55,0.05
ORD008763,PROD0028,4,740.62,0.0
ORD002997,PROD0142,1,536.55,0.1
ORD010912,PROD0028,3,740.62,0.15
ORD005348,PROD0207,4,4103.55,0.15
ORD011188,PROD0025,4,585.99,0.05
ORD007886,PROD0135,5,1098.25,0.15
ORD003718,PROD0024,3,3557.69,0.15
ORD014842,PROD0055,1,1758.65,0.2
ORD015662,PROD0113,4,495.12,0.15
ORD003581,PROD0228,5,1012.55,0.1
ORD002131,PROD0207,1,4103.55,0.05
ORD005396,PROD0266,4,1066.97,0.15
ORD015642,PROD0093,4,2481.82,0.15
ORD014657,PROD0268,1,1593.82,0.0
ORD000264,PROD0216,1,2535.43,0.0
ORD017892,PROD0199,4,919.06,0.1
ORD000949,PROD0157,3,1342.68,0.2
ORD001618,PROD0255,5,2724.93,0.0
ORD010770,PROD0105,1,813.74,0.1
ORD017585,PROD0275,3,1740.08,0.05
ORD013777,PROD0249,4,4012.64,0.05
ORD000766,PROD0222,5,803.44,0.0
ORD003396,PROD0030,5,1536.54,0.0
ORD015843,PROD0184,3,734.18,0.05
ORD010525,PROD0117,2,1622.14,0.05
ORD013527,PROD0159,2,2084.31,0.1
ORD008261,PROD0151,1,938.09,0.1
ORD017408,PROD0119,5,1545.4,0.05
ORD007170,PROD0058,4,5552.05,0.15
ORD007952,PROD0136,3,4655.74,0.0
ORD006710,PROD0052,1,1103.19,0.05
ORD015078,PROD0006,3,997.09,0.2
ORD001944,PROD0066,5,705.54,0.0
ORD004204,PROD0253,1,3782.92,0.0
ORD010384,PROD0056,2,1815.37,0.1
ORD011557,PROD0015,2,768.6,0.1
ORD015374,PROD0025,4,585.99,0.0
ORD012910,PROD0182,5,1491.37,0.0
ORD015884,PROD0207,5,4103.55,0.05
ORD005333,PROD0264,4,409.67,0.15
ORD015258,PROD0135,4,1098.25,0.05
ORD001986,PROD0202,1,1039.91,0.1
ORD006314,PROD0124,2,7033.68,0.1
ORD016698,PROD0099,5,550.57,0.15
ORD006061,PROD0226,4,322.28,0.2
ORD017103,PROD0259,1,272.42,0.1
ORD016202,PROD0258,5,814.14,0.15
ORD004975,PROD0030,3,1536.54,0.05
ORD004585,PROD0029,5,1224.14,0.05
ORD005860,PROD0185,3,592.37,0.1
ORD014943,PROD0192,2,2094.72,0.2
ORD004918,PROD0291,1,859.37,0.0
ORD015800,PROD0280,2,239.29,0.0
ORD003967,PROD0188,2,5555.06,0.0
ORD007407,PROD0258,5,814.14,0.1
ORD017041,PROD0019,5,2132.91,0.2
ORD011539,PROD0267,2,1411.95,0.05
ORD009412,PROD0242,1,1251.99,0.0
ORD014635,PROD0272,5,834.67,0.0
ORD011768,PROD0032,3,1792.53,0.0
ORD014550,PROD0058,2,5552.05,0.1
ORD004313,PROD0089,5,390.25,0.0
ORD007614,PROD0181,1,218.55,0.2
ORD016579,PROD0051,5,257.94,0.15
ORD012409,PROD0186,5,324.33,0.1
ORD012602,PROD0124,4,7033.68,0.1
ORD006091,PROD0018,1,1106.42,0.1
ORD016737,PROD0264,5,409.67,0.2
ORD002401,PROD0115,4,1198.13,0.0
ORD017506,PROD0288,2,1099.87,0.15
ORD014983,PROD0205,5,315.35,0.1
ORD008540,PROD0262,1,1081.48,0.1
ORD001537,PROD0159,3,2084.31,0.05
ORD005318,PROD0108,2,1195.6,0.2
ORD015668,PROD0058,4,5552.05,0.15
ORD000377,PROD0034,1,1106.13,0.0
ORD015542,PROD0193,5,3394.61,0.0
ORD007757,PROD0019,4,2132.91,0.15
ORD015603,PROD0130,1,1402.05,0.1
ORD007779,PROD0212,2,936.47,0.1
ORD000877,PROD0069,3,6450.78,0.05
ORD007587,PROD0036,2,2265.4,0.2
ORD012136,PROD0189,3,260.5,0.0
ORD014252,PROD0012,3,2384.44,0.1
ORD004325,PROD0086,5,1292.77,0.0
ORD010285,PROD0217,1,748.27,0.05
ORD010518,PROD0101,5,3596.1,0.2
ORD009259,PROD0030,1,1536.54,0.05
ORD006745,PROD0186,5,324.33,0.1
ORD004449,PROD0263,1,754.46,0.05
ORD000217,PROD0278,5,1418.31,0.1
ORD011538,PROD0085,1,2361.96,0.0
ORD006845,PROD0092,1,2466.2,0.05
ORD002355,PROD0218,5,852.15,0.2
ORD016301,PROD0103,2,814.61,0.0
ORD004312,PROD0228,5,1012.55,0.0
ORD016536,PROD0282,1,1059.41,0.05
ORD001522,PROD0090,1,1416.42,0.15
ORD000912,PROD0291,2,859.37,0.0
ORD001229,PROD0082,2,835.72,0.15
ORD005219,PROD0209,1,4636.93,0.0
ORD005684,PROD0026,1,926.18,0.1
ORD010146,PROD0098,1,1788.67,0.05
ORD002958,PROD0174,3,1681.39,0.0
ORD010034,PROD0099,2,550.57,0.05
ORD013450,PROD0213,5,475.42,0.15
ORD009126,PROD0206,2,512.36,0.0
ORD001840,PROD0061,3,1808.63,0.2
ORD007820,PROD0257,2,994.46,0.1
ORD003472,PROD0229,1,251.37,0.05
ORD014838,PROD0297,5,359.44,0.05
ORD011895,PROD0111,1,843.13,0.05
ORD014921,PROD0099,4,550.57,0.0
ORD007490,PROD0010,5,1326.68,0.0
ORD008693,PROD0157,5,1342.68,0.05
ORD011096,PROD0130,4,1402.05,0.0
ORD014655,PROD0200,2,1906.63,0.15
ORD000578,PROD0121,4,1762.91,0.0
ORD011674,PROD0075,2,993.75,0.05
ORD016710,PROD0202,1,1039.91,0.2
ORD006587,PROD0033,4,726.59,0.15
ORD004483,PROD0049,3,474.29,0.15
ORD011238,PROD0004,5,1005.11,0.15
ORD007988,PROD0116,4,435.35,0.1
ORD004063,PROD0052,2,1103.19,0.1
ORD012272,PROD0126,2,648.87,0.15
ORD015735,PROD0055,4,1758.65,0.05
ORD005959,PROD0214,5,285.7,0.1
ORD017039,PROD0197,3,774.0,0.15
ORD011827,PROD0126,4,648.87,0.0
ORD003026,PROD0156,3,1302.29,0.0
ORD009977,PROD0204,5,1064.24,0.2
ORD004627,PROD0296,1,605.83,0.1
ORD013123,PROD0211,2,1092.8,0.1
ORD003847,PROD0255,1,2724.93,0.0
ORD017903,PROD0217,3,748.27,0.2
ORD007823,PROD0111,5,843.13,0.05
ORD012156,PROD0224,4,4037.97,0.0
ORD011038,PROD0209,3,4636.93,0.05
ORD007859,PROD0272,1,834.67,0.0
ORD002655,PROD0053,5,499.98,0.1
ORD005321,PROD0164,5,1896.67,0.05
ORD013493,PROD0226,2,322.28,0.1
ORD015167,PROD0034,2,1106.13,0.05
ORD008420,PROD0093,3,2481.82,0.1
ORD016924,PROD0118,2,437.61,0.05
ORD017575,PROD0025,5,585.99,0.0
ORD004158,PROD0074,3,701.79,0.1
ORD006100,PROD0191,1,425.27,0.15
ORD012415,PROD0023,2,529.99,0.05
ORD016777,PROD0165,5,1341.44,0.0
ORD009395,PROD0127,2,1166.2,0.05
ORD015231,PROD0150,4,1469.35,0.0
ORD015871,PROD0200,4,1906.63,0.15
ORD006930,PROD0203,5,1208.94,0.0
ORD017306,PROD0228,3,1012.55,0.0
ORD006146,PROD0047,5,743.87,0.05
ORD017661,PROD0286,3,722.33,0.05
ORD016856,PROD0300,4,2550.36,0.15
ORD000281,PROD0091,1,402.26,0.15
ORD016968,PROD0062,3,1731.8,0.05
ORD012885,PROD0116,5,435.35,0.15
ORD016751,PROD0294,3,608.79,0.0
ORD004706,PROD0056,5,1815.37,0.1
ORD000652,PROD0250,2,468.3,0.05
ORD006628,PROD0198,5,1910.21,0.2
ORD017548,PROD0242,2,1251.99,0.15
ORD003651,PROD0038,2,1310.24,0.0
ORD004054,PROD0018,1,1106.42,0.05
ORD002331,PROD0001,4,2228.63,0.1
ORD015539,PROD0264,3,409.67,0.15
ORD016045,PROD0268,4,1593.82,0.1
ORD015606,PROD0227,5,663.99,0.1
ORD015782,PROD0070,4,2065.33,0.0
ORD005418,PROD0121,4,1762.91,0.2
ORD001962,PROD0175,4,2260.04,0.15
ORD012652,PROD0072,3,4756.76,0.05
ORD015397,PROD0228,5,1012.55,0.0
ORD011910,PROD0277,1,668.68,0.0
ORD005717,PROD0005,2,5350.44,0.1
ORD000685,PROD0286,5,722.33,0.1
ORD016213,PROD0118,1,437.61,0.0
ORD001631,PROD0157,1,1342.68,0.05
ORD009777,PROD0266,1,1066.97,0.1
ORD010295,PROD0044,3,2277.54,0.1
ORD012501,PROD0047,1,743.87,0.1
ORD010311,PROD0070,1,2065.33,0.05
ORD017643,PROD0112,5,3157.32,0.1
ORD002658,PROD0083,1,1558.0,0.05
ORD011790,PROD0159,2,2084.31,0.1
ORD012659,PROD0083,5,1558.0,0.2
ORD003215,PROD0179,4,608.27,0.05
ORD014524,PROD0045,2,1204.82,0.15
ORD010894,PROD0123,1,2787.07,0.15
ORD017280,PROD0259,1,272.42,0.1
ORD013621,PROD0214,5,285.7,0.1
ORD009656,PROD0011,4,569.66,0.0
ORD003755,PROD0132,1,1663.98,0.05
ORD011573,PROD0181,4,218.55,0.2
ORD016208,PROD0076,3,1911.33,0.15
ORD007172,PROD0127,2,1166.2,0.05
ORD000601,PROD0221,2,861.75,0.0
ORD008419,PROD0004,2,1005.11,0.0
ORD006010,PROD0112,5,3157.32,0.0
ORD003935,PROD0195,2,525.15,0.2
ORD001835,PROD0229,1,251.37,0.1
ORD013934,PROD0214,4,285.7,0.15
ORD009362,PROD0005,3,5350.44,0.0
ORD009493,PROD0271,1,1034.8,0.1
ORD014007,PROD0250,3,468.3,0.15
ORD008659,PROD0105,1,813.74,0.0
ORD012357,PROD0154,5,611.42,0.1
ORD002607,PROD0104,3,917.71,0.1
ORD009602,PROD0043,4,950.69,0.0
ORD006098,PROD0116,5,435.35,0.0
ORD012096,PROD0091,2,402.26,0.1
ORD001424,PROD0098,5,1788.67,0.1
ORD017103,PROD0236,4,1243.22,0.05
ORD010447,PROD0192,3,2094.72,0.1
ORD012831,PROD0267,5,1411.95,0.15
ORD011725,PROD0117,2,1622.14,0.2
ORD014955,PROD0033,4,726.59,0.1
ORD008462,PROD0006,2,997.09,0.15
ORD008886,PROD0002,4,1122.65,0.0
ORD012026,PROD0111,1,843.13,0.0
ORD011979,PROD0112,1,3157.32,0.2
ORD004647,PROD0116,3,435.35,0.1
ORD002394,PROD0019,1,2132.91,0.0
ORD009649,PROD0089,2,390.25,0.05
ORD007274,PROD0209,1,4636.93,0.1
ORD001811,PROD0205,4,315.35,0.0
ORD017275,PROD0153,5,192.77,0.05
ORD013354,PROD0142,5,536.55,0.1
ORD009452,PROD0082,1,835.72,0.1
ORD000691,PROD0272,4,834.67,0.0
ORD015111,PROD0273,2,1884.45,0.0
ORD012665,PROD0294,4,608.79,0.05
ORD017922,PROD0090,3,1416.42,0.0
ORD007979,PROD0225,2,670.12,0.0
ORD000439,PROD0170,2,1486.76,0.05
ORD000661,PROD0115,2,1198.13,0.05
ORD012100,PROD0271,2,1034.8,0.05
ORD016257,PROD0277,2,668.68,0.05
ORD001515,PROD0274,4,356.93,0.05
ORD006124,PROD0210,5,539.67,0.05
ORD003607,PROD0210,3,539.67,0.1
ORD007725,PROD0199,4,919.06,0.1
ORD016593,PROD0276,4,1150.97,0.0
ORD015351,PROD0060,3,511.57,0.05
ORD001319,PROD0160,2,2652.37,0.05
ORD004810,PROD0127,3,1166.2,0.05
ORD014533,PROD0150,1,1469.35,0.0
ORD013603,PROD0160,2,2652.37,0.15
ORD007132,PROD0042,1,5997.9,0.2
ORD000711,PROD0021,5,2017.39,0.15
ORD003793,PROD0172,2,3513.98,0.2
ORD009222,PROD0073,3,3798.83,0.1
ORD006808,PROD0300,1,2550.36,0.15
ORD016410,PROD0172,4,3513.98,0.0
ORD003847,PROD0271,1,1034.8,0.1
ORD007382,PROD0177,4,1733.37,0.0
ORD011577,PROD0026,1,926.18,0.15
ORD004346,PROD0002,3,1122.65,0.0
ORD012568,PROD0201,4,1107.62,0.1
ORD005691,PROD0100,5,1535.02,0.15
ORD010448,PROD0210,2,539.67,0.15
ORD001489,PROD0280,1,239.29,0.05
ORD017765,PROD0003,5,2931.9,0.05
ORD012968,PROD0121,3,1762.91,0.1
ORD014882,PROD0127,3,1166.2,0.0
ORD009244,PROD0052,1,1103.19,0.05
ORD001228,PROD0267,1,1411.95,0.1
ORD002038,PROD0193,1,3394.61,0.0
ORD015386,PROD0204,4,1064.24,0.05
ORD005877,PROD0256,1,895.23,0.15
ORD015689,PROD0044,3,2277.54,0.0
ORD016774,PROD0241,4,215.23,0.1
ORD004602,PROD0134,4,938.67,0.15
ORD005668,PROD0071,5,1519.69,0.0
ORD013833,PROD0196,1,624.67,0.0
ORD010671,PROD0110,1,2045.64,0.1
ORD008174,PROD0252,2,1091.64,0.1
ORD002404,PROD0279,1,1760.62,0.2
ORD015366,PROD0181,4,218.55,0.05
ORD008087,PROD0104,5,917.71,0.15
ORD011857,PROD0062,4,1731.8,0.15
ORD003457,PROD0120,2,3592.34,0.1
ORD014255,PROD0270,4,546.81,0.0
ORD005626,PROD0183,1,606.73,0.2
ORD013993,PROD0229,1,251.37,0.1
ORD014772,PROD0110,5,2045.64,0.0
ORD012588,PROD0133,4,737.29,0.05
ORD005676,PROD0134,2,938.67,0.0
ORD001900,PROD0110,1,2045.64,0.15
ORD016188,PROD0271,4,1034.8,0.05
ORD014479,PROD0111,3,843.13,0.15
ORD016285,PROD0226,5,322.28,0.2
ORD000541,PROD0181,1,218.55,0.2
ORD015324,PROD0067,5,1836.4,0.05
ORD009784,PROD0270,3,546.81,0.1
ORD002321,PROD0021,5,2017.39,0.1
ORD003573,PROD0049,2,474.29,0.2
ORD011611,PROD0276,4,1150.97,0.15
ORD001593,PROD0146,4,2912.21,0.0
ORD006772,PROD0052,2,1103.19,0.15
ORD009478,PROD0083,2,1558.0,0.15
ORD008066,PROD0273,3,1884.45,0.05
ORD012336,PROD0269,5,528.68,0.15
ORD003353,PROD0027,4,5305.88,0.2
ORD004441,PROD0006,3,997.09,0.05
ORD003703,PROD0163,3,703.11,0.1
ORD012182,PROD0227,2,663.99,0.1
ORD009932,PROD0290,1,3732.41,0.0
ORD013619,PROD0164,2,1896.67,0.05
ORD015426,PROD0068,3,2579.6,0.0
ORD001772,PROD0063,4,453.52,0.05
ORD013403,PROD0242,1,1251.99,0.05
ORD005317,PROD0041,1,566.23,0.0
ORD015088,PROD0288,5,1099.87,0.15
ORD009595,PROD0144,3,1097.89,0.0
ORD009600,PROD0043,2,950.69,0.05
ORD014827,PROD0220,5,1249.15,0.1
ORD017494,PROD0032,4,1792.53,0.05
ORD009091,PROD0199,4,919.06,0.1
ORD010204,PROD0275,3,1740.08,0.1
ORD001381,PROD0211,1,1092.8,0.15
ORD003425,PROD0177,5,1733.37,0.05
ORD010521,PROD0147,4,1277.67,0.0
ORD011908,PROD0009,2,419.4,0.2
ORD001863,PROD0034,3,1106.13,0.0
ORD003900,PROD0162,2,377.71,0.0
ORD002609,PROD0123,1,2787.07,0.15
ORD012229,PROD0241,2,215.23,0.05
ORD016857,PROD0138,5,2041.26,0.0
ORD001638,PROD0253,3,3782.92,0.0
ORD014450,PROD0192,4,2094.72,0.1
ORD001906,PROD0151,5,938.09,0.1
ORD006420,PROD0087,3,2381.84,0.0
ORD009839,PROD0174,4,1681.39,0.0
ORD017911,PROD0167,2,2511.68,0.2
ORD015887,PROD0221,4,861.75,0.2
ORD010147,PROD0196,1,624.67,0.1
ORD000483,PROD0273,4,1884.45,0.1
ORD002618,PROD0166,4,655.43,0.2
ORD013319,PROD0254,3,1021.7,0.0
ORD014369,PROD0184,3,734.18,0.1
ORD005991,PROD0060,5,511.57,0.15
ORD012256,PROD0104,5,917.71,0.0
ORD011938,PROD0179,3,608.27,0.2
ORD008289,PROD0081,5,2207.21,0.1
ORD000047,PROD0015,3,768.6,0.0
ORD001373,PROD0132,4,1663.98,0.15
ORD013459,PROD0017,1,5213.81,0.0
ORD017614,PROD0027,2,5305.88,0.2
ORD014043,PROD0035,5,914.62,0.0
ORD000736,PROD0280,1,239.29,0.1
ORD004790,PROD0274,4,356.93,0.05
ORD015388,PROD0227,4,663.99,0.0
ORD012829,PROD0219,5,1088.5,0.05
ORD016074,PROD0142,2,536.55,0.2
ORD014951,PROD0254,1,1021.7,0.05
ORD010821,PROD0015,3,768.6,0.05
ORD009399,PROD0025,5,585.99,0.2
ORD008055,PROD0265,5,709.86,0.1
ORD009538,PROD0029,2,1224.14,0.1
ORD013092,PROD0230,4,1187.41,0.0
ORD001670,PROD0269,1,528.68,0.1
ORD010953,PROD0075,5,993.75,0.1
ORD013604,PROD0245,1,258.37,0.0
ORD012074,PROD0283,5,1585.65,0.1
ORD014385,PROD0134,5,938.67,0.0
ORD005140,PROD0075,1,993.75,0.0
ORD000065,PROD0138,1,2041.26,0.05
ORD007313,PROD0291,3,859.37,0.1
ORD015068,PROD0113,3,495.12,0.05
ORD013049,PROD0152,1,3664.43,0.0
ORD013479,PROD0183,1,606.73,0.2
ORD000072,PROD0051,4,257.94,0.05
ORD015553,PROD0138,4,2041.26,0.05
ORD004709,PROD0279,1,1760.62,0.0
ORD009221,PROD0299,4,3528.34,0.1
ORD011412,PROD0228,5,1012.55,0.15
ORD006347,PROD0009,3,419.4,0.05
ORD008887,PROD0210,2,539.67,0.0
ORD012412,PROD0282,5,1059.41,0.0
ORD000568,PROD0093,2,2481.82,0.2
ORD012490,PROD0022,3,174.42,0.1
ORD008316,PROD0172,5,3513.98,0.05
ORD010013,PROD0047,1,743.87,0.0
ORD010335,PROD0019,3,2132.91,0.1
ORD004772,PROD0035,5,914.62,0.1
ORD013650,PROD0062,1,1731.8,0.15
ORD001297,PROD0195,3,525.15,0.1
ORD008198,PROD0273,3,1884.45,0.0
ORD007030,PROD0044,1,2277.54,0.2
ORD009270,PROD0080,5,1973.58,0.1
ORD005690,PROD0065,1,298.49,0.0
ORD017022,PROD0072,1,4756.76,0.05
ORD017098,PROD0144,1,1097.89,0.0
ORD005644,PROD0256,4,895.23,0.05
ORD008835,PROD0156,2,1302.29,0.1
ORD003210,PROD0185,5,592.37,0.05
ORD015673,PROD0283,2,1585.65,0.0
ORD007267,PROD0048,4,2692.11,0.15
ORD005558,PROD0019,3,2132.91,0.15
ORD012207,PROD0173,4,1893.36,0.0
ORD006004,PROD0088,4,255.81,0.15
ORD000792,PROD0044,1,2277.54,0.2
ORD006968,PROD0132,2,1663.98,0.15
ORD003814,PROD0130,1,1402.05,0.0
ORD006621,PROD0217,5,748.27,0.05
ORD001022,PROD0018,2,1106.42,0.05
ORD006125,PROD0282,5,1059.41,0.05
ORD008672,PROD0099,3,550.57,0.0
ORD016056,PROD0007,2,838.82,0.2
ORD011792,PROD0299,2,3528.34,0.0
ORD009168,PROD0205,4,315.35,0.05
ORD014641,PROD0004,5,1005.11,0.1
ORD004968,PROD0018,2,1106.42,0.0
ORD006996,PROD0095,4,853.11,0.05
ORD010078,PROD0157,1,1342.68,0.15
ORD000648,PROD0087,2,2381.84,0.05
ORD007095,PROD0253,4,3782.92,0.1
ORD017136,PROD0194,1,2044.13,0.1
ORD017639,PROD0037,3,1059.57,0.0
ORD016567,PROD0083,4,1558.0,0.05
ORD000765,PROD0124,5,7033.68,0.0
ORD010344,PROD0241,1,215.23,0.2
ORD003062,PROD0095,1,853.11,0.0
ORD013538,PROD0102,4,1726.73,0.1
ORD015101,PROD0230,4,1187.41,0.1
ORD000161,PROD0067,5,1836.4,0.05
ORD013031,PROD0175,1,2260.04,0.1
ORD001263,PROD0051,3,257.94,0.05
ORD008521,PROD0187,2,2575.23,0.0
ORD017070,PROD0011,5,569.66,0.2
ORD013702,PROD0261,1,1950.36,0.1
ORD010131,PROD0153,5,192.77,0.0
ORD004534,PROD0138,4,2041.26,0.0
ORD001130,PROD0217,2,748.27,0.0
ORD005427,PROD0010,2,1326.68,0.0
ORD000769,PROD0206,5,512.36,0.15
ORD000979,PROD0156,3,1302.29,0.0
ORD009328,PROD0121,3,1762.91,0.1
ORD007631,PROD0290,5,3732.41,0.15
ORD006409,PROD0089,2,390.25,0.0
ORD002001,PROD0033,4,726.59,0.1
ORD001898,PROD0028,4,740.62,0.1
ORD017474,PROD0251,4,1056.88,0.15
ORD015987,PROD0097,4,2244.75,0.0
ORD015262,PROD0297,1,359.44,0.1
ORD007103,PROD0231,1,1734.21,0.05
ORD006344,PROD0189,2,260.5,0.0
ORD000347,PROD0170,1,1486.76,0.05
ORD008369,PROD0141,4,526.7,0.05
ORD017880,PROD0229,1,251.37,0.1
ORD011798,PROD0117,2,1622.14,0.15
ORD013553,PROD0123,2,2787.07,0.1
ORD009982,PROD0133,2,737.29,0.0
ORD008765,PROD0226,1,322.28,0.1
ORD000780,PROD0165,3,1341.44,0.05
ORD016805,PROD0050,5,138.33,0.05
ORD017339,PROD0255,2,2724.93,0.0
ORD013954,PROD0189,3,260.5,0.1
ORD008397,PROD0018,5,1106.42,0.05
ORD012192,PROD0047,5,743.87,0.2
ORD000261,PROD0211,1,1092.8,0.1
ORD000753,PROD0176,2,890.34,0.0
ORD012770,PROD0010,3,1326.68,0.0
ORD003995,PROD0066,5,705.54,0.05
ORD011976,PROD0030,2,1536.54,0.15
ORD012608,PROD0135,1,1098.25,0.0
ORD015656,PROD0063,3,453.52,0.2
ORD009965,PROD0191,1,425.27,0.05
ORD013908,PROD0201,4,1107.62,0.1
ORD001700,PROD0073,1,3798.83,0.05
ORD017136,PROD0062,3,1731.8,0.0
ORD015944,PROD0039,4,748.33,0.05
ORD015955,PROD0225,4,670.12,0.0
ORD012257,PROD0209,5,4636.93,0.1
ORD001227,PROD0157,3,1342.68,0.15
ORD001074,PROD0139,1,624.58,0.0
ORD011225,PROD0038,3,1310.24,0.1
ORD008534,PROD0045,2,1204.82,0.05
ORD017731,PROD0111,1,843.13,0.1
ORD001447,PROD0067,3,1836.4,0.0
ORD005934,PROD0040,4,5448.94,0.05
ORD007647,PROD0095,1,853.11,0.15
ORD002775,PROD0289,2,1376.41,0.05
ORD003228,PROD0150,4,1469.35,0.05
ORD013412,PROD0077,5,372.07,0.15
ORD003072,PROD0076,1,1911.33,0.1
ORD013508,PROD0046,2,423.5,0.1
ORD016352,PROD0211,2,1092.8,0.0
ORD015927,PROD0261,2,1950.36,0.0
ORD010814,PROD0189,3,260.5,0.0
ORD010490,PROD0300,2,2550.36,0.1
ORD012882,PROD0063,2,453.52,0.15
ORD005660,PROD0260,1,2453.91,0.0
ORD008505,PROD0113,4,495.12,0.0
ORD010743,PROD0154,1,611.42,0.0
ORD016913,PROD0049,5,474.29,0.05
ORD016340,PROD0156,3,1302.29,0.0
ORD006133,PROD0284,4,1551.66,0.1
ORD015615,PROD0053,5,499.98,0.05
ORD007599,PROD0190,4,1494.94,0.0
ORD005758,PROD0094,2,1585.84,0.0
ORD010123,PROD0215,3,496.9,0.1
ORD014536,PROD0173,1,1893.36,0.05
ORD002556,PROD0263,5,754.46,0.15
ORD004073,PROD0010,1,1326.68,0.2
ORD005154,PROD0215,2,496.9,0.05
ORD015012,PROD0008,2,1428.37,0.15
ORD000935,PROD0272,4,834.67,0.05
ORD003341,PROD0263,3,754.46,0.2
ORD008139,PROD0271,4,1034.8,0.05
ORD013007,PROD0225,3,670.12,0.05
ORD003729,PROD0190,2,1494.94,0.0
ORD008516,PROD0215,1,496.9,0.0
ORD016666,PROD0048,1,2692.11,0.0
ORD001360,PROD0169,1,2484.01,0.1
ORD008150,PROD0236,5,1243.22,0.0
ORD003011,PROD0131,4,719.35,0.1
ORD008123,PROD0274,2,356.93,0.0
ORD014538,PROD0069,1,6450.78,0.15
ORD012175,PROD0113,2,495.12,0.1
ORD014355,PROD0070,4,2065.33,0.15
ORD007862,PROD0170,5,1486.76,0.0
ORD015423,PROD0134,2,938.67,0.1
ORD006601,PROD0114,2,983.9,0.05
ORD013238,PROD0213,3,475.42,0.1
ORD004874,PROD0266,4,1066.97,0.0
ORD003799,PROD0032,5,1792.53,0.1
ORD001223,PROD0025,5,585.99,0.1
ORD003159,PROD0242,5,1251.99,0.2
ORD017237,PROD0023,2,529.99,0.15
ORD003082,PROD0206,5,512.36,0.05
ORD004842,PROD0076,5,1911.33,0.05
ORD010504,PROD0273,4,1884.45,0.0
ORD008508,PROD0185,3,592.37,0.1
ORD016730,PROD0035,4,914.62,0.05
ORD011332,PROD0282,4,1059.41,0.1
ORD009627,PROD0221,4,861.75,0.05
ORD017826,PROD0107,5,416.19,0.2
ORD015274,PROD0008,1,1428.37,0.1
ORD017039,PROD0035,2,914.62,0.0
ORD008415,PROD0233,4,865.79,0.1
ORD000609,PROD0254,1,1021.7,0.05
ORD008081,PROD0260,1,2453.91,0.15
ORD017189,PROD0039,1,748.33,0.15
ORD017802,PROD0112,1,3157.32,0.0
ORD005246,PROD0298,2,392.05,0.05
ORD010188,PROD0070,5,2065.33,0.1
ORD012579,PROD0058,5,5552.05,0.05
ORD003818,PROD0012,3,2384.44,0.0
ORD017942,PROD0157,1,1342.68,0.2
ORD005600,PROD0230,1,1187.41,0.05
ORD000212,PROD0032,5,1792.53,0.1
ORD005303,PROD0177,5,1733.37,0.15
ORD000558,PROD0265,4,709.86,0.05
ORD017221,PROD0259,4,272.42,0.15
ORD014109,PROD0010,5,1326.68,0.0
ORD007160,PROD0272,1,834.67,0.1
ORD001830,PROD0051,3,257.94,0.05
ORD016505,PROD0179,5,608.27,0.05
ORD017419,PROD0015,1,768.6,0.2
ORD007143,PROD0138,2,2041.26,0.1
ORD005565,PROD0294,2,608.79,0.1
ORD004772,PROD0125,5,1338.46,0.15
ORD006092,PROD0165,1,1341.44,0.0
ORD010868,PROD0233,5,865.79,0.0
ORD006250,PROD0289,5,1376.41,0.15
ORD011953,PROD0097,2,2244.75,0.0
ORD001251,PROD0291,4,859.37,0.05
ORD002520,PROD0146,3,2912.21,0.1
ORD013166,PROD0137,4,445.2,0.05
ORD005057,PROD0014,1,596.75,0.1
ORD010240,PROD0122,1,768.92,0.0
ORD013072,PROD0213,5,475.42,0.1
ORD012479,PROD0063,4,453.52,0.0
ORD014556,PROD0189,1,260.5,0.0
ORD002061,PROD0262,2,1081.48,0.1
ORD010179,PROD0157,3,1342.68,0.0
ORD002520,PROD0162,3,377.71,0.1
ORD014139,PROD0295,4,450.65,0.15
ORD010356,PROD0065,2,298.49,0.0
ORD014216,PROD0282,3,1059.41,0.0
ORD005563,PROD0200,1,1906.63,0.2
ORD015874,PROD0052,1,1103.19,0.05
ORD005499,PROD0112,4,3157.32,0.1
ORD010867,PROD0028,2,740.62,0.15
ORD015140,PROD0243,5,4498.92,0.15
ORD012144,PROD0216,3,2535.43,0.0
ORD001447,PROD0119,2,1545.4,0.2
ORD015802,PROD0044,3,2277.54,0.1
ORD006664,PROD0173,5,1893.36,0.1
ORD000640,PROD0073,3,3798.83,0.05
ORD003225,PROD0187,3,2575.23,0.05
ORD011122,PROD0190,1,1494.94,0.0
ORD004410,PROD0040,5,5448.94,0.2
ORD006705,PROD0186,3,324.33,0.1
ORD008296,PROD0173,4,1893.36,0.1
ORD008427,PROD0072,1,4756.76,0.05
ORD000170,PROD0205,4,315.35,0.05
ORD006768,PROD0120,2,3592.34,0.0
ORD006091,PROD0279,4,1760.62,0.1
ORD010545,PROD0289,1,1376.41,0.2
ORD002821,PROD0229,5,251.37,0.1
ORD012923,PROD0079,4,1557.75,0.1
ORD000994,PROD0187,1,2575.23,0.1
ORD004687,PROD0017,2,5213.81,0.2
ORD010405,PROD0244,4,1140.3,0.0
ORD006849,PROD0279,3,1760.62,0.15
ORD015473,PROD0215,4,496.9,0.0
ORD009789,PROD0098,5,1788.67,0.05
ORD007717,PROD0251,1,1056.88,0.0
ORD014823,PROD0293,4,1136.47,0.0
ORD003698,PROD0032,3,1792.53,0.15
ORD009883,PROD0116,5,435.35,0.2
ORD011699,PROD0064,3,706.46,0.0
ORD016418,PROD0275,2,1740.08,0.05
ORD006866,PROD0061,3,1808.63,0.0
ORD003710,PROD0079,1,1557.75,0.0
ORD003693,PROD0181,5,218.55,0.05
ORD016944,PROD0073,2,3798.83,0.05
ORD001107,PROD0162,1,377.71,0.05
ORD007091,PROD0248,1,581.51,0.1
ORD001437,PROD0280,1,239.29,0.0
ORD010331,PROD0133,2,737.29,0.0
ORD003895,PROD0091,5,402.26,0.1
ORD003993,PROD0221,2,861.75,0.1
ORD008073,PROD0224,4,4037.97,0.05
ORD012345,PROD0062,1,1731.8,0.1
ORD005717,PROD0094,1,1585.84,0.05
ORD005146,PROD0266,1,1066.97,0.05
ORD001472,PROD0062,1,1731.8,0.15
ORD005156,PROD0284,4,1551.66,0.0
ORD015596,PROD0285,5,1253.77,0.1
ORD001997,PROD0026,5,926.18,0.1
ORD013086,PROD0174,1,1681.39,0.0
ORD012941,PROD0042,4,5997.9,0.0
ORD010229,PROD0278,2,1418.31,0.0
ORD002147,PROD0288,1,1099.87,0.1
ORD016298,PROD0118,1,437.61,0.15
ORD003904,PROD0242,4,1251.99,0.0
ORD011621,PROD0207,3,4103.55,0.0
ORD008043,PROD0211,4,1092.8,0.0
ORD000011,PROD0059,5,3884.69,0.15
ORD012397,PROD0250,5,468.3,0.0
ORD017798,PROD0017,1,5213.81,0.15
ORD001572,PROD0166,4,655.43,0.15
ORD012680,PROD0137,2,445.2,0.05
ORD009880,PROD0066,4,705.54,0.0
ORD006568,PROD0131,2,719.35,0.2
ORD001244,PROD0061,5,1808.63,0.2
ORD012690,PROD0094,4,1585.84,0.0
ORD015781,PROD0026,3,926.18,0.05
ORD006266,PROD0227,2,663.99,0.0
ORD010331,PROD0108,4,1195.6,0.15
ORD017717,PROD0001,4,2228.63,0.1
ORD016305,PROD0147,4,1277.67,0.0
ORD016575,PROD0123,2,2787.07,0.0
ORD000770,PROD0188,5,5555.06,0.0
ORD014528,PROD0053,1,499.98,0.2
ORD000635,PROD0087,2,2381.84,0.0
ORD007798,PROD0229,4,251.37,0.05
ORD004538,PROD0019,4,2132.91,0.15
ORD010677,PROD0275,5,1740.08,0.05
ORD007214,PROD0280,5,239.29,0.0
ORD000483,PROD0184,4,734.18,0.1
ORD009022,PROD0206,5,512.36,0.1
ORD010925,PROD0223,5,1507.47,0.1
ORD009346,PROD0210,3,539.67,0.05
ORD009112,PROD0061,3,1808.63,0.2
ORD012008,PROD0199,2,919.06,0.0
ORD009944,PROD0155,3,383.07,0.05
ORD003275,PROD0037,3,1059.57,0.05
ORD015719,PROD0051,2,257.94,0.15
ORD013067,PROD0209,5,4636.93,0.05
ORD000237,PROD0291,1,859.37,0.0
ORD013166,PROD0259,2,272.42,0.0
ORD011355,PROD0194,4,2044.13,0.15
ORD012306,PROD0003,3,2931.9,0.15
ORD001375,PROD0213,3,475.42,0.05
ORD007438,PROD0037,2,1059.57,0.05
ORD012381,PROD0267,5,1411.95,0.0
ORD008627,PROD0251,5,1056.88,0.05
ORD016937,PROD0129,3,2715.49,0.05
ORD011323,PROD0252,5,1091.64,0.15
ORD014668,PROD0147,1,1277.67,0.05
ORD016983,PROD0052,1,1103.19,0.15
ORD005124,PROD0284,2,1551.66,0.0
ORD012177,PROD0082,1,835.72,0.05
ORD012350,PROD0107,3,416.19,0.0
ORD006430,PROD0293,2,1136.47,0.2
ORD008208,PROD0147,4,1277.67,0.1
ORD004024,PROD0245,5,258.37,0.05
ORD008001,PROD0257,4,994.46,0.05
ORD012594,PROD0091,2,402.26,0.0
ORD003294,PROD0256,2,895.23,0.0
ORD016164,PROD0299,4,3528.34,0.15
ORD012630,PROD0183,1,606.73,0.05
ORD011876,PROD0043,5,950.69,0.0
ORD007861,PROD0107,1,416.19,0.0
ORD011990,PROD0240,2,1736.87,0.15
ORD000786,PROD0030,1,1536.54,0.05
ORD009242,PROD0008,3,1428.37,0.15
ORD003779,PROD0215,2,496.9,0.0
ORD011716,PROD0268,3,1593.82,0.05
ORD012444,PROD0089,1,390.25,0.1
ORD008932,PROD0160,4,2652.37,0.05
ORD010643,PROD0102,5,1726.73,0.05
ORD017068,PROD0296,4,605.83,0.1
ORD017444,PROD0260,2,2453.91,0.05
ORD017903,PROD0066,2,705.54,0.1
ORD010065,PROD0186,2,324.33,0.0
ORD014884,PROD0265,1,709.86,0.2
ORD011766,PROD0216,5,2535.43,0.2
ORD006556,PROD0280,1,239.29,0.2
ORD004688,PROD0020,4,2005.81,0.0
ORD004738,PROD0173,5,1893.36,0.2
ORD008456,PROD0296,2,605.83,0.0
ORD010029,PROD0172,3,3513.98,0.1
ORD001508,PROD0151,1,938.09,0.15
ORD001621,PROD0197,3,774.0,0.1
ORD003644,PROD0265,4,709.86,0.05
ORD008765,PROD0214,3,285.7,0.05
ORD007652,PROD0034,4,1106.13,0.2
ORD012940,PROD0235,4,1069.09,0.1
ORD000760,PROD0094,4,1585.84,0.0
ORD016149,PROD0220,1,1249.15,0.05
ORD001166,PROD0009,2,419.4,0.05
ORD003358,PROD0156,4,1302.29,0.2
ORD013259,PROD0011,1,569.66,0.0
ORD015057,PROD0016,3,2382.58,0.05
ORD012806,PROD0023,1,529.99,0.0
ORD001518,PROD0163,4,703.11,0.2
ORD000770,PROD0203,2,1208.94,0.1
ORD012370,PROD0024,3,3557.69,0.1
ORD001277,PROD0163,5,703.11,0.0
ORD015753,PROD0021,1,2017.39,0.05
ORD004710,PROD0078,5,1498.55,0.1
ORD007277,PROD0155,3,383.07,0.0
ORD006078,PROD0257,1,994.46,0.15
ORD015553,PROD0027,1,5305.88,0.0
ORD011855,PROD0045,1,1204.82,0.0
ORD006546,PROD0165,3,1341.44,0.2
ORD003670,PROD0026,5,926.18,0.1
ORD012553,PROD0178,2,1006.65,0.05
ORD005816,PROD0011,3,569.66,0.1
ORD012440,PROD0250,5,468.3,0.1
ORD003896,PROD0239,1,3878.85,0.05
ORD001962,PROD0133,4,737.29,0.05
ORD000485,PROD0270,5,546.81,0.05
ORD008965,PROD0248,5,581.51,0.0
ORD011229,PROD0161,4,1467.22,0.0
ORD004059,PROD0261,1,1950.36,0.0
ORD000832,PROD0042,5,5997.9,0.15
ORD014306,PROD0163,4,703.11,0.05
ORD001862,PROD0145,5,2107.82,0.15
ORD015588,PROD0061,2,1808.63,0.1
ORD015712,PROD0076,5,1911.33,0.1
ORD013213,PROD0236,2,1243.22,0.1
ORD008685,PROD0014,4,596.75,0.0
ORD010771,PROD0056,5,1815.37,0.15
ORD002479,PROD0080,2,1973.58,0.05
ORD013755,PROD0239,1,3878.85,0.1
ORD012290,PROD0085,5,2361.96,0.05
ORD011617,PROD0237,2,1008.9,0.1
ORD003536,PROD0051,5,257.94,0.1
ORD007093,PROD0063,4,453.52,0.2
ORD016070,PROD0282,5,1059.41,0.15
ORD008953,PROD0077,1,372.07,0.15
ORD003580,PROD0204,5,1064.24,0.2
ORD013800,PROD0084,1,787.16,0.1
ORD006196,PROD0270,3,546.81,0.1
ORD009184,PROD0169,3,2484.01,0.1
ORD009947,PROD0269,3,528.68,0.05
ORD005612,PROD0245,1,258.37,0.05
ORD002830,PROD0091,2,402.26,0.15
ORD000311,PROD0287,2,1180.58,0.05
ORD015567,PROD0291,5,859.37,0.0
ORD011480,PROD0120,5,3592.34,0.05
ORD006723,PROD0172,3,3513.98,0.0
ORD005096,PROD0057,4,1480.61,0.1
ORD011194,PROD0159,2,2084.31,0.15
ORD007968,PROD0268,3,1593.82,0.05
ORD015181,PROD0133,4,737.29,0.1
ORD013045,PROD0210,5,539.67,0.0
ORD001587,PROD0250,2,468.3,0.05
ORD008161,PROD0144,1,1097.89,0.05
ORD010889,PROD0275,1,1740.08,0.2
ORD002848,PROD0261,3,1950.36,0.2
ORD010715,PROD0213,2,475.42,0.0
ORD000439,PROD0245,3,258.37,0.05
ORD011991,PROD0239,2,3878.85,0.0
ORD011079,PROD0098,5,1788.67,0.05
ORD009547,PROD0150,2,1469.35,0.15
ORD014366,PROD0153,3,192.77,0.05
ORD005966,PROD0002,1,1122.65,0.2
ORD005307,PROD0077,3,372.07,0.15
ORD000456,PROD0142,3,536.55,0.0
ORD013254,PROD0255,5,2724.93,0.2
ORD010042,PROD0180,2,374.36,0.0
ORD007636,PROD0274,4,356.93,0.15
ORD013787,PROD0011,1,569.66,0.0
ORD011534,PROD0040,4,5448.94,0.0
ORD011577,PROD0271,5,1034.8,0.0
ORD016700,PROD0241,2,215.23,0.1
ORD004810,PROD0183,5,606.73,0.1
ORD012899,PROD0057,2,1480.61,0.15
ORD002716,PROD0146,2,2912.21,0.1
ORD010968,PROD0205,2,315.35,0.05
ORD015554,PROD0018,3,1106.42,0.0
ORD003801,PROD0029,3,1224.14,0.0
ORD007028,PROD0087,2,2381.84,0.1
ORD004464,PROD0042,5,5997.9,0.1
ORD012570,PROD0150,3,1469.35,0.0
ORD015787,PROD0187,1,2575.23,0.05
ORD001251,PROD0073,2,3798.83,0.1
ORD005866,PROD0048,3,2692.11,0.0
ORD011163,PROD0221,4,861.75,0.0
ORD001934,PROD0214,2,285.7,0.1
ORD005106,PROD0167,5,2511.68,0.15
ORD006478,PROD0031,5,2790.09,0.05
ORD011448,PROD0221,5,861.75,0.1
ORD003499,PROD0014,5,596.75,0.15
ORD008832,PROD0266,1,1066.97,0.1
ORD008237,PROD0107,3,416.19,0.2
ORD003338,PROD0098,3,1788.67,0.0
ORD009090,PROD0104,3,917.71,0.2
ORD017587,PROD0013,1,2230.9,0.2
ORD016067,PROD0238,3,1179.28,0.2
ORD003992,PROD0150,1,1469.35,0.15
ORD003282,PROD0174,2,1681.39,0.05
ORD009229,PROD0127,4,1166.2,0.0
ORD000978,PROD0131,5,719.35,0.2
ORD003617,PROD0228,3,1012.55,0.05
ORD006750,PROD0169,4,2484.01,0.2
ORD012388,PROD0077,3,372.07,0.05
ORD000217,PROD0225,2,670.12,0.05
ORD003326,PROD0025,2,585.99,0.1
ORD017480,PROD0253,2,3782.92,0.05
ORD011597,PROD0009,2,419.4,0.2
ORD010212,PROD0268,1,1593.82,0.0
ORD011023,PROD0008,1,1428.37,0.1
ORD005025,PROD0054,2,1149.11,0.05
ORD013108,PROD0068,2,2579.6,0.0
ORD013547,PROD0100,3,1535.02,0.15
ORD005997,PROD0116,2,435.35,0.1
ORD003941,PROD0178,3,1006.65,0.05
ORD014285,PROD0284,5,1551.66,0.2
ORD017552,PROD0203,2,1208.94,0.05
ORD008887,PROD0255,3,2724.93,0.05
ORD008181,PROD0242,2,1251.99,0.05
ORD010193,PROD0001,1,2228.63,0.05
ORD012761,PROD0108,1,1195.6,0.05
ORD013761,PROD0255,3,2724.93,0.0
ORD016111,PROD0269,3,528.68,0.05
ORD002997,PROD0185,1,592.37,0.05
ORD002248,PROD0048,3,2692.11,0.15
ORD006848,PROD0275,5,1740.08,0.2
ORD012590,PROD0222,3,803.44,0.15
ORD010237,PROD0034,3,1106.13,0.0
ORD011261,PROD0152,2,3664.43,0.15
ORD001017,PROD0297,5,359.44,0.05
ORD010607,PROD0087,1,2381.84,0.1
ORD000183,PROD0041,1,566.23,0.05
ORD015947,PROD0273,1,1884.45,0.05
ORD000652,PROD0264,4,409.67,0.15
ORD015091,PROD0115,2,1198.13,0.0
ORD003325,PROD0008,4,1428.37,0.0
ORD017405,PROD0268,1,1593.82,0.15
ORD017952,PROD0173,1,1893.36,0.2
ORD002287,PROD0210,2,539.67,0.1
ORD000785,PROD0164,3,1896.67,0.0
ORD017807,PROD0032,5,1792.53,0.05
ORD008044,PROD0058,1,5552.05,0.05
ORD000555,PROD0149,5,231.51,0.0
ORD005702,PROD0266,3,1066.97,0.0
ORD006508,PROD0082,3,835.72,0.0
ORD008285,PROD0131,2,719.35,0.2
ORD010965,PROD0149,3,231.51,0.2
ORD011751,PROD0287,5,1180.58,0.15
ORD011254,PROD0067,2,1836.4,0.05
ORD011579,PROD0061,4,1808.63,0.0
ORD016093,PROD0165,1,1341.44,0.0
ORD006134,PROD0097,4,2244.75,0.05
ORD004787,PROD0223,3,1507.47,0.1
ORD004347,PROD0191,2,425.27,0.1
ORD011569,PROD0259,4,272.42,0.1
ORD003694,PROD0005,4,5350.44,0.05
ORD013601,PROD0203,2,1208.94,0.0
ORD003568,PROD0200,2,1906.63,0.15
ORD011213,PROD0167,2,2511.68,0.1
ORD004391,PROD0082,3,835.72,0.1
ORD017402,PROD0277,4,668.68,0.1
ORD000312,PROD0288,2,1099.87,0.0
ORD003410,PROD0259,4,272.42,0.2
ORD012174,PROD0268,4,1593.82,0.0
ORD010261,PROD0152,2,3664.43,0.2
ORD012733,PROD0049,4,474.29,0.1
ORD010532,PROD0083,2,1558.0,0.15
ORD013622,PROD0007,1,838.82,0.15
ORD000700,PROD0088,4,255.81,0.15
ORD002364,PROD0212,5,936.47,0.05
ORD002266,PROD0286,5,722.33,0.15
ORD016476,PROD0049,2,474.29,0.2
ORD008226,PROD0129,1,2715.49,0.0
ORD001177,PROD0017,5,5213.81,0.0
ORD008773,PROD0298,5,392.05,0.0
ORD004252,PROD0141,2,526.7,0.05
ORD010906,PROD0139,3,624.58,0.0
ORD005348,PROD0156,4,1302.29,0.1
ORD013305,PROD0264,4,409.67,0.1
ORD013649,PROD0182,1,1491.37,0.2
ORD011636,PROD0007,4,838.82,0.2
ORD017749,PROD0190,1,1494.94,0.15
ORD015616,PROD0245,4,258.37,0.0
ORD011543,PROD0106,4,770.07,0.05
ORD012005,PROD0188,3,5555.06,0.2
ORD005843,PROD0199,5,919.06,0.0
ORD017093,PROD0002,4,1122.65,0.1
ORD009585,PROD0161,5,1467.22,0.1
ORD005460,PROD0210,2,539.67,0.0
ORD017683,PROD0042,1,5997.9,0.15
ORD010072,PROD0187,3,2575.23,0.05
ORD016652,PROD0227,3,663.99,0.05
ORD001595,PROD0207,1,4103.55,0.15
ORD000203,PROD0090,5,1416.42,0.05
ORD008845,PROD0033,4,726.59,0.05
ORD010581,PROD0297,3,359.44,0.1
ORD006596,PROD0217,4,748.27,0.0
ORD014200,PROD0088,4,255.81,0.15
ORD005111,PROD0224,4,4037.97,0.1
ORD011166,PROD0073,1,3798.83,0.05
ORD009536,PROD0089,5,390.25,0.15
ORD008755,PROD0090,2,1416.42,0.0
ORD008733,PROD0188,3,5555.06,0.15
ORD009962,PROD0114,2,983.9,0.15
ORD002717,PROD0286,1,722.33,0.1
ORD006632,PROD0105,4,813.74,0.05
ORD000299,PROD0160,4,2652.37,0.05
ORD011212,PROD0170,4,1486.76,0.05
ORD015228,PROD0162,2,377.71,0.05
ORD008987,PROD0274,4,356.93,0.05
ORD008753,PROD0040,1,5448.94,0.0
ORD002423,PROD0144,3,1097.89,0.1
ORD005792,PROD0181,3,218.55,0.0
ORD007112,PROD0075,3,993.75,0.0
ORD015446,PROD0103,4,814.61,0.1
ORD003527,PROD0173,1,1893.36,0.1
ORD005154,PROD0056,1,1815.37,0.15
ORD008166,PROD0229,4,251.37,0.15
ORD017361,PROD0066,5,705.54,0.05
ORD014648,PROD0007,3,838.82,0.05
ORD001423,PROD0108,2,1195.6,0.15
ORD009398,PROD0046,3,423.5,0.05
ORD012449,PROD0061,4,1808.63,0.15
ORD017857,PROD0250,1,468.3,0.05
ORD004130,PROD0203,2,1208.94,0.2
ORD000774,PROD0102,2,1726.73,0.2
ORD009333,PROD0189,1,260.5,0.1
ORD007401,PROD0127,3,1166.2,0.15
ORD017352,PROD0247,4,1013.19,0.05
ORD003082,PROD0061,1,1808.63,0.1
ORD014461,PROD0005,4,5350.44,0.15
ORD008303,PROD0287,2,1180.58,0.1
ORD001938,PROD0061,3,1808.63,0.1
ORD003854,PROD0240,4,1736.87,0.1
ORD000317,PROD0176,2,890.34,0.05
ORD007813,PROD0267,4,1411.95,0.05
ORD006597,PROD0267,1,1411.95,0.15
ORD011079,PROD0236,4,1243.22,0.05
ORD012628,PROD0101,5,3596.1,0.2
ORD008795,PROD0264,1,409.67,0.0
ORD002679,PROD0262,2,1081.48,0.15
ORD016796,PROD0288,2,1099.87,0.1
ORD012933,PROD0234,4,1884.98,0.15
ORD001210,PROD0057,4,1480.61,0.15
ORD013516,PROD0029,2,1224.14,0.05
ORD016370,PROD0211,2,1092.8,0.05
ORD002939,PROD0216,3,2535.43,0.05
ORD009543,PROD0019,2,2132.91,0.1
ORD016863,PROD0107,4,416.19,0.0
ORD013637,PROD0223,4,1507.47,0.05
ORD008188,PROD0065,2,298.49,0.1
ORD007151,PROD0081,2,2207.21,0.15
ORD007737,PROD0066,5,705.54,0.0
ORD006911,PROD0103,3,814.61,0.0
ORD014619,PROD0200,3,1906.63,0.1
ORD012087,PROD0249,3,4012.64,0.15
ORD016864,PROD0055,1,1758.65,0.1
ORD017916,PROD0111,1,843.13,0.15
ORD001514,PROD0169,1,2484.01,0.0
ORD008133,PROD0163,2,703.11,0.0
ORD010786,PROD0029,2,1224.14,0.05
ORD012977,PROD0195,5,525.15,0.0
ORD002588,PROD0143,5,2026.75,0.15
ORD015314,PROD0021,3,2017.39,0.0
ORD016361,PROD0125,3,1338.46,0.2
ORD014128,PROD0181,1,218.55,0.0
ORD007493,PROD0022,1,174.42,0.0
ORD010785,PROD0182,2,1491.37,0.15
ORD000454,PROD0287,2,1180.58,0.0
ORD014657,PROD0150,2,1469.35,0.1
ORD001694,PROD0136,4,4655.74,0.15
ORD003348,PROD0091,1,402.26,0.0
ORD017223,PROD0293,1,1136.47,0.15
ORD005069,PROD0018,3,1106.42,0.15
ORD002497,PROD0032,1,1792.53,0.2
ORD011508,PROD0122,1,768.92,0.15
ORD016078,PROD0261,4,1950.36,0.0
ORD002861,PROD0154,5,611.42,0.05
ORD013047,PROD0019,1,2132.91,0.05
ORD005122,PROD0007,4,838.82,0.1
ORD003282,PROD0093,4,2481.82,0.1
ORD015613,PROD0006,4,997.09,0.2
ORD003807,PROD0203,3,1208.94,0.1
ORD016120,PROD0111,2,843.13,0.05
ORD013688,PROD0241,1,215.23,0.15
ORD001784,PROD0260,4,2453.91,0.0
ORD003825,PROD0062,3,1731.8,0.0
ORD008437,PROD0225,1,670.12,0.15
ORD006830,PROD0234,4,1884.98,0.05
ORD002263,PROD0193,1,3394.61,0.05
ORD008464,PROD0021,4,2017.39,0.1
ORD000513,PROD0015,1,768.6,0.05
ORD008067,PROD0138,1,2041.26,0.15
ORD017407,PROD0238,2,1179.28,0.1
ORD005682,PROD0017,1,5213.81,0.0
ORD007891,PROD0001,5,2228.63,0.1
ORD016697,PROD0030,1,1536.54,0.0
ORD016368,PROD0211,2,1092.8,0.15
ORD006462,PROD0257,2,994.46,0.1
ORD009457,PROD0184,5,734.18,0.05
ORD004944,PROD0134,2,938.67,0.05
ORD013106,PROD0043,1,950.69,0.05
ORD016172,PROD0191,2,425.27,0.2
ORD002448,PROD0100,3,1535.02,0.1
ORD002681,PROD0237,4,1008.9,0.2
ORD016313,PROD0290,4,3732.41,0.1
ORD007007,PROD0063,5,453.52,0.15
ORD001197,PROD0133,5,737.29,0.0
ORD014885,PROD0033,1,726.59,0.0
ORD008143,PROD0170,3,1486.76,0.1
ORD002195,PROD0199,1,919.06,0.1
ORD013555,PROD0206,3,512.36,0.0
ORD014018,PROD0219,1,1088.5,0.05
ORD016050,PROD0204,4,1064.24,0.15
ORD000225,PROD0094,4,1585.84,0.1
ORD011838,PROD0088,2,255.81,0.05
ORD011946,PROD0196,3,624.67,0.0
ORD016440,PROD0095,2,853.11,0.15
ORD005242,PROD0027,1,5305.88,0.1
ORD003101,PROD0163,1,703.11,0.0
ORD013978,PROD0034,3,1106.13,0.0
ORD000960,PROD0064,3,706.46,0.0
ORD006869,PROD0186,4,324.33,0.0
ORD011377,PROD0142,1,536.55,0.05
ORD010214,PROD0132,5,1663.98,0.2
ORD013842,PROD0120,3,3592.34,0.2
ORD000287,PROD0042,4,5997.9,0.05
ORD008666,PROD0219,5,1088.5,0.1
ORD011615,PROD0278,1,1418.31,0.1
ORD016523,PROD0067,4,1836.4,0.0
ORD017640,PROD0256,4,895.23,0.0
ORD010564,PROD0135,1,1098.25,0.0
ORD002072,PROD0232,5,480.05,0.05
ORD006383,PROD0093,5,2481.82,0.1
ORD001535,PROD0237,3,1008.9,0.15
ORD009175,PROD0109,3,315.2,0.05
ORD000393,PROD0213,2,475.42,0.1
ORD009672,PROD0165,5,1341.44,0.1
ORD005438,PROD0084,2,787.16,0.1
ORD010464,PROD0159,2,2084.31,0.1
ORD014598,PROD0250,5,468.3,0.15
ORD009394,PROD0199,3,919.06,0.05
ORD017943,PROD0227,2,663.99,0.1
ORD008077,PROD0283,4,1585.65,0.05
ORD000443,PROD0194,4,2044.13,0.15
ORD013444,PROD0029,5,1224.14,0.1
ORD016530,PROD0221,1,861.75,0.0
ORD017626,PROD0290,4,3732.41,0.0
ORD015060,PROD0018,5,1106.42,0.05
ORD008662,PROD0286,1,722.33,0.0
ORD004673,PROD0093,5,2481.82,0.0
ORD010416,PROD0150,1,1469.35,0.05
ORD006721,PROD0131,3,719.35,0.05
ORD001003,PROD0164,3,1896.67,0.05
ORD014568,PROD0281,4,5213.75,0.15
ORD011556,PROD0023,5,529.99,0.0
ORD001742,PROD0165,1,1341.44,0.05
ORD007143,PROD0149,4,231.51,0.05
ORD003321,PROD0192,4,2094.72,0.15
ORD000669,PROD0216,5,2535.43,0.05
ORD017122,PROD0165,5,1341.44,0.05
ORD011160,PROD0102,3,1726.73,0.1
ORD013357,PROD0016,4,2382.58,0.05
ORD008252,PROD0158,2,1130.19,0.05
ORD009491,PROD0274,4,356.93,0.15
ORD016568,PROD0134,5,938.67,0.2
ORD004421,PROD0174,5,1681.39,0.0
ORD008440,PROD0297,2,359.44,0.1
ORD003660,PROD0007,4,838.82,0.05
ORD016248,PROD0293,3,1136.47,0.0
ORD011671,PROD0026,4,926.18,0.1
ORD010242,PROD0065,3,298.49,0.15
ORD014421,PROD0238,5,1179.28,0.1
ORD008723,PROD0154,4,611.42,0.1
ORD012673,PROD0050,2,138.33,0.15
ORD017560,PROD0119,3,1545.4,0.0
ORD017403,PROD0030,3,1536.54,0.0
ORD003803,PROD0087,4,2381.84,0.05
ORD016174,PROD0162,5,377.71,0.15
ORD008451,PROD0240,5,1736.87,0.1
ORD006762,PROD0046,4,423.5,0.0
ORD001058,PROD0067,2,1836.4,0.1
ORD015151,PROD0252,3,1091.64,0.1
ORD006274,PROD0019,1,2132.91,0.0
ORD007250,PROD0186,2,324.33,0.0
ORD003694,PROD0287,1,1180.58,0.05
ORD004954,PROD0243,5,4498.92,0.05
ORD016820,PROD0141,2,526.7,0.15
ORD016951,PROD0029,1,1224.14,0.15
ORD000836,PROD0031,2,2790.09,0.05
ORD006788,PROD0180,5,374.36,0.15
ORD008707,PROD0169,5,2484.01,0.15
ORD003367,PROD0094,3,1585.84,0.2
ORD013714,PROD0231,1,1734.21,0.1
ORD009580,PROD0205,3,315.35,0.15
ORD003272,PROD0283,5,1585.65,0.1
ORD010726,PROD0195,2,525.15,0.1
ORD002684,PROD0026,4,926.18,0.05
ORD009435,PROD0220,2,1249.15,0.1
ORD017926,PROD0055,1,1758.65,0.2
ORD011803,PROD0300,2,2550.36,0.05
ORD016772,PROD0173,2,1893.36,0.0
ORD005514,PROD0211,5,1092.8,0.1
ORD016020,PROD0208,1,1605.39,0.05
ORD002321,PROD0093,4,2481.82,0.2
ORD001869,PROD0225,5,670.12,0.05
ORD010568,PROD0026,5,926.18,0.05
ORD007808,PROD0250,2,468.3,0.1
ORD010811,PROD0149,2,231.51,0.2
ORD010222,PROD0248,5,581.51,0.05
ORD003239,PROD0025,3,585.99,0.05
ORD001215,PROD0080,1,1973.58,0.15
ORD014848,PROD0167,4,2511.68,0.15
ORD005485,PROD0150,5,1469.35,0.0
ORD000784,PROD0187,4,2575.23,0.05
ORD011166,PROD0139,3,624.58,0.05
ORD002101,PROD0220,3,1249.15,0.0
ORD017311,PROD0132,2,1663.98,0.05
ORD002795,PROD0155,4,383.07,0.1
ORD014306,PROD0066,5,705.54,0.05
ORD001146,PROD0228,3,1012.55,0.0
ORD005663,PROD0183,4,606.73,0.2
ORD009391,PROD0166,5,655.43,0.1
ORD001770,PROD0265,5,709.86,0.15
ORD001235,PROD0206,5,512.36,0.05
ORD010509,PROD0085,4,2361.96,0.0
ORD008573,PROD0186,5,324.33,0.0
ORD007000,PROD0248,4,581.51,0.15
ORD003184,PROD0092,5,2466.2,0.05
ORD011742,PROD0075,4,993.75,0.1
ORD006847,PROD0084,3,787.16,0.05
ORD013069,PROD0155,4,383.07,0.1
ORD010112,PROD0032,3,1792.53,0.0
ORD004983,PROD0057,5,1480.61,0.05
ORD012992,PROD0113,3,495.12,0.0
ORD003752,PROD0121,5,1762.91,0.05
ORD016501,PROD0049,3,474.29,0.05
ORD007712,PROD0178,2,1006.65,0.0
ORD004125,PROD0269,1,528.68,0.0
ORD002083,PROD0196,5,624.67,0.2
ORD016495,PROD0078,4,1498.55,0.0
ORD010466,PROD0006,1,997.09,0.05
ORD009353,PROD0222,3,803.44,0.15
ORD003759,PROD0126,5,648.87,0.1
ORD016938,PROD0252,1,1091.64,0.15
ORD006931,PROD0227,4,663.99,0.05
ORD007875,PROD0177,3,1733.37,0.1
ORD008450,PROD0163,1,703.11,0.05
ORD008624,PROD0124,1,7033.68,0.0
ORD015470,PROD0135,3,1098.25,0.0
ORD002075,PROD0212,5,936.47,0.2
ORD010033,PROD0107,1,416.19,0.2
ORD013454,PROD0202,4,1039.91,0.1
ORD002539,PROD0139,3,624.58,0.2
ORD001873,PROD0188,2,5555.06,0.0
ORD001753,PROD0105,3,813.74,0.15
ORD001909,PROD0135,2,1098.25,0.15
ORD003969,PROD0208,5,1605.39,0.15
ORD008855,PROD0025,3,585.99,0.15
ORD002303,PROD0220,1,1249.15,0.05
ORD010524,PROD0116,1,435.35,0.05
ORD007611,PROD0085,1,2361.96,0.1
ORD016720,PROD0260,3,2453.91,0.05
ORD013287,PROD0051,1,257.94,0.2
ORD002790,PROD0299,2,3528.34,0.2
ORD012298,PROD0045,4,1204.82,0.1
ORD001100,PROD0043,1,950.69,0.2
ORD017296,PROD0136,5,4655.74,0.2
ORD001150,PROD0178,4,1006.65,0.0
ORD011579,PROD0094,2,1585.84,0.1
ORD009538,PROD0100,1,1535.02,0.05
ORD004293,PROD0159,4,2084.31,0.05
ORD004976,PROD0288,1,1099.87,0.0
ORD002018,PROD0037,5,1059.57,0.0
ORD009302,PROD0228,3,1012.55,0.1
ORD002880,PROD0166,1,655.43,0.1
ORD012257,PROD0098,2,1788.67,0.0
ORD000090,PROD0191,1,425.27,0.15
ORD002770,PROD0007,2,838.82,0.15
ORD015261,PROD0196,1,624.67,0.1
ORD007935,PROD0233,3,865.79,0.0
ORD005656,PROD0175,5,2260.04,0.1
ORD006064,PROD0048,5,2692.11,0.0
ORD002384,PROD0008,3,1428.37,0.0
ORD016811,PROD0087,3,2381.84,0.1
ORD009748,PROD0154,3,611.42,0.0
ORD003011,PROD0299,4,3528.34,0.15
ORD012267,PROD0050,4,138.33,0.05
ORD005215,PROD0183,3,606.73,0.05
ORD014049,PROD0149,1,231.51,0.15
ORD009445,PROD0141,1,526.7,0.1
ORD001864,PROD0051,2,257.94,0.0
ORD005833,PROD0261,5,1950.36,0.0
ORD005925,PROD0257,2,994.46,0.1
ORD013582,PROD0266,5,1066.97,0.05
ORD004213,PROD0206,1,512.36,0.0
ORD003181,PROD0168,1,1759.17,0.1
ORD005865,PROD0198,4,1910.21,0.0
ORD000265,PROD0106,3,770.07,0.1
ORD006939,PROD0151,3,938.09,0.0
ORD013508,PROD0066,2,705.54,0.05
ORD007157,PROD0285,4,1253.77,0.2
ORD016237,PROD0258,3,814.14,0.05
ORD002540,PROD0265,4,709.86,0.2
ORD014793,PROD0121,4,1762.91,0.1
ORD009945,PROD0162,5,377.71,0.1
ORD002530,PROD0233,2,865.79,0.1
ORD004252,PROD0095,3,853.11,0.0
ORD004364,PROD0161,1,1467.22,0.05
ORD008182,PROD0162,1,377.71,0.0
ORD002866,PROD0087,1,2381.84,0.0
ORD016182,PROD0113,5,495.12,0.05
ORD017233,PROD0027,1,5305.88,0.15
ORD015333,PROD0054,4,1149.11,0.1
ORD013674,PROD0055,2,1758.65,0.0
ORD001002,PROD0193,5,3394.61,0.0
ORD000282,PROD0088,1,255.81,0.05
ORD000826,PROD0175,3,2260.04,0.05
ORD005421,PROD0057,5,1480.61,0.1
ORD000392,PROD0163,3,703.11,0.1
ORD007355,PROD0060,3,511.57,0.1
ORD001708,PROD0262,4,1081.48,0.15
ORD010991,PROD0131,4,719.35,0.2
ORD005862,PROD0196,2,624.67,0.1
ORD017507,PROD0007,5,838.82,0.0
ORD017249,PROD0067,1,1836.4,0.15
ORD011453,PROD0038,5,1310.24,0.15
ORD007921,PROD0129,2,2715.49,0.0
ORD000435,PROD0011,3,569.66,0.1
ORD014837,PROD0062,4,1731.8,0.05
ORD000171,PROD0265,2,709.86,0.15
ORD017061,PROD0133,2,737.29,0.1
ORD003346,PROD0296,2,605.83,0.2
ORD013249,PROD0289,5,1376.41,0.1
ORD010390,PROD0248,5,581.51,0.1
ORD007863,PROD0030,4,1536.54,0.0
ORD015549,PROD0253,1,3782.92,0.0
ORD010586,PROD0127,5,1166.2,0.05
ORD006196,PROD0168,4,1759.17,0.0
ORD015606,PROD0279,5,1760.62,0.05
ORD004781,PROD0036,5,2265.4,0.2
ORD011359,PROD0252,2,1091.64,0.1
ORD006495,PROD0129,1,2715.49,0.1
ORD010034,PROD0197,3,774.0,0.15
ORD012839,PROD0093,5,2481.82,0.0
ORD006156,PROD0191,3,425.27,0.1
ORD006670,PROD0278,3,1418.31,0.15
ORD015853,PROD0136,2,4655.74,0.05
ORD010105,PROD0094,4,1585.84,0.1
ORD013612,PROD0232,1,480.05,0.15
ORD015323,PROD0184,4,734.18,0.0
ORD006330,PROD0135,1,1098.25,0.2
ORD014002,PROD0110,5,2045.64,0.1
ORD003078,PROD0064,2,706.46,0.0
ORD000279,PROD0013,5,2230.9,0.1
ORD016601,PROD0228,5,1012.55,0.05
ORD011300,PROD0201,3,1107.62,0.05
ORD009000,PROD0272,2,834.67,0.05
ORD002899,PROD0047,4,743.87,0.1
ORD017650,PROD0143,1,2026.75,0.1
ORD010492,PROD0261,5,1950.36,0.1
ORD005136,PROD0089,1,390.25,0.0
ORD000245,PROD0110,1,2045.64,0.05
ORD000633,PROD0172,2,3513.98,0.1
ORD002161,PROD0237,1,1008.9,0.0
ORD005529,PROD0292,1,526.18,0.05
ORD012043,PROD0274,3,356.93,0.05
ORD012982,PROD0215,3,496.9,0.0
ORD003945,PROD0178,5,1006.65,0.15
ORD000358,PROD0093,4,2481.82,0.0
ORD002022,PROD0044,1,2277.54,0.1
ORD009709,PROD0186,4,324.33,0.15
ORD001384,PROD0209,3,4636.93,0.15
ORD014026,PROD0300,1,2550.36,0.1
ORD010716,PROD0001,4,2228.63,0.15
ORD017480,PROD0078,1,1498.55,0.2
ORD007195,PROD0258,2,814.14,0.05
ORD013847,PROD0264,2,409.67,0.2
ORD017631,PROD0220,2,1249.15,0.2
ORD012477,PROD0138,3,2041.26,0.05
ORD011060,PROD0265,5,709.86,0.1
ORD001987,PROD0263,4,754.46,0.1
ORD007808,PROD0163,1,703.11,0.0
ORD008744,PROD0164,2,1896.67,0.15
ORD011273,PROD0183,1,606.73,0.0
ORD002731,PROD0258,4,814.14,0.0
ORD016451,PROD0023,2,529.99,0.1
ORD003671,PROD0234,2,1884.98,0.1
ORD011632,PROD0214,3,285.7,0.15
ORD013925,PROD0282,4,1059.41,0.05
ORD011748,PROD0170,1,1486.76,0.1
ORD006020,PROD0279,1,1760.62,0.05
ORD015250,PROD0078,2,1498.55,0.0
ORD012806,PROD0165,1,1341.44,0.05
ORD001640,PROD0125,4,1338.46,0.1
ORD007831,PROD0286,3,722.33,0.15
ORD010529,PROD0287,5,1180.58,0.1
ORD005532,PROD0211,2,1092.8,0.05
ORD004483,PROD0122,3,768.92,0.15
ORD014775,PROD0088,3,255.81,0.0
ORD015415,PROD0055,4,1758.65,0.1
ORD014323,PROD0096,2,830.36,0.05
ORD001429,PROD0129,3,2715.49,0.0
ORD007396,PROD0267,4,1411.95,0.05
ORD007087,PROD0092,3,2466.2,0.1
ORD004061,PROD0222,4,803.44,0.1
ORD014278,PROD0025,1,585.99,0.15
ORD014488,PROD0237,2,1008.9,0.0
ORD014364,PROD0008,3,1428.37,0.05
ORD009505,PROD0114,2,983.9,0.05
ORD008023,PROD0187,4,2575.23,0.05
ORD012971,PROD0238,5,1179.28,0.1
ORD003540,PROD0179,2,608.27,0.05
ORD016482,PROD0014,2,596.75,0.15
ORD003154,PROD0136,4,4655.74,0.0
ORD008828,PROD0042,5,5997.9,0.1
ORD011898,PROD0259,4,272.42,0.0
ORD010534,PROD0298,2,392.05,0.0
ORD017723,PROD0163,1,703.11,0.0
ORD001025,PROD0052,3,1103.19,0.05
ORD013423,PROD0210,5,539.67,0.15
ORD004883,PROD0258,4,814.14,0.1
ORD015539,PROD0077,4,372.07,0.1
ORD005269,PROD0104,3,917.71,0.15
ORD015513,PROD0193,2,3394.61,0.0
ORD006181,PROD0199,3,919.06,0.05
ORD014757,PROD0137,2,445.2,0.2
ORD010807,PROD0048,2,2692.11,0.1
ORD013093,PROD0199,1,919.06,0.05
ORD011891,PROD0050,1,138.33,0.05
ORD014271,PROD0195,4,525.15,0.1
ORD004055,PROD0281,3,5213.75,0.0
ORD001840,PROD0161,4,1467.22,0.1
ORD000191,PROD0250,3,468.3,0.0
ORD000378,PROD0140,4,4498.4,0.1
ORD013910,PROD0266,5,1066.97,0.1
ORD003914,PROD0255,5,2724.93,0.1
ORD014571,PROD0128,1,414.27,0.2
ORD013514,PROD0121,5,1762.91,0.0
ORD000640,PROD0094,4,1585.84,0.0
ORD016635,PROD0046,3,423.5,0.1
ORD004968,PROD0019,2,2132.91,0.05
ORD002909,PROD0233,4,865.79,0.15
ORD010842,PROD0177,2,1733.37,0.05
ORD005157,PROD0089,2,390.25,0.1
ORD016072,PROD0072,3,4756.76,0.0
ORD011566,PROD0029,2,1224.14,0.1
ORD017273,PROD0231,4,1734.21,0.2
ORD011983,PROD0212,5,936.47,0.0
ORD002131,PROD0131,2,719.35,0.0
ORD002537,PROD0258,5,814.14,0.15
ORD004575,PROD0231,5,1734.21,0.0
ORD007727,PROD0279,1,1760.62,0.0
ORD002828,PROD0290,3,3732.41,0.0
ORD013630,PROD0160,4,2652.37,0.05
ORD011880,PROD0027,3,5305.88,0.1
ORD003359,PROD0237,2,1008.9,0.1
ORD013896,PROD0138,4,2041.26,0.1
ORD004663,PROD0162,4,377.71,0.0
ORD002513,PROD0201,3,1107.62,0.0
ORD008730,PROD0170,5,1486.76,0.15
ORD007162,PROD0141,2,526.7,0.0
ORD004343,PROD0284,3,1551.66,0.15
ORD015470,PROD0117,2,1622.14,0.0
ORD005643,PROD0159,4,2084.31,0.05
ORD000042,PROD0136,3,4655.74,0.05
ORD006644,PROD0226,3,322.28,0.0
ORD009480,PROD0071,1,1519.69,0.0
ORD007151,PROD0184,1,734.18,0.0
ORD012511,PROD0158,2,1130.19,0.15
ORD007069,PROD0100,3,1535.02,0.0
ORD014197,PROD0213,3,475.42,0.1
ORD000380,PROD0176,5,890.34,0.1
ORD011116,PROD0270,1,546.81,0.05
ORD001540,PROD0204,5,1064.24,0.05
ORD017396,PROD0033,1,726.59,0.2
ORD012352,PROD0246,4,484.36,0.1
ORD007777,PROD0128,3,414.27,0.15
ORD016599,PROD0122,4,768.92,0.05
ORD000583,PROD0110,2,2045.64,0.05
ORD013697,PROD0081,1,2207.21,0.1
ORD011735,PROD0033,2,726.59,0.05
ORD010183,PROD0166,4,655.43,0.0
ORD017506,PROD0062,2,1731.8,0.15
ORD015914,PROD0249,4,4012.64,0.05
ORD005445,PROD0156,5,1302.29,0.05
ORD005774,PROD0170,3,1486.76,0.1
ORD011332,PROD0079,5,1557.75,0.0
ORD005825,PROD0025,4,585.99,0.1
ORD009138,PROD0228,4,1012.55,0.1
ORD004422,PROD0204,2,1064.24,0.0
ORD011880,PROD0007,2,838.82,0.05
ORD017699,PROD0250,1,468.3,0.1
ORD017346,PROD0160,3,2652.37,0.05
ORD004136,PROD0024,3,3557.69,0.2
ORD004857,PROD0279,5,1760.62,0.05
ORD017597,PROD0226,2,322.28,0.05
ORD015136,PROD0224,3,4037.97,0.0
ORD007989,PROD0141,5,526.7,0.15
ORD006723,PROD0032,2,1792.53,0.0
ORD003014,PROD0203,4,1208.94,0.1
ORD014773,PROD0072,2,4756.76,0.05
ORD015551,PROD0288,5,1099.87,0.05
ORD002408,PROD0083,4,1558.0,0.15
ORD008137,PROD0082,5,835.72,0.1
ORD009828,PROD0102,1,1726.73,0.05
ORD000775,PROD0105,4,813.74,0.1
ORD000069,PROD0209,3,4636.93,0.05
ORD000661,PROD0299,1,3528.34,0.0
ORD002667,PROD0291,3,859.37,0.2
ORD008897,PROD0123,5,2787.07,0.1
ORD007450,PROD0053,2,499.98,0.15
ORD006699,PROD0161,2,1467.22,0.1
ORD016776,PROD0289,2,1376.41,0.2
ORD016092,PROD0110,4,2045.64,0.1
ORD012526,PROD0288,3,1099.87,0.2
ORD015826,PROD0289,4,1376.41,0.15
ORD011661,PROD0097,2,2244.75,0.05
ORD004715,PROD0134,3,938.67,0.2
ORD012261,PROD0087,2,2381.84,0.1
ORD011164,PROD0018,5,1106.42,0.05
ORD001133,PROD0200,3,1906.63,0.0
ORD000757,PROD0057,3,1480.61,0.0
ORD004428,PROD0266,5,1066.97,0.1
ORD002376,PROD0035,3,914.62,0.0
ORD009894,PROD0250,5,468.3,0.05
ORD017833,PROD0088,3,255.81,0.1
ORD008340,PROD0280,2,239.29,0.0
ORD005529,PROD0292,4,526.18,0.0
ORD007225,PROD0197,1,774.0,0.1
ORD001815,PROD0244,2,1140.3,0.0
ORD001744,PROD0230,1,1187.41,0.0
ORD003423,PROD0158,1,1130.19,0.15
ORD003814,PROD0117,3,1622.14,0.0
ORD011077,PROD0203,3,1208.94,0.0
ORD001856,PROD0111,2,843.13,0.1
ORD013690,PROD0282,5,1059.41,0.1
ORD011720,PROD0167,4,2511.68,0.05
ORD003549,PROD0104,4,917.71,0.2
ORD012220,PROD0242,1,1251.99,0.0
ORD015161,PROD0165,1,1341.44,0.2
ORD002169,PROD0233,3,865.79,0.0
ORD017513,PROD0205,2,315.35,0.2
ORD017622,PROD0090,5,1416.42,0.15
ORD012830,PROD0151,2,938.09,0.05
ORD001364,PROD0205,5,315.35,0.05
ORD012238,PROD0034,1,1106.13,0.15
ORD003202,PROD0089,2,390.25,0.05
ORD000171,PROD0194,1,2044.13,0.2
ORD005537,PROD0257,2,994.46,0.15
ORD007749,PROD0126,2,648.87,0.05
ORD002354,PROD0248,5,581.51,0.1
ORD015060,PROD0285,2,1253.77,0.05
ORD008547,PROD0185,1,592.37,0.05
ORD012361,PROD0191,5,425.27,0.1
ORD008804,PROD0036,1,2265.4,0.1
ORD013157,PROD0049,4,474.29,0.1
ORD014540,PROD0186,4,324.33,0.05
ORD016752,PROD0251,3,1056.88,0.0
ORD016193,PROD0245,2,258.37,0.0
ORD007435,PROD0162,1,377.71,0.15
ORD013145,PROD0022,4,174.42,0.15
ORD005680,PROD0123,5,2787.07,0.15
ORD000333,PROD0052,2,1103.19,0.1
ORD008293,PROD0087,5,2381.84,0.05
ORD000879,PROD0026,3,926.18,0.15
ORD017346,PROD0085,2,2361.96,0.1
ORD004546,PROD0069,5,6450.78,0.05
ORD000802,PROD0006,3,997.09,0.0
ORD005573,PROD0186,4,324.33,0.0
ORD008079,PROD0084,5,787.16,0.05
ORD014662,PROD0164,3,1896.67,0.0
ORD014803,PROD0046,3,423.5,0.2
ORD004502,PROD0149,4,231.51,0.05
ORD015396,PROD0183,3,606.73,0.0
ORD003636,PROD0299,1,3528.34,0.1
ORD013112,PROD0270,5,546.81,0.1
ORD006727,PROD0232,5,480.05,0.1
ORD005376,PROD0281,3,5213.75,0.05
ORD013916,PROD0239,1,3878.85,0.2
ORD015888,PROD0231,5,1734.21,0.05
ORD008702,PROD0070,5,2065.33,0.0
ORD015397,PROD0181,5,218.55,0.05
ORD000350,PROD0140,4,4498.4,0.05
ORD000952,PROD0220,5,1249.15,0.1
ORD001250,PROD0164,3,1896.67,0.1
ORD002845,PROD0065,5,298.49,0.1
ORD002218,PROD0166,3,655.43,0.0
ORD005322,PROD0287,5,1180.58,0.05
ORD012382,PROD0115,2,1198.13,0.1
ORD010534,PROD0017,2,5213.81,0.05
ORD009803,PROD0214,5,285.7,0.05
ORD009034,PROD0162,2,377.71,0.05
ORD011034,PROD0175,2,2260.04,0.15
ORD016326,PROD0052,3,1103.19,0.0
ORD014240,PROD0171,2,619.82,0.05
ORD016805,PROD0029,3,1224.14,0.05
ORD009885,PROD0238,3,1179.28,0.0
ORD011716,PROD0252,3,1091.64,0.1
ORD014884,PROD0208,1,1605.39,0.05
ORD004386,PROD0006,4,997.09,0.1
ORD012146,PROD0275,3,1740.08,0.1
ORD008542,PROD0268,4,1593.82,0.0
ORD005459,PROD0283,5,1585.65,0.1
ORD015756,PROD0218,1,852.15,0.1
ORD015467,PROD0037,1,1059.57,0.15
ORD005973,PROD0031,3,2790.09,0.05
ORD004494,PROD0175,1,2260.04,0.05
ORD003210,PROD0247,3,1013.19,0.0
ORD012849,PROD0124,3,7033.68,0.0
ORD017678,PROD0128,3,414.27,0.05
ORD001254,PROD0276,2,1150.97,0.0
ORD017000,PROD0281,5,5213.75,0.15
ORD011212,PROD0012,2,2384.44,0.15
ORD005810,PROD0008,5,1428.37,0.1
ORD013064,PROD0092,1,2466.2,0.0
ORD009635,PROD0061,2,1808.63,0.1
ORD006532,PROD0212,5,936.47,0.15
ORD004379,PROD0222,5,803.44,0.0
ORD010163,PROD0156,2,1302.29,0.05
ORD011987,PROD0224,2,4037.97,0.15
ORD017011,PROD0143,3,2026.75,0.2
ORD011766,PROD0056,4,1815.37,0.05
ORD009923,PROD0133,4,737.29,0.05
ORD000877,PROD0132,3,1663.98,0.2
ORD009506,PROD0064,1,706.46,0.1
ORD004416,PROD0257,2,994.46,0.1
ORD016174,PROD0073,5,3798.83,0.1
ORD010376,PROD0031,1,2790.09,0.1
ORD004610,PROD0126,4,648.87,0.15
ORD008346,PROD0136,5,4655.74,0.05
ORD000519,PROD0190,4,1494.94,0.05
ORD003222,PROD0151,2,938.09,0.05
ORD001528,PROD0186,2,324.33,0.1
ORD009504,PROD0046,5,423.5,0.05
ORD001977,PROD0231,4,1734.21,0.1
ORD016038,PROD0096,4,830.36,0.1
ORD003554,PROD0229,5,251.37,0.15
ORD012969,PROD0236,5,1243.22,0.0
ORD001906,PROD0220,5,1249.15,0.0
ORD008114,PROD0118,2,437.61,0.05
ORD017907,PROD0062,4,1731.8,0.1
ORD006103,PROD0164,2,1896.67,0.05
ORD011160,PROD0091,3,402.26,0.1
ORD010938,PROD0003,1,2931.9,0.0
ORD011897,PROD0276,3,1150.97,0.15
ORD017743,PROD0014,1,596.75,0.05
ORD009370,PROD0250,4,468.3,0.15
ORD000930,PROD0169,2,2484.01,0.05
ORD006094,PROD0251,2,1056.88,0.0
ORD007922,PROD0119,3,1545.4,0.2
ORD015538,PROD0260,1,2453.91,0.0
ORD012396,PROD0253,4,3782.92,0.05
ORD014622,PROD0138,5,2041.26,0.0
ORD017925,PROD0071,3,1519.69,0.0
ORD016305,PROD0027,2,5305.88,0.05
ORD015999,PROD0069,4,6450.78,0.05
ORD004823,PROD0222,1,803.44,0.15
ORD001798,PROD0296,2,605.83,0.15
ORD015905,PROD0026,5,926.18,0.1
ORD001060,PROD0201,5,1107.62,0.15
ORD002061,PROD0291,3,859.37,0.0
ORD006012,PROD0134,3,938.67,0.0
ORD001417,PROD0189,3,260.5,0.0
ORD009129,PROD0252,3,1091.64,0.1
ORD012358,PROD0035,5,914.62,0.2
ORD005811,PROD0103,4,814.61,0.2
ORD007425,PROD0154,4,611.42,0.1
ORD012112,PROD0035,5,914.62,0.2
ORD005203,PROD0188,1,5555.06,0.05
ORD013773,PROD0133,3,737.29,0.15
ORD001741,PROD0173,3,1893.36,0.0
ORD010363,PROD0060,2,511.57,0.15
ORD014728,PROD0285,5,1253.77,0.15
ORD007247,PROD0243,2,4498.92,0.2
ORD004143,PROD0172,2,3513.98,0.1
ORD011558,PROD0250,3,468.3,0.1
ORD011243,PROD0226,2,322.28,0.05
ORD004273,PROD0276,4,1150.97,0.2
ORD014229,PROD0080,4,1973.58,0.0
ORD015724,PROD0182,4,1491.37,0.15
ORD005038,PROD0168,4,1759.17,0.15
ORD015960,PROD0047,4,743.87,0.0
ORD016849,PROD0079,4,1557.75,0.0
ORD001004,PROD0188,2,5555.06,0.0
ORD013387,PROD0242,4,1251.99,0.2
ORD014068,PROD0086,3,1292.77,0.05
ORD014802,PROD0034,1,1106.13,0.15
ORD010406,PROD0249,4,4012.64,0.0
ORD007191,PROD0089,5,390.25,0.05
ORD004002,PROD0220,2,1249.15,0.1
ORD000945,PROD0034,4,1106.13,0.05
ORD016879,PROD0155,1,383.07,0.15
ORD012667,PROD0285,1,1253.77,0.1
ORD015602,PROD0032,4,1792.53,0.0
ORD011841,PROD0057,3,1480.61,0.05
ORD002806,PROD0205,3,315.35,0.1
ORD013376,PROD0036,4,2265.4,0.05
ORD006727,PROD0269,5,528.68,0.1
ORD016218,PROD0046,2,423.5,0.05
ORD014845,PROD0133,4,737.29,0.05
ORD017463,PROD0053,3,499.98,0.05
ORD015628,PROD0017,3,5213.81,0.05
ORD016302,PROD0130,5,1402.05,0.05
ORD009006,PROD0007,3,838.82,0.1
ORD010415,PROD0154,2,611.42,0.0
ORD012901,PROD0061,5,1808.63,0.15
ORD011714,PROD0065,1,298.49,0.0
ORD014440,PROD0073,5,3798.83,0.0
ORD013466,PROD0150,3,1469.35,0.05
ORD005725,PROD0095,1,853.11,0.05
ORD010006,PROD0117,3,1622.14,0.0
ORD006908,PROD0194,4,2044.13,0.1
ORD011186,PROD0144,3,1097.89,0.0
ORD012594,PROD0138,5,2041.26,0.05
ORD002662,PROD0089,2,390.25,0.2
ORD003999,PROD0099,3,550.57,0.05
ORD009272,PROD0271,5,1034.8,0.15
ORD006815,PROD0211,4,1092.8,0.1
ORD008364,PROD0247,4,1013.19,0.05
ORD016953,PROD0278,2,1418.31,0.0
ORD000555,PROD0036,2,2265.4,0.05
ORD000232,PROD0022,2,174.42,0.2
ORD016703,PROD0147,3,1277.67,0.0
ORD002623,PROD0073,4,3798.83,0.05
ORD016747,PROD0011,5,569.66,0.0
ORD010420,PROD0256,2,895.23,0.1
ORD008178,PROD0015,1,768.6,0.0
ORD017187,PROD0285,5,1253.77,0.05
ORD009748,PROD0143,1,2026.75,0.1
ORD002238,PROD0082,4,835.72,0.1
ORD001181,PROD0183,2,606.73,0.1
ORD004688,PROD0211,1,1092.8,0.0
ORD007614,PROD0113,5,495.12,0.1
ORD008807,PROD0025,4,585.99,0.0
ORD012731,PROD0207,4,4103.55,0.1
ORD002058,PROD0137,4,445.2,0.15
ORD002000,PROD0064,5,706.46,0.05
ORD017515,PROD0151,4,938.09,0.05
ORD010279,PROD0138,4,2041.26,0.15
ORD009534,PROD0174,1,1681.39,0.1
ORD002827,PROD0062,4,1731.8,0.1
ORD006242,PROD0039,2,748.33,0.05
ORD001128,PROD0078,1,1498.55,0.1
ORD008801,PROD0204,2,1064.24,0.1
ORD005959,PROD0053,4,499.98,0.0
ORD001834,PROD0126,1,648.87,0.1
ORD011545,PROD0274,2,356.93,0.0
ORD002691,PROD0034,5,1106.13,0.2
ORD013802,PROD0265,5,709.86,0.05
ORD006038,PROD0139,1,624.58,0.0
ORD015082,PROD0189,2,260.5,0.05
ORD007654,PROD0190,1,1494.94,0.0
ORD011143,PROD0149,1,231.51,0.1
ORD005917,PROD0065,4,298.49,0.1
ORD013864,PROD0201,1,1107.62,0.1
ORD002282,PROD0051,4,257.94,0.15
ORD000134,PROD0125,4,1338.46,0.1
ORD015123,PROD0047,3,743.87,0.1
ORD009158,PROD0271,1,1034.8,0.1
ORD012195,PROD0242,5,1251.99,0.0
ORD005014,PROD0152,3,3664.43,0.1
ORD000063,PROD0269,5,528.68,0.15
ORD002276,PROD0110,3,2045.64,0.15
ORD008953,PROD0254,4,1021.7,0.05
ORD016896,PROD0300,5,2550.36,0.0
ORD003767,PROD0071,2,1519.69,0.1
ORD014013,PROD0228,3,1012.55,0.1
ORD001865,PROD0092,4,2466.2,0.1
ORD005419,PROD0271,4,1034.8,0.15
ORD013383,PROD0099,1,550.57,0.15
ORD014760,PROD0028,4,740.62,0.15
ORD006950,PROD0058,2,5552.05,0.1
ORD003648,PROD0031,1,2790.09,0.0
ORD003714,PROD0203,5,1208.94,0.1
ORD011054,PROD0186,4,324.33,0.05
ORD016279,PROD0232,3,480.05,0.05
ORD015285,PROD0215,5,496.9,0.0
ORD005116,PROD0075,1,993.75,0.1
ORD016650,PROD0128,3,414.27,0.1
ORD012356,PROD0297,5,359.44,0.1
ORD007027,PROD0106,1,770.07,0.05
ORD017857,PROD0049,4,474.29,0.05
ORD017418,PROD0031,1,2790.09,0.05
ORD010960,PROD0296,3,605.83,0.1
ORD017845,PROD0020,3,2005.81,0.0
ORD009314,PROD0084,1,787.16,0.0
ORD015648,PROD0212,3,936.47,0.05
ORD012806,PROD0125,3,1338.46,0.0
ORD015892,PROD0292,2,526.18,0.1
ORD000544,PROD0299,3,3528.34,0.1
ORD017168,PROD0227,4,663.99,0.2
ORD014509,PROD0169,1,2484.01,0.0
ORD013181,PROD0195,4,525.15,0.1
ORD006527,PROD0213,2,475.42,0.05
ORD006059,PROD0073,1,3798.83,0.2
ORD000618,PROD0114,1,983.9,0.1
ORD000192,PROD0084,5,787.16,0.1
ORD009711,PROD0173,2,1893.36,0.2
ORD009804,PROD0172,4,3513.98,0.0
ORD000238,PROD0201,3,1107.62,0.15
ORD010112,PROD0075,4,993.75,0.05
ORD015340,PROD0100,1,1535.02,0.05
ORD001948,PROD0024,4,3557.69,0.15
ORD011320,PROD0087,5,2381.84,0.1
ORD017593,PROD0182,5,1491.37,0.1
ORD008806,PROD0237,1,1008.9,0.05
ORD015489,PROD0120,3,3592.34,0.0
ORD001058,PROD0219,3,1088.5,0.1
ORD012619,PROD0241,2,215.23,0.15
ORD013603,PROD0265,3,709.86,0.1
ORD011684,PROD0130,1,1402.05,0.15
ORD017002,PROD0137,1,445.2,0.05
ORD000466,PROD0049,5,474.29,0.2
ORD015755,PROD0236,4,1243.22,0.2
ORD017055,PROD0266,5,1066.97,0.15
ORD006264,PROD0181,5,218.55,0.15
ORD016515,PROD0148,2,2479.32,0.15
ORD010466,PROD0170,4,1486.76,0.0
ORD010682,PROD0019,4,2132.91,0.05
ORD006824,PROD0075,1,993.75,0.0
ORD005435,PROD0091,4,402.26,0.05
ORD008765,PROD0049,4,474.29,0.05
ORD009401,PROD0093,3,2481.82,0.0
ORD014297,PROD0084,4,787.16,0.1
ORD010534,PROD0200,3,1906.63,0.0
ORD016484,PROD0239,5,3878.85,0.1
ORD002676,PROD0077,4,372.07,0.05
ORD009643,PROD0136,4,4655.74,0.15
ORD017186,PROD0055,1,1758.65,0.2
ORD012733,PROD0161,2,1467.22,0.05
ORD001569,PROD0245,1,258.37,0.05
ORD006237,PROD0233,2,865.79,0.0
ORD015190,PROD0280,1,239.29,0.0
ORD011591,PROD0097,5,2244.75,0.05
ORD012464,PROD0114,5,983.9,0.05
ORD009285,PROD0228,4,1012.55,0.15
ORD004578,PROD0131,3,719.35,0.0
ORD002172,PROD0181,1,218.55,0.1
ORD002134,PROD0129,5,2715.49,0.05
ORD011992,PROD0155,2,383.07,0.0
ORD006540,PROD0253,2,3782.92,0.1
ORD010233,PROD0103,2,814.61,0.15
ORD009071,PROD0218,4,852.15,0.0
ORD017464,PROD0240,5,1736.87,0.15
ORD002672,PROD0236,3,1243.22,0.0
ORD004694,PROD0016,3,2382.58,0.2
ORD015737,PROD0237,5,1008.9,0.2
ORD000724,PROD0084,5,787.16,0.1
ORD016373,PROD0137,4,445.2,0.0
ORD008735,PROD0032,1,1792.53,0.05
ORD015472,PROD0065,2,298.49,0.05
ORD012278,PROD0065,4,298.49,0.0
ORD005386,PROD0024,5,3557.69,0.15
ORD014802,PROD0101,5,3596.1,0.0
ORD008809,PROD0241,4,215.23,0.05
ORD013347,PROD0185,3,592.37,0.0
ORD000191,PROD0236,1,1243.22,0.0
ORD013731,PROD0156,4,1302.29,0.0
ORD010676,PROD0035,5,914.62,0.15
ORD008349,PROD0117,4,1622.14,0.0
ORD014340,PROD0002,5,1122.65,0.05
ORD016710,PROD0112,1,3157.32,0.05
ORD015082,PROD0139,3,624.58,0.2
ORD001916,PROD0254,5,1021.7,0.0
ORD004340,PROD0028,2,740.62,0.0
ORD014200,PROD0027,5,5305.88,0.15
ORD000546,PROD0140,2,4498.4,0.1
ORD013507,PROD0167,1,2511.68,0.05
ORD014045,PROD0209,5,4636.93,0.1
ORD001366,PROD0051,5,257.94,0.15
ORD009116,PROD0183,4,606.73,0.05
ORD011339,PROD0046,3,423.5,0.05
ORD016593,PROD0014,3,596.75,0.1
ORD012332,PROD0243,2,4498.92,0.1
ORD008889,PROD0090,5,1416.42,0.1
ORD009088,PROD0263,2,754.46,0.1
ORD012601,PROD0171,2,619.82,0.0
ORD013746,PROD0218,3,852.15,0.0
ORD007822,PROD0158,2,1130.19,0.1
ORD003055,PROD0249,4,4012.64,0.0
ORD006336,PROD0026,5,926.18,0.0
ORD002039,PROD0038,1,1310.24,0.05
ORD010577,PROD0103,4,814.61,0.2
ORD017976,PROD0279,2,1760.62,0.1
ORD004407,PROD0012,2,2384.44,0.05
ORD012177,PROD0286,4,722.33,0.05
ORD014655,PROD0182,2,1491.37,0.0
ORD016118,PROD0166,5,655.43,0.05
ORD017877,PROD0250,1,468.3,0.1
ORD004112,PROD0217,2,748.27,0.2
ORD010939,PROD0067,5,1836.4,0.0
ORD005409,PROD0259,3,272.42,0.0
ORD008425,PROD0215,1,496.9,0.0
ORD005592,PROD0046,3,423.5,0.1
ORD005235,PROD0178,2,1006.65,0.1
ORD011615,PROD0202,3,1039.91,0.0
ORD016519,PROD0282,3,1059.41,0.2
ORD016883,PROD0063,5,453.52,0.15
ORD002140,PROD0029,4,1224.14,0.0
ORD013940,PROD0247,5,1013.19,0.1
ORD008209,PROD0193,5,3394.61,0.1
ORD015758,PROD0072,3,4756.76,0.1
ORD011853,PROD0104,2,917.71,0.2
ORD002007,PROD0092,4,2466.2,0.0
ORD009187,PROD0095,3,853.11,0.1
ORD007309,PROD0128,1,414.27,0.2
ORD014847,PROD0190,2,1494.94,0.15
ORD007239,PROD0079,4,1557.75,0.05
ORD006137,PROD0128,3,414.27,0.1
ORD013706,PROD0291,1,859.37,0.05
ORD014052,PROD0052,3,1103.19,0.1
ORD017185,PROD0257,2,994.46,0.1
ORD003280,PROD0158,2,1130.19,0.15
ORD003632,PROD0227,2,663.99,0.1
ORD002719,PROD0237,5,1008.9,0.0
ORD015275,PROD0067,2,1836.4,0.2
ORD015281,PROD0275,4,1740.08,0.05
ORD002057,PROD0069,3,6450.78,0.0
ORD016048,PROD0141,2,526.7,0.15
ORD004034,PROD0069,3,6450.78,0.1
ORD006714,PROD0296,5,605.83,0.1
ORD007042,PROD0238,5,1179.28,0.0
ORD002262,PROD0230,4,1187.41,0.15
ORD003030,PROD0132,2,1663.98,0.15
ORD014923,PROD0122,4,768.92,0.2
ORD006458,PROD0239,3,3878.85,0.1
ORD014915,PROD0014,3,596.75,0.0
ORD011080,PROD0016,5,2382.58,0.05
ORD011948,PROD0065,5,298.49,0.0
ORD002103,PROD0266,5,1066.97,0.1
ORD008531,PROD0146,3,2912.21,0.0
ORD014695,PROD0110,4,2045.64,0.0
ORD005222,PROD0188,4,5555.06,0.1
ORD016236,PROD0204,3,1064.24,0.05
ORD015218,PROD0272,2,834.67,0.0
ORD006415,PROD0192,4,2094.72,0.15
ORD015939,PROD0059,4,3884.69,0.05
ORD016540,PROD0241,2,215.23,0.1
ORD006859,PROD0149,5,231.51,0.0
ORD004768,PROD0260,3,2453.91,0.0
ORD006020,PROD0166,3,655.43,0.15
ORD005004,PROD0070,5,2065.33,0.05
ORD011161,PROD0105,1,813.74,0.1
ORD010080,PROD0263,4,754.46,0.15
ORD015066,PROD0031,4,2790.09,0.15
ORD001964,PROD0142,4,536.55,0.1
ORD014064,PROD0164,4,1896.67,0.1
ORD006368,PROD0244,3,1140.3,0.0
ORD016440,PROD0235,1,1069.09,0.15
ORD005698,PROD0044,2,2277.54,0.0
ORD012014,PROD0246,3,484.36,0.1
ORD013942,PROD0204,3,1064.24,0.1
ORD009222,PROD0196,3,624.67,0.0
ORD016423,PROD0286,5,722.33,0.05
ORD006491,PROD0221,2,861.75,0.1
ORD008646,PROD0157,5,1342.68,0.05
ORD006550,PROD0122,1,768.92,0.2
ORD012231,PROD0154,5,611.42,0.1
ORD006136,PROD0097,4,2244.75,0.0
ORD012823,PROD0039,2,748.33,0.0
ORD008618,PROD0091,3,402.26,0.05
ORD016851,PROD0265,2,709.86,0.15
ORD002763,PROD0050,2,138.33,0.15
ORD001993,PROD0174,2,1681.39,0.1
ORD012696,PROD0200,5,1906.63,0.1
ORD008082,PROD0271,1,1034.8,0.15
ORD002440,PROD0060,2,511.57,0.1
ORD006923,PROD0200,2,1906.63,0.05
ORD015932,PROD0002,3,1122.65,0.05
ORD006408,PROD0094,3,1585.84,0.15
ORD014581,PROD0165,2,1341.44,0.1
ORD007031,PROD0219,4,1088.5,0.05
ORD004217,PROD0073,5,3798.83,0.05
ORD012749,PROD0118,4,437.61,0.05
ORD000641,PROD0221,3,861.75,0.05
ORD011374,PROD0256,2,895.23,0.0
ORD001448,PROD0147,3,1277.67,0.1
ORD002247,PROD0191,2,425.27,0.0
ORD012014,PROD0182,5,1491.37,0.0
ORD011078,PROD0110,1,2045.64,0.15
ORD001005,PROD0249,4,4012.64,0.0
ORD009937,PROD0186,4,324.33,0.0
ORD004905,PROD0163,4,703.11,0.2
ORD002445,PROD0013,5,2230.9,0.0
ORD008370,PROD0165,3,1341.44,0.05
ORD015433,PROD0179,1,608.27,0.15
ORD002144,PROD0058,5,5552.05,0.1
ORD003284,PROD0011,3,569.66,0.05
ORD003855,PROD0272,5,834.67,0.0
ORD004816,PROD0027,4,5305.88,0.1
ORD002530,PROD0112,3,3157.32,0.05
ORD014313,PROD0019,5,2132.91,0.0
ORD010427,PROD0232,4,480.05,0.05
ORD012277,PROD0192,5,2094.72,0.0
ORD014004,PROD0035,5,914.62,0.1
ORD015211,PROD0067,2,1836.4,0.2
ORD005757,PROD0221,1,861.75,0.0
ORD007930,PROD0085,2,2361.96,0.1
ORD000046,PROD0214,3,285.7,0.2
ORD000713,PROD0196,5,624.67,0.05
ORD008601,PROD0080,4,1973.58,0.1
ORD006995,PROD0226,4,322.28,0.2
ORD006660,PROD0056,4,1815.37,0.1
ORD016335,PROD0131,2,719.35,0.15
ORD015144,PROD0110,3,2045.64,0.2
ORD016780,PROD0169,1,2484.01,0.2
ORD016888,PROD0229,5,251.37,0.15
ORD008005,PROD0202,3,1039.91,0.1
ORD002391,PROD0157,3,1342.68,0.05
ORD016527,PROD0180,1,374.36,0.1
ORD011781,PROD0086,2,1292.77,0.0
ORD013838,PROD0230,3,1187.41,0.05
ORD011759,PROD0204,2,1064.24,0.05
ORD015160,PROD0284,3,1551.66,0.05
ORD013098,PROD0019,2,2132.91,0.1
ORD003081,PROD0190,5,1494.94,0.0
ORD007303,PROD0012,4,2384.44,0.1
ORD016447,PROD0055,1,1758.65,0.2
ORD005770,PROD0182,3,1491.37,0.05
ORD014713,PROD0062,2,1731.8,0.05
ORD011648,PROD0066,3,705.54,0.0
ORD015619,PROD0019,3,2132.91,0.1
ORD002388,PROD0159,2,2084.31,0.1
ORD017068,PROD0266,2,1066.97,0.15
ORD003062,PROD0112,5,3157.32,0.2
ORD016669,PROD0048,5,2692.11,0.1
ORD002510,PROD0204,5,1064.24,0.0
ORD002719,PROD0032,1,1792.53,0.15
ORD009060,PROD0187,2,2575.23,0.15
ORD016540,PROD0013,5,2230.9,0.15
ORD015929,PROD0216,4,2535.43,0.2
ORD015855,PROD0030,2,1536.54,0.0
ORD015279,PROD0042,3,5997.9,0.05
ORD009395,PROD0049,3,474.29,0.05
ORD010959,PROD0070,1,2065.33,0.1
ORD004797,PROD0222,4,803.44,0.15
ORD015226,PROD0063,4,453.52,0.05
ORD013633,PROD0053,3,499.98,0.2
ORD006550,PROD0128,3,414.27,0.15
ORD010690,PROD0032,4,1792.53,0.05
ORD007435,PROD0165,3,1341.44,0.0
ORD005241,PROD0049,5,474.29,0.05
ORD013033,PROD0133,3,737.29,0.1
ORD008590,PROD0088,1,255.81,0.05
ORD017443,PROD0163,3,703.11,0.05
ORD017795,PROD0091,5,402.26,0.0
ORD005557,PROD0028,1,740.62,0.15
ORD004198,PROD0263,5,754.46,0.15
ORD005406,PROD0276,2,1150.97,0.0
ORD007203,PROD0241,1,215.23,0.1
ORD013785,PROD0138,3,2041.26,0.0
ORD003007,PROD0269,3,528.68,0.2
ORD013366,PROD0080,4,1973.58,0.15
ORD010468,PROD0008,5,1428.37,0.1
ORD012777,PROD0173,1,1893.36,0.2
ORD015211,PROD0149,1,231.51,0.15
ORD000455,PROD0119,4,1545.4,0.05
ORD011350,PROD0262,2,1081.48,0.05
ORD014797,PROD0044,4,2277.54,0.15
ORD016198,PROD0060,5,511.57,0.1
ORD009075,PROD0075,5,993.75,0.15
ORD008856,PROD0026,1,926.18,0.05
ORD013826,PROD0012,2,2384.44,0.1
ORD000587,PROD0130,1,1402.05,0.05
ORD013380,PROD0039,3,748.33,0.0
ORD014460,PROD0092,5,2466.2,0.0
ORD006854,PROD0039,2,748.33,0.1
ORD003359,PROD0071,4,1519.69,0.1
ORD001818,PROD0080,2,1973.58,0.05
ORD004927,PROD0253,3,3782.92,0.0
ORD005151,PROD0110,4,2045.64,0.0
ORD004562,PROD0022,1,174.42,0.1
ORD005288,PROD0038,3,1310.24,0.1
ORD004310,PROD0100,1,1535.02,0.1
ORD009617,PROD0184,1,734.18,0.0
ORD015598,PROD0078,5,1498.55,0.0
ORD001836,PROD0156,4,1302.29,0.05
ORD006490,PROD0196,5,624.67,0.0
ORD002554,PROD0080,3,1973.58,0.05
ORD005568,PROD0130,3,1402.05,0.15
ORD011123,PROD0227,4,663.99,0.0
ORD011571,PROD0274,3,356.93,0.05
ORD016334,PROD0264,4,409.67,0.15
ORD009105,PROD0151,1,938.09,0.05
ORD012463,PROD0109,5,315.2,0.1
ORD012629,PROD0123,3,2787.07,0.0
ORD002803,PROD0153,4,192.77,0.15
ORD000007,PROD0100,1,1535.02,0.05
ORD007768,PROD0131,4,719.35,0.05
ORD010280,PROD0082,2,835.72,0.0
ORD015360,PROD0152,3,3664.43,0.0
ORD004532,PROD0105,2,813.74,0.05
ORD014523,PROD0033,1,726.59,0.0
ORD006063,PROD0013,2,2230.9,0.2
ORD001847,PROD0162,1,377.71,0.1
ORD000627,PROD0026,4,926.18,0.0
ORD004144,PROD0183,3,606.73,0.0
ORD013299,PROD0264,3,409.67,0.05
ORD009876,PROD0102,4,1726.73,0.0
ORD014763,PROD0135,2,1098.25,0.1
ORD013478,PROD0052,5,1103.19,0.1
ORD008570,PROD0093,5,2481.82,0.15
ORD010436,PROD0221,4,861.75,0.15
ORD003861,PROD0185,2,592.37,0.0
ORD016263,PROD0254,5,1021.7,0.15
ORD011254,PROD0160,3,2652.37,0.15
ORD005711,PROD0198,5,1910.21,0.1
ORD009743,PROD0169,1,2484.01,0.0
ORD006978,PROD0038,3,1310.24,0.2
ORD012183,PROD0199,2,919.06,0.15
ORD002872,PROD0274,2,356.93,0.0
ORD002298,PROD0069,1,6450.78,0.05
ORD003830,PROD0198,2,1910.21,0.05
ORD012035,PROD0211,1,1092.8,0.1
ORD013038,PROD0042,2,5997.9,0.05
ORD009774,PROD0164,5,1896.67,0.15
ORD006895,PROD0074,3,701.79,0.0
ORD012751,PROD0176,3,890.34,0.05
ORD007714,PROD0104,3,917.71,0.0
ORD014216,PROD0040,1,5448.94,0.0
ORD007215,PROD0010,2,1326.68,0.05
ORD015938,PROD0140,5,4498.4,0.0
ORD011437,PROD0282,5,1059.41,0.1
ORD009268,PROD0283,1,1585.65,0.2
ORD002276,PROD0266,2,1066.97,0.0
ORD014535,PROD0294,1,608.79,0.15
ORD005538,PROD0077,3,372.07,0.15
ORD011018,PROD0218,3,852.15,0.0
ORD008784,PROD0176,5,890.34,0.05
ORD002106,PROD0155,5,383.07,0.15
ORD004027,PROD0064,1,706.46,0.1
ORD015594,PROD0264,2,409.67,0.1
ORD011451,PROD0215,1,496.9,0.05
ORD007069,PROD0064,2,706.46,0.0
ORD011426,PROD0118,5,437.61,0.05
ORD012026,PROD0065,1,298.49,0.0
ORD010061,PROD0130,1,1402.05,0.05
ORD002361,PROD0089,5,390.25,0.2
ORD001095,PROD0119,3,1545.4,0.15
ORD003228,PROD0040,3,5448.94,0.0
ORD015654,PROD0268,1,1593.82,0.05
ORD011746,PROD0172,4,3513.98,0.15
ORD007242,PROD0037,1,1059.57,0.2
ORD004367,PROD0208,2,1605.39,0.1
ORD014281,PROD0012,2,2384.44,0.05
ORD013745,PROD0140,1,4498.4,0.1
ORD011434,PROD0071,1,1519.69,0.2
ORD003157,PROD0294,4,608.79,0.1
ORD014193,PROD0208,5,1605.39,0.0
ORD014580,PROD0273,4,1884.45,0.1
ORD007920,PROD0229,4,251.37,0.1
ORD006367,PROD0173,5,1893.36,0.15
ORD003046,PROD0194,2,2044.13,0.1
ORD011233,PROD0039,5,748.33,0.05
ORD016781,PROD0083,5,1558.0,0.2
ORD005833,PROD0296,4,605.83,0.1
ORD015153,PROD0110,5,2045.64,0.15
ORD016349,PROD0279,4,1760.62,0.0
ORD013218,PROD0166,1,655.43,0.05
ORD005161,PROD0124,1,7033.68,0.15
ORD001651,PROD0041,4,566.23,0.0
ORD017087,PROD0166,1,655.43,0.05
ORD006518,PROD0252,2,1091.64,0.0
ORD017241,PROD0178,4,1006.65,0.0
ORD015002,PROD0248,5,581.51,0.05
ORD014146,PROD0223,4,1507.47,0.05
ORD000454,PROD0227,1,663.99,0.2
ORD001969,PROD0095,3,853.11,0.05
ORD000363,PROD0123,4,2787.07,0.1
ORD012497,PROD0102,4,1726.73,0.0
ORD016419,PROD0146,4,2912.21,0.0
ORD012799,PROD0092,2,2466.2,0.05
ORD008424,PROD0181,3,218.55,0.1
ORD004660,PROD0038,5,1310.24,0.15
ORD017433,PROD0206,4,512.36,0.0
ORD003687,PROD0230,5,1187.41,0.1
ORD016928,PROD0222,3,803.44,0.0
ORD000770,PROD0182,5,1491.37,0.1
ORD011049,PROD0014,3,596.75,0.15
ORD012658,PROD0138,5,2041.26,0.0
ORD006469,PROD0033,2,726.59,0.1
ORD009788,PROD0030,4,1536.54,0.05
ORD004174,PROD0058,5,5552.05,0.0
ORD015208,PROD0252,2,1091.64,0.15
ORD015021,PROD0275,2,1740.08,0.2
ORD004986,PROD0019,2,2132.91,0.15
ORD012214,PROD0296,1,605.83,0.05
ORD014861,PROD0244,3,1140.3,0.05
ORD013056,PROD0161,2,1467.22,0.1
ORD000901,PROD0249,1,4012.64,0.1
ORD005403,PROD0247,5,1013.19,0.05
ORD001296,PROD0213,5,475.42,0.0
ORD002419,PROD0159,2,2084.31,0.05
ORD000260,PROD0272,1,834.67,0.15
ORD008037,PROD0168,3,1759.17,0.15
ORD006648,PROD0089,5,390.25,0.05
ORD001819,PROD0118,5,437.61,0.1
ORD002040,PROD0197,4,774.0,0.0
ORD008969,PROD0153,3,192.77,0.05
ORD013912,PROD0095,5,853.11,0.1
ORD004205,PROD0138,2,2041.26,0.2
ORD009497,PROD0103,3,814.61,0.0
ORD005120,PROD0252,5,1091.64,0.15
ORD009175,PROD0076,3,1911.33,0.1
ORD000182,PROD0123,2,2787.07,0.05
ORD003374,PROD0122,2,768.92,0.1
ORD005660,PROD0007,4,838.82,0.0
ORD010347,PROD0003,3,2931.9,0.1
ORD011991,PROD0154,5,611.42,0.0
ORD008197,PROD0054,3,1149.11,0.0
ORD015530,PROD0288,1,1099.87,0.05
ORD005591,PROD0039,5,748.33,0.0
ORD004367,PROD0013,5,2230.9,0.05
ORD005687,PROD0228,4,1012.55,0.15
ORD004015,PROD0253,1,3782.92,0.0
ORD009666,PROD0186,2,324.33,0.05
ORD012326,PROD0015,1,768.6,0.1
ORD011174,PROD0087,5,2381.84,0.15
ORD013921,PROD0206,1,512.36,0.2
ORD007190,PROD0094,5,1585.84,0.1
ORD004572,PROD0254,5,1021.7,0.1
ORD004827,PROD0243,2,4498.92,0.1
ORD001575,PROD0248,3,581.51,0.0
ORD017731,PROD0226,4,322.28,0.15
ORD007350,PROD0089,4,390.25,0.0
ORD009649,PROD0047,4,743.87,0.0
ORD006312,PROD0046,1,423.5,0.05
ORD011129,PROD0186,5,324.33,0.2
ORD016478,PROD0052,4,1103.19,0.1
ORD011686,PROD0045,3,1204.82,0.0
ORD013039,PROD0127,5,1166.2,0.0
ORD017968,PROD0244,3,1140.3,0.1
ORD005200,PROD0124,3,7033.68,0.0
ORD013423,PROD0224,5,4037.97,0.0
ORD009523,PROD0168,1,1759.17,0.1
ORD017914,PROD0140,2,4498.4,0.1
ORD010479,PROD0081,2,2207.21,0.0
ORD014720,PROD0053,3,499.98,0.0
ORD017789,PROD0243,3,4498.92,0.05
ORD016970,PROD0155,3,383.07,0.15
ORD001050,PROD0174,2,1681.39,0.05
ORD006917,PROD0030,3,1536.54,0.1
ORD001390,PROD0201,5,1107.62,0.1
ORD017541,PROD0194,1,2044.13,0.1
ORD011319,PROD0281,5,5213.75,0.15
ORD013252,PROD0122,1,768.92,0.0
ORD009085,PROD0191,1,425.27,0.1
ORD014437,PROD0220,3,1249.15,0.2
ORD017572,PROD0228,2,1012.55,0.05
ORD008615,PROD0051,1,257.94,0.0
ORD002422,PROD0287,3,1180.58,0.05
ORD000717,PROD0140,5,4498.4,0.05
ORD001741,PROD0268,5,1593.82,0.2
ORD007825,PROD0276,5,1150.97,0.2
ORD012947,PROD0077,1,372.07,0.1
ORD002662,PROD0110,4,2045.64,0.1
ORD006935,PROD0097,4,2244.75,0.05
ORD001225,PROD0074,2,701.79,0.1
ORD005538,PROD0125,2,1338.46,0.0
ORD001242,PROD0104,3,917.71,0.15
ORD004827,PROD0038,1,1310.24,0.0
ORD002286,PROD0132,2,1663.98,0.0
ORD002511,PROD0267,1,1411.95,0.05
ORD008496,PROD0060,2,511.57,0.0
ORD003382,PROD0223,5,1507.47,0.1
ORD006141,PROD0095,3,853.11,0.2
ORD012552,PROD0060,5,511.57,0.15
ORD001473,PROD0201,3,1107.62,0.15
ORD012731,PROD0043,4,950.69,0.0
ORD017517,PROD0126,2,648.87,0.1
ORD017696,PROD0292,3,526.18,0.2
ORD002950,PROD0228,4,1012.55,0.1
ORD011821,PROD0194,2,2044.13,0.05
ORD001682,PROD0230,1,1187.41,0.0
ORD001564,PROD0054,4,1149.11,0.1
ORD012322,PROD0269,3,528.68,0.05
ORD011089,PROD0016,2,2382.58,0.0
ORD016786,PROD0294,4,608.79,0.05
ORD013684,PROD0208,5,1605.39,0.1
ORD011497,PROD0075,3,993.75,0.05
ORD011184,PROD0201,5,1107.62,0.1
ORD006393,PROD0152,5,3664.43,0.1
ORD000686,PROD0099,5,550.57,0.2
ORD013339,PROD0280,3,239.29,0.0
ORD001371,PROD0294,3,608.79,0.0
ORD005901,PROD0163,4,703.11,0.0
ORD000692,PROD0021,3,2017.39,0.05
ORD011138,PROD0244,1,1140.3,0.05
ORD014501,PROD0145,2,2107.82,0.1
ORD008012,PROD0088,3,255.81,0.1
ORD010430,PROD0283,1,1585.65,0.0
ORD005785,PROD0121,1,1762.91,0.1
ORD002690,PROD0284,1,1551.66,0.1
ORD014796,PROD0053,5,499.98,0.1
ORD002890,PROD0274,4,356.93,0.15
ORD004221,PROD0034,2,1106.13,0.15
ORD000523,PROD0138,3,2041.26,0.05
ORD002003,PROD0038,5,1310.24,0.05
ORD016862,PROD0013,2,2230.9,0.05
ORD008623,PROD0128,4,414.27,0.2
ORD003922,PROD0167,3,2511.68,0.15
ORD006357,PROD0241,2,215.23,0.15
ORD007513,PROD0215,4,496.9,0.1
ORD007093,PROD0159,3,2084.31,0.05
ORD015295,PROD0232,1,480.05,0.2
ORD017494,PROD0138,2,2041.26,0.0
ORD013419,PROD0060,1,511.57,0.0
ORD016840,PROD0258,4,814.14,0.1
ORD012923,PROD0130,4,1402.05,0.0
ORD017186,PROD0243,3,4498.92,0.0
ORD017437,PROD0281,2,5213.75,0.0
ORD010436,PROD0094,2,1585.84,0.0
ORD001600,PROD0144,5,1097.89,0.2
ORD015121,PROD0127,5,1166.2,0.1
ORD015985,PROD0084,3,787.16,0.1
ORD002177,PROD0209,2,4636.93,0.05
ORD001535,PROD0120,2,3592.34,0.1
ORD010201,PROD0028,3,740.62,0.1
ORD009091,PROD0070,2,2065.33,0.05
ORD006603,PROD0001,5,2228.63,0.0
ORD004711,PROD0045,2,1204.82,0.0
ORD007529,PROD0270,1,546.81,0.1
ORD015063,PROD0027,2,5305.88,0.05
ORD001553,PROD0205,4,315.35,0.0
ORD014571,PROD0078,4,1498.55,0.0
ORD014946,PROD0128,4,414.27,0.0
ORD016615,PROD0216,1,2535.43,0.1
ORD016298,PROD0265,2,709.86,0.15
ORD010433,PROD0022,3,174.42,0.0
ORD014149,PROD0163,5,703.11,0.0
ORD000968,PROD0229,2,251.37,0.2
ORD016820,PROD0182,3,1491.37,0.0
ORD002934,PROD0137,2,445.2,0.0
ORD012632,PROD0113,4,495.12,0.05
ORD007358,PROD0175,4,2260.04,0.05
ORD013678,PROD0090,2,1416.42,0.0
ORD008446,PROD0085,4,2361.96,0.1
ORD011858,PROD0081,3,2207.21,0.15
ORD011196,PROD0162,2,377.71,0.1
ORD006602,PROD0211,2,1092.8,0.15
ORD005368,PROD0226,2,322.28,0.1
ORD017329,PROD0201,5,1107.62,0.1
ORD000469,PROD0267,5,1411.95,0.1
ORD004187,PROD0078,3,1498.55,0.15
ORD000243,PROD0249,2,4012.64,0.15
ORD002603,PROD0106,3,770.07,0.05
ORD016079,PROD0293,5,1136.47,0.0
ORD016436,PROD0188,1,5555.06,0.05
ORD015108,PROD0059,3,3884.69,0.05
ORD007807,PROD0126,5,648.87,0.05
ORD008352,PROD0296,2,605.83,0.05
ORD007821,PROD0172,5,3513.98,0.0
ORD005871,PROD0190,1,1494.94,0.2
ORD005224,PROD0113,2,495.12,0.1
ORD009514,PROD0074,5,701.79,0.0
ORD006147,PROD0164,3,1896.67,0.05
ORD015663,PROD0189,1,260.5,0.05
ORD015714,PROD0080,3,1973.58,0.15
ORD015416,PROD0271,2,1034.8,0.15
ORD006296,PROD0082,4,835.72,0.05
ORD016283,PROD0006,2,997.09,0.15
ORD008549,PROD0042,5,5997.9,0.0
ORD000204,PROD0112,1,3157.32,0.15
ORD013078,PROD0087,3,2381.84,0.05
ORD013763,PROD0093,5,2481.82,0.0
ORD006096,PROD0239,1,3878.85,0.1
ORD012260,PROD0031,3,2790.09,0.0
ORD013571,PROD0291,4,859.37,0.0
ORD004338,PROD0027,2,5305.88,0.0
ORD004966,PROD0281,1,5213.75,0.0
ORD014183,PROD0120,1,3592.34,0.05
ORD016240,PROD0233,5,865.79,0.1
ORD007556,PROD0105,2,813.74,0.15
ORD006792,PROD0047,3,743.87,0.1
ORD009565,PROD0166,2,655.43,0.2
ORD015342,PROD0284,2,1551.66,0.0
ORD009354,PROD0129,1,2715.49,0.0
ORD015222,PROD0117,4,1622.14,0.2
ORD015102,PROD0176,3,890.34,0.2
ORD002655,PROD0205,4,315.35,0.0
ORD000653,PROD0129,4,2715.49,0.1
ORD001026,PROD0084,5,787.16,0.15
ORD014763,PROD0222,2,803.44,0.0
ORD007837,PROD0155,3,383.07,0.05
ORD012234,PROD0300,5,2550.36,0.0
ORD015344,PROD0004,3,1005.11,0.05
ORD017491,PROD0129,3,2715.49,0.0
ORD015779,PROD0267,4,1411.95,0.05
ORD006030,PROD0227,1,663.99,0.1
ORD002000,PROD0192,4,2094.72,0.1
ORD013178,PROD0060,2,511.57,0.2
ORD012560,PROD0030,3,1536.54,0.05
ORD002726,PROD0052,2,1103.19,0.05
ORD005184,PROD0296,3,605.83,0.0
ORD014927,PROD0252,2,1091.64,0.05
ORD007783,PROD0216,2,2535.43,0.0
ORD006493,PROD0064,4,706.46,0.2
ORD001330,PROD0105,3,813.74,0.2
ORD001077,PROD0164,3,1896.67,0.0
ORD000803,PROD0002,2,1122.65,0.05
ORD016269,PROD0131,1,719.35,0.0
ORD015898,PROD0187,2,2575.23,0.2
ORD008496,PROD0010,2,1326.68,0.0
ORD011435,PROD0258,1,814.14,0.05
ORD011566,PROD0270,1,546.81,0.1
ORD011154,PROD0002,4,1122.65,0.05
ORD014567,PROD0059,2,3884.69,0.05
ORD004773,PROD0018,3,1106.42,0.05
ORD004505,PROD0060,5,511.57,0.05
ORD008096,PROD0053,1,499.98,0.05
ORD013526,PROD0139,4,624.58,0.05
ORD002588,PROD0097,2,2244.75,0.1
ORD011911,PROD0097,2,2244.75,0.05
ORD006095,PROD0128,4,414.27,0.0
ORD007562,PROD0213,4,475.42,0.1
ORD000222,PROD0240,2,1736.87,0.0
ORD004987,PROD0006,2,997.09,0.1
ORD002856,PROD0230,3,1187.41,0.0
ORD011038,PROD0263,1,754.46,0.1
ORD003718,PROD0122,3,768.92,0.05
ORD005026,PROD0274,3,356.93,0.2
ORD009339,PROD0086,5,1292.77,0.0
ORD007106,PROD0224,2,4037.97,0.1
ORD000838,PROD0063,4,453.52,0.15
ORD000725,PROD0293,3,1136.47,0.2
ORD014578,PROD0020,2,2005.81,0.05
ORD012279,PROD0205,5,315.35,0.05
ORD011970,PROD0189,3,260.5,0.0
ORD014683,PROD0157,1,1342.68,0.15
ORD010232,PROD0299,5,3528.34,0.15
ORD012565,PROD0108,4,1195.6,0.05
ORD012126,PROD0277,1,668.68,0.1
ORD001236,PROD0066,4,705.54,0.05
ORD013726,PROD0108,1,1195.6,0.15
ORD017949,PROD0275,4,1740.08,0.05
ORD008893,PROD0162,1,377.71,0.05
ORD003906,PROD0136,4,4655.74,0.05
ORD008187,PROD0205,2,315.35,0.2
ORD002483,PROD0146,1,2912.21,0.1
ORD007445,PROD0260,1,2453.91,0.0
ORD013539,PROD0248,4,581.51,0.15
ORD007384,PROD0206,1,512.36,0.2
ORD005526,PROD0239,2,3878.85,0.15
ORD004873,PROD0048,1,2692.11,0.15
ORD009225,PROD0264,4,409.67,0.1
ORD016519,PROD0019,5,2132.91,0.05
ORD016184,PROD0118,1,437.61,0.1
ORD014002,PROD0152,4,3664.43,0.05
ORD012971,PROD0120,1,3592.34,0.05
ORD003618,PROD0229,5,251.37,0.0
ORD001473,PROD0054,1,1149.11,0.2
ORD009938,PROD0045,1,1204.82,0.0
ORD010146,PROD0271,2,1034.8,0.0
ORD004472,PROD0009,1,419.4,0.15
ORD001219,PROD0170,1,1486.76,0.1
ORD011746,PROD0082,5,835.72,0.05
ORD005858,PROD0260,3,2453.91,0.0
ORD008050,PROD0182,1,1491.37,0.1
ORD001378,PROD0186,3,324.33,0.1
ORD012749,PROD0246,4,484.36,0.1
ORD014318,PROD0249,2,4012.64,0.1
ORD000031,PROD0128,2,414.27,0.0
ORD009933,PROD0197,4,774.0,0.1
ORD015969,PROD0050,3,138.33,0.05
ORD014341,PROD0194,4,2044.13,0.05
ORD001376,PROD0146,2,2912.21,0.05
ORD001536,PROD0135,2,1098.25,0.1
ORD015505,PROD0134,4,938.67,0.0
ORD000703,PROD0162,4,377.71,0.05
ORD012640,PROD0043,5,950.69,0.1
ORD005584,PROD0233,4,865.79,0.05
ORD012371,PROD0087,2,2381.84,0.0
ORD006211,PROD0129,5,2715.49,0.1
ORD009792,PROD0043,1,950.69,0.0
ORD010778,PROD0187,3,2575.23,0.05
ORD008215,PROD0186,5,324.33,0.1
ORD007685,PROD0063,2,453.52,0.05
ORD007553,PROD0222,4,803.44,0.05
ORD012716,PROD0006,4,997.09,0.05
ORD001779,PROD0182,5,1491.37,0.2
ORD006962,PROD0095,4,853.11,0.05
ORD004894,PROD0187,4,2575.23,0.1
ORD004862,PROD0270,1,546.81,0.05
ORD011321,PROD0016,5,2382.58,0.05
ORD007267,PROD0121,2,1762.91,0.15
ORD015606,PROD0060,5,511.57,0.1
ORD013311,PROD0106,2,770.07,0.05
ORD009122,PROD0232,2,480.05,0.05
ORD015172,PROD0061,2,1808.63,0.1
ORD017559,PROD0213,2,475.42,0.15
ORD007508,PROD0097,3,2244.75,0.0
ORD002357,PROD0014,1,596.75,0.1
ORD000308,PROD0183,1,606.73,0.1
ORD005001,PROD0018,5,1106.42,0.1
ORD008507,PROD0004,1,1005.11,0.0
ORD004536,PROD0077,3,372.07,0.2
ORD002469,PROD0010,1,1326.68,0.0
ORD009380,PROD0222,3,803.44,0.15
ORD016362,PROD0127,1,1166.2,0.1
ORD012464,PROD0186,2,324.33,0.1
ORD001389,PROD0060,1,511.57,0.0
ORD004580,PROD0260,3,2453.91,0.1
ORD009951,PROD0232,3,480.05,0.05
ORD013356,PROD0284,2,1551.66,0.15
ORD015981,PROD0194,2,2044.13,0.0
ORD013086,PROD0091,5,402.26,0.05
ORD006065,PROD0252,4,1091.64,0.2
ORD016569,PROD0262,4,1081.48,0.15
ORD009397,PROD0023,4,529.99,0.05
ORD015121,PROD0065,1,298.49,0.1
ORD006038,PROD0067,1,1836.4,0.0
ORD006395,PROD0108,2,1195.6,0.05
ORD002986,PROD0046,3,423.5,0.15
ORD001385,PROD0156,3,1302.29,0.1
ORD004717,PROD0253,5,3782.92,0.1
ORD001907,PROD0048,4,2692.11,0.1
ORD009115,PROD0186,5,324.33,0.15
ORD017132,PROD0028,1,740.62,0.15
ORD003950,PROD0285,2,1253.77,0.0
ORD014999,PROD0269,5,528.68,0.1
ORD015242,PROD0234,1,1884.98,0.1
ORD014368,PROD0148,3,2479.32,0.1
ORD013782,PROD0013,4,2230.9,0.05
ORD008691,PROD0072,1,4756.76,0.2
ORD013384,PROD0127,2,1166.2,0.1
ORD005584,PROD0185,3,592.37,0.15
ORD012527,PROD0069,3,6450.78,0.05
ORD004399,PROD0098,4,1788.67,0.05
ORD005509,PROD0126,5,648.87,0.1
ORD012299,PROD0049,2,474.29,0.1
ORD015384,PROD0126,2,648.87,0.0
ORD004866,PROD0267,5,1411.95,0.0
ORD007701,PROD0135,3,1098.25,0.1
ORD006504,PROD0144,1,1097.89,0.0
ORD003552,PROD0018,5,1106.42,0.15
ORD001703,PROD0198,5,1910.21,0.1
ORD016119,PROD0242,2,1251.99,0.15
ORD008008,PROD0124,3,7033.68,0.1
ORD010608,PROD0215,4,496.9,0.1
ORD010605,PROD0050,1,138.33,0.2
ORD000797,PROD0256,2,895.23,0.0
ORD002911,PROD0102,5,1726.73,0.05
ORD017939,PROD0069,4,6450.78,0.2
ORD013700,PROD0299,5,3528.34,0.05
ORD005853,PROD0091,3,402.26,0.05
ORD008883,PROD0253,1,3782.92,0.1
ORD002055,PROD0121,2,1762.91,0.05
ORD009660,PROD0277,1,668.68,0.1
ORD009359,PROD0175,5,2260.04,0.15
ORD006058,PROD0191,3,425.27,0.0
ORD007817,PROD0171,1,619.82,0.1
ORD011605,PROD0190,2,1494.94,0.0
ORD001280,PROD0211,4,1092.8,0.0
ORD012286,PROD0187,5,2575.23,0.2
ORD000886,PROD0288,4,1099.87,0.0
ORD003262,PROD0230,2,1187.41,0.1
ORD013244,PROD0154,2,611.42,0.0
ORD012811,PROD0071,2,1519.69,0.0
ORD005097,PROD0266,2,1066.97,0.1
ORD004499,PROD0208,5,1605.39,0.15
ORD014951,PROD0116,5,435.35,0.05
ORD010453,PROD0281,1,5213.75,0.0
ORD003228,PROD0295,5,450.65,0.1
ORD017162,PROD0122,1,768.92,0.1
ORD005612,PROD0271,1,1034.8,0.2
ORD013917,PROD0160,3,2652.37,0.1
ORD007652,PROD0052,1,1103.19,0.05
ORD016147,PROD0280,1,239.29,0.1
ORD013642,PROD0123,2,2787.07,0.15
ORD012910,PROD0169,2,2484.01,0.1
ORD014159,PROD0114,2,983.9,0.05
ORD008456,PROD0090,5,1416.42,0.0
ORD008959,PROD0101,1,3596.1,0.1
ORD005758,PROD0297,3,359.44,0.05
ORD003214,PROD0023,2,529.99,0.05
ORD006293,PROD0019,3,2132.91,0.15
ORD000569,PROD0174,3,1681.39,0.05
ORD007436,PROD0139,2,624.58,0.15
ORD012605,PROD0051,5,257.94,0.1
ORD016656,PROD0047,3,743.87,0.1
ORD015035,PROD0018,5,1106.42,0.0
ORD005289,PROD0092,4,2466.2,0.2
ORD013998,PROD0207,5,4103.55,0.05
ORD002949,PROD0032,4,1792.53,0.15
ORD016394,PROD0195,1,525.15,0.05
ORD004411,PROD0179,2,608.27,0.05
ORD015018,PROD0197,5,774.0,0.1
ORD008886,PROD0089,2,390.25,0.05
ORD013756,PROD0056,5,1815.37,0.2
ORD016515,PROD0139,1,624.58,0.0
ORD009444,PROD0040,1,5448.94,0.0
ORD003884,PROD0266,4,1066.97,0.0
ORD009320,PROD0123,2,2787.07,0.05
ORD000333,PROD0101,3,3596.1,0.15
ORD017813,PROD0136,4,4655.74,0.05
ORD011352,PROD0101,4,3596.1,0.15
ORD005289,PROD0157,1,1342.68,0.15
ORD006280,PROD0023,1,529.99,0.2
ORD012229,PROD0091,3,402.26,0.15
ORD000496,PROD0005,4,5350.44,0.1
ORD003765,PROD0245,2,258.37,0.0
ORD002766,PROD0129,4,2715.49,0.1
ORD010822,PROD0190,1,1494.94,0.05
ORD011561,PROD0197,1,774.0,0.1
ORD006290,PROD0080,5,1973.58,0.15
ORD017570,PROD0296,2,605.83,0.0
ORD009083,PROD0115,4,1198.13,0.05
ORD011295,PROD0225,4,670.12,0.05
ORD004863,PROD0042,3,5997.9,0.15
ORD017663,PROD0263,2,754.46,0.05
ORD009719,PROD0213,1,475.42,0.05
ORD000311,PROD0143,2,2026.75,0.0
ORD006804,PROD0248,2,581.51,0.05
ORD003991,PROD0226,3,322.28,0.05
ORD013629,PROD0060,3,511.57,0.0
ORD004164,PROD0166,5,655.43,0.0
ORD006094,PROD0113,1,495.12,0.1
ORD008893,PROD0041,3,566.23,0.15
ORD007261,PROD0128,1,414.27,0.0
ORD000587,PROD0220,3,1249.15,0.0
ORD008533,PROD0193,5,3394.61,0.05
ORD004395,PROD0168,4,1759.17,0.0
ORD017281,PROD0212,5,936.47,0.0
ORD007001,PROD0070,2,2065.33,0.1
ORD005175,PROD0246,3,484.36,0.0
ORD012337,PROD0171,2,619.82,0.05
ORD002942,PROD0041,2,566.23,0.0
ORD004944,PROD0292,5,526.18,0.1
ORD014257,PROD0152,4,3664.43,0.1
ORD000703,PROD0110,5,2045.64,0.05
ORD013530,PROD0222,3,803.44,0.05
ORD011875,PROD0126,4,648.87,0.0
ORD015286,PROD0298,2,392.05,0.15
ORD009343,PROD0218,2,852.15,0.15
ORD010354,PROD0202,1,1039.91,0.0
ORD003969,PROD0084,1,787.16,0.1
ORD008065,PROD0208,2,1605.39,0.05
ORD010501,PROD0009,2,419.4,0.15
ORD004685,PROD0252,4,1091.64,0.05
ORD010575,PROD0095,1,853.11,0.0
ORD010080,PROD0155,5,383.07,0.1
ORD008899,PROD0150,2,1469.35,0.0
ORD005461,PROD0250,5,468.3,0.0
ORD014146,PROD0165,4,1341.44,0.0
ORD000635,PROD0234,3,1884.98,0.2
ORD011775,PROD0025,2,585.99,0.05
ORD009256,PROD0259,4,272.42,0.05
ORD001930,PROD0003,2,2931.9,0.0
ORD017343,PROD0121,4,1762.91,0.0
ORD011868,PROD0196,3,624.67,0.05
ORD002468,PROD0234,2,1884.98,0.1
ORD010379,PROD0123,2,2787.07,0.0
ORD015159,PROD0124,3,7033.68,0.05
ORD015706,PROD0037,4,1059.57,0.2
ORD006861,PROD0034,2,1106.13,0.0
ORD006416,PROD0111,4,843.13,0.1
ORD009849,PROD0217,3,748.27,0.15
ORD013837,PROD0130,3,1402.05,0.1
ORD012124,PROD0255,4,2724.93,0.1
ORD015692,PROD0094,4,1585.84,0.1
ORD003156,PROD0089,4,390.25,0.1
ORD007440,PROD0029,3,1224.14,0.1
ORD016640,PROD0014,3,596.75,0.05
ORD002886,PROD0284,4,1551.66,0.1
ORD001096,PROD0256,4,895.23,0.0
ORD004151,PROD0136,4,4655.74,0.15
ORD002675,PROD0295,2,450.65,0.1
ORD007678,PROD0043,3,950.69,0.1
ORD004807,PROD0037,2,1059.57,0.1
ORD016236,PROD0027,3,5305.88,0.1
ORD005368,PROD0181,5,218.55,0.0
ORD004768,PROD0077,2,372.07,0.05
ORD014551,PROD0191,4,425.27,0.0
ORD013532,PROD0041,3,566.23,0.05
ORD006294,PROD0148,5,2479.32,0.0
ORD015348,PROD0184,4,734.18,0.1
ORD015498,PROD0202,3,1039.91,0.05
ORD007012,PROD0153,1,192.77,0.0
ORD001655,PROD0067,1,1836.4,0.15
ORD000225,PROD0129,5,2715.49,0.15
ORD015039,PROD0241,2,215.23,0.2
ORD000995,PROD0128,5,414.27,0.2
ORD017295,PROD0271,4,1034.8,0.05
ORD001284,PROD0248,2,581.51,0.0
ORD010375,PROD0075,5,993.75,0.1
ORD008735,PROD0121,5,1762.91,0.2
ORD011995,PROD0193,1,3394.61,0.05
ORD010960,PROD0083,4,1558.0,0.0
ORD016229,PROD0266,2,1066.97,0.05
ORD010815,PROD0201,1,1107.62,0.0
ORD003209,PROD0263,1,754.46,0.1
ORD011568,PROD0023,3,529.99,0.1
ORD010114,PROD0231,4,1734.21,0.0
ORD001090,PROD0233,1,865.79,0.0
ORD017705,PROD0192,3,2094.72,0.15
ORD013484,PROD0090,4,1416.42,0.0
ORD010589,PROD0192,4,2094.72,0.05
ORD016691,PROD0168,2,1759.17,0.0
ORD004383,PROD0202,4,1039.91,0.1
ORD003726,PROD0094,5,1585.84,0.15
ORD017250,PROD0234,4,1884.98,0.1
ORD011927,PROD0033,1,726.59,0.05
ORD017483,PROD0116,5,435.35,0.1
ORD010108,PROD0107,1,416.19,0.0
ORD010101,PROD0224,1,4037.97,0.2
ORD002088,PROD0291,1,859.37,0.15
ORD001958,PROD0146,3,2912.21,0.0
ORD004404,PROD0030,2,1536.54,0.1
ORD003937,PROD0019,3,2132.91,0.05
ORD010384,PROD0204,1,1064.24,0.0
ORD003963,PROD0290,4,3732.41,0.0
ORD013278,PROD0024,4,3557.69,0.1
ORD001087,PROD0071,1,1519.69,0.0
ORD003969,PROD0081,4,2207.21,0.0
ORD007909,PROD0280,3,239.29,0.2
ORD014443,PROD0016,4,2382.58,0.05
ORD011150,PROD0281,2,5213.75,0.15
ORD001117,PROD0083,1,1558.0,0.0
ORD011465,PROD0236,5,1243.22,0.15
ORD010711,PROD0095,2,853.11,0.1
ORD012851,PROD0275,4,1740.08,0.1
ORD000476,PROD0055,1,1758.65,0.0
ORD010970,PROD0154,5,611.42,0.05
ORD003854,PROD0072,2,4756.76,0.05
ORD017209,PROD0086,4,1292.77,0.1
ORD012369,PROD0098,4,1788.67,0.05
ORD013927,PROD0194,1,2044.13,0.15
ORD017614,PROD0077,4,372.07,0.2
ORD008132,PROD0128,1,414.27,0.1
ORD006774,PROD0202,5,1039.91,0.1
ORD015493,PROD0097,3,2244.75,0.2
ORD005988,PROD0041,1,566.23,0.1
ORD006537,PROD0155,2,383.07,0.1
ORD008000,PROD0093,3,2481.82,0.0
ORD013608,PROD0039,3,748.33,0.1
ORD011465,PROD0144,2,1097.89,0.05
ORD002724,PROD0181,3,218.55,0.1
ORD003937,PROD0235,3,1069.09,0.15
ORD017627,PROD0035,2,914.62,0.1
ORD007024,PROD0208,2,1605.39,0.0
ORD016612,PROD0143,1,2026.75,0.15
ORD000888,PROD0027,1,5305.88,0.15
ORD013634,PROD0089,1,390.25,0.0
ORD002321,PROD0033,3,726.59,0.05
ORD015232,PROD0076,1,1911.33,0.15
ORD017683,PROD0206,3,512.36,0.15
ORD008763,PROD0266,3,1066.97,0.15
ORD005559,PROD0012,3,2384.44,0.0
ORD014339,PROD0228,2,1012.55,0.1
ORD003639,PROD0204,5,1064.24,0.05
ORD016575,PROD0020,5,2005.81,0.0
ORD004883,PROD0034,4,1106.13,0.1
ORD010773,PROD0095,3,853.11,0.05
ORD016903,PROD0237,3,1008.9,0.15
ORD011568,PROD0042,1,5997.9,0.2
ORD016666,PROD0260,3,2453.91,0.15
ORD003399,PROD0232,1,480.05,0.1
ORD014614,PROD0288,1,1099.87,0.1
ORD011745,PROD0195,5,525.15,0.0
ORD009595,PROD0128,3,414.27,0.2
ORD007155,PROD0187,1,2575.23,0.05
ORD016306,PROD0242,3,1251.99,0.0
ORD017834,PROD0067,1,1836.4,0.05
ORD010245,PROD0169,2,2484.01,0.2
ORD007825,PROD0237,4,1008.9,0.0
ORD006652,PROD0013,5,2230.9,0.0
ORD009451,PROD0064,2,706.46,0.1
ORD002750,PROD0052,5,1103.19,0.1
ORD014753,PROD0136,5,4655.74,0.1
ORD007483,PROD0157,5,1342.68,0.1
ORD010652,PROD0247,5,1013.19,0.0
ORD007957,PROD0047,5,743.87,0.05
ORD010504,PROD0167,2,2511.68,0.0
ORD003686,PROD0200,5,1906.63,0.2
ORD017129,PROD0102,1,1726.73,0.0
ORD003018,PROD0139,2,624.58,0.15
ORD012430,PROD0114,5,983.9,0.15
ORD002794,PROD0285,4,1253.77,0.0
ORD016066,PROD0024,3,3557.69,0.0
ORD000861,PROD0078,2,1498.55,0.1
ORD001348,PROD0081,1,2207.21,0.2
ORD013812,PROD0039,1,748.33,0.05
ORD005582,PROD0172,4,3513.98,0.15
ORD007231,PROD0140,3,4498.4,0.1
ORD007502,PROD0230,3,1187.41,0.0
ORD013562,PROD0236,5,1243.22,0.05
ORD007582,PROD0080,3,1973.58,0.15
ORD016338,PROD0036,2,2265.4,0.15
ORD012032,PROD0003,3,2931.9,0.0
ORD002051,PROD0296,5,605.83,0.05
ORD004206,PROD0069,1,6450.78,0.0
ORD005952,PROD0288,3,1099.87,0.0
ORD001309,PROD0273,5,1884.45,0.1
ORD001704,PROD0195,5,525.15,0.1
ORD004589,PROD0225,4,670.12,0.0
ORD001779,PROD0056,3,1815.37,0.05
ORD000735,PROD0041,1,566.23,0.0
ORD011629,PROD0016,5,2382.58,0.15
ORD009283,PROD0024,3,3557.69,0.05
ORD008596,PROD0107,2,416.19,0.05
ORD004250,PROD0154,2,611.42,0.05
ORD014634,PROD0203,1,1208.94,0.15
ORD002913,PROD0283,2,1585.65,0.05
ORD013347,PROD0293,5,1136.47,0.1
ORD017667,PROD0098,4,1788.67,0.0
ORD016190,PROD0254,5,1021.7,0.1
ORD014422,PROD0198,2,1910.21,0.1
ORD016019,PROD0241,4,215.23,0.0
ORD015714,PROD0195,3,525.15,0.05
ORD010507,PROD0056,5,1815.37,0.1
ORD016216,PROD0207,1,4103.55,0.05
ORD013837,PROD0033,1,726.59,0.0
ORD013611,PROD0005,4,5350.44,0.0
ORD004231,PROD0005,2,5350.44,0.05
ORD003328,PROD0115,4,1198.13,0.0
ORD007734,PROD0003,2,2931.9,0.05
ORD005437,PROD0287,1,1180.58,0.05
ORD012883,PROD0156,2,1302.29,0.05
ORD015358,PROD0133,2,737.29,0.1
ORD007554,PROD0158,2,1130.19,0.1
ORD004553,PROD0273,4,1884.45,0.05
ORD012747,PROD0053,3,499.98,0.0
ORD010484,PROD0080,5,1973.58,0.0
ORD007470,PROD0189,5,260.5,0.0
ORD009641,PROD0072,5,4756.76,0.1
ORD004736,PROD0160,5,2652.37,0.1
ORD009891,PROD0055,2,1758.65,0.0
ORD013439,PROD0015,5,768.6,0.15
ORD014759,PROD0079,2,1557.75,0.15
ORD011148,PROD0030,3,1536.54,0.1
ORD001082,PROD0232,3,480.05,0.1
ORD004696,PROD0293,4,1136.47,0.0
ORD004095,PROD0289,5,1376.41,0.05
ORD008903,PROD0153,3,192.77,0.1
ORD005689,PROD0249,5,4012.64,0.2
ORD001040,PROD0259,3,272.42,0.0
ORD001528,PROD0018,3,1106.42,0.15
ORD010804,PROD0299,1,3528.34,0.1
ORD010170,PROD0217,1,748.27,0.1
ORD005273,PROD0046,3,423.5,0.0
ORD009067,PROD0202,2,1039.91,0.0
ORD006410,PROD0208,5,1605.39,0.1
ORD009812,PROD0060,1,511.57,0.0
ORD007462,PROD0189,3,260.5,0.15
ORD008668,PROD0010,1,1326.68,0.05
ORD004058,PROD0084,1,787.16,0.0
ORD000807,PROD0098,3,1788.67,0.15
ORD011970,PROD0167,5,2511.68,0.0
ORD015419,PROD0148,3,2479.32,0.1
ORD000421,PROD0242,5,1251.99,0.05
ORD005244,PROD0205,4,315.35,0.1
ORD010572,PROD0087,2,2381.84,0.05
ORD001939,PROD0106,4,770.07,0.05
ORD015848,PROD0215,5,496.9,0.1
ORD009495,PROD0104,5,917.71,0.2
ORD000092,PROD0004,1,1005.11,0.2
ORD012633,PROD0226,2,322.28,0.0
ORD003250,PROD0034,1,1106.13,0.1
ORD016451,PROD0158,5,1130.19,0.0
ORD003770,PROD0018,3,1106.42,0.1
ORD011542,PROD0186,2,324.33,0.1
ORD004963,PROD0066,2,705.54,0.0
ORD009381,PROD0019,4,2132.91,0.1
ORD007005,PROD0021,4,2017.39,0.0
ORD009294,PROD0252,4,1091.64,0.0
ORD014317,PROD0273,1,1884.45,0.1
ORD008927,PROD0162,2,377.71,0.05
ORD005010,PROD0236,5,1243.22,0.2
ORD013906,PROD0124,1,7033.68,0.1
ORD009179,PROD0039,4,748.33,0.1
ORD013490,PROD0165,1,1341.44,0.15
ORD010942,PROD0084,2,787.16,0.15
ORD007850,PROD0132,2,1663.98,0.15
ORD007470,PROD0273,4,1884.45,0.1
ORD014036,PROD0281,1,5213.75,0.15
ORD017531,PROD0264,2,409.67,0.0
ORD006350,PROD0283,3,1585.65,0.1
ORD001718,PROD0159,5,2084.31,0.1
ORD012868,PROD0072,1,4756.76,0.05
ORD015077,PROD0281,2,5213.75,0.15
ORD010982,PROD0073,4,3798.83,0.1
ORD000130,PROD0042,3,5997.9,0.0
ORD001957,PROD0300,5,2550.36,0.15
ORD014376,PROD0235,1,1069.09,0.05
ORD001946,PROD0001,3,2228.63,0.05
ORD010620,PROD0100,5,1535.02,0.05
ORD016954,PROD0222,1,803.44,0.15
ORD017841,PROD0113,5,495.12,0.05
ORD015943,PROD0242,1,1251.99,0.2
ORD004101,PROD0238,3,1179.28,0.15
ORD013873,PROD0270,5,546.81,0.1
ORD012472,PROD0042,1,5997.9,0.05
ORD016535,PROD0238,2,1179.28,0.0
ORD014484,PROD0068,2,2579.6,0.0
ORD009004,PROD0014,3,596.75,0.15
ORD009445,PROD0186,4,324.33,0.1
ORD017575,PROD0292,3,526.18,0.05
ORD011473,PROD0003,5,2931.9,0.0
ORD017813,PROD0186,4,324.33,0.0
ORD014807,PROD0070,2,2065.33,0.05
ORD001917,PROD0277,2,668.68,0.05
ORD004207,PROD0091,3,402.26,0.05
ORD008409,PROD0070,3,2065.33,0.05
ORD005592,PROD0300,2,2550.36,0.1
ORD012826,PROD0224,3,4037.97,0.05
ORD003847,PROD0097,1,2244.75,0.0
ORD016813,PROD0064,3,706.46,0.05
ORD011579,PROD0256,4,895.23,0.1
ORD010145,PROD0119,2,1545.4,0.0
ORD017286,PROD0178,5,1006.65,0.05
ORD000945,PROD0100,2,1535.02,0.1
ORD009194,PROD0064,4,706.46,0.05
ORD016359,PROD0203,3,1208.94,0.05
ORD010288,PROD0228,5,1012.55,0.1
ORD012250,PROD0216,2,2535.43,0.1
ORD010870,PROD0055,1,1758.65,0.1
ORD001076,PROD0289,1,1376.41,0.1
ORD009651,PROD0168,2,1759.17,0.15
ORD017533,PROD0260,3,2453.91,0.0
ORD015471,PROD0204,1,1064.24,0.0
ORD001521,PROD0140,1,4498.4,0.1
ORD006982,PROD0148,5,2479.32,0.2
ORD013324,PROD0118,1,437.61,0.0
ORD014982,PROD0213,3,475.42,0.05
ORD014337,PROD0042,2,5997.9,0.05
ORD000534,PROD0069,1,6450.78,0.0
ORD001061,PROD0139,1,624.58,0.1
ORD006196,PROD0252,3,1091.64,0.1
ORD014637,PROD0197,4,774.0,0.1
ORD003957,PROD0208,1,1605.39,0.2
ORD014706,PROD0101,3,3596.1,0.05
ORD013253,PROD0226,4,322.28,0.1
ORD000430,PROD0126,5,648.87,0.0
ORD011432,PROD0150,1,1469.35,0.1
ORD004029,PROD0015,5,768.6,0.15
ORD011156,PROD0099,3,550.57,0.2
ORD009955,PROD0068,2,2579.6,0.1
ORD015733,PROD0120,5,3592.34,0.1
ORD000552,PROD0225,1,670.12,0.15
ORD004689,PROD0189,4,260.5,0.15
ORD009284,PROD0251,1,1056.88,0.05
ORD011174,PROD0099,5,550.57,0.1
ORD014837,PROD0176,1,890.34,0.2
ORD005319,PROD0240,2,1736.87,0.2
ORD009935,PROD0197,4,774.0,0.0
ORD008947,PROD0117,5,1622.14,0.2
ORD003330,PROD0206,1,512.36,0.2
ORD002903,PROD0287,5,1180.58,0.1
ORD005509,PROD0206,4,512.36,0.0
ORD017260,PROD0042,2,5997.9,0.0
ORD016286,PROD0014,2,596.75,0.0
ORD009238,PROD0198,3,1910.21,0.0
ORD007481,PROD0059,2,3884.69,0.0
ORD006204,PROD0300,4,2550.36,0.2
ORD004807,PROD0220,5,1249.15,0.0
ORD003189,PROD0252,2,1091.64,0.1
ORD017095,PROD0284,2,1551.66,0.0
ORD004273,PROD0199,2,919.06,0.0
ORD000482,PROD0249,1,4012.64,0.0
ORD015532,PROD0262,3,1081.48,0.1
ORD014694,PROD0106,2,770.07,0.0
ORD006655,PROD0241,2,215.23,0.0
ORD004555,PROD0128,3,414.27,0.0
ORD013789,PROD0092,2,2466.2,0.0
ORD013600,PROD0083,5,1558.0,0.0
ORD003946,PROD0078,4,1498.55,0.0
ORD008885,PROD0110,1,2045.64,0.2
ORD008226,PROD0013,2,2230.9,0.2
ORD001494,PROD0029,5,1224.14,0.1
ORD006611,PROD0163,2,703.11,0.1
ORD017345,PROD0297,2,359.44,0.0
ORD007966,PROD0002,5,1122.65,0.15
ORD013766,PROD0066,5,705.54,0.0
ORD005067,PROD0282,5,1059.41,0.1
ORD005226,PROD0129,2,2715.49,0.2
ORD000190,PROD0220,4,1249.15,0.15
ORD001767,PROD0165,5,1341.44,0.1
ORD008973,PROD0110,5,2045.64,0.0
ORD006247,PROD0024,5,3557.69,0.2
ORD013401,PROD0177,4,1733.37,0.0
ORD002868,PROD0188,1,5555.06,0.1
ORD007934,PROD0112,1,3157.32,0.05
ORD006896,PROD0252,1,1091.64,0.0
ORD000741,PROD0118,5,437.61,0.05
ORD000745,PROD0038,4,1310.24,0.1
ORD012171,PROD0290,1,3732.41,0.2
ORD017821,PROD0222,2,803.44,0.0
ORD012663,PROD0131,3,719.35,0.15
ORD017476,PROD0157,3,1342.68,0.1
ORD017159,PROD0287,3,1180.58,0.05
ORD012115,PROD0094,2,1585.84,0.15
ORD012674,PROD0151,4,938.09,0.0
ORD004361,PROD0176,2,890.34,0.1
ORD010196,PROD0166,4,655.43,0.05
ORD014522,PROD0122,4,768.92,0.1
ORD006121,PROD0181,3,218.55,0.0
ORD015288,PROD0177,2,1733.37,0.2
ORD000676,PROD0162,5,377.71,0.2
ORD012703,PROD0088,4,255.81,0.2
ORD016236,PROD0153,5,192.77,0.0
ORD007279,PROD0254,5,1021.7,0.0
ORD008558,PROD0070,3,2065.33,0.2
ORD008016,PROD0169,3,2484.01,0.1
ORD006236,PROD0096,4,830.36,0.05
ORD004012,PROD0205,2,315.35,0.05
ORD002734,PROD0090,2,1416.42,0.15
ORD003607,PROD0260,5,2453.91,0.15
ORD014490,PROD0270,2,546.81,0.05
ORD008101,PROD0230,3,1187.41,0.05
ORD016418,PROD0229,4,251.37,0.1
ORD010630,PROD0087,4,2381.84,0.0
ORD011267,PROD0008,5,1428.37,0.2
ORD017337,PROD0134,3,938.67,0.15
ORD006188,PROD0165,5,1341.44,0.1
ORD004158,PROD0097,1,2244.75,0.15
ORD015502,PROD0237,1,1008.9,0.0
ORD016034,PROD0135,1,1098.25,0.1
ORD016098,PROD0081,3,2207.21,0.0
ORD015380,PROD0028,5,740.62,0.0
ORD004139,PROD0294,4,608.79,0.05
ORD016791,PROD0295,1,450.65,0.1
ORD014250,PROD0164,1,1896.67,0.0
ORD007033,PROD0145,2,2107.82,0.1
ORD007644,PROD0190,5,1494.94,0.0
ORD010913,PROD0244,1,1140.3,0.05
ORD001144,PROD0144,5,1097.89,0.1
ORD008623,PROD0062,2,1731.8,0.1
ORD016376,PROD0034,2,1106.13,0.15
ORD008934,PROD0107,1,416.19,0.1
ORD014205,PROD0263,5,754.46,0.15
ORD016356,PROD0219,4,1088.5,0.15
ORD000760,PROD0026,2,926.18,0.05
ORD014501,PROD0128,4,414.27,0.15
ORD007567,PROD0107,1,416.19,0.1
ORD002135,PROD0158,4,1130.19,0.0
ORD017787,PROD0171,3,619.82,0.1
ORD006902,PROD0067,1,1836.4,0.05
ORD003751,PROD0148,5,2479.32,0.05
ORD000477,PROD0027,1,5305.88,0.1
ORD017751,PROD0257,1,994.46,0.05
ORD004860,PROD0180,1,374.36,0.2
ORD008106,PROD0269,1,528.68,0.2
ORD002247,PROD0161,5,1467.22,0.1
ORD001283,PROD0063,5,453.52,0.0
ORD014532,PROD0171,4,619.82,0.1
ORD012516,PROD0152,5,3664.43,0.0
ORD010398,PROD0075,1,993.75,0.15
ORD008679,PROD0128,4,414.27,0.2
ORD002556,PROD0235,4,1069.09,0.0
ORD009389,PROD0127,4,1166.2,0.05
ORD007011,PROD0112,4,3157.32,0.05
ORD005497,PROD0224,4,4037.97,0.0
ORD003153,PROD0227,5,663.99,0.2
ORD017282,PROD0083,2,1558.0,0.1
ORD006199,PROD0143,1,2026.75,0.15
ORD013657,PROD0217,4,748.27,0.2
ORD015988,PROD0046,2,423.5,0.0
ORD015450,PROD0228,4,1012.55,0.0
ORD014725,PROD0045,1,1204.82,0.1
ORD003140,PROD0113,4,495.12,0.1
ORD000897,PROD0026,1,926.18,0.05
ORD016253,PROD0018,1,1106.42,0.1
ORD009770,PROD0028,5,740.62,0.0
ORD007651,PROD0225,1,670.12,0.1
ORD006379,PROD0228,1,1012.55,0.0
ORD003543,PROD0197,4,774.0,0.05
ORD017016,PROD0246,5,484.36,0.0
ORD006552,PROD0028,1,740.62,0.05
ORD016577,PROD0078,3,1498.55,0.0
ORD007821,PROD0185,1,592.37,0.0
ORD011112,PROD0285,4,1253.77,0.2
ORD001374,PROD0128,3,414.27,0.05
ORD010389,PROD0079,5,1557.75,0.2
ORD002668,PROD0275,3,1740.08,0.15
ORD017677,PROD0282,4,1059.41,0.15
ORD010186,PROD0295,2,450.65,0.15
ORD000778,PROD0144,2,1097.89,0.0
ORD009861,PROD0128,4,414.27,0.15
ORD012315,PROD0093,3,2481.82,0.15
ORD010814,PROD0040,4,5448.94,0.0
ORD014480,PROD0109,5,315.2,0.2
ORD013669,PROD0091,5,402.26,0.05
ORD017791,PROD0071,5,1519.69,0.2
ORD004301,PROD0009,1,419.4,0.0
ORD012107,PROD0045,1,1204.82,0.2
ORD016525,PROD0247,4,1013.19,0.2
ORD010400,PROD0004,2,1005.11,0.05
ORD002403,PROD0190,4,1494.94,0.1
ORD011076,PROD0098,4,1788.67,0.2
ORD013701,PROD0201,5,1107.62,0.05
ORD010216,PROD0224,2,4037.97,0.15
ORD001755,PROD0020,5,2005.81,0.0
ORD004045,PROD0247,2,1013.19,0.15
ORD014556,PROD0213,5,475.42,0.0
ORD011750,PROD0145,2,2107.82,0.05
ORD009998,PROD0170,5,1486.76,0.1
ORD000617,PROD0141,2,526.7,0.0
ORD011364,PROD0024,2,3557.69,0.0
ORD003687,PROD0198,4,1910.21,0.15
ORD015480,PROD0124,3,7033.68,0.05
ORD014495,PROD0288,5,1099.87,0.1
ORD012761,PROD0055,1,1758.65,0.2
ORD005433,PROD0194,5,2044.13,0.15
ORD009251,PROD0133,5,737.29,0.0
ORD009284,PROD0261,3,1950.36,0.2
ORD016341,PROD0206,1,512.36,0.2
ORD013974,PROD0006,3,997.09,0.15
ORD016819,PROD0084,1,787.16,0.15
ORD000842,PROD0290,3,3732.41,0.15
ORD007420,PROD0131,1,719.35,0.1
ORD006484,PROD0183,2,606.73,0.0
ORD006540,PROD0033,2,726.59,0.1
ORD002807,PROD0137,5,445.2,0.15
ORD015003,PROD0119,5,1545.4,0.2
ORD008597,PROD0281,4,5213.75,0.15
ORD000474,PROD0117,5,1622.14,0.15
ORD008720,PROD0196,1,624.67,0.1
ORD013820,PROD0015,3,768.6,0.0
ORD002174,PROD0017,3,5213.81,0.2
ORD002686,PROD0038,2,1310.24,0.15
ORD000048,PROD0147,2,1277.67,0.05
ORD007620,PROD0189,5,260.5,0.0
ORD008970,PROD0149,2,231.51,0.0
ORD006268,PROD0182,1,1491.37,0.0
ORD006420,PROD0054,2,1149.11,0.05
ORD000903,PROD0231,3,1734.21,0.0
ORD015507,PROD0129,2,2715.49,0.1
ORD015786,PROD0018,3,1106.42,0.2
ORD014327,PROD0240,4,1736.87,0.05
ORD001588,PROD0194,1,2044.13,0.0
ORD004734,PROD0064,4,706.46,0.05
ORD017672,PROD0233,4,865.79,0.1
ORD007075,PROD0067,4,1836.4,0.0
ORD005243,PROD0060,3,511.57,0.0
ORD014873,PROD0007,2,838.82,0.0
ORD000279,PROD0150,4,1469.35,0.05
ORD007454,PROD0166,4,655.43,0.0
ORD000008,PROD0099,1,550.57,0.1
ORD004842,PROD0107,3,416.19,0.1
ORD000209,PROD0021,2,2017.39,0.1
ORD011935,PROD0207,4,4103.55,0.0
ORD002098,PROD0173,4,1893.36,0.05
ORD013008,PROD0058,2,5552.05,0.15
ORD017780,PROD0175,1,2260.04,0.05
ORD003109,PROD0289,4,1376.41,0.05
ORD007840,PROD0069,4,6450.78,0.0
ORD011810,PROD0053,2,499.98,0.0
ORD007488,PROD0067,5,1836.4,0.15
ORD004197,PROD0183,5,606.73,0.15
ORD010039,PROD0070,5,2065.33,0.2
ORD006819,PROD0075,5,993.75,0.2
ORD017407,PROD0008,1,1428.37,0.0
ORD011020,PROD0116,5,435.35,0.15
ORD017029,PROD0026,3,926.18,0.0
ORD002098,PROD0096,5,830.36,0.1
ORD009886,PROD0068,4,2579.6,0.1
ORD000977,PROD0152,2,3664.43,0.0
ORD000997,PROD0107,4,416.19,0.0
ORD013296,PROD0047,5,743.87,0.1
ORD003073,PROD0024,4,3557.69,0.1
ORD009393,PROD0047,5,743.87,0.0
ORD003479,PROD0073,2,3798.83,0.1
ORD017256,PROD0177,5,1733.37,0.2
ORD005495,PROD0179,3,608.27,0.05
ORD015714,PROD0015,1,768.6,0.1
ORD016123,PROD0157,5,1342.68,0.1
ORD007764,PROD0241,1,215.23,0.0
ORD017425,PROD0205,2,315.35,0.05
ORD003095,PROD0245,1,258.37,0.05
ORD006609,PROD0236,3,1243.22,0.0
ORD006891,PROD0169,3,2484.01,0.15
ORD012068,PROD0068,2,2579.6,0.05
ORD007689,PROD0214,4,285.7,0.05
ORD000469,PROD0286,2,722.33,0.05
ORD001470,PROD0008,4,1428.37,0.0
ORD006250,PROD0100,2,1535.02,0.15
ORD008645,PROD0062,5,1731.8,0.1
ORD001105,PROD0015,2,768.6,0.05
ORD004909,PROD0242,4,1251.99,0.0
ORD014044,PROD0224,3,4037.97,0.0
ORD014122,PROD0080,1,1973.58,0.0
ORD003017,PROD0111,1,843.13,0.0
ORD001722,PROD0295,1,450.65,0.1
ORD006756,PROD0103,4,814.61,0.05
ORD015835,PROD0257,5,994.46,0.05
ORD015088,PROD0053,3,499.98,0.0
ORD013816,PROD0273,4,1884.45,0.15
ORD014316,PROD0126,5,648.87,0.0
ORD006028,PROD0099,2,550.57,0.1
ORD009486,PROD0119,4,1545.4,0.1
ORD015921,PROD0258,5,814.14,0.05
ORD002255,PROD0291,3,859.37,0.2
ORD003146,PROD0203,1,1208.94,0.15
ORD013948,PROD0155,2,383.07,0.15
ORD016321,PROD0186,2,324.33,0.1
ORD015204,PROD0148,1,2479.32,0.0
ORD009012,PROD0075,3,993.75,0.1
ORD003796,PROD0156,1,1302.29,0.1
ORD016375,PROD0145,5,2107.82,0.2
ORD016130,PROD0140,4,4498.4,0.05
ORD000162,PROD0247,3,1013.19,0.05
ORD016642,PROD0215,5,496.9,0.15
ORD002100,PROD0204,1,1064.24,0.05
ORD002990,PROD0199,3,919.06,0.15
ORD007496,PROD0024,3,3557.69,0.05
ORD004681,PROD0085,1,2361.96,0.05
ORD016255,PROD0204,5,1064.24,0.05
ORD000478,PROD0045,4,1204.82,0.1
ORD004021,PROD0156,2,1302.29,0.0
ORD011033,PROD0226,2,322.28,0.05
ORD000188,PROD0037,4,1059.57,0.05
ORD006584,PROD0193,4,3394.61,0.1
ORD001337,PROD0198,2,1910.21,0.2
ORD006711,PROD0104,2,917.71,0.15
ORD002301,PROD0058,2,5552.05,0.1
ORD005034,PROD0269,4,528.68,0.05
ORD005803,PROD0226,5,322.28,0.0
ORD012207,PROD0125,1,1338.46,0.1
ORD011478,PROD0006,5,997.09,0.05
ORD004276,PROD0018,1,1106.42,0.05
ORD004684,PROD0296,2,605.83,0.15
ORD000907,PROD0034,4,1106.13,0.0
ORD002076,PROD0198,2,1910.21,0.2
ORD007531,PROD0034,5,1106.13,0.15
ORD002253,PROD0045,1,1204.82,0.05
ORD007049,PROD0095,3,853.11,0.1
ORD008250,PROD0299,1,3528.34,0.0
ORD010685,PROD0052,1,1103.19,0.0
ORD011494,PROD0002,4,1122.65,0.0
ORD011031,PROD0008,1,1428.37,0.2
ORD009429,PROD0132,5,1663.98,0.0
ORD017131,PROD0193,3,3394.61,0.05
ORD008285,PROD0256,3,895.23,0.0
ORD007839,PROD0126,1,648.87,0.05
ORD004262,PROD0059,2,3884.69,0.05
ORD016543,PROD0065,5,298.49,0.0
ORD012618,PROD0128,5,414.27,0.1
ORD010750,PROD0029,2,1224.14,0.15
ORD008133,PROD0044,4,2277.54,0.1
ORD001068,PROD0294,4,608.79,0.1
ORD014013,PROD0217,4,748.27,0.05
ORD013954,PROD0146,2,2912.21,0.0
ORD013032,PROD0139,4,624.58,0.2
ORD013877,PROD0005,4,5350.44,0.05
ORD017660,PROD0135,1,1098.25,0.15
ORD014375,PROD0293,2,1136.47,0.05
ORD012287,PROD0161,4,1467.22,0.05
ORD011065,PROD0201,5,1107.62,0.2
ORD002217,PROD0239,4,3878.85,0.1
ORD014342,PROD0145,1,2107.82,0.05
ORD002720,PROD0103,2,814.61,0.1
ORD016742,PROD0003,4,2931.9,0.0
ORD010032,PROD0165,1,1341.44,0.0
ORD009249,PROD0174,4,1681.39,0.15
ORD001986,PROD0162,3,377.71,0.15
ORD017677,PROD0039,4,748.33,0.0
ORD013012,PROD0268,4,1593.82,0.05
ORD004323,PROD0194,3,2044.13,0.1
ORD003723,PROD0167,2,2511.68,0.0
ORD007378,PROD0113,4,495.12,0.05
ORD015743,PROD0217,2,748.27,0.05
ORD004364,PROD0091,1,402.26,0.2
ORD002856,PROD0290,5,3732.41,0.1
ORD015488,PROD0256,2,895.23,0.0
ORD000910,PROD0249,4,4012.64,0.1
ORD016183,PROD0062,1,1731.8,0.05
ORD014473,PROD0046,1,423.5,0.1
ORD013813,PROD0073,5,3798.83,0.0
ORD009919,PROD0081,3,2207.21,0.05
ORD017884,PROD0231,1,1734.21,0.1
ORD014288,PROD0230,4,1187.41,0.15
ORD004906,PROD0292,5,526.18,0.2
ORD004908,PROD0151,4,938.09,0.05
ORD001093,PROD0257,3,994.46,0.2
ORD007559,PROD0087,4,2381.84,0.15
ORD008469,PROD0156,3,1302.29,0.05
ORD002691,PROD0208,5,1605.39,0.1
ORD003068,PROD0225,4,670.12,0.2
ORD000599,PROD0239,2,3878.85,0.05
ORD006209,PROD0023,4,529.99,0.2
ORD004739,PROD0175,2,2260.04,0.15
ORD013683,PROD0175,2,2260.04,0.0
ORD006444,PROD0253,4,3782.92,0.15
ORD009634,PROD0046,2,423.5,0.05
ORD005500,PROD0117,1,1622.14,0.0
ORD011767,PROD0161,1,1467.22,0.1
ORD007298,PROD0251,4,1056.88,0.2
ORD017752,PROD0225,1,670.12,0.15
ORD004482,PROD0294,2,608.79,0.1
ORD002744,PROD0162,5,377.71,0.2
ORD012515,PROD0177,4,1733.37,0.05
ORD016396,PROD0201,3,1107.62,0.05
ORD000620,PROD0159,1,2084.31,0.15
ORD001507,PROD0053,1,499.98,0.0
ORD003903,PROD0291,2,859.37,0.05
ORD002063,PROD0013,1,2230.9,0.1
ORD005348,PROD0153,4,192.77,0.05
ORD009847,PROD0107,5,416.19,0.1
ORD006648,PROD0024,1,3557.69,0.1
ORD015891,PROD0011,4,569.66,0.0
ORD006184,PROD0243,5,4498.92,0.1
ORD015992,PROD0011,1,569.66,0.2
ORD012665,PROD0286,3,722.33,0.1
ORD010708,PROD0142,4,536.55,0.05
ORD000898,PROD0065,2,298.49,0.15
ORD012454,PROD0095,2,853.11,0.1
ORD017192,PROD0107,5,416.19,0.05
ORD003344,PROD0153,4,192.77,0.0
ORD011487,PROD0246,5,484.36,0.2
ORD017540,PROD0018,4,1106.42,0.2
ORD005062,PROD0044,1,2277.54,0.05
ORD010076,PROD0058,1,5552.05,0.1
ORD006637,PROD0054,4,1149.11,0.1
ORD000108,PROD0290,5,3732.41,0.15
ORD002640,PROD0142,4,536.55,0.2
ORD009999,PROD0109,1,315.2,0.0
ORD002743,PROD0044,2,2277.54,0.05
ORD001938,PROD0155,1,383.07,0.15
ORD005518,PROD0064,3,706.46,0.05
ORD007404,PROD0223,5,1507.47,0.05
ORD002437,PROD0299,5,3528.34,0.0
ORD013050,PROD0054,5,1149.11,0.1
ORD015692,PROD0288,3,1099.87,0.1
ORD008092,PROD0293,5,1136.47,0.05
ORD011709,PROD0098,3,1788.67,0.0
ORD001684,PROD0122,2,768.92,0.0
ORD000990,PROD0034,1,1106.13,0.0
ORD003899,PROD0161,1,1467.22,0.05
ORD005072,PROD0152,1,3664.43,0.0
ORD011976,PROD0282,3,1059.41,0.05
ORD014171,PROD0253,1,3782.92,0.1
ORD002555,PROD0297,2,359.44,0.05
ORD010605,PROD0041,4,566.23,0.0
ORD012162,PROD0187,2,2575.23,0.1
ORD009443,PROD0006,1,997.09,0.1
ORD015062,PROD0016,5,2382.58,0.15
ORD004511,PROD0044,4,2277.54,0.1
ORD009424,PROD0024,4,3557.69,0.15
ORD005580,PROD0128,4,414.27,0.0
ORD008228,PROD0148,5,2479.32,0.1
ORD014172,PROD0249,4,4012.64,0.05
ORD015874,PROD0054,3,1149.11,0.15
ORD006262,PROD0184,5,734.18,0.1
ORD017622,PROD0218,3,852.15,0.1
ORD012629,PROD0111,5,843.13,0.0
ORD011746,PROD0256,1,895.23,0.0
ORD015906,PROD0160,4,2652.37,0.2
ORD011061,PROD0149,5,231.51,0.1
ORD012001,PROD0061,3,1808.63,0.15
ORD011665,PROD0210,2,539.67,0.1
ORD015578,PROD0204,4,1064.24,0.0
ORD016543,PROD0278,3,1418.31,0.05
ORD005189,PROD0117,2,1622.14,0.2
ORD002814,PROD0274,5,356.93,0.1
ORD013311,PROD0274,4,356.93,0.0
ORD014992,PROD0047,2,743.87,0.0
ORD002111,PROD0177,3,1733.37,0.2
ORD008631,PROD0122,2,768.92,0.2
ORD010783,PROD0187,5,2575.23,0.05
ORD003134,PROD0083,5,1558.0,0.0
ORD000515,PROD0177,5,1733.37,0.05
ORD014610,PROD0033,5,726.59,0.15
ORD009048,PROD0203,5,1208.94,0.2
ORD008664,PROD0253,1,3782.92,0.1
ORD003231,PROD0286,2,722.33,0.0
ORD008501,PROD0279,3,1760.62,0.15
ORD002823,PROD0088,4,255.81,0.0
ORD009860,PROD0096,2,830.36,0.2
ORD008315,PROD0113,1,495.12,0.15
ORD008012,PROD0004,2,1005.11,0.0
ORD012721,PROD0044,4,2277.54,0.05
ORD016628,PROD0169,4,2484.01,0.0
ORD015701,PROD0283,2,1585.65,0.05
ORD007616,PROD0085,3,2361.96,0.05
ORD011508,PROD0206,3,512.36,0.15
ORD000935,PROD0088,4,255.81,0.05
ORD013363,PROD0148,4,2479.32,0.05
ORD009717,PROD0105,2,813.74,0.0
ORD011063,PROD0218,5,852.15,0.0
ORD010981,PROD0031,4,2790.09,0.1
ORD017409,PROD0208,2,1605.39,0.1
ORD003158,PROD0297,1,359.44,0.1
ORD007969,PROD0048,1,2692.11,0.0
ORD003822,PROD0275,3,1740.08,0.15
ORD013204,PROD0144,3,1097.89,0.05
ORD000476,PROD0198,4,1910.21,0.15
ORD005502,PROD0249,2,4012.64,0.1
ORD013983,PROD0100,1,1535.02,0.1
ORD010000,PROD0167,2,2511.68,0.05
ORD000046,PROD0232,1,480.05,0.1
ORD005230,PROD0242,4,1251.99,0.05
ORD002571,PROD0260,2,2453.91,0.1
ORD012676,PROD0002,3,1122.65,0.05
ORD013443,PROD0124,2,7033.68,0.1
ORD000987,PROD0066,3,705.54,0.15
ORD012381,PROD0020,1,2005.81,0.2
ORD005288,PROD0004,2,1005.11,0.15
ORD007886,PROD0244,3,1140.3,0.2
ORD012607,PROD0226,2,322.28,0.15
ORD006698,PROD0176,4,890.34,0.05
ORD007956,PROD0183,3,606.73,0.1
ORD013633,PROD0239,5,3878.85,0.0
ORD010987,PROD0090,1,1416.42,0.1
ORD015750,PROD0071,2,1519.69,0.1
ORD011468,PROD0054,2,1149.11,0.0
ORD006678,PROD0024,1,3557.69,0.2
ORD004268,PROD0065,3,298.49,0.1
ORD001541,PROD0013,1,2230.9,0.2
ORD000458,PROD0246,2,484.36,0.1
ORD015115,PROD0006,5,997.09,0.15
ORD003483,PROD0251,2,1056.88,0.15
ORD005120,PROD0180,4,374.36,0.0
ORD009656,PROD0101,3,3596.1,0.05
ORD012994,PROD0034,5,1106.13,0.1
ORD000132,PROD0178,1,1006.65,0.0
ORD002511,PROD0284,3,1551.66,0.1
ORD014347,PROD0201,2,1107.62,0.1
ORD014628,PROD0060,5,511.57,0.05
ORD006728,PROD0198,1,1910.21,0.1
ORD005845,PROD0228,1,1012.55,0.15
ORD015348,PROD0276,2,1150.97,0.05
ORD002927,PROD0190,1,1494.94,0.2
ORD001509,PROD0111,4,843.13,0.1
ORD006211,PROD0113,4,495.12,0.15
ORD017992,PROD0224,5,4037.97,0.0
ORD002397,PROD0294,3,608.79,0.0
ORD012989,PROD0010,4,1326.68,0.2
ORD007072,PROD0111,3,843.13,0.0
ORD004158,PROD0194,5,2044.13,0.1
ORD002273,PROD0075,1,993.75,0.15
ORD017957,PROD0193,4,3394.61,0.15
ORD007336,PROD0206,4,512.36,0.2
ORD010549,PROD0085,2,2361.96,0.05
ORD015601,PROD0006,5,997.09,0.05
ORD011085,PROD0112,3,3157.32,0.05
ORD015741,PROD0218,3,852.15,0.0
ORD001613,PROD0017,4,5213.81,0.0
ORD016438,PROD0026,2,926.18,0.15
ORD016722,PROD0135,2,1098.25,0.05
ORD000892,PROD0193,4,3394.61,0.0
ORD007616,PROD0079,2,1557.75,0.1
ORD003351,PROD0095,3,853.11,0.05
ORD017787,PROD0164,1,1896.67,0.05
ORD000756,PROD0070,5,2065.33,0.2
ORD002722,PROD0275,1,1740.08,0.15
ORD015673,PROD0256,4,895.23,0.2
ORD014892,PROD0262,1,1081.48,0.15
ORD008104,PROD0286,5,722.33,0.0
ORD010258,PROD0163,3,703.11,0.05
ORD014681,PROD0237,5,1008.9,0.05
ORD016615,PROD0185,2,592.37,0.05
ORD008894,PROD0273,4,1884.45,0.0
ORD013242,PROD0190,5,1494.94,0.15
ORD005454,PROD0010,2,1326.68,0.1
ORD009821,PROD0100,2,1535.02,0.1
ORD001153,PROD0146,2,2912.21,0.2
ORD013727,PROD0074,5,701.79,0.1
ORD006669,PROD0244,1,1140.3,0.0
ORD006108,PROD0101,5,3596.1,0.2
ORD013292,PROD0132,2,1663.98,0.0
ORD002791,PROD0252,1,1091.64,0.05
ORD009909,PROD0280,4,239.29,0.1
ORD003867,PROD0239,2,3878.85,0.05
ORD015991,PROD0098,3,1788.67,0.0
ORD011962,PROD0122,5,768.92,0.1
ORD005649,PROD0298,2,392.05,0.0
ORD007301,PROD0155,4,383.07,0.05
ORD015922,PROD0185,5,592.37,0.05
ORD016699,PROD0166,2,655.43,0.2
ORD013639,PROD0052,4,1103.19,0.05
ORD003340,PROD0209,1,4636.93,0.15
ORD001893,PROD0016,2,2382.58,0.05
ORD012664,PROD0297,2,359.44,0.05
ORD016651,PROD0027,1,5305.88,0.05
ORD007140,PROD0099,1,550.57,0.1
ORD000982,PROD0026,1,926.18,0.0
ORD001546,PROD0110,1,2045.64,0.05
ORD003706,PROD0019,5,2132.91,0.05
ORD009538,PROD0244,1,1140.3,0.05
ORD016498,PROD0290,1,3732.41,0.1
ORD015755,PROD0134,3,938.67,0.05
ORD012200,PROD0069,4,6450.78,0.0
ORD008611,PROD0167,4,2511.68,0.05
ORD010920,PROD0287,5,1180.58,0.0
ORD014448,PROD0106,5,770.07,0.15
ORD001932,PROD0135,3,1098.25,0.05
ORD003613,PROD0119,1,1545.4,0.1
ORD004618,PROD0005,1,5350.44,0.2
ORD011938,PROD0099,3,550.57,0.05
ORD001066,PROD0028,1,740.62,0.0
ORD009326,PROD0091,2,402.26,0.0
ORD012008,PROD0070,4,2065.33,0.1
ORD017203,PROD0040,2,5448.94,0.15
ORD000619,PROD0018,3,1106.42,0.1
ORD009821,PROD0257,5,994.46,0.15
ORD015430,PROD0275,3,1740.08,0.05
ORD004266,PROD0133,4,737.29,0.05
ORD010164,PROD0216,3,2535.43,0.0
ORD011447,PROD0130,2,1402.05,0.15
ORD007897,PROD0260,1,2453.91,0.15
ORD011549,PROD0087,2,2381.84,0.05
ORD017396,PROD0207,4,4103.55,0.15
ORD008758,PROD0279,5,1760.62,0.0
ORD003723,PROD0035,3,914.62,0.2
ORD015634,PROD0167,4,2511.68,0.1
ORD007304,PROD0031,3,2790.09,0.0
ORD004289,PROD0130,4,1402.05,0.05
ORD013281,PROD0138,3,2041.26,0.0
ORD011300,PROD0261,2,1950.36,0.0
ORD007045,PROD0076,1,1911.33,0.0
ORD003327,PROD0210,2,539.67,0.0
ORD004874,PROD0028,2,740.62,0.0
ORD013036,PROD0136,3,4655.74,0.2
ORD000884,PROD0209,5,4636.93,0.05
ORD003052,PROD0093,4,2481.82,0.05
ORD015325,PROD0014,2,596.75,0.0
ORD014520,PROD0296,5,605.83,0.05
ORD004873,PROD0125,2,1338.46,0.05
ORD000020,PROD0137,2,445.2,0.15
ORD006269,PROD0265,2,709.86,0.2
ORD015401,PROD0244,5,1140.3,0.1
ORD013872,PROD0180,2,374.36,0.1
ORD009426,PROD0041,5,566.23,0.1
ORD012576,PROD0267,2,1411.95,0.1
ORD005361,PROD0278,2,1418.31,0.1
ORD000290,PROD0251,1,1056.88,0.1
ORD014095,PROD0027,1,5305.88,0.15
ORD009356,PROD0134,3,938.67,0.1
ORD010296,PROD0253,2,3782.92,0.1
ORD001805,PROD0278,1,1418.31,0.2
ORD002749,PROD0282,5,1059.41,0.2
ORD007835,PROD0198,5,1910.21,0.05
ORD015055,PROD0101,1,3596.1,0.1
ORD000080,PROD0271,1,1034.8,0.15
ORD005118,PROD0087,3,2381.84,0.2
ORD000997,PROD0076,3,1911.33,0.1
ORD017266,PROD0210,1,539.67,0.2
ORD002436,PROD0239,2,3878.85,0.0
ORD002866,PROD0113,3,495.12,0.0
ORD005775,PROD0272,5,834.67,0.1
ORD005126,PROD0184,2,734.18,0.15
ORD013361,PROD0092,4,2466.2,0.2
ORD010471,PROD0009,1,419.4,0.05
ORD006329,PROD0185,2,592.37,0.05
ORD009243,PROD0029,3,1224.14,0.05
ORD005112,PROD0065,4,298.49,0.05
ORD013747,PROD0044,2,2277.54,0.15
ORD004170,PROD0128,3,414.27,0.05
ORD003760,PROD0145,4,2107.82,0.0
ORD002382,PROD0273,4,1884.45,0.1
ORD016648,PROD0267,5,1411.95,0.1
ORD012721,PROD0156,4,1302.29,0.2
ORD011052,PROD0213,4,475.42,0.05
ORD003598,PROD0057,2,1480.61,0.2
ORD012270,PROD0148,2,2479.32,0.0
ORD015075,PROD0127,4,1166.2,0.1
ORD013096,PROD0240,1,1736.87,0.0
ORD002453,PROD0081,3,2207.21,0.15
ORD003176,PROD0053,1,499.98,0.1
ORD012519,PROD0273,5,1884.45,0.0
ORD000814,PROD0069,1,6450.78,0.1
ORD004247,PROD0270,4,546.81,0.15
ORD014894,PROD0260,5,2453.91,0.0
ORD001926,PROD0024,1,3557.69,0.15
ORD016967,PROD0287,4,1180.58,0.2
ORD001398,PROD0253,4,3782.92,0.05
ORD012803,PROD0280,2,239.29,0.1
ORD003855,PROD0219,2,1088.5,0.0
ORD006433,PROD0221,5,861.75,0.2
ORD007700,PROD0208,3,1605.39,0.05
ORD002119,PROD0197,4,774.0,0.2
ORD011198,PROD0148,4,2479.32,0.05
ORD013823,PROD0207,4,4103.55,0.05
ORD013006,PROD0212,5,936.47,0.2
ORD005929,PROD0137,1,445.2,0.1
ORD014494,PROD0028,1,740.62,0.1
ORD004541,PROD0231,4,1734.21,0.1
ORD008014,PROD0044,3,2277.54,0.1
ORD000503,PROD0071,3,1519.69,0.05
ORD014342,PROD0151,2,938.09,0.0
ORD008250,PROD0280,1,239.29,0.15
ORD006312,PROD0144,4,1097.89,0.15
ORD014116,PROD0056,3,1815.37,0.0
ORD012696,PROD0022,1,174.42,0.1
ORD000382,PROD0123,2,2787.07,0.05
ORD009457,PROD0275,4,1740.08,0.0
ORD013465,PROD0204,5,1064.24,0.1
ORD016752,PROD0241,4,215.23,0.1
ORD005243,PROD0248,4,581.51,0.05
ORD015243,PROD0289,1,1376.41,0.05
ORD015313,PROD0059,1,3884.69,0.1
ORD004677,PROD0297,1,359.44,0.05
ORD012288,PROD0039,3,748.33,0.05
ORD010367,PROD0130,2,1402.05,0.0
ORD000651,PROD0180,1,374.36,0.1
ORD013176,PROD0185,2,592.37,0.2
ORD014300,PROD0249,1,4012.64,0.05
ORD002977,PROD0017,3,5213.81,0.05
ORD016817,PROD0187,2,2575.23,0.0
ORD006361,PROD0011,3,569.66,0.2
ORD008561,PROD0126,5,648.87,0.1
ORD008615,PROD0133,5,737.29,0.0
ORD007283,PROD0072,3,4756.76,0.1
ORD005114,PROD0064,2,706.46,0.2
ORD003109,PROD0297,5,359.44,0.0
ORD009535,PROD0084,4,787.16,0.0
ORD004049,PROD0219,5,1088.5,0.1
ORD012966,PROD0191,2,425.27,0.15
ORD017826,PROD0155,2,383.07,0.15
ORD016040,PROD0055,2,1758.65,0.1
ORD005028,PROD0030,1,1536.54,0.1
ORD006199,PROD0162,4,377.71,0.0
ORD008788,PROD0042,1,5997.9,0.0
ORD003582,PROD0280,5,239.29,0.2
ORD004496,PROD0285,5,1253.77,0.0
ORD003161,PROD0060,1,511.57,0.15
ORD014404,PROD0046,2,423.5,0.2
ORD011087,PROD0201,5,1107.62,0.0
ORD014427,PROD0186,3,324.33,0.1
ORD014696,PROD0275,5,1740.08,0.0
ORD001501,PROD0297,4,359.44,0.2
ORD008876,PROD0238,5,1179.28,0.05
ORD004012,PROD0246,2,484.36,0.05
ORD015190,PROD0185,3,592.37,0.05
ORD005348,PROD0075,1,993.75,0.05
ORD017491,PROD0150,2,1469.35,0.0
ORD003670,PROD0108,4,1195.6,0.15
ORD016137,PROD0224,3,4037.97,0.1
ORD016717,PROD0100,5,1535.02,0.05
ORD005087,PROD0165,1,1341.44,0.1
ORD007337,PROD0133,4,737.29,0.05
ORD001722,PROD0275,3,1740.08,0.15
ORD015363,PROD0174,3,1681.39,0.05
ORD008577,PROD0161,2,1467.22,0.05
ORD011629,PROD0195,2,525.15,0.05
ORD001558,PROD0300,2,2550.36,0.2
ORD005201,PROD0273,3,1884.45,0.1
ORD002320,PROD0175,5,2260.04,0.0
ORD001065,PROD0070,3,2065.33,0.0
ORD010525,PROD0114,3,983.9,0.0
ORD014382,PROD0066,1,705.54,0.05
ORD003712,PROD0079,5,1557.75,0.0
ORD006464,PROD0105,5,813.74,0.15
ORD013737,PROD0194,4,2044.13,0.0
ORD001394,PROD0116,3,435.35,0.05
ORD001238,PROD0259,2,272.42,0.0
ORD005572,PROD0005,5,5350.44,0.05
ORD010097,PROD0218,3,852.15,0.05
ORD010861,PROD0230,4,1187.41,0.05
ORD014650,PROD0234,2,1884.98,0.05
ORD010631,PROD0108,5,1195.6,0.1
ORD010909,PROD0139,4,624.58,0.05
ORD008352,PROD0034,3,1106.13,0.05
ORD016321,PROD0290,2,3732.41,0.2
ORD017115,PROD0183,5,606.73,0.05
ORD013199,PROD0242,2,1251.99,0.0
ORD007963,PROD0073,5,3798.83,0.0
ORD000492,PROD0027,5,5305.88,0.05
ORD011485,PROD0286,1,722.33,0.05
ORD000436,PROD0163,5,703.11,0.05
ORD014761,PROD0131,5,719.35,0.15
ORD007794,PROD0152,1,3664.43,0.15
ORD010920,PROD0249,5,4012.64,0.15
ORD006890,PROD0040,1,5448.94,0.05
ORD012345,PROD0285,4,1253.77,0.0
ORD016265,PROD0020,5,2005.81,0.05
ORD003890,PROD0258,2,814.14,0.0
ORD004799,PROD0200,5,1906.63,0.2
ORD001573,PROD0144,1,1097.89,0.1
ORD006085,PROD0124,4,7033.68,0.05
ORD006570,PROD0027,4,5305.88,0.15
ORD012683,PROD0161,3,1467.22,0.2
ORD009301,PROD0088,4,255.81,0.0
ORD017195,PROD0042,2,5997.9,0.2
ORD016908,PROD0215,1,496.9,0.0
ORD007963,PROD0220,1,1249.15,0.05
ORD015206,PROD0268,4,1593.82,0.2
ORD000642,PROD0002,4,1122.65,0.15
ORD005850,PROD0270,2,546.81,0.05
ORD011294,PROD0175,4,2260.04,0.0
ORD001941,PROD0171,2,619.82,0.0
ORD006886,PROD0154,2,611.42,0.15
ORD016684,PROD0022,1,174.42,0.0
ORD008866,PROD0226,3,322.28,0.2
ORD014055,PROD0236,5,1243.22,0.0
ORD015770,PROD0208,2,1605.39,0.05
ORD007035,PROD0073,3,3798.83,0.1
ORD014170,PROD0166,4,655.43,0.05
ORD002454,PROD0111,3,843.13,0.1
ORD008501,PROD0172,1,3513.98,0.1
ORD000537,PROD0031,3,2790.09,0.05
ORD017654,PROD0057,5,1480.61,0.15
ORD015271,PROD0134,4,938.67,0.15
ORD011980,PROD0143,5,2026.75,0.1
ORD001466,PROD0182,4,1491.37,0.05
ORD004496,PROD0244,4,1140.3,0.2
ORD000105,PROD0156,5,1302.29,0.0
ORD008281,PROD0027,3,5305.88,0.05
ORD006717,PROD0053,1,499.98,0.1
ORD012000,PROD0027,5,5305.88,0.05
ORD010623,PROD0108,1,1195.6,0.0
ORD016510,PROD0098,4,1788.67,0.0
ORD015772,PROD0096,3,830.36,0.0
ORD012262,PROD0218,3,852.15,0.0
ORD009241,PROD0241,3,215.23,0.1
ORD003121,PROD0155,4,383.07,0.1
ORD006334,PROD0204,1,1064.24,0.1
ORD000820,PROD0129,3,2715.49,0.15
ORD002785,PROD0094,3,1585.84,0.05
ORD014734,PROD0240,4,1736.87,0.1
ORD008283,PROD0022,3,174.42,0.05
ORD004574,PROD0143,3,2026.75,0.0
ORD017106,PROD0112,4,3157.32,0.05
ORD001956,PROD0007,3,838.82,0.05
ORD006091,PROD0258,2,814.14,0.0
ORD016921,PROD0135,1,1098.25,0.1
ORD015265,PROD0093,3,2481.82,0.15
ORD003086,PROD0197,1,774.0,0.05
ORD009952,PROD0132,2,1663.98,0.0
ORD017172,PROD0168,3,1759.17,0.05
ORD005598,PROD0109,2,315.2,0.1
ORD007201,PROD0144,1,1097.89,0.05
ORD007714,PROD0280,4,239.29,0.1
ORD015787,PROD0088,1,255.81,0.05
ORD002244,PROD0258,5,814.14,0.15
ORD013320,PROD0078,4,1498.55,0.15
ORD007924,PROD0079,3,1557.75,0.0
ORD011848,PROD0194,5,2044.13,0.2
ORD005504,PROD0217,2,748.27,0.05
ORD000883,PROD0292,2,526.18,0.05
ORD003077,PROD0097,5,2244.75,0.15
ORD012167,PROD0194,3,2044.13,0.15
ORD017784,PROD0283,3,1585.65,0.0
ORD016898,PROD0265,5,709.86,0.15
ORD005765,PROD0060,1,511.57,0.0
ORD009180,PROD0122,5,768.92,0.15
ORD002981,PROD0074,4,701.79,0.05
ORD005274,PROD0271,4,1034.8,0.05
ORD012457,PROD0103,5,814.61,0.2
ORD013051,PROD0007,1,838.82,0.0
ORD010764,PROD0079,4,1557.75,0.0
ORD016502,PROD0257,3,994.46,0.15
ORD010263,PROD0198,4,1910.21,0.2
ORD008100,PROD0090,3,1416.42,0.05
ORD013514,PROD0112,4,3157.32,0.1
ORD002376,PROD0190,5,1494.94,0.2
ORD007593,PROD0097,4,2244.75,0.2
ORD008880,PROD0190,4,1494.94,0.05
ORD003172,PROD0039,1,748.33,0.0
ORD016360,PROD0229,5,251.37,0.0
ORD013712,PROD0231,1,1734.21,0.05
ORD005649,PROD0260,2,2453.91,0.1
ORD009448,PROD0209,5,4636.93,0.1
ORD001176,PROD0300,4,2550.36,0.1
ORD006694,PROD0240,2,1736.87,0.1
ORD016276,PROD0058,3,5552.05,0.0
ORD015912,PROD0065,5,298.49,0.0
ORD013325,PROD0266,5,1066.97,0.05
ORD013561,PROD0239,4,3878.85,0.05
ORD004260,PROD0021,5,2017.39,0.0
ORD013697,PROD0120,4,3592.34,0.1
ORD009550,PROD0224,4,4037.97,0.0
ORD002748,PROD0222,5,803.44,0.15
ORD017193,PROD0267,5,1411.95,0.0
ORD003266,PROD0113,3,495.12,0.1
ORD001493,PROD0148,4,2479.32,0.0
ORD007911,PROD0120,1,3592.34,0.0
ORD015584,PROD0284,3,1551.66,0.2
ORD005381,PROD0265,3,709.86,0.1
ORD012478,PROD0053,1,499.98,0.05
ORD009372,PROD0054,5,1149.11,0.05
ORD007124,PROD0276,5,1150.97,0.1
ORD017493,PROD0134,4,938.67,0.0
ORD015614,PROD0255,5,2724.93,0.0
ORD012042,PROD0037,1,1059.57,0.1
ORD009417,PROD0264,3,409.67,0.0
ORD004214,PROD0007,3,838.82,0.05
ORD005135,PROD0184,2,734.18,0.0
ORD010186,PROD0065,5,298.49,0.2
ORD016863,PROD0071,1,1519.69,0.0
ORD007320,PROD0092,5,2466.2,0.1
ORD002281,PROD0229,5,251.37,0.1
ORD009836,PROD0262,4,1081.48,0.1
ORD004375,PROD0299,2,3528.34,0.05
ORD015048,PROD0264,5,409.67,0.05
ORD017414,PROD0056,2,1815.37,0.0
ORD002891,PROD0056,1,1815.37,0.1
ORD015227,PROD0226,1,322.28,0.05
ORD000880,PROD0037,3,1059.57,0.0
ORD003798,PROD0111,1,843.13,0.05
ORD016701,PROD0148,3,2479.32,0.0
ORD004454,PROD0196,5,624.67,0.05
ORD001656,PROD0019,1,2132.91,0.05
ORD009013,PROD0248,1,581.51,0.1
ORD006710,PROD0165,1,1341.44,0.05
ORD013144,PROD0065,4,298.49,0.05
ORD007798,PROD0138,1,2041.26,0.15
ORD004817,PROD0136,2,4655.74,0.1
ORD017263,PROD0184,3,734.18,0.05
ORD001737,PROD0139,5,624.58,0.05
ORD010723,PROD0280,4,239.29,0.1
ORD002741,PROD0128,1,414.27,0.05
ORD007920,PROD0234,3,1884.98,0.15
ORD000690,PROD0108,4,1195.6,0.05
ORD015056,PROD0127,5,1166.2,0.2
ORD004601,PROD0134,1,938.67,0.1
ORD005774,PROD0195,4,525.15,0.05
ORD009670,PROD0299,3,3528.34,0.1
ORD009166,PROD0036,1,2265.4,0.15
ORD009118,PROD0055,5,1758.65,0.0
ORD014363,PROD0248,4,581.51,0.0
ORD004429,PROD0137,3,445.2,0.05
ORD016740,PROD0120,3,3592.34,0.05
ORD004820,PROD0183,4,606.73,0.1
ORD009024,PROD0172,3,3513.98,0.2
ORD013045,PROD0212,5,936.47,0.0
ORD007910,PROD0143,4,2026.75,0.1
ORD004544,PROD0143,2,2026.75,0.15
ORD010882,PROD0101,5,3596.1,0.15
ORD001030,PROD0048,3,2692.11,0.0
ORD014116,PROD0085,5,2361.96,0.05
ORD001651,PROD0232,2,480.05,0.1
ORD008676,PROD0200,1,1906.63,0.05
ORD004137,PROD0278,4,1418.31,0.05
ORD005417,PROD0253,4,3782.92,0.1
ORD003423,PROD0230,2,1187.41,0.0
ORD003277,PROD0006,2,997.09,0.0
ORD002673,PROD0051,1,257.94,0.15
ORD008583,PROD0158,3,1130.19,0.05
ORD009744,PROD0001,3,2228.63,0.0
ORD000848,PROD0032,2,1792.53,0.15
ORD014899,PROD0248,3,581.51,0.0
ORD005861,PROD0128,5,414.27,0.15
ORD014262,PROD0241,4,215.23,0.1
ORD000511,PROD0056,5,1815.37,0.05
ORD002551,PROD0077,3,372.07,0.15
ORD016391,PROD0239,3,3878.85,0.05
ORD016617,PROD0300,3,2550.36,0.1
ORD008253,PROD0165,3,1341.44,0.15
ORD000924,PROD0259,1,272.42,0.05
ORD000626,PROD0070,5,2065.33,0.05
ORD017542,PROD0002,2,1122.65,0.15
ORD000466,PROD0021,4,2017.39,0.05
ORD007206,PROD0251,5,1056.88,0.0
ORD001818,PROD0175,2,2260.04,0.15
ORD013575,PROD0031,4,2790.09,0.0
ORD003664,PROD0136,3,4655.74,0.2
ORD009320,PROD0220,2,1249.15,0.0
ORD000601,PROD0042,5,5997.9,0.1
ORD011670,PROD0160,4,2652.37,0.0
ORD006778,PROD0016,1,2382.58,0.1
ORD007963,PROD0165,2,1341.44,0.05
ORD009015,PROD0223,2,1507.47,0.05
ORD010866,PROD0038,3,1310.24,0.1
ORD012152,PROD0011,4,569.66,0.05
ORD006415,PROD0110,2,2045.64,0.15
ORD014153,PROD0053,1,499.98,0.0
ORD000699,PROD0182,4,1491.37,0.0
ORD011500,PROD0283,5,1585.65,0.05
ORD010253,PROD0145,5,2107.82,0.05
ORD006803,PROD0079,1,1557.75,0.15
ORD006451,PROD0002,4,1122.65,0.2
ORD016577,PROD0014,3,596.75,0.1
ORD009138,PROD0125,1,1338.46,0.1
ORD000450,PROD0038,1,1310.24,0.1
ORD007916,PROD0120,4,3592.34,0.05
ORD013440,PROD0256,2,895.23,0.15
ORD007078,PROD0251,1,1056.88,0.15
ORD015546,PROD0165,5,1341.44,0.0
ORD003584,PROD0096,3,830.36,0.05
ORD009619,PROD0190,5,1494.94,0.05
ORD016138,PROD0022,5,174.42,0.15
ORD010948,PROD0140,1,4498.4,0.15
ORD013437,PROD0203,3,1208.94,0.15
ORD005867,PROD0093,5,2481.82,0.15
ORD005599,PROD0131,2,719.35,0.15
ORD001342,PROD0068,3,2579.6,0.05
ORD004159,PROD0275,4,1740.08,0.1
ORD017382,PROD0035,1,914.62,0.0
ORD008705,PROD0010,5,1326.68,0.1
ORD001962,PROD0209,2,4636.93,0.1
ORD006172,PROD0215,3,496.9,0.05
ORD013870,PROD0013,1,2230.9,0.05
ORD010802,PROD0015,1,768.6,0.1
ORD002499,PROD0136,2,4655.74,0.0
ORD005844,PROD0199,2,919.06,0.0
ORD012365,PROD0153,2,192.77,0.0
ORD010709,PROD0060,4,511.57,0.05
ORD004504,PROD0062,1,1731.8,0.2
ORD015766,PROD0041,4,566.23,0.1
ORD000314,PROD0157,5,1342.68,0.15
ORD000593,PROD0259,4,272.42,0.15
ORD004217,PROD0156,5,1302.29,0.05
ORD003643,PROD0050,4,138.33,0.15
ORD016425,PROD0072,4,4756.76,0.05
ORD016569,PROD0022,2,174.42,0.2
ORD005722,PROD0153,1,192.77,0.1
ORD009232,PROD0165,3,1341.44,0.15
ORD005874,PROD0010,2,1326.68,0.15
ORD015701,PROD0208,3,1605.39,0.2
ORD017303,PROD0046,4,423.5,0.1
ORD005896,PROD0155,2,383.07,0.15
ORD013310,PROD0146,1,2912.21,0.2
ORD008948,PROD0275,3,1740.08,0.05
ORD008211,PROD0066,3,705.54,0.0
ORD007786,PROD0271,4,1034.8,0.0
ORD006731,PROD0108,2,1195.6,0.05
ORD014867,PROD0291,4,859.37,0.05
ORD017457,PROD0038,3,1310.24,0.0
ORD015076,PROD0139,3,624.58,0.15
ORD016861,PROD0001,2,2228.63,0.1
ORD002003,PROD0056,4,1815.37,0.15
ORD002151,PROD0277,1,668.68,0.0
ORD009788,PROD0246,5,484.36,0.05
ORD002158,PROD0027,2,5305.88,0.05
ORD000709,PROD0225,2,670.12,0.05
ORD001607,PROD0084,5,787.16,0.15
ORD009823,PROD0157,2,1342.68,0.05
ORD017796,PROD0013,1,2230.9,0.05
ORD006126,PROD0107,1,416.19,0.2
ORD004344,PROD0182,1,1491.37,0.05
ORD016114,PROD0177,2,1733.37,0.05
ORD010544,PROD0167,1,2511.68,0.05
ORD006414,PROD0103,1,814.61,0.0
ORD006186,PROD0226,5,322.28,0.15
ORD013383,PROD0205,5,315.35,0.05
ORD006825,PROD0068,3,2579.6,0.2
ORD003602,PROD0178,2,1006.65,0.0
ORD007041,PROD0231,4,1734.21,0.1
ORD015023,PROD0106,1,770.07,0.1
ORD016287,PROD0224,5,4037.97,0.1
ORD005779,PROD0281,1,5213.75,0.05
ORD016396,PROD0053,2,499.98,0.1
ORD004613,PROD0143,3,2026.75,0.15
ORD016352,PROD0246,1,484.36,0.0
ORD002513,PROD0286,1,722.33,0.05
ORD011020,PROD0196,3,624.67,0.1
ORD007304,PROD0072,1,4756.76,0.1
ORD013909,PROD0248,2,581.51,0.0
ORD012304,PROD0273,4,1884.45,0.15
ORD014347,PROD0075,4,993.75,0.1
ORD017400,PROD0262,4,1081.48,0.0
ORD014791,PROD0223,4,1507.47,0.1
ORD009571,PROD0012,3,2384.44,0.1
ORD005419,PROD0166,4,655.43,0.1
ORD007065,PROD0250,5,468.3,0.1
ORD004035,PROD0005,5,5350.44,0.15
ORD011386,PROD0093,4,2481.82,0.05
ORD015917,PROD0141,3,526.7,0.0
ORD008183,PROD0252,3,1091.64,0.15
ORD017941,PROD0057,4,1480.61,0.1
ORD006515,PROD0184,5,734.18,0.0
ORD011674,PROD0285,4,1253.77,0.05
ORD002010,PROD0211,2,1092.8,0.15
ORD014265,PROD0245,2,258.37,0.0
ORD003791,PROD0173,3,1893.36,0.15
ORD014499,PROD0233,4,865.79,0.0
ORD007656,PROD0246,4,484.36,0.1
ORD000776,PROD0217,4,748.27,0.15
ORD003783,PROD0247,2,1013.19,0.1
ORD006172,PROD0151,2,938.09,0.0
ORD011604,PROD0209,2,4636.93,0.05
ORD007269,PROD0295,1,450.65,0.0
ORD002930,PROD0088,5,255.81,0.15
ORD012759,PROD0254,4,1021.7,0.1
ORD011882,PROD0104,3,917.71,0.0
ORD014708,PROD0119,3,1545.4,0.0
ORD010825,PROD0058,1,5552.05,0.0
ORD015500,PROD0043,2,950.69,0.05
ORD016182,PROD0038,2,1310.24,0.0
ORD005410,PROD0122,4,768.92,0.05
ORD001567,PROD0078,1,1498.55,0.0
ORD015049,PROD0206,2,512.36,0.1
ORD008334,PROD0092,2,2466.2,0.1
ORD000974,PROD0071,3,1519.69,0.15
ORD017461,PROD0253,3,3782.92,0.05
ORD013173,PROD0224,2,4037.97,0.0
ORD006774,PROD0107,5,416.19,0.0
ORD005289,PROD0203,3,1208.94,0.0
ORD002449,PROD0265,5,709.86,0.0
ORD010466,PROD0081,1,2207.21,0.1
ORD001582,PROD0281,3,5213.75,0.1
ORD014592,PROD0097,3,2244.75,0.0
ORD006738,PROD0132,2,1663.98,0.0
ORD015938,PROD0285,4,1253.77,0.1
ORD006245,PROD0164,1,1896.67,0.0
ORD013126,PROD0134,2,938.67,0.2
ORD004576,PROD0193,4,3394.61,0.05
ORD015808,PROD0071,4,1519.69,0.05
ORD002908,PROD0038,3,1310.24,0.0
ORD012004,PROD0169,2,2484.01,0.15
ORD007955,PROD0148,5,2479.32,0.1
ORD011576,PROD0091,4,402.26,0.05
ORD009741,PROD0150,5,1469.35,0.15
ORD003756,PROD0271,1,1034.8,0.15
ORD005888,PROD0050,4,138.33,0.1
ORD012454,PROD0013,2,2230.9,0.0
ORD007481,PROD0116,5,435.35,0.1
ORD001173,PROD0118,5,437.61,0.15
ORD014806,PROD0031,5,2790.09,0.15
ORD005991,PROD0267,3,1411.95,0.1
ORD005674,PROD0120,3,3592.34,0.05
ORD012710,PROD0125,2,1338.46,0.0
ORD007628,PROD0099,1,550.57,0.05
ORD002214,PROD0158,4,1130.19,0.15
ORD011886,PROD0061,3,1808.63,0.05
ORD012927,PROD0151,4,938.09,0.1
ORD001819,PROD0015,1,768.6,0.1
ORD006744,PROD0253,2,3782.92,0.0
ORD003699,PROD0294,2,608.79,0.05
ORD015290,PROD0294,1,608.79,0.1
ORD012207,PROD0067,2,1836.4,0.15
ORD008041,PROD0023,2,529.99,0.0
ORD005729,PROD0120,4,3592.34,0.1
ORD015758,PROD0149,3,231.51,0.2
ORD008160,PROD0183,3,606.73,0.05
ORD017137,PROD0059,4,3884.69,0.15
ORD003658,PROD0261,1,1950.36,0.0
ORD006301,PROD0153,4,192.77,0.05
ORD003196,PROD0266,1,1066.97,0.2
ORD006820,PROD0204,3,1064.24,0.05
ORD010462,PROD0278,5,1418.31,0.1
ORD002142,PROD0058,4,5552.05,0.05
ORD011008,PROD0159,4,2084.31,0.1
ORD010751,PROD0158,1,1130.19,0.05
ORD007115,PROD0246,5,484.36,0.05
ORD015122,PROD0082,2,835.72,0.05
ORD017205,PROD0203,2,1208.94,0.05
ORD000488,PROD0291,2,859.37,0.05
ORD004385,PROD0220,3,1249.15,0.1
ORD003641,PROD0186,4,324.33,0.05
ORD012997,PROD0194,2,2044.13,0.0
ORD012429,PROD0135,4,1098.25,0.1
ORD014826,PROD0220,2,1249.15,0.2
ORD002873,PROD0153,2,192.77,0.1
ORD017272,PROD0001,4,2228.63,0.05
ORD005760,PROD0021,2,2017.39,0.05
ORD016469,PROD0288,1,1099.87,0.0
ORD002347,PROD0094,1,1585.84,0.1
ORD014667,PROD0051,4,257.94,0.15
ORD010138,PROD0264,1,409.67,0.2
ORD008248,PROD0046,5,423.5,0.05
ORD002751,PROD0228,4,1012.55,0.0
ORD007531,PROD0088,3,255.81,0.1
ORD015675,PROD0225,2,670.12,0.2
ORD007244,PROD0061,2,1808.63,0.15
ORD010947,PROD0221,4,861.75,0.15
ORD010739,PROD0057,2,1480.61,0.05
ORD016823,PROD0127,4,1166.2,0.05
ORD014086,PROD0064,1,706.46,0.15
ORD002976,PROD0100,2,1535.02,0.1
ORD002450,PROD0047,1,743.87,0.2
ORD013309,PROD0261,2,1950.36,0.05
ORD001573,PROD0221,5,861.75,0.05
ORD010955,PROD0227,3,663.99,0.15
ORD013865,PROD0133,4,737.29,0.05
ORD008696,PROD0126,4,648.87,0.2
ORD012282,PROD0036,4,2265.4,0.1
ORD000630,PROD0035,1,914.62,0.05
ORD012806,PROD0111,2,843.13,0.05
ORD012753,PROD0002,2,1122.65,0.1
ORD007194,PROD0071,1,1519.69,0.0
ORD008175,PROD0271,4,1034.8,0.2
ORD004085,PROD0232,2,480.05,0.0
ORD007768,PROD0137,2,445.2,0.1
ORD017954,PROD0254,3,1021.7,0.0
ORD016028,PROD0222,2,803.44,0.1
ORD015075,PROD0107,5,416.19,0.05
ORD015684,PROD0253,5,3782.92,0.0
ORD005591,PROD0092,3,2466.2,0.0
ORD000822,PROD0016,4,2382.58,0.1
ORD010677,PROD0207,4,4103.55,0.05
ORD000608,PROD0097,1,2244.75,0.05
ORD012479,PROD0110,5,2045.64,0.05
ORD008238,PROD0046,4,423.5,0.05
ORD016462,PROD0149,1,231.51,0.0
ORD013923,PROD0055,5,1758.65,0.15
ORD015496,PROD0268,1,1593.82,0.15
ORD016512,PROD0237,4,1008.9,0.0
ORD009686,PROD0244,5,1140.3,0.0
ORD003418,PROD0200,3,1906.63,0.15
ORD005643,PROD0076,5,1911.33,0.1
ORD012874,PROD0141,4,526.7,0.05
ORD004471,PROD0224,4,4037.97,0.0
ORD014747,PROD0057,4,1480.61,0.0
ORD006945,PROD0058,3,5552.05,0.15
ORD013568,PROD0094,5,1585.84,0.0
ORD014182,PROD0200,3,1906.63,0.15
ORD013981,PROD0271,1,1034.8,0.05
ORD011838,PROD0124,1,7033.68,0.1
ORD012390,PROD0095,1,853.11,0.05
ORD005339,PROD0073,5,3798.83,0.15
ORD005279,PROD0156,2,1302.29,0.2
ORD017760,PROD0062,4,1731.8,0.15
ORD010643,PROD0019,5,2132.91,0.15
ORD005292,PROD0176,2,890.34,0.05
ORD002529,PROD0073,2,3798.83,0.1
ORD002428,PROD0055,1,1758.65,0.05
ORD005034,PROD0057,5,1480.61,0.15
ORD005131,PROD0291,2,859.37,0.0
ORD004669,PROD0220,2,1249.15,0.0
ORD001844,PROD0043,2,950.69,0.0
ORD017636,PROD0170,5,1486.76,0.15
ORD009007,PROD0277,5,668.68,0.1
ORD015823,PROD0193,4,3394.61,0.05
ORD016205,PROD0159,2,2084.31,0.2
ORD016311,PROD0034,4,1106.13,0.2
ORD017492,PROD0283,1,1585.65,0.2
ORD015600,PROD0112,4,3157.32,0.05
ORD001298,PROD0164,1,1896.67,0.15
ORD000154,PROD0290,2,3732.41,0.0
ORD005509,PROD0043,4,950.69,0.15
ORD006829,PROD0132,1,1663.98,0.1
ORD008639,PROD0131,5,719.35,0.15
ORD005857,PROD0289,3,1376.41,0.0
ORD013783,PROD0264,5,409.67,0.05
ORD003716,PROD0124,2,7033.68,0.0
ORD005428,PROD0206,4,512.36,0.05
ORD000154,PROD0100,1,1535.02,0.0
ORD015483,PROD0166,2,655.43,0.0
ORD006606,PROD0191,4,425.27,0.2
ORD013821,PROD0142,2,536.55,0.2
ORD016482,PROD0228,3,1012.55,0.0
ORD011789,PROD0220,4,1249.15,0.2
ORD016293,PROD0174,2,1681.39,0.1
ORD004215,PROD0223,3,1507.47,0.1
ORD009570,PROD0257,2,994.46,0.15
ORD011616,PROD0176,5,890.34,0.1
ORD012300,PROD0158,5,1130.19,0.1
ORD004374,PROD0250,4,468.3,0.15
ORD007970,PROD0017,4,5213.81,0.1
ORD008888,PROD0077,5,372.07,0.15
ORD005394,PROD0250,5,468.3,0.0
ORD017474,PROD0166,5,655.43,0.2
ORD006034,PROD0048,5,2692.11,0.1
ORD007660,PROD0156,5,1302.29,0.0
ORD011205,PROD0012,3,2384.44,0.15
ORD017041,PROD0275,3,1740.08,0.1
ORD017357,PROD0198,3,1910.21,0.05
ORD006400,PROD0262,3,1081.48,0.1
ORD004970,PROD0210,5,539.67,0.2
ORD013403,PROD0128,1,414.27,0.1
ORD014814,PROD0048,1,2692.11,0.1
ORD005837,PROD0028,5,740.62,0.0
ORD017365,PROD0076,2,1911.33,0.1
ORD006548,PROD0159,4,2084.31,0.05
ORD014251,PROD0091,5,402.26,0.05
ORD001033,PROD0110,2,2045.64,0.2
ORD011007,PROD0177,2,1733.37,0.2
ORD003555,PROD0200,1,1906.63,0.15
ORD013720,PROD0011,3,569.66,0.05
ORD015492,PROD0263,4,754.46,0.05
ORD014161,PROD0252,5,1091.64,0.05
ORD016176,PROD0276,2,1150.97,0.15
ORD016745,PROD0147,4,1277.67,0.0
ORD015796,PROD0002,4,1122.65,0.0
ORD011238,PROD0027,4,5305.88,0.05
ORD002742,PROD0120,5,3592.34,0.0
ORD005876,PROD0009,1,419.4,0.1
ORD014524,PROD0090,1,1416.42,0.2
ORD001382,PROD0223,2,1507.47,0.1
ORD009269,PROD0177,5,1733.37,0.0
ORD017272,PROD0241,2,215.23,0.15
ORD006772,PROD0012,5,2384.44,0.05
ORD014210,PROD0043,4,950.69,0.1
ORD016688,PROD0009,4,419.4,0.05
ORD007219,PROD0274,1,356.93,0.0
ORD008878,PROD0281,1,5213.75,0.05
ORD012243,PROD0235,5,1069.09,0.05
ORD008302,PROD0113,4,495.12,0.15
ORD001117,PROD0252,2,1091.64,0.0
ORD008956,PROD0108,3,1195.6,0.2
ORD017684,PROD0246,2,484.36,0.0
ORD000123,PROD0189,4,260.5,0.05
ORD000464,PROD0270,3,546.81,0.1
ORD000684,PROD0086,1,1292.77,0.0
ORD017953,PROD0017,5,5213.81,0.0
ORD006071,PROD0268,1,1593.82,0.0
ORD013414,PROD0142,3,536.55,0.1
ORD002459,PROD0010,3,1326.68,0.0
ORD006757,PROD0043,1,950.69,0.05
ORD017773,PROD0237,2,1008.9,0.05
ORD007221,PROD0206,3,512.36,0.15
ORD015108,PROD0086,5,1292.77,0.0
ORD003858,PROD0128,3,414.27,0.1
ORD004315,PROD0237,4,1008.9,0.1
ORD006068,PROD0256,2,895.23,0.15
ORD015193,PROD0264,4,409.67,0.1
ORD004491,PROD0102,5,1726.73,0.2
ORD005802,PROD0245,3,258.37,0.0
ORD014480,PROD0164,2,1896.67,0.0
ORD015462,PROD0290,2,3732.41,0.1
ORD001769,PROD0261,5,1950.36,0.1
ORD016821,PROD0077,1,372.07,0.15
ORD017440,PROD0154,4,611.42,0.0
ORD011657,PROD0046,1,423.5,0.1
ORD014488,PROD0042,2,5997.9,0.0
ORD004698,PROD0162,3,377.71,0.05
ORD015617,PROD0235,1,1069.09,0.0
ORD010718,PROD0095,1,853.11,0.15
ORD004809,PROD0294,3,608.79,0.05
ORD012810,PROD0150,1,1469.35,0.0
ORD000404,PROD0055,4,1758.65,0.0
ORD008426,PROD0074,2,701.79,0.0
ORD006988,PROD0111,2,843.13,0.1
ORD001353,PROD0140,2,4498.4,0.0
ORD012214,PROD0210,5,539.67,0.15
ORD017452,PROD0101,4,3596.1,0.0
ORD017087,PROD0091,3,402.26,0.1
ORD006829,PROD0300,1,2550.36,0.05
ORD005356,PROD0194,3,2044.13,0.05
ORD012353,PROD0193,1,3394.61,0.05
ORD012472,PROD0042,5,5997.9,0.0
ORD016353,PROD0045,3,1204.82,0.1
ORD015552,PROD0143,1,2026.75,0.15
ORD008035,PROD0268,1,1593.82,0.2
ORD004493,PROD0088,5,255.81,0.1
ORD000412,PROD0225,2,670.12,0.0
ORD003253,PROD0184,4,734.18,0.1
ORD007591,PROD0036,2,2265.4,0.05
ORD014475,PROD0095,1,853.11,0.1
ORD015331,PROD0084,5,787.16,0.0
ORD009217,PROD0091,5,402.26,0.1
ORD011888,PROD0085,4,2361.96,0.1
ORD000655,PROD0165,3,1341.44,0.0
ORD015208,PROD0052,1,1103.19,0.1
ORD006175,PROD0171,1,619.82,0.05
ORD012670,PROD0071,3,1519.69,0.05
ORD008826,PROD0054,1,1149.11,0.05
ORD003103,PROD0290,2,3732.41,0.1
ORD015945,PROD0133,2,737.29,0.0
ORD010675,PROD0234,1,1884.98,0.05
ORD006058,PROD0198,3,1910.21,0.05
ORD006177,PROD0255,3,2724.93,0.0
ORD017922,PROD0103,2,814.61,0.05
ORD012761,PROD0276,4,1150.97,0.1
ORD001920,PROD0001,1,2228.63,0.2
ORD007103,PROD0034,3,1106.13,0.05
ORD015456,PROD0173,4,1893.36,0.1
ORD006087,PROD0117,1,1622.14,0.05
ORD006432,PROD0011,2,569.66,0.05
ORD005496,PROD0085,5,2361.96,0.0
ORD013331,PROD0153,4,192.77,0.1
ORD004806,PROD0292,4,526.18,0.05
ORD003302,PROD0134,2,938.67,0.1
ORD006944,PROD0284,4,1551.66,0.05
ORD003160,PROD0216,2,2535.43,0.1
ORD011272,PROD0058,4,5552.05,0.15
ORD000729,PROD0104,5,917.71,0.0
ORD016573,PROD0033,3,726.59,0.2
ORD016387,PROD0153,5,192.77,0.0
ORD004282,PROD0102,2,1726.73,0.05
ORD014949,PROD0148,1,2479.32,0.2
ORD015614,PROD0181,4,218.55,0.05
ORD009382,PROD0197,2,774.0,0.05
ORD001722,PROD0032,3,1792.53,0.1
ORD006683,PROD0298,3,392.05,0.05
ORD014228,PROD0091,3,402.26,0.05
ORD004419,PROD0244,4,1140.3,0.05
ORD010247,PROD0085,3,2361.96,0.1
ORD005869,PROD0065,5,298.49,0.15
ORD014843,PROD0080,1,1973.58,0.0
ORD001739,PROD0142,4,536.55,0.05
ORD009532,PROD0062,1,1731.8,0.0
ORD010223,PROD0074,5,701.79,0.2
ORD009826,PROD0092,1,2466.2,0.15
ORD008385,PROD0211,4,1092.8,0.1
ORD003182,PROD0246,5,484.36,0.1
ORD002991,PROD0082,5,835.72,0.0
ORD010353,PROD0187,3,2575.23,0.15
ORD013144,PROD0017,5,5213.81,0.0
ORD002867,PROD0085,3,2361.96,0.2
ORD005974,PROD0092,4,2466.2,0.1
ORD004163,PROD0144,4,1097.89,0.15
ORD007515,PROD0282,5,1059.41,0.0
ORD003040,PROD0083,3,1558.0,0.1
ORD017550,PROD0257,5,994.46,0.1
ORD013154,PROD0160,2,2652.37,0.0
ORD009249,PROD0082,4,835.72,0.0
ORD004301,PROD0228,3,1012.55,0.15
ORD001402,PROD0263,4,754.46,0.0
ORD008897,PROD0108,1,1195.6,0.0
ORD008057,PROD0141,2,526.7,0.1
ORD010218,PROD0014,5,596.75,0.1
ORD013153,PROD0065,1,298.49,0.05
ORD005440,PROD0276,1,1150.97,0.0
ORD016310,PROD0211,2,1092.8,0.2
ORD014231,PROD0087,2,2381.84,0.1
ORD002966,PROD0135,1,1098.25,0.0
ORD015848,PROD0151,3,938.09,0.1
ORD016860,PROD0089,5,390.25,0.15
ORD000406,PROD0113,3,495.12,0.05
ORD001174,PROD0295,3,450.65,0.05
ORD003935,PROD0263,3,754.46,0.1
ORD012373,PROD0097,1,2244.75,0.0
ORD015886,PROD0076,3,1911.33,0.15
ORD010781,PROD0018,3,1106.42,0.0
ORD001283,PROD0097,1,2244.75,0.0
ORD006704,PROD0111,1,843.13,0.0
ORD014206,PROD0235,5,1069.09,0.0
ORD008800,PROD0045,4,1204.82,0.15
ORD008475,PROD0004,4,1005.11,0.15
ORD011978,PROD0104,2,917.71,0.05
ORD017473,PROD0238,5,1179.28,0.0
ORD016205,PROD0291,5,859.37,0.05
ORD013599,PROD0234,2,1884.98,0.0
ORD003596,PROD0181,4,218.55,0.2
ORD008055,PROD0023,5,529.99,0.15
ORD003830,PROD0057,1,1480.61,0.1
ORD008602,PROD0099,4,550.57,0.2
ORD010003,PROD0100,1,1535.02,0.15
ORD011420,PROD0040,5,5448.94,0.05
ORD013610,PROD0066,1,705.54,0.0
ORD014192,PROD0076,2,1911.33,0.15
ORD009241,PROD0285,4,1253.77,0.0
ORD001407,PROD0246,5,484.36,0.0
ORD009464,PROD0275,2,1740.08,0.0
ORD013883,PROD0249,2,4012.64,0.0
ORD003718,PROD0110,5,2045.64,0.05
ORD006719,PROD0154,1,611.42,0.15
ORD001521,PROD0059,2,3884.69,0.05
ORD008415,PROD0014,4,596.75,0.0
ORD005515,PROD0193,2,3394.61,0.05
ORD002990,PROD0211,2,1092.8,0.05
ORD003986,PROD0036,1,2265.4,0.0
ORD016929,PROD0244,4,1140.3,0.0
ORD004642,PROD0249,4,4012.64,0.05
ORD007098,PROD0299,4,3528.34,0.1
ORD008156,PROD0196,4,624.67,0.15
ORD003760,PROD0088,2,255.81,0.05
ORD006163,PROD0101,4,3596.1,0.05
ORD007848,PROD0288,5,1099.87,0.05
ORD013749,PROD0180,3,374.36,0.15
ORD008107,PROD0278,3,1418.31,0.2
ORD006909,PROD0209,5,4636.93,0.2
ORD008085,PROD0166,2,655.43,0.15
ORD012620,PROD0078,5,1498.55,0.05
ORD013938,PROD0245,1,258.37,0.05
ORD014054,PROD0215,2,496.9,0.15
ORD000584,PROD0085,1,2361.96,0.1
ORD008377,PROD0155,3,383.07,0.1
ORD007062,PROD0262,4,1081.48,0.2
ORD006747,PROD0012,1,2384.44,0.0
ORD011728,PROD0074,3,701.79,0.05
ORD007401,PROD0190,1,1494.94,0.2
ORD002893,PROD0012,2,2384.44,0.0
ORD014817,PROD0101,2,3596.1,0.0
ORD001672,PROD0267,4,1411.95,0.05
ORD004473,PROD0204,2,1064.24,0.0
ORD016799,PROD0177,2,1733.37,0.0
ORD011941,PROD0252,1,1091.64,0.0
ORD008163,PROD0114,3,983.9,0.1
ORD003901,PROD0253,1,3782.92,0.15
ORD015232,PROD0131,1,719.35,0.05
ORD000555,PROD0233,4,865.79,0.1
ORD000229,PROD0187,1,2575.23,0.2
ORD002535,PROD0260,2,2453.91,0.0
ORD016109,PROD0151,2,938.09,0.0
ORD007886,PROD0184,2,734.18,0.05
ORD016665,PROD0193,3,3394.61,0.0
ORD017987,PROD0009,4,419.4,0.0
ORD011851,PROD0146,2,2912.21,0.1
ORD012977,PROD0147,4,1277.67,0.1
ORD013398,PROD0104,5,917.71,0.0
ORD013488,PROD0214,2,285.7,0.0
ORD007091,PROD0120,2,3592.34,0.05
ORD007765,PROD0240,1,1736.87,0.0
ORD016563,PROD0244,5,1140.3,0.1
ORD015413,PROD0100,2,1535.02,0.0
ORD014014,PROD0098,5,1788.67,0.15
ORD017115,PROD0245,4,258.37,0.1
ORD010804,PROD0203,4,1208.94,0.15
ORD004033,PROD0199,2,919.06,0.2
ORD005730,PROD0182,1,1491.37,0.15
ORD009351,PROD0277,3,668.68,0.15
ORD000477,PROD0039,1,748.33,0.05
ORD013249,PROD0203,3,1208.94,0.0
ORD013923,PROD0003,2,2931.9,0.1
ORD002824,PROD0047,2,743.87,0.1
ORD000158,PROD0082,2,835.72,0.05
ORD016195,PROD0071,2,1519.69,0.1
ORD000900,PROD0158,2,1130.19,0.05
ORD013440,PROD0243,1,4498.92,0.1
ORD006796,PROD0169,4,2484.01,0.15
ORD016393,PROD0066,1,705.54,0.05
ORD008824,PROD0021,4,2017.39,0.05
ORD006271,PROD0158,2,1130.19,0.1
ORD003335,PROD0138,5,2041.26,0.1
ORD004128,PROD0025,3,585.99,0.2
ORD006587,PROD0232,3,480.05,0.0
ORD007361,PROD0102,1,1726.73,0.15
ORD003165,PROD0298,4,392.05,0.2
ORD006377,PROD0019,4,2132.91,0.05
ORD002891,PROD0205,4,315.35,0.05
ORD006390,PROD0245,4,258.37,0.2
ORD003143,PROD0116,2,435.35,0.0
ORD006320,PROD0165,5,1341.44,0.05
ORD002617,PROD0153,3,192.77,0.0
ORD005402,PROD0069,3,6450.78,0.1
ORD015015,PROD0260,1,2453.91,0.1
ORD002041,PROD0018,5,1106.42,0.0
ORD004517,PROD0238,5,1179.28,0.0
ORD016821,PROD0228,1,1012.55,0.2
ORD016840,PROD0076,5,1911.33,0.15
ORD001880,PROD0145,1,2107.82,0.1
ORD014886,PROD0239,4,3878.85,0.0
ORD006253,PROD0213,1,475.42,0.0
ORD011172,PROD0015,5,768.6,0.05
ORD003625,PROD0273,5,1884.45,0.05
ORD008946,PROD0145,4,2107.82,0.1
ORD006626,PROD0206,3,512.36,0.05
ORD010712,PROD0157,3,1342.68,0.15
ORD006929,PROD0289,5,1376.41,0.1
ORD014157,PROD0192,2,2094.72,0.0
ORD012468,PROD0035,3,914.62,0.15
ORD001754,PROD0079,3,1557.75,0.0
ORD002430,PROD0209,2,4636.93,0.05
ORD011723,PROD0140,5,4498.4,0.05
ORD016997,PROD0177,3,1733.37,0.15
ORD017505,PROD0079,4,1557.75,0.05
ORD001934,PROD0186,2,324.33,0.05
ORD002220,PROD0173,4,1893.36,0.1
ORD000747,PROD0099,2,550.57,0.2
ORD004480,PROD0034,3,1106.13,0.2
ORD014152,PROD0194,1,2044.13,0.0
ORD009192,PROD0154,5,611.42,0.05
ORD003056,PROD0129,5,2715.49,0.0
ORD013027,PROD0261,3,1950.36,0.2
ORD004319,PROD0130,1,1402.05,0.05
ORD017908,PROD0154,2,611.42,0.05
ORD009463,PROD0266,2,1066.97,0.0
ORD009966,PROD0080,4,1973.58,0.1
ORD003567,PROD0187,5,2575.23,0.05
ORD017598,PROD0186,4,324.33,0.15
ORD002697,PROD0061,1,1808.63,0.0
ORD002801,PROD0261,3,1950.36,0.1
ORD015018,PROD0122,2,768.92,0.05
ORD008963,PROD0210,2,539.67,0.0
ORD000151,PROD0171,1,619.82,0.05
ORD004677,PROD0103,2,814.61,0.05
ORD008208,PROD0221,3,861.75,0.05
ORD000196,PROD0201,1,1107.62,0.0
ORD008806,PROD0271,5,1034.8,0.05
ORD005858,PROD0297,4,359.44,0.1
ORD013820,PROD0291,5,859.37,0.0
ORD016299,PROD0271,2,1034.8,0.0
ORD009487,PROD0082,4,835.72,0.05
ORD000608,PROD0036,2,2265.4,0.05
ORD013264,PROD0276,5,1150.97,0.1
ORD003977,PROD0149,5,231.51,0.0
ORD015568,PROD0259,1,272.42,0.05
ORD002519,PROD0280,2,239.29,0.1
ORD017007,PROD0016,4,2382.58,0.1
ORD012972,PROD0229,1,251.37,0.0
ORD000004,PROD0164,1,1896.67,0.1
ORD006831,PROD0193,5,3394.61,0.05
ORD011736,PROD0252,3,1091.64,0.1
ORD017469,PROD0088,2,255.81,0.05
ORD003267,PROD0231,5,1734.21,0.1
ORD009134,PROD0049,2,474.29,0.0
ORD012764,PROD0114,3,983.9,0.05
ORD014779,PROD0078,5,1498.55,0.05
ORD006761,PROD0063,3,453.52,0.1
ORD008194,PROD0058,3,5552.05,0.05
ORD006467,PROD0170,5,1486.76,0.0
ORD003215,PROD0229,5,251.37,0.1
ORD009155,PROD0131,3,719.35,0.1
ORD006066,PROD0251,2,1056.88,0.15
ORD015386,PROD0172,4,3513.98,0.0
ORD010286,PROD0029,5,1224.14,0.0
ORD002071,PROD0277,1,668.68,0.05
ORD007311,PROD0021,3,2017.39,0.1
ORD005693,PROD0152,4,3664.43,0.1
ORD003344,PROD0140,4,4498.4,0.1
ORD002057,PROD0048,4,2692.11,0.0
ORD006128,PROD0211,3,1092.8,0.1
ORD012429,PROD0295,4,450.65,0.1
ORD007744,PROD0019,4,2132.91,0.1
ORD009797,PROD0177,5,1733.37,0.15
ORD015465,PROD0005,4,5350.44,0.1
ORD011809,PROD0203,4,1208.94,0.05
ORD002750,PROD0089,2,390.25,0.15
ORD004814,PROD0248,2,581.51,0.1
ORD016557,PROD0079,5,1557.75,0.05
ORD007069,PROD0243,3,4498.92,0.05
ORD001927,PROD0238,4,1179.28,0.0
ORD010621,PROD0235,5,1069.09,0.0
ORD003086,PROD0115,1,1198.13,0.05
ORD007529,PROD0129,1,2715.49,0.15
ORD009397,PROD0117,5,1622.14,0.0
ORD005713,PROD0098,2,1788.67,0.0
ORD007014,PROD0290,3,3732.41,0.05
ORD010050,PROD0119,1,1545.4,0.15
ORD014899,PROD0223,2,1507.47,0.15
ORD016301,PROD0053,2,499.98,0.1
ORD008938,PROD0125,1,1338.46,0.15
ORD013930,PROD0183,4,606.73,0.05
ORD011162,PROD0070,5,2065.33,0.0
ORD003687,PROD0021,1,2017.39,0.0
ORD014307,PROD0118,3,437.61,0.0
ORD001303,PROD0285,2,1253.77,0.0
ORD005499,PROD0227,5,663.99,0.0
ORD015841,PROD0025,2,585.99,0.0
ORD011967,PROD0098,1,1788.67,0.0
ORD014701,PROD0109,1,315.2,0.15
ORD002249,PROD0136,1,4655.74,0.1
ORD015455,PROD0244,3,1140.3,0.05
ORD002969,PROD0064,5,706.46,0.0
ORD014293,PROD0161,1,1467.22,0.15
ORD015690,PROD0212,2,936.47,0.0
ORD004369,PROD0145,3,2107.82,0.05
ORD001323,PROD0144,3,1097.89,0.1
ORD012818,PROD0197,4,774.0,0.05
ORD007372,PROD0142,1,536.55,0.0
ORD012288,PROD0241,3,215.23,0.05
ORD001016,PROD0034,3,1106.13,0.1
ORD009358,PROD0203,5,1208.94,0.05
ORD008740,PROD0290,5,3732.41,0.05
ORD014291,PROD0208,1,1605.39,0.15
ORD004974,PROD0168,2,1759.17,0.1
ORD000711,PROD0099,2,550.57,0.2
ORD000599,PROD0152,3,3664.43,0.15
ORD012460,PROD0018,2,1106.42,0.15
ORD009403,PROD0194,4,2044.13,0.2
ORD009413,PROD0226,4,322.28,0.0
ORD003837,PROD0001,5,2228.63,0.15
ORD009071,PROD0246,4,484.36,0.0
ORD008037,PROD0258,3,814.14,0.15
ORD006726,PROD0261,1,1950.36,0.15
ORD016830,PROD0090,1,1416.42,0.15
ORD012887,PROD0294,4,608.79,0.15
ORD003786,PROD0263,5,754.46,0.05
ORD005859,PROD0099,3,550.57,0.15
ORD016153,PROD0092,5,2466.2,0.05
ORD016529,PROD0142,2,536.55,0.0
ORD016729,PROD0234,4,1884.98,0.05
ORD015308,PROD0057,1,1480.61,0.0
ORD007283,PROD0158,2,1130.19,0.1
ORD000769,PROD0167,5,2511.68,0.0
ORD008538,PROD0022,2,174.42,0.2
ORD010726,PROD0289,4,1376.41,0.1
ORD011514,PROD0128,3,414.27,0.0
ORD003628,PROD0158,5,1130.19,0.15
ORD014260,PROD0044,1,2277.54,0.1
ORD010339,PROD0088,4,255.81,0.05
ORD000685,PROD0215,5,496.9,0.0
ORD007936,PROD0264,2,409.67,0.1
ORD008055,PROD0129,2,2715.49,0.05
ORD001087,PROD0051,1,257.94,0.0
ORD012418,PROD0112,1,3157.32,0.1
ORD004547,PROD0197,1,774.0,0.0
ORD008861,PROD0077,3,372.07,0.0
ORD012190,PROD0056,1,1815.37,0.1
ORD004518,PROD0160,1,2652.37,0.0
ORD011481,PROD0089,1,390.25,0.0
ORD014528,PROD0179,1,608.27,0.1
ORD003056,PROD0061,2,1808.63,0.2
ORD010381,PROD0299,5,3528.34,0.05
ORD007477,PROD0180,1,374.36,0.0
ORD015020,PROD0238,3,1179.28,0.05
ORD009876,PROD0244,2,1140.3,0.05
ORD005481,PROD0134,2,938.67,0.05
ORD009339,PROD0204,3,1064.24,0.2
ORD013275,PROD0282,4,1059.41,0.05
ORD017690,PROD0060,5,511.57,0.0
ORD000867,PROD0086,5,1292.77,0.15
ORD016719,PROD0272,1,834.67,0.1
ORD006636,PROD0181,1,218.55,0.1
ORD005931,PROD0206,1,512.36,0.05
ORD016913,PROD0147,2,1277.67,0.05
ORD004716,PROD0215,1,496.9,0.2
ORD015601,PROD0281,2,5213.75,0.15
ORD010611,PROD0276,3,1150.97,0.0
ORD013071,PROD0010,2,1326.68,0.05
ORD004076,PROD0149,2,231.51,0.1
ORD008338,PROD0135,5,1098.25,0.0
ORD016319,PROD0078,3,1498.55,0.1
ORD003612,PROD0189,4,260.5,0.1
ORD003057,PROD0073,1,3798.83,0.05
ORD003905,PROD0033,3,726.59,0.0
ORD009294,PROD0001,4,2228.63,0.0
ORD012807,PROD0054,2,1149.11,0.05
ORD013168,PROD0208,4,1605.39,0.1
ORD009839,PROD0228,5,1012.55,0.1
ORD010898,PROD0171,2,619.82,0.1
ORD017284,PROD0075,5,993.75,0.05
ORD007826,PROD0197,3,774.0,0.0
ORD017936,PROD0154,5,611.42,0.0
ORD000823,PROD0254,4,1021.7,0.15
ORD016817,PROD0016,2,2382.58,0.1
ORD012028,PROD0123,2,2787.07,0.1
ORD006922,PROD0298,2,392.05,0.05
ORD008332,PROD0214,4,285.7,0.0
ORD005439,PROD0184,4,734.18,0.1
ORD016675,PROD0128,5,414.27,0.15
ORD011035,PROD0126,2,648.87,0.1
ORD000574,PROD0274,5,356.93,0.2
ORD007299,PROD0209,2,4636.93,0.1
ORD005403,PROD0247,2,1013.19,0.05
ORD003651,PROD0227,3,663.99,0.2
ORD003809,PROD0147,3,1277.67,0.0
ORD003281,PROD0142,2,536.55,0.05
ORD003807,PROD0039,3,748.33,0.2
ORD004512,PROD0273,1,1884.45,0.1
ORD017297,PROD0068,2,2579.6,0.0
ORD016382,PROD0182,2,1491.37,0.0
ORD005770,PROD0235,5,1069.09,0.15
ORD001992,PROD0051,1,257.94,0.05
ORD017020,PROD0192,1,2094.72,0.05
ORD011550,PROD0182,1,1491.37,0.2
ORD009036,PROD0156,2,1302.29,0.0
ORD006506,PROD0159,1,2084.31,0.05
ORD004189,PROD0214,4,285.7,0.15
ORD005930,PROD0056,3,1815.37,0.2
ORD004068,PROD0009,1,419.4,0.05
ORD006545,PROD0250,1,468.3,0.15
ORD011407,PROD0184,3,734.18,0.0
ORD001162,PROD0147,5,1277.67,0.0
ORD016767,PROD0213,4,475.42,0.0
ORD010888,PROD0065,5,298.49,0.05
ORD013223,PROD0134,3,938.67,0.05
ORD016747,PROD0300,5,2550.36,0.05
ORD005276,PROD0023,3,529.99,0.15
ORD014928,PROD0191,2,425.27,0.1
ORD013093,PROD0241,5,215.23,0.1
ORD006793,PROD0296,2,605.83,0.05
ORD017515,PROD0017,4,5213.81,0.05
ORD004402,PROD0254,2,1021.7,0.1
ORD002978,PROD0167,5,2511.68,0.15
ORD001175,PROD0078,3,1498.55,0.15
ORD017701,PROD0130,3,1402.05,0.05
ORD007066,PROD0045,1,1204.82,0.05
ORD011013,PROD0077,4,372.07,0.15
ORD016168,PROD0190,4,1494.94,0.1
ORD010243,PROD0269,5,528.68,0.1
ORD012161,PROD0283,5,1585.65,0.1
ORD011686,PROD0286,2,722.33,0.05
ORD004104,PROD0159,3,2084.31,0.1
ORD008767,PROD0024,3,3557.69,0.15
ORD011150,PROD0239,3,3878.85,0.05
ORD002218,PROD0179,3,608.27,0.1
ORD003649,PROD0110,2,2045.64,0.2
ORD007341,PROD0162,2,377.71,0.05
ORD015408,PROD0019,1,2132.91,0.05
ORD016215,PROD0273,1,1884.45,0.1
ORD012003,PROD0011,1,569.66,0.05
ORD016683,PROD0118,4,437.61,0.05
ORD005896,PROD0146,2,2912.21,0.15
ORD003976,PROD0011,1,569.66,0.05
ORD010141,PROD0177,2,1733.37,0.1
ORD002882,PROD0234,5,1884.98,0.2
ORD014276,PROD0055,1,1758.65,0.1
ORD003242,PROD0050,3,138.33,0.15
ORD004278,PROD0187,4,2575.23,0.05
ORD002662,PROD0015,3,768.6,0.15
ORD002038,PROD0121,5,1762.91,0.1
ORD007826,PROD0192,1,2094.72,0.05
ORD007360,PROD0227,3,663.99,0.0
ORD016533,PROD0174,2,1681.39,0.05
ORD004324,PROD0103,2,814.61,0.0
ORD015311,PROD0299,2,3528.34,0.05
ORD007753,PROD0063,4,453.52,0.0
ORD007999,PROD0220,3,1249.15,0.1
ORD013381,PROD0216,3,2535.43,0.0
ORD016443,PROD0134,3,938.67,0.05
ORD008128,PROD0030,2,1536.54,0.0
ORD009194,PROD0197,1,774.0,0.05
ORD002548,PROD0267,2,1411.95,0.0
ORD008030,PROD0188,5,5555.06,0.05
ORD007794,PROD0145,1,2107.82,0.0
ORD016690,PROD0183,3,606.73,0.05
ORD009736,PROD0136,1,4655.74,0.05
ORD003187,PROD0115,2,1198.13,0.0
ORD008851,PROD0219,1,1088.5,0.05
ORD014342,PROD0130,5,1402.05,0.05
ORD009740,PROD0231,1,1734.21,0.05
ORD016759,PROD0223,3,1507.47,0.05
ORD017589,PROD0022,5,174.42,0.15
ORD014422,PROD0139,3,624.58,0.15
ORD004493,PROD0016,2,2382.58,0.0
ORD017361,PROD0246,1,484.36,0.1
ORD010873,PROD0118,3,437.61,0.0
ORD002622,PROD0163,1,703.11,0.2
ORD006253,PROD0204,5,1064.24,0.05
ORD002833,PROD0136,1,4655.74,0.1
ORD007726,PROD0005,4,5350.44,0.0
ORD006313,PROD0144,3,1097.89,0.0
ORD004305,PROD0071,4,1519.69,0.0
ORD013083,PROD0185,1,592.37,0.1
ORD004920,PROD0167,4,2511.68,0.0
ORD009670,PROD0096,5,830.36,0.05
ORD016841,PROD0111,3,843.13,0.05
ORD016554,PROD0231,1,1734.21,0.15
ORD005487,PROD0161,4,1467.22,0.1
ORD014816,PROD0222,3,803.44,0.05
ORD002520,PROD0119,3,1545.4,0.1
ORD017098,PROD0080,1,1973.58,0.05
ORD013367,PROD0217,1,748.27,0.05
ORD011931,PROD0217,3,748.27,0.1
ORD000724,PROD0168,3,1759.17,0.1
ORD014798,PROD0061,2,1808.63,0.05
ORD013037,PROD0191,5,425.27,0.05
ORD011731,PROD0067,3,1836.4,0.1
ORD007899,PROD0228,2,1012.55,0.05
ORD008352,PROD0250,1,468.3,0.05
ORD006531,PROD0046,2,423.5,0.0
ORD014423,PROD0201,5,1107.62,0.05
ORD017639,PROD0082,1,835.72,0.05
ORD006043,PROD0176,5,890.34,0.1
ORD003805,PROD0119,1,1545.4,0.05
ORD015221,PROD0012,5,2384.44,0.0
ORD009506,PROD0016,5,2382.58,0.2
ORD008730,PROD0160,2,2652.37,0.1
ORD012626,PROD0276,1,1150.97,0.1
ORD001953,PROD0099,3,550.57,0.2
ORD004604,PROD0212,1,936.47,0.05
ORD002915,PROD0286,4,722.33,0.0
ORD015955,PROD0188,5,5555.06,0.0
ORD009318,PROD0040,5,5448.94,0.1
ORD014386,PROD0237,5,1008.9,0.15
ORD011894,PROD0229,1,251.37,0.15
ORD002236,PROD0161,4,1467.22,0.1
ORD016037,PROD0026,4,926.18,0.05
ORD015392,PROD0048,2,2692.11,0.15
ORD008216,PROD0062,4,1731.8,0.15
ORD006117,PROD0285,3,1253.77,0.1
ORD001556,PROD0219,5,1088.5,0.05
ORD017794,PROD0190,5,1494.94,0.2
ORD010416,PROD0090,2,1416.42,0.0
ORD010039,PROD0252,1,1091.64,0.2
ORD012744,PROD0026,4,926.18,0.1
ORD010740,PROD0116,3,435.35,0.1
ORD009046,PROD0018,3,1106.42,0.15
ORD014208,PROD0173,5,1893.36,0.05
ORD004761,PROD0237,5,1008.9,0.15
ORD015667,PROD0255,4,2724.93,0.05
ORD016007,PROD0005,2,5350.44,0.0
ORD016427,PROD0009,5,419.4,0.05
ORD016739,PROD0245,3,258.37,0.2
ORD001543,PROD0221,2,861.75,0.1
ORD014499,PROD0036,2,2265.4,0.1
ORD009394,PROD0227,2,663.99,0.1
ORD013224,PROD0098,3,1788.67,0.05
ORD011138,PROD0191,4,425.27,0.1
ORD008008,PROD0013,2,2230.9,0.1
ORD002513,PROD0275,5,1740.08,0.1
ORD010997,PROD0138,5,2041.26,0.1
ORD010765,PROD0203,3,1208.94,0.1
ORD013727,PROD0036,4,2265.4,0.05
ORD006693,PROD0260,1,2453.91,0.05
ORD005842,PROD0189,4,260.5,0.2
ORD004451,PROD0160,5,2652.37,0.1
ORD008190,PROD0074,5,701.79,0.1
ORD000370,PROD0235,3,1069.09,0.1
ORD014258,PROD0287,2,1180.58,0.2
ORD007995,PROD0184,4,734.18,0.1
ORD013288,PROD0235,5,1069.09,0.1
ORD009718,PROD0233,4,865.79,0.1
ORD016031,PROD0298,1,392.05,0.2
ORD003103,PROD0087,5,2381.84,0.05
ORD000045,PROD0075,5,993.75,0.05
ORD006595,PROD0013,4,2230.9,0.1
ORD000170,PROD0053,3,499.98,0.05
ORD015258,PROD0112,1,3157.32,0.0
ORD008870,PROD0182,5,1491.37,0.05
ORD014283,PROD0299,5,3528.34,0.15
ORD014494,PROD0280,5,239.29,0.15
ORD003336,PROD0225,5,670.12,0.0
ORD016862,PROD0147,2,1277.67,0.1
ORD006962,PROD0138,1,2041.26,0.0
ORD009700,PROD0059,1,3884.69,0.15
ORD000124,PROD0297,2,359.44,0.2
ORD003174,PROD0126,1,648.87,0.2
ORD000010,PROD0291,4,859.37,0.15
ORD008537,PROD0144,2,1097.89,0.05
ORD001288,PROD0290,2,3732.41,0.0
ORD013364,PROD0229,2,251.37,0.05
ORD015697,PROD0044,5,2277.54,0.1
ORD009595,PROD0249,1,4012.64,0.15
ORD014071,PROD0078,4,1498.55,0.2
ORD002405,PROD0134,2,938.67,0.1
ORD004236,PROD0277,3,668.68,0.1
ORD014473,PROD0082,4,835.72,0.2
ORD010688,PROD0125,3,1338.46,0.0
ORD011911,PROD0119,2,1545.4,0.0
ORD005402,PROD0256,3,895.23,0.15
ORD008214,PROD0153,2,192.77,0.05
ORD002108,PROD0116,5,435.35,0.1
ORD002031,PROD0095,4,853.11,0.1
ORD015950,PROD0051,2,257.94,0.2
ORD006014,PROD0247,4,1013.19,0.15
ORD011394,PROD0088,1,255.81,0.05
ORD013677,PROD0224,2,4037.97,0.0
ORD000387,PROD0223,5,1507.47,0.0
ORD009532,PROD0256,5,895.23,0.0
ORD007546,PROD0157,5,1342.68,0.0
ORD006343,PROD0180,1,374.36,0.05
ORD006779,PROD0226,2,322.28,0.0
ORD001733,PROD0117,3,1622.14,0.0
ORD013210,PROD0043,3,950.69,0.1
ORD008226,PROD0242,4,1251.99,0.15
ORD009315,PROD0284,5,1551.66,0.1
ORD016461,PROD0002,5,1122.65,0.15
ORD004807,PROD0214,3,285.7,0.2
ORD006502,PROD0144,1,1097.89,0.2
ORD016719,PROD0038,2,1310.24,0.0
ORD006720,PROD0044,3,2277.54,0.1
ORD015679,PROD0262,4,1081.48,0.15
ORD007215,PROD0273,2,1884.45,0.0
ORD009763,PROD0180,3,374.36,0.05
ORD016231,PROD0091,3,402.26,0.05
ORD007616,PROD0134,4,938.67,0.05
ORD001246,PROD0004,3,1005.11,0.2
ORD003122,PROD0215,3,496.9,0.1
ORD007880,PROD0164,4,1896.67,0.2
ORD017283,PROD0237,4,1008.9,0.15
ORD006302,PROD0059,5,3884.69,0.15
ORD017573,PROD0120,3,3592.34,0.0
ORD004234,PROD0178,5,1006.65,0.05
ORD008655,PROD0292,4,526.18,0.0
ORD006114,PROD0200,3,1906.63,0.05
ORD003547,PROD0191,3,425.27,0.2
ORD017109,PROD0093,2,2481.82,0.2
ORD006539,PROD0216,1,2535.43,0.1
ORD015927,PROD0034,3,1106.13,0.0
ORD006138,PROD0043,4,950.69,0.0
ORD004225,PROD0100,5,1535.02,0.0
ORD011244,PROD0124,2,7033.68,0.1
ORD017130,PROD0007,3,838.82,0.15
ORD010469,PROD0193,5,3394.61,0.05
ORD006528,PROD0101,2,3596.1,0.05
ORD006206,PROD0108,4,1195.6,0.1
ORD000499,PROD0146,1,2912.21,0.0
ORD003152,PROD0228,4,1012.55,0.1
ORD016114,PROD0192,4,2094.72,0.05
ORD001124,PROD0091,1,402.26,0.0
ORD005383,PROD0028,1,740.62,0.2
ORD006785,PROD0079,3,1557.75,0.0
ORD007110,PROD0129,3,2715.49,0.2
ORD000127,PROD0180,1,374.36,0.05
ORD010603,PROD0196,1,624.67,0.0
ORD001377,PROD0299,3,3528.34,0.1
ORD012051,PROD0020,1,2005.81,0.1
ORD004742,PROD0265,3,709.86,0.15
ORD001634,PROD0169,4,2484.01,0.0
ORD007969,PROD0277,5,668.68,0.2
ORD012677,PROD0104,1,917.71,0.05
ORD011489,PROD0172,4,3513.98,0.1
ORD009478,PROD0164,3,1896.67,0.1
ORD013867,PROD0018,3,1106.42,0.2
ORD016500,PROD0300,1,2550.36,0.0
ORD002372,PROD0265,1,709.86,0.1
ORD004580,PROD0239,5,3878.85,0.0
ORD011101,PROD0265,4,709.86,0.2
ORD010841,PROD0076,4,1911.33,0.0
ORD012807,PROD0124,4,7033.68,0.1
ORD013885,PROD0229,2,251.37,0.0
ORD009989,PROD0186,5,324.33,0.0
ORD004746,PROD0077,5,372.07,0.05
ORD008794,PROD0036,3,2265.4,0.15
ORD008255,PROD0218,1,852.15,0.05
ORD012607,PROD0050,3,138.33,0.2
ORD014699,PROD0251,3,1056.88,0.1
ORD011401,PROD0151,3,938.09,0.15
ORD001726,PROD0139,5,624.58,0.1
ORD015234,PROD0040,4,5448.94,0.1
ORD004757,PROD0007,5,838.82,0.05
ORD006579,PROD0128,3,414.27,0.1
ORD005836,PROD0228,5,1012.55,0.2
ORD014900,PROD0180,5,374.36,0.05
ORD016723,PROD0176,5,890.34,0.05
ORD017306,PROD0051,2,257.94,0.05
ORD015456,PROD0211,5,1092.8,0.1
ORD014108,PROD0135,2,1098.25,0.0
ORD017136,PROD0202,4,1039.91,0.15
ORD016954,PROD0021,2,2017.39,0.0
ORD017124,PROD0023,2,529.99,0.1
ORD013484,PROD0015,4,768.6,0.0
ORD003049,PROD0185,3,592.37,0.05
ORD013112,PROD0173,3,1893.36,0.0
ORD015406,PROD0184,1,734.18,0.1
ORD005192,PROD0285,3,1253.77,0.1
ORD009618,PROD0016,4,2382.58,0.05
ORD011148,PROD0188,3,5555.06,0.15
ORD017286,PROD0149,1,231.51,0.2
ORD005418,PROD0142,5,536.55,0.1
ORD001491,PROD0036,2,2265.4,0.0
ORD007208,PROD0242,1,1251.99,0.1
ORD006805,PROD0235,2,1069.09,0.2
ORD004372,PROD0006,3,997.09,0.2
ORD016792,PROD0039,1,748.33,0.0
ORD004576,PROD0159,3,2084.31,0.05
ORD006956,PROD0062,2,1731.8,0.05
ORD001743,PROD0065,1,298.49,0.05
ORD014919,PROD0134,1,938.67,0.05
ORD013209,PROD0181,5,218.55,0.1
ORD013556,PROD0226,2,322.28,0.0
ORD004476,PROD0208,5,1605.39,0.05
ORD016631,PROD0218,3,852.15,0.1
ORD010737,PROD0013,1,2230.9,0.0
ORD011281,PROD0164,2,1896.67,0.1
ORD015133,PROD0266,3,1066.97,0.1
ORD004462,PROD0010,1,1326.68,0.0
ORD014551,PROD0174,4,1681.39,0.15
ORD005052,PROD0027,1,5305.88,0.1
ORD006964,PROD0052,2,1103.19,0.0
ORD007354,PROD0271,5,1034.8,0.05
ORD010791,PROD0291,5,859.37,0.2
ORD011196,PROD0090,2,1416.42,0.2
ORD000669,PROD0219,4,1088.5,0.2
ORD016540,PROD0196,4,624.67,0.15
ORD007926,PROD0140,3,4498.4,0.05
ORD017017,PROD0234,3,1884.98,0.15
ORD011804,PROD0297,1,359.44,0.1
ORD017682,PROD0151,3,938.09,0.15
ORD013264,PROD0042,4,5997.9,0.15
ORD005295,PROD0222,4,803.44,0.15
ORD008417,PROD0225,5,670.12,0.0
ORD013238,PROD0068,3,2579.6,0.1
ORD001664,PROD0247,2,1013.19,0.1
ORD013737,PROD0198,2,1910.21,0.0
ORD015068,PROD0017,4,5213.81,0.1
ORD013300,PROD0225,4,670.12,0.2
ORD005194,PROD0101,5,3596.1,0.05
ORD007681,PROD0147,2,1277.67,0.15
ORD016596,PROD0120,5,3592.34,0.05
ORD003181,PROD0047,5,743.87,0.1
ORD001642,PROD0030,3,1536.54,0.1
ORD007044,PROD0105,1,813.74,0.1
ORD014352,PROD0166,3,655.43,0.1
ORD015623,PROD0288,4,1099.87,0.1
ORD005874,PROD0112,3,3157.32,0.1
ORD009898,PROD0178,2,1006.65,0.15
ORD002430,PROD0021,1,2017.39,0.05
ORD006469,PROD0274,4,356.93,0.0
ORD012350,PROD0051,1,257.94,0.0
ORD001526,PROD0141,5,526.7,0.0
ORD003401,PROD0252,2,1091.64,0.05
ORD017235,PROD0204,5,1064.24,0.1
ORD011776,PROD0090,3,1416.42,0.15
ORD015063,PROD0164,2,1896.67,0.1
ORD010313,PROD0062,4,1731.8,0.0
ORD002747,PROD0253,4,3782.92,0.2
ORD012221,PROD0058,3,5552.05,0.15
ORD001514,PROD0001,3,2228.63,0.1
ORD015741,PROD0238,4,1179.28,0.1
ORD005960,PROD0209,4,4636.93,0.0
ORD016866,PROD0086,5,1292.77,0.15
ORD012037,PROD0184,1,734.18,0.15
ORD006018,PROD0157,5,1342.68,0.0
ORD006016,PROD0246,3,484.36,0.05
ORD005761,PROD0239,3,3878.85,0.0
ORD007204,PROD0189,4,260.5,0.0
ORD013240,PROD0236,4,1243.22,0.0
ORD007911,PROD0245,2,258.37,0.0
ORD005949,PROD0202,2,1039.91,0.05
ORD015181,PROD0109,1,315.2,0.05
ORD015376,PROD0140,5,4498.4,0.05
ORD017303,PROD0048,5,2692.11,0.1
ORD001473,PROD0128,4,414.27,0.0
ORD005661,PROD0115,3,1198.13,0.1
ORD014333,PROD0019,2,2132.91,0.15
ORD014538,PROD0182,1,1491.37,0.1
ORD009489,PROD0036,3,2265.4,0.0
ORD013295,PROD0238,4,1179.28,0.1
ORD004446,PROD0070,1,2065.33,0.0
ORD016804,PROD0271,2,1034.8,0.0
ORD008421,PROD0262,2,1081.48,0.0
ORD001143,PROD0171,5,619.82,0.1
ORD006135,PROD0230,2,1187.41,0.1
ORD014481,PROD0057,2,1480.61,0.05
ORD015831,PROD0040,1,5448.94,0.0
ORD003787,PROD0077,2,372.07,0.05
ORD004015,PROD0214,5,285.7,0.0
ORD012096,PROD0126,3,648.87,0.2
ORD013687,PROD0298,2,392.05,0.2
ORD015848,PROD0252,4,1091.64,0.15
ORD004748,PROD0003,1,2931.9,0.0
ORD013326,PROD0106,2,770.07,0.0
ORD014017,PROD0057,1,1480.61,0.1
ORD013774,PROD0027,5,5305.88,0.05
ORD004153,PROD0197,2,774.0,0.0
ORD007857,PROD0181,5,218.55,0.05
ORD011256,PROD0123,2,2787.07,0.1
ORD012966,PROD0027,3,5305.88,0.05
ORD010604,PROD0165,5,1341.44,0.1
ORD001440,PROD0120,4,3592.34,0.15
ORD006023,PROD0089,1,390.25,0.0
ORD000780,PROD0168,3,1759.17,0.0
ORD000959,PROD0214,2,285.7,0.0
ORD013197,PROD0179,3,608.27,0.05
ORD000567,PROD0036,4,2265.4,0.15
ORD006271,PROD0286,1,722.33,0.0
ORD013862,PROD0214,2,285.7,0.0
ORD012125,PROD0258,1,814.14,0.05
ORD002619,PROD0284,2,1551.66,0.0
ORD007401,PROD0060,5,511.57,0.0
ORD006670,PROD0277,1,668.68,0.1
ORD013957,PROD0109,5,315.2,0.2
ORD003342,PROD0081,3,2207.21,0.15
ORD002600,PROD0297,2,359.44,0.0
ORD016130,PROD0084,2,787.16,0.1
ORD016569,PROD0182,4,1491.37,0.0
ORD016322,PROD0172,1,3513.98,0.0
ORD007158,PROD0096,1,830.36,0.15
ORD010358,PROD0104,5,917.71,0.1
ORD007096,PROD0043,2,950.69,0.1
ORD008357,PROD0073,1,3798.83,0.05
ORD011595,PROD0259,3,272.42,0.2
ORD016201,PROD0238,3,1179.28,0.1
ORD000230,PROD0300,4,2550.36,0.1
ORD004956,PROD0167,5,2511.68,0.1
ORD004479,PROD0192,4,2094.72,0.2
ORD003155,PROD0116,5,435.35,0.05
ORD017345,PROD0228,3,1012.55,0.15
ORD013559,PROD0078,5,1498.55,0.1
ORD005412,PROD0044,4,2277.54,0.15
ORD017852,PROD0284,2,1551.66,0.1
ORD004259,PROD0079,1,1557.75,0.05
ORD012081,PROD0259,1,272.42,0.0
ORD002832,PROD0230,1,1187.41,0.05
ORD014295,PROD0108,4,1195.6,0.2
ORD011261,PROD0189,2,260.5,0.15
ORD009802,PROD0214,4,285.7,0.0
ORD012148,PROD0273,1,1884.45,0.0
ORD014264,PROD0036,5,2265.4,0.0
ORD004621,PROD0158,2,1130.19,0.0
ORD001377,PROD0024,3,3557.69,0.2
ORD002737,PROD0258,2,814.14,0.15
ORD010135,PROD0176,5,890.34,0.2
ORD013664,PROD0135,3,1098.25,0.0
ORD012947,PROD0076,5,1911.33,0.1
ORD005765,PROD0063,1,453.52,0.1
ORD001895,PROD0196,5,624.67,0.2
ORD004265,PROD0233,4,865.79,0.05
ORD013862,PROD0053,5,499.98,0.0
ORD014389,PROD0158,3,1130.19,0.15
ORD003877,PROD0004,3,1005.11,0.0
ORD008914,PROD0020,5,2005.81,0.0
ORD012788,PROD0058,1,5552.05,0.15
ORD010681,PROD0099,5,550.57,0.2
ORD016635,PROD0013,3,2230.9,0.2
ORD016092,PROD0004,4,1005.11,0.0
ORD005776,PROD0278,3,1418.31,0.1
ORD003291,PROD0107,1,416.19,0.05
ORD007420,PROD0293,4,1136.47,0.1
ORD012734,PROD0127,3,1166.2,0.05
ORD015578,PROD0126,2,648.87,0.1
ORD013158,PROD0142,5,536.55,0.1
ORD013870,PROD0138,4,2041.26,0.0
ORD002588,PROD0031,5,2790.09,0.15
ORD009799,PROD0285,3,1253.77,0.0
ORD008634,PROD0185,4,592.37,0.0
ORD009802,PROD0130,2,1402.05,0.05
ORD013046,PROD0025,3,585.99,0.0
ORD016694,PROD0150,3,1469.35,0.05
ORD016235,PROD0255,5,2724.93,0.2
ORD004332,PROD0008,5,1428.37,0.0
ORD005629,PROD0231,3,1734.21,0.15
ORD009483,PROD0228,1,1012.55,0.0
ORD008247,PROD0028,2,740.62,0.05
ORD009576,PROD0206,2,512.36,0.1
ORD003872,PROD0032,2,1792.53,0.0
ORD004716,PROD0257,2,994.46,0.0
ORD005556,PROD0011,2,569.66,0.0
ORD010597,PROD0224,3,4037.97,0.1
ORD003452,PROD0242,1,1251.99,0.15
ORD008477,PROD0024,3,3557.69,0.15
ORD001452,PROD0057,3,1480.61,0.05
ORD000746,PROD0069,3,6450.78,0.15
ORD002448,PROD0099,1,550.57,0.05
ORD009135,PROD0062,1,1731.8,0.2
ORD010974,PROD0212,1,936.47,0.0
ORD012755,PROD0094,1,1585.84,0.15
ORD017262,PROD0074,4,701.79,0.05
ORD001748,PROD0205,3,315.35,0.1
ORD002762,PROD0058,1,5552.05,0.1
ORD007099,PROD0199,2,919.06,0.0
ORD002135,PROD0211,5,1092.8,0.05
ORD003203,PROD0109,4,315.2,0.05
ORD005019,PROD0214,5,285.7,0.1
ORD012309,PROD0261,5,1950.36,0.1
ORD001931,PROD0203,3,1208.94,0.05
ORD012242,PROD0236,4,1243.22,0.0
ORD006909,PROD0005,4,5350.44,0.05
ORD007916,PROD0300,2,2550.36,0.2
ORD001572,PROD0133,5,737.29,0.05
ORD012472,PROD0200,3,1906.63,0.1
ORD006700,PROD0147,3,1277.67,0.15
ORD003515,PROD0002,2,1122.65,0.1
ORD015028,PROD0258,5,814.14,0.0
ORD002843,PROD0034,3,1106.13,0.2
ORD015888,PROD0100,1,1535.02,0.05
ORD017247,PROD0079,4,1557.75,0.1
ORD007021,PROD0261,5,1950.36,0.0
ORD003877,PROD0062,3,1731.8,0.2
ORD006447,PROD0138,2,2041.26,0.1
ORD010442,PROD0092,5,2466.2,0.05
ORD010739,PROD0050,3,138.33,0.1
ORD013024,PROD0204,2,1064.24,0.15
ORD001770,PROD0112,4,3157.32,0.0
ORD012929,PROD0254,5,1021.7,0.15
ORD001453,PROD0032,4,1792.53,0.0
ORD000614,PROD0260,3,2453.91,0.05
ORD017398,PROD0202,2,1039.91,0.1
ORD017869,PROD0151,1,938.09,0.05
ORD008427,PROD0244,4,1140.3,0.15
ORD017834,PROD0261,3,1950.36,0.15
ORD014667,PROD0266,2,1066.97,0.15
ORD005960,PROD0197,1,774.0,0.05
ORD003377,PROD0197,4,774.0,0.1
ORD010559,PROD0054,4,1149.11,0.0
ORD015274,PROD0046,5,423.5,0.0
ORD012703,PROD0074,3,701.79,0.05
ORD006860,PROD0035,4,914.62,0.05
ORD013252,PROD0088,1,255.81,0.0
ORD016248,PROD0220,5,1249.15,0.05
ORD003446,PROD0197,3,774.0,0.1
ORD004655,PROD0056,4,1815.37,0.0
ORD006683,PROD0069,2,6450.78,0.15
ORD006674,PROD0163,4,703.11,0.05
ORD011844,PROD0136,2,4655.74,0.1
ORD009592,PROD0222,4,803.44,0.15
ORD016133,PROD0229,5,251.37,0.0
ORD005865,PROD0222,1,803.44,0.1
ORD003453,PROD0033,1,726.59,0.0
ORD003573,PROD0161,4,1467.22,0.0
ORD001496,PROD0099,1,550.57,0.05
ORD008956,PROD0249,3,4012.64,0.0
ORD014040,PROD0020,1,2005.81,0.1
ORD007670,PROD0221,4,861.75,0.15
ORD009041,PROD0033,2,726.59,0.0
ORD017806,PROD0008,1,1428.37,0.15
ORD010754,PROD0105,1,813.74,0.0
ORD003987,PROD0184,4,734.18,0.0
ORD004626,PROD0115,2,1198.13,0.0
ORD013907,PROD0048,3,2692.11,0.2
ORD011904,PROD0021,4,2017.39,0.1
ORD014900,PROD0061,3,1808.63,0.1
ORD002253,PROD0182,4,1491.37,0.15
ORD006001,PROD0262,5,1081.48,0.1
ORD010156,PROD0025,2,585.99,0.1
ORD015524,PROD0119,2,1545.4,0.0
ORD002444,PROD0061,2,1808.63,0.15
ORD001680,PROD0251,1,1056.88,0.05
ORD007685,PROD0118,1,437.61,0.1
ORD012622,PROD0025,1,585.99,0.1
ORD000419,PROD0231,5,1734.21,0.2
ORD011395,PROD0089,1,390.25,0.1
ORD003394,PROD0102,2,1726.73,0.0
ORD009075,PROD0177,3,1733.37,0.1
ORD016109,PROD0171,5,619.82,0.0
ORD008305,PROD0295,2,450.65,0.05
ORD014181,PROD0238,2,1179.28,0.1
ORD004894,PROD0162,4,377.71,0.05
ORD016385,PROD0285,1,1253.77,0.05
ORD011625,PROD0299,5,3528.34,0.0
ORD010790,PROD0188,1,5555.06,0.0
ORD016940,PROD0063,2,453.52,0.1
ORD013946,PROD0212,3,936.47,0.15
ORD011729,PROD0215,4,496.9,0.0
ORD010856,PROD0287,1,1180.58,0.0
ORD006397,PROD0109,4,315.2,0.0
ORD014397,PROD0027,2,5305.88,0.1
ORD001271,PROD0277,5,668.68,0.05
ORD002127,PROD0243,2,4498.92,0.0
ORD001182,PROD0188,5,5555.06,0.0
ORD017999,PROD0196,2,624.67,0.1
ORD007589,PROD0300,3,2550.36,0.1
ORD010507,PROD0041,1,566.23,0.15
ORD017999,PROD0208,1,1605.39,0.0
ORD007798,PROD0046,5,423.5,0.1
ORD010679,PROD0177,5,1733.37,0.2
ORD013843,PROD0095,5,853.11,0.15
ORD007021,PROD0076,4,1911.33,0.15
ORD000397,PROD0254,3,1021.7,0.05
ORD002120,PROD0130,2,1402.05,0.0
ORD010195,PROD0093,1,2481.82,0.05
ORD000159,PROD0119,3,1545.4,0.0
ORD000474,PROD0147,5,1277.67,0.1
ORD000577,PROD0064,3,706.46,0.1
ORD008313,PROD0054,3,1149.11,0.2
ORD000769,PROD0151,2,938.09,0.1
ORD016070,PROD0005,5,5350.44,0.15
ORD000124,PROD0028,3,740.62,0.0
ORD005599,PROD0179,4,608.27,0.15
ORD010672,PROD0120,2,3592.34,0.0
ORD010840,PROD0010,4,1326.68,0.0
ORD005090,PROD0139,4,624.58,0.2
ORD007494,PROD0199,1,919.06,0.05
ORD007386,PROD0251,3,1056.88,0.05
ORD000201,PROD0152,4,3664.43,0.15
ORD008858,PROD0173,3,1893.36,0.1
ORD003749,PROD0087,4,2381.84,0.0
ORD007786,PROD0264,5,409.67,0.1
ORD010212,PROD0162,5,377.71,0.15
ORD017279,PROD0050,5,138.33,0.1
ORD017594,PROD0174,3,1681.39,0.15
ORD016058,PROD0130,4,1402.05,0.0
ORD009596,PROD0170,3,1486.76,0.15
ORD007721,PROD0130,2,1402.05,0.15
ORD005126,PROD0031,1,2790.09,0.05
ORD004137,PROD0175,1,2260.04,0.05
ORD015980,PROD0061,1,1808.63,0.1
ORD011646,PROD0238,2,1179.28,0.1
ORD017218,PROD0180,4,374.36,0.05
ORD017823,PROD0098,3,1788.67,0.2
ORD006265,PROD0120,5,3592.34,0.1
ORD013893,PROD0171,2,619.82,0.05
ORD009014,PROD0271,3,1034.8,0.1
ORD015330,PROD0128,4,414.27,0.1
ORD001518,PROD0069,2,6450.78,0.2
ORD011158,PROD0269,5,528.68,0.0
ORD013293,PROD0144,3,1097.89,0.0
ORD011892,PROD0119,2,1545.4,0.15
ORD017016,PROD0038,2,1310.24,0.0
ORD013859,PROD0131,3,719.35,0.05
ORD005177,PROD0198,3,1910.21,0.2
ORD001010,PROD0295,5,450.65,0.0
ORD017969,PROD0050,5,138.33,0.05
ORD008372,PROD0219,3,1088.5,0.05
ORD006483,PROD0141,1,526.7,0.15
ORD010539,PROD0158,2,1130.19,0.05
ORD016240,PROD0086,3,1292.77,0.15
ORD008409,PROD0180,3,374.36,0.1
ORD012700,PROD0252,1,1091.64,0.2
ORD005248,PROD0029,2,1224.14,0.05
ORD017477,PROD0072,2,4756.76,0.0
ORD010914,PROD0215,2,496.9,0.05
ORD015094,PROD0126,2,648.87,0.1
ORD011646,PROD0066,5,705.54,0.0
ORD017847,PROD0229,2,251.37,0.05
ORD004274,PROD0146,2,2912.21,0.2
ORD000982,PROD0189,1,260.5,0.2
ORD017994,PROD0019,5,2132.91,0.2
ORD008515,PROD0052,1,1103.19,0.2
ORD011071,PROD0205,5,315.35,0.2
ORD002057,PROD0221,1,861.75,0.1
ORD011975,PROD0008,3,1428.37,0.0
ORD013403,PROD0138,5,2041.26,0.05
ORD003573,PROD0088,5,255.81,0.2
ORD014633,PROD0148,4,2479.32,0.05
ORD009207,PROD0083,3,1558.0,0.1
ORD011891,PROD0275,3,1740.08,0.0
ORD015932,PROD0019,4,2132.91,0.05
ORD001222,PROD0003,1,2931.9,0.1
ORD004319,PROD0058,1,5552.05,0.15
ORD015707,PROD0224,5,4037.97,0.0
ORD013143,PROD0165,1,1341.44,0.1
ORD017403,PROD0222,4,803.44,0.0
ORD015545,PROD0126,2,648.87,0.05
ORD015403,PROD0167,3,2511.68,0.05
ORD004146,PROD0293,1,1136.47,0.0
ORD011714,PROD0109,4,315.2,0.0
ORD010409,PROD0202,4,1039.91,0.05
ORD005784,PROD0282,4,1059.41,0.1
ORD012890,PROD0129,5,2715.49,0.0
ORD008351,PROD0141,3,526.7,0.1
ORD010076,PROD0053,1,499.98,0.15
ORD013383,PROD0061,4,1808.63,0.1
ORD010507,PROD0277,1,668.68,0.05
ORD013573,PROD0020,3,2005.81,0.1
ORD016117,PROD0254,4,1021.7,0.0
ORD015296,PROD0148,1,2479.32,0.1
ORD016057,PROD0192,1,2094.72,0.2
ORD005314,PROD0129,4,2715.49,0.1
ORD005654,PROD0109,1,315.2,0.1
ORD009900,PROD0250,3,468.3,0.05
ORD004395,PROD0219,3,1088.5,0.2
ORD008883,PROD0033,2,726.59,0.0
ORD003762,PROD0078,5,1498.55,0.0
ORD000174,PROD0041,3,566.23,0.05
ORD008934,PROD0152,5,3664.43,0.1
ORD016780,PROD0223,3,1507.47,0.1
ORD017202,PROD0076,2,1911.33,0.1
ORD007031,PROD0213,1,475.42,0.1
ORD001693,PROD0166,1,655.43,0.05
ORD012707,PROD0037,4,1059.57,0.0
ORD014767,PROD0003,4,2931.9,0.1
ORD015152,PROD0262,2,1081.48,0.0
ORD008476,PROD0039,5,748.33,0.0
ORD006026,PROD0200,4,1906.63,0.0
ORD010922,PROD0228,1,1012.55,0.0
ORD001567,PROD0090,4,1416.42,0.15
ORD001011,PROD0101,1,3596.1,0.15
ORD007696,PROD0082,5,835.72,0.0
ORD008219,PROD0288,2,1099.87,0.15
ORD016964,PROD0279,2,1760.62,0.05
ORD004859,PROD0066,5,705.54,0.05
ORD002941,PROD0135,1,1098.25,0.15
ORD012576,PROD0026,4,926.18,0.0
ORD001367,PROD0132,1,1663.98,0.1
ORD010793,PROD0253,3,3782.92,0.1
ORD003547,PROD0166,4,655.43,0.05
ORD005010,PROD0113,1,495.12,0.2
ORD011813,PROD0225,3,670.12,0.1
ORD017264,PROD0187,4,2575.23,0.1
ORD010775,PROD0028,3,740.62,0.05
ORD000962,PROD0093,3,2481.82,0.0
ORD002963,PROD0228,5,1012.55,0.05
ORD015337,PROD0103,4,814.61,0.1
ORD014302,PROD0300,4,2550.36,0.0
ORD004066,PROD0045,3,1204.82,0.1
ORD011363,PROD0141,3,526.7,0.05
ORD012395,PROD0108,1,1195.6,0.0
ORD014302,PROD0130,3,1402.05,0.1
ORD011905,PROD0137,5,445.2,0.05
ORD005627,PROD0066,4,705.54,0.0
ORD016350,PROD0024,3,3557.69,0.1
ORD010979,PROD0160,3,2652.37,0.1
ORD012999,PROD0094,3,1585.84,0.15
ORD004840,PROD0017,3,5213.81,0.05
ORD001508,PROD0250,4,468.3,0.0
ORD012480,PROD0202,4,1039.91,0.1
ORD008627,PROD0211,2,1092.8,0.15
ORD015031,PROD0101,1,3596.1,0.0
ORD006829,PROD0118,1,437.61,0.0
ORD017849,PROD0234,3,1884.98,0.15
ORD017778,PROD0218,1,852.15,0.1
ORD009393,PROD0203,4,1208.94,0.15
ORD011151,PROD0138,3,2041.26,0.15
ORD007854,PROD0201,4,1107.62,0.1
ORD001272,PROD0283,2,1585.65,0.05
ORD009742,PROD0138,5,2041.26,0.05
ORD001092,PROD0032,2,1792.53,0.15
ORD000317,PROD0005,3,5350.44,0.1
ORD009230,PROD0220,1,1249.15,0.1
ORD007694,PROD0220,1,1249.15,0.05
ORD013335,PROD0138,1,2041.26,0.2
ORD009876,PROD0266,4,1066.97,0.05
ORD006318,PROD0059,4,3884.69,0.0
ORD015022,PROD0255,3,2724.93,0.1
ORD005617,PROD0264,5,409.67,0.15
ORD005888,PROD0071,4,1519.69,0.2
ORD014854,PROD0241,4,215.23,0.15
ORD015103,PROD0288,4,1099.87,0.1
ORD004134,PROD0171,5,619.82,0.15
ORD009786,PROD0205,3,315.35,0.05
ORD002971,PROD0039,2,748.33,0.2
ORD001263,PROD0190,1,1494.94,0.15
ORD010549,PROD0110,4,2045.64,0.1
ORD017227,PROD0243,5,4498.92,0.0
ORD011038,PROD0218,1,852.15,0.1
ORD010090,PROD0217,5,748.27,0.2
ORD017528,PROD0178,2,1006.65,0.1
ORD007564,PROD0013,1,2230.9,0.05
ORD008554,PROD0297,4,359.44,0.05
ORD011692,PROD0077,5,372.07,0.15
ORD002092,PROD0169,4,2484.01,0.05
ORD017672,PROD0265,2,709.86,0.15
ORD001626,PROD0039,1,748.33,0.0
ORD007104,PROD0094,4,1585.84,0.05
ORD006644,PROD0113,5,495.12,0.1
ORD002251,PROD0187,1,2575.23,0.05
ORD010434,PROD0244,3,1140.3,0.0
ORD000185,PROD0151,2,938.09,0.05
ORD017694,PROD0025,2,585.99,0.0
ORD004448,PROD0155,1,383.07,0.0
ORD011525,PROD0198,5,1910.21,0.0
ORD012241,PROD0008,2,1428.37,0.05
ORD000054,PROD0039,1,748.33,0.0
ORD000346,PROD0161,3,1467.22,0.1
ORD006909,PROD0236,1,1243.22,0.2
ORD011690,PROD0184,1,734.18,0.1
ORD009008,PROD0023,1,529.99,0.0
ORD006465,PROD0291,3,859.37,0.1
ORD002181,PROD0068,1,2579.6,0.2
ORD006238,PROD0141,1,526.7,0.0
ORD016534,PROD0145,5,2107.82,0.2
ORD005272,PROD0040,1,5448.94,0.1
ORD011947,PROD0118,2,437.61,0.1
ORD015056,PROD0245,5,258.37,0.0
ORD000230,PROD0294,5,608.79,0.1
ORD004949,PROD0096,3,830.36,0.0
ORD017061,PROD0065,2,298.49,0.0
ORD005500,PROD0239,5,3878.85,0.2
ORD013236,PROD0163,3,703.11,0.0
ORD010742,PROD0053,5,499.98,0.05
ORD011071,PROD0119,1,1545.4,0.0
ORD014921,PROD0206,2,512.36,0.05
ORD003227,PROD0074,5,701.79,0.05
ORD015489,PROD0001,2,2228.63,0.05
ORD007289,PROD0072,3,4756.76,0.0
ORD006244,PROD0171,1,619.82,0.15
ORD011317,PROD0102,3,1726.73,0.0
ORD010554,PROD0018,1,1106.42,0.0
ORD005529,PROD0197,5,774.0,0.0
ORD002494,PROD0123,5,2787.07,0.05
ORD016262,PROD0296,1,605.83,0.1
ORD006853,PROD0062,4,1731.8,0.1
ORD012081,PROD0251,3,1056.88,0.05
ORD003926,PROD0015,4,768.6,0.0
ORD012748,PROD0060,4,511.57,0.05
ORD006385,PROD0219,4,1088.5,0.1
ORD013418,PROD0217,2,748.27,0.05
ORD008009,PROD0059,2,3884.69,0.15
ORD004474,PROD0256,1,895.23,0.0
ORD006411,PROD0151,1,938.09,0.0
ORD015770,PROD0149,3,231.51,0.0
ORD005231,PROD0005,5,5350.44,0.05
ORD009032,PROD0219,1,1088.5,0.05
ORD003898,PROD0034,3,1106.13,0.15
ORD012149,PROD0100,5,1535.02,0.0
ORD008021,PROD0110,2,2045.64,0.15
ORD014169,PROD0027,3,5305.88,0.15
ORD015424,PROD0079,4,1557.75,0.2
ORD009216,PROD0217,4,748.27,0.1
ORD004181,PROD0083,4,1558.0,0.1
ORD015737,PROD0145,2,2107.82,0.05
ORD000884,PROD0027,5,5305.88,0.0
ORD013941,PROD0059,3,3884.69,0.0
ORD009955,PROD0295,4,450.65,0.05
ORD013699,PROD0202,4,1039.91,0.1
ORD016907,PROD0073,2,3798.83,0.15
ORD014086,PROD0114,5,983.9,0.15
ORD014536,PROD0292,5,526.18,0.05
ORD011213,PROD0018,5,1106.42,0.15
ORD003170,PROD0261,5,1950.36,0.05
ORD002302,PROD0119,5,1545.4,0.0
ORD010919,PROD0078,2,1498.55,0.0
ORD015157,PROD0096,1,830.36,0.0
ORD004458,PROD0076,5,1911.33,0.15
ORD010846,PROD0197,5,774.0,0.15
ORD001906,PROD0221,4,861.75,0.0
ORD007527,PROD0242,2,1251.99,0.1
ORD016749,PROD0226,5,322.28,0.2
ORD017336,PROD0142,4,536.55,0.1
ORD007556,PROD0168,2,1759.17,0.05
ORD008761,PROD0208,4,1605.39,0.1
ORD015253,PROD0213,5,475.42,0.05
ORD005609,PROD0091,4,402.26,0.1
ORD014444,PROD0130,1,1402.05,0.1
ORD013765,PROD0007,2,838.82,0.15
ORD009050,PROD0150,4,1469.35,0.05
ORD000201,PROD0221,3,861.75,0.1
ORD000846,PROD0228,1,1012.55,0.1
ORD016354,PROD0127,5,1166.2,0.0
ORD010002,PROD0294,3,608.79,0.0
ORD008892,PROD0074,5,701.79,0.1
ORD017487,PROD0178,3,1006.65,0.2
ORD004913,PROD0177,1,1733.37,0.0
ORD017189,PROD0234,1,1884.98,0.1
ORD005088,PROD0292,3,526.18,0.0
ORD011300,PROD0030,5,1536.54,0.1
ORD010929,PROD0207,1,4103.55,0.05
ORD011465,PROD0102,5,1726.73,0.05
ORD001357,PROD0087,2,2381.84,0.2
ORD010790,PROD0198,2,1910.21,0.15
ORD005321,PROD0207,3,4103.55,0.2
ORD005069,PROD0280,1,239.29,0.05
ORD009862,PROD0184,1,734.18,0.15
ORD008329,PROD0277,4,668.68,0.0
ORD011781,PROD0056,3,1815.37,0.0
ORD008854,PROD0041,1,566.23,0.05
ORD014006,PROD0299,2,3528.34,0.2
ORD006809,PROD0115,2,1198.13,0.05
ORD008866,PROD0280,5,239.29,0.0
ORD002012,PROD0300,2,2550.36,0.1
ORD010187,PROD0233,1,865.79,0.2
ORD017773,PROD0020,4,2005.81,0.15
ORD013696,PROD0163,1,703.11,0.05
ORD012001,PROD0226,4,322.28,0.0
ORD013370,PROD0092,3,2466.2,0.15
ORD008095,PROD0133,4,737.29,0.15
ORD004063,PROD0048,3,2692.11,0.2
ORD002621,PROD0201,5,1107.62,0.05
ORD017893,PROD0070,1,2065.33,0.0
ORD012628,PROD0071,1,1519.69,0.2
ORD011812,PROD0257,2,994.46,0.1
ORD017371,PROD0127,3,1166.2,0.1
ORD002067,PROD0278,4,1418.31,0.05
ORD005544,PROD0097,3,2244.75,0.05
ORD002729,PROD0117,4,1622.14,0.05
ORD001117,PROD0261,5,1950.36,0.05
ORD001449,PROD0091,2,402.26,0.05
ORD007578,PROD0226,4,322.28,0.0
ORD013088,PROD0085,2,2361.96,0.0
ORD001146,PROD0015,1,768.6,0.05
ORD000292,PROD0210,4,539.67,0.0
ORD009179,PROD0049,3,474.29,0.0
ORD011456,PROD0167,2,2511.68,0.15
ORD008874,PROD0114,4,983.9,0.05
ORD016204,PROD0070,5,2065.33,0.0
ORD016962,PROD0109,4,315.2,0.05
ORD011590,PROD0016,4,2382.58,0.2
ORD009685,PROD0158,1,1130.19,0.05
ORD013990,PROD0067,2,1836.4,0.05
ORD016037,PROD0297,5,359.44,0.05
ORD010984,PROD0274,3,356.93,0.05
ORD009594,PROD0086,5,1292.77,0.05
ORD010138,PROD0063,2,453.52,0.0
ORD002234,PROD0200,2,1906.63,0.2
ORD016422,PROD0188,3,5555.06,0.05
ORD014607,PROD0131,3,719.35,0.05
ORD013147,PROD0246,3,484.36,0.15
ORD005508,PROD0222,2,803.44,0.1
ORD017334,PROD0010,3,1326.68,0.05
ORD016462,PROD0200,2,1906.63,0.1
ORD000808,PROD0071,3,1519.69,0.05
ORD008160,PROD0230,4,1187.41,0.05
ORD013192,PROD0231,2,1734.21,0.0
ORD007601,PROD0289,4,1376.41,0.2
ORD011064,PROD0092,4,2466.2,0.1
ORD006948,PROD0040,1,5448.94,0.1
ORD013022,PROD0193,1,3394.61,0.1
ORD011474,PROD0032,2,1792.53,0.15
ORD000789,PROD0160,2,2652.37,0.2
ORD002573,PROD0020,4,2005.81,0.05
ORD004344,PROD0253,3,3782.92,0.0
ORD016908,PROD0036,1,2265.4,0.2
ORD003044,PROD0290,2,3732.41,0.0
ORD005419,PROD0033,3,726.59,0.1
ORD016208,PROD0022,5,174.42,0.15
ORD008772,PROD0030,4,1536.54,0.0
ORD000508,PROD0264,5,409.67,0.05
ORD010447,PROD0284,3,1551.66,0.05
ORD015145,PROD0085,3,2361.96,0.0
ORD011685,PROD0073,1,3798.83,0.0
ORD010761,PROD0121,3,1762.91,0.1
ORD004614,PROD0208,4,1605.39,0.05
ORD000305,PROD0101,2,3596.1,0.0
ORD001679,PROD0242,4,1251.99,0.2
ORD016136,PROD0133,5,737.29,0.1
ORD016274,PROD0012,5,2384.44,0.1
ORD010739,PROD0138,3,2041.26,0.1
ORD000370,PROD0210,2,539.67,0.0
ORD016473,PROD0207,1,4103.55,0.05
ORD012387,PROD0244,3,1140.3,0.05
ORD004146,PROD0119,2,1545.4,0.15
ORD015482,PROD0252,1,1091.64,0.1
ORD002700,PROD0294,1,608.79,0.0
ORD017155,PROD0161,4,1467.22,0.0
ORD012564,PROD0061,2,1808.63,0.1
ORD005124,PROD0217,3,748.27,0.05
ORD014489,PROD0215,4,496.9,0.15
ORD006127,PROD0047,1,743.87,0.1
ORD015125,PROD0263,1,754.46,0.0
ORD009734,PROD0213,1,475.42,0.1
ORD012697,PROD0011,2,569.66,0.15
ORD014259,PROD0203,1,1208.94,0.05
ORD005877,PROD0219,1,1088.5,0.05
ORD009410,PROD0194,5,2044.13,0.15
ORD015081,PROD0198,1,1910.21,0.0
ORD003789,PROD0116,1,435.35,0.05
ORD014844,PROD0039,2,748.33,0.0
ORD006195,PROD0253,3,3782.92,0.05
ORD013678,PROD0276,2,1150.97,0.1
ORD011535,PROD0172,1,3513.98,0.05
ORD014094,PROD0006,1,997.09,0.2
ORD003644,PROD0031,5,2790.09,0.1
ORD003782,PROD0292,2,526.18,0.15
ORD012871,PROD0092,5,2466.2,0.1
ORD002240,PROD0290,4,3732.41,0.1
ORD014231,PROD0216,5,2535.43,0.0
ORD009570,PROD0006,5,997.09,0.0
ORD010710,PROD0241,5,215.23,0.1
ORD004032,PROD0060,4,511.57,0.15
ORD012487,PROD0287,1,1180.58,0.1
ORD001426,PROD0286,2,722.33,0.1
ORD013758,PROD0019,3,2132.91,0.1
ORD013061,PROD0150,2,1469.35,0.2
ORD017574,PROD0147,2,1277.67,0.15
ORD015207,PROD0214,1,285.7,0.15
ORD005054,PROD0176,3,890.34,0.1
ORD003287,PROD0053,1,499.98,0.05
ORD002383,PROD0292,3,526.18,0.1
ORD017817,PROD0019,5,2132.91,0.1
ORD003606,PROD0115,3,1198.13,0.0
ORD016403,PROD0143,2,2026.75,0.05
ORD005442,PROD0256,4,895.23,0.15
ORD017828,PROD0191,4,425.27,0.05
ORD001079,PROD0213,2,475.42,0.05
ORD015446,PROD0126,3,648.87,0.05
ORD003451,PROD0260,5,2453.91,0.1
ORD011746,PROD0080,4,1973.58,0.05
ORD014162,PROD0252,2,1091.64,0.0
ORD017758,PROD0221,3,861.75,0.0
ORD004065,PROD0128,3,414.27,0.1
ORD017623,PROD0096,5,830.36,0.0
ORD008016,PROD0065,3,298.49,0.15
ORD011562,PROD0081,3,2207.21,0.1
ORD010899,PROD0260,4,2453.91,0.15
ORD008592,PROD0100,3,1535.02,0.1
ORD005805,PROD0036,5,2265.4,0.05
ORD006645,PROD0260,4,2453.91,0.0
ORD012962,PROD0205,1,315.35,0.05
ORD011903,PROD0122,5,768.92,0.0
ORD014998,PROD0243,4,4498.92,0.0
ORD016354,PROD0282,2,1059.41,0.2
ORD012948,PROD0149,2,231.51,0.15
ORD014682,PROD0190,4,1494.94,0.05
ORD007542,PROD0016,4,2382.58,0.15
ORD006523,PROD0038,3,1310.24,0.0
ORD000739,PROD0154,1,611.42,0.0
ORD006449,PROD0084,4,787.16,0.0
ORD014621,PROD0124,4,7033.68,0.05
ORD000094,PROD0023,2,529.99,0.1
ORD005871,PROD0154,3,611.42,0.1
ORD003730,PROD0216,3,2535.43,0.05
ORD016977,PROD0184,5,734.18,0.2
ORD005520,PROD0067,4,1836.4,0.1
ORD017132,PROD0278,3,1418.31,0.0
ORD017291,PROD0250,4,468.3,0.1
ORD010270,PROD0121,4,1762.91,0.2
ORD009610,PROD0184,1,734.18,0.0
ORD005969,PROD0265,4,709.86,0.0
ORD013705,PROD0148,3,2479.32,0.2
ORD011263,PROD0283,4,1585.65,0.1
ORD001578,PROD0027,4,5305.88,0.15
ORD008265,PROD0061,2,1808.63,0.2
ORD007438,PROD0285,3,1253.77,0.15
ORD011912,PROD0271,5,1034.8,0.05
ORD006061,PROD0135,3,1098.25,0.1
ORD006685,PROD0084,3,787.16,0.1
ORD003947,PROD0201,3,1107.62,0.15
ORD000167,PROD0197,2,774.0,0.05
ORD010826,PROD0008,5,1428.37,0.05
ORD001870,PROD0051,4,257.94,0.05
ORD005930,PROD0091,3,402.26,0.1
ORD001091,PROD0081,4,2207.21,0.2
ORD011798,PROD0210,2,539.67,0.15
ORD017615,PROD0204,2,1064.24,0.1
ORD003457,PROD0048,3,2692.11,0.05
ORD012203,PROD0256,4,895.23,0.05
ORD008718,PROD0175,4,2260.04,0.05
ORD001806,PROD0056,1,1815.37,0.15
ORD017306,PROD0134,3,938.67,0.0
ORD009527,PROD0107,5,416.19,0.2
ORD005332,PROD0144,3,1097.89,0.0
ORD007911,PROD0080,5,1973.58,0.0
ORD002550,PROD0212,5,936.47,0.05
ORD009837,PROD0272,4,834.67,0.1
ORD000763,PROD0253,5,3782.92,0.15
ORD004790,PROD0244,5,1140.3,0.05
ORD003102,PROD0241,1,215.23,0.1
ORD016060,PROD0004,5,1005.11,0.05
ORD011248,PROD0255,2,2724.93,0.2
ORD003767,PROD0263,5,754.46,0.0
ORD004039,PROD0295,2,450.65,0.15
ORD001072,PROD0198,4,1910.21,0.1
ORD001796,PROD0190,3,1494.94,0.1
ORD015456,PROD0007,2,838.82,0.05
ORD005700,PROD0134,4,938.67,0.05
ORD004951,PROD0130,5,1402.05,0.15
ORD017394,PROD0075,5,993.75,0.05
ORD007137,PROD0088,2,255.81,0.1
ORD011855,PROD0238,3,1179.28,0.2
ORD017398,PROD0242,3,1251.99,0.0
ORD012665,PROD0052,4,1103.19,0.0
ORD009389,PROD0216,2,2535.43,0.05
ORD007425,PROD0054,3,1149.11,0.0
ORD008317,PROD0296,4,605.83,0.0
ORD001635,PROD0015,5,768.6,0.05
ORD006988,PROD0007,5,838.82,0.1
ORD005226,PROD0161,3,1467.22,0.1
ORD006083,PROD0058,4,5552.05,0.1
ORD010820,PROD0290,2,3732.41,0.0
ORD002406,PROD0075,3,993.75,0.2
ORD014653,PROD0184,5,734.18,0.15
ORD001238,PROD0025,5,585.99,0.05
ORD007233,PROD0097,3,2244.75,0.2
ORD013737,PROD0298,2,392.05,0.1
ORD010593,PROD0249,1,4012.64,0.05
ORD013541,PROD0213,2,475.42,0.2
ORD011799,PROD0128,2,414.27,0.05
ORD004733,PROD0169,4,2484.01,0.2
ORD016972,PROD0014,5,596.75,0.0
ORD013359,PROD0091,3,402.26,0.15
ORD016755,PROD0137,5,445.2,0.15
ORD011879,PROD0108,4,1195.6,0.05
ORD004890,PROD0109,2,315.2,0.1
ORD005645,PROD0219,1,1088.5,0.1
ORD005248,PROD0202,5,1039.91,0.1
ORD005534,PROD0100,2,1535.02,0.0
ORD003964,PROD0074,3,701.79,0.15
ORD003759,PROD0101,4,3596.1,0.1
ORD005821,PROD0182,3,1491.37,0.05
ORD015868,PROD0022,2,174.42,0.15
ORD006731,PROD0005,1,5350.44,0.1
ORD002784,PROD0110,4,2045.64,0.15
ORD006111,PROD0157,2,1342.68,0.1
ORD005924,PROD0224,5,4037.97,0.1
ORD013649,PROD0106,1,770.07,0.0
ORD009114,PROD0189,4,260.5,0.1
ORD016291,PROD0272,4,834.67,0.05
ORD017334,PROD0124,5,7033.68,0.0
ORD000457,PROD0195,3,525.15,0.05
ORD015170,PROD0168,2,1759.17,0.15
ORD015311,PROD0203,2,1208.94,0.05
ORD000864,PROD0040,2,5448.94,0.15
ORD009665,PROD0248,4,581.51,0.15
ORD017722,PROD0029,5,1224.14,0.15
ORD000713,PROD0231,4,1734.21,0.0
ORD017233,PROD0105,4,813.74,0.1
ORD017354,PROD0036,5,2265.4,0.1
ORD000988,PROD0080,1,1973.58,0.15
ORD001147,PROD0101,1,3596.1,0.0
ORD002536,PROD0290,5,3732.41,0.05
ORD004484,PROD0165,1,1341.44,0.0
ORD007577,PROD0113,3,495.12,0.05
ORD016391,PROD0157,2,1342.68,0.2
ORD009331,PROD0181,1,218.55,0.2
ORD016180,PROD0108,2,1195.6,0.05
ORD012562,PROD0234,5,1884.98,0.15
ORD005975,PROD0174,5,1681.39,0.1
ORD016180,PROD0215,3,496.9,0.1
ORD014721,PROD0170,2,1486.76,0.0
ORD016227,PROD0036,1,2265.4,0.1
ORD002164,PROD0015,3,768.6,0.1
ORD006392,PROD0155,1,383.07,0.0
ORD009733,PROD0262,2,1081.48,0.05
ORD006169,PROD0259,1,272.42,0.15
ORD012751,PROD0200,3,1906.63,0.15
ORD004706,PROD0251,1,1056.88,0.0
ORD001375,PROD0050,1,138.33,0.05
ORD011473,PROD0235,4,1069.09,0.15
ORD006602,PROD0288,4,1099.87,0.15
ORD002544,PROD0180,2,374.36,0.2
ORD016684,PROD0110,3,2045.64,0.15
ORD010730,PROD0059,4,3884.69,0.0
ORD000311,PROD0219,4,1088.5,0.05
ORD000589,PROD0016,5,2382.58,0.1
ORD009986,PROD0179,5,608.27,0.1
ORD010146,PROD0048,3,2692.11,0.15
ORD003677,PROD0254,1,1021.7,0.1
ORD013122,PROD0296,4,605.83,0.0
ORD017940,PROD0080,4,1973.58,0.15
ORD014058,PROD0036,2,2265.4,0.05
ORD013957,PROD0199,5,919.06,0.2
ORD002976,PROD0054,3,1149.11,0.15
ORD001381,PROD0235,5,1069.09,0.0
ORD006339,PROD0028,2,740.62,0.0
ORD016546,PROD0080,4,1973.58,0.1
ORD011606,PROD0252,1,1091.64,0.15
ORD017921,PROD0157,5,1342.68,0.1
ORD013317,PROD0188,4,5555.06,0.1
ORD003898,PROD0186,1,324.33,0.1
ORD008306,PROD0013,5,2230.9,0.05
ORD008330,PROD0081,4,2207.21,0.05
ORD001057,PROD0002,1,1122.65,0.15
ORD012357,PROD0138,4,2041.26,0.15
ORD011866,PROD0260,2,2453.91,0.0
ORD005602,PROD0291,3,859.37,0.05
ORD003010,PROD0103,3,814.61,0.2
ORD010151,PROD0114,2,983.9,0.0
ORD017769,PROD0263,4,754.46,0.15
ORD009619,PROD0279,5,1760.62,0.05
ORD009952,PROD0197,4,774.0,0.0
ORD009972,PROD0155,5,383.07,0.05
ORD008392,PROD0278,1,1418.31,0.0
ORD011840,PROD0075,3,993.75,0.05
ORD005770,PROD0149,5,231.51,0.15
ORD015696,PROD0032,2,1792.53,0.0
ORD006634,PROD0122,3,768.92,0.0
ORD001428,PROD0175,1,2260.04,0.05
ORD011712,PROD0262,5,1081.48,0.05
ORD005269,PROD0062,2,1731.8,0.05
ORD001502,PROD0064,1,706.46,0.05
ORD016436,PROD0135,4,1098.25,0.1
ORD005307,PROD0139,3,624.58,0.1
ORD011109,PROD0284,3,1551.66,0.0
ORD001594,PROD0285,3,1253.77,0.15
ORD007212,PROD0040,2,5448.94,0.15
ORD014662,PROD0283,1,1585.65,0.15
ORD001388,PROD0288,2,1099.87,0.15
ORD009355,PROD0201,3,1107.62,0.0
ORD017764,PROD0148,4,2479.32,0.05
ORD014288,PROD0215,2,496.9,0.2
ORD006228,PROD0300,5,2550.36,0.0
ORD006095,PROD0229,5,251.37,0.15
ORD003411,PROD0224,3,4037.97,0.0
ORD000305,PROD0185,3,592.37,0.2
ORD002742,PROD0122,2,768.92,0.0
ORD000911,PROD0055,4,1758.65,0.05
ORD006616,PROD0002,3,1122.65,0.1
ORD017908,PROD0064,2,706.46,0.1
ORD001985,PROD0300,1,2550.36,0.0
ORD000797,PROD0162,1,377.71,0.1
ORD009023,PROD0219,1,1088.5,0.1
ORD006763,PROD0003,4,2931.9,0.1
ORD000057,PROD0127,4,1166.2,0.1
ORD005939,PROD0128,2,414.27,0.2
ORD017930,PROD0048,1,2692.11,0.2
ORD003251,PROD0019,3,2132.91,0.1
ORD001779,PROD0184,3,734.18,0.0
ORD015112,PROD0183,4,606.73,0.05
ORD016996,PROD0095,1,853.11,0.0
ORD017739,PROD0289,5,1376.41,0.15
ORD000438,PROD0157,3,1342.68,0.0
ORD016396,PROD0203,5,1208.94,0.15
ORD008098,PROD0149,5,231.51,0.1
ORD006211,PROD0105,3,813.74,0.1
ORD005235,PROD0147,4,1277.67,0.1
ORD012854,PROD0014,1,596.75,0.0
ORD002280,PROD0049,1,474.29,0.15
ORD008981,PROD0274,4,356.93,0.15
ORD017607,PROD0058,4,5552.05,0.2
ORD002688,PROD0002,4,1122.65,0.0
ORD013445,PROD0050,2,138.33,0.2
ORD010179,PROD0253,1,3782.92,0.05
ORD015244,PROD0131,3,719.35,0.1
ORD000549,PROD0021,4,2017.39,0.1
ORD004571,PROD0030,2,1536.54,0.1
ORD013180,PROD0215,5,496.9,0.1
ORD014679,PROD0137,4,445.2,0.1
ORD001791,PROD0003,5,2931.9,0.1
ORD009969,PROD0148,4,2479.32,0.05
ORD016064,PROD0023,3,529.99,0.0
ORD003485,PROD0178,3,1006.65,0.05
ORD003176,PROD0113,4,495.12,0.1
ORD011142,PROD0225,4,670.12,0.2
ORD015237,PROD0229,1,251.37,0.05
ORD014285,PROD0165,3,1341.44,0.05
ORD015404,PROD0261,2,1950.36,0.1
ORD003315,PROD0242,5,1251.99,0.0
ORD008149,PROD0038,5,1310.24,0.05
ORD017874,PROD0087,3,2381.84,0.0
ORD004110,PROD0103,5,814.61,0.0
ORD001595,PROD0238,2,1179.28,0.05
ORD010725,PROD0120,4,3592.34,0.1
ORD010427,PROD0251,2,1056.88,0.15
ORD001856,PROD0204,3,1064.24,0.05
ORD001864,PROD0205,2,315.35,0.15
ORD006332,PROD0152,3,3664.43,0.2
ORD003889,PROD0293,5,1136.47,0.15
ORD014013,PROD0188,4,5555.06,0.1
ORD005499,PROD0201,2,1107.62,0.1
ORD007605,PROD0273,5,1884.45,0.2
ORD003420,PROD0171,4,619.82,0.1
ORD012006,PROD0256,2,895.23,0.0
ORD005435,PROD0215,1,496.9,0.1
ORD017294,PROD0260,4,2453.91,0.05
ORD006982,PROD0243,5,4498.92,0.0
ORD017724,PROD0005,4,5350.44,0.15
ORD000045,PROD0095,5,853.11,0.1
ORD013535,PROD0121,4,1762.91,0.05
ORD016904,PROD0166,2,655.43,0.0
ORD001754,PROD0081,3,2207.21,0.0
ORD008710,PROD0021,1,2017.39,0.2
ORD005582,PROD0127,1,1166.2,0.15
ORD015593,PROD0260,5,2453.91,0.1
ORD002664,PROD0265,3,709.86,0.05
ORD015723,PROD0048,1,2692.11,0.1
ORD014172,PROD0255,2,2724.93,0.15
ORD009124,PROD0045,1,1204.82,0.0
ORD001455,PROD0097,3,2244.75,0.1
ORD010813,PROD0228,5,1012.55,0.0
ORD014041,PROD0101,4,3596.1,0.0
ORD016213,PROD0192,1,2094.72,0.0
ORD009302,PROD0004,3,1005.11,0.15
ORD007087,PROD0207,1,4103.55,0.0
ORD000335,PROD0133,5,737.29,0.0
ORD015398,PROD0224,2,4037.97,0.05
ORD017775,PROD0181,4,218.55,0.0
ORD010505,PROD0106,4,770.07,0.1
ORD013804,PROD0277,2,668.68,0.05
ORD014915,PROD0001,2,2228.63,0.05
ORD008472,PROD0155,1,383.07,0.15
ORD002546,PROD0047,5,743.87,0.0
ORD003200,PROD0033,4,726.59,0.0
ORD012816,PROD0213,5,475.42,0.1
ORD006713,PROD0222,4,803.44,0.1
ORD012984,PROD0300,3,2550.36,0.0
ORD008457,PROD0057,5,1480.61,0.15
ORD012199,PROD0016,1,2382.58,0.2
ORD007041,PROD0293,5,1136.47,0.2
ORD010288,PROD0157,2,1342.68,0.2
ORD014528,PROD0206,2,512.36,0.05
ORD017982,PROD0230,5,1187.41,0.15
ORD013546,PROD0298,5,392.05,0.05
ORD016996,PROD0007,4,838.82,0.05
ORD014946,PROD0060,4,511.57,0.1
ORD017213,PROD0041,3,566.23,0.05
ORD004885,PROD0202,3,1039.91,0.0
ORD005227,PROD0243,4,4498.92,0.05
ORD013387,PROD0217,3,748.27,0.1
ORD017459,PROD0087,3,2381.84,0.1
ORD007892,PROD0300,1,2550.36,0.2
ORD009526,PROD0238,5,1179.28,0.15
ORD006312,PROD0292,1,526.18,0.05
ORD015099,PROD0192,1,2094.72,0.0
ORD017053,PROD0170,3,1486.76,0.05
ORD011041,PROD0030,5,1536.54,0.1
ORD013943,PROD0006,2,997.09,0.1
ORD005919,PROD0024,2,3557.69,0.2
ORD005056,PROD0247,1,1013.19,0.0
ORD014020,PROD0029,1,1224.14,0.0
ORD010157,PROD0106,5,770.07,0.15
ORD013078,PROD0237,5,1008.9,0.15
ORD007223,PROD0144,1,1097.89,0.05
ORD002961,PROD0073,3,3798.83,0.2
ORD015850,PROD0078,4,1498.55,0.0
ORD015922,PROD0028,5,740.62,0.1
ORD016767,PROD0007,5,838.82,0.2
ORD001483,PROD0225,5,670.12,0.15
ORD001172,PROD0157,5,1342.68,0.2
ORD000338,PROD0157,2,1342.68,0.05
ORD001939,PROD0061,4,1808.63,0.05
ORD016520,PROD0066,4,705.54,0.15
ORD008007,PROD0056,3,1815.37,0.05
ORD014297,PROD0108,5,1195.6,0.0
ORD010802,PROD0202,4,1039.91,0.05
ORD004719,PROD0099,3,550.57,0.0
ORD009714,PROD0081,4,2207.21,0.05
ORD014759,PROD0098,2,1788.67,0.05
ORD015105,PROD0249,2,4012.64,0.15
ORD017750,PROD0050,2,138.33,0.1
ORD017167,PROD0184,5,734.18,0.2
ORD014141,PROD0144,1,1097.89,0.1
ORD009554,PROD0117,2,1622.14,0.05
ORD007991,PROD0016,2,2382.58,0.05
ORD013230,PROD0190,2,1494.94,0.05
ORD009397,PROD0107,1,416.19,0.15
ORD001994,PROD0191,1,425.27,0.0
ORD008687,PROD0108,2,1195.6,0.1
ORD016201,PROD0077,5,372.07,0.05
ORD012162,PROD0009,2,419.4,0.05
ORD004978,PROD0167,3,2511.68,0.15
ORD012837,PROD0052,5,1103.19,0.1
ORD002134,PROD0137,5,445.2,0.1
ORD003931,PROD0215,1,496.9,0.05
ORD002550,PROD0008,2,1428.37,0.05
ORD017221,PROD0204,1,1064.24,0.05
ORD005984,PROD0003,1,2931.9,0.05
ORD010818,PROD0158,1,1130.19,0.2
ORD011164,PROD0167,2,2511.68,0.15
ORD005461,PROD0224,3,4037.97,0.0
ORD015996,PROD0111,2,843.13,0.1
ORD012313,PROD0177,5,1733.37,0.15
ORD008939,PROD0217,1,748.27,0.1
ORD015939,PROD0226,3,322.28,0.05
ORD012845,PROD0206,2,512.36,0.0
ORD015259,PROD0224,4,4037.97,0.1
ORD017305,PROD0299,1,3528.34,0.1
ORD017697,PROD0076,3,1911.33,0.2
ORD010637,PROD0097,1,2244.75,0.05
ORD014973,PROD0041,5,566.23,0.1
ORD011353,PROD0298,4,392.05,0.05
ORD001748,PROD0256,4,895.23,0.15
ORD012819,PROD0004,4,1005.11,0.0
ORD008831,PROD0016,5,2382.58,0.0
ORD002776,PROD0056,3,1815.37,0.15
ORD017113,PROD0174,5,1681.39,0.1
ORD004221,PROD0210,2,539.67,0.05
ORD003270,PROD0133,3,737.29,0.1
ORD012867,PROD0072,2,4756.76,0.0
ORD000044,PROD0248,1,581.51,0.05
ORD007471,PROD0166,3,655.43,0.15
ORD003168,PROD0107,1,416.19,0.0
ORD014599,PROD0125,1,1338.46,0.2
ORD009054,PROD0081,1,2207.21,0.15
ORD011432,PROD0019,3,2132.91,0.15
ORD015578,PROD0105,4,813.74,0.2
ORD002951,PROD0105,2,813.74,0.2
ORD008847,PROD0225,5,670.12,0.2
ORD000554,PROD0271,3,1034.8,0.05
ORD010888,PROD0061,1,1808.63,0.0
ORD002447,PROD0033,1,726.59,0.1
ORD006700,PROD0063,2,453.52,0.05
ORD000489,PROD0197,2,774.0,0.0
ORD001554,PROD0208,1,1605.39,0.0
ORD004373,PROD0297,5,359.44,0.1
ORD005290,PROD0247,3,1013.19,0.05
ORD003484,PROD0127,2,1166.2,0.05
ORD005015,PROD0113,5,495.12,0.0
ORD005171,PROD0286,2,722.33,0.15
ORD008092,PROD0294,3,608.79,0.2
ORD015789,PROD0067,2,1836.4,0.2
ORD015735,PROD0082,5,835.72,0.0
ORD008912,PROD0214,5,285.7,0.0
ORD008081,PROD0111,3,843.13,0.15
ORD017043,PROD0228,3,1012.55,0.05
ORD008800,PROD0248,5,581.51,0.15
ORD003905,PROD0069,4,6450.78,0.05
ORD011276,PROD0048,3,2692.11,0.15
ORD015886,PROD0065,3,298.49,0.0
ORD001414,PROD0056,3,1815.37,0.05
ORD010952,PROD0176,2,890.34,0.15
ORD014811,PROD0284,5,1551.66,0.1
ORD004723,PROD0117,4,1622.14,0.05
ORD017201,PROD0134,3,938.67,0.1
ORD004578,PROD0049,5,474.29,0.2
ORD015161,PROD0061,3,1808.63,0.2
ORD004281,PROD0009,5,419.4,0.05
ORD004079,PROD0060,5,511.57,0.15
ORD011218,PROD0237,2,1008.9,0.1
ORD001903,PROD0081,1,2207.21,0.05
ORD003477,PROD0166,5,655.43,0.0
ORD001256,PROD0037,1,1059.57,0.05
ORD014605,PROD0071,4,1519.69,0.0
ORD012572,PROD0028,5,740.62,0.15
ORD010790,PROD0223,2,1507.47,0.1
ORD002320,PROD0290,2,3732.41,0.2
ORD004576,PROD0072,1,4756.76,0.0
ORD015509,PROD0181,2,218.55,0.05
ORD011439,PROD0271,2,1034.8,0.05
ORD000653,PROD0197,1,774.0,0.05
ORD005877,PROD0112,3,3157.32,0.2
ORD014953,PROD0037,5,1059.57,0.05
ORD016834,PROD0215,1,496.9,0.05
ORD016070,PROD0164,1,1896.67,0.0
ORD011470,PROD0190,1,1494.94,0.1
ORD012255,PROD0276,1,1150.97,0.15
ORD003250,PROD0148,3,2479.32,0.1
ORD011144,PROD0110,3,2045.64,0.1
ORD017291,PROD0030,4,1536.54,0.1
ORD010950,PROD0267,4,1411.95,0.1
ORD002318,PROD0290,2,3732.41,0.05
ORD009711,PROD0112,3,3157.32,0.15
ORD001472,PROD0102,1,1726.73,0.05
ORD004646,PROD0235,3,1069.09,0.2
ORD004917,PROD0048,5,2692.11,0.05
ORD007528,PROD0104,3,917.71,0.0
ORD016818,PROD0118,4,437.61,0.0
ORD017453,PROD0068,5,2579.6,0.1
ORD000578,PROD0226,4,322.28,0.0
ORD005733,PROD0102,4,1726.73,0.15
ORD003124,PROD0278,1,1418.31,0.0
ORD013181,PROD0300,5,2550.36,0.1
ORD009461,PROD0022,4,174.42,0.0
ORD002229,PROD0261,4,1950.36,0.1
ORD003863,PROD0069,3,6450.78,0.0
ORD008963,PROD0014,4,596.75,0.2
ORD009295,PROD0047,2,743.87,0.05
ORD005649,PROD0261,3,1950.36,0.05
ORD007373,PROD0225,2,670.12,0.0
ORD000181,PROD0275,1,1740.08,0.2
ORD015490,PROD0232,4,480.05,0.05
ORD006031,PROD0263,5,754.46,0.0
ORD017195,PROD0139,1,624.58,0.0
ORD000624,PROD0079,5,1557.75,0.05
ORD015112,PROD0101,2,3596.1,0.0
ORD002675,PROD0159,4,2084.31,0.1
ORD007387,PROD0003,5,2931.9,0.1
ORD008121,PROD0161,2,1467.22,0.0
ORD003290,PROD0031,5,2790.09,0.0
ORD015454,PROD0073,3,3798.83,0.1
ORD007328,PROD0069,2,6450.78,0.1
ORD012202,PROD0082,3,835.72,0.05
ORD011757,PROD0220,1,1249.15,0.15
ORD010791,PROD0083,5,1558.0,0.05
ORD003524,PROD0082,2,835.72,0.1
ORD005496,PROD0139,1,624.58,0.05
ORD000841,PROD0133,1,737.29,0.05
ORD009149,PROD0228,1,1012.55,0.0
ORD001020,PROD0147,4,1277.67,0.1
ORD002041,PROD0190,3,1494.94,0.0
ORD002573,PROD0234,3,1884.98,0.05
ORD017803,PROD0075,2,993.75,0.15
ORD017240,PROD0163,1,703.11,0.15
ORD003427,PROD0133,5,737.29,0.0
ORD017014,PROD0217,3,748.27,0.05
ORD008417,PROD0086,2,1292.77,0.0
ORD013427,PROD0001,2,2228.63,0.0
ORD000045,PROD0269,2,528.68,0.15
ORD002866,PROD0147,1,1277.67,0.0
ORD013661,PROD0086,5,1292.77,0.0
ORD005417,PROD0285,4,1253.77,0.05
ORD002608,PROD0094,3,1585.84,0.0
ORD002021,PROD0259,3,272.42,0.2
ORD006723,PROD0007,2,838.82,0.1
ORD000732,PROD0170,2,1486.76,0.05
ORD013668,PROD0062,1,1731.8,0.15
ORD001681,PROD0266,3,1066.97,0.05
ORD012833,PROD0159,1,2084.31,0.05
ORD015423,PROD0070,1,2065.33,0.0
ORD004840,PROD0070,5,2065.33,0.0
ORD008870,PROD0147,4,1277.67,0.0
ORD000330,PROD0027,1,5305.88,0.1
ORD005760,PROD0194,5,2044.13,0.0
ORD017734,PROD0177,3,1733.37,0.0
ORD013541,PROD0167,3,2511.68,0.05
ORD015627,PROD0058,3,5552.05,0.05
ORD006264,PROD0127,3,1166.2,0.0
ORD006769,PROD0204,4,1064.24,0.05
ORD010175,PROD0009,3,419.4,0.1
ORD007363,PROD0041,3,566.23,0.0
ORD009598,PROD0026,4,926.18,0.1
ORD014370,PROD0191,4,425.27,0.0
ORD001224,PROD0156,2,1302.29,0.1
ORD004918,PROD0053,5,499.98,0.05
ORD015610,PROD0072,2,4756.76,0.1
ORD003532,PROD0075,2,993.75,0.05
ORD016109,PROD0203,5,1208.94,0.05
ORD016109,PROD0159,5,2084.31,0.05
ORD003494,PROD0121,2,1762.91,0.1
ORD006740,PROD0205,5,315.35,0.15
ORD000444,PROD0299,1,3528.34,0.05
ORD008293,PROD0144,1,1097.89,0.2
ORD011138,PROD0203,2,1208.94,0.2
ORD005358,PROD0243,2,4498.92,0.1
ORD005995,PROD0245,5,258.37,0.1
ORD009671,PROD0159,4,2084.31,0.0
ORD013957,PROD0244,3,1140.3,0.0
ORD009369,PROD0159,3,2084.31,0.0
ORD015461,PROD0102,4,1726.73,0.2
ORD002095,PROD0199,4,919.06,0.05
ORD016956,PROD0286,4,722.33,0.05
ORD009473,PROD0102,1,1726.73,0.15
ORD004008,PROD0255,2,2724.93,0.0
ORD008058,PROD0019,3,2132.91,0.05
ORD010033,PROD0026,5,926.18,0.05
ORD009221,PROD0020,4,2005.81,0.05
ORD015718,PROD0131,2,719.35,0.1
ORD000136,PROD0235,3,1069.09,0.1
ORD005939,PROD0278,3,1418.31,0.05
ORD012819,PROD0290,2,3732.41,0.0
ORD012201,PROD0054,1,1149.11,0.15
ORD011878,PROD0056,4,1815.37,0.15
ORD005618,PROD0004,5,1005.11,0.1
ORD007558,PROD0218,3,852.15,0.15
ORD005572,PROD0130,5,1402.05,0.0
ORD001738,PROD0244,2,1140.3,0.05
ORD005820,PROD0006,5,997.09,0.1
ORD006716,PROD0166,1,655.43,0.1
ORD014783,PROD0133,4,737.29,0.15
ORD000118,PROD0243,5,4498.92,0.15
ORD008483,PROD0291,4,859.37,0.1
ORD013229,PROD0108,2,1195.6,0.05
ORD009017,PROD0103,5,814.61,0.1
ORD012687,PROD0052,3,1103.19,0.1
ORD013895,PROD0084,1,787.16,0.0
ORD011138,PROD0144,3,1097.89,0.1
ORD006346,PROD0014,3,596.75,0.05
ORD004610,PROD0103,3,814.61,0.0
ORD001419,PROD0264,5,409.67,0.05
ORD000847,PROD0043,4,950.69,0.05
ORD008262,PROD0124,5,7033.68,0.0
ORD001352,PROD0234,1,1884.98,0.0
ORD012819,PROD0115,5,1198.13,0.05
ORD014655,PROD0291,4,859.37,0.0
ORD013246,PROD0065,5,298.49,0.1
ORD007533,PROD0114,1,983.9,0.05
ORD008654,PROD0108,1,1195.6,0.15
ORD017550,PROD0076,3,1911.33,0.1
ORD015325,PROD0026,2,926.18,0.0
ORD001551,PROD0146,2,2912.21,0.05
ORD009115,PROD0264,4,409.67,0.0
ORD017078,PROD0249,1,4012.64,0.05
ORD005486,PROD0107,5,416.19,0.1
ORD016079,PROD0009,5,419.4,0.15
ORD001238,PROD0295,5,450.65,0.1
ORD007637,PROD0096,5,830.36,0.1
ORD013199,PROD0074,2,701.79,0.2
ORD003870,PROD0060,1,511.57,0.05
ORD012663,PROD0115,1,1198.13,0.15
ORD005767,PROD0114,4,983.9,0.05
ORD010485,PROD0046,5,423.5,0.05
ORD000091,PROD0264,3,409.67,0.05
ORD002920,PROD0090,1,1416.42,0.15
ORD015477,PROD0076,4,1911.33,0.0
ORD004959,PROD0035,2,914.62,0.0
ORD002241,PROD0172,3,3513.98,0.05
ORD001790,PROD0024,4,3557.69,0.2
ORD003302,PROD0144,2,1097.89,0.0
ORD007986,PROD0169,2,2484.01,0.05
ORD002419,PROD0044,3,2277.54,0.1
ORD000681,PROD0243,1,4498.92,0.05
ORD008831,PROD0168,5,1759.17,0.0
ORD017516,PROD0103,2,814.61,0.15
ORD004923,PROD0013,1,2230.9,0.1
ORD006519,PROD0180,5,374.36,0.15
ORD009596,PROD0246,2,484.36,0.0
ORD006671,PROD0122,5,768.92,0.0
ORD003751,PROD0123,2,2787.07,0.2
ORD009900,PROD0278,1,1418.31,0.0
ORD004195,PROD0253,5,3782.92,0.2
ORD005237,PROD0110,3,2045.64,0.15
ORD017779,PROD0264,1,409.67,0.2
ORD011798,PROD0256,3,895.23,0.15
ORD016983,PROD0032,5,1792.53,0.2
ORD014605,PROD0133,5,737.29,0.15
ORD001239,PROD0270,4,546.81,0.05
ORD004949,PROD0002,3,1122.65,0.1
ORD017091,PROD0167,3,2511.68,0.0
ORD003151,PROD0024,3,3557.69,0.1
ORD013873,PROD0013,1,2230.9,0.0
ORD000736,PROD0086,1,1292.77,0.1
ORD010465,PROD0233,2,865.79,0.0
ORD008898,PROD0275,4,1740.08,0.15
ORD000721,PROD0172,4,3513.98,0.0
ORD001383,PROD0260,3,2453.91,0.05
ORD010256,PROD0115,1,1198.13,0.2
ORD008812,PROD0181,4,218.55,0.15
ORD006290,PROD0028,5,740.62,0.1
ORD013428,PROD0298,4,392.05,0.1
ORD016821,PROD0049,3,474.29,0.0
ORD015759,PROD0272,1,834.67,0.05
ORD011996,PROD0026,1,926.18,0.1
ORD007018,PROD0092,4,2466.2,0.0
ORD011842,PROD0121,5,1762.91,0.2
ORD009271,PROD0119,3,1545.4,0.2
ORD016393,PROD0183,1,606.73,0.05
ORD006223,PROD0144,5,1097.89,0.0
ORD006411,PROD0176,2,890.34,0.05
ORD013813,PROD0244,3,1140.3,0.0
ORD003663,PROD0255,2,2724.93,0.0
ORD017131,PROD0166,5,655.43,0.1
ORD014569,PROD0112,2,3157.32,0.05
ORD005959,PROD0269,1,528.68,0.2
ORD011568,PROD0054,4,1149.11,0.2
ORD013124,PROD0182,1,1491.37,0.05
ORD007285,PROD0037,4,1059.57,0.0
ORD010139,PROD0192,4,2094.72,0.0
ORD006047,PROD0083,5,1558.0,0.05
ORD002807,PROD0052,4,1103.19,0.15
ORD015398,PROD0006,2,997.09,0.0
ORD004310,PROD0245,4,258.37,0.15
ORD009980,PROD0140,5,4498.4,0.1
ORD001887,PROD0139,3,624.58,0.15
ORD003438,PROD0200,1,1906.63,0.15
ORD000696,PROD0267,3,1411.95,0.05
ORD016395,PROD0010,4,1326.68,0.15
ORD005412,PROD0285,5,1253.77,0.1
ORD012872,PROD0125,1,1338.46,0.05
ORD007600,PROD0109,3,315.2,0.05
ORD010087,PROD0098,4,1788.67,0.1
ORD006465,PROD0065,3,298.49,0.1
ORD001660,PROD0006,4,997.09,0.1
ORD017815,PROD0045,5,1204.82,0.05
ORD008692,PROD0180,1,374.36,0.0
ORD006892,PROD0034,4,1106.13,0.0
ORD011012,PROD0112,2,3157.32,0.0
ORD011204,PROD0167,3,2511.68,0.15
ORD016518,PROD0018,5,1106.42,0.1
ORD007007,PROD0160,2,2652.37,0.15
ORD004768,PROD0287,4,1180.58,0.0
ORD012759,PROD0256,4,895.23,0.0
ORD006237,PROD0292,4,526.18,0.0
ORD013726,PROD0110,1,2045.64,0.05
ORD003432,PROD0152,3,3664.43,0.15
ORD008826,PROD0010,4,1326.68,0.1
ORD014982,PROD0088,3,255.81,0.1
ORD006854,PROD0059,3,3884.69,0.0
ORD003669,PROD0150,5,1469.35,0.0
ORD016756,PROD0078,2,1498.55,0.05
ORD008280,PROD0002,1,1122.65,0.0
ORD011354,PROD0024,5,3557.69,0.05
ORD008068,PROD0146,5,2912.21,0.0
ORD007579,PROD0274,2,356.93,0.05
ORD010152,PROD0181,2,218.55,0.1
ORD013090,PROD0063,1,453.52,0.1
ORD014157,PROD0116,3,435.35,0.1
ORD002441,PROD0269,4,528.68,0.15
ORD006550,PROD0271,3,1034.8,0.2
ORD016669,PROD0090,3,1416.42,0.05
ORD011884,PROD0117,5,1622.14,0.05
ORD017153,PROD0107,2,416.19,0.1
ORD000922,PROD0168,4,1759.17,0.1
ORD000103,PROD0123,4,2787.07,0.05
ORD017201,PROD0229,1,251.37,0.0
ORD008139,PROD0009,5,419.4,0.15
ORD012205,PROD0015,2,768.6,0.1
ORD013653,PROD0119,2,1545.4,0.0
ORD008320,PROD0089,2,390.25,0.2
ORD013833,PROD0191,5,425.27,0.05
ORD011477,PROD0106,1,770.07,0.1
ORD002283,PROD0177,1,1733.37,0.05
ORD012888,PROD0167,3,2511.68,0.2
ORD006276,PROD0031,4,2790.09,0.15
ORD013551,PROD0090,5,1416.42,0.1
ORD010083,PROD0223,1,1507.47,0.15
ORD017612,PROD0175,2,2260.04,0.0
ORD016677,PROD0015,4,768.6,0.1
ORD001469,PROD0276,1,1150.97,0.0
ORD000110,PROD0064,1,706.46,0.1
ORD017229,PROD0261,4,1950.36,0.1
ORD000020,PROD0238,2,1179.28,0.05
ORD002546,PROD0109,1,315.2,0.05
ORD003709,PROD0137,4,445.2,0.05
ORD006968,PROD0176,2,890.34,0.1
ORD016597,PROD0287,1,1180.58,0.0
ORD014858,PROD0239,4,3878.85,0.15
ORD006640,PROD0171,2,619.82,0.0
ORD007380,PROD0242,5,1251.99,0.2
ORD003926,PROD0255,1,2724.93,0.2
ORD004714,PROD0029,4,1224.14,0.05
ORD015307,PROD0174,5,1681.39,0.1
ORD010929,PROD0224,3,4037.97,0.0
ORD007366,PROD0092,3,2466.2,0.1
ORD015232,PROD0026,2,926.18,0.1
ORD001622,PROD0086,3,1292.77,0.05
ORD013407,PROD0109,2,315.2,0.0
ORD004024,PROD0173,5,1893.36,0.0
ORD001708,PROD0040,2,5448.94,0.1
ORD004620,PROD0087,2,2381.84,0.05
ORD005137,PROD0298,5,392.05,0.15
ORD009464,PROD0118,5,437.61,0.2
ORD010403,PROD0011,5,569.66,0.1
ORD003929,PROD0199,5,919.06,0.1
ORD017467,PROD0182,4,1491.37,0.15
ORD009066,PROD0205,2,315.35,0.05
ORD001164,PROD0129,2,2715.49,0.15
ORD013730,PROD0027,3,5305.88,0.05
ORD009063,PROD0061,2,1808.63,0.0
ORD002300,PROD0123,1,2787.07,0.15
ORD017655,PROD0128,1,414.27,0.05
ORD010531,PROD0232,1,480.05,0.05
ORD001227,PROD0142,1,536.55,0.1
ORD016920,PROD0114,2,983.9,0.1
ORD002063,PROD0029,5,1224.14,0.05
ORD001295,PROD0148,3,2479.32,0.05
ORD002718,PROD0037,5,1059.57,0.1
ORD000767,PROD0150,2,1469.35,0.15
ORD000750,PROD0128,3,414.27,0.2
ORD015317,PROD0183,1,606.73,0.1
ORD015424,PROD0268,2,1593.82,0.0
ORD014183,PROD0226,5,322.28,0.15
ORD012299,PROD0026,3,926.18,0.1
ORD001552,PROD0100,2,1535.02,0.2
ORD000215,PROD0240,2,1736.87,0.0
ORD002915,PROD0118,4,437.61,0.0
ORD016456,PROD0274,2,356.93,0.2
ORD001873,PROD0189,4,260.5,0.15
ORD003922,PROD0025,2,585.99,0.2
ORD002309,PROD0076,3,1911.33,0.05
ORD002388,PROD0278,3,1418.31,0.2
ORD014466,PROD0203,2,1208.94,0.15
ORD016032,PROD0266,1,1066.97,0.1
ORD001056,PROD0125,2,1338.46,0.0
ORD009059,PROD0249,1,4012.64,0.15
ORD015717,PROD0244,3,1140.3,0.1
ORD004265,PROD0108,1,1195.6,0.0
ORD000568,PROD0139,2,624.58,0.05
ORD000777,PROD0016,3,2382.58,0.0
ORD007797,PROD0153,2,192.77,0.0
ORD006921,PROD0194,2,2044.13,0.1
ORD013841,PROD0174,4,1681.39,0.0
ORD000967,PROD0139,3,624.58,0.05
ORD004199,PROD0198,5,1910.21,0.0
ORD009580,PROD0123,1,2787.07,0.0
ORD012268,PROD0156,3,1302.29,0.15
ORD002995,PROD0172,4,3513.98,0.05
ORD017669,PROD0100,1,1535.02,0.0
ORD007644,PROD0245,4,258.37,0.0
ORD014310,PROD0273,5,1884.45,0.05
ORD007787,PROD0040,1,5448.94,0.05
ORD010002,PROD0198,3,1910.21,0.15
ORD003055,PROD0075,5,993.75,0.05
ORD005918,PROD0165,3,1341.44,0.0
ORD000657,PROD0238,3,1179.28,0.05
ORD003886,PROD0209,2,4636.93,0.0
ORD000303,PROD0065,1,298.49,0.2
ORD012891,PROD0286,5,722.33,0.1
ORD010254,PROD0212,3,936.47,0.05
ORD012512,PROD0279,5,1760.62,0.15
ORD001007,PROD0250,1,468.3,0.0
ORD006249,PROD0245,3,258.37,0.0
ORD014499,PROD0031,3,2790.09,0.1
ORD017822,PROD0197,1,774.0,0.0
ORD017760,PROD0180,1,374.36,0.05
ORD009295,PROD0100,3,1535.02,0.15
ORD016230,PROD0017,2,5213.81,0.15
ORD005917,PROD0047,2,743.87,0.1
ORD017516,PROD0119,4,1545.4,0.0
ORD006494,PROD0056,2,1815.37,0.1
ORD013657,PROD0047,2,743.87,0.1
ORD007876,PROD0219,2,1088.5,0.1
ORD008795,PROD0074,5,701.79,0.0
ORD008902,PROD0028,3,740.62,0.0
ORD005586,PROD0056,4,1815.37,0.05
ORD010123,PROD0066,1,705.54,0.15
ORD004851,PROD0251,4,1056.88,0.05
ORD005975,PROD0136,3,4655.74,0.0
ORD017488,PROD0292,3,526.18,0.0
ORD004779,PROD0031,5,2790.09,0.1
ORD014001,PROD0181,5,218.55,0.0
ORD010589,PROD0208,1,1605.39,0.1
ORD013670,PROD0209,4,4636.93,0.15
ORD015399,PROD0179,4,608.27,0.15
ORD010294,PROD0139,2,624.58,0.05
ORD009411,PROD0153,4,192.77,0.0
ORD009647,PROD0180,1,374.36,0.05
ORD006650,PROD0077,4,372.07,0.1
ORD000098,PROD0191,1,425.27,0.0
ORD003920,PROD0117,2,1622.14,0.15
ORD010199,PROD0004,3,1005.11,0.0
ORD006888,PROD0008,5,1428.37,0.0
ORD010465,PROD0175,3,2260.04,0.05
ORD004201,PROD0060,1,511.57,0.2
ORD003941,PROD0112,5,3157.32,0.05
ORD015118,PROD0078,1,1498.55,0.0
ORD012703,PROD0196,2,624.67,0.0
ORD009762,PROD0164,5,1896.67,0.1
ORD012052,PROD0215,3,496.9,0.0
ORD017685,PROD0166,4,655.43,0.1
ORD009607,PROD0276,4,1150.97,0.2
ORD014871,PROD0095,5,853.11,0.15
ORD013991,PROD0178,2,1006.65,0.1
ORD011654,PROD0130,1,1402.05,0.0
ORD001629,PROD0080,4,1973.58,0.05
ORD013248,PROD0267,2,1411.95,0.1
ORD015206,PROD0230,1,1187.41,0.1
ORD013777,PROD0090,5,1416.42,0.15
ORD015826,PROD0122,2,768.92,0.1
ORD002131,PROD0241,5,215.23,0.05
ORD012876,PROD0133,5,737.29,0.1
ORD003648,PROD0046,3,423.5,0.15
ORD008244,PROD0039,3,748.33,0.2
ORD013676,PROD0056,5,1815.37,0.05
ORD003301,PROD0264,2,409.67,0.2
ORD001693,PROD0009,3,419.4,0.1
ORD005249,PROD0156,1,1302.29,0.05
ORD005474,PROD0216,1,2535.43,0.05
ORD007612,PROD0040,2,5448.94,0.15
ORD005875,PROD0052,1,1103.19,0.15
ORD017795,PROD0251,5,1056.88,0.05
ORD011883,PROD0290,1,3732.41,0.0
ORD012478,PROD0055,3,1758.65,0.1
ORD012811,PROD0230,1,1187.41,0.1
ORD013753,PROD0287,1,1180.58,0.0
ORD011270,PROD0047,1,743.87,0.15
ORD014125,PROD0128,5,414.27,0.1
ORD002560,PROD0192,2,2094.72,0.1
ORD001503,PROD0029,2,1224.14,0.2
ORD010022,PROD0222,4,803.44,0.05
ORD000730,PROD0005,3,5350.44,0.1
ORD007610,PROD0008,2,1428.37,0.1
ORD007291,PROD0050,4,138.33,0.05
ORD009615,PROD0062,1,1731.8,0.05
ORD014291,PROD0013,5,2230.9,0.05
ORD011033,PROD0297,1,359.44,0.0
ORD010402,PROD0147,5,1277.67,0.05
ORD016260,PROD0216,3,2535.43,0.15
ORD016985,PROD0246,2,484.36,0.15
ORD010014,PROD0052,3,1103.19,0.0
ORD014577,PROD0241,2,215.23,0.1
ORD017900,PROD0285,2,1253.77,0.0
ORD015760,PROD0062,1,1731.8,0.15
ORD006485,PROD0010,5,1326.68,0.0
ORD005245,PROD0270,1,546.81,0.2
ORD004559,PROD0059,3,3884.69,0.2
ORD000330,PROD0239,4,3878.85,0.05
ORD009041,PROD0024,5,3557.69,0.0
ORD005340,PROD0144,3,1097.89,0.0
ORD002915,PROD0075,3,993.75,0.2
ORD013561,PROD0243,1,4498.92,0.1
ORD016844,PROD0030,4,1536.54,0.15
ORD010059,PROD0130,2,1402.05,0.0
ORD003842,PROD0107,4,416.19,0.2
ORD014105,PROD0036,5,2265.4,0.1
ORD013501,PROD0013,4,2230.9,0.15
ORD009791,PROD0261,2,1950.36,0.15
ORD001872,PROD0241,5,215.23,0.2
ORD005687,PROD0171,2,619.82,0.0
ORD001788,PROD0263,3,754.46,0.2
ORD014331,PROD0076,2,1911.33,0.15
ORD004836,PROD0271,2,1034.8,0.1
ORD012694,PROD0062,3,1731.8,0.05
ORD009756,PROD0147,2,1277.67,0.05
ORD014778,PROD0167,1,2511.68,0.0
ORD012754,PROD0129,1,2715.49,0.15
ORD017851,PROD0094,4,1585.84,0.05
ORD001360,PROD0247,2,1013.19,0.05
ORD013732,PROD0152,2,3664.43,0.05
ORD014534,PROD0285,4,1253.77,0.0
ORD008485,PROD0062,1,1731.8,0.15
ORD008175,PROD0219,2,1088.5,0.1
ORD015312,PROD0011,1,569.66,0.1
ORD009744,PROD0232,2,480.05,0.2
ORD006296,PROD0261,3,1950.36,0.15
ORD004775,PROD0275,1,1740.08,0.05
ORD015475,PROD0120,3,3592.34,0.15
ORD011551,PROD0114,4,983.9,0.1
ORD014610,PROD0239,5,3878.85,0.05
ORD006546,PROD0220,3,1249.15,0.1
ORD009507,PROD0122,3,768.92,0.1
ORD014523,PROD0188,1,5555.06,0.15
ORD008104,PROD0092,4,2466.2,0.2
ORD015994,PROD0297,2,359.44,0.0
ORD013221,PROD0164,1,1896.67,0.1
ORD004379,PROD0155,5,383.07,0.15
ORD010199,PROD0054,2,1149.11,0.1
ORD007962,PROD0168,4,1759.17,0.05
ORD010580,PROD0165,5,1341.44,0.0
ORD000356,PROD0216,3,2535.43,0.2
ORD011254,PROD0269,5,528.68,0.1
ORD014541,PROD0071,1,1519.69,0.05
ORD017308,PROD0282,2,1059.41,0.15
ORD005597,PROD0106,2,770.07,0.05
ORD010859,PROD0248,3,581.51,0.0
ORD011864,PROD0093,4,2481.82,0.1
ORD012113,PROD0056,2,1815.37,0.1
ORD007874,PROD0096,3,830.36,0.05
ORD005865,PROD0040,4,5448.94,0.15
ORD003738,PROD0232,4,480.05,0.0
ORD008831,PROD0115,4,1198.13,0.15
ORD002461,PROD0145,5,2107.82,0.05
ORD005254,PROD0058,2,5552.05,0.0
ORD008353,PROD0161,4,1467.22,0.1
ORD000786,PROD0056,4,1815.37,0.15
ORD016687,PROD0099,2,550.57,0.0
ORD008175,PROD0231,4,1734.21,0.15
ORD004462,PROD0175,5,2260.04,0.1
ORD009448,PROD0144,3,1097.89,0.1
ORD007674,PROD0140,5,4498.4,0.1
ORD013396,PROD0128,3,414.27,0.1
ORD015246,PROD0145,2,2107.82,0.05
ORD015265,PROD0199,2,919.06,0.05
ORD003055,PROD0243,3,4498.92,0.2
ORD011522,PROD0216,3,2535.43,0.0
ORD017510,PROD0098,2,1788.67,0.2
ORD015606,PROD0034,5,1106.13,0.1
ORD011380,PROD0227,4,663.99,0.05
ORD006936,PROD0065,1,298.49,0.05
ORD013159,PROD0064,1,706.46,0.1
ORD000624,PROD0265,5,709.86,0.1
ORD017009,PROD0201,2,1107.62,0.05
ORD015789,PROD0241,1,215.23,0.0
ORD007480,PROD0275,3,1740.08,0.0
ORD009024,PROD0091,1,402.26,0.15
ORD010861,PROD0056,2,1815.37,0.0
ORD013095,PROD0075,3,993.75,0.15
ORD003583,PROD0104,2,917.71,0.05
ORD002871,PROD0091,5,402.26,0.2
ORD008171,PROD0214,1,285.7,0.1
ORD008868,PROD0078,2,1498.55,0.05
ORD013038,PROD0262,5,1081.48,0.1
ORD006676,PROD0218,5,852.15,0.15
ORD012378,PROD0195,2,525.15,0.15
ORD017146,PROD0258,3,814.14,0.05
ORD003352,PROD0230,4,1187.41,0.05
ORD000163,PROD0088,4,255.81,0.2
ORD008740,PROD0087,2,2381.84,0.0
ORD011000,PROD0132,5,1663.98,0.05
ORD009267,PROD0094,1,1585.84,0.15
ORD001757,PROD0095,5,853.11,0.05
ORD003091,PROD0059,2,3884.69,0.0
ORD016748,PROD0014,1,596.75,0.05
ORD017061,PROD0241,3,215.23,0.15
ORD014193,PROD0229,2,251.37,0.1
ORD010541,PROD0173,5,1893.36,0.1
ORD000871,PROD0043,2,950.69,0.0
ORD006076,PROD0082,4,835.72,0.1
ORD013347,PROD0238,3,1179.28,0.15
ORD002983,PROD0293,5,1136.47,0.0
ORD014498,PROD0021,2,2017.39,0.1
ORD012304,PROD0248,2,581.51,0.15
ORD013610,PROD0036,4,2265.4,0.1
ORD014581,PROD0056,4,1815.37,0.05
ORD013544,PROD0035,3,914.62,0.0
ORD001087,PROD0221,5,861.75,0.2
ORD004614,PROD0228,1,1012.55,0.1
ORD001948,PROD0114,2,983.9,0.0
ORD007726,PROD0129,2,2715.49,0.15
ORD009307,PROD0047,3,743.87,0.05
ORD007399,PROD0265,3,709.86,0.05
ORD012137,PROD0009,3,419.4,0.15
ORD000601,PROD0077,3,372.07,0.2
ORD009383,PROD0081,3,2207.21,0.15
ORD007853,PROD0170,2,1486.76,0.15
ORD014005,PROD0197,5,774.0,0.0
ORD008377,PROD0262,2,1081.48,0.0
ORD016784,PROD0168,1,1759.17,0.1
ORD003891,PROD0155,5,383.07,0.0
ORD002916,PROD0294,4,608.79,0.15
ORD009197,PROD0099,5,550.57,0.0
ORD010213,PROD0129,3,2715.49,0.05
ORD002155,PROD0014,2,596.75,0.05
ORD015339,PROD0121,5,1762.91,0.1
ORD016381,PROD0179,3,608.27,0.15
ORD008862,PROD0114,2,983.9,0.05
ORD015154,PROD0110,2,2045.64,0.0
ORD008783,PROD0060,4,511.57,0.05
ORD017397,PROD0274,1,356.93,0.15
ORD007758,PROD0099,5,550.57,0.0
ORD004881,PROD0256,2,895.23,0.0
ORD004833,PROD0199,4,919.06,0.2
ORD009034,PROD0259,3,272.42,0.05
ORD001526,PROD0008,4,1428.37,0.15
ORD015326,PROD0286,2,722.33,0.05
ORD011985,PROD0296,1,605.83,0.15
ORD012818,PROD0040,4,5448.94,0.15
ORD016761,PROD0043,3,950.69,0.0
ORD008978,PROD0003,3,2931.9,0.15
ORD012210,PROD0083,4,1558.0,0.0
ORD007924,PROD0147,3,1277.67,0.05
ORD008810,PROD0277,5,668.68,0.0
ORD002812,PROD0223,3,1507.47,0.1
ORD002563,PROD0281,4,5213.75,0.15
ORD005943,PROD0241,3,215.23,0.15
ORD009529,PROD0221,3,861.75,0.0
ORD002207,PROD0273,4,1884.45,0.05
ORD000744,PROD0127,5,1166.2,0.0
ORD001787,PROD0044,3,2277.54,0.1
ORD013021,PROD0182,1,1491.37,0.1
ORD008295,PROD0259,5,272.42,0.1
ORD004811,PROD0093,1,2481.82,0.05
ORD013247,PROD0244,3,1140.3,0.15
ORD004646,PROD0250,1,468.3,0.05
ORD003985,PROD0012,2,2384.44,0.05
ORD005623,PROD0239,5,3878.85,0.1
ORD012449,PROD0016,2,2382.58,0.05
ORD012844,PROD0101,4,3596.1,0.05
ORD004093,PROD0018,2,1106.42,0.1
ORD008881,PROD0273,5,1884.45,0.1
ORD008208,PROD0199,2,919.06,0.1
ORD003555,PROD0259,1,272.42,0.0
ORD017103,PROD0165,4,1341.44,0.1
ORD016928,PROD0041,3,566.23,0.15
ORD014483,PROD0098,5,1788.67,0.2
ORD013353,PROD0126,2,648.87,0.15
ORD015706,PROD0021,1,2017.39,0.0
ORD002210,PROD0007,2,838.82,0.2
ORD002054,PROD0023,5,529.99,0.0
ORD017366,PROD0030,4,1536.54,0.15
ORD006124,PROD0025,2,585.99,0.0
ORD015150,PROD0267,3,1411.95,0.0
ORD002367,PROD0006,5,997.09,0.0
ORD008170,PROD0124,3,7033.68,0.1
ORD008456,PROD0260,5,2453.91,0.05
ORD014468,PROD0137,5,445.2,0.1
ORD001873,PROD0299,2,3528.34,0.1
ORD009712,PROD0112,1,3157.32,0.1
ORD016583,PROD0028,2,740.62,0.05
ORD017316,PROD0177,2,1733.37,0.0
ORD005584,PROD0013,5,2230.9,0.1
ORD005480,PROD0288,4,1099.87,0.0
ORD003167,PROD0054,1,1149.11,0.05
ORD015969,PROD0270,5,546.81,0.05
ORD003365,PROD0187,2,2575.23,0.2
ORD002543,PROD0041,3,566.23,0.15
ORD007432,PROD0134,5,938.67,0.15
ORD000311,PROD0193,5,3394.61,0.0
ORD011402,PROD0033,5,726.59,0.1
ORD002749,PROD0063,2,453.52,0.05
ORD016989,PROD0040,3,5448.94,0.05
ORD006873,PROD0139,1,624.58,0.0
ORD011594,PROD0044,3,2277.54,0.0
ORD014623,PROD0211,1,1092.8,0.05
ORD014249,PROD0092,2,2466.2,0.2
ORD011347,PROD0230,5,1187.41,0.05
ORD006166,PROD0152,1,3664.43,0.0
ORD010050,PROD0159,5,2084.31,0.1
ORD005477,PROD0075,5,993.75,0.15
ORD017306,PROD0013,3,2230.9,0.1
ORD001194,PROD0294,2,608.79,0.2
ORD009810,PROD0192,5,2094.72,0.1
ORD014692,PROD0170,2,1486.76,0.15
ORD007667,PROD0104,5,917.71,0.0
ORD016407,PROD0174,5,1681.39,0.2
ORD001904,PROD0017,2,5213.81,0.0
ORD003622,PROD0006,3,997.09,0.0
ORD007422,PROD0036,2,2265.4,0.15
ORD014759,PROD0219,3,1088.5,0.0
ORD014413,PROD0073,3,3798.83,0.1
ORD012643,PROD0057,1,1480.61,0.1
ORD008455,PROD0018,2,1106.42,0.0
ORD015075,PROD0217,3,748.27,0.1
ORD005599,PROD0078,5,1498.55,0.05
ORD004333,PROD0199,2,919.06,0.0
ORD017152,PROD0029,2,1224.14,0.0
ORD000047,PROD0295,3,450.65,0.05
ORD003797,PROD0132,4,1663.98,0.1
ORD001746,PROD0008,1,1428.37,0.1
ORD008588,PROD0087,3,2381.84,0.15
ORD015828,PROD0284,1,1551.66,0.1
ORD017387,PROD0226,4,322.28,0.05
ORD016060,PROD0183,1,606.73,0.15
ORD014680,PROD0004,1,1005.11,0.05
ORD015669,PROD0152,4,3664.43,0.05
ORD009641,PROD0080,4,1973.58,0.05
ORD017738,PROD0287,5,1180.58,0.1
ORD015900,PROD0026,1,926.18,0.1
ORD006377,PROD0076,4,1911.33,0.1
ORD015529,PROD0045,5,1204.82,0.1
ORD004578,PROD0274,4,356.93,0.0
ORD000890,PROD0122,2,768.92,0.15
ORD014253,PROD0164,2,1896.67,0.1
ORD004781,PROD0294,4,608.79,0.0
ORD007016,PROD0182,3,1491.37,0.1
ORD004904,PROD0149,4,231.51,0.05
ORD009452,PROD0199,4,919.06,0.1
ORD001780,PROD0173,5,1893.36,0.2
ORD010255,PROD0174,3,1681.39,0.0
ORD013952,PROD0289,3,1376.41,0.1
ORD004880,PROD0137,2,445.2,0.15
ORD016551,PROD0120,3,3592.34,0.0
ORD001854,PROD0252,3,1091.64,0.0
ORD013348,PROD0116,4,435.35,0.1
ORD014341,PROD0050,3,138.33,0.0
ORD007769,PROD0028,3,740.62,0.05
ORD012991,PROD0240,5,1736.87,0.05
ORD009725,PROD0085,1,2361.96,0.05
ORD008603,PROD0074,5,701.79,0.15
ORD008946,PROD0071,5,1519.69,0.2
ORD000698,PROD0151,4,938.09,0.15
ORD012162,PROD0055,1,1758.65,0.05
ORD009013,PROD0125,4,1338.46,0.15
ORD013779,PROD0281,2,5213.75,0.05
ORD011877,PROD0015,1,768.6,0.2
ORD012859,PROD0091,2,402.26,0.05
ORD002411,PROD0003,3,2931.9,0.0
ORD012247,PROD0250,3,468.3,0.15
ORD011982,PROD0197,5,774.0,0.05
ORD010561,PROD0128,3,414.27,0.1
ORD000996,PROD0124,2,7033.68,0.1
ORD007179,PROD0144,2,1097.89,0.0
ORD004445,PROD0230,1,1187.41,0.1
ORD002993,PROD0152,1,3664.43,0.1
ORD010348,PROD0293,3,1136.47,0.05
ORD000234,PROD0078,4,1498.55,0.1
ORD008310,PROD0287,4,1180.58,0.0
ORD005597,PROD0106,4,770.07,0.05
ORD006847,PROD0277,4,668.68,0.0
ORD017872,PROD0173,4,1893.36,0.0
ORD002796,PROD0085,3,2361.96,0.0
ORD006782,PROD0123,2,2787.07,0.1
ORD010553,PROD0289,5,1376.41,0.1
ORD017655,PROD0225,1,670.12,0.0
ORD005703,PROD0100,2,1535.02,0.0
ORD013030,PROD0208,5,1605.39,0.05
ORD012547,PROD0094,1,1585.84,0.0
ORD002709,PROD0144,3,1097.89,0.1
ORD011959,PROD0139,5,624.58,0.05
ORD011911,PROD0245,4,258.37,0.1
ORD012220,PROD0239,1,3878.85,0.0
ORD000527,PROD0037,4,1059.57,0.15
ORD004480,PROD0218,2,852.15,0.0
ORD011711,PROD0268,3,1593.82,0.05
ORD007806,PROD0044,4,2277.54,0.05
ORD009097,PROD0068,4,2579.6,0.2
ORD009911,PROD0252,1,1091.64,0.1
ORD004653,PROD0215,4,496.9,0.15
ORD002804,PROD0244,2,1140.3,0.1
ORD000217,PROD0037,4,1059.57,0.05
ORD013767,PROD0023,2,529.99,0.2
ORD016024,PROD0224,3,4037.97,0.2
ORD008247,PROD0107,3,416.19,0.2
ORD006408,PROD0019,4,2132.91,0.05
ORD008729,PROD0125,1,1338.46,0.0
ORD009073,PROD0178,3,1006.65,0.0
ORD013593,PROD0212,4,936.47,0.05
ORD006139,PROD0007,3,838.82,0.0
ORD016057,PROD0111,3,843.13,0.2
ORD002968,PROD0032,3,1792.53,0.05
ORD011899,PROD0296,5,605.83,0.1
ORD014192,PROD0006,4,997.09,0.1
ORD007306,PROD0300,2,2550.36,0.2
ORD012552,PROD0154,4,611.42,0.1
ORD011219,PROD0219,3,1088.5,0.2
ORD003159,PROD0210,3,539.67,0.0
ORD008152,PROD0052,4,1103.19,0.1
ORD009037,PROD0035,5,914.62,0.1
ORD000550,PROD0251,3,1056.88,0.1
ORD001059,PROD0299,1,3528.34,0.05
ORD010629,PROD0115,3,1198.13,0.0
ORD007144,PROD0236,1,1243.22,0.0
ORD011220,PROD0147,4,1277.67,0.15
ORD010793,PROD0073,5,3798.83,0.15
ORD017765,PROD0118,5,437.61,0.0
ORD005686,PROD0081,1,2207.21,0.0
ORD000835,PROD0067,3,1836.4,0.1
ORD003389,PROD0104,3,917.71,0.0
ORD014098,PROD0082,5,835.72,0.05
ORD008413,PROD0011,1,569.66,0.05
ORD001285,PROD0248,5,581.51,0.1
ORD009497,PROD0106,1,770.07,0.05
ORD005106,PROD0068,3,2579.6,0.05
ORD010105,PROD0242,5,1251.99,0.15
ORD003141,PROD0035,1,914.62,0.05
ORD000311,PROD0130,1,1402.05,0.0
ORD006851,PROD0020,4,2005.81,0.05
ORD016598,PROD0245,1,258.37,0.05
ORD003091,PROD0223,1,1507.47,0.2
ORD008596,PROD0187,2,2575.23,0.0
ORD014492,PROD0108,5,1195.6,0.15
ORD014803,PROD0249,5,4012.64,0.0
ORD014963,PROD0081,3,2207.21,0.05
ORD001921,PROD0091,2,402.26,0.0
ORD013691,PROD0069,1,6450.78,0.1
ORD006357,PROD0038,1,1310.24,0.0
ORD009133,PROD0019,2,2132.91,0.05
ORD016453,PROD0265,3,709.86,0.1
ORD005799,PROD0115,3,1198.13,0.1
ORD007969,PROD0146,3,2912.21,0.0
ORD000648,PROD0165,1,1341.44,0.05
ORD003048,PROD0125,3,1338.46,0.15
ORD014572,PROD0064,3,706.46,0.0
ORD004414,PROD0055,3,1758.65,0.0
ORD000868,PROD0112,1,3157.32,0.0
ORD005084,PROD0067,1,1836.4,0.2
ORD010690,PROD0249,1,4012.64,0.0
ORD008994,PROD0131,2,719.35,0.0
ORD013193,PROD0076,4,1911.33,0.2
ORD017161,PROD0110,3,2045.64,0.1
ORD017108,PROD0125,4,1338.46,0.1
ORD006829,PROD0261,3,1950.36,0.05
ORD008322,PROD0208,2,1605.39,0.1
ORD001931,PROD0107,4,416.19,0.05
ORD017005,PROD0275,2,1740.08,0.05
ORD012420,PROD0190,1,1494.94,0.0
ORD013596,PROD0283,2,1585.65,0.2
ORD000475,PROD0045,1,1204.82,0.0
ORD011010,PROD0268,4,1593.82,0.1
ORD013694,PROD0265,1,709.86,0.1
ORD006425,PROD0027,1,5305.88,0.1
ORD001350,PROD0054,3,1149.11,0.0
ORD004407,PROD0102,3,1726.73,0.15
ORD013916,PROD0154,1,611.42,0.15
ORD008058,PROD0289,4,1376.41,0.1
ORD005914,PROD0145,4,2107.82,0.1
ORD002872,PROD0019,2,2132.91,0.05
ORD014043,PROD0296,5,605.83,0.0
ORD011161,PROD0298,1,392.05,0.0
ORD002181,PROD0116,3,435.35,0.1
ORD017628,PROD0046,4,423.5,0.0
ORD004665,PROD0151,4,938.09,0.0
ORD014531,PROD0275,4,1740.08,0.15
ORD013898,PROD0117,4,1622.14,0.15
ORD004730,PROD0187,4,2575.23,0.15
ORD017463,PROD0025,2,585.99,0.1
ORD000496,PROD0081,5,2207.21,0.15
ORD002103,PROD0220,1,1249.15,0.1
ORD017929,PROD0031,5,2790.09,0.05
ORD002692,PROD0244,1,1140.3,0.2
ORD006247,PROD0199,4,919.06,0.2
ORD001563,PROD0199,2,919.06,0.0
ORD015906,PROD0238,3,1179.28,0.05
ORD014051,PROD0147,4,1277.67,0.05
ORD005290,PROD0076,5,1911.33,0.0
ORD017115,PROD0166,1,655.43,0.1
ORD000544,PROD0071,4,1519.69,0.1
ORD011083,PROD0254,3,1021.7,0.0
ORD000801,PROD0071,4,1519.69,0.15
ORD012805,PROD0287,5,1180.58,0.0
ORD002286,PROD0236,2,1243.22,0.1
ORD003051,PROD0059,5,3884.69,0.15
ORD000724,PROD0288,3,1099.87,0.05
ORD011660,PROD0251,1,1056.88,0.0
ORD009977,PROD0090,1,1416.42,0.0
ORD016025,PROD0207,3,4103.55,0.1
ORD017818,PROD0145,2,2107.82,0.05
ORD016893,PROD0063,1,453.52,0.0
ORD017044,PROD0166,4,655.43,0.15
ORD010438,PROD0102,4,1726.73,0.0
ORD004883,PROD0261,1,1950.36,0.15
ORD017392,PROD0101,3,3596.1,0.15
ORD001455,PROD0210,3,539.67,0.0
ORD001387,PROD0168,5,1759.17,0.0
ORD003917,PROD0224,4,4037.97,0.1
ORD015931,PROD0090,1,1416.42,0.05
ORD012127,PROD0234,4,1884.98,0.1
ORD006324,PROD0131,2,719.35,0.05
ORD009578,PROD0193,3,3394.61,0.0
ORD017482,PROD0125,2,1338.46,0.1
ORD002281,PROD0294,3,608.79,0.05
ORD009365,PROD0109,3,315.2,0.0
ORD003096,PROD0131,2,719.35,0.05
ORD004536,PROD0058,4,5552.05,0.0
ORD003501,PROD0273,4,1884.45,0.05
ORD010475,PROD0261,5,1950.36,0.1
ORD010385,PROD0253,1,3782.92,0.0
ORD004146,PROD0254,2,1021.7,0.0
ORD012519,PROD0222,4,803.44,0.05
ORD003452,PROD0048,2,2692.11,0.05
ORD016105,PROD0060,1,511.57,0.15
ORD004594,PROD0121,2,1762.91,0.15
ORD010141,PROD0212,4,936.47,0.05
ORD011623,PROD0266,1,1066.97,0.0
ORD003421,PROD0255,4,2724.93,0.05
ORD009251,PROD0070,4,2065.33,0.15
ORD012588,PROD0091,3,402.26,0.0
ORD014488,PROD0279,5,1760.62,0.05
ORD008800,PROD0230,4,1187.41,0.2
ORD015693,PROD0108,5,1195.6,0.0
ORD011778,PROD0165,3,1341.44,0.0
ORD009073,PROD0140,4,4498.4,0.05
ORD012523,PROD0231,2,1734.21,0.05
ORD005520,PROD0003,5,2931.9,0.1
ORD012308,PROD0004,4,1005.11,0.15
ORD017063,PROD0133,1,737.29,0.0
ORD017495,PROD0106,2,770.07,0.05
ORD001177,PROD0279,2,1760.62,0.0
ORD009811,PROD0036,1,2265.4,0.1
ORD005418,PROD0104,5,917.71,0.1
ORD003825,PROD0009,2,419.4,0.05
ORD001948,PROD0236,2,1243.22,0.0
ORD010480,PROD0080,5,1973.58,0.1
ORD003816,PROD0095,4,853.11,0.1
ORD005907,PROD0148,3,2479.32,0.15
ORD017976,PROD0160,1,2652.37,0.05
ORD015427,PROD0285,2,1253.77,0.15
ORD002522,PROD0249,5,4012.64,0.15
ORD001560,PROD0202,4,1039.91,0.15
ORD013117,PROD0165,4,1341.44,0.0
ORD000258,PROD0090,1,1416.42,0.0
ORD013682,PROD0070,4,2065.33,0.15
ORD017773,PROD0074,3,701.79,0.1
ORD002405,PROD0018,4,1106.42,0.1
ORD014229,PROD0064,4,706.46,0.05
ORD008689,PROD0061,1,1808.63,0.1
ORD017861,PROD0021,2,2017.39,0.1
ORD007845,PROD0268,1,1593.82,0.0
ORD013515,PROD0290,1,3732.41,0.05
ORD006030,PROD0278,4,1418.31,0.2
ORD000359,PROD0025,1,585.99,0.05
ORD010248,PROD0033,3,726.59,0.0
ORD005679,PROD0119,3,1545.4,0.05
ORD016209,PROD0036,4,2265.4,0.05
ORD009857,PROD0180,3,374.36,0.1
ORD014230,PROD0020,3,2005.81,0.1
ORD016404,PROD0198,3,1910.21,0.0
ORD002472,PROD0118,2,437.61,0.15
ORD010534,PROD0139,4,624.58,0.05
ORD009271,PROD0248,3,581.51,0.1
ORD008889,PROD0233,5,865.79,0.05
ORD015549,PROD0276,1,1150.97,0.2
ORD016378,PROD0215,3,496.9,0.1
ORD012083,PROD0069,3,6450.78,0.2
ORD012195,PROD0243,3,4498.92,0.15
ORD006205,PROD0067,4,1836.4,0.1
ORD008540,PROD0287,3,1180.58,0.1
ORD013950,PROD0057,1,1480.61,0.1
ORD009541,PROD0093,5,2481.82,0.1
ORD015208,PROD0162,3,377.71,0.0
ORD002697,PROD0300,1,2550.36,0.1
ORD004053,PROD0128,2,414.27,0.05
ORD012339,PROD0124,2,7033.68,0.05
ORD007649,PROD0118,1,437.61,0.0
ORD014575,PROD0110,5,2045.64,0.15
ORD016974,PROD0151,5,938.09,0.05
ORD015622,PROD0075,2,993.75,0.05
ORD011631,PROD0153,1,192.77,0.1
ORD000628,PROD0222,1,803.44,0.2
ORD011913,PROD0081,4,2207.21,0.0
ORD010232,PROD0112,2,3157.32,0.0
ORD014764,PROD0128,2,414.27,0.05
ORD017019,PROD0022,4,174.42,0.15
ORD007597,PROD0297,5,359.44,0.15
ORD010938,PROD0099,3,550.57,0.0
ORD009715,PROD0066,3,705.54,0.05
ORD010637,PROD0127,3,1166.2,0.05
ORD002669,PROD0217,4,748.27,0.0
ORD012209,PROD0026,2,926.18,0.1
ORD016191,PROD0108,3,1195.6,0.1
ORD009379,PROD0246,2,484.36,0.0
ORD000928,PROD0161,5,1467.22,0.0
ORD003792,PROD0082,3,835.72,0.05
ORD010062,PROD0014,4,596.75,0.05
ORD015899,PROD0280,3,239.29,0.0
ORD017725,PROD0171,4,619.82,0.0
ORD009539,PROD0069,4,6450.78,0.0
ORD012199,PROD0185,3,592.37,0.15
ORD010358,PROD0218,1,852.15,0.0
ORD014847,PROD0140,2,4498.4,0.1
ORD002270,PROD0185,3,592.37,0.0
ORD016774,PROD0299,4,3528.34,0.15
ORD005654,PROD0189,3,260.5,0.0
ORD012248,PROD0157,4,1342.68,0.0
ORD008490,PROD0038,4,1310.24,0.1
ORD006734,PROD0066,3,705.54,0.2
ORD001531,PROD0053,5,499.98,0.0
ORD015922,PROD0210,4,539.67,0.0
ORD017063,PROD0193,1,3394.61,0.05
ORD011792,PROD0116,2,435.35,0.05
ORD013262,PROD0086,2,1292.77,0.1
ORD015943,PROD0146,3,2912.21,0.15
ORD010528,PROD0247,4,1013.19,0.05
ORD006890,PROD0108,1,1195.6,0.1
ORD011274,PROD0145,3,2107.82,0.0
ORD014400,PROD0120,5,3592.34,0.2
ORD015839,PROD0223,4,1507.47,0.05
ORD001633,PROD0090,4,1416.42,0.0
ORD013239,PROD0267,3,1411.95,0.05
ORD008640,PROD0193,5,3394.61,0.0
ORD002667,PROD0099,1,550.57,0.05
ORD007203,PROD0079,3,1557.75,0.15
ORD001368,PROD0109,5,315.2,0.0
ORD007395,PROD0248,4,581.51,0.0
ORD005276,PROD0202,4,1039.91,0.0
ORD010311,PROD0154,4,611.42,0.05
ORD008136,PROD0005,5,5350.44,0.0
ORD005769,PROD0152,4,3664.43,0.15
ORD013391,PROD0083,5,1558.0,0.1
ORD007443,PROD0002,4,1122.65,0.2
ORD017561,PROD0046,2,423.5,0.2
ORD001213,PROD0241,4,215.23,0.05
ORD015273,PROD0154,3,611.42,0.1
ORD010456,PROD0107,5,416.19,0.1
ORD009969,PROD0283,4,1585.65,0.1
ORD016442,PROD0190,2,1494.94,0.0
ORD007335,PROD0275,5,1740.08,0.1
ORD012904,PROD0284,2,1551.66,0.1
ORD011482,PROD0246,5,484.36,0.05
ORD004733,PROD0056,2,1815.37,0.05
ORD005513,PROD0254,2,1021.7,0.05
ORD002481,PROD0174,2,1681.39,0.0
ORD006994,PROD0105,5,813.74,0.15
ORD007747,PROD0125,4,1338.46,0.05
ORD006863,PROD0249,5,4012.64,0.2
ORD001416,PROD0163,3,703.11,0.0
ORD000001,PROD0166,2,655.43,0.1
ORD009404,PROD0081,2,2207.21,0.05
ORD010752,PROD0055,5,1758.65,0.05
ORD013084,PROD0166,4,655.43,0.1
ORD004229,PROD0222,4,803.44,0.1
ORD010663,PROD0276,3,1150.97,0.05
ORD012333,PROD0293,4,1136.47,0.15
ORD012329,PROD0283,5,1585.65,0.15
ORD013237,PROD0128,1,414.27,0.0
ORD007830,PROD0028,5,740.62,0.1
ORD006254,PROD0238,1,1179.28,0.0
ORD003916,PROD0002,2,1122.65,0.0
ORD004604,PROD0280,5,239.29,0.05
ORD010965,PROD0239,1,3878.85,0.0
ORD000570,PROD0059,2,3884.69,0.0
ORD001947,PROD0159,1,2084.31,0.15
ORD008062,PROD0258,4,814.14,0.05
ORD000388,PROD0293,2,1136.47,0.05
ORD016515,PROD0061,2,1808.63,0.2
ORD009393,PROD0160,5,2652.37,0.15
ORD006055,PROD0063,3,453.52,0.1
ORD017083,PROD0138,1,2041.26,0.1
ORD011046,PROD0252,3,1091.64,0.0
ORD015439,PROD0260,4,2453.91,0.1
ORD001335,PROD0223,5,1507.47,0.0
ORD015131,PROD0164,5,1896.67,0.0
ORD007803,PROD0159,2,2084.31,0.1
ORD011556,PROD0016,4,2382.58,0.0
ORD017447,PROD0056,5,1815.37,0.0
ORD006814,PROD0125,5,1338.46,0.0
ORD014014,PROD0009,5,419.4,0.05
ORD013860,PROD0213,2,475.42,0.05
ORD008596,PROD0178,1,1006.65,0.1
ORD011833,PROD0001,1,2228.63,0.15
ORD002213,PROD0046,2,423.5,0.0
ORD017497,PROD0079,3,1557.75,0.1
ORD004055,PROD0135,3,1098.25,0.05
ORD010625,PROD0283,1,1585.65,0.2
ORD003767,PROD0097,4,2244.75,0.15
ORD017557,PROD0152,2,3664.43,0.05
ORD011968,PROD0026,4,926.18,0.1
ORD012512,PROD0264,1,409.67,0.0
ORD007463,PROD0040,4,5448.94,0.05
ORD003665,PROD0199,3,919.06,0.15
ORD010990,PROD0290,3,3732.41,0.0
ORD012133,PROD0243,1,4498.92,0.05
ORD017805,PROD0187,2,2575.23,0.2
ORD005009,PROD0213,2,475.42,0.0
ORD009939,PROD0108,3,1195.6,0.05
ORD012389,PROD0012,5,2384.44,0.0
ORD005136,PROD0041,5,566.23,0.0
ORD004694,PROD0153,2,192.77,0.05
ORD002346,PROD0152,1,3664.43,0.05
ORD016342,PROD0029,1,1224.14,0.1
ORD006655,PROD0157,2,1342.68,0.2
ORD010684,PROD0126,3,648.87,0.2
ORD014296,PROD0012,1,2384.44,0.1
ORD012410,PROD0008,2,1428.37,0.2
ORD014322,PROD0047,1,743.87,0.2
ORD005714,PROD0046,2,423.5,0.0
ORD007343,PROD0130,1,1402.05,0.1
ORD016029,PROD0118,2,437.61,0.05
ORD010776,PROD0238,4,1179.28,0.0
ORD000538,PROD0176,2,890.34,0.0
ORD005056,PROD0031,3,2790.09,0.1
ORD003242,PROD0209,4,4636.93,0.1
ORD003497,PROD0085,2,2361.96,0.1
ORD000711,PROD0297,2,359.44,0.1
ORD016588,PROD0268,4,1593.82,0.1
ORD005696,PROD0118,1,437.61,0.1
ORD002389,PROD0239,4,3878.85,0.0
ORD000615,PROD0104,1,917.71,0.15
ORD001808,PROD0131,1,719.35,0.1
ORD017574,PROD0067,4,1836.4,0.0
ORD012890,PROD0281,3,5213.75,0.05
ORD014734,PROD0125,1,1338.46,0.05
ORD012990,PROD0280,2,239.29,0.05
ORD014765,PROD0040,5,5448.94,0.1
ORD009362,PROD0287,1,1180.58,0.15
ORD009150,PROD0003,5,2931.9,0.1
ORD002811,PROD0266,4,1066.97,0.05
ORD008562,PROD0246,1,484.36,0.0
ORD004670,PROD0092,3,2466.2,0.0
ORD007943,PROD0064,5,706.46,0.05
ORD008430,PROD0126,5,648.87,0.1
ORD000808,PROD0022,5,174.42,0.2
ORD008543,PROD0145,5,2107.82,0.05
ORD016195,PROD0169,5,2484.01,0.1
ORD013532,PROD0132,2,1663.98,0.0
ORD012588,PROD0052,5,1103.19,0.1
ORD013458,PROD0146,5,2912.21,0.05
ORD004070,PROD0214,4,285.7,0.15
ORD003801,PROD0133,2,737.29,0.05
ORD011705,PROD0183,2,606.73,0.1
ORD011431,PROD0076,2,1911.33,0.1
ORD015913,PROD0298,3,392.05,0.05
ORD016332,PROD0034,5,1106.13,0.0
ORD010197,PROD0041,4,566.23,0.1
ORD015136,PROD0259,2,272.42,0.0
ORD010744,PROD0288,4,1099.87,0.15
ORD009783,PROD0300,4,2550.36,0.1
ORD015305,PROD0188,3,5555.06,0.15
ORD004777,PROD0065,1,298.49,0.15
ORD003298,PROD0130,3,1402.05,0.1
ORD012024,PROD0045,1,1204.82,0.05
ORD015722,PROD0227,1,663.99,0.05
ORD010613,PROD0008,1,1428.37,0.0
ORD002017,PROD0058,3,5552.05,0.0
ORD011655,PROD0051,3,257.94,0.15
ORD012071,PROD0101,2,3596.1,0.05
ORD010433,PROD0151,5,938.09,0.0
ORD003649,PROD0278,2,1418.31,0.1
ORD001588,PROD0013,3,2230.9,0.1
ORD017823,PROD0265,4,709.86,0.0
ORD016327,PROD0281,4,5213.75,0.0
ORD005707,PROD0175,2,2260.04,0.15
ORD016352,PROD0059,2,3884.69,0.0
ORD009481,PROD0098,1,1788.67,0.1
ORD017083,PROD0212,1,936.47,0.0
ORD000383,PROD0180,1,374.36,0.05
ORD016160,PROD0297,1,359.44,0.05
ORD009799,PROD0028,4,740.62,0.05
ORD003409,PROD0041,5,566.23,0.1
ORD010516,PROD0079,3,1557.75,0.0
ORD004417,PROD0073,1,3798.83,0.1
ORD013627,PROD0006,2,997.09,0.1
ORD003210,PROD0001,3,2228.63,0.15
ORD013121,PROD0224,3,4037.97,0.05
ORD005211,PROD0256,3,895.23,0.05
ORD016181,PROD0027,2,5305.88,0.15
ORD005481,PROD0097,1,2244.75,0.2
ORD014604,PROD0044,5,2277.54,0.05
ORD008329,PROD0114,2,983.9,0.0
ORD008065,PROD0188,1,5555.06,0.05
ORD001956,PROD0247,5,1013.19,0.2
ORD015086,PROD0242,5,1251.99,0.15
ORD002062,PROD0108,2,1195.6,0.15
ORD008718,PROD0225,5,670.12,0.2
ORD001688,PROD0044,4,2277.54,0.0
ORD001406,PROD0191,4,425.27,0.05
ORD002987,PROD0270,3,546.81,0.1
ORD007823,PROD0212,2,936.47,0.0
ORD000556,PROD0221,1,861.75,0.0
ORD016427,PROD0263,5,754.46,0.2
ORD011441,PROD0259,2,272.42,0.2
ORD005199,PROD0181,3,218.55,0.15
ORD007683,PROD0228,3,1012.55,0.2
ORD006902,PROD0032,1,1792.53,0.1
ORD007701,PROD0272,3,834.67,0.0
ORD014450,PROD0019,2,2132.91,0.05
ORD007989,PROD0200,3,1906.63,0.15
ORD002991,PROD0042,2,5997.9,0.2
ORD010729,PROD0130,5,1402.05,0.15
ORD004478,PROD0006,5,997.09,0.15
ORD003250,PROD0100,5,1535.02,0.1
ORD016365,PROD0117,4,1622.14,0.1
ORD010026,PROD0282,3,1059.41,0.0
ORD002248,PROD0093,1,2481.82,0.0
ORD006337,PROD0298,3,392.05,0.1
ORD001405,PROD0121,1,1762.91,0.1
ORD007554,PROD0063,4,453.52,0.15
ORD000632,PROD0004,4,1005.11,0.1
ORD002978,PROD0289,2,1376.41,0.1
ORD006389,PROD0054,4,1149.11,0.0
ORD000951,PROD0025,5,585.99,0.1
ORD008418,PROD0282,2,1059.41,0.2
ORD015389,PROD0110,3,2045.64,0.05
ORD009302,PROD0161,2,1467.22,0.05
ORD006702,PROD0199,4,919.06,0.1
ORD016820,PROD0224,5,4037.97,0.05
ORD005557,PROD0066,4,705.54,0.0
ORD008885,PROD0284,3,1551.66,0.1
ORD003435,PROD0116,5,435.35,0.1
ORD002138,PROD0023,2,529.99,0.1
ORD002455,PROD0218,4,852.15,0.1
ORD015537,PROD0098,4,1788.67,0.0
ORD004662,PROD0289,1,1376.41,0.05
ORD003591,PROD0199,5,919.06,0.15
ORD002732,PROD0178,1,1006.65,0.2
ORD003818,PROD0040,4,5448.94,0.2
ORD013350,PROD0081,1,2207.21,0.15
ORD017587,PROD0291,3,859.37,0.05
ORD004500,PROD0059,4,3884.69,0.0
ORD016032,PROD0178,3,1006.65,0.05
ORD012554,PROD0088,1,255.81,0.05
ORD007620,PROD0148,3,2479.32,0.05
ORD014557,PROD0264,4,409.67,0.1
ORD005412,PROD0039,4,748.33,0.0
ORD013887,PROD0118,2,437.61,0.1
ORD003679,PROD0195,1,525.15,0.2
ORD014221,PROD0072,2,4756.76,0.05
ORD013145,PROD0226,4,322.28,0.05
ORD010190,PROD0014,2,596.75,0.05
ORD011144,PROD0195,4,525.15,0.1
ORD006797,PROD0201,4,1107.62,0.15
ORD013418,PROD0154,4,611.42,0.2
ORD003218,PROD0115,1,1198.13,0.1
ORD011064,PROD0209,2,4636.93,0.05
ORD000656,PROD0003,3,2931.9,0.05
ORD003654,PROD0056,2,1815.37,0.0
ORD000469,PROD0024,1,3557.69,0.05
ORD007220,PROD0076,1,1911.33,0.15
ORD007784,PROD0205,5,315.35,0.15
ORD013446,PROD0281,3,5213.75,0.15
ORD010560,PROD0222,3,803.44,0.05
ORD007882,PROD0176,5,890.34,0.1
ORD005119,PROD0068,5,2579.6,0.0
ORD006069,PROD0048,2,2692.11,0.1
ORD008055,PROD0244,2,1140.3,0.1
ORD013052,PROD0230,2,1187.41,0.1
ORD000820,PROD0261,1,1950.36,0.05
ORD013579,PROD0074,4,701.79,0.1
ORD014484,PROD0180,2,374.36,0.0
ORD004345,PROD0084,3,787.16,0.05
ORD002822,PROD0074,2,701.79,0.05
ORD009912,PROD0168,4,1759.17,0.0
ORD017069,PROD0101,2,3596.1,0.0
ORD012909,PROD0217,1,748.27,0.15
ORD017966,PROD0198,4,1910.21,0.1
ORD005853,PROD0276,1,1150.97,0.1
ORD001114,PROD0276,1,1150.97,0.05
ORD009873,PROD0102,1,1726.73,0.0
ORD012318,PROD0112,3,3157.32,0.05
ORD005586,PROD0007,5,838.82,0.15
ORD011551,PROD0175,5,2260.04,0.0
ORD001681,PROD0029,5,1224.14,0.15
ORD015631,PROD0047,3,743.87,0.1
ORD016142,PROD0002,3,1122.65,0.05
ORD008632,PROD0132,1,1663.98,0.15
ORD013686,PROD0183,5,606.73,0.1
ORD001473,PROD0067,5,1836.4,0.2
ORD010253,PROD0249,2,4012.64,0.05
ORD013277,PROD0297,4,359.44,0.05
ORD005164,PROD0178,2,1006.65,0.0
ORD000720,PROD0154,5,611.42,0.15
ORD014076,PROD0235,1,1069.09,0.15
ORD016778,PROD0277,1,668.68,0.0
ORD002390,PROD0276,2,1150.97,0.2
ORD011067,PROD0052,4,1103.19,0.05
ORD003656,PROD0047,3,743.87,0.15
ORD006949,PROD0242,5,1251.99,0.1
ORD010990,PROD0220,5,1249.15,0.15
ORD001885,PROD0199,5,919.06,0.1
ORD014896,PROD0273,3,1884.45,0.15
ORD004149,PROD0169,1,2484.01,0.1
ORD017038,PROD0229,4,251.37,0.15
ORD005554,PROD0127,1,1166.2,0.1
ORD010146,PROD0205,3,315.35,0.0
ORD000436,PROD0151,1,938.09,0.05
ORD013650,PROD0079,1,1557.75,0.0
ORD012562,PROD0085,2,2361.96,0.1
ORD015884,PROD0071,3,1519.69,0.1
ORD003173,PROD0179,2,608.27,0.15
ORD003918,PROD0089,3,390.25,0.05
ORD017936,PROD0053,5,499.98,0.2
ORD008857,PROD0169,2,2484.01,0.05
ORD002411,PROD0155,3,383.07,0.1
ORD005680,PROD0082,5,835.72,0.05
ORD007195,PROD0240,4,1736.87,0.1
ORD005786,PROD0223,5,1507.47,0.1
ORD016923,PROD0143,4,2026.75,0.0
ORD001237,PROD0112,5,3157.32,0.1
ORD011585,PROD0260,4,2453.91,0.1
ORD005032,PROD0164,1,1896.67,0.2
ORD006570,PROD0006,2,997.09,0.05
ORD008050,PROD0150,1,1469.35,0.0
ORD017860,PROD0060,2,511.57,0.15
ORD004496,PROD0215,4,496.9,0.1
ORD000736,PROD0095,2,853.11,0.05
ORD008107,PROD0026,4,926.18,0.0
ORD014317,PROD0011,3,569.66,0.05
ORD013665,PROD0091,4,402.26,0.1
ORD017006,PROD0050,3,138.33,0.2
ORD002129,PROD0202,3,1039.91,0.1
ORD006673,PROD0244,2,1140.3,0.1
ORD016898,PROD0136,5,4655.74,0.05
ORD007643,PROD0071,1,1519.69,0.05
ORD001642,PROD0217,5,748.27,0.1
ORD014206,PROD0241,5,215.23,0.1
ORD017472,PROD0193,5,3394.61,0.1
ORD003530,PROD0131,1,719.35,0.2
ORD012647,PROD0299,4,3528.34,0.05
ORD014859,PROD0161,2,1467.22,0.15
ORD003867,PROD0071,4,1519.69,0.0
ORD015955,PROD0242,2,1251.99,0.0
ORD015568,PROD0108,3,1195.6,0.0
ORD001177,PROD0123,5,2787.07,0.0
ORD013541,PROD0015,2,768.6,0.05
ORD016213,PROD0281,5,5213.75,0.2
ORD016376,PROD0001,3,2228.63,0.05
ORD005132,PROD0192,2,2094.72,0.15
ORD001427,PROD0202,1,1039.91,0.05
ORD002555,PROD0238,5,1179.28,0.1
ORD003278,PROD0016,4,2382.58,0.1
ORD015791,PROD0184,3,734.18,0.0
ORD005401,PROD0140,2,4498.4,0.1
ORD016727,PROD0136,5,4655.74,0.15
ORD017958,PROD0072,4,4756.76,0.0
ORD017095,PROD0090,2,1416.42,0.05
ORD011314,PROD0073,5,3798.83,0.05
ORD002005,PROD0256,1,895.23,0.1
ORD004859,PROD0297,2,359.44,0.05
ORD006531,PROD0188,5,5555.06,0.05
ORD008039,PROD0020,5,2005.81,0.15
ORD004752,PROD0078,2,1498.55,0.15
ORD017679,PROD0230,3,1187.41,0.05
ORD011778,PROD0111,5,843.13,0.0
ORD017323,PROD0156,4,1302.29,0.15
ORD000155,PROD0098,1,1788.67,0.1
ORD009049,PROD0194,3,2044.13,0.05
ORD001434,PROD0037,4,1059.57,0.2
ORD005300,PROD0095,4,853.11,0.2
ORD009060,PROD0064,3,706.46,0.1
ORD006315,PROD0157,4,1342.68,0.2
ORD008481,PROD0135,4,1098.25,0.05
ORD015502,PROD0172,4,3513.98,0.15
ORD005232,PROD0187,4,2575.23,0.1
ORD013083,PROD0042,1,5997.9,0.0
ORD016873,PROD0124,3,7033.68,0.05
ORD016443,PROD0116,5,435.35,0.0
ORD008220,PROD0146,1,2912.21,0.15
ORD013068,PROD0045,3,1204.82,0.1
ORD003724,PROD0282,3,1059.41,0.0
ORD017325,PROD0121,1,1762.91,0.1
ORD012760,PROD0013,1,2230.9,0.0
ORD015258,PROD0292,2,526.18,0.05
ORD010144,PROD0066,4,705.54,0.2
ORD014036,PROD0033,4,726.59,0.05
ORD012470,PROD0251,1,1056.88,0.0
ORD015606,PROD0046,2,423.5,0.0
ORD011135,PROD0023,2,529.99,0.0
ORD007038,PROD0240,3,1736.87,0.0
ORD017011,PROD0151,1,938.09,0.0
ORD009933,PROD0200,4,1906.63,0.0
ORD012869,PROD0095,4,853.11,0.05
ORD014804,PROD0151,1,938.09,0.05
ORD009533,PROD0049,1,474.29,0.15
ORD013831,PROD0231,3,1734.21,0.0
ORD001319,PROD0297,2,359.44,0.1
ORD009735,PROD0015,2,768.6,0.15
ORD003072,PROD0033,4,726.59,0.0
ORD011079,PROD0149,5,231.51,0.0
ORD014031,PROD0137,5,445.2,0.0
ORD016904,PROD0222,4,803.44,0.0
ORD004358,PROD0117,1,1622.14,0.0
ORD016116,PROD0028,3,740.62,0.05
ORD006153,PROD0222,5,803.44,0.0
ORD001290,PROD0106,5,770.07,0.1
ORD004320,PROD0153,2,192.77,0.0
ORD016960,PROD0021,1,2017.39,0.1
ORD009888,PROD0016,2,2382.58,0.05
ORD008393,PROD0258,4,814.14,0.0
ORD002622,PROD0292,2,526.18,0.15
ORD010128,PROD0165,4,1341.44,0.15
ORD004446,PROD0113,2,495.12,0.05
ORD003811,PROD0135,1,1098.25,0.05
ORD013896,PROD0256,2,895.23,0.1
ORD015367,PROD0041,2,566.23,0.05
ORD004588,PROD0263,1,754.46,0.05
ORD007750,PROD0053,4,499.98,0.05
ORD015766,PROD0114,2,983.9,0.15
ORD006152,PROD0188,5,5555.06,0.0
ORD009189,PROD0169,1,2484.01,0.1
ORD003237,PROD0033,4,726.59,0.05
ORD008717,PROD0008,5,1428.37,0.15
ORD011772,PROD0001,3,2228.63,0.15
ORD004064,PROD0288,4,1099.87,0.1
ORD009275,PROD0172,2,3513.98,0.15
ORD014860,PROD0024,1,3557.69,0.1
ORD005700,PROD0224,1,4037.97,0.0
ORD015564,PROD0242,5,1251.99,0.1
ORD016554,PROD0152,5,3664.43,0.05
ORD009067,PROD0265,3,709.86,0.05
ORD005524,PROD0241,5,215.23,0.0
ORD005278,PROD0235,5,1069.09,0.15
ORD009054,PROD0256,1,895.23,0.2
ORD016056,PROD0300,4,2550.36,0.15
ORD007688,PROD0040,3,5448.94,0.1
ORD002011,PROD0217,2,748.27,0.15
ORD011924,PROD0170,1,1486.76,0.05
ORD002857,PROD0269,5,528.68,0.15
ORD017767,PROD0021,2,2017.39,0.05
ORD002189,PROD0129,3,2715.49,0.15
ORD008961,PROD0058,1,5552.05,0.05
ORD005581,PROD0144,2,1097.89,0.2
ORD004450,PROD0087,2,2381.84,0.0
ORD003434,PROD0241,5,215.23,0.1
ORD017484,PROD0113,2,495.12,0.1
ORD011400,PROD0123,2,2787.07,0.1
ORD004418,PROD0185,3,592.37,0.1
ORD000263,PROD0027,2,5305.88,0.1
ORD004574,PROD0060,1,511.57,0.2
ORD016349,PROD0107,2,416.19,0.05
ORD007609,PROD0058,5,5552.05,0.1
ORD011112,PROD0263,3,754.46,0.1
ORD016025,PROD0076,3,1911.33,0.1
ORD017149,PROD0296,4,605.83,0.05
ORD015186,PROD0240,2,1736.87,0.05
ORD005447,PROD0266,5,1066.97,0.05
ORD000620,PROD0076,4,1911.33,0.05
ORD006801,PROD0277,4,668.68,0.2
ORD008431,PROD0294,5,608.79,0.2
ORD012274,PROD0049,4,474.29,0.15
ORD013265,PROD0079,3,1557.75,0.0
ORD009544,PROD0288,5,1099.87,0.05
ORD008192,PROD0070,4,2065.33,0.0
ORD017895,PROD0289,3,1376.41,0.15
ORD000169,PROD0083,4,1558.0,0.0
ORD002711,PROD0226,1,322.28,0.1
ORD002977,PROD0158,4,1130.19,0.1
ORD017055,PROD0027,4,5305.88,0.05
ORD015967,PROD0282,5,1059.41,0.15
ORD004327,PROD0087,1,2381.84,0.0
ORD007870,PROD0187,3,2575.23,0.05
ORD003989,PROD0156,5,1302.29,0.05
ORD016137,PROD0004,3,1005.11,0.05
ORD005462,PROD0203,3,1208.94,0.1
ORD006223,PROD0012,1,2384.44,0.05
ORD001598,PROD0230,3,1187.41,0.1
ORD009333,PROD0257,3,994.46,0.0
ORD000418,PROD0184,3,734.18,0.0
ORD000934,PROD0215,2,496.9,0.0
ORD007969,PROD0096,2,830.36,0.05
ORD002137,PROD0115,2,1198.13,0.2
ORD012594,PROD0231,4,1734.21,0.0
ORD003823,PROD0182,3,1491.37,0.1
ORD014535,PROD0028,5,740.62,0.05
ORD004915,PROD0202,4,1039.91,0.1
ORD010223,PROD0208,5,1605.39,0.0
ORD014922,PROD0117,2,1622.14,0.05
ORD010485,PROD0125,3,1338.46,0.05
ORD000803,PROD0086,4,1292.77,0.0
ORD008425,PROD0042,2,5997.9,0.1
ORD001334,PROD0280,1,239.29,0.1
ORD010651,PROD0094,1,1585.84,0.05
ORD015787,PROD0072,2,4756.76,0.1
ORD010785,PROD0282,3,1059.41,0.05
ORD016262,PROD0175,4,2260.04,0.05
ORD004485,PROD0176,1,890.34,0.15
ORD001159,PROD0064,1,706.46,0.05
ORD002445,PROD0222,4,803.44,0.05
ORD014961,PROD0146,5,2912.21,0.1
ORD014584,PROD0296,1,605.83,0.15
ORD017498,PROD0291,3,859.37,0.15
ORD013532,PROD0148,2,2479.32,0.05
ORD001833,PROD0140,4,4498.4,0.0
ORD008497,PROD0059,2,3884.69,0.0
ORD013774,PROD0233,3,865.79,0.0
ORD015089,PROD0120,3,3592.34,0.0
ORD003236,PROD0165,2,1341.44,0.2
ORD001973,PROD0236,3,1243.22,0.05
ORD004456,PROD0295,2,450.65,0.1
ORD006100,PROD0183,4,606.73,0.05
ORD001787,PROD0158,4,1130.19,0.2
ORD013553,PROD0067,1,1836.4,0.1
ORD015449,PROD0114,4,983.9,0.1
ORD014754,PROD0053,2,499.98,0.05
ORD010234,PROD0170,5,1486.76,0.1
ORD005605,PROD0284,2,1551.66,0.15
ORD008070,PROD0055,4,1758.65,0.2
ORD010099,PROD0193,3,3394.61,0.0
ORD015902,PROD0081,2,2207.21,0.1
ORD017739,PROD0271,3,1034.8,0.0
ORD000106,PROD0209,5,4636.93,0.1
ORD001589,PROD0012,4,2384.44,0.0
ORD004191,PROD0147,5,1277.67,0.0
ORD013404,PROD0089,2,390.25,0.15
ORD017670,PROD0251,4,1056.88,0.05
ORD005529,PROD0195,3,525.15,0.0
ORD007671,PROD0246,5,484.36,0.15
ORD016786,PROD0107,1,416.19,0.05
ORD017773,PROD0012,2,2384.44,0.0
ORD004680,PROD0072,4,4756.76,0.1
ORD016821,PROD0178,5,1006.65,0.0
ORD007549,PROD0243,2,4498.92,0.2
ORD002940,PROD0224,3,4037.97,0.1
ORD000828,PROD0014,1,596.75,0.15
ORD009885,PROD0279,3,1760.62,0.0
ORD006703,PROD0241,5,215.23,0.05
ORD006724,PROD0208,4,1605.39,0.0
ORD016698,PROD0162,1,377.71,0.1
ORD007372,PROD0121,2,1762.91,0.05
ORD017604,PROD0163,2,703.11,0.15
ORD000336,PROD0181,1,218.55,0.0
ORD011252,PROD0142,5,536.55,0.05
ORD001118,PROD0104,4,917.71,0.05
ORD009779,PROD0067,3,1836.4,0.05
ORD015194,PROD0194,4,2044.13,0.1
ORD007852,PROD0055,1,1758.65,0.05
ORD012662,PROD0298,5,392.05,0.15
ORD017119,PROD0086,4,1292.77,0.0
ORD015014,PROD0154,2,611.42,0.1
ORD010102,PROD0200,3,1906.63,0.1
ORD002792,PROD0155,3,383.07,0.05
ORD001076,PROD0089,5,390.25,0.05
ORD017717,PROD0127,3,1166.2,0.0
ORD000898,PROD0294,1,608.79,0.05
ORD005435,PROD0105,2,813.74,0.1
ORD009734,PROD0019,2,2132.91,0.05
ORD014015,PROD0058,2,5552.05,0.1
ORD010305,PROD0262,2,1081.48,0.05
ORD006278,PROD0044,2,2277.54,0.2
ORD001738,PROD0001,2,2228.63,0.0
ORD005134,PROD0225,3,670.12,0.0
ORD007289,PROD0158,4,1130.19,0.1
ORD010369,PROD0208,5,1605.39,0.2
ORD005617,PROD0207,2,4103.55,0.05
ORD017470,PROD0179,5,608.27,0.05
ORD007295,PROD0063,2,453.52,0.05
ORD013455,PROD0029,1,1224.14,0.15
ORD015323,PROD0080,3,1973.58,0.05
ORD010526,PROD0016,5,2382.58,0.0
ORD006382,PROD0152,2,3664.43,0.1
ORD004839,PROD0110,5,2045.64,0.2
ORD003131,PROD0227,3,663.99,0.15
ORD001334,PROD0236,1,1243.22,0.1
ORD006018,PROD0043,3,950.69,0.05
ORD010456,PROD0036,5,2265.4,0.0
ORD004435,PROD0015,3,768.6,0.05
ORD017893,PROD0038,5,1310.24,0.1
ORD000949,PROD0149,5,231.51,0.0
ORD007426,PROD0118,2,437.61,0.0
ORD008187,PROD0153,2,192.77,0.1
ORD015451,PROD0179,3,608.27,0.05
ORD007036,PROD0018,5,1106.42,0.05
ORD013715,PROD0004,2,1005.11,0.05
ORD007586,PROD0151,4,938.09,0.0
ORD003501,PROD0153,2,192.77,0.0
ORD016928,PROD0158,2,1130.19,0.0
ORD010467,PROD0223,5,1507.47,0.1
ORD017093,PROD0214,4,285.7,0.0
ORD002229,PROD0206,4,512.36,0.05
ORD011723,PROD0113,4,495.12,0.2
ORD011286,PROD0174,4,1681.39,0.2
ORD014767,PROD0038,2,1310.24,0.0
ORD007914,PROD0290,3,3732.41,0.0
ORD013956,PROD0081,3,2207.21,0.0
ORD009635,PROD0204,2,1064.24,0.05
ORD016053,PROD0058,1,5552.05,0.05
ORD006916,PROD0240,1,1736.87,0.1
ORD016652,PROD0300,4,2550.36,0.2
ORD005595,PROD0292,3,526.18,0.15
ORD000690,PROD0101,4,3596.1,0.0
ORD012256,PROD0033,4,726.59,0.0
ORD008296,PROD0251,5,1056.88,0.0
ORD017814,PROD0067,4,1836.4,0.05
ORD002421,PROD0128,2,414.27,0.0
ORD012162,PROD0255,4,2724.93,0.15
ORD010375,PROD0009,3,419.4,0.2
ORD016898,PROD0258,2,814.14,0.1
ORD009167,PROD0142,2,536.55,0.15
ORD010917,PROD0106,5,770.07,0.15
ORD011726,PROD0280,2,239.29,0.05
ORD000288,PROD0029,1,1224.14,0.05
ORD005355,PROD0087,2,2381.84,0.0
ORD014721,PROD0205,5,315.35,0.2
ORD014641,PROD0154,5,611.42,0.1
ORD009403,PROD0151,4,938.09,0.1
ORD011249,PROD0095,1,853.11,0.2
ORD003363,PROD0286,1,722.33,0.0
ORD007112,PROD0188,2,5555.06,0.05
ORD014912,PROD0218,5,852.15,0.05
ORD010264,PROD0230,3,1187.41,0.05
ORD006149,PROD0189,4,260.5,0.0
ORD017130,PROD0133,3,737.29,0.0
ORD010198,PROD0121,2,1762.91,0.1
ORD013225,PROD0262,4,1081.48,0.15
ORD013757,PROD0193,4,3394.61,0.0
ORD015107,PROD0276,1,1150.97,0.1
ORD004883,PROD0283,1,1585.65,0.0
ORD017821,PROD0033,2,726.59,0.05
ORD013309,PROD0075,2,993.75,0.05
ORD006829,PROD0065,5,298.49,0.05
ORD006339,PROD0107,4,416.19,0.0
ORD010284,PROD0114,4,983.9,0.05
ORD000781,PROD0142,3,536.55,0.15
ORD010906,PROD0015,5,768.6,0.1
ORD011354,PROD0157,3,1342.68,0.05
ORD015598,PROD0117,3,1622.14,0.1
ORD012812,PROD0182,2,1491.37,0.0
ORD012222,PROD0176,5,890.34,0.0
ORD002883,PROD0193,4,3394.61,0.2
ORD008665,PROD0018,1,1106.42,0.2
ORD016162,PROD0222,3,803.44,0.15
ORD004143,PROD0010,2,1326.68,0.05
ORD008077,PROD0191,2,425.27,0.1
ORD008060,PROD0219,5,1088.5,0.05
ORD007524,PROD0208,1,1605.39,0.0
ORD014588,PROD0121,2,1762.91,0.05
ORD002346,PROD0171,5,619.82,0.0
ORD004943,PROD0092,4,2466.2,0.0
ORD013680,PROD0128,4,414.27,0.0
ORD015844,PROD0295,4,450.65,0.1
ORD007700,PROD0041,2,566.23,0.1
ORD017346,PROD0141,1,526.7,0.1
ORD005205,PROD0241,5,215.23,0.05
ORD017183,PROD0248,5,581.51,0.0
ORD002306,PROD0250,1,468.3,0.1
ORD010627,PROD0057,2,1480.61,0.0
ORD014440,PROD0260,3,2453.91,0.05
ORD011143,PROD0162,2,377.71,0.15
ORD003449,PROD0274,5,356.93,0.1
ORD007456,PROD0278,3,1418.31,0.0
ORD003060,PROD0073,5,3798.83,0.2
ORD011821,PROD0098,3,1788.67,0.05
ORD007737,PROD0169,3,2484.01,0.1
ORD000236,PROD0082,5,835.72,0.15
ORD014023,PROD0150,2,1469.35,0.1
ORD015400,PROD0266,4,1066.97,0.05
ORD008690,PROD0190,3,1494.94,0.2
ORD014836,PROD0279,4,1760.62,0.15
ORD002189,PROD0259,2,272.42,0.15
ORD016424,PROD0123,3,2787.07,0.0
ORD009946,PROD0200,1,1906.63,0.2
ORD003355,PROD0189,5,260.5,0.0
ORD003772,PROD0300,3,2550.36,0.0
ORD002288,PROD0188,3,5555.06,0.2
ORD010500,PROD0205,2,315.35,0.1
ORD001680,PROD0028,4,740.62,0.15
ORD012406,PROD0075,4,993.75,0.05
ORD000484,PROD0246,5,484.36,0.05
ORD009343,PROD0115,5,1198.13,0.0
ORD004472,PROD0299,4,3528.34,0.05
ORD016887,PROD0220,5,1249.15,0.1
ORD005819,PROD0029,4,1224.14,0.2
ORD016289,PROD0182,4,1491.37,0.15
ORD009868,PROD0180,1,374.36,0.15
ORD016767,PROD0257,2,994.46,0.05
ORD011645,PROD0168,1,1759.17,0.0
ORD015307,PROD0087,1,2381.84,0.0
ORD013637,PROD0153,1,192.77,0.0
ORD013761,PROD0017,1,5213.81,0.05
ORD016677,PROD0007,2,838.82,0.1
ORD011318,PROD0234,4,1884.98,0.05
ORD015223,PROD0222,4,803.44,0.0
ORD006087,PROD0070,3,2065.33,0.05
ORD001317,PROD0095,4,853.11,0.0
ORD001084,PROD0285,4,1253.77,0.1
ORD008804,PROD0044,4,2277.54,0.05
ORD004871,PROD0201,2,1107.62,0.2
ORD005324,PROD0052,2,1103.19,0.0
ORD000850,PROD0031,4,2790.09,0.0
ORD011928,PROD0180,5,374.36,0.0
ORD013156,PROD0230,3,1187.41,0.1
ORD006213,PROD0029,1,1224.14,0.15
ORD001380,PROD0208,5,1605.39,0.1
ORD007210,PROD0100,4,1535.02,0.15
ORD004385,PROD0003,2,2931.9,0.05
ORD012188,PROD0226,5,322.28,0.05
ORD005712,PROD0072,4,4756.76,0.2
ORD008709,PROD0037,1,1059.57,0.05
ORD012954,PROD0076,2,1911.33,0.1
ORD017078,PROD0091,2,402.26,0.1
ORD012532,PROD0071,3,1519.69,0.0
ORD000747,PROD0047,5,743.87,0.15
ORD014684,PROD0211,3,1092.8,0.0
ORD007891,PROD0232,3,480.05,0.0
ORD007306,PROD0114,2,983.9,0.05
ORD004540,PROD0210,2,539.67,0.1
ORD005439,PROD0157,4,1342.68,0.15
ORD004495,PROD0274,4,356.93,0.05
ORD010806,PROD0126,3,648.87,0.1
ORD010255,PROD0169,2,2484.01,0.2
ORD013064,PROD0153,1,192.77,0.05
ORD003981,PROD0237,1,1008.9,0.15
ORD006456,PROD0075,2,993.75,0.05
ORD000626,PROD0206,3,512.36,0.05
ORD016602,PROD0297,3,359.44,0.1
ORD000145,PROD0177,4,1733.37,0.15
ORD015403,PROD0047,3,743.87,0.0
ORD012561,PROD0188,3,5555.06,0.05
ORD002340,PROD0123,5,2787.07,0.15
ORD016792,PROD0030,5,1536.54,0.15
ORD005565,PROD0140,5,4498.4,0.0
ORD015132,PROD0143,4,2026.75,0.05
ORD001694,PROD0142,3,536.55,0.05
ORD007241,PROD0136,2,4655.74,0.05
ORD008565,PROD0112,5,3157.32,0.1
ORD002197,PROD0284,5,1551.66,0.0
ORD016827,PROD0049,3,474.29,0.05
ORD017052,PROD0026,2,926.18,0.1
ORD009399,PROD0297,3,359.44,0.0
ORD005137,PROD0168,2,1759.17,0.1
ORD011323,PROD0253,1,3782.92,0.0
ORD017278,PROD0023,1,529.99,0.2
ORD014552,PROD0189,3,260.5,0.15
ORD012832,PROD0015,3,768.6,0.15
ORD004407,PROD0001,2,2228.63,0.2
ORD005626,PROD0210,5,539.67,0.05
ORD009739,PROD0049,1,474.29,0.0
ORD016401,PROD0125,5,1338.46,0.15
ORD002603,PROD0050,3,138.33,0.05
ORD011121,PROD0014,3,596.75,0.2
ORD012438,PROD0201,5,1107.62,0.0
ORD003271,PROD0026,3,926.18,0.15
ORD006747,PROD0287,3,1180.58,0.1
ORD000665,PROD0216,2,2535.43,0.1
ORD015976,PROD0290,3,3732.41,0.05
ORD006632,PROD0298,4,392.05,0.15
ORD014194,PROD0191,5,425.27,0.2
ORD014349,PROD0032,3,1792.53,0.1
ORD013671,PROD0213,4,475.42,0.0
ORD010186,PROD0238,1,1179.28,0.05
ORD009988,PROD0027,4,5305.88,0.05
ORD010625,PROD0225,5,670.12,0.0
ORD007170,PROD0211,5,1092.8,0.15
ORD010590,PROD0001,4,2228.63,0.15
ORD007471,PROD0237,3,1008.9,0.05
ORD014563,PROD0219,4,1088.5,0.05
ORD001879,PROD0183,3,606.73,0.05
ORD008812,PROD0234,2,1884.98,0.1
ORD017562,PROD0087,3,2381.84,0.1
ORD001515,PROD0068,1,2579.6,0.05
ORD004749,PROD0148,1,2479.32,0.1
ORD000636,PROD0140,5,4498.4,0.15
ORD008674,PROD0095,1,853.11,0.05
ORD011681,PROD0073,1,3798.83,0.05
ORD013537,PROD0205,1,315.35,0.05
ORD003928,PROD0225,4,670.12,0.05
ORD000213,PROD0168,4,1759.17,0.15
ORD015103,PROD0246,4,484.36,0.15
ORD011672,PROD0158,5,1130.19,0.0
ORD012746,PROD0123,3,2787.07,0.05
ORD004912,PROD0150,5,1469.35,0.15
ORD017216,PROD0007,2,838.82,0.2
ORD013397,PROD0243,2,4498.92,0.0
ORD007183,PROD0036,4,2265.4,0.0
ORD012678,PROD0209,3,4636.93,0.05
ORD015248,PROD0009,4,419.4,0.0
ORD017129,PROD0299,3,3528.34,0.1
ORD017534,PROD0132,1,1663.98,0.15
ORD002836,PROD0038,4,1310.24,0.15
ORD007744,PROD0082,5,835.72,0.0
ORD000945,PROD0245,1,258.37,0.2
ORD015747,PROD0258,4,814.14,0.0
ORD004990,PROD0267,2,1411.95,0.05
ORD013460,PROD0158,5,1130.19,0.0
ORD009661,PROD0172,4,3513.98,0.1
ORD008002,PROD0015,1,768.6,0.0
ORD003054,PROD0216,5,2535.43,0.15
ORD007837,PROD0211,3,1092.8,0.1
ORD011422,PROD0182,1,1491.37,0.2
ORD015112,PROD0156,3,1302.29,0.0
ORD000868,PROD0281,3,5213.75,0.1
ORD007374,PROD0251,5,1056.88,0.1
ORD004121,PROD0210,4,539.67,0.05
ORD001562,PROD0265,2,709.86,0.2
ORD009485,PROD0136,1,4655.74,0.2
ORD003075,PROD0171,4,619.82,0.15
ORD002300,PROD0022,5,174.42,0.15
ORD017626,PROD0258,5,814.14,0.05
ORD012536,PROD0125,3,1338.46,0.0
ORD003543,PROD0121,3,1762.91,0.15
ORD011898,PROD0229,3,251.37,0.05
ORD016832,PROD0267,2,1411.95,0.0
ORD010089,PROD0107,3,416.19,0.15
ORD016786,PROD0183,1,606.73,0.0
ORD004818,PROD0275,1,1740.08,0.15
ORD011575,PROD0170,3,1486.76,0.0
ORD008907,PROD0152,3,3664.43,0.05
ORD013782,PROD0010,1,1326.68,0.1
ORD009771,PROD0146,2,2912.21,0.0
ORD006317,PROD0109,2,315.2,0.05
ORD013833,PROD0083,1,1558.0,0.0
ORD015614,PROD0088,5,255.81,0.0
ORD002049,PROD0025,1,585.99,0.15
ORD006046,PROD0296,4,605.83,0.1
ORD012957,PROD0063,3,453.52,0.1
ORD003576,PROD0191,3,425.27,0.15
ORD003172,PROD0035,3,914.62,0.2
ORD016772,PROD0156,2,1302.29,0.1
ORD017353,PROD0105,4,813.74,0.2
ORD009116,PROD0204,1,1064.24,0.0
ORD002672,PROD0090,5,1416.42,0.05
ORD004990,PROD0256,3,895.23,0.1
ORD007221,PROD0244,2,1140.3,0.05
ORD011869,PROD0277,2,668.68,0.1
ORD010265,PROD0118,2,437.61,0.2
ORD012158,PROD0149,4,231.51,0.05
ORD008544,PROD0297,1,359.44,0.1
ORD017122,PROD0070,2,2065.33,0.15
ORD001735,PROD0063,4,453.52,0.1
ORD006342,PROD0029,2,1224.14,0.2
ORD011203,PROD0065,1,298.49,0.0
ORD013495,PROD0137,4,445.2,0.05
ORD013311,PROD0119,5,1545.4,0.0
ORD013930,PROD0280,1,239.29,0.0
ORD014650,PROD0282,2,1059.41,0.0
ORD005926,PROD0247,1,1013.19,0.1
ORD014618,PROD0272,4,834.67,0.1
ORD004797,PROD0199,4,919.06,0.2
ORD010714,PROD0017,3,5213.81,0.0
ORD017747,PROD0230,2,1187.41,0.1
ORD017534,PROD0034,2,1106.13,0.0
ORD010127,PROD0275,3,1740.08,0.05
ORD003788,PROD0136,4,4655.74,0.1
ORD005634,PROD0151,4,938.09,0.1
ORD010555,PROD0272,2,834.67,0.0
ORD011256,PROD0186,4,324.33,0.1
ORD010181,PROD0142,1,536.55,0.1
ORD012226,PROD0082,4,835.72,0.2
ORD007519,PROD0113,4,495.12,0.15
ORD001324,PROD0089,2,390.25,0.1
ORD015615,PROD0061,4,1808.63,0.0
ORD012569,PROD0055,1,1758.65,0.2
ORD012341,PROD0300,5,2550.36,0.0
ORD005567,PROD0281,5,5213.75,0.0
ORD016040,PROD0224,5,4037.97,0.1
ORD004131,PROD0025,2,585.99,0.1
ORD006661,PROD0281,5,5213.75,0.15
ORD005873,PROD0191,5,425.27,0.1
ORD008534,PROD0228,1,1012.55,0.1
ORD010596,PROD0100,1,1535.02,0.05
ORD011918,PROD0121,5,1762.91,0.15
ORD013976,PROD0253,3,3782.92,0.1
ORD006576,PROD0104,4,917.71,0.1
ORD011741,PROD0134,4,938.67,0.05
ORD009225,PROD0014,4,596.75,0.05
ORD001369,PROD0217,2,748.27,0.0
ORD000825,PROD0006,2,997.09,0.0
ORD002560,PROD0256,4,895.23,0.0
ORD011237,PROD0238,5,1179.28,0.05
ORD002852,PROD0075,3,993.75,0.05
ORD006345,PROD0268,1,1593.82,0.05
ORD012051,PROD0009,2,419.4,0.15
ORD016924,PROD0219,4,1088.5,0.05
ORD011913,PROD0255,1,2724.93,0.05
ORD009631,PROD0106,5,770.07,0.2
ORD016764,PROD0047,2,743.87,0.05
ORD008470,PROD0040,5,5448.94,0.0
ORD013953,PROD0252,3,1091.64,0.0
ORD002221,PROD0257,3,994.46,0.05
ORD000225,PROD0032,5,1792.53,0.1
ORD006617,PROD0288,2,1099.87,0.2
ORD014167,PROD0046,2,423.5,0.05
ORD016120,PROD0069,1,6450.78,0.15
ORD013206,PROD0169,5,2484.01,0.05
ORD005462,PROD0249,3,4012.64,0.05
ORD001037,PROD0227,1,663.99,0.0
ORD017468,PROD0048,1,2692.11,0.0
ORD012032,PROD0050,4,138.33,0.0
ORD001672,PROD0280,4,239.29,0.1
ORD011080,PROD0091,2,402.26,0.0
ORD016221,PROD0199,2,919.06,0.15
ORD000055,PROD0218,1,852.15,0.2
ORD007727,PROD0021,3,2017.39,0.15
ORD008643,PROD0272,5,834.67,0.05
ORD009146,PROD0125,2,1338.46,0.1
ORD016400,PROD0258,5,814.14,0.0
ORD006028,PROD0272,2,834.67,0.15
ORD012166,PROD0271,1,1034.8,0.1
ORD016541,PROD0272,4,834.67,0.1
ORD001246,PROD0224,2,4037.97,0.1
ORD002928,PROD0229,1,251.37,0.05
ORD012635,PROD0068,2,2579.6,0.05
ORD006028,PROD0186,4,324.33,0.05
ORD011872,PROD0085,2,2361.96,0.05
ORD015581,PROD0283,4,1585.65,0.15
ORD013416,PROD0280,4,239.29,0.1
ORD014606,PROD0198,5,1910.21,0.1
ORD000444,PROD0162,4,377.71,0.1
ORD008485,PROD0210,5,539.67,0.05
ORD008604,PROD0277,4,668.68,0.05
ORD003044,PROD0158,3,1130.19,0.15
ORD007623,PROD0041,2,566.23,0.15
ORD009156,PROD0250,5,468.3,0.0
ORD011898,PROD0262,1,1081.48,0.05
ORD010955,PROD0015,1,768.6,0.0
ORD004952,PROD0018,5,1106.42,0.05
ORD007589,PROD0010,5,1326.68,0.0
ORD014296,PROD0067,3,1836.4,0.15
ORD002362,PROD0254,3,1021.7,0.1
ORD010993,PROD0062,1,1731.8,0.15
ORD011577,PROD0192,3,2094.72,0.1
ORD010029,PROD0291,3,859.37,0.2
ORD009478,PROD0271,5,1034.8,0.05
ORD015898,PROD0265,2,709.86,0.0
ORD017162,PROD0168,2,1759.17,0.2
ORD010065,PROD0204,1,1064.24,0.2
ORD001369,PROD0014,5,596.75,0.1
ORD012694,PROD0006,2,997.09,0.05
ORD008975,PROD0205,2,315.35,0.05
ORD017603,PROD0275,5,1740.08,0.05
ORD009256,PROD0144,2,1097.89,0.1
ORD014078,PROD0285,2,1253.77,0.1
ORD015687,PROD0194,4,2044.13,0.0
ORD001880,PROD0097,1,2244.75,0.1
ORD010224,PROD0129,5,2715.49,0.0
ORD007133,PROD0130,4,1402.05,0.1
ORD004664,PROD0046,5,423.5,0.1
ORD000081,PROD0253,1,3782.92,0.05
ORD001847,PROD0166,4,655.43,0.0
ORD004775,PROD0155,5,383.07,0.05
ORD003831,PROD0040,2,5448.94,0.0
ORD010337,PROD0260,1,2453.91,0.15
ORD006703,PROD0016,4,2382.58,0.05
ORD001219,PROD0253,5,3782.92,0.1
ORD001536,PROD0119,4,1545.4,0.0
ORD016577,PROD0040,1,5448.94,0.1
ORD016286,PROD0288,2,1099.87,0.2
ORD015884,PROD0086,5,1292.77,0.05
ORD017416,PROD0031,4,2790.09,0.0
ORD013600,PROD0171,2,619.82,0.1
ORD003150,PROD0024,3,3557.69,0.0
ORD003134,PROD0201,2,1107.62,0.1
ORD004448,PROD0259,3,272.42,0.05
ORD014305,PROD0067,5,1836.4,0.0
ORD000977,PROD0066,5,705.54,0.1
ORD017591,PROD0105,4,813.74,0.2
ORD006186,PROD0081,1,2207.21,0.1
ORD009745,PROD0074,2,701.79,0.05
ORD007744,PROD0102,4,1726.73,0.2
ORD004568,PROD0139,1,624.58,0.1
ORD009155,PROD0165,1,1341.44,0.0
ORD016523,PROD0139,5,624.58,0.1
ORD017120,PROD0163,3,703.11,0.0
ORD014790,PROD0178,4,1006.65,0.1
ORD013935,PROD0289,5,1376.41,0.1
ORD013364,PROD0014,2,596.75,0.05
ORD005392,PROD0219,2,1088.5,0.2
ORD002553,PROD0223,4,1507.47,0.1
ORD002408,PROD0292,5,526.18,0.05
ORD008942,PROD0204,1,1064.24,0.1
ORD011166,PROD0194,1,2044.13,0.0
ORD002422,PROD0131,5,719.35,0.0
ORD017871,PROD0171,4,619.82,0.1
ORD000215,PROD0095,3,853.11,0.15
ORD012434,PROD0056,3,1815.37,0.05
ORD010993,PROD0160,5,2652.37,0.15
ORD008376,PROD0060,5,511.57,0.1
ORD017381,PROD0238,3,1179.28,0.2
ORD003951,PROD0191,1,425.27,0.05
ORD000236,PROD0104,5,917.71,0.1
ORD003719,PROD0241,5,215.23,0.1
ORD000872,PROD0101,5,3596.1,0.0
ORD011381,PROD0284,3,1551.66,0.0
ORD004872,PROD0289,3,1376.41,0.1
ORD010119,PROD0184,2,734.18,0.1
ORD008997,PROD0212,4,936.47,0.1
ORD011765,PROD0227,2,663.99,0.0
ORD011307,PROD0181,4,218.55,0.0
ORD008064,PROD0163,4,703.11,0.0
ORD009476,PROD0154,4,611.42,0.0
ORD015100,PROD0238,4,1179.28,0.1
ORD010565,PROD0294,3,608.79,0.05
ORD002151,PROD0027,3,5305.88,0.15
ORD015963,PROD0082,2,835.72,0.05
ORD012814,PROD0026,5,926.18,0.1
ORD005636,PROD0135,1,1098.25,0.05
ORD010499,PROD0017,2,5213.81,0.2
ORD008827,PROD0010,3,1326.68,0.05
ORD001213,PROD0266,5,1066.97,0.15
ORD007127,PROD0292,1,526.18,0.05
ORD011703,PROD0293,2,1136.47,0.15
ORD000329,PROD0107,5,416.19,0.0
ORD006650,PROD0122,3,768.92,0.0
ORD000655,PROD0226,2,322.28,0.05
ORD012394,PROD0025,5,585.99,0.0
ORD009104,PROD0001,5,2228.63,0.05
ORD007159,PROD0055,3,1758.65,0.1
ORD000400,PROD0240,5,1736.87,0.15
ORD010610,PROD0035,2,914.62,0.1
ORD013225,PROD0267,4,1411.95,0.1
ORD013127,PROD0185,3,592.37,0.0
ORD008011,PROD0137,2,445.2,0.05
ORD008213,PROD0243,4,4498.92,0.05
ORD015628,PROD0150,4,1469.35,0.05
ORD016621,PROD0016,2,2382.58,0.1
ORD011820,PROD0045,2,1204.82,0.0
ORD002606,PROD0194,1,2044.13,0.05
ORD002003,PROD0148,4,2479.32,0.15
ORD013822,PROD0276,2,1150.97,0.05
ORD013570,PROD0091,4,402.26,0.15
ORD001504,PROD0272,2,834.67,0.05
ORD003954,PROD0294,4,608.79,0.1
ORD012870,PROD0213,5,475.42,0.2
ORD003146,PROD0164,3,1896.67,0.0
ORD015760,PROD0095,2,853.11,0.15
ORD006960,PROD0169,4,2484.01,0.0
ORD000213,PROD0033,5,726.59,0.1
ORD006111,PROD0243,1,4498.92,0.1
ORD014688,PROD0004,4,1005.11,0.1
ORD001973,PROD0185,4,592.37,0.05
ORD013405,PROD0277,3,668.68,0.15
ORD009160,PROD0232,5,480.05,0.1
ORD006314,PROD0054,4,1149.11,0.05
ORD004669,PROD0179,3,608.27,0.15
ORD003591,PROD0183,1,606.73,0.05
ORD001791,PROD0039,3,748.33,0.05
ORD012700,PROD0281,3,5213.75,0.0
ORD002049,PROD0290,5,3732.41,0.15
ORD002509,PROD0174,2,1681.39,0.0
ORD011807,PROD0203,3,1208.94,0.05
ORD003411,PROD0151,2,938.09,0.05
ORD005329,PROD0253,1,3782.92,0.0
ORD013751,PROD0029,5,1224.14,0.05
ORD005006,PROD0228,5,1012.55,0.15
ORD012048,PROD0244,5,1140.3,0.1
ORD006957,PROD0281,5,5213.75,0.0
ORD003239,PROD0112,1,3157.32,0.0
ORD005509,PROD0276,4,1150.97,0.15
ORD000169,PROD0135,1,1098.25,0.15
ORD004986,PROD0067,4,1836.4,0.15
ORD015201,PROD0097,4,2244.75,0.2
ORD008473,PROD0081,3,2207.21,0.1
ORD007647,PROD0099,2,550.57,0.0
ORD005461,PROD0103,2,814.61,0.15
ORD000833,PROD0189,3,260.5,0.0
ORD015871,PROD0042,5,5997.9,0.05
ORD010410,PROD0133,4,737.29,0.15
ORD004578,PROD0035,2,914.62,0.0
ORD002019,PROD0252,5,1091.64,0.1
ORD015434,PROD0200,1,1906.63,0.2
ORD011652,PROD0049,3,474.29,0.05
ORD006978,PROD0294,1,608.79,0.05
ORD007090,PROD0021,5,2017.39,0.1
ORD004426,PROD0099,3,550.57,0.15
ORD009438,PROD0020,2,2005.81,0.05
ORD002740,PROD0173,3,1893.36,0.1
ORD004091,PROD0230,1,1187.41,0.0
ORD014945,PROD0123,5,2787.07,0.1
ORD000503,PROD0244,5,1140.3,0.0
ORD005982,PROD0014,4,596.75,0.05
ORD009403,PROD0127,2,1166.2,0.1
ORD009869,PROD0179,4,608.27,0.0
ORD005299,PROD0259,2,272.42,0.1
ORD007963,PROD0259,4,272.42,0.15
ORD012102,PROD0182,5,1491.37,0.2
ORD001444,PROD0034,2,1106.13,0.2
ORD008032,PROD0186,1,324.33,0.0
ORD012609,PROD0235,2,1069.09,0.15
ORD011482,PROD0003,4,2931.9,0.0
ORD015165,PROD0221,2,861.75,0.2
ORD012061,PROD0021,1,2017.39,0.1
ORD003053,PROD0085,4,2361.96,0.05
ORD004386,PROD0003,4,2931.9,0.15
ORD004878,PROD0165,5,1341.44,0.1
ORD004439,PROD0017,2,5213.81,0.1
ORD008400,PROD0266,5,1066.97,0.15
ORD017529,PROD0300,1,2550.36,0.0
ORD003510,PROD0051,5,257.94,0.0
ORD008274,PROD0136,3,4655.74,0.05
ORD012749,PROD0170,1,1486.76,0.05
ORD003751,PROD0114,5,983.9,0.0
ORD012588,PROD0204,3,1064.24,0.1
ORD014256,PROD0014,3,596.75,0.1
ORD000718,PROD0145,4,2107.82,0.1
ORD014389,PROD0249,3,4012.64,0.2
ORD013001,PROD0017,1,5213.81,0.1
ORD011179,PROD0172,2,3513.98,0.1
ORD011948,PROD0269,1,528.68,0.05
ORD003396,PROD0006,2,997.09,0.15
ORD009507,PROD0211,3,1092.8,0.05
ORD011409,PROD0026,3,926.18,0.05
ORD005624,PROD0205,1,315.35,0.1
ORD003805,PROD0245,1,258.37,0.2
ORD007281,PROD0158,2,1130.19,0.1
ORD009259,PROD0124,5,7033.68,0.0
ORD016865,PROD0230,2,1187.41,0.1
ORD003234,PROD0279,1,1760.62,0.05
ORD002432,PROD0197,5,774.0,0.05
ORD001239,PROD0011,4,569.66,0.05
ORD016449,PROD0254,4,1021.7,0.2
ORD005245,PROD0273,3,1884.45,0.0
ORD011822,PROD0276,2,1150.97,0.0
ORD012948,PROD0030,1,1536.54,0.05
ORD016304,PROD0083,4,1558.0,0.1
ORD009609,PROD0287,5,1180.58,0.0
ORD006288,PROD0199,2,919.06,0.15
ORD015706,PROD0237,4,1008.9,0.0
ORD017981,PROD0068,2,2579.6,0.05
ORD010420,PROD0072,1,4756.76,0.05
ORD012336,PROD0012,2,2384.44,0.1
ORD008254,PROD0137,2,445.2,0.15
ORD004554,PROD0265,2,709.86,0.1
ORD004815,PROD0252,1,1091.64,0.1
ORD014348,PROD0180,1,374.36,0.1
ORD000256,PROD0174,5,1681.39,0.2
ORD006544,PROD0291,4,859.37,0.1
ORD013781,PROD0024,4,3557.69,0.15
ORD014068,PROD0027,3,5305.88,0.1
ORD014991,PROD0037,5,1059.57,0.05
ORD003390,PROD0162,1,377.71,0.1
ORD016008,PROD0226,3,322.28,0.15
ORD003858,PROD0021,1,2017.39,0.1
ORD008890,PROD0017,2,5213.81,0.05
ORD014087,PROD0087,4,2381.84,0.2
ORD010497,PROD0012,3,2384.44,0.1
ORD012933,PROD0222,1,803.44,0.1
ORD017343,PROD0024,2,3557.69,0.15
ORD012306,PROD0268,5,1593.82,0.2
ORD003570,PROD0022,1,174.42,0.0
ORD008572,PROD0209,4,4636.93,0.05
ORD008464,PROD0089,4,390.25,0.05
ORD001100,PROD0056,1,1815.37,0.0
ORD010348,PROD0158,5,1130.19,0.0
ORD000734,PROD0214,4,285.7,0.1
ORD014778,PROD0048,1,2692.11,0.1
ORD007618,PROD0108,2,1195.6,0.05
ORD014955,PROD0102,4,1726.73,0.2
ORD002268,PROD0016,3,2382.58,0.05
ORD004837,PROD0230,1,1187.41,0.15
ORD014082,PROD0135,4,1098.25,0.05
ORD009853,PROD0175,2,2260.04,0.1
ORD000241,PROD0217,1,748.27,0.2
ORD000377,PROD0175,4,2260.04,0.1
ORD001861,PROD0201,2,1107.62,0.15
ORD011303,PROD0204,2,1064.24,0.1
ORD014134,PROD0047,1,743.87,0.05
ORD011022,PROD0208,3,1605.39,0.15
ORD015363,PROD0044,4,2277.54,0.05
ORD006763,PROD0132,4,1663.98,0.0
ORD014189,PROD0124,1,7033.68,0.1
ORD007699,PROD0210,2,539.67,0.15
ORD015964,PROD0145,5,2107.82,0.05
ORD005870,PROD0010,1,1326.68,0.1
ORD015785,PROD0093,3,2481.82,0.05
ORD013458,PROD0179,5,608.27,0.15
ORD003488,PROD0201,5,1107.62,0.05
ORD014658,PROD0116,4,435.35,0.05
ORD007850,PROD0070,2,2065.33,0.1
ORD015145,PROD0148,3,2479.32,0.1
ORD015828,PROD0279,4,1760.62,0.2
ORD005069,PROD0068,3,2579.6,0.15
ORD006952,PROD0139,2,624.58,0.15
ORD006303,PROD0225,5,670.12,0.05
ORD011451,PROD0216,1,2535.43,0.1
ORD010838,PROD0112,5,3157.32,0.05
ORD004035,PROD0194,2,2044.13,0.2
ORD015726,PROD0020,2,2005.81,0.15
ORD011300,PROD0289,5,1376.41,0.1
ORD009604,PROD0258,3,814.14,0.0
ORD010867,PROD0167,5,2511.68,0.05
ORD014748,PROD0013,2,2230.9,0.0
ORD015781,PROD0269,5,528.68,0.0
ORD014039,PROD0261,4,1950.36,0.05
ORD010282,PROD0162,1,377.71,0.2
ORD009883,PROD0166,1,655.43,0.0
ORD004641,PROD0240,1,1736.87,0.15
ORD017177,PROD0092,2,2466.2,0.05
ORD016882,PROD0201,1,1107.62,0.05
ORD003598,PROD0151,5,938.09,0.1
ORD006923,PROD0049,4,474.29,0.2
ORD001299,PROD0092,5,2466.2,0.1
ORD011934,PROD0079,5,1557.75,0.15
ORD012628,PROD0085,1,2361.96,0.0
ORD016360,PROD0186,2,324.33,0.15
ORD003042,PROD0146,4,2912.21,0.0
ORD013131,PROD0207,5,4103.55,0.15
ORD000939,PROD0234,3,1884.98,0.2
ORD016145,PROD0163,2,703.11,0.0
ORD008594,PROD0241,3,215.23,0.0
ORD015244,PROD0263,4,754.46,0.1
ORD010354,PROD0056,4,1815.37,0.05
ORD001760,PROD0122,4,768.92,0.15
ORD014605,PROD0278,5,1418.31,0.05
ORD004469,PROD0118,4,437.61,0.05
ORD004045,PROD0279,4,1760.62,0.15
ORD011532,PROD0300,2,2550.36,0.05
ORD002435,PROD0219,2,1088.5,0.15
ORD008590,PROD0127,2,1166.2,0.15
ORD007670,PROD0237,1,1008.9,0.1
ORD012839,PROD0021,5,2017.39,0.05
ORD003339,PROD0083,4,1558.0,0.05
ORD008627,PROD0055,3,1758.65,0.1
ORD017903,PROD0252,1,1091.64,0.1
ORD015070,PROD0050,3,138.33,0.05
ORD003232,PROD0018,2,1106.42,0.2
ORD014126,PROD0249,4,4012.64,0.1
ORD008405,PROD0102,1,1726.73,0.0
ORD017562,PROD0283,3,1585.65,0.15
ORD000680,PROD0117,2,1622.14,0.1
ORD000410,PROD0163,3,703.11,0.05
ORD011740,PROD0161,1,1467.22,0.15
ORD010166,PROD0025,1,585.99,0.1
ORD000395,PROD0084,4,787.16,0.0
ORD012811,PROD0205,3,315.35,0.0
ORD012156,PROD0060,4,511.57,0.15
ORD016654,PROD0276,3,1150.97,0.1
ORD008334,PROD0149,1,231.51,0.2
ORD016767,PROD0294,3,608.79,0.0
ORD017232,PROD0195,2,525.15,0.0
ORD003212,PROD0162,4,377.71,0.15
ORD004521,PROD0266,1,1066.97,0.05
ORD009787,PROD0145,2,2107.82,0.0
ORD004539,PROD0083,4,1558.0,0.1
ORD002106,PROD0188,3,5555.06,0.2
ORD010955,PROD0069,5,6450.78,0.0
ORD012415,PROD0197,4,774.0,0.05
ORD002479,PROD0162,1,377.71,0.0
ORD011554,PROD0271,2,1034.8,0.05
ORD016951,PROD0239,3,3878.85,0.15
ORD014684,PROD0058,3,5552.05,0.15
ORD007756,PROD0164,1,1896.67,0.0
ORD015798,PROD0234,2,1884.98,0.05
ORD015314,PROD0029,2,1224.14,0.1
ORD013222,PROD0080,2,1973.58,0.1
ORD004698,PROD0249,2,4012.64,0.0
ORD008793,PROD0099,5,550.57,0.05
ORD005239,PROD0063,5,453.52,0.05
ORD016322,PROD0041,3,566.23,0.0
ORD009338,PROD0170,1,1486.76,0.05
ORD005976,PROD0070,4,2065.33,0.15
ORD012849,PROD0062,3,1731.8,0.05
ORD016103,PROD0290,5,3732.41,0.15
ORD012956,PROD0153,2,192.77,0.15
ORD012838,PROD0092,1,2466.2,0.0
ORD001988,PROD0174,3,1681.39,0.0
ORD010121,PROD0141,4,526.7,0.05
ORD007701,PROD0186,4,324.33,0.15
ORD011883,PROD0099,2,550.57,0.0
ORD017767,PROD0067,2,1836.4,0.0
ORD005115,PROD0182,1,1491.37,0.1
ORD001754,PROD0124,1,7033.68,0.05
ORD008137,PROD0029,3,1224.14,0.05
ORD017889,PROD0062,2,1731.8,0.05
ORD003688,PROD0133,1,737.29,0.0
ORD013074,PROD0038,2,1310.24,0.0
ORD013331,PROD0138,3,2041.26,0.0
ORD008095,PROD0264,2,409.67,0.1
ORD003652,PROD0122,5,768.92,0.15
ORD001777,PROD0128,2,414.27,0.15
ORD015612,PROD0186,4,324.33,0.0
ORD005904,PROD0286,5,722.33,0.15
ORD013145,PROD0018,5,1106.42,0.2
ORD014638,PROD0070,2,2065.33,0.05
ORD002873,PROD0140,3,4498.4,0.1
ORD003240,PROD0117,4,1622.14,0.0
ORD001375,PROD0066,2,705.54,0.1
ORD000842,PROD0214,4,285.7,0.1
ORD013883,PROD0172,1,3513.98,0.15
ORD001903,PROD0182,4,1491.37,0.05
ORD010532,PROD0143,4,2026.75,0.0
ORD014397,PROD0037,2,1059.57,0.15
ORD007401,PROD0161,3,1467.22,0.1
ORD000669,PROD0286,2,722.33,0.1
ORD003804,PROD0187,4,2575.23,0.2
ORD008122,PROD0233,5,865.79,0.15
ORD014162,PROD0018,2,1106.42,0.1
ORD013811,PROD0296,4,605.83,0.05
ORD011751,PROD0212,4,936.47,0.15
ORD007555,PROD0228,3,1012.55,0.0
ORD014564,PROD0246,5,484.36,0.1
ORD002314,PROD0240,4,1736.87,0.1
ORD010707,PROD0113,4,495.12,0.15
ORD013955,PROD0165,2,1341.44,0.1
ORD000669,PROD0028,3,740.62,0.0
ORD006151,PROD0017,4,5213.81,0.05
ORD015907,PROD0227,5,663.99,0.05
ORD013289,PROD0274,1,356.93,0.0
ORD015444,PROD0296,4,605.83,0.0
ORD017627,PROD0126,4,648.87,0.0
ORD001409,PROD0067,4,1836.4,0.0
ORD009519,PROD0271,1,1034.8,0.0
ORD006021,PROD0121,2,1762.91,0.0
ORD000630,PROD0040,3,5448.94,0.0
ORD005407,PROD0058,1,5552.05,0.2
ORD017280,PROD0174,1,1681.39,0.05
ORD004449,PROD0216,3,2535.43,0.1
ORD006510,PROD0249,2,4012.64,0.1
ORD006466,PROD0171,5,619.82,0.0
ORD013393,PROD0073,1,3798.83,0.0
ORD006181,PROD0026,1,926.18,0.05
ORD015079,PROD0093,5,2481.82,0.15
ORD012430,PROD0300,2,2550.36,0.2
ORD007059,PROD0123,2,2787.07,0.0
ORD008042,PROD0191,2,425.27,0.2
ORD008005,PROD0260,3,2453.91,0.1
ORD016415,PROD0134,3,938.67,0.0
ORD016034,PROD0019,4,2132.91,0.1
ORD002396,PROD0176,2,890.34,0.2
ORD016116,PROD0229,4,251.37,0.15
ORD004126,PROD0005,2,5350.44,0.0
ORD016867,PROD0029,4,1224.14,0.2
ORD009278,PROD0147,2,1277.67,0.1
ORD007458,PROD0116,4,435.35,0.05
ORD015192,PROD0135,1,1098.25,0.05
ORD014208,PROD0013,3,2230.9,0.1
ORD009163,PROD0256,5,895.23,0.15
ORD016437,PROD0298,1,392.05,0.2
ORD015484,PROD0261,5,1950.36,0.05
ORD002766,PROD0005,1,5350.44,0.05
ORD006880,PROD0013,1,2230.9,0.0
ORD001442,PROD0186,2,324.33,0.0
ORD010490,PROD0052,3,1103.19,0.1
ORD011736,PROD0191,5,425.27,0.0
ORD009893,PROD0012,3,2384.44,0.0
ORD012091,PROD0298,3,392.05,0.05
ORD008605,PROD0001,4,2228.63,0.05
ORD009817,PROD0225,1,670.12,0.05
ORD014386,PROD0004,4,1005.11,0.2
ORD013662,PROD0129,3,2715.49,0.0
ORD003695,PROD0227,3,663.99,0.0
ORD004818,PROD0042,3,5997.9,0.05
ORD002903,PROD0024,5,3557.69,0.2
ORD006020,PROD0277,5,668.68,0.0
ORD001737,PROD0165,3,1341.44,0.0
ORD006608,PROD0018,1,1106.42,0.15
ORD010643,PROD0172,1,3513.98,0.0
ORD014261,PROD0003,2,2931.9,0.0
ORD000581,PROD0157,5,1342.68,0.1
ORD009072,PROD0090,5,1416.42,0.0
ORD014310,PROD0169,1,2484.01,0.2
ORD005594,PROD0056,5,1815.37,0.0
ORD002265,PROD0151,3,938.09,0.0
ORD006039,PROD0295,3,450.65,0.15
ORD005818,PROD0043,2,950.69,0.1
ORD002007,PROD0234,5,1884.98,0.2
ORD003834,PROD0102,3,1726.73,0.05
ORD014757,PROD0298,3,392.05,0.2
ORD010661,PROD0221,5,861.75,0.0
ORD004257,PROD0160,1,2652.37,0.0
ORD011556,PROD0148,4,2479.32,0.0
ORD017990,PROD0136,2,4655.74,0.05
ORD016287,PROD0088,4,255.81,0.1
ORD002542,PROD0135,4,1098.25,0.0
ORD001712,PROD0062,4,1731.8,0.15
ORD015768,PROD0018,3,1106.42,0.0
ORD016061,PROD0230,5,1187.41,0.15
ORD014916,PROD0185,2,592.37,0.0
ORD004323,PROD0169,1,2484.01,0.1
ORD001306,PROD0183,2,606.73,0.0
ORD002461,PROD0050,4,138.33,0.05
ORD004438,PROD0024,2,3557.69,0.0
ORD001084,PROD0008,5,1428.37,0.05
ORD000338,PROD0009,3,419.4,0.0
ORD003820,PROD0275,1,1740.08,0.0
ORD005995,PROD0054,1,1149.11,0.15
ORD006373,PROD0115,3,1198.13,0.1
ORD009804,PROD0062,2,1731.8,0.0
ORD011943,PROD0128,5,414.27,0.0
ORD014265,PROD0144,5,1097.89,0.1
ORD017459,PROD0098,3,1788.67,0.05
ORD005000,PROD0193,3,3394.61,0.05
ORD014131,PROD0125,2,1338.46,0.0
ORD011710,PROD0178,2,1006.65,0.0
ORD005404,PROD0156,5,1302.29,0.2
ORD013160,PROD0028,5,740.62,0.15
ORD003799,PROD0213,4,475.42,0.05
ORD011387,PROD0230,4,1187.41,0.15
ORD016166,PROD0203,1,1208.94,0.15
ORD014399,PROD0268,5,1593.82,0.1
ORD001259,PROD0282,4,1059.41,0.0
ORD013197,PROD0230,1,1187.41,0.05
ORD005268,PROD0188,2,5555.06,0.2
ORD006035,PROD0137,4,445.2,0.05
ORD015599,PROD0110,5,2045.64,0.2
ORD014491,PROD0132,2,1663.98,0.2
ORD015251,PROD0207,5,4103.55,0.0
ORD008972,PROD0164,2,1896.67,0.05
ORD011860,PROD0202,2,1039.91,0.1
ORD017630,PROD0231,5,1734.21,0.0
ORD008495,PROD0042,4,5997.9,0.05
ORD011893,PROD0272,2,834.67,0.05
ORD003830,PROD0014,1,596.75,0.1
ORD005059,PROD0175,2,2260.04,0.1
ORD014267,PROD0164,4,1896.67,0.05
ORD013235,PROD0192,2,2094.72,0.2
ORD000755,PROD0170,5,1486.76,0.1
ORD010227,PROD0042,4,5997.9,0.05
ORD015073,PROD0264,2,409.67,0.05
ORD005017,PROD0215,4,496.9,0.1
ORD006758,PROD0230,4,1187.41,0.1
ORD000952,PROD0124,5,7033.68,0.0
ORD004113,PROD0114,3,983.9,0.15
ORD004168,PROD0027,5,5305.88,0.2
ORD010657,PROD0045,5,1204.82,0.1
ORD013047,PROD0278,1,1418.31,0.0
ORD004356,PROD0219,4,1088.5,0.0
ORD013586,PROD0139,4,624.58,0.1
ORD006440,PROD0240,5,1736.87,0.2
ORD001515,PROD0028,2,740.62,0.1
ORD016151,PROD0011,1,569.66,0.0
ORD010376,PROD0180,2,374.36,0.1
ORD016038,PROD0033,5,726.59,0.05
ORD010023,PROD0263,5,754.46,0.0
ORD004740,PROD0266,4,1066.97,0.2
ORD000039,PROD0173,3,1893.36,0.05
ORD009248,PROD0176,2,890.34,0.15
ORD011106,PROD0234,2,1884.98,0.05
ORD007316,PROD0131,5,719.35,0.15
ORD007524,PROD0133,2,737.29,0.0
ORD006675,PROD0230,1,1187.41,0.05
ORD002306,PROD0001,5,2228.63,0.0
ORD013684,PROD0164,5,1896.67,0.1
ORD012828,PROD0268,2,1593.82,0.15
ORD007436,PROD0287,5,1180.58,0.1
ORD006345,PROD0169,4,2484.01,0.1
ORD006678,PROD0226,1,322.28,0.1
ORD017847,PROD0295,4,450.65,0.15
ORD014087,PROD0109,5,315.2,0.0
ORD014110,PROD0208,1,1605.39,0.05
ORD013465,PROD0202,2,1039.91,0.2
ORD017236,PROD0136,4,4655.74,0.1
ORD010622,PROD0148,3,2479.32,0.1
ORD007352,PROD0291,3,859.37,0.2
ORD016632,PROD0094,5,1585.84,0.0
ORD016451,PROD0045,1,1204.82,0.05
ORD015276,PROD0045,1,1204.82,0.05
ORD015972,PROD0156,1,1302.29,0.15
ORD014437,PROD0283,1,1585.65,0.2
ORD004240,PROD0037,4,1059.57,0.0
ORD017230,PROD0291,2,859.37,0.05
ORD011115,PROD0147,5,1277.67,0.1
ORD012037,PROD0297,1,359.44,0.2
ORD007243,PROD0247,4,1013.19,0.0
ORD010375,PROD0102,4,1726.73,0.0
ORD007158,PROD0132,4,1663.98,0.1
ORD017654,PROD0202,4,1039.91,0.2
ORD009617,PROD0075,1,993.75,0.15
ORD001483,PROD0045,2,1204.82,0.0
ORD017316,PROD0167,3,2511.68,0.1
ORD015608,PROD0034,3,1106.13,0.1
ORD010232,PROD0213,2,475.42,0.05
ORD017496,PROD0025,3,585.99,0.0
ORD006004,PROD0067,2,1836.4,0.1
ORD015979,PROD0209,4,4636.93,0.0
ORD008974,PROD0087,5,2381.84,0.1
ORD002820,PROD0145,2,2107.82,0.05
ORD017957,PROD0085,3,2361.96,0.1
ORD017799,PROD0115,3,1198.13,0.15
ORD016200,PROD0249,4,4012.64,0.0
ORD003014,PROD0274,2,356.93,0.05
ORD013008,PROD0151,3,938.09,0.05
ORD011416,PROD0273,2,1884.45,0.1
ORD002936,PROD0077,2,372.07,0.05
ORD008384,PROD0059,2,3884.69,0.2
ORD016364,PROD0015,4,768.6,0.05
ORD004718,PROD0299,4,3528.34,0.2
ORD014422,PROD0181,1,218.55,0.05
ORD015377,PROD0153,5,192.77,0.0
ORD009166,PROD0183,3,606.73,0.05
ORD013075,PROD0177,2,1733.37,0.0
ORD004162,PROD0110,5,2045.64,0.05
ORD000721,PROD0018,4,1106.42,0.05
ORD013652,PROD0162,3,377.71,0.0
ORD008991,PROD0128,5,414.27,0.0
ORD001215,PROD0171,3,619.82,0.1
ORD008651,PROD0275,3,1740.08,0.15
ORD011422,PROD0138,1,2041.26,0.15
ORD004075,PROD0034,2,1106.13,0.15
ORD014827,PROD0206,5,512.36,0.15
ORD008907,PROD0052,2,1103.19,0.05
ORD001883,PROD0264,2,409.67,0.0
ORD012740,PROD0229,3,251.37,0.05
ORD017848,PROD0098,3,1788.67,0.05
ORD010960,PROD0144,5,1097.89,0.05
ORD005871,PROD0205,4,315.35,0.0
ORD002858,PROD0027,3,5305.88,0.15
ORD007431,PROD0225,5,670.12,0.0
ORD004417,PROD0004,3,1005.11,0.15
ORD006835,PROD0101,1,3596.1,0.05
ORD008124,PROD0075,5,993.75,0.05
ORD011120,PROD0078,1,1498.55,0.1
ORD004833,PROD0167,3,2511.68,0.05
ORD006714,PROD0011,1,569.66,0.1
ORD016029,PROD0237,4,1008.9,0.15
ORD009591,PROD0219,5,1088.5,0.2
ORD005709,PROD0210,4,539.67,0.2
ORD006533,PROD0114,3,983.9,0.15
ORD015199,PROD0122,2,768.92,0.15
ORD001021,PROD0074,4,701.79,0.2
ORD005960,PROD0071,1,1519.69,0.1
ORD016378,PROD0166,5,655.43,0.05
ORD000580,PROD0024,2,3557.69,0.1
ORD001978,PROD0248,3,581.51,0.05
ORD004902,PROD0216,1,2535.43,0.2
ORD005707,PROD0093,4,2481.82,0.2
ORD015266,PROD0039,3,748.33,0.2
ORD005530,PROD0131,1,719.35,0.1
ORD006658,PROD0102,4,1726.73,0.2
ORD016178,PROD0239,3,3878.85,0.1
ORD008750,PROD0282,1,1059.41,0.0
ORD017932,PROD0069,3,6450.78,0.0
ORD009773,PROD0249,5,4012.64,0.05
ORD009113,PROD0018,5,1106.42,0.0
ORD009976,PROD0131,2,719.35,0.05
ORD017497,PROD0073,5,3798.83,0.05
ORD013816,PROD0105,5,813.74,0.0
ORD000565,PROD0182,3,1491.37,0.0
ORD000898,PROD0086,1,1292.77,0.2
ORD005653,PROD0184,5,734.18,0.0
ORD008181,PROD0103,5,814.61,0.0
ORD010444,PROD0029,3,1224.14,0.0
ORD001246,PROD0123,5,2787.07,0.2
ORD015384,PROD0063,3,453.52,0.15
ORD014982,PROD0140,4,4498.4,0.0
ORD011183,PROD0174,3,1681.39,0.05
ORD014121,PROD0222,3,803.44,0.0
ORD003222,PROD0210,5,539.67,0.15
ORD006429,PROD0144,1,1097.89,0.1
ORD009090,PROD0286,2,722.33,0.05
ORD005343,PROD0173,4,1893.36,0.2
ORD014331,PROD0086,1,1292.77,0.05
ORD012637,PROD0112,4,3157.32,0.15
ORD009107,PROD0153,5,192.77,0.0
ORD011013,PROD0094,1,1585.84,0.0
ORD007779,PROD0057,2,1480.61,0.15
ORD005645,PROD0285,5,1253.77,0.0
ORD011158,PROD0135,3,1098.25,0.0
ORD001125,PROD0285,3,1253.77,0.2
ORD000012,PROD0115,5,1198.13,0.15
ORD015990,PROD0265,5,709.86,0.0
ORD009495,PROD0209,3,4636.93,0.2
ORD009148,PROD0021,3,2017.39,0.1
ORD009793,PROD0277,2,668.68,0.05
ORD013158,PROD0145,4,2107.82,0.0
ORD001727,PROD0029,3,1224.14,0.1
ORD013468,PROD0181,5,218.55,0.05
ORD017099,PROD0007,1,838.82,0.0
ORD003148,PROD0254,2,1021.7,0.05
ORD011303,PROD0290,3,3732.41,0.05
ORD013707,PROD0169,4,2484.01,0.2
ORD004398,PROD0249,5,4012.64,0.05
ORD013561,PROD0137,4,445.2,0.0
ORD000156,PROD0049,2,474.29,0.2
ORD002077,PROD0097,2,2244.75,0.0
ORD001197,PROD0229,2,251.37,0.1
ORD012263,PROD0178,3,1006.65,0.2
ORD005853,PROD0005,2,5350.44,0.0
ORD015941,PROD0165,1,1341.44,0.0
ORD004726,PROD0222,1,803.44,0.1
ORD015602,PROD0099,3,550.57,0.15
ORD011198,PROD0096,4,830.36,0.05
ORD014945,PROD0161,3,1467.22,0.1
ORD003158,PROD0271,1,1034.8,0.1
ORD008552,PROD0278,1,1418.31,0.0
ORD005795,PROD0065,2,298.49,0.0
ORD017917,PROD0049,3,474.29,0.2
ORD002792,PROD0034,2,1106.13,0.1
ORD005319,PROD0202,2,1039.91,0.1
ORD007621,PROD0196,4,624.67,0.0
ORD008175,PROD0273,5,1884.45,0.1
ORD015033,PROD0052,2,1103.19,0.1
ORD016220,PROD0195,2,525.15,0.05
ORD003662,PROD0123,1,2787.07,0.1
ORD010921,PROD0108,1,1195.6,0.05
ORD010834,PROD0057,4,1480.61,0.1
ORD014126,PROD0212,3,936.47,0.1
ORD004579,PROD0208,5,1605.39,0.0
ORD004556,PROD0053,4,499.98,0.15
ORD011498,PROD0212,5,936.47,0.0
ORD005498,PROD0115,3,1198.13,0.05
ORD005278,PROD0197,3,774.0,0.1
ORD014006,PROD0235,3,1069.09,0.15
ORD016921,PROD0011,4,569.66,0.0
ORD001752,PROD0280,5,239.29,0.05
ORD009129,PROD0101,4,3596.1,0.15
ORD005783,PROD0208,2,1605.39,0.1
ORD013895,PROD0206,2,512.36,0.1
ORD002472,PROD0243,1,4498.92,0.15
ORD017893,PROD0009,2,419.4,0.0
ORD005931,PROD0223,4,1507.47,0.1
ORD000606,PROD0101,2,3596.1,0.15
ORD017834,PROD0010,1,1326.68,0.0
ORD003781,PROD0023,4,529.99,0.2
ORD009375,PROD0067,3,1836.4,0.05
ORD014830,PROD0026,3,926.18,0.1
ORD005369,PROD0114,1,983.9,0.1
ORD016112,PROD0231,2,1734.21,0.0
ORD010769,PROD0255,1,2724.93,0.0
ORD010129,PROD0183,5,606.73,0.0
ORD007610,PROD0296,5,605.83,0.05
ORD008286,PROD0085,4,2361.96,0.0
ORD012800,PROD0182,1,1491.37,0.05
ORD015985,PROD0103,5,814.61,0.05
ORD009677,PROD0044,1,2277.54,0.05
ORD001228,PROD0071,3,1519.69,0.1
ORD016202,PROD0143,1,2026.75,0.0
ORD003498,PROD0089,1,390.25,0.05
ORD009365,PROD0195,1,525.15,0.0
ORD016910,PROD0018,4,1106.42,0.05
ORD006763,PROD0285,4,1253.77,0.05
ORD017561,PROD0250,1,468.3,0.15
ORD000962,PROD0167,3,2511.68,0.0
ORD014215,PROD0054,2,1149.11,0.1
ORD002283,PROD0057,1,1480.61,0.15
ORD005048,PROD0013,5,2230.9,0.1
ORD016989,PROD0205,2,315.35,0.05
ORD005147,PROD0254,5,1021.7,0.0
ORD014756,PROD0243,4,4498.92,0.1
ORD016555,PROD0134,2,938.67,0.1
ORD017425,PROD0281,2,5213.75,0.1
ORD007403,PROD0078,3,1498.55,0.15
ORD008456,PROD0220,5,1249.15,0.15
ORD011442,PROD0244,5,1140.3,0.1
ORD008627,PROD0238,3,1179.28,0.1
ORD004792,PROD0271,4,1034.8,0.05
ORD005136,PROD0064,5,706.46,0.15
ORD016653,PROD0116,3,435.35,0.05
ORD016128,PROD0015,1,768.6,0.1
ORD007357,PROD0081,5,2207.21,0.1
ORD006029,PROD0274,2,356.93,0.05
ORD005401,PROD0187,2,2575.23,0.05
ORD002908,PROD0029,5,1224.14,0.05
ORD004938,PROD0114,4,983.9,0.05
ORD005376,PROD0074,2,701.79,0.0
ORD010060,PROD0053,2,499.98,0.2
ORD002986,PROD0185,3,592.37,0.15
ORD012532,PROD0006,2,997.09,0.1
ORD010535,PROD0185,4,592.37,0.2
ORD000192,PROD0213,1,475.42,0.0
ORD014035,PROD0129,3,2715.49,0.1
ORD015245,PROD0228,2,1012.55,0.2
ORD001071,PROD0016,3,2382.58,0.0
ORD004939,PROD0261,5,1950.36,0.05
ORD006262,PROD0144,3,1097.89,0.15
ORD008473,PROD0229,4,251.37,0.05
ORD007691,PROD0262,4,1081.48,0.1
ORD010050,PROD0029,5,1224.14,0.1
ORD003286,PROD0148,2,2479.32,0.1
ORD009041,PROD0133,2,737.29,0.1
ORD009767,PROD0169,2,2484.01,0.1
ORD013525,PROD0078,5,1498.55,0.1
ORD017772,PROD0182,1,1491.37,0.0
ORD000149,PROD0116,5,435.35,0.05
ORD001336,PROD0250,1,468.3,0.0
ORD011522,PROD0131,2,719.35,0.05
ORD015910,PROD0153,4,192.77,0.1
ORD007683,PROD0273,3,1884.45,0.15
ORD007816,PROD0163,4,703.11,0.2
ORD010949,PROD0232,3,480.05,0.0
ORD004164,PROD0025,2,585.99,0.1
ORD006980,PROD0066,5,705.54,0.1
ORD012796,PROD0028,3,740.62,0.2
ORD015444,PROD0213,3,475.42,0.0
ORD008672,PROD0196,1,624.67,0.1
ORD016131,PROD0275,4,1740.08,0.15
ORD006714,PROD0268,3,1593.82,0.15
ORD001375,PROD0155,3,383.07,0.05
ORD005187,PROD0272,1,834.67,0.15
ORD016550,PROD0077,3,372.07,0.05
ORD005122,PROD0236,2,1243.22,0.15
ORD008636,PROD0205,2,315.35,0.1
ORD003343,PROD0120,2,3592.34,0.0
ORD001315,PROD0093,2,2481.82,0.0
ORD008151,PROD0010,4,1326.68,0.1
ORD006310,PROD0146,1,2912.21,0.2
ORD015861,PROD0008,5,1428.37,0.2
ORD014674,PROD0098,3,1788.67,0.15
ORD009129,PROD0250,5,468.3,0.0
ORD011509,PROD0292,1,526.18,0.0
ORD003234,PROD0091,2,402.26,0.1
ORD005967,PROD0107,4,416.19,0.2
ORD001491,PROD0117,3,1622.14,0.1
ORD017971,PROD0057,5,1480.61,0.0
ORD008110,PROD0047,5,743.87,0.15
ORD000494,PROD0068,4,2579.6,0.0
ORD011916,PROD0014,5,596.75,0.05
ORD002724,PROD0136,4,4655.74,0.15
ORD009057,PROD0033,4,726.59,0.05
ORD009203,PROD0086,1,1292.77,0.2
ORD004091,PROD0265,3,709.86,0.05
ORD002261,PROD0280,3,239.29,0.0
ORD011379,PROD0032,4,1792.53,0.1
ORD016537,PROD0203,3,1208.94,0.0
ORD013209,PROD0166,4,655.43,0.0
ORD000971,PROD0242,3,1251.99,0.0
ORD011698,PROD0262,5,1081.48,0.15
ORD017325,PROD0018,4,1106.42,0.05
ORD004766,PROD0191,1,425.27,0.0
ORD009482,PROD0190,1,1494.94,0.15
ORD005858,PROD0200,2,1906.63,0.05
ORD005202,PROD0038,2,1310.24,0.2
ORD004955,PROD0256,5,895.23,0.05
ORD004756,PROD0281,2,5213.75,0.2
ORD017812,PROD0139,4,624.58,0.2
ORD007588,PROD0191,4,425.27,0.05
ORD000943,PROD0151,5,938.09,0.2
ORD007637,PROD0013,4,2230.9,0.0
ORD005517,PROD0228,5,1012.55,0.0
ORD012298,PROD0124,5,7033.68,0.1
ORD003118,PROD0251,2,1056.88,0.1
ORD004475,PROD0040,1,5448.94,0.0
ORD000685,PROD0213,5,475.42,0.0
ORD012989,PROD0137,4,445.2,0.05
ORD011481,PROD0190,3,1494.94,0.0
ORD013290,PROD0130,3,1402.05,0.05
ORD009374,PROD0089,5,390.25,0.0
ORD010197,PROD0065,2,298.49,0.1
ORD016395,PROD0200,4,1906.63,0.1
ORD016716,PROD0224,2,4037.97,0.1
ORD016758,PROD0160,3,2652.37,0.1
ORD014904,PROD0277,1,668.68,0.05
ORD001580,PROD0022,4,174.42,0.05
ORD017755,PROD0122,5,768.92,0.2
ORD003394,PROD0254,2,1021.7,0.05
ORD013184,PROD0058,1,5552.05,0.2
ORD000264,PROD0299,5,3528.34,0.05
ORD015920,PROD0138,3,2041.26,0.1
ORD004712,PROD0254,4,1021.7,0.0
ORD002862,PROD0171,3,619.82,0.2
ORD001969,PROD0044,5,2277.54,0.2
ORD005874,PROD0183,2,606.73,0.0
ORD011584,PROD0010,4,1326.68,0.0
ORD005384,PROD0101,1,3596.1,0.1
ORD010393,PROD0264,2,409.67,0.2
ORD014459,PROD0119,4,1545.4,0.05
ORD005277,PROD0162,4,377.71,0.1
ORD003535,PROD0184,3,734.18,0.1
ORD005501,PROD0026,2,926.18,0.05
ORD009600,PROD0059,1,3884.69,0.15
ORD008670,PROD0127,2,1166.2,0.2
ORD010961,PROD0182,2,1491.37,0.1
ORD017182,PROD0127,5,1166.2,0.0
ORD017983,PROD0275,3,1740.08,0.1
ORD006869,PROD0008,5,1428.37,0.1
ORD011170,PROD0255,4,2724.93,0.0
ORD003253,PROD0012,1,2384.44,0.15
ORD007148,PROD0082,2,835.72,0.1
ORD014999,PROD0243,5,4498.92,0.1
ORD010904,PROD0194,3,2044.13,0.05
ORD001282,PROD0147,3,1277.67,0.2
ORD012892,PROD0224,5,4037.97,0.0
ORD015533,PROD0110,3,2045.64,0.0
ORD013909,PROD0122,4,768.92,0.15
ORD010331,PROD0074,4,701.79,0.0
ORD012645,PROD0162,2,377.71,0.0
ORD001418,PROD0110,1,2045.64,0.0
ORD003728,PROD0076,2,1911.33,0.1
ORD014493,PROD0142,1,536.55,0.05
ORD006656,PROD0087,4,2381.84,0.1
ORD006482,PROD0257,3,994.46,0.1
ORD008722,PROD0103,5,814.61,0.15
ORD013678,PROD0152,5,3664.43,0.2
ORD015838,PROD0017,4,5213.81,0.05
ORD017022,PROD0166,4,655.43,0.15
ORD012719,PROD0269,1,528.68,0.0
ORD013447,PROD0299,4,3528.34,0.0
ORD014635,PROD0019,1,2132.91,0.05
ORD016309,PROD0165,3,1341.44,0.2
ORD012172,PROD0261,1,1950.36,0.1
ORD005532,PROD0081,2,2207.21,0.0
ORD005066,PROD0096,1,830.36,0.1
ORD007281,PROD0075,3,993.75,0.1
ORD012362,PROD0192,4,2094.72,0.05
ORD015801,PROD0263,1,754.46,0.1
ORD012670,PROD0078,1,1498.55,0.15
ORD009707,PROD0157,3,1342.68,0.0
ORD009519,PROD0169,3,2484.01,0.05
ORD013359,PROD0298,5,392.05,0.1
ORD000765,PROD0222,3,803.44,0.15
ORD012672,PROD0092,5,2466.2,0.15
ORD005959,PROD0246,4,484.36,0.05
ORD010365,PROD0100,5,1535.02,0.05
ORD010438,PROD0280,1,239.29,0.0
ORD011545,PROD0002,3,1122.65,0.1
ORD015338,PROD0296,2,605.83,0.05
ORD010907,PROD0201,1,1107.62,0.0
ORD001764,PROD0148,5,2479.32,0.15
ORD008988,PROD0179,3,608.27,0.0
ORD016494,PROD0020,5,2005.81,0.1
ORD013959,PROD0108,2,1195.6,0.0
ORD007067,PROD0080,3,1973.58,0.05
ORD004842,PROD0102,1,1726.73,0.1
ORD002666,PROD0067,1,1836.4,0.1
ORD016881,PROD0275,1,1740.08,0.05
ORD008917,PROD0184,4,734.18,0.15
ORD004602,PROD0267,4,1411.95,0.1
ORD007703,PROD0085,5,2361.96,0.2
ORD017694,PROD0061,5,1808.63,0.0
ORD001714,PROD0187,4,2575.23,0.15
ORD010866,PROD0085,4,2361.96,0.0
ORD006021,PROD0112,4,3157.32,0.0
ORD014714,PROD0287,2,1180.58,0.0
ORD010229,PROD0190,1,1494.94,0.1
ORD006693,PROD0124,3,7033.68,0.15
ORD011245,PROD0129,5,2715.49,0.0
ORD001992,PROD0230,4,1187.41,0.15
ORD008789,PROD0026,2,926.18,0.0
ORD007018,PROD0117,4,1622.14,0.0
ORD010727,PROD0069,1,6450.78,0.05
ORD014102,PROD0243,4,4498.92,0.2
ORD008229,PROD0293,4,1136.47,0.1
ORD007164,PROD0048,2,2692.11,0.05
ORD004628,PROD0213,4,475.42,0.05
ORD011643,PROD0221,1,861.75,0.1
ORD009371,PROD0266,3,1066.97,0.0
ORD004853,PROD0268,5,1593.82,0.0
ORD003140,PROD0117,2,1622.14,0.05
ORD017271,PROD0129,4,2715.49,0.1
ORD009952,PROD0087,4,2381.84,0.05
ORD002328,PROD0246,3,484.36,0.1
ORD005815,PROD0084,3,787.16,0.1
ORD008591,PROD0078,4,1498.55,0.1
ORD011783,PROD0272,3,834.67,0.15
ORD015906,PROD0013,4,2230.9,0.1
ORD012186,PROD0025,4,585.99,0.0
ORD015932,PROD0286,4,722.33,0.2
ORD009602,PROD0134,5,938.67,0.05
ORD000851,PROD0017,4,5213.81,0.0
ORD004252,PROD0300,3,2550.36,0.0
ORD001370,PROD0208,1,1605.39,0.1
ORD012166,PROD0126,2,648.87,0.0
ORD017991,PROD0291,2,859.37,0.05
ORD007863,PROD0253,2,3782.92,0.0
ORD004240,PROD0064,2,706.46,0.1
ORD005389,PROD0151,4,938.09,0.0
ORD012360,PROD0279,1,1760.62,0.0
ORD008122,PROD0094,5,1585.84,0.15
ORD013361,PROD0138,4,2041.26,0.0
ORD015357,PROD0072,1,4756.76,0.05
ORD007190,PROD0207,3,4103.55,0.0
ORD013587,PROD0274,3,356.93,0.0
ORD007524,PROD0255,5,2724.93,0.0
ORD003883,PROD0280,1,239.29,0.15
ORD009779,PROD0278,1,1418.31,0.1
ORD009799,PROD0040,3,5448.94,0.05
ORD012488,PROD0213,1,475.42,0.15
ORD008302,PROD0215,2,496.9,0.0
ORD000713,PROD0225,5,670.12,0.0
ORD017863,PROD0010,1,1326.68,0.15
ORD017486,PROD0095,2,853.11,0.0
ORD008516,PROD0221,5,861.75,0.0
ORD009539,PROD0153,2,192.77,0.05
ORD010286,PROD0132,5,1663.98,0.0
ORD013287,PROD0274,5,356.93,0.1
ORD001464,PROD0093,5,2481.82,0.05
ORD013485,PROD0206,2,512.36,0.15
ORD005199,PROD0274,1,356.93,0.05
ORD011015,PROD0009,2,419.4,0.0
ORD011634,PROD0162,2,377.71,0.0
ORD016531,PROD0037,4,1059.57,0.05
ORD005783,PROD0140,4,4498.4,0.1
ORD014504,PROD0032,1,1792.53,0.1
ORD008135,PROD0110,3,2045.64,0.05
ORD006066,PROD0232,2,480.05,0.05
ORD009626,PROD0029,2,1224.14,0.15
ORD011132,PROD0070,4,2065.33,0.1
ORD001850,PROD0257,4,994.46,0.1
ORD012443,PROD0147,3,1277.67,0.15
ORD004925,PROD0257,3,994.46,0.0
ORD002983,PROD0094,4,1585.84,0.0
ORD016046,PROD0292,3,526.18,0.15
ORD013145,PROD0209,3,4636.93,0.1
ORD016326,PROD0057,2,1480.61,0.1
ORD009015,PROD0012,1,2384.44,0.15
ORD015446,PROD0119,3,1545.4,0.2
ORD000871,PROD0034,5,1106.13,0.15
ORD006390,PROD0081,1,2207.21,0.0
ORD002085,PROD0073,4,3798.83,0.1
ORD003843,PROD0009,4,419.4,0.0
ORD012043,PROD0110,1,2045.64,0.05
ORD008333,PROD0274,1,356.93,0.05
ORD002075,PROD0213,2,475.42,0.1
ORD000452,PROD0003,5,2931.9,0.1
ORD011808,PROD0037,3,1059.57,0.1
ORD015507,PROD0266,1,1066.97,0.0
ORD002283,PROD0272,2,834.67,0.05
ORD014050,PROD0038,4,1310.24,0.05
ORD017647,PROD0288,3,1099.87,0.05
ORD003317,PROD0132,5,1663.98,0.05
ORD003554,PROD0129,5,2715.49,0.2
ORD016856,PROD0254,4,1021.7,0.0
ORD003268,PROD0115,2,1198.13,0.2
ORD003287,PROD0180,2,374.36,0.1
ORD003802,PROD0288,4,1099.87,0.2
ORD005803,PROD0176,5,890.34,0.0
ORD015063,PROD0215,3,496.9,0.1
ORD015214,PROD0165,5,1341.44,0.1
ORD004393,PROD0072,4,4756.76,0.1
ORD007237,PROD0113,3,495.12,0.0
ORD016350,PROD0046,3,423.5,0.05
ORD014999,PROD0124,3,7033.68,0.05
ORD015429,PROD0042,3,5997.9,0.1
ORD012110,PROD0126,2,648.87,0.15
ORD006681,PROD0161,1,1467.22,0.1
ORD002305,PROD0217,1,748.27,0.05
ORD010620,PROD0176,4,890.34,0.1
ORD000411,PROD0163,4,703.11,0.0
ORD003068,PROD0275,3,1740.08,0.1
ORD013329,PROD0082,5,835.72,0.1
ORD014284,PROD0002,4,1122.65,0.0
ORD009460,PROD0012,1,2384.44,0.1
ORD011735,PROD0208,5,1605.39,0.15
ORD013089,PROD0126,4,648.87,0.1
ORD012715,PROD0056,2,1815.37,0.1
ORD007763,PROD0288,4,1099.87,0.0
ORD004974,PROD0074,2,701.79,0.2
ORD008431,PROD0161,5,1467.22,0.15
ORD005085,PROD0144,4,1097.89,0.05
ORD001295,PROD0158,1,1130.19,0.0
ORD007497,PROD0174,3,1681.39,0.2
ORD012824,PROD0065,2,298.49,0.1
ORD006901,PROD0260,1,2453.91,0.0
ORD010408,PROD0115,5,1198.13,0.1
ORD005798,PROD0263,2,754.46,0.05
ORD013057,PROD0094,1,1585.84,0.15
ORD013992,PROD0182,4,1491.37,0.1
ORD002097,PROD0199,1,919.06,0.15
ORD017424,PROD0122,1,768.92,0.1
ORD008873,PROD0208,2,1605.39,0.1
ORD005447,PROD0240,1,1736.87,0.15
ORD017287,PROD0159,1,2084.31,0.0
ORD010294,PROD0085,2,2361.96,0.05
ORD010800,PROD0267,1,1411.95,0.1
ORD001816,PROD0030,1,1536.54,0.05
ORD011763,PROD0115,1,1198.13,0.0
ORD005741,PROD0180,5,374.36,0.0
ORD012826,PROD0230,2,1187.41,0.05
ORD015432,PROD0076,1,1911.33,0.15
ORD014383,PROD0106,3,770.07,0.05
ORD006171,PROD0190,5,1494.94,0.0
ORD000660,PROD0202,2,1039.91,0.05
ORD011967,PROD0271,3,1034.8,0.05
ORD005825,PROD0119,1,1545.4,0.15
ORD017670,PROD0204,1,1064.24,0.05
ORD016357,PROD0273,4,1884.45,0.0
ORD015030,PROD0121,4,1762.91,0.15
ORD003604,PROD0153,5,192.77,0.2
ORD015325,PROD0113,4,495.12,0.1
ORD003364,PROD0012,3,2384.44,0.15
ORD016723,PROD0045,2,1204.82,0.0
ORD005470,PROD0291,3,859.37,0.05
ORD004375,PROD0079,3,1557.75,0.05
ORD003510,PROD0263,1,754.46,0.0
ORD002501,PROD0119,3,1545.4,0.1
ORD000648,PROD0198,3,1910.21,0.05
ORD017718,PROD0173,1,1893.36,0.1
ORD010900,PROD0229,3,251.37,0.0
ORD010084,PROD0198,4,1910.21,0.1
ORD007741,PROD0243,3,4498.92,0.0
ORD007289,PROD0242,4,1251.99,0.1
ORD001323,PROD0127,5,1166.2,0.1
ORD011526,PROD0083,2,1558.0,0.1
ORD006207,PROD0047,2,743.87,0.05
ORD009118,PROD0079,5,1557.75,0.05
ORD014688,PROD0155,3,383.07,0.1
ORD007625,PROD0222,1,803.44,0.15
ORD009140,PROD0005,2,5350.44,0.2
ORD016011,PROD0151,2,938.09,0.2
ORD015024,PROD0174,1,1681.39,0.15
ORD004296,PROD0297,4,359.44,0.0
ORD003483,PROD0193,3,3394.61,0.1
ORD001561,PROD0201,5,1107.62,0.1
ORD004820,PROD0145,5,2107.82,0.1
ORD008022,PROD0014,2,596.75,0.15
ORD000357,PROD0015,2,768.6,0.2
ORD009458,PROD0042,1,5997.9,0.0
ORD010919,PROD0170,1,1486.76,0.05
ORD015653,PROD0117,2,1622.14,0.05
ORD004137,PROD0218,2,852.15,0.0
ORD017824,PROD0198,5,1910.21,0.0
ORD016117,PROD0275,4,1740.08,0.05
ORD014018,PROD0178,4,1006.65,0.05
ORD003342,PROD0108,2,1195.6,0.15
ORD013202,PROD0279,2,1760.62,0.0
ORD009778,PROD0138,2,2041.26,0.15
ORD011838,PROD0046,5,423.5,0.2
ORD009326,PROD0189,2,260.5,0.1
ORD014226,PROD0249,4,4012.64,0.0
ORD000536,PROD0270,3,546.81,0.1
ORD016025,PROD0221,5,861.75,0.05
ORD016754,PROD0254,4,1021.7,0.1
ORD008811,PROD0022,4,174.42,0.1
ORD005162,PROD0111,3,843.13,0.0
ORD004913,PROD0273,4,1884.45,0.1
ORD012789,PROD0178,4,1006.65,0.0
ORD016524,PROD0034,4,1106.13,0.0
ORD001566,PROD0168,3,1759.17,0.0
ORD001017,PROD0265,3,709.86,0.2
ORD017367,PROD0153,5,192.77,0.0
ORD008015,PROD0220,1,1249.15,0.0
ORD016027,PROD0238,1,1179.28,0.1
ORD015819,PROD0102,1,1726.73,0.1
ORD009448,PROD0132,5,1663.98,0.1
ORD015716,PROD0108,3,1195.6,0.05
ORD011187,PROD0018,4,1106.42,0.2
ORD012523,PROD0125,4,1338.46,0.0
ORD005003,PROD0227,1,663.99,0.2
ORD004280,PROD0016,1,2382.58,0.15
ORD000615,PROD0260,4,2453.91,0.1
ORD003298,PROD0229,1,251.37,0.0
ORD000485,PROD0190,5,1494.94,0.2
ORD014635,PROD0203,5,1208.94,0.0
ORD015358,PROD0123,1,2787.07,0.1
ORD012649,PROD0080,5,1973.58,0.15
ORD005249,PROD0023,5,529.99,0.0
ORD001117,PROD0251,5,1056.88,0.0
ORD001133,PROD0242,5,1251.99,0.05
ORD012238,PROD0090,3,1416.42,0.0
ORD003406,PROD0155,3,383.07,0.05
ORD010192,PROD0276,2,1150.97,0.0
ORD005571,PROD0173,1,1893.36,0.05
ORD000006,PROD0088,4,255.81,0.2
ORD016551,PROD0118,4,437.61,0.05
ORD005381,PROD0146,1,2912.21,0.0
ORD014315,PROD0235,1,1069.09,0.15
ORD011960,PROD0262,3,1081.48,0.0
ORD016689,PROD0271,5,1034.8,0.15
ORD015789,PROD0230,2,1187.41,0.1
ORD001568,PROD0161,1,1467.22,0.05
ORD009274,PROD0233,5,865.79,0.1
ORD011585,PROD0272,1,834.67,0.2
ORD005407,PROD0277,1,668.68,0.1
ORD013008,PROD0043,1,950.69,0.2
ORD002280,PROD0167,5,2511.68,0.05
ORD001958,PROD0182,3,1491.37,0.1
ORD013676,PROD0073,1,3798.83,0.0
ORD000833,PROD0237,1,1008.9,0.05
ORD011588,PROD0198,2,1910.21,0.1
ORD003800,PROD0174,2,1681.39,0.2
ORD012119,PROD0174,4,1681.39,0.05
ORD006428,PROD0266,5,1066.97,0.0
ORD003146,PROD0182,4,1491.37,0.1
ORD010214,PROD0290,3,3732.41,0.05
ORD001451,PROD0288,5,1099.87,0.2
ORD014125,PROD0156,2,1302.29,0.0
ORD006813,PROD0133,1,737.29,0.1
ORD004743,PROD0246,1,484.36,0.0
ORD009661,PROD0071,3,1519.69,0.0
ORD006939,PROD0214,2,285.7,0.15
ORD004007,PROD0028,3,740.62,0.05
ORD009351,PROD0025,5,585.99,0.05
ORD012892,PROD0254,5,1021.7,0.0
ORD013413,PROD0027,3,5305.88,0.2
ORD005407,PROD0237,5,1008.9,0.0
ORD016612,PROD0008,5,1428.37,0.1
ORD017631,PROD0232,1,480.05,0.15
ORD015226,PROD0014,2,596.75,0.0
ORD001988,PROD0258,2,814.14,0.2
ORD016995,PROD0248,5,581.51,0.0
ORD005756,PROD0195,4,525.15,0.1
ORD003409,PROD0257,3,994.46,0.15
ORD007101,PROD0026,3,926.18,0.0
ORD010736,PROD0217,5,748.27,0.0
ORD015924,PROD0266,3,1066.97,0.05
ORD011337,PROD0059,3,3884.69,0.0
ORD004388,PROD0216,1,2535.43,0.05
ORD002635,PROD0288,5,1099.87,0.1
ORD006398,PROD0249,4,4012.64,0.2
ORD015380,PROD0122,5,768.92,0.2
ORD006476,PROD0109,2,315.2,0.05
ORD000748,PROD0129,5,2715.49,0.05
ORD013845,PROD0066,2,705.54,0.1
ORD011411,PROD0143,2,2026.75,0.0
ORD008100,PROD0269,4,528.68,0.05
ORD004570,PROD0154,5,611.42,0.05
ORD011728,PROD0088,4,255.81,0.1
ORD003659,PROD0117,4,1622.14,0.05
ORD002629,PROD0001,3,2228.63,0.05
ORD006768,PROD0005,1,5350.44,0.0
ORD000289,PROD0169,4,2484.01,0.0
ORD017730,PROD0053,5,499.98,0.1
ORD006875,PROD0147,2,1277.67,0.1
ORD000997,PROD0057,4,1480.61,0.1
ORD010497,PROD0266,2,1066.97,0.2
ORD001430,PROD0221,1,861.75,0.0
ORD001801,PROD0283,5,1585.65,0.05
ORD000554,PROD0293,1,1136.47,0.15
ORD012759,PROD0096,4,830.36,0.2
ORD014901,PROD0205,5,315.35,0.05
ORD005165,PROD0262,2,1081.48,0.1
ORD002935,PROD0036,1,2265.4,0.05
ORD011346,PROD0115,3,1198.13,0.1
ORD010227,PROD0060,3,511.57,0.05
ORD010320,PROD0189,2,260.5,0.1
ORD009379,PROD0011,5,569.66,0.1
ORD011919,PROD0124,4,7033.68,0.05
ORD005660,PROD0015,1,768.6,0.1
ORD010479,PROD0209,1,4636.93,0.05
ORD014001,PROD0222,2,803.44,0.05
ORD005386,PROD0278,1,1418.31,0.2
ORD016143,PROD0207,4,4103.55,0.15
ORD003605,PROD0259,5,272.42,0.05
ORD005300,PROD0085,2,2361.96,0.0
ORD012199,PROD0179,3,608.27,0.15
ORD012125,PROD0179,3,608.27,0.0
ORD010332,PROD0110,5,2045.64,0.15
ORD016093,PROD0137,4,445.2,0.05
ORD007037,PROD0128,4,414.27,0.05
ORD006910,PROD0181,1,218.55,0.05
ORD006134,PROD0150,3,1469.35,0.05
ORD008553,PROD0164,2,1896.67,0.1
ORD000032,PROD0183,2,606.73,0.0
ORD012088,PROD0097,1,2244.75,0.1
ORD014897,PROD0176,3,890.34,0.15
ORD008991,PROD0085,3,2361.96,0.1
ORD004388,PROD0245,2,258.37,0.2
ORD016301,PROD0022,3,174.42,0.2
ORD010835,PROD0058,4,5552.05,0.0
ORD002903,PROD0067,4,1836.4,0.05
ORD014335,PROD0185,3,592.37,0.2
ORD001473,PROD0260,4,2453.91,0.1
ORD004614,PROD0112,1,3157.32,0.15
ORD005056,PROD0236,2,1243.22,0.15
ORD013071,PROD0141,1,526.7,0.15
ORD010847,PROD0229,5,251.37,0.0
ORD001381,PROD0124,5,7033.68,0.1
ORD017578,PROD0162,4,377.71,0.2
ORD016649,PROD0049,3,474.29,0.05
ORD006210,PROD0044,1,2277.54,0.1
ORD005999,PROD0264,2,409.67,0.0
ORD012861,PROD0275,4,1740.08,0.15
ORD010789,PROD0242,4,1251.99,0.05
ORD006427,PROD0009,3,419.4,0.0
ORD000623,PROD0059,4,3884.69,0.0
ORD006941,PROD0238,4,1179.28,0.2
ORD011072,PROD0172,1,3513.98,0.05
ORD013018,PROD0111,4,843.13,0.1
ORD005130,PROD0237,4,1008.9,0.1
ORD001006,PROD0294,4,608.79,0.05
ORD017932,PROD0074,3,701.79,0.0
ORD006968,PROD0061,1,1808.63,0.15
ORD001857,PROD0257,1,994.46,0.1
ORD002295,PROD0254,1,1021.7,0.0
ORD004261,PROD0029,4,1224.14,0.1
ORD013645,PROD0031,1,2790.09,0.05
ORD012172,PROD0235,2,1069.09,0.0
ORD005391,PROD0090,5,1416.42,0.15
ORD011267,PROD0124,3,7033.68,0.05
ORD005092,PROD0245,5,258.37,0.0
ORD007352,PROD0242,5,1251.99,0.0
ORD000435,PROD0240,2,1736.87,0.1
ORD011988,PROD0223,1,1507.47,0.05
ORD005434,PROD0145,2,2107.82,0.0
ORD013215,PROD0240,4,1736.87,0.1
ORD011837,PROD0116,5,435.35,0.0
ORD004622,PROD0125,4,1338.46,0.05
ORD005687,PROD0280,4,239.29,0.1
ORD012455,PROD0058,5,5552.05,0.0
ORD017119,PROD0019,3,2132.91,0.1
ORD005101,PROD0241,1,215.23,0.1
ORD004734,PROD0121,3,1762.91,0.1
ORD011146,PROD0297,4,359.44,0.2
ORD000686,PROD0046,5,423.5,0.2
ORD010223,PROD0051,4,257.94,0.05
ORD013229,PROD0098,5,1788.67,0.0
ORD007861,PROD0003,2,2931.9,0.0
ORD004227,PROD0063,5,453.52,0.2
ORD008932,PROD0145,1,2107.82,0.15
ORD016691,PROD0211,3,1092.8,0.1
ORD000189,PROD0246,5,484.36,0.1
ORD007033,PROD0250,5,468.3,0.2
ORD013254,PROD0063,1,453.52,0.0
ORD002468,PROD0077,2,372.07,0.15
ORD013451,PROD0009,2,419.4,0.15
ORD015208,PROD0158,1,1130.19,0.0
ORD011749,PROD0024,1,3557.69,0.1
ORD010359,PROD0184,4,734.18,0.05
ORD013413,PROD0207,4,4103.55,0.0
ORD016445,PROD0183,2,606.73,0.0
ORD000243,PROD0050,3,138.33,0.15
ORD011658,PROD0160,5,2652.37,0.1
ORD012022,PROD0135,2,1098.25,0.1
ORD014909,PROD0292,3,526.18,0.0
ORD006013,PROD0261,3,1950.36,0.0
ORD008845,PROD0127,1,1166.2,0.1
ORD000687,PROD0137,2,445.2,0.05
ORD014372,PROD0282,4,1059.41,0.05
ORD004638,PROD0286,5,722.33,0.1
ORD007969,PROD0261,3,1950.36,0.0
ORD007866,PROD0171,3,619.82,0.0
ORD002423,PROD0148,5,2479.32,0.1
ORD002692,PROD0246,4,484.36,0.15
ORD000926,PROD0242,2,1251.99,0.05
ORD008069,PROD0136,5,4655.74,0.0
ORD014488,PROD0224,1,4037.97,0.0
ORD014471,PROD0076,1,1911.33,0.05
ORD003599,PROD0090,3,1416.42,0.1
ORD005311,PROD0188,2,5555.06,0.1
ORD001458,PROD0276,2,1150.97,0.0
ORD005409,PROD0205,2,315.35,0.2
ORD011552,PROD0226,4,322.28,0.15
ORD003952,PROD0272,4,834.67,0.05
ORD014496,PROD0149,1,231.51,0.1
ORD007175,PROD0124,5,7033.68,0.0
ORD017953,PROD0247,2,1013.19,0.05
ORD013308,PROD0086,1,1292.77,0.15
ORD005306,PROD0223,1,1507.47,0.15
ORD013503,PROD0085,2,2361.96,0.0
ORD015692,PROD0203,5,1208.94,0.1
ORD009183,PROD0277,5,668.68,0.05
ORD000993,PROD0172,5,3513.98,0.1
ORD008520,PROD0081,4,2207.21,0.05
ORD002550,PROD0126,5,648.87,0.05
ORD014467,PROD0200,3,1906.63,0.1
ORD002777,PROD0070,2,2065.33,0.1
ORD007004,PROD0157,2,1342.68,0.0
ORD009079,PROD0121,1,1762.91,0.0
ORD003387,PROD0252,1,1091.64,0.15
ORD001033,PROD0134,2,938.67,0.05
ORD012267,PROD0006,5,997.09,0.1
ORD000674,PROD0155,5,383.07,0.15
ORD012838,PROD0015,1,768.6,0.15
ORD015983,PROD0088,3,255.81,0.15
ORD017335,PROD0200,3,1906.63,0.05
ORD008288,PROD0226,1,322.28,0.2
ORD002025,PROD0067,3,1836.4,0.1
ORD006670,PROD0117,3,1622.14,0.05
ORD001897,PROD0114,1,983.9,0.05
ORD008102,PROD0009,2,419.4,0.0
ORD003408,PROD0275,1,1740.08,0.0
ORD013322,PROD0298,5,392.05,0.0
ORD017600,PROD0290,4,3732.41,0.05
ORD012818,PROD0285,3,1253.77,0.15
ORD009536,PROD0023,1,529.99,0.0
ORD005562,PROD0038,1,1310.24,0.15
ORD004463,PROD0240,1,1736.87,0.0
ORD003019,PROD0015,4,768.6,0.05
ORD000097,PROD0115,3,1198.13,0.1
ORD013034,PROD0178,5,1006.65,0.05
ORD015764,PROD0074,2,701.79,0.15
ORD015235,PROD0013,5,2230.9,0.1
ORD005845,PROD0294,1,608.79,0.0
ORD005256,PROD0069,1,6450.78,0.05
ORD015328,PROD0173,5,1893.36,0.1
ORD006856,PROD0156,2,1302.29,0.2
ORD013315,PROD0222,1,803.44,0.0
ORD004695,PROD0201,5,1107.62,0.1
ORD007371,PROD0139,1,624.58,0.0
ORD001878,PROD0281,5,5213.75,0.15
ORD009654,PROD0037,2,1059.57,0.1
ORD015858,PROD0051,3,257.94,0.0
ORD004871,PROD0129,4,2715.49,0.1
ORD013508,PROD0273,5,1884.45,0.05
ORD004400,PROD0280,3,239.29,0.05
ORD009901,PROD0165,2,1341.44,0.0
ORD002780,PROD0036,3,2265.4,0.1
ORD010464,PROD0157,5,1342.68,0.05
ORD000910,PROD0212,4,936.47,0.15
ORD002541,PROD0051,3,257.94,0.2
ORD017516,PROD0188,3,5555.06,0.05
ORD010920,PROD0110,3,2045.64,0.05
ORD003218,PROD0072,4,4756.76,0.1
ORD016640,PROD0247,2,1013.19,0.05
ORD017301,PROD0048,2,2692.11,0.0
ORD011746,PROD0150,5,1469.35,0.0
ORD011413,PROD0025,3,585.99,0.0
ORD015913,PROD0081,1,2207.21,0.15
ORD003072,PROD0273,3,1884.45,0.05
ORD011026,PROD0215,4,496.9,0.2
ORD013630,PROD0280,2,239.29,0.05
ORD003707,PROD0271,2,1034.8,0.2
ORD005965,PROD0253,2,3782.92,0.05
ORD009198,PROD0002,1,1122.65,0.1
ORD010802,PROD0229,3,251.37,0.05
ORD013458,PROD0266,5,1066.97,0.0
ORD000232,PROD0141,2,526.7,0.15
ORD013959,PROD0191,2,425.27,0.1
ORD016688,PROD0269,3,528.68,0.05
ORD004180,PROD0212,5,936.47,0.2
ORD000799,PROD0240,5,1736.87,0.0
ORD008982,PROD0001,2,2228.63,0.0
ORD011542,PROD0299,3,3528.34,0.15
ORD015177,PROD0175,1,2260.04,0.1
ORD015070,PROD0107,2,416.19,0.2
ORD013722,PROD0249,2,4012.64,0.1
ORD013194,PROD0018,4,1106.42,0.05
ORD016713,PROD0256,1,895.23,0.2
ORD014916,PROD0218,5,852.15,0.05
ORD003290,PROD0272,4,834.67,0.05
ORD005009,PROD0187,3,2575.23,0.1
ORD000718,PROD0043,2,950.69,0.0
ORD009303,PROD0290,1,3732.41,0.0
ORD014532,PROD0300,5,2550.36,0.0
ORD010025,PROD0061,4,1808.63,0.0
ORD004444,PROD0236,4,1243.22,0.15
ORD002219,PROD0008,5,1428.37,0.0
ORD000601,PROD0092,2,2466.2,0.2
ORD011203,PROD0176,1,890.34,0.2
ORD008282,PROD0121,1,1762.91,0.0
ORD017259,PROD0019,4,2132.91,0.05
ORD006349,PROD0213,5,475.42,0.1
ORD011016,PROD0102,5,1726.73,0.0
ORD001548,PROD0015,5,768.6,0.1
ORD007643,PROD0031,3,2790.09,0.05
ORD007274,PROD0099,2,550.57,0.1
ORD007533,PROD0200,3,1906.63,0.1
ORD016271,PROD0204,2,1064.24,0.2
ORD011017,PROD0115,4,1198.13,0.0
ORD007512,PROD0222,1,803.44,0.0
ORD009963,PROD0170,2,1486.76,0.05
ORD010060,PROD0082,2,835.72,0.05
ORD015957,PROD0237,3,1008.9,0.1
ORD006047,PROD0031,3,2790.09,0.2
ORD010708,PROD0111,2,843.13,0.2
ORD007089,PROD0272,4,834.67,0.05
ORD003376,PROD0236,1,1243.22,0.15
ORD015251,PROD0060,4,511.57,0.2
ORD002119,PROD0071,3,1519.69,0.05
ORD013526,PROD0143,2,2026.75,0.15
ORD016785,PROD0121,2,1762.91,0.05
ORD010505,PROD0120,1,3592.34,0.05
ORD006818,PROD0075,3,993.75,0.1
ORD013456,PROD0202,2,1039.91,0.1
ORD017832,PROD0122,3,768.92,0.1
ORD017235,PROD0093,5,2481.82,0.05
ORD017502,PROD0160,5,2652.37,0.1
ORD005816,PROD0274,5,356.93,0.1
ORD000308,PROD0106,3,770.07,0.0
ORD010208,PROD0220,5,1249.15,0.1
ORD010029,PROD0048,4,2692.11,0.05
ORD015354,PROD0061,1,1808.63,0.1
ORD016696,PROD0208,1,1605.39,0.0
ORD008126,PROD0057,5,1480.61,0.1
ORD001348,PROD0249,4,4012.64,0.15
ORD002324,PROD0030,5,1536.54,0.15
ORD004827,PROD0165,5,1341.44,0.1
ORD006221,PROD0083,5,1558.0,0.2
ORD000593,PROD0006,4,997.09,0.15
ORD009036,PROD0154,3,611.42,0.05
ORD007642,PROD0157,4,1342.68,0.15
ORD003710,PROD0020,2,2005.81,0.05
ORD003665,PROD0252,3,1091.64,0.05
ORD013740,PROD0037,2,1059.57,0.05
ORD000379,PROD0012,5,2384.44,0.0
ORD011373,PROD0104,5,917.71,0.05
ORD010722,PROD0220,1,1249.15,0.1
ORD011835,PROD0018,1,1106.42,0.05
ORD014192,PROD0198,5,1910.21,0.1
ORD004004,PROD0194,2,2044.13,0.1
ORD004068,PROD0030,5,1536.54,0.1
ORD014597,PROD0140,1,4498.4,0.05
ORD015745,PROD0197,4,774.0,0.2
ORD011626,PROD0295,3,450.65,0.05
ORD008706,PROD0251,4,1056.88,0.1
ORD009919,PROD0102,5,1726.73,0.1
ORD006830,PROD0264,4,409.67,0.2
ORD014279,PROD0049,4,474.29,0.05
ORD014062,PROD0006,4,997.09,0.2
ORD011801,PROD0075,4,993.75,0.05
ORD004939,PROD0010,3,1326.68,0.15
ORD017822,PROD0189,1,260.5,0.2
ORD012531,PROD0112,5,3157.32,0.0
ORD001241,PROD0022,3,174.42,0.05
ORD017520,PROD0161,5,1467.22,0.1
ORD008888,PROD0063,4,453.52,0.15
ORD012590,PROD0292,3,526.18,0.1
ORD017293,PROD0279,1,1760.62,0.0
ORD003426,PROD0159,2,2084.31,0.1
ORD015812,PROD0213,5,475.42,0.05
ORD006174,PROD0011,1,569.66,0.0
ORD001367,PROD0215,3,496.9,0.1
ORD005730,PROD0062,5,1731.8,0.05
ORD011584,PROD0100,1,1535.02,0.0
ORD006872,PROD0241,2,215.23,0.0
ORD001045,PROD0190,5,1494.94,0.2
ORD011979,PROD0252,5,1091.64,0.15
ORD000997,PROD0203,3,1208.94,0.2
ORD001692,PROD0076,3,1911.33,0.05
ORD003516,PROD0132,2,1663.98,0.1
ORD014429,PROD0021,3,2017.39,0.1
ORD001947,PROD0294,2,608.79,0.1
ORD014325,PROD0005,5,5350.44,0.05
ORD007294,PROD0163,4,703.11,0.15
ORD014391,PROD0124,4,7033.68,0.0
ORD014958,PROD0035,4,914.62,0.1
ORD003374,PROD0014,3,596.75,0.2
ORD003345,PROD0297,4,359.44,0.1
ORD002407,PROD0097,5,2244.75,0.1
ORD013051,PROD0205,4,315.35,0.05
ORD007835,PROD0025,1,585.99,0.05
ORD002195,PROD0082,2,835.72,0.0
ORD008312,PROD0252,5,1091.64,0.0
ORD007156,PROD0149,1,231.51,0.0
ORD010667,PROD0089,5,390.25,0.05
ORD012238,PROD0064,4,706.46,0.0
ORD003842,PROD0117,1,1622.14,0.1
ORD008571,PROD0140,2,4498.4,0.15
ORD008934,PROD0031,5,2790.09,0.1
ORD013415,PROD0076,5,1911.33,0.05
ORD005032,PROD0159,5,2084.31,0.0
ORD001027,PROD0131,4,719.35,0.15
ORD015291,PROD0290,3,3732.41,0.1
ORD014697,PROD0219,3,1088.5,0.0
ORD006206,PROD0047,3,743.87,0.05
ORD014069,PROD0021,2,2017.39,0.2
ORD000128,PROD0257,5,994.46,0.1
ORD004641,PROD0285,3,1253.77,0.05
ORD001120,PROD0030,3,1536.54,0.05
ORD013800,PROD0197,5,774.0,0.2
ORD002361,PROD0215,5,496.9,0.05
ORD000867,PROD0180,2,374.36,0.0
ORD006361,PROD0110,2,2045.64,0.1
ORD017748,PROD0258,2,814.14,0.1
ORD016272,PROD0068,3,2579.6,0.05
ORD014039,PROD0058,5,5552.05,0.05
ORD009987,PROD0130,3,1402.05,0.1
ORD008112,PROD0218,3,852.15,0.1
ORD017183,PROD0161,2,1467.22,0.1
ORD009982,PROD0111,4,843.13,0.05
ORD011161,PROD0220,5,1249.15,0.0
ORD014513,PROD0067,5,1836.4,0.0
ORD003783,PROD0222,5,803.44,0.05
ORD005385,PROD0209,3,4636.93,0.1
ORD017284,PROD0297,3,359.44,0.2
ORD013253,PROD0118,1,437.61,0.1
ORD013586,PROD0142,3,536.55,0.0
ORD014529,PROD0043,3,950.69,0.1
ORD011196,PROD0195,5,525.15,0.0
ORD012918,PROD0259,2,272.42,0.15
ORD005226,PROD0142,4,536.55,0.05
ORD014698,PROD0120,1,3592.34,0.05
ORD013217,PROD0201,5,1107.62,0.1
ORD016227,PROD0161,2,1467.22,0.05
ORD003501,PROD0033,2,726.59,0.0
ORD012141,PROD0144,3,1097.89,0.15
ORD012555,PROD0084,3,787.16,0.2
ORD009752,PROD0220,4,1249.15,0.0
ORD015221,PROD0300,4,2550.36,0.05
ORD009925,PROD0060,5,511.57,0.0
ORD005346,PROD0240,1,1736.87,0.05
ORD004156,PROD0167,2,2511.68,0.05
ORD009917,PROD0218,1,852.15,0.05
ORD005627,PROD0202,5,1039.91,0.2
ORD015401,PROD0102,3,1726.73,0.05
ORD013517,PROD0284,4,1551.66,0.05
ORD002634,PROD0200,3,1906.63,0.05
ORD009804,PROD0040,5,5448.94,0.05
ORD010642,PROD0253,4,3782.92,0.1
ORD000611,PROD0004,3,1005.11,0.2
ORD006146,PROD0143,4,2026.75,0.0
ORD017880,PROD0149,2,231.51,0.0
ORD011092,PROD0051,4,257.94,0.2
ORD002664,PROD0060,4,511.57,0.15
ORD012356,PROD0238,1,1179.28,0.05
ORD000850,PROD0076,3,1911.33,0.1
ORD006228,PROD0197,1,774.0,0.15
ORD005196,PROD0067,5,1836.4,0.0
ORD016074,PROD0267,2,1411.95,0.05
ORD012054,PROD0290,5,3732.41,0.1
ORD006908,PROD0045,2,1204.82,0.1
ORD014464,PROD0149,2,231.51,0.05
ORD013692,PROD0182,1,1491.37,0.05
ORD005184,PROD0298,4,392.05,0.2
ORD008321,PROD0186,1,324.33,0.15
ORD008684,PROD0033,3,726.59,0.2
ORD001380,PROD0198,3,1910.21,0.1
ORD014749,PROD0160,5,2652.37,0.1
ORD005965,PROD0257,2,994.46,0.1
ORD009143,PROD0248,5,581.51,0.05
ORD008859,PROD0102,1,1726.73,0.05
ORD005635,PROD0186,2,324.33,0.0
ORD016087,PROD0228,4,1012.55,0.05
ORD009792,PROD0261,5,1950.36,0.0
ORD013416,PROD0238,4,1179.28,0.05
ORD013162,PROD0158,1,1130.19,0.05
ORD004022,PROD0129,1,2715.49,0.05
ORD002002,PROD0239,3,3878.85,0.15
ORD008159,PROD0100,4,1535.02,0.2
ORD013145,PROD0050,5,138.33,0.1
ORD006873,PROD0066,3,705.54,0.15
ORD000957,PROD0265,4,709.86,0.15
ORD012764,PROD0251,1,1056.88,0.2
ORD012975,PROD0032,5,1792.53,0.2
ORD007662,PROD0261,4,1950.36,0.0
ORD012168,PROD0163,2,703.11,0.0
ORD011073,PROD0047,4,743.87,0.1
ORD007519,PROD0136,2,4655.74,0.1
ORD000401,PROD0124,1,7033.68,0.15
ORD013801,PROD0195,1,525.15,0.0
ORD000041,PROD0275,2,1740.08,0.0
ORD002188,PROD0176,2,890.34,0.0
ORD006677,PROD0171,1,619.82,0.15
ORD015385,PROD0079,1,1557.75,0.05
ORD001130,PROD0222,3,803.44,0.0
ORD009771,PROD0186,3,324.33,0.15
ORD015095,PROD0093,1,2481.82,0.0
ORD012543,PROD0022,1,174.42,0.0
ORD002055,PROD0107,2,416.19,0.05
ORD001914,PROD0247,5,1013.19,0.1
ORD007031,PROD0007,5,838.82,0.0
ORD013442,PROD0106,1,770.07,0.05
ORD005305,PROD0242,1,1251.99,0.05
ORD017953,PROD0255,3,2724.93,0.0
ORD010581,PROD0012,4,2384.44,0.05
ORD014430,PROD0013,2,2230.9,0.05
ORD010047,PROD0096,4,830.36,0.0
ORD001258,PROD0265,5,709.86,0.0
ORD014517,PROD0062,3,1731.8,0.0
ORD016418,PROD0171,3,619.82,0.05
ORD002051,PROD0268,3,1593.82,0.1
ORD009520,PROD0087,5,2381.84,0.1
ORD017007,PROD0057,5,1480.61,0.2
ORD003748,PROD0208,2,1605.39,0.15
ORD006836,PROD0251,3,1056.88,0.0
ORD004462,PROD0228,3,1012.55,0.1
ORD015160,PROD0058,4,5552.05,0.1
ORD003005,PROD0142,4,536.55,0.1
ORD005551,PROD0193,3,3394.61,0.05
ORD010203,PROD0154,1,611.42,0.05
ORD014921,PROD0264,3,409.67,0.1
ORD004204,PROD0134,1,938.67,0.15
ORD012004,PROD0105,4,813.74,0.05
ORD013240,PROD0285,2,1253.77,0.1
ORD008721,PROD0149,5,231.51,0.1
ORD009408,PROD0084,2,787.16,0.2
ORD007435,PROD0063,2,453.52,0.05
ORD010091,PROD0265,1,709.86,0.0
ORD014878,PROD0159,4,2084.31,0.05
ORD010893,PROD0216,3,2535.43,0.05
ORD014479,PROD0122,3,768.92,0.0
ORD001785,PROD0207,5,4103.55,0.0
ORD002868,PROD0287,3,1180.58,0.2
ORD000641,PROD0295,1,450.65,0.05
ORD002403,PROD0161,4,1467.22,0.2
ORD003747,PROD0159,5,2084.31,0.1
ORD012262,PROD0244,2,1140.3,0.05
ORD013605,PROD0131,5,719.35,0.05
ORD008853,PROD0001,3,2228.63,0.05
ORD004159,PROD0141,4,526.7,0.05
ORD012284,PROD0073,3,3798.83,0.0
ORD011921,PROD0133,2,737.29,0.0
ORD014671,PROD0007,3,838.82,0.0
ORD017054,PROD0241,3,215.23,0.0
ORD004281,PROD0047,5,743.87,0.05
ORD000299,PROD0007,3,838.82,0.0
ORD015227,PROD0059,4,3884.69,0.05
ORD005686,PROD0114,3,983.9,0.15
ORD010162,PROD0257,5,994.46,0.05
ORD017648,PROD0249,4,4012.64,0.0
ORD007079,PROD0168,3,1759.17,0.05
ORD000250,PROD0153,5,192.77,0.1
ORD000413,PROD0209,2,4636.93,0.0
ORD008876,PROD0005,3,5350.44,0.05
ORD007610,PROD0167,3,2511.68,0.1
ORD013639,PROD0087,4,2381.84,0.15
ORD016862,PROD0040,4,5448.94,0.1
ORD012320,PROD0145,4,2107.82,0.05
ORD010219,PROD0081,2,2207.21,0.15
ORD014980,PROD0054,3,1149.11,0.0
ORD002630,PROD0197,5,774.0,0.05
ORD016831,PROD0155,3,383.07,0.1
ORD016489,PROD0189,1,260.5,0.2
ORD003320,PROD0106,4,770.07,0.05
ORD014220,PROD0299,3,3528.34,0.15
ORD015780,PROD0231,4,1734.21,0.05
ORD004257,PROD0133,2,737.29,0.05
ORD009073,PROD0251,3,1056.88,0.05
ORD014836,PROD0139,4,624.58,0.1
ORD014534,PROD0241,2,215.23,0.15
ORD008316,PROD0223,5,1507.47,0.2
ORD000171,PROD0257,1,994.46,0.05
ORD017425,PROD0289,5,1376.41,0.05
ORD006182,PROD0146,4,2912.21,0.0
ORD012238,PROD0240,1,1736.87,0.1
ORD004648,PROD0151,1,938.09,0.05
ORD016114,PROD0120,1,3592.34,0.1
ORD004955,PROD0058,2,5552.05,0.1
ORD005660,PROD0097,1,2244.75,0.0
ORD013510,PROD0139,1,624.58,0.0
ORD006790,PROD0041,2,566.23,0.15
ORD004792,PROD0242,2,1251.99,0.0
ORD005769,PROD0162,3,377.71,0.05
ORD006700,PROD0055,5,1758.65,0.05
ORD006716,PROD0060,3,511.57,0.1
ORD011726,PROD0015,2,768.6,0.05
ORD007766,PROD0019,1,2132.91,0.05
ORD009063,PROD0284,5,1551.66,0.0
ORD004366,PROD0028,5,740.62,0.05
ORD015384,PROD0071,5,1519.69,0.15
ORD008790,PROD0229,2,251.37,0.2
ORD015912,PROD0271,2,1034.8,0.0
ORD009380,PROD0010,2,1326.68,0.0
ORD007986,PROD0284,2,1551.66,0.0
ORD007156,PROD0140,1,4498.4,0.05
ORD015067,PROD0232,5,480.05,0.0
ORD001915,PROD0144,3,1097.89,0.15
ORD017582,PROD0286,4,722.33,0.05
ORD000358,PROD0163,4,703.11,0.05
ORD001818,PROD0146,5,2912.21,0.0
ORD010644,PROD0011,2,569.66,0.0
ORD004403,PROD0042,5,5997.9,0.0
ORD004947,PROD0136,4,4655.74,0.05
ORD016445,PROD0209,1,4636.93,0.15
ORD001305,PROD0065,5,298.49,0.0
ORD015073,PROD0015,3,768.6,0.0
ORD000029,PROD0081,3,2207.21,0.05
ORD009374,PROD0131,4,719.35,0.2
ORD007798,PROD0184,4,734.18,0.05
ORD000607,PROD0108,2,1195.6,0.05
ORD001091,PROD0092,5,2466.2,0.15
ORD009895,PROD0104,5,917.71,0.05
ORD008618,PROD0064,5,706.46,0.1
ORD012487,PROD0068,5,2579.6,0.0
ORD007376,PROD0019,5,2132.91,0.05
ORD001385,PROD0015,1,768.6,0.1
ORD003849,PROD0089,2,390.25,0.05
ORD009283,PROD0254,4,1021.7,0.15
ORD002185,PROD0236,4,1243.22,0.1
ORD004230,PROD0080,3,1973.58,0.2
ORD008617,PROD0286,5,722.33,0.0
ORD008088,PROD0047,4,743.87,0.0
ORD010863,PROD0087,2,2381.84,0.05
ORD015839,PROD0178,3,1006.65,0.2
ORD003910,PROD0280,2,239.29,0.15
ORD011442,PROD0043,4,950.69,0.1
ORD000580,PROD0281,3,5213.75,0.1
ORD002893,PROD0059,1,3884.69,0.2
ORD002154,PROD0274,3,356.93,0.15
ORD003234,PROD0158,4,1130.19,0.15
ORD007270,PROD0188,5,5555.06,0.0
ORD005432,PROD0204,1,1064.24,0.1
ORD000271,PROD0028,1,740.62,0.05
ORD000405,PROD0149,2,231.51,0.2
ORD004335,PROD0026,2,926.18,0.1
ORD002984,PROD0244,1,1140.3,0.0
ORD017622,PROD0060,1,511.57,0.0
ORD009581,PROD0169,5,2484.01,0.0
ORD011926,PROD0274,5,356.93,0.15
ORD015990,PROD0286,4,722.33,0.05
ORD013981,PROD0192,5,2094.72,0.1
ORD016029,PROD0058,4,5552.05,0.2
ORD003226,PROD0093,5,2481.82,0.2
ORD001181,PROD0245,2,258.37,0.15
ORD002885,PROD0165,4,1341.44,0.1
ORD005663,PROD0183,3,606.73,0.0
ORD007356,PROD0034,5,1106.13,0.0
ORD013314,PROD0212,4,936.47,0.15
ORD002087,PROD0193,4,3394.61,0.1
ORD004473,PROD0224,4,4037.97,0.0
ORD009072,PROD0081,4,2207.21,0.05
ORD007911,PROD0213,4,475.42,0.0
ORD015474,PROD0161,5,1467.22,0.0
ORD003534,PROD0037,3,1059.57,0.1
ORD011689,PROD0249,5,4012.64,0.1
ORD004605,PROD0284,3,1551.66,0.0
ORD012823,PROD0254,4,1021.7,0.1
ORD015372,PROD0270,4,546.81,0.1
ORD003840,PROD0033,4,726.59,0.1
ORD009913,PROD0091,2,402.26,0.05
ORD001204,PROD0268,5,1593.82,0.05
ORD017982,PROD0040,3,5448.94,0.0
ORD014665,PROD0039,5,748.33,0.2
ORD000036,PROD0086,4,1292.77,0.0
ORD000023,PROD0158,3,1130.19,0.05
ORD017236,PROD0223,2,1507.47,0.1
ORD003550,PROD0259,4,272.42,0.0
ORD015317,PROD0141,4,526.7,0.2
ORD001796,PROD0062,1,1731.8,0.0
ORD005480,PROD0265,5,709.86,0.0
ORD003745,PROD0134,5,938.67,0.0
ORD008371,PROD0288,3,1099.87,0.15
ORD017747,PROD0159,1,2084.31,0.15
ORD016202,PROD0243,4,4498.92,0.05
ORD011948,PROD0051,3,257.94,0.1
ORD012541,PROD0086,1,1292.77,0.05
ORD003968,PROD0210,3,539.67,0.15
ORD004298,PROD0035,1,914.62,0.05
ORD000029,PROD0021,4,2017.39,0.1
ORD014607,PROD0049,4,474.29,0.1
ORD006156,PROD0184,4,734.18,0.15
ORD009959,PROD0086,1,1292.77,0.05
ORD006496,PROD0158,5,1130.19,0.05
ORD014683,PROD0106,3,770.07,0.05
ORD008065,PROD0209,2,4636.93,0.05
ORD001578,PROD0128,2,414.27,0.05
ORD004576,PROD0016,4,2382.58,0.05
ORD005793,PROD0229,1,251.37,0.1
ORD015197,PROD0061,5,1808.63,0.2
ORD002464,PROD0299,3,3528.34,0.15
ORD014910,PROD0275,3,1740.08,0.1
ORD013142,PROD0067,5,1836.4,0.15
ORD013045,PROD0174,3,1681.39,0.05
ORD014983,PROD0147,1,1277.67,0.1
ORD015584,PROD0027,2,5305.88,0.1
ORD007159,PROD0279,2,1760.62,0.15
ORD000817,PROD0288,5,1099.87,0.0
ORD011776,PROD0099,1,550.57,0.0
ORD008005,PROD0285,5,1253.77,0.05
ORD003237,PROD0257,5,994.46,0.05
ORD016185,PROD0017,5,5213.81,0.0
ORD001461,PROD0042,4,5997.9,0.0
ORD012225,PROD0256,2,895.23,0.05
ORD005006,PROD0105,5,813.74,0.0
ORD013258,PROD0054,2,1149.11,0.1
ORD017815,PROD0184,4,734.18,0.0
ORD017970,PROD0147,1,1277.67,0.1
ORD000499,PROD0185,5,592.37,0.15
ORD005334,PROD0138,3,2041.26,0.05
ORD005402,PROD0180,2,374.36,0.05
ORD016279,PROD0287,3,1180.58,0.15
ORD013365,PROD0071,2,1519.69,0.15
ORD005327,PROD0242,3,1251.99,0.15
ORD010723,PROD0198,3,1910.21,0.1
ORD013504,PROD0049,2,474.29,0.05
ORD008895,PROD0264,2,409.67,0.1
ORD007388,PROD0109,1,315.2,0.0
ORD014492,PROD0188,4,5555.06,0.1
ORD011446,PROD0298,2,392.05,0.1
ORD005395,PROD0015,3,768.6,0.05
ORD017220,PROD0116,4,435.35,0.1
ORD005039,PROD0131,5,719.35,0.15
ORD007191,PROD0283,4,1585.65,0.0
ORD009639,PROD0169,2,2484.01,0.0
ORD002038,PROD0279,4,1760.62,0.15
ORD012487,PROD0240,4,1736.87,0.1
ORD015553,PROD0036,4,2265.4,0.1
ORD004301,PROD0035,2,914.62,0.1
ORD001604,PROD0295,2,450.65,0.1
ORD007609,PROD0174,2,1681.39,0.1
ORD016190,PROD0220,5,1249.15,0.15
ORD001378,PROD0152,2,3664.43,0.05
ORD003438,PROD0144,5,1097.89,0.1
ORD015301,PROD0099,5,550.57,0.1
ORD017863,PROD0066,1,705.54,0.15
ORD016117,PROD0289,4,1376.41,0.05
ORD013807,PROD0148,4,2479.32,0.0
ORD003963,PROD0298,3,392.05,0.05
ORD013533,PROD0070,3,2065.33,0.1
ORD000263,PROD0195,1,525.15,0.2
ORD009990,PROD0224,1,4037.97,0.15
ORD012118,PROD0222,4,803.44,0.2
ORD000448,PROD0184,2,734.18,0.15
ORD017130,PROD0282,3,1059.41,0.05
ORD007277,PROD0197,2,774.0,0.05
ORD005327,PROD0088,3,255.81,0.1
ORD000645,PROD0154,4,611.42,0.05
ORD002134,PROD0015,1,768.6,0.1
ORD003170,PROD0158,1,1130.19,0.05
ORD014387,PROD0020,2,2005.81,0.0
ORD011977,PROD0007,4,838.82,0.15
ORD008655,PROD0037,2,1059.57,0.0
ORD005229,PROD0194,5,2044.13,0.0
ORD013041,PROD0186,4,324.33,0.0
ORD017606,PROD0223,3,1507.47,0.1
ORD006413,PROD0005,4,5350.44,0.1
ORD003835,PROD0230,3,1187.41,0.0
ORD014779,PROD0111,1,843.13,0.05
ORD013246,PROD0179,2,608.27,0.1
ORD003775,PROD0024,5,3557.69,0.05
ORD012799,PROD0187,5,2575.23,0.0
ORD012490,PROD0260,1,2453.91,0.1
ORD007556,PROD0166,1,655.43,0.1
ORD011356,PROD0134,3,938.67,0.0
ORD001323,PROD0242,5,1251.99,0.1
ORD014329,PROD0185,3,592.37,0.05
ORD011991,PROD0222,3,803.44,0.0
ORD003701,PROD0059,3,3884.69,0.05
ORD016119,PROD0091,5,402.26,0.1
ORD017577,PROD0290,5,3732.41,0.0
ORD014802,PROD0216,3,2535.43,0.0
ORD001891,PROD0155,3,383.07,0.0
ORD004696,PROD0053,2,499.98,0.2
ORD012949,PROD0254,1,1021.7,0.05
ORD005997,PROD0164,1,1896.67,0.0
ORD011766,PROD0103,2,814.61,0.1
ORD005959,PROD0128,5,414.27,0.15
ORD017248,PROD0115,5,1198.13,0.05
ORD015265,PROD0133,1,737.29,0.15
ORD008678,PROD0184,2,734.18,0.2
ORD008998,PROD0049,4,474.29,0.1
ORD015393,PROD0166,2,655.43,0.1
ORD003521,PROD0280,5,239.29,0.0
ORD006817,PROD0075,5,993.75,0.1
ORD006742,PROD0183,3,606.73,0.1
ORD014472,PROD0162,2,377.71,0.0
ORD009294,PROD0043,4,950.69,0.0
ORD016749,PROD0063,3,453.52,0.2
ORD011726,PROD0129,1,2715.49,0.15
ORD009944,PROD0213,5,475.42,0.0
ORD011656,PROD0046,1,423.5,0.1
ORD011943,PROD0078,3,1498.55,0.05
ORD013416,PROD0071,3,1519.69,0.15
ORD005657,PROD0100,2,1535.02,0.0
ORD016712,PROD0043,5,950.69,0.0
ORD008652,PROD0071,3,1519.69,0.1
ORD002195,PROD0186,3,324.33,0.0
ORD012162,PROD0290,5,3732.41,0.15
ORD017681,PROD0175,3,2260.04,0.2
ORD004071,PROD0058,5,5552.05,0.05
ORD009485,PROD0273,4,1884.45,0.1
ORD009818,PROD0019,3,2132.91,0.1
ORD005245,PROD0245,5,258.37,0.05
ORD006666,PROD0040,5,5448.94,0.0
ORD006929,PROD0254,1,1021.7,0.05
ORD007213,PROD0123,1,2787.07,0.05
ORD009263,PROD0036,4,2265.4,0.2
ORD011459,PROD0175,3,2260.04,0.15
ORD000710,PROD0100,5,1535.02,0.2
ORD005485,PROD0108,3,1195.6,0.1
ORD016339,PROD0271,4,1034.8,0.05
ORD009822,PROD0268,4,1593.82,0.05
ORD015887,PROD0255,4,2724.93,0.1
ORD014774,PROD0093,3,2481.82,0.15
ORD015672,PROD0164,2,1896.67,0.1
ORD005689,PROD0266,3,1066.97,0.0
ORD006169,PROD0184,2,734.18,0.05
ORD003478,PROD0137,1,445.2,0.1
ORD017714,PROD0104,3,917.71,0.0
ORD010041,PROD0016,5,2382.58,0.0
ORD016867,PROD0228,2,1012.55,0.2
ORD002393,PROD0272,2,834.67,0.0
ORD016342,PROD0216,5,2535.43,0.15
ORD010634,PROD0226,4,322.28,0.05
ORD011507,PROD0068,1,2579.6,0.15
ORD013081,PROD0111,5,843.13,0.05
ORD015630,PROD0191,3,425.27,0.1
ORD011444,PROD0228,2,1012.55,0.1
ORD002340,PROD0110,5,2045.64,0.0
ORD003222,PROD0259,4,272.42,0.15
ORD005691,PROD0074,5,701.79,0.2
ORD011029,PROD0221,4,861.75,0.0
ORD006983,PROD0203,4,1208.94,0.05
ORD013306,PROD0054,5,1149.11,0.05
ORD003306,PROD0286,1,722.33,0.0
ORD007073,PROD0166,2,655.43,0.1
ORD017187,PROD0004,1,1005.11,0.05
ORD017370,PROD0273,3,1884.45,0.1
ORD008487,PROD0131,4,719.35,0.1
ORD011409,PROD0017,1,5213.81,0.1
ORD008433,PROD0047,5,743.87,0.1
ORD001449,PROD0004,4,1005.11,0.1
ORD004681,PROD0036,2,2265.4,0.0
ORD014945,PROD0206,1,512.36,0.0
ORD008417,PROD0116,2,435.35,0.0
ORD006632,PROD0049,4,474.29,0.15
ORD008370,PROD0032,1,1792.53,0.0
ORD014856,PROD0175,4,2260.04,0.15
ORD009104,PROD0005,4,5350.44,0.0
ORD013277,PROD0115,4,1198.13,0.1
ORD012826,PROD0212,2,936.47,0.0
ORD009755,PROD0243,2,4498.92,0.0
ORD010575,PROD0188,2,5555.06,0.2
ORD007022,PROD0024,2,3557.69,0.15
ORD007424,PROD0061,3,1808.63,0.0
ORD000811,PROD0067,3,1836.4,0.2
ORD008027,PROD0022,4,174.42,0.05
ORD005166,PROD0246,5,484.36,0.0
ORD003731,PROD0267,3,1411.95,0.0
ORD016797,PROD0291,1,859.37,0.2
ORD000263,PROD0211,5,1092.8,0.0
ORD001912,PROD0137,5,445.2,0.0
ORD015460,PROD0220,5,1249.15,0.05
ORD002391,PROD0080,4,1973.58,0.1
ORD016910,PROD0233,1,865.79,0.15
ORD006613,PROD0160,3,2652.37,0.0
ORD017846,PROD0267,4,1411.95,0.1
ORD007047,PROD0269,1,528.68,0.1
ORD010743,PROD0191,1,425.27,0.05
ORD014373,PROD0292,2,526.18,0.15
ORD011266,PROD0009,1,419.4,0.05
ORD013016,PROD0244,4,1140.3,0.1
ORD007232,PROD0300,3,2550.36,0.0
ORD008674,PROD0232,5,480.05,0.05
ORD016420,PROD0152,4,3664.43,0.1
ORD000695,PROD0035,1,914.62,0.05
ORD006014,PROD0165,4,1341.44,0.1
ORD007744,PROD0170,4,1486.76,0.2
ORD005238,PROD0030,5,1536.54,0.0
ORD014092,PROD0204,3,1064.24,0.1
ORD005644,PROD0086,2,1292.77,0.0
ORD003492,PROD0112,2,3157.32,0.1
ORD005033,PROD0210,2,539.67,0.15
ORD009818,PROD0151,5,938.09,0.1
ORD011199,PROD0088,1,255.81,0.05
ORD008639,PROD0210,5,539.67,0.0
ORD016408,PROD0083,5,1558.0,0.05
ORD006192,PROD0249,4,4012.64,0.2
ORD014511,PROD0080,5,1973.58,0.0
ORD006368,PROD0238,4,1179.28,0.0
ORD003628,PROD0120,4,3592.34,0.05
ORD000201,PROD0071,2,1519.69,0.05
ORD003764,PROD0152,1,3664.43,0.1
ORD013939,PROD0095,2,853.11,0.05
ORD001180,PROD0135,1,1098.25,0.15
ORD011783,PROD0243,2,4498.92,0.15
ORD004687,PROD0123,5,2787.07,0.0
ORD007709,PROD0212,3,936.47,0.05
ORD013663,PROD0192,2,2094.72,0.05
ORD003749,PROD0261,3,1950.36,0.1
ORD016136,PROD0214,1,285.7,0.15
ORD013833,PROD0039,2,748.33,0.1
ORD012179,PROD0186,1,324.33,0.0
ORD008255,PROD0076,2,1911.33,0.05
ORD002817,PROD0208,3,1605.39,0.1
ORD003086,PROD0197,2,774.0,0.1
ORD009461,PROD0263,2,754.46,0.15
ORD000070,PROD0162,4,377.71,0.05
ORD016098,PROD0041,5,566.23,0.0
ORD017397,PROD0173,2,1893.36,0.2
ORD007965,PROD0131,4,719.35,0.0
ORD002458,PROD0015,5,768.6,0.0
ORD014598,PROD0201,3,1107.62,0.05
ORD010908,PROD0003,4,2931.9,0.1
ORD009315,PROD0259,4,272.42,0.15
ORD016835,PROD0230,2,1187.41,0.1
ORD013728,PROD0284,3,1551.66,0.1
ORD008092,PROD0108,5,1195.6,0.1
ORD002572,PROD0157,3,1342.68,0.1
ORD004970,PROD0225,3,670.12,0.15
ORD012149,PROD0250,1,468.3,0.0
ORD009899,PROD0250,3,468.3,0.0
ORD009991,PROD0254,5,1021.7,0.1
ORD007177,PROD0287,2,1180.58,0.1
ORD002042,PROD0287,5,1180.58,0.0
ORD013402,PROD0174,5,1681.39,0.1
ORD002374,PROD0131,5,719.35,0.05
ORD012008,PROD0116,1,435.35,0.1
ORD015343,PROD0201,3,1107.62,0.1
ORD003142,PROD0052,5,1103.19,0.05
ORD005851,PROD0233,4,865.79,0.2
ORD017222,PROD0206,3,512.36,0.0
ORD009677,PROD0167,4,2511.68,0.0
ORD001258,PROD0140,5,4498.4,0.0
ORD012574,PROD0219,2,1088.5,0.0
ORD006703,PROD0172,1,3513.98,0.0
ORD014599,PROD0018,1,1106.42,0.1
ORD003424,PROD0065,4,298.49,0.05
ORD016353,PROD0224,1,4037.97,0.05
ORD005488,PROD0212,5,936.47,0.15
ORD015414,PROD0062,4,1731.8,0.1
ORD002422,PROD0036,5,2265.4,0.2
ORD007365,PROD0157,5,1342.68,0.0
ORD013135,PROD0089,4,390.25,0.0
ORD017307,PROD0084,2,787.16,0.1
ORD008247,PROD0180,4,374.36,0.05
ORD003039,PROD0220,5,1249.15,0.0
ORD002674,PROD0216,5,2535.43,0.1
ORD007380,PROD0279,2,1760.62,0.0
ORD015954,PROD0295,4,450.65,0.0
ORD014304,PROD0257,3,994.46,0.0
ORD004433,PROD0049,2,474.29,0.0
ORD007407,PROD0160,3,2652.37,0.0
ORD011976,PROD0069,4,6450.78,0.1
ORD012060,PROD0015,2,768.6,0.0
ORD006187,PROD0010,1,1326.68,0.05
ORD004372,PROD0033,4,726.59,0.15
ORD001249,PROD0168,4,1759.17,0.0
ORD000305,PROD0023,2,529.99,0.05
ORD015102,PROD0190,4,1494.94,0.2
ORD001059,PROD0230,4,1187.41,0.15
ORD000662,PROD0030,5,1536.54,0.0
ORD001638,PROD0011,5,569.66,0.0
ORD004991,PROD0298,3,392.05,0.05
ORD000766,PROD0020,4,2005.81,0.15
ORD004962,PROD0234,1,1884.98,0.0
ORD003170,PROD0143,4,2026.75,0.05
ORD014664,PROD0145,4,2107.82,0.15
ORD014768,PROD0276,1,1150.97,0.05
ORD008999,PROD0250,2,468.3,0.0
ORD003035,PROD0007,2,838.82,0.05
ORD017503,PROD0202,5,1039.91,0.0
ORD006712,PROD0251,2,1056.88,0.0
ORD008451,PROD0039,4,748.33,0.15
ORD011652,PROD0293,1,1136.47,0.1
ORD016978,PROD0195,4,525.15,0.2
ORD008547,PROD0118,3,437.61,0.05
ORD003348,PROD0175,1,2260.04,0.05
ORD013130,PROD0102,2,1726.73,0.0
ORD016195,PROD0081,5,2207.21,0.15
ORD009583,PROD0131,3,719.35,0.0
ORD017024,PROD0265,4,709.86,0.05
ORD013549,PROD0154,4,611.42,0.2
ORD003164,PROD0050,4,138.33,0.1
ORD005103,PROD0199,3,919.06,0.05
ORD014395,PROD0037,3,1059.57,0.0
ORD010205,PROD0285,1,1253.77,0.05
ORD007339,PROD0161,4,1467.22,0.15
ORD006923,PROD0277,5,668.68,0.2
ORD010256,PROD0112,2,3157.32,0.0
ORD009739,PROD0174,3,1681.39,0.0
ORD015693,PROD0168,2,1759.17,0.1
ORD009484,PROD0167,1,2511.68,0.05
ORD006485,PROD0152,5,3664.43,0.2
ORD008517,PROD0050,3,138.33,0.05
ORD013727,PROD0124,1,7033.68,0.15
ORD008967,PROD0113,2,495.12,0.15
ORD006183,PROD0247,1,1013.19,0.05
ORD006387,PROD0047,5,743.87,0.05
ORD016570,PROD0104,4,917.71,0.0
ORD013552,PROD0175,2,2260.04,0.15
ORD001931,PROD0145,4,2107.82,0.0
ORD011226,PROD0269,1,528.68,0.0
ORD005955,PROD0094,5,1585.84,0.0
ORD002658,PROD0257,4,994.46,0.1
ORD008708,PROD0008,4,1428.37,0.05
ORD002988,PROD0146,5,2912.21,0.05
ORD012206,PROD0026,2,926.18,0.2
ORD013797,PROD0234,1,1884.98,0.1
ORD008865,PROD0061,4,1808.63,0.05
ORD015302,PROD0249,1,4012.64,0.15
ORD017617,PROD0189,3,260.5,0.15
ORD002775,PROD0218,3,852.15,0.0
ORD001957,PROD0134,4,938.67,0.2
ORD011694,PROD0072,2,4756.76,0.1
ORD005129,PROD0176,3,890.34,0.1
ORD004002,PROD0256,2,895.23,0.1
ORD014023,PROD0115,5,1198.13,0.1
ORD017681,PROD0201,3,1107.62,0.05
ORD000368,PROD0263,2,754.46,0.0
ORD001255,PROD0026,3,926.18,0.0
ORD010365,PROD0297,4,359.44,0.0
ORD007469,PROD0018,1,1106.42,0.15
ORD001155,PROD0125,4,1338.46,0.15
ORD011265,PROD0098,2,1788.67,0.05
ORD012419,PROD0024,3,3557.69,0.1
ORD005168,PROD0005,5,5350.44,0.1
ORD014781,PROD0033,5,726.59,0.1
ORD003316,PROD0184,1,734.18,0.1
ORD010607,PROD0246,4,484.36,0.2
ORD011070,PROD0033,2,726.59,0.0
ORD003081,PROD0127,5,1166.2,0.0
ORD014275,PROD0217,4,748.27,0.1
ORD005674,PROD0151,4,938.09,0.0
ORD001459,PROD0067,5,1836.4,0.1
ORD002966,PROD0019,5,2132.91,0.05
ORD015560,PROD0030,5,1536.54,0.1
ORD009701,PROD0168,4,1759.17,0.1
ORD012664,PROD0216,4,2535.43,0.0
ORD003846,PROD0298,1,392.05,0.0
ORD016980,PROD0273,3,1884.45,0.05
ORD006421,PROD0065,3,298.49,0.05
ORD002002,PROD0144,4,1097.89,0.15
ORD007424,PROD0076,2,1911.33,0.05
ORD014959,PROD0202,3,1039.91,0.1
ORD012410,PROD0244,2,1140.3,0.0
ORD006392,PROD0093,4,2481.82,0.1
ORD005623,PROD0068,3,2579.6,0.0
ORD006934,PROD0288,3,1099.87,0.1
ORD001729,PROD0178,3,1006.65,0.2
ORD001697,PROD0274,4,356.93,0.0
ORD011324,PROD0166,1,655.43,0.05
ORD005688,PROD0122,4,768.92,0.05
ORD017117,PROD0086,4,1292.77,0.05
ORD014676,PROD0110,4,2045.64,0.0
ORD000309,PROD0063,4,453.52,0.05
ORD005151,PROD0085,2,2361.96,0.0
ORD013405,PROD0248,1,581.51,0.0
ORD005466,PROD0214,5,285.7,0.0
ORD014970,PROD0137,4,445.2,0.0
ORD013079,PROD0278,5,1418.31,0.05
ORD006121,PROD0249,2,4012.64,0.1
ORD008703,PROD0237,2,1008.9,0.0
ORD005843,PROD0106,3,770.07,0.2
ORD001679,PROD0077,3,372.07,0.05
ORD001376,PROD0231,1,1734.21,0.0
ORD004200,PROD0131,3,719.35,0.0
ORD014085,PROD0117,1,1622.14,0.05
ORD004245,PROD0148,5,2479.32,0.1
ORD011707,PROD0079,1,1557.75,0.0
ORD000289,PROD0220,5,1249.15,0.0
ORD014229,PROD0005,1,5350.44,0.1
ORD015066,PROD0120,3,3592.34,0.05
ORD006088,PROD0051,3,257.94,0.1
ORD006429,PROD0222,2,803.44,0.1
ORD013083,PROD0193,3,3394.61,0.05
ORD007268,PROD0299,1,3528.34,0.1
ORD017781,PROD0221,3,861.75,0.1
ORD017567,PROD0243,4,4498.92,0.2
ORD003215,PROD0072,3,4756.76,0.0
ORD013371,PROD0021,5,2017.39,0.0
ORD012093,PROD0230,5,1187.41,0.1
ORD000720,PROD0035,2,914.62,0.05
ORD017425,PROD0170,1,1486.76,0.1
ORD007826,PROD0244,5,1140.3,0.05
ORD017603,PROD0204,5,1064.24,0.0
ORD016486,PROD0148,2,2479.32,0.1
ORD014984,PROD0295,2,450.65,0.05
ORD008066,PROD0213,3,475.42,0.05
ORD004278,PROD0174,5,1681.39,0.05
ORD007027,PROD0275,2,1740.08,0.15
ORD011164,PROD0205,5,315.35,0.2
ORD007492,PROD0259,5,272.42,0.15
ORD012388,PROD0226,2,322.28,0.05
ORD015882,PROD0219,1,1088.5,0.05
ORD006778,PROD0184,1,734.18,0.05
ORD008760,PROD0003,4,2931.9,0.15
ORD014368,PROD0293,1,1136.47,0.15
ORD009955,PROD0294,5,608.79,0.15
ORD000123,PROD0100,5,1535.02,0.05
ORD011558,PROD0017,5,5213.81,0.1
ORD014123,PROD0235,1,1069.09,0.15
ORD008722,PROD0189,4,260.5,0.05
ORD000549,PROD0018,3,1106.42,0.1
ORD013870,PROD0281,5,5213.75,0.05
ORD014031,PROD0228,4,1012.55,0.0
ORD001419,PROD0033,2,726.59,0.15
ORD013434,PROD0159,1,2084.31,0.1
ORD014222,PROD0264,3,409.67,0.15
ORD012480,PROD0276,2,1150.97,0.05
ORD011230,PROD0059,4,3884.69,0.0
ORD015892,PROD0026,2,926.18,0.0
ORD002834,PROD0112,2,3157.32,0.05
ORD005874,PROD0285,5,1253.77,0.1
ORD001711,PROD0188,5,5555.06,0.05
ORD007023,PROD0139,1,624.58,0.05
ORD005022,PROD0006,3,997.09,0.0
ORD003659,PROD0177,2,1733.37,0.15
ORD015166,PROD0024,4,3557.69,0.05
ORD016005,PROD0114,2,983.9,0.1
ORD010452,PROD0183,2,606.73,0.2
ORD012463,PROD0103,1,814.61,0.0
ORD001974,PROD0138,5,2041.26,0.15
ORD003231,PROD0029,5,1224.14,0.2
ORD012672,PROD0255,1,2724.93,0.0
ORD001789,PROD0179,5,608.27,0.15
ORD000659,PROD0110,2,2045.64,0.05
ORD011195,PROD0100,5,1535.02,0.05
ORD013101,PROD0139,1,624.58,0.0
ORD003993,PROD0144,1,1097.89,0.2
ORD008452,PROD0242,2,1251.99,0.1
ORD015147,PROD0039,5,748.33,0.0
ORD001670,PROD0105,2,813.74,0.1
ORD010369,PROD0239,4,3878.85,0.1
ORD012150,PROD0080,1,1973.58,0.15
ORD003835,PROD0014,3,596.75,0.15
ORD002230,PROD0271,3,1034.8,0.05
ORD004432,PROD0043,1,950.69,0.1
ORD004696,PROD0100,3,1535.02,0.15
ORD007784,PROD0150,2,1469.35,0.05
ORD002022,PROD0239,4,3878.85,0.15
ORD008088,PROD0248,5,581.51,0.15
ORD003772,PROD0117,4,1622.14,0.2
ORD006917,PROD0258,3,814.14,0.0
ORD017705,PROD0009,3,419.4,0.1
ORD013285,PROD0236,5,1243.22,0.05
ORD016765,PROD0028,3,740.62,0.2
ORD001712,PROD0043,5,950.69,0.15
ORD010297,PROD0296,3,605.83,0.05
ORD005000,PROD0254,5,1021.7,0.2
ORD000658,PROD0171,2,619.82,0.1
ORD016146,PROD0027,5,5305.88,0.1
ORD014756,PROD0109,1,315.2,0.05
ORD015449,PROD0181,4,218.55,0.05
ORD005053,PROD0145,4,2107.82,0.2
ORD002556,PROD0067,1,1836.4,0.0
ORD008270,PROD0192,2,2094.72,0.1
ORD007703,PROD0060,2,511.57,0.0
ORD016049,PROD0082,3,835.72,0.05
ORD011600,PROD0218,2,852.15,0.05
ORD015620,PROD0016,3,2382.58,0.15
ORD008848,PROD0082,3,835.72,0.05
ORD017196,PROD0077,5,372.07,0.0
ORD017718,PROD0204,3,1064.24,0.1
ORD003825,PROD0064,2,706.46,0.1
ORD014163,PROD0286,2,722.33,0.1
ORD000852,PROD0184,3,734.18,0.05
ORD009642,PROD0197,5,774.0,0.05
ORD016221,PROD0098,1,1788.67,0.1
ORD016503,PROD0140,3,4498.4,0.1
ORD010961,PROD0152,5,3664.43,0.15
ORD005960,PROD0033,4,726.59,0.15
ORD005440,PROD0106,2,770.07,0.1
ORD013595,PROD0241,1,215.23,0.15
ORD011994,PROD0164,1,1896.67,0.05
ORD014965,PROD0096,1,830.36,0.1
ORD000060,PROD0162,4,377.71,0.05
ORD001432,PROD0270,2,546.81,0.15
ORD001370,PROD0015,1,768.6,0.2
ORD010067,PROD0123,2,2787.07,0.1
ORD001296,PROD0092,2,2466.2,0.05
ORD010118,PROD0058,4,5552.05,0.05
ORD003508,PROD0233,4,865.79,0.0
ORD005154,PROD0220,4,1249.15,0.1
ORD008909,PROD0147,4,1277.67,0.2
ORD010745,PROD0275,4,1740.08,0.05
ORD007016,PROD0253,3,3782.92,0.2
ORD004652,PROD0260,3,2453.91,0.1
ORD011619,PROD0110,5,2045.64,0.1
ORD012007,PROD0239,2,3878.85,0.0
ORD003563,PROD0007,5,838.82,0.0
ORD000259,PROD0074,2,701.79,0.2
ORD009449,PROD0079,2,1557.75,0.05
ORD004761,PROD0158,1,1130.19,0.0
ORD003941,PROD0289,2,1376.41,0.15
ORD005762,PROD0190,4,1494.94,0.0
ORD013125,PROD0183,4,606.73,0.0
ORD000114,PROD0226,1,322.28,0.15
ORD003587,PROD0066,3,705.54,0.05
ORD007810,PROD0147,3,1277.67,0.05
ORD016633,PROD0042,3,5997.9,0.05
ORD013814,PROD0190,4,1494.94,0.2
ORD004353,PROD0027,1,5305.88,0.0
ORD015647,PROD0007,3,838.82,0.0
ORD011281,PROD0040,4,5448.94,0.2
ORD006088,PROD0155,3,383.07,0.0
ORD009138,PROD0071,1,1519.69,0.2
ORD012634,PROD0049,5,474.29,0.05
ORD009102,PROD0274,4,356.93,0.0
ORD017514,PROD0128,5,414.27,0.05
ORD010558,PROD0193,4,3394.61,0.0
ORD002807,PROD0300,1,2550.36,0.05
ORD000855,PROD0011,2,569.66,0.1
ORD009810,PROD0151,3,938.09,0.1
ORD006436,PROD0263,1,754.46,0.2
ORD014654,PROD0164,1,1896.67,0.15
ORD008562,PROD0059,2,3884.69,0.0
ORD011328,PROD0176,1,890.34,0.15
ORD000867,PROD0114,2,983.9,0.0
ORD015973,PROD0203,5,1208.94,0.0
ORD015367,PROD0053,1,499.98,0.15
ORD004787,PROD0049,1,474.29,0.1
ORD001565,PROD0234,2,1884.98,0.05
ORD016335,PROD0150,4,1469.35,0.0
ORD016244,PROD0095,5,853.11,0.05
ORD017155,PROD0173,2,1893.36,0.1
ORD005213,PROD0119,5,1545.4,0.0
ORD004963,PROD0243,3,4498.92,0.1
ORD008742,PROD0015,2,768.6,0.0
ORD008757,PROD0008,3,1428.37,0.1
ORD007141,PROD0297,5,359.44,0.0
ORD014969,PROD0082,2,835.72,0.0
ORD011904,PROD0269,5,528.68,0.1
ORD000513,PROD0131,1,719.35,0.1
ORD008288,PROD0172,4,3513.98,0.0
ORD014813,PROD0229,2,251.37,0.0
ORD015428,PROD0015,4,768.6,0.15
ORD001134,PROD0180,2,374.36,0.15
ORD010152,PROD0114,5,983.9,0.0
ORD015572,PROD0056,2,1815.37,0.05
ORD012990,PROD0224,4,4037.97,0.0
ORD008550,PROD0135,3,1098.25,0.1
ORD010655,PROD0081,1,2207.21,0.1
ORD012321,PROD0201,4,1107.62,0.2
ORD017385,PROD0286,5,722.33,0.0
ORD017344,PROD0242,2,1251.99,0.1
ORD004371,PROD0122,3,768.92,0.0
ORD010514,PROD0299,2,3528.34,0.05
ORD003688,PROD0046,3,423.5,0.15
ORD002127,PROD0111,2,843.13,0.05
ORD012555,PROD0221,5,861.75,0.1
ORD017232,PROD0260,5,2453.91,0.1
ORD004845,PROD0122,4,768.92,0.0
ORD006969,PROD0088,4,255.81,0.0
ORD013884,PROD0174,2,1681.39,0.0
ORD001955,PROD0157,3,1342.68,0.1
ORD015227,PROD0167,2,2511.68,0.1
ORD009389,PROD0145,4,2107.82,0.1
ORD000330,PROD0295,4,450.65,0.1
ORD009793,PROD0207,2,4103.55,0.05
ORD002767,PROD0154,1,611.42,0.15
ORD012784,PROD0079,4,1557.75,0.0
ORD014768,PROD0164,2,1896.67,0.1
ORD001646,PROD0268,3,1593.82,0.1
ORD010301,PROD0156,2,1302.29,0.0
ORD005841,PROD0113,2,495.12,0.15
ORD001524,PROD0191,1,425.27,0.1
ORD014167,PROD0144,3,1097.89,0.0
ORD002185,PROD0174,5,1681.39,0.0
ORD015342,PROD0084,5,787.16,0.15
ORD010473,PROD0147,5,1277.67,0.0
ORD005471,PROD0252,4,1091.64,0.15
ORD017847,PROD0004,1,1005.11,0.1
ORD013899,PROD0039,3,748.33,0.15
ORD015980,PROD0234,2,1884.98,0.1
ORD002506,PROD0049,4,474.29,0.1
ORD017991,PROD0115,1,1198.13,0.15
ORD009286,PROD0187,2,2575.23,0.1
ORD008758,PROD0229,1,251.37,0.05
ORD007792,PROD0250,3,468.3,0.15
ORD001436,PROD0033,3,726.59,0.05
ORD002409,PROD0061,2,1808.63,0.15
ORD004954,PROD0066,3,705.54,0.1
ORD016162,PROD0185,3,592.37,0.1
ORD005596,PROD0236,1,1243.22,0.05
ORD000274,PROD0160,3,2652.37,0.1
ORD011724,PROD0186,2,324.33,0.05
ORD008718,PROD0174,4,1681.39,0.1
ORD002800,PROD0079,5,1557.75,0.0
ORD005550,PROD0102,5,1726.73,0.2
ORD009575,PROD0179,1,608.27,0.0
ORD015753,PROD0237,5,1008.9,0.0
ORD013244,PROD0042,3,5997.9,0.1
ORD006962,PROD0167,4,2511.68,0.1
ORD003726,PROD0137,2,445.2,0.2
ORD000856,PROD0175,2,2260.04,0.0
ORD013833,PROD0031,5,2790.09,0.05
ORD003762,PROD0247,2,1013.19,0.05
ORD007950,PROD0233,5,865.79,0.05
ORD012526,PROD0058,3,5552.05,0.15
ORD013957,PROD0098,4,1788.67,0.15
ORD001293,PROD0117,2,1622.14,0.15
ORD006828,PROD0018,3,1106.42,0.1
ORD009947,PROD0010,3,1326.68,0.1
ORD009613,PROD0126,4,648.87,0.1
ORD007988,PROD0277,5,668.68,0.15
ORD015018,PROD0019,3,2132.91,0.05
ORD005595,PROD0203,3,1208.94,0.15
ORD016064,PROD0135,4,1098.25,0.0
ORD017272,PROD0128,2,414.27,0.05
ORD002035,PROD0132,2,1663.98,0.0
ORD013335,PROD0082,4,835.72,0.0
ORD013113,PROD0046,1,423.5,0.1
ORD002120,PROD0017,2,5213.81,0.0
ORD012114,PROD0285,3,1253.77,0.15
ORD009707,PROD0028,4,740.62,0.0
ORD007747,PROD0227,4,663.99,0.1
ORD002639,PROD0028,1,740.62,0.05
ORD017877,PROD0132,4,1663.98,0.05
ORD008499,PROD0094,5,1585.84,0.1
ORD015023,PROD0244,2,1140.3,0.0
ORD015092,PROD0004,1,1005.11,0.0
ORD005578,PROD0193,2,3394.61,0.15
ORD013650,PROD0058,4,5552.05,0.1
ORD008258,PROD0087,2,2381.84,0.0
ORD007940,PROD0090,4,1416.42,0.1
ORD017178,PROD0079,4,1557.75,0.1
ORD017187,PROD0003,4,2931.9,0.2
ORD006217,PROD0159,2,2084.31,0.05
ORD008865,PROD0108,5,1195.6,0.1
ORD005070,PROD0178,4,1006.65,0.05
ORD008120,PROD0225,5,670.12,0.1
ORD011897,PROD0191,1,425.27,0.05
ORD002236,PROD0059,3,3884.69,0.05
ORD015032,PROD0283,2,1585.65,0.1
ORD006284,PROD0025,5,585.99,0.15
ORD010286,PROD0080,5,1973.58,0.15
ORD009652,PROD0134,1,938.67,0.15
ORD012457,PROD0138,2,2041.26,0.1
ORD006451,PROD0255,5,2724.93,0.1
ORD017492,PROD0026,1,926.18,0.05
ORD012068,PROD0262,5,1081.48,0.05
ORD006494,PROD0022,2,174.42,0.1
ORD005203,PROD0047,3,743.87,0.05
ORD016203,PROD0211,2,1092.8,0.1
ORD009705,PROD0284,5,1551.66,0.1
ORD004383,PROD0205,4,315.35,0.1
ORD014798,PROD0221,4,861.75,0.05
ORD017619,PROD0012,1,2384.44,0.2
ORD005338,PROD0024,5,3557.69,0.0
ORD007321,PROD0137,2,445.2,0.15
ORD005801,PROD0275,1,1740.08,0.0
ORD006981,PROD0185,2,592.37,0.1
ORD010360,PROD0129,3,2715.49,0.1
ORD011936,PROD0107,5,416.19,0.05
ORD013257,PROD0186,4,324.33,0.0
ORD002180,PROD0230,4,1187.41,0.2
ORD010631,PROD0203,1,1208.94,0.0
ORD016340,PROD0244,3,1140.3,0.2
ORD005343,PROD0241,4,215.23,0.0
ORD005698,PROD0277,2,668.68,0.1
ORD011749,PROD0007,1,838.82,0.05
ORD011971,PROD0272,2,834.67,0.05
ORD002205,PROD0054,5,1149.11,0.05
ORD007081,PROD0063,1,453.52,0.05
ORD013442,PROD0214,4,285.7,0.1
ORD015347,PROD0142,3,536.55,0.15
ORD001515,PROD0002,4,1122.65,0.0
ORD017213,PROD0148,1,2479.32,0.15
ORD012940,PROD0068,4,2579.6,0.2
ORD005647,PROD0170,2,1486.76,0.1
ORD010802,PROD0284,3,1551.66,0.05
ORD008882,PROD0149,2,231.51,0.05
ORD014126,PROD0259,2,272.42,0.2
ORD007713,PROD0099,4,550.57,0.15
ORD003061,PROD0129,3,2715.49,0.2
ORD010825,PROD0097,3,2244.75,0.1
ORD007768,PROD0001,1,2228.63,0.05
ORD006047,PROD0004,2,1005.11,0.15
ORD008170,PROD0255,3,2724.93,0.05
ORD012439,PROD0236,3,1243.22,0.0
ORD014341,PROD0004,4,1005.11,0.15
ORD015578,PROD0251,4,1056.88,0.1
ORD009037,PROD0004,2,1005.11,0.1
ORD003315,PROD0107,2,416.19,0.05
ORD004201,PROD0081,3,2207.21,0.0
ORD007782,PROD0034,2,1106.13,0.1
ORD010711,PROD0257,3,994.46,0.15
ORD011806,PROD0064,1,706.46,0.15
ORD008320,PROD0148,4,2479.32,0.2
ORD009902,PROD0279,2,1760.62,0.15
ORD017990,PROD0270,2,546.81,0.05
ORD012289,PROD0295,5,450.65,0.05
ORD009797,PROD0114,5,983.9,0.05
ORD012193,PROD0040,3,5448.94,0.1
ORD008312,PROD0213,2,475.42,0.05
ORD009777,PROD0169,2,2484.01,0.1
ORD012563,PROD0272,3,834.67,0.1
ORD009730,PROD0291,5,859.37,0.0
ORD006125,PROD0060,1,511.57,0.05
ORD000352,PROD0083,3,1558.0,0.1
ORD016802,PROD0223,3,1507.47,0.2
ORD011939,PROD0145,1,2107.82,0.15
ORD014678,PROD0154,1,611.42,0.1
ORD006084,PROD0117,4,1622.14,0.1
ORD006985,PROD0203,2,1208.94,0.05
ORD012507,PROD0205,5,315.35,0.0
ORD000452,PROD0195,5,525.15,0.1
ORD002255,PROD0018,4,1106.42,0.1
ORD008133,PROD0188,2,5555.06,0.15
ORD005969,PROD0221,3,861.75,0.0
ORD012591,PROD0220,2,1249.15,0.2
ORD007115,PROD0154,4,611.42,0.15
ORD015559,PROD0291,1,859.37,0.15
ORD014719,PROD0184,4,734.18,0.05
ORD008360,PROD0163,4,703.11,0.05
ORD008258,PROD0133,1,737.29,0.15
ORD015799,PROD0089,3,390.25,0.05
ORD013083,PROD0117,5,1622.14,0.1
ORD017365,PROD0038,4,1310.24,0.05
ORD007718,PROD0281,3,5213.75,0.1
ORD009310,PROD0095,2,853.11,0.1
ORD003276,PROD0128,3,414.27,0.0
ORD003716,PROD0281,2,5213.75,0.0
ORD006597,PROD0074,2,701.79,0.1
ORD016430,PROD0229,5,251.37,0.15
ORD014784,PROD0121,5,1762.91,0.15
ORD014432,PROD0040,4,5448.94,0.05
ORD001613,PROD0030,2,1536.54,0.15
ORD000078,PROD0051,4,257.94,0.05
ORD000701,PROD0108,1,1195.6,0.1
ORD003089,PROD0152,1,3664.43,0.05
ORD016760,PROD0008,2,1428.37,0.15
ORD012737,PROD0008,2,1428.37,0.2
ORD017059,PROD0188,1,5555.06,0.2
ORD016897,PROD0113,2,495.12,0.0
ORD000324,PROD0063,5,453.52,0.2
ORD010732,PROD0068,1,2579.6,0.1
ORD002205,PROD0237,2,1008.9,0.05
ORD016431,PROD0130,4,1402.05,0.1
ORD014996,PROD0278,2,1418.31,0.0
ORD015708,PROD0163,1,703.11,0.2
ORD009395,PROD0295,1,450.65,0.1
ORD010722,PROD0057,1,1480.61,0.2
ORD005597,PROD0069,2,6450.78,0.0
ORD012593,PROD0065,3,298.49,0.15
ORD013964,PROD0175,1,2260.04,0.1
ORD013008,PROD0087,5,2381.84,0.0
ORD001245,PROD0233,3,865.79,0.0
ORD017167,PROD0273,2,1884.45,0.1
ORD002955,PROD0227,2,663.99,0.2
ORD001119,PROD0109,2,315.2,0.1
ORD008739,PROD0112,2,3157.32,0.0
ORD003549,PROD0069,5,6450.78,0.0
ORD009909,PROD0221,1,861.75,0.05
ORD004597,PROD0187,4,2575.23,0.1
ORD008744,PROD0089,5,390.25,0.05
ORD013218,PROD0157,3,1342.68,0.0
ORD004442,PROD0099,3,550.57,0.05
ORD016058,PROD0113,4,495.12,0.05
ORD004443,PROD0137,4,445.2,0.1
ORD001784,PROD0266,2,1066.97,0.05
ORD003399,PROD0079,5,1557.75,0.0
ORD004353,PROD0020,5,2005.81,0.0
ORD002596,PROD0182,2,1491.37,0.05
ORD002421,PROD0231,5,1734.21,0.0
ORD009019,PROD0275,2,1740.08,0.05
ORD006785,PROD0099,5,550.57,0.0
ORD017002,PROD0235,4,1069.09,0.0
ORD009507,PROD0036,2,2265.4,0.05
ORD007085,PROD0286,3,722.33,0.15
ORD002212,PROD0285,1,1253.77,0.15
ORD002759,PROD0234,5,1884.98,0.05
ORD005071,PROD0201,3,1107.62,0.0
ORD012990,PROD0188,3,5555.06,0.05
ORD014571,PROD0292,1,526.18,0.1
ORD003136,PROD0227,2,663.99,0.05
ORD001676,PROD0054,2,1149.11,0.1
ORD017689,PROD0161,1,1467.22,0.2
ORD001655,PROD0025,3,585.99,0.1
ORD011267,PROD0167,3,2511.68,0.05
ORD013577,PROD0009,5,419.4,0.0
ORD001573,PROD0242,5,1251.99,0.05
ORD012357,PROD0040,1,5448.94,0.1
ORD012298,PROD0166,1,655.43,0.05
ORD013680,PROD0206,5,512.36,0.05
ORD013530,PROD0111,2,843.13,0.15
ORD007202,PROD0231,1,1734.21,0.15
ORD009847,PROD0049,2,474.29,0.15
ORD013483,PROD0191,4,425.27,0.05
ORD007968,PROD0057,4,1480.61,0.05
ORD000550,PROD0074,5,701.79,0.1
ORD005766,PROD0107,2,416.19,0.05
ORD009028,PROD0131,2,719.35,0.0
ORD005413,PROD0233,3,865.79,0.1
ORD009508,PROD0286,2,722.33,0.05
ORD001776,PROD0227,3,663.99,0.0
ORD008620,PROD0128,2,414.27,0.0
ORD010948,PROD0186,3,324.33,0.15
ORD000429,PROD0027,2,5305.88,0.1
ORD010354,PROD0061,5,1808.63,0.15
ORD015020,PROD0083,2,1558.0,0.2
ORD017935,PROD0246,3,484.36,0.2
ORD014111,PROD0145,1,2107.82,0.0
ORD000716,PROD0260,1,2453.91,0.15
ORD002542,PROD0228,1,1012.55,0.1
ORD007215,PROD0149,3,231.51,0.1
ORD009727,PROD0267,3,1411.95,0.15
ORD015172,PROD0274,3,356.93,0.0
ORD004936,PROD0273,1,1884.45,0.05
ORD001587,PROD0034,4,1106.13,0.05
ORD008179,PROD0188,4,5555.06,0.15
ORD017478,PROD0115,5,1198.13,0.05
ORD008414,PROD0066,1,705.54,0.2
ORD011001,PROD0016,3,2382.58,0.0
ORD011246,PROD0164,1,1896.67,0.1
ORD008618,PROD0268,3,1593.82,0.1
ORD013003,PROD0073,1,3798.83,0.1
ORD014550,PROD0083,2,1558.0,0.05
ORD015729,PROD0052,2,1103.19,0.05
ORD004925,PROD0074,4,701.79,0.0
ORD001010,PROD0243,3,4498.92,0.1
ORD002285,PROD0201,2,1107.62,0.0
ORD002073,PROD0093,3,2481.82,0.2
ORD003322,PROD0092,1,2466.2,0.0
ORD007132,PROD0052,3,1103.19,0.05
ORD003732,PROD0280,4,239.29,0.2
ORD000627,PROD0245,1,258.37,0.0
ORD005552,PROD0041,5,566.23,0.0
ORD010323,PROD0093,4,2481.82,0.05
ORD001777,PROD0158,1,1130.19,0.1
ORD003926,PROD0022,5,174.42,0.05
ORD014803,PROD0262,1,1081.48,0.1
ORD001423,PROD0296,4,605.83,0.15
ORD007648,PROD0123,2,2787.07,0.1
ORD002226,PROD0170,1,1486.76,0.05
ORD011890,PROD0112,4,3157.32,0.1
ORD009574,PROD0014,5,596.75,0.1
ORD013860,PROD0108,5,1195.6,0.0
ORD002781,PROD0232,3,480.05,0.0
ORD008853,PROD0187,3,2575.23,0.15
ORD011639,PROD0123,2,2787.07,0.2
ORD009396,PROD0054,5,1149.11,0.0
ORD009179,PROD0001,5,2228.63,0.0
ORD015112,PROD0279,5,1760.62,0.0
ORD004555,PROD0280,5,239.29,0.15
ORD006578,PROD0214,5,285.7,0.05
ORD004571,PROD0001,2,2228.63,0.05
ORD004297,PROD0260,4,2453.91,0.05
ORD001097,PROD0109,1,315.2,0.1
ORD004049,PROD0145,5,2107.82,0.0
ORD017369,PROD0202,1,1039.91,0.2
ORD015757,PROD0246,1,484.36,0.1
ORD006116,PROD0120,3,3592.34,0.2
ORD009619,PROD0210,4,539.67,0.0
ORD011257,PROD0115,1,1198.13,0.1
ORD009402,PROD0148,4,2479.32,0.15
ORD012817,PROD0077,4,372.07,0.15
ORD015480,PROD0200,1,1906.63,0.05
ORD002982,PROD0253,5,3782.92,0.05
ORD000964,PROD0289,3,1376.41,0.15
ORD009071,PROD0252,5,1091.64,0.1
ORD016278,PROD0083,2,1558.0,0.1
ORD005617,PROD0108,1,1195.6,0.0
ORD009343,PROD0025,3,585.99,0.0
ORD014444,PROD0052,3,1103.19,0.1
ORD002672,PROD0186,4,324.33,0.0
ORD011453,PROD0291,3,859.37,0.05
ORD003366,PROD0072,2,4756.76,0.15
ORD003838,PROD0264,5,409.67,0.2
ORD013229,PROD0231,1,1734.21,0.05
ORD004345,PROD0190,1,1494.94,0.05
ORD012796,PROD0226,4,322.28,0.1
ORD014879,PROD0064,1,706.46,0.2
ORD015771,PROD0286,1,722.33,0.05
ORD013117,PROD0086,1,1292.77,0.15
ORD015970,PROD0037,5,1059.57,0.05
ORD014126,PROD0275,5,1740.08,0.0
ORD007487,PROD0132,2,1663.98,0.1
ORD002500,PROD0052,4,1103.19,0.05
ORD014709,PROD0100,1,1535.02,0.1
ORD011347,PROD0129,5,2715.49,0.05
ORD001908,PROD0034,4,1106.13,0.05
ORD014697,PROD0287,5,1180.58,0.1
ORD014096,PROD0035,2,914.62,0.05
ORD001494,PROD0109,4,315.2,0.2
ORD008136,PROD0139,1,624.58,0.1
ORD011267,PROD0123,5,2787.07,0.2
ORD012146,PROD0274,1,356.93,0.0
ORD004214,PROD0246,1,484.36,0.05
ORD013553,PROD0172,4,3513.98,0.1
ORD011880,PROD0217,2,748.27,0.15
ORD001818,PROD0043,2,950.69,0.05
ORD004549,PROD0075,1,993.75,0.1
ORD009134,PROD0291,2,859.37,0.1
ORD015389,PROD0142,2,536.55,0.0
ORD001103,PROD0095,1,853.11,0.1
ORD006157,PROD0213,3,475.42,0.1
ORD003788,PROD0049,4,474.29,0.05
ORD008162,PROD0213,1,475.42,0.1
ORD015518,PROD0087,3,2381.84,0.0
ORD009842,PROD0010,1,1326.68,0.0
ORD017765,PROD0188,3,5555.06,0.1
ORD003970,PROD0032,1,1792.53,0.15
ORD006177,PROD0226,3,322.28,0.1
ORD004726,PROD0057,2,1480.61,0.1
ORD015220,PROD0075,5,993.75,0.0
ORD008912,PROD0219,2,1088.5,0.05
ORD014140,PROD0029,2,1224.14,0.2
ORD000557,PROD0067,1,1836.4,0.1
ORD003539,PROD0280,3,239.29,0.0
ORD011986,PROD0155,2,383.07,0.2
ORD005102,PROD0208,4,1605.39,0.1
ORD016234,PROD0271,1,1034.8,0.1
ORD001060,PROD0028,1,740.62,0.1
ORD000252,PROD0108,1,1195.6,0.0
ORD017755,PROD0119,3,1545.4,0.1
ORD001039,PROD0001,4,2228.63,0.05
ORD014280,PROD0284,5,1551.66,0.15
ORD017364,PROD0002,3,1122.65,0.1
ORD009197,PROD0116,3,435.35,0.0
ORD004885,PROD0135,2,1098.25,0.1
ORD015312,PROD0136,1,4655.74,0.05
ORD010033,PROD0177,5,1733.37,0.1
ORD003445,PROD0112,4,3157.32,0.1
ORD000775,PROD0092,3,2466.2,0.1
ORD012964,PROD0126,1,648.87,0.1
ORD011668,PROD0192,3,2094.72,0.1
ORD016378,PROD0151,5,938.09,0.1
ORD012301,PROD0086,1,1292.77,0.0
ORD015878,PROD0153,2,192.77,0.05
ORD012599,PROD0161,1,1467.22,0.2
ORD012838,PROD0097,4,2244.75,0.0
ORD005535,PROD0142,1,536.55,0.0
ORD013534,PROD0129,2,2715.49,0.0
ORD016813,PROD0252,5,1091.64,0.05
ORD000499,PROD0055,4,1758.65,0.05
ORD004911,PROD0152,5,3664.43,0.2
ORD002655,PROD0140,5,4498.4,0.0
ORD008119,PROD0013,2,2230.9,0.2
ORD014747,PROD0279,2,1760.62,0.0
ORD014415,PROD0196,1,624.67,0.05
ORD005654,PROD0230,4,1187.41,0.15
ORD017550,PROD0096,1,830.36,0.1
ORD007976,PROD0187,1,2575.23,0.2
ORD012409,PROD0251,4,1056.88,0.05
ORD007005,PROD0193,2,3394.61,0.05
ORD017789,PROD0140,1,4498.4,0.1
ORD001749,PROD0007,1,838.82,0.2
ORD016415,PROD0051,5,257.94,0.2
ORD010064,PROD0050,3,138.33,0.0
ORD014871,PROD0063,4,453.52,0.2
ORD002974,PROD0106,1,770.07,0.0
ORD011613,PROD0128,2,414.27,0.0
ORD003926,PROD0300,3,2550.36,0.1
ORD011813,PROD0137,2,445.2,0.05
ORD016441,PROD0233,1,865.79,0.1
ORD000637,PROD0214,2,285.7,0.0
ORD001661,PROD0050,2,138.33,0.1
ORD008205,PROD0119,3,1545.4,0.1
ORD008933,PROD0204,5,1064.24,0.0
ORD016707,PROD0165,4,1341.44,0.2
ORD011809,PROD0157,1,1342.68,0.15
ORD006606,PROD0290,2,3732.41,0.1
ORD007203,PROD0100,1,1535.02,0.1
ORD000201,PROD0095,2,853.11,0.0
ORD004363,PROD0061,5,1808.63,0.2
ORD005237,PROD0221,5,861.75,0.1
ORD006343,PROD0199,1,919.06,0.0
ORD011805,PROD0057,1,1480.61,0.2
ORD008510,PROD0018,1,1106.42,0.1
ORD005559,PROD0012,1,2384.44,0.15
ORD014820,PROD0032,5,1792.53,0.1
ORD007931,PROD0010,4,1326.68,0.15
ORD009952,PROD0099,2,550.57,0.15
ORD012812,PROD0139,5,624.58,0.1
ORD017738,PROD0220,3,1249.15,0.05
ORD000736,PROD0080,4,1973.58,0.1
ORD002008,PROD0169,1,2484.01,0.0
ORD007394,PROD0165,1,1341.44,0.2
ORD007768,PROD0095,1,853.11,0.15
ORD011505,PROD0283,5,1585.65,0.1
ORD013125,PROD0160,1,2652.37,0.1
ORD012893,PROD0112,5,3157.32,0.0
ORD014453,PROD0032,2,1792.53,0.0
ORD013367,PROD0259,3,272.42,0.05
ORD006691,PROD0256,2,895.23,0.2
ORD010053,PROD0077,1,372.07,0.15
ORD003753,PROD0230,2,1187.41,0.05
ORD004875,PROD0005,2,5350.44,0.1
ORD016231,PROD0201,3,1107.62,0.15
ORD016112,PROD0261,4,1950.36,0.0
ORD003100,PROD0167,3,2511.68,0.1
ORD011090,PROD0242,1,1251.99,0.05
ORD009998,PROD0223,2,1507.47,0.15
ORD014646,PROD0069,3,6450.78,0.05
ORD016078,PROD0160,4,2652.37,0.05
ORD006761,PROD0267,3,1411.95,0.15
ORD005227,PROD0282,5,1059.41,0.0
ORD003922,PROD0096,4,830.36,0.05
ORD011416,PROD0223,1,1507.47,0.2
ORD004702,PROD0080,3,1973.58,0.0
ORD006581,PROD0122,4,768.92,0.2
ORD016322,PROD0259,3,272.42,0.05
ORD003558,PROD0212,1,936.47,0.0
ORD017599,PROD0272,5,834.67,0.2
ORD005457,PROD0265,2,709.86,0.1
ORD003225,PROD0245,3,258.37,0.05
ORD011220,PROD0177,3,1733.37,0.15
ORD011440,PROD0031,3,2790.09,0.1
ORD016979,PROD0277,2,668.68,0.2
ORD008781,PROD0075,5,993.75,0.0
ORD004424,PROD0091,3,402.26,0.05
ORD015182,PROD0125,5,1338.46,0.0
ORD000459,PROD0066,5,705.54,0.2
ORD015519,PROD0294,1,608.79,0.1
ORD003392,PROD0214,4,285.7,0.15
ORD016107,PROD0029,3,1224.14,0.1
ORD005314,PROD0167,3,2511.68,0.05
ORD001218,PROD0008,5,1428.37,0.1
ORD002086,PROD0060,4,511.57,0.1
ORD016963,PROD0184,3,734.18,0.1
ORD011248,PROD0194,2,2044.13,0.15
ORD005257,PROD0088,3,255.81,0.2
ORD015105,PROD0218,5,852.15,0.0
ORD013598,PROD0098,1,1788.67,0.05
ORD010984,PROD0167,1,2511.68,0.05
ORD012124,PROD0259,3,272.42,0.0
ORD017981,PROD0183,2,606.73,0.0
ORD004969,PROD0046,3,423.5,0.2
ORD001375,PROD0094,2,1585.84,0.0
ORD004641,PROD0277,1,668.68,0.15
ORD002671,PROD0092,1,2466.2,0.2
ORD015262,PROD0069,2,6450.78,0.15
ORD016434,PROD0084,4,787.16,0.15
ORD000813,PROD0047,5,743.87,0.05
ORD005812,PROD0157,2,1342.68,0.0
ORD009288,PROD0032,4,1792.53,0.15
ORD013488,PROD0133,4,737.29,0.0
ORD016055,PROD0069,3,6450.78,0.2
ORD006231,PROD0223,2,1507.47,0.05
ORD010589,PROD0221,4,861.75,0.1
ORD017309,PROD0030,5,1536.54,0.0
ORD015692,PROD0166,1,655.43,0.0
ORD004468,PROD0077,3,372.07,0.0
ORD014037,PROD0225,2,670.12,0.0
ORD004153,PROD0052,2,1103.19,0.0
ORD004991,PROD0295,3,450.65,0.0
ORD007202,PROD0267,5,1411.95,0.15
ORD016615,PROD0099,1,550.57,0.0
ORD006877,PROD0020,4,2005.81,0.15
ORD017052,PROD0046,4,423.5,0.05
ORD005156,PROD0018,4,1106.42,0.0
ORD010883,PROD0110,3,2045.64,0.2
ORD002735,PROD0031,1,2790.09,0.1
ORD001004,PROD0089,3,390.25,0.15
ORD005397,PROD0243,2,4498.92,0.1
ORD013964,PROD0257,4,994.46,0.05
ORD003531,PROD0134,2,938.67,0.1
ORD011576,PROD0273,5,1884.45,0.05
ORD012003,PROD0124,4,7033.68,0.2
ORD014620,PROD0009,2,419.4,0.05
ORD017155,PROD0065,3,298.49,0.15
ORD001161,PROD0271,2,1034.8,0.0
ORD010389,PROD0128,4,414.27,0.05
ORD014002,PROD0178,3,1006.65,0.05
ORD001322,PROD0193,3,3394.61,0.15
ORD004205,PROD0070,2,2065.33,0.15
ORD004235,PROD0148,5,2479.32,0.05
ORD003869,PROD0082,2,835.72,0.2
ORD009494,PROD0287,4,1180.58,0.1
ORD001286,PROD0250,5,468.3,0.0
ORD006173,PROD0243,5,4498.92,0.0
ORD001259,PROD0018,3,1106.42,0.1
ORD011767,PROD0291,2,859.37,0.05
ORD013618,PROD0131,2,719.35,0.15
ORD016952,PROD0285,1,1253.77,0.1
ORD010793,PROD0039,1,748.33,0.1
ORD014836,PROD0180,4,374.36,0.15
ORD001257,PROD0039,2,748.33,0.05
ORD016938,PROD0228,2,1012.55,0.05
ORD015160,PROD0122,1,768.92,0.0
ORD009943,PROD0056,5,1815.37,0.05
ORD016690,PROD0132,5,1663.98,0.1
ORD005858,PROD0057,3,1480.61,0.2
ORD016656,PROD0065,3,298.49,0.15
ORD002878,PROD0239,4,3878.85,0.05
ORD004347,PROD0015,2,768.6,0.05
ORD004209,PROD0010,4,1326.68,0.0
ORD002278,PROD0020,2,2005.81,0.1
ORD014826,PROD0213,3,475.42,0.05
ORD002116,PROD0109,2,315.2,0.0
ORD000015,PROD0095,4,853.11,0.0
ORD003642,PROD0102,3,1726.73,0.05
ORD006400,PROD0051,3,257.94,0.2
ORD006396,PROD0013,5,2230.9,0.1
ORD013815,PROD0121,3,1762.91,0.05
ORD013647,PROD0266,4,1066.97,0.05
ORD008908,PROD0256,2,895.23,0.0
ORD016572,PROD0256,5,895.23,0.1
ORD010580,PROD0156,4,1302.29,0.15
ORD006461,PROD0285,2,1253.77,0.15
ORD011617,PROD0124,1,7033.68,0.2
ORD008487,PROD0215,1,496.9,0.15
ORD007862,PROD0281,5,5213.75,0.05
ORD000610,PROD0187,5,2575.23,0.0
ORD012846,PROD0081,3,2207.21,0.05
ORD005470,PROD0201,4,1107.62,0.0
ORD000533,PROD0107,2,416.19,0.15
ORD017291,PROD0153,1,192.77,0.15
ORD012306,PROD0028,1,740.62,0.05
ORD003752,PROD0045,5,1204.82,0.0
ORD016332,PROD0164,4,1896.67,0.15
ORD011258,PROD0145,5,2107.82,0.05
ORD017916,PROD0196,4,624.67,0.1
ORD009993,PROD0027,1,5305.88,0.0
ORD005133,PROD0148,4,2479.32,0.15
ORD003200,PROD0144,5,1097.89,0.2
ORD001784,PROD0238,3,1179.28,0.1
ORD014649,PROD0273,4,1884.45,0.0
ORD016564,PROD0268,3,1593.82,0.1
ORD010471,PROD0217,1,748.27,0.2
ORD005191,PROD0037,3,1059.57,0.05
ORD009706,PROD0300,4,2550.36,0.1
ORD014807,PROD0226,5,322.28,0.15
ORD017979,PROD0058,5,5552.05,0.0
ORD002447,PROD0209,2,4636.93,0.05
ORD017937,PROD0084,1,787.16,0.0
ORD003739,PROD0259,5,272.42,0.15
ORD013614,PROD0128,5,414.27,0.1
ORD014133,PROD0047,1,743.87,0.0
ORD007853,PROD0230,5,1187.41,0.15
ORD004742,PROD0121,4,1762.91,0.0
ORD004401,PROD0086,2,1292.77,0.0
ORD003741,PROD0057,1,1480.61,0.0
ORD013321,PROD0013,3,2230.9,0.05
ORD014656,PROD0260,5,2453.91,0.1
ORD016972,PROD0237,4,1008.9,0.1
ORD017990,PROD0216,2,2535.43,0.0
ORD010737,PROD0266,5,1066.97,0.15
ORD003299,PROD0106,3,770.07,0.15
ORD003968,PROD0194,1,2044.13,0.1
ORD017553,PROD0208,1,1605.39,0.0
ORD014017,PROD0202,4,1039.91,0.0
ORD004905,PROD0247,4,1013.19,0.1
ORD010443,PROD0137,3,445.2,0.15
ORD005312,PROD0247,2,1013.19,0.15
ORD006903,PROD0218,2,852.15,0.15
ORD011093,PROD0062,1,1731.8,0.05
ORD009465,PROD0135,1,1098.25,0.0
ORD009582,PROD0272,4,834.67,0.0
ORD009100,PROD0258,5,814.14,0.05
ORD016400,PROD0294,5,608.79,0.05
ORD010894,PROD0078,3,1498.55,0.1
ORD014258,PROD0200,2,1906.63,0.1
ORD017458,PROD0252,1,1091.64,0.15
ORD007837,PROD0077,1,372.07,0.15
ORD002034,PROD0103,1,814.61,0.1
ORD002315,PROD0070,5,2065.33,0.2
ORD003344,PROD0092,3,2466.2,0.05
ORD015624,PROD0280,3,239.29,0.2
ORD013757,PROD0152,1,3664.43,0.0
ORD001587,PROD0263,2,754.46,0.2
ORD007714,PROD0001,4,2228.63,0.1
ORD013562,PROD0243,5,4498.92,0.0
ORD014659,PROD0052,2,1103.19,0.05
ORD017161,PROD0234,4,1884.98,0.15
ORD010015,PROD0268,1,1593.82,0.0
ORD008759,PROD0028,4,740.62,0.1
ORD002976,PROD0104,1,917.71,0.1
ORD011344,PROD0294,5,608.79,0.0
ORD017449,PROD0220,2,1249.15,0.1
ORD005711,PROD0282,1,1059.41,0.0
ORD007110,PROD0227,3,663.99,0.05
ORD015855,PROD0146,3,2912.21,0.05
ORD002927,PROD0057,3,1480.61,0.0
ORD002526,PROD0050,5,138.33,0.0
ORD011220,PROD0010,3,1326.68,0.0
ORD015732,PROD0047,5,743.87,0.1
ORD007481,PROD0144,4,1097.89,0.1
ORD005515,PROD0199,3,919.06,0.0
ORD004259,PROD0077,2,372.07,0.15
ORD012068,PROD0059,3,3884.69,0.15
ORD007463,PROD0044,1,2277.54,0.1
ORD012321,PROD0048,2,2692.11,0.2
ORD007720,PROD0239,3,3878.85,0.2
ORD004849,PROD0203,1,1208.94,0.0
ORD017396,PROD0069,5,6450.78,0.2
ORD002267,PROD0157,3,1342.68,0.05
ORD013705,PROD0037,5,1059.57,0.1
ORD014005,PROD0122,4,768.92,0.05
ORD002658,PROD0226,2,322.28,0.05
ORD012544,PROD0290,5,3732.41,0.15
ORD015799,PROD0017,4,5213.81,0.1
ORD005630,PROD0049,1,474.29,0.15
ORD006648,PROD0013,4,2230.9,0.0
ORD003712,PROD0192,3,2094.72,0.2
ORD012815,PROD0095,5,853.11,0.1
ORD012326,PROD0245,3,258.37,0.1
ORD017293,PROD0209,4,4636.93,0.0
ORD013886,PROD0238,2,1179.28,0.05
ORD016680,PROD0080,2,1973.58,0.1
ORD002127,PROD0218,4,852.15,0.15
ORD000573,PROD0152,4,3664.43,0.0
ORD002269,PROD0095,1,853.11,0.05
ORD010418,PROD0166,4,655.43,0.05
ORD015740,PROD0004,1,1005.11,0.1
ORD013037,PROD0262,3,1081.48,0.1
ORD005480,PROD0162,3,377.71,0.1
ORD003612,PROD0255,1,2724.93,0.1
ORD001707,PROD0146,3,2912.21,0.0
ORD003149,PROD0294,4,608.79,0.05
ORD016812,PROD0101,4,3596.1,0.05
ORD010700,PROD0209,2,4636.93,0.05
ORD012529,PROD0032,5,1792.53,0.1
ORD015972,PROD0240,4,1736.87,0.2
ORD007092,PROD0113,1,495.12,0.1
ORD007475,PROD0063,3,453.52,0.05
ORD003313,PROD0150,5,1469.35,0.0
ORD017399,PROD0124,4,7033.68,0.05
ORD015788,PROD0035,3,914.62,0.1
ORD017382,PROD0247,1,1013.19,0.0
ORD005470,PROD0139,1,624.58,0.05
ORD015738,PROD0276,4,1150.97,0.1
ORD011191,PROD0074,4,701.79,0.05
ORD011315,PROD0028,1,740.62,0.05
ORD014906,PROD0167,3,2511.68,0.0
ORD002891,PROD0224,2,4037.97,0.1
ORD004063,PROD0117,1,1622.14,0.05
ORD012538,PROD0186,1,324.33,0.05
ORD017975,PROD0135,1,1098.25,0.05
ORD016650,PROD0069,4,6450.78,0.0
ORD015259,PROD0051,2,257.94,0.05
ORD016758,PROD0021,4,2017.39,0.15
ORD014336,PROD0017,1,5213.81,0.15
ORD011295,PROD0094,3,1585.84,0.05
ORD006920,PROD0244,4,1140.3,0.05
ORD015422,PROD0091,4,402.26,0.05
ORD003434,PROD0004,4,1005.11,0.2
ORD006840,PROD0191,5,425.27,0.05
ORD012606,PROD0154,1,611.42,0.0
ORD016628,PROD0257,3,994.46,0.15
ORD003318,PROD0241,5,215.23,0.1
ORD014202,PROD0246,5,484.36,0.0
ORD002921,PROD0122,2,768.92,0.15
ORD001895,PROD0083,1,1558.0,0.15
ORD006677,PROD0110,4,2045.64,0.05
ORD001352,PROD0167,1,2511.68,0.0
ORD010659,PROD0232,5,480.05,0.1
ORD003353,PROD0136,5,4655.74,0.05
ORD003299,PROD0126,3,648.87,0.2
ORD017876,PROD0160,1,2652.37,0.1
ORD008107,PROD0275,2,1740.08,0.05
ORD006179,PROD0256,5,895.23,0.1
ORD004462,PROD0146,4,2912.21,0.15
ORD015911,PROD0190,1,1494.94,0.2
ORD002981,PROD0254,3,1021.7,0.2
ORD003274,PROD0030,1,1536.54,0.05
ORD010149,PROD0044,4,2277.54,0.1
ORD010184,PROD0175,1,2260.04,0.2
ORD002278,PROD0062,5,1731.8,0.0
ORD013941,PROD0189,1,260.5,0.0
ORD016549,PROD0182,1,1491.37,0.05
ORD000424,PROD0009,5,419.4,0.1
ORD001692,PROD0203,5,1208.94,0.15
ORD006047,PROD0277,5,668.68,0.0
ORD001100,PROD0095,5,853.11,0.1
ORD006401,PROD0096,4,830.36,0.0
ORD000455,PROD0041,3,566.23,0.2
ORD002531,PROD0272,2,834.67,0.2
ORD003047,PROD0239,3,3878.85,0.15
ORD008214,PROD0204,1,1064.24,0.0
ORD009913,PROD0010,4,1326.68,0.15
ORD012443,PROD0198,5,1910.21,0.05
ORD010040,PROD0101,5,3596.1,0.0
ORD002638,PROD0291,2,859.37,0.15
ORD011995,PROD0231,4,1734.21,0.0
ORD017694,PROD0002,4,1122.65,0.15
ORD003474,PROD0275,3,1740.08,0.15
ORD007718,PROD0190,1,1494.94,0.05
ORD010108,PROD0130,3,1402.05,0.0
ORD012528,PROD0274,4,356.93,0.1
ORD010341,PROD0158,1,1130.19,0.2
ORD006326,PROD0253,1,3782.92,0.1
ORD013041,PROD0277,4,668.68,0.0
ORD006968,PROD0066,1,705.54,0.15
ORD006082,PROD0246,2,484.36,0.15
ORD009336,PROD0285,5,1253.77,0.1
ORD006684,PROD0214,5,285.7,0.0
ORD000770,PROD0058,5,5552.05,0.0
ORD008778,PROD0176,1,890.34,0.0
ORD016357,PROD0080,3,1973.58,0.15
ORD007386,PROD0253,1,3782.92,0.1
ORD008308,PROD0001,5,2228.63,0.0
ORD016318,PROD0101,3,3596.1,0.05
ORD011231,PROD0236,4,1243.22,0.05
ORD014760,PROD0259,1,272.42,0.1
ORD011849,PROD0131,1,719.35,0.1
ORD013607,PROD0053,4,499.98,0.1
ORD008097,PROD0230,4,1187.41,0.1
ORD016141,PROD0099,5,550.57,0.1
ORD004088,PROD0296,5,605.83,0.1
ORD016411,PROD0152,5,3664.43,0.0
ORD017522,PROD0162,4,377.71,0.2
ORD004386,PROD0120,4,3592.34,0.1
ORD005768,PROD0259,4,272.42,0.1
ORD013882,PROD0027,2,5305.88,0.0
ORD005576,PROD0197,3,774.0,0.05
ORD012513,PROD0282,5,1059.41,0.1
ORD014803,PROD0170,2,1486.76,0.0
ORD007161,PROD0077,1,372.07,0.0
ORD015649,PROD0042,2,5997.9,0.15
ORD005633,PROD0243,3,4498.92,0.0
ORD014172,PROD0243,5,4498.92,0.2
ORD003142,PROD0071,3,1519.69,0.15
ORD007399,PROD0184,4,734.18,0.0
ORD004821,PROD0219,4,1088.5,0.15
ORD016119,PROD0026,2,926.18,0.05
ORD000591,PROD0131,4,719.35,0.05
ORD015209,PROD0095,2,853.11,0.1
ORD014709,PROD0229,2,251.37,0.1
ORD015122,PROD0044,4,2277.54,0.15
ORD011557,PROD0016,3,2382.58,0.2
ORD002587,PROD0069,2,6450.78,0.2
ORD009193,PROD0032,2,1792.53,0.1
ORD004876,PROD0023,2,529.99,0.1
ORD011522,PROD0045,2,1204.82,0.1
ORD012463,PROD0058,2,5552.05,0.05
ORD001031,PROD0197,2,774.0,0.15
ORD003834,PROD0222,1,803.44,0.1
ORD013072,PROD0132,4,1663.98,0.0
ORD001847,PROD0003,2,2931.9,0.1
ORD000334,PROD0064,3,706.46,0.0
ORD015944,PROD0115,3,1198.13,0.0
ORD009200,PROD0269,2,528.68,0.1
ORD008507,PROD0178,5,1006.65,0.1
ORD011157,PROD0104,2,917.71,0.1
ORD006553,PROD0086,3,1292.77,0.15
ORD003473,PROD0117,4,1622.14,0.05
ORD013701,PROD0119,2,1545.4,0.05
ORD013148,PROD0074,5,701.79,0.1
ORD014050,PROD0184,1,734.18,0.0
ORD014252,PROD0063,3,453.52,0.1
ORD011013,PROD0168,3,1759.17,0.0
ORD012172,PROD0209,2,4636.93,0.1
ORD015366,PROD0041,1,566.23,0.05
ORD016713,PROD0200,2,1906.63,0.15
ORD008497,PROD0097,5,2244.75,0.05
ORD016395,PROD0059,5,3884.69,0.0
ORD013452,PROD0272,5,834.67,0.05
ORD009565,PROD0285,4,1253.77,0.05
ORD017059,PROD0020,5,2005.81,0.0
ORD001719,PROD0122,1,768.92,0.15
ORD005548,PROD0183,1,606.73,0.1
ORD002981,PROD0274,4,356.93,0.05
ORD006124,PROD0092,5,2466.2,0.1
ORD002876,PROD0268,2,1593.82,0.05
ORD017036,PROD0019,5,2132.91,0.1
ORD001921,PROD0136,3,4655.74,0.2
ORD015676,PROD0240,5,1736.87,0.05
ORD000232,PROD0064,1,706.46,0.15
ORD001097,PROD0145,4,2107.82,0.0
ORD014386,PROD0064,3,706.46,0.2
ORD002557,PROD0100,2,1535.02,0.2
ORD016214,PROD0060,4,511.57,0.05
ORD013006,PROD0219,1,1088.5,0.05
ORD006310,PROD0019,5,2132.91,0.0
ORD017435,PROD0222,5,803.44,0.05
ORD003326,PROD0192,3,2094.72,0.0
ORD012792,PROD0186,3,324.33,0.0
ORD016789,PROD0047,4,743.87,0.05
ORD003189,PROD0056,3,1815.37,0.0
ORD010364,PROD0134,4,938.67,0.2
ORD005876,PROD0030,1,1536.54,0.1
ORD011546,PROD0187,5,2575.23,0.05
ORD000270,PROD0300,5,2550.36,0.15
ORD000761,PROD0245,3,258.37,0.05
ORD014598,PROD0009,4,419.4,0.1
ORD008932,PROD0255,3,2724.93,0.2
ORD015764,PROD0174,2,1681.39,0.0
ORD002532,PROD0283,2,1585.65,0.1
ORD003536,PROD0010,2,1326.68,0.1
ORD009421,PROD0056,5,1815.37,0.15
ORD010646,PROD0268,4,1593.82,0.15
ORD001776,PROD0284,5,1551.66,0.05
ORD016889,PROD0059,1,3884.69,0.0
ORD004605,PROD0062,2,1731.8,0.1
ORD011934,PROD0164,3,1896.67,0.0
ORD014730,PROD0255,1,2724.93,0.05
ORD015836,PROD0265,1,709.86,0.0
ORD003392,PROD0126,4,648.87,0.1
ORD013151,PROD0232,5,480.05,0.15
ORD011980,PROD0091,3,402.26,0.0
ORD003773,PROD0290,5,3732.41,0.15
ORD015241,PROD0175,5,2260.04,0.0
ORD004413,PROD0112,4,3157.32,0.05
ORD007996,PROD0265,4,709.86,0.1
ORD002714,PROD0048,2,2692.11,0.05
ORD013444,PROD0082,2,835.72,0.05
ORD012473,PROD0277,5,668.68,0.1
ORD002372,PROD0227,5,663.99,0.15
ORD005372,PROD0049,5,474.29,0.0
ORD001842,PROD0023,2,529.99,0.2
ORD001534,PROD0029,2,1224.14,0.0
ORD009467,PROD0101,1,3596.1,0.0
ORD004987,PROD0267,2,1411.95,0.0
ORD005163,PROD0191,2,425.27,0.0
ORD013128,PROD0250,4,468.3,0.05
ORD010444,PROD0038,1,1310.24,0.15
ORD006070,PROD0021,5,2017.39,0.05
ORD016840,PROD0205,4,315.35,0.15
ORD011220,PROD0210,4,539.67,0.0
ORD014701,PROD0006,3,997.09,0.1
ORD005604,PROD0164,3,1896.67,0.15
ORD016587,PROD0063,5,453.52,0.05
ORD014427,PROD0096,2,830.36,0.05
ORD007809,PROD0130,1,1402.05,0.1
ORD009546,PROD0183,2,606.73,0.05
ORD003656,PROD0141,1,526.7,0.05
ORD013910,PROD0268,5,1593.82,0.2
ORD014106,PROD0118,4,437.61,0.2
ORD010547,PROD0195,3,525.15,0.1
ORD013395,PROD0249,2,4012.64,0.15
ORD007975,PROD0093,2,2481.82,0.0
ORD008721,PROD0184,2,734.18,0.05
ORD012251,PROD0086,5,1292.77,0.1
ORD005399,PROD0153,5,192.77,0.1
ORD005706,PROD0008,5,1428.37,0.2
ORD012518,PROD0288,2,1099.87,0.2
ORD003043,PROD0045,3,1204.82,0.1
ORD014545,PROD0282,3,1059.41,0.0
ORD009944,PROD0289,5,1376.41,0.05
ORD008081,PROD0141,3,526.7,0.1
ORD011740,PROD0224,4,4037.97,0.0
ORD000168,PROD0128,4,414.27,0.2
ORD006783,PROD0142,4,536.55,0.1
ORD010088,PROD0165,2,1341.44,0.0
ORD009217,PROD0161,3,1467.22,0.15
ORD008530,PROD0020,2,2005.81,0.0
ORD015607,PROD0179,2,608.27,0.1
ORD010707,PROD0201,1,1107.62,0.2
ORD011808,PROD0026,3,926.18,0.05
ORD000930,PROD0190,1,1494.94,0.0
ORD003292,PROD0033,4,726.59,0.15
ORD002080,PROD0263,5,754.46,0.0
ORD007583,PROD0180,4,374.36,0.15
ORD003554,PROD0202,5,1039.91,0.05
ORD003134,PROD0220,2,1249.15,0.1
ORD013605,PROD0254,1,1021.7,0.0
ORD003600,PROD0261,2,1950.36,0.1
ORD015212,PROD0164,1,1896.67,0.0
ORD010286,PROD0124,5,7033.68,0.2
ORD004315,PROD0052,2,1103.19,0.15
ORD010746,PROD0145,1,2107.82,0.0
ORD009957,PROD0092,1,2466.2,0.0
ORD008812,PROD0187,2,2575.23,0.15
ORD002245,PROD0146,5,2912.21,0.0
ORD009591,PROD0017,1,5213.81,0.0
ORD000235,PROD0063,4,453.52,0.05
ORD016135,PROD0064,5,706.46,0.0
ORD009615,PROD0039,2,748.33,0.1
ORD013799,PROD0037,1,1059.57,0.0
ORD017630,PROD0038,3,1310.24,0.0
ORD009383,PROD0093,3,2481.82,0.1
ORD008427,PROD0243,2,4498.92,0.2
ORD008524,PROD0176,5,890.34,0.05
ORD008682,PROD0238,4,1179.28,0.1
ORD005312,PROD0087,3,2381.84,0.1
ORD008109,PROD0017,3,5213.81,0.05
ORD005229,PROD0152,4,3664.43,0.15
ORD000835,PROD0122,2,768.92,0.0
ORD017009,PROD0224,2,4037.97,0.1
ORD004622,PROD0033,1,726.59,0.1
ORD005433,PROD0209,5,4636.93,0.05
ORD000838,PROD0058,5,5552.05,0.1
ORD010126,PROD0037,3,1059.57,0.1
ORD017649,PROD0108,3,1195.6,0.0
ORD016353,PROD0270,3,546.81,0.1
ORD015117,PROD0156,1,1302.29,0.1
ORD015519,PROD0170,5,1486.76,0.05
ORD004993,PROD0038,1,1310.24,0.0
ORD001355,PROD0123,2,2787.07,0.1
ORD016415,PROD0214,4,285.7,0.05
ORD012982,PROD0125,4,1338.46,0.05
ORD014517,PROD0002,4,1122.65,0.1
ORD001322,PROD0031,3,2790.09,0.1
ORD000292,PROD0055,2,1758.65,0.05
ORD006122,PROD0045,5,1204.82,0.1
ORD001763,PROD0113,5,495.12,0.15
ORD004163,PROD0200,1,1906.63,0.2
ORD008300,PROD0014,2,596.75,0.1
ORD004047,PROD0110,1,2045.64,0.0
ORD005400,PROD0217,5,748.27,0.15
ORD005565,PROD0160,3,2652.37,0.0
ORD010358,PROD0257,4,994.46,0.05
ORD017240,PROD0031,2,2790.09,0.05
ORD013908,PROD0211,4,1092.8,0.0
ORD014347,PROD0150,4,1469.35,0.15
ORD017170,PROD0247,1,1013.19,0.1
ORD011155,PROD0140,2,4498.4,0.05
ORD008112,PROD0025,3,585.99,0.0
ORD017109,PROD0055,2,1758.65,0.15
ORD015124,PROD0075,1,993.75,0.2
ORD013442,PROD0174,2,1681.39,0.05
ORD007018,PROD0037,5,1059.57,0.15
ORD004978,PROD0071,5,1519.69,0.1
ORD016135,PROD0072,2,4756.76,0.05
ORD008722,PROD0232,4,480.05,0.05
ORD014284,PROD0047,5,743.87,0.1
ORD003039,PROD0012,2,2384.44,0.1
ORD010786,PROD0032,5,1792.53,0.15
ORD006542,PROD0050,2,138.33,0.1
ORD013713,PROD0147,3,1277.67,0.05
ORD006891,PROD0158,1,1130.19,0.05
ORD005362,PROD0026,4,926.18,0.15
ORD013679,PROD0115,3,1198.13,0.0
ORD009708,PROD0251,5,1056.88,0.15
ORD017396,PROD0096,2,830.36,0.15
ORD012694,PROD0280,1,239.29,0.15
ORD006561,PROD0086,4,1292.77,0.0
ORD017713,PROD0178,4,1006.65,0.1
ORD005381,PROD0286,2,722.33,0.2
ORD007732,PROD0074,2,701.79,0.0
ORD011835,PROD0165,4,1341.44,0.2
ORD010263,PROD0281,2,5213.75,0.1
ORD001285,PROD0141,5,526.7,0.1
ORD010584,PROD0267,5,1411.95,0.05
ORD008113,PROD0072,3,4756.76,0.05
ORD005072,PROD0256,5,895.23,0.0
ORD017006,PROD0021,2,2017.39,0.1
ORD004990,PROD0300,5,2550.36,0.0
ORD016774,PROD0053,3,499.98,0.05
ORD008288,PROD0148,5,2479.32,0.1
ORD005644,PROD0204,1,1064.24,0.05
ORD002214,PROD0208,3,1605.39,0.0
ORD006343,PROD0033,3,726.59,0.2
ORD014572,PROD0001,4,2228.63,0.1
ORD015860,PROD0141,3,526.7,0.0
ORD000059,PROD0253,4,3782.92,0.0
ORD008722,PROD0240,1,1736.87,0.1
ORD008964,PROD0094,3,1585.84,0.15
ORD006072,PROD0224,1,4037.97,0.15
ORD006962,PROD0255,2,2724.93,0.0
ORD009554,PROD0211,3,1092.8,0.05
ORD005714,PROD0107,2,416.19,0.05
ORD002959,PROD0126,2,648.87,0.05
ORD002059,PROD0016,4,2382.58,0.0
ORD006668,PROD0212,1,936.47,0.1
ORD004384,PROD0049,3,474.29,0.05
ORD008430,PROD0190,5,1494.94,0.1
ORD012453,PROD0121,3,1762.91,0.0
ORD005467,PROD0132,3,1663.98,0.1
ORD006575,PROD0098,4,1788.67,0.1
ORD007358,PROD0081,2,2207.21,0.1
ORD004795,PROD0022,1,174.42,0.05
ORD016942,PROD0028,5,740.62,0.15
ORD001424,PROD0217,3,748.27,0.0
ORD010562,PROD0263,3,754.46,0.0
ORD002626,PROD0159,4,2084.31,0.05
ORD010406,PROD0262,1,1081.48,0.2
ORD015652,PROD0214,5,285.7,0.1
ORD007062,PROD0274,2,356.93,0.05
ORD011413,PROD0284,1,1551.66,0.1
ORD007440,PROD0186,3,324.33,0.0
ORD012254,PROD0094,2,1585.84,0.05
ORD004695,PROD0185,4,592.37,0.15
ORD008746,PROD0040,5,5448.94,0.0
ORD003617,PROD0039,4,748.33,0.15
ORD016590,PROD0217,5,748.27,0.0
ORD014261,PROD0188,2,5555.06,0.1
ORD015253,PROD0230,2,1187.41,0.0
ORD005255,PROD0101,3,3596.1,0.05
ORD002032,PROD0144,4,1097.89,0.1
ORD006001,PROD0098,3,1788.67,0.05
ORD003056,PROD0163,1,703.11,0.05
ORD008718,PROD0255,3,2724.93,0.05
ORD016239,PROD0040,2,5448.94,0.05
ORD001820,PROD0016,1,2382.58,0.0
ORD004467,PROD0140,1,4498.4,0.0
ORD013215,PROD0206,3,512.36,0.1
ORD001026,PROD0048,4,2692.11,0.1
ORD006584,PROD0054,5,1149.11,0.05
ORD000320,PROD0048,5,2692.11,0.05
ORD015112,PROD0095,3,853.11,0.0
ORD002923,PROD0184,3,734.18,0.0
ORD011999,PROD0034,4,1106.13,0.15
ORD016953,PROD0110,3,2045.64,0.05
ORD015410,PROD0078,1,1498.55,0.05
ORD010726,PROD0266,3,1066.97,0.0
ORD010136,PROD0208,4,1605.39,0.0
ORD012109,PROD0061,4,1808.63,0.0
ORD011338,PROD0086,4,1292.77,0.1
ORD006952,PROD0136,4,4655.74,0.2
ORD011191,PROD0256,5,895.23,0.1
ORD008666,PROD0046,4,423.5,0.1
ORD003791,PROD0010,5,1326.68,0.05
ORD005729,PROD0030,2,1536.54,0.0
ORD010695,PROD0270,4,546.81,0.05
ORD016934,PROD0010,1,1326.68,0.2
ORD010515,PROD0261,4,1950.36,0.05
ORD015891,PROD0253,1,3782.92,0.05
ORD008673,PROD0184,3,734.18,0.0
ORD009293,PROD0094,3,1585.84,0.05
ORD010665,PROD0267,5,1411.95,0.15
ORD014483,PROD0060,1,511.57,0.15
ORD010277,PROD0196,1,624.67,0.05
ORD011817,PROD0045,3,1204.82,0.1
ORD016130,PROD0239,3,3878.85,0.05
ORD015327,PROD0177,4,1733.37,0.0
ORD002485,PROD0172,5,3513.98,0.2
ORD009765,PROD0088,1,255.81,0.1
ORD003323,PROD0037,2,1059.57,0.05
ORD009801,PROD0186,2,324.33,0.0
ORD000986,PROD0077,5,372.07,0.2
ORD001297,PROD0300,2,2550.36,0.05
ORD004595,PROD0191,3,425.27,0.1
ORD002366,PROD0038,4,1310.24,0.2
ORD014304,PROD0034,3,1106.13,0.0
ORD012426,PROD0133,3,737.29,0.0
ORD015147,PROD0262,5,1081.48,0.15
ORD016340,PROD0049,3,474.29,0.15
ORD016001,PROD0243,5,4498.92,0.1
ORD012935,PROD0066,5,705.54,0.15
ORD000975,PROD0293,1,1136.47,0.1
ORD013326,PROD0204,4,1064.24,0.05
ORD008665,PROD0124,5,7033.68,0.05
ORD014641,PROD0132,2,1663.98,0.05
ORD015673,PROD0084,2,787.16,0.05
ORD011813,PROD0287,5,1180.58,0.15
ORD003848,PROD0049,4,474.29,0.1
ORD003101,PROD0024,1,3557.69,0.05
ORD008667,PROD0058,3,5552.05,0.15
ORD015306,PROD0212,4,936.47,0.1
ORD011181,PROD0285,2,1253.77,0.0
ORD009129,PROD0296,1,605.83,0.15
ORD013518,PROD0198,3,1910.21,0.1
ORD015099,PROD0090,1,1416.42,0.2
ORD000789,PROD0041,5,566.23,0.1
ORD013061,PROD0206,4,512.36,0.1
ORD001674,PROD0285,5,1253.77,0.15
ORD017517,PROD0151,1,938.09,0.05
ORD016162,PROD0105,3,813.74,0.15
ORD011101,PROD0227,1,663.99,0.0
ORD006582,PROD0205,2,315.35,0.0
ORD000889,PROD0232,4,480.05,0.1
ORD013704,PROD0125,1,1338.46,0.1
ORD013421,PROD0078,3,1498.55,0.05
ORD012363,PROD0090,1,1416.42,0.1
ORD009612,PROD0243,2,4498.92,0.2
ORD006509,PROD0017,1,5213.81,0.1
ORD000729,PROD0093,5,2481.82,0.15
ORD008070,PROD0263,1,754.46,0.0
ORD003405,PROD0276,1,1150.97,0.1
ORD005338,PROD0143,4,2026.75,0.15
ORD015916,PROD0130,1,1402.05,0.15
ORD014580,PROD0176,5,890.34,0.0
ORD016475,PROD0251,1,1056.88,0.15
ORD016530,PROD0155,4,383.07,0.1
ORD005818,PROD0259,3,272.42,0.1
ORD015516,PROD0257,5,994.46,0.1
ORD000339,PROD0181,4,218.55,0.1
ORD011932,PROD0040,1,5448.94,0.0
ORD016535,PROD0219,1,1088.5,0.05
ORD006097,PROD0131,2,719.35,0.0
ORD011515,PROD0060,3,511.57,0.05
ORD003429,PROD0147,4,1277.67,0.15
ORD006361,PROD0262,4,1081.48,0.1
ORD014501,PROD0097,5,2244.75,0.2
ORD004668,PROD0179,2,608.27,0.2
ORD010884,PROD0078,1,1498.55,0.2
ORD008044,PROD0209,1,4636.93,0.15
ORD016597,PROD0292,2,526.18,0.05
ORD017197,PROD0020,1,2005.81,0.0
ORD006713,PROD0072,5,4756.76,0.0
ORD009259,PROD0157,1,1342.68,0.1
ORD003937,PROD0058,1,5552.05,0.2
ORD000925,PROD0259,3,272.42,0.1
ORD017603,PROD0159,3,2084.31,0.2
ORD013827,PROD0229,4,251.37,0.1
ORD008735,PROD0012,1,2384.44,0.1
ORD013523,PROD0236,2,1243.22,0.15
ORD001224,PROD0067,1,1836.4,0.05
ORD016910,PROD0048,4,2692.11,0.0
ORD002009,PROD0078,2,1498.55,0.0
ORD017475,PROD0014,1,596.75,0.0
ORD011855,PROD0019,2,2132.91,0.05
ORD012225,PROD0017,2,5213.81,0.05
ORD015789,PROD0214,2,285.7,0.15
ORD000293,PROD0149,1,231.51,0.0
ORD001655,PROD0103,5,814.61,0.0
ORD009608,PROD0012,3,2384.44,0.0
ORD017378,PROD0183,2,606.73,0.1
ORD000985,PROD0206,2,512.36,0.1
ORD015446,PROD0254,4,1021.7,0.1
ORD005946,PROD0298,5,392.05,0.0
ORD007634,PROD0266,3,1066.97,0.1
ORD014084,PROD0238,5,1179.28,0.1
ORD011621,PROD0151,1,938.09,0.0
ORD012577,PROD0038,4,1310.24,0.0
ORD002419,PROD0236,5,1243.22,0.05
ORD014077,PROD0018,2,1106.42,0.0
ORD013725,PROD0029,5,1224.14,0.0
ORD009028,PROD0198,3,1910.21,0.0
ORD009374,PROD0230,1,1187.41,0.05
ORD002852,PROD0024,5,3557.69,0.0
ORD012996,PROD0165,2,1341.44,0.2
ORD014484,PROD0019,3,2132.91,0.1
ORD003035,PROD0297,2,359.44,0.0
ORD010193,PROD0069,3,6450.78,0.05
ORD007971,PROD0286,3,722.33,0.2
ORD003806,PROD0155,4,383.07,0.0
ORD016422,PROD0175,4,2260.04,0.1
ORD016453,PROD0143,4,2026.75,0.1
ORD005019,PROD0149,5,231.51,0.1
ORD011584,PROD0098,4,1788.67,0.1
ORD001605,PROD0240,2,1736.87,0.15
ORD008729,PROD0286,2,722.33,0.15
ORD000313,PROD0133,2,737.29,0.0
ORD006215,PROD0270,4,546.81,0.15
ORD012085,PROD0292,1,526.18,0.1
ORD001037,PROD0271,2,1034.8,0.15
ORD007631,PROD0256,3,895.23,0.1
ORD001868,PROD0220,1,1249.15,0.05
ORD015943,PROD0024,2,3557.69,0.0
ORD000931,PROD0135,3,1098.25,0.1
ORD016615,PROD0074,1,701.79,0.2
ORD008954,PROD0045,4,1204.82,0.0
ORD007662,PROD0033,4,726.59,0.05
ORD012840,PROD0230,2,1187.41,0.2
ORD016075,PROD0073,2,3798.83,0.1
ORD007026,PROD0239,5,3878.85,0.1
ORD001148,PROD0231,5,1734.21,0.2
ORD017003,PROD0221,4,861.75,0.1
ORD013887,PROD0058,5,5552.05,0.05
ORD011974,PROD0157,1,1342.68,0.2
ORD011393,PROD0260,3,2453.91,0.1
ORD001690,PROD0255,1,2724.93,0.2
ORD017573,PROD0245,5,258.37,0.15
ORD009093,PROD0049,5,474.29,0.1
ORD003322,PROD0019,1,2132.91,0.1
ORD000737,PROD0112,2,3157.32,0.1
ORD017096,PROD0071,4,1519.69,0.15
ORD006250,PROD0171,1,619.82,0.05
ORD007735,PROD0263,2,754.46,0.1
ORD010875,PROD0234,1,1884.98,0.15
ORD015157,PROD0268,4,1593.82,0.1
ORD003079,PROD0143,5,2026.75,0.0
ORD005734,PROD0173,3,1893.36,0.15
ORD004401,PROD0080,2,1973.58,0.05
ORD000650,PROD0120,4,3592.34,0.0
ORD016707,PROD0202,4,1039.91,0.1
ORD000936,PROD0171,5,619.82,0.1
ORD006866,PROD0080,2,1973.58,0.05
ORD007875,PROD0247,3,1013.19,0.1
ORD006877,PROD0129,3,2715.49,0.1
ORD013462,PROD0060,2,511.57,0.1
ORD000919,PROD0013,4,2230.9,0.1
ORD006324,PROD0085,5,2361.96,0.0
ORD013908,PROD0090,1,1416.42,0.0
ORD016393,PROD0272,4,834.67,0.05
ORD012079,PROD0129,2,2715.49,0.0
ORD009317,PROD0270,5,546.81,0.0
ORD009677,PROD0148,2,2479.32,0.1
ORD010354,PROD0091,1,402.26,0.15
ORD000912,PROD0164,3,1896.67,0.1
ORD001055,PROD0058,3,5552.05,0.1
ORD013099,PROD0185,2,592.37,0.15
ORD009807,PROD0287,5,1180.58,0.1
ORD014036,PROD0070,5,2065.33,0.1
ORD012002,PROD0289,3,1376.41,0.15
ORD005350,PROD0157,4,1342.68,0.05
ORD017028,PROD0021,5,2017.39,0.05
ORD015514,PROD0281,4,5213.75,0.15
ORD007488,PROD0136,5,4655.74,0.0
ORD010197,PROD0020,4,2005.81,0.05
ORD004769,PROD0033,2,726.59,0.05
ORD014741,PROD0122,1,768.92,0.05
ORD008128,PROD0227,3,663.99,0.05
ORD016102,PROD0166,5,655.43,0.0
ORD013777,PROD0050,2,138.33,0.05
ORD001789,PROD0007,2,838.82,0.05
ORD013084,PROD0280,5,239.29,0.1
ORD003936,PROD0151,3,938.09,0.1
ORD001072,PROD0121,2,1762.91,0.05
ORD001307,PROD0148,2,2479.32,0.05
ORD016865,PROD0093,1,2481.82,0.05
ORD008677,PROD0260,1,2453.91,0.1
ORD013449,PROD0224,4,4037.97,0.1
ORD013138,PROD0037,2,1059.57,0.1
ORD010173,PROD0153,5,192.77,0.15
ORD004406,PROD0200,3,1906.63,0.15
ORD002760,PROD0098,3,1788.67,0.2
ORD002427,PROD0147,3,1277.67,0.1
ORD012156,PROD0217,5,748.27,0.15
ORD010044,PROD0116,2,435.35,0.05
ORD013973,PROD0175,3,2260.04,0.1
ORD007907,PROD0096,2,830.36,0.2
ORD013411,PROD0164,3,1896.67,0.15
ORD010752,PROD0163,1,703.11,0.1
ORD013604,PROD0288,1,1099.87,0.15
ORD017227,PROD0070,3,2065.33,0.0
ORD005954,PROD0050,1,138.33,0.0
ORD002791,PROD0207,4,4103.55,0.2
ORD003693,PROD0199,5,919.06,0.05
ORD011295,PROD0056,1,1815.37,0.05
ORD016083,PROD0211,1,1092.8,0.0
ORD004177,PROD0281,1,5213.75,0.05
ORD006301,PROD0278,5,1418.31,0.15
ORD014178,PROD0058,5,5552.05,0.05
ORD008388,PROD0016,5,2382.58,0.0
ORD004448,PROD0123,3,2787.07,0.15
ORD011168,PROD0049,5,474.29,0.15
ORD016797,PROD0219,3,1088.5,0.05
ORD000354,PROD0290,5,3732.41,0.1
ORD003531,PROD0028,1,740.62,0.1
ORD015806,PROD0142,4,536.55,0.15
ORD005193,PROD0139,3,624.58,0.2
ORD009648,PROD0007,5,838.82,0.1
ORD016467,PROD0002,2,1122.65,0.0
ORD014237,PROD0073,2,3798.83,0.05
ORD001920,PROD0291,2,859.37,0.1
ORD002615,PROD0265,5,709.86,0.0
ORD005621,PROD0163,2,703.11,0.1
ORD015347,PROD0176,2,890.34,0.15
ORD001059,PROD0047,4,743.87,0.1
ORD000739,PROD0146,3,2912.21,0.2
ORD010042,PROD0129,3,2715.49,0.2
ORD008205,PROD0001,5,2228.63,0.1
ORD000099,PROD0034,4,1106.13,0.15
ORD005979,PROD0043,3,950.69,0.05
ORD003674,PROD0228,3,1012.55,0.05
ORD013070,PROD0128,2,414.27,0.0
ORD000189,PROD0197,5,774.0,0.15
ORD006048,PROD0287,2,1180.58,0.2
ORD011404,PROD0092,4,2466.2,0.05
ORD012169,PROD0296,3,605.83,0.0
ORD012734,PROD0181,3,218.55,0.1
ORD010819,PROD0125,4,1338.46,0.05
ORD014265,PROD0136,1,4655.74,0.0
ORD017351,PROD0233,2,865.79,0.1
ORD003747,PROD0273,4,1884.45,0.1
ORD006991,PROD0280,4,239.29,0.0
ORD000444,PROD0160,2,2652.37,0.15
ORD009411,PROD0100,2,1535.02,0.05
ORD012517,PROD0093,2,2481.82,0.05
ORD004801,PROD0023,1,529.99,0.0
ORD007903,PROD0208,4,1605.39,0.0
ORD004034,PROD0122,4,768.92,0.2
ORD002540,PROD0184,1,734.18,0.05
ORD016648,PROD0004,3,1005.11,0.2
ORD009802,PROD0271,5,1034.8,0.1
ORD007060,PROD0155,1,383.07,0.0
ORD005774,PROD0251,4,1056.88,0.1
ORD003308,PROD0048,3,2692.11,0.0
ORD013266,PROD0025,3,585.99,0.15
ORD007342,PROD0170,3,1486.76,0.15
ORD017254,PROD0129,5,2715.49,0.05
ORD013543,PROD0156,5,1302.29,0.1
ORD007965,PROD0012,4,2384.44,0.1
ORD011126,PROD0003,3,2931.9,0.05
ORD012428,PROD0236,3,1243.22,0.1
ORD010451,PROD0277,2,668.68,0.0
ORD002951,PROD0248,1,581.51,0.05
ORD008544,PROD0157,1,1342.68,0.0
ORD005481,PROD0174,3,1681.39,0.0
ORD013119,PROD0299,4,3528.34,0.1
ORD007890,PROD0078,5,1498.55,0.0
ORD001717,PROD0204,4,1064.24,0.0
ORD003377,PROD0070,3,2065.33,0.1
ORD004648,PROD0184,2,734.18,0.15
ORD006733,PROD0015,2,768.6,0.1
ORD006404,PROD0182,3,1491.37,0.05
ORD003685,PROD0055,3,1758.65,0.15
ORD006233,PROD0172,4,3513.98,0.05
ORD005899,PROD0078,5,1498.55,0.0
ORD003057,PROD0249,4,4012.64,0.2
ORD012231,PROD0197,5,774.0,0.05
ORD017305,PROD0293,1,1136.47,0.15
ORD006215,PROD0170,1,1486.76,0.15
ORD005881,PROD0211,1,1092.8,0.1
ORD005482,PROD0238,2,1179.28,0.05
ORD016777,PROD0086,2,1292.77,0.15
ORD006903,PROD0199,3,919.06,0.15
ORD002467,PROD0011,1,569.66,0.2
ORD001162,PROD0216,5,2535.43,0.05
ORD012674,PROD0063,2,453.52,0.1
ORD004124,PROD0021,5,2017.39,0.15
ORD003807,PROD0171,2,619.82,0.2
ORD010539,PROD0157,2,1342.68,0.05
ORD017262,PROD0173,1,1893.36,0.0
ORD002353,PROD0007,1,838.82,0.15
ORD005330,PROD0079,2,1557.75,0.15
ORD017790,PROD0216,3,2535.43,0.2
ORD010214,PROD0204,2,1064.24,0.0
ORD011676,PROD0297,3,359.44,0.0
ORD007187,PROD0238,3,1179.28,0.05
ORD011104,PROD0282,1,1059.41,0.1
ORD000388,PROD0151,3,938.09,0.15
ORD001622,PROD0296,5,605.83,0.15
ORD005659,PROD0182,5,1491.37,0.05
ORD017453,PROD0090,1,1416.42,0.15
ORD005269,PROD0045,5,1204.82,0.1
ORD007491,PROD0133,2,737.29,0.05
ORD006260,PROD0293,5,1136.47,0.0
ORD007981,PROD0243,1,4498.92,0.1
ORD017981,PROD0151,2,938.09,0.1
ORD009400,PROD0067,2,1836.4,0.0
ORD012086,PROD0275,3,1740.08,0.2
ORD004466,PROD0032,1,1792.53,0.0
ORD000708,PROD0125,4,1338.46,0.1
ORD002402,PROD0002,4,1122.65,0.2
ORD016069,PROD0118,4,437.61,0.1
ORD001721,PROD0011,1,569.66,0.1
ORD011244,PROD0090,1,1416.42,0.0
ORD013281,PROD0149,5,231.51,0.15
ORD016183,PROD0030,5,1536.54,0.0
ORD003577,PROD0116,1,435.35,0.0
ORD012213,PROD0202,1,1039.91,0.05
ORD013757,PROD0172,2,3513.98,0.05
ORD003531,PROD0140,5,4498.4,0.05
ORD009518,PROD0050,5,138.33,0.05
ORD007568,PROD0280,5,239.29,0.05
ORD009857,PROD0191,2,425.27,0.1
ORD015466,PROD0063,4,453.52,0.2
ORD015460,PROD0019,5,2132.91,0.1
ORD002137,PROD0238,4,1179.28,0.2
ORD008997,PROD0185,3,592.37,0.0
ORD008191,PROD0278,2,1418.31,0.15
ORD006944,PROD0131,3,719.35,0.05
ORD007396,PROD0290,4,3732.41,0.0
ORD009463,PROD0119,2,1545.4,0.2
ORD000819,PROD0006,5,997.09,0.05
ORD016154,PROD0190,4,1494.94,0.1
ORD004833,PROD0297,1,359.44,0.05
ORD007420,PROD0215,4,496.9,0.0
ORD016196,PROD0206,4,512.36,0.1
ORD003925,PROD0088,4,255.81,0.05
ORD017184,PROD0105,4,813.74,0.1
ORD005776,PROD0229,5,251.37,0.2
ORD009008,PROD0190,3,1494.94,0.0
ORD004116,PROD0150,3,1469.35,0.05
ORD000911,PROD0223,2,1507.47,0.05
ORD016720,PROD0071,5,1519.69,0.1
ORD010607,PROD0229,5,251.37,0.05
ORD012826,PROD0239,4,3878.85,0.05
ORD000293,PROD0047,3,743.87,0.1
ORD002926,PROD0201,3,1107.62,0.05
ORD014103,PROD0285,5,1253.77,0.05
ORD008670,PROD0145,1,2107.82,0.0
ORD004182,PROD0088,5,255.81,0.0
ORD016125,PROD0119,4,1545.4,0.15
ORD002412,PROD0272,4,834.67,0.0
ORD004224,PROD0033,4,726.59,0.15
ORD003998,PROD0017,1,5213.81,0.1
ORD015094,PROD0225,2,670.12,0.15
ORD011613,PROD0281,1,5213.75,0.2
ORD011541,PROD0283,4,1585.65,0.0
ORD016226,PROD0060,3,511.57,0.0
ORD013285,PROD0118,5,437.61,0.1
ORD005101,PROD0192,4,2094.72,0.0
ORD000281,PROD0123,3,2787.07,0.1
ORD001469,PROD0108,1,1195.6,0.05
ORD006336,PROD0198,1,1910.21,0.15
ORD007016,PROD0068,3,2579.6,0.15
ORD004489,PROD0251,4,1056.88,0.05
ORD001137,PROD0098,1,1788.67,0.05
ORD017868,PROD0182,1,1491.37,0.05
ORD001120,PROD0210,3,539.67,0.1
ORD008633,PROD0152,2,3664.43,0.1
ORD007173,PROD0150,2,1469.35,0.1
ORD003582,PROD0089,5,390.25,0.15
ORD009457,PROD0245,4,258.37,0.1
ORD002429,PROD0103,1,814.61,0.2
ORD014800,PROD0217,1,748.27,0.1
ORD014615,PROD0249,3,4012.64,0.2
ORD008916,PROD0050,1,138.33,0.2
ORD001662,PROD0082,5,835.72,0.05
ORD005758,PROD0194,3,2044.13,0.2
ORD012810,PROD0072,2,4756.76,0.05
ORD005530,PROD0049,4,474.29,0.0
ORD000431,PROD0006,5,997.09,0.05
ORD004084,PROD0021,1,2017.39,0.0
ORD017598,PROD0007,4,838.82,0.05
ORD003864,PROD0282,3,1059.41,0.1
ORD011997,PROD0107,5,416.19,0.2
ORD008944,PROD0060,2,511.57,0.05
ORD017515,PROD0082,2,835.72,0.05
ORD011156,PROD0202,3,1039.91,0.0
ORD007248,PROD0115,3,1198.13,0.1
ORD014446,PROD0279,1,1760.62,0.05
ORD017914,PROD0262,1,1081.48,0.0
ORD008101,PROD0184,3,734.18,0.2
ORD014433,PROD0218,4,852.15,0.0
ORD017086,PROD0068,3,2579.6,0.05
ORD011149,PROD0054,3,1149.11,0.0
ORD016478,PROD0120,2,3592.34,0.05
ORD001726,PROD0133,4,737.29,0.15
ORD001945,PROD0238,2,1179.28,0.05
ORD002686,PROD0093,4,2481.82,0.05
ORD000208,PROD0011,3,569.66,0.15
ORD016437,PROD0090,5,1416.42,0.1
ORD012642,PROD0269,2,528.68,0.05
ORD003199,PROD0285,3,1253.77,0.1
ORD005244,PROD0271,1,1034.8,0.05
ORD013490,PROD0174,4,1681.39,0.1
ORD004360,PROD0072,5,4756.76,0.05
ORD000405,PROD0114,3,983.9,0.2
ORD007927,PROD0027,2,5305.88,0.0
ORD017352,PROD0197,4,774.0,0.1
ORD004102,PROD0128,1,414.27,0.05
ORD001637,PROD0175,1,2260.04,0.1
ORD002299,PROD0261,1,1950.36,0.15
ORD016582,PROD0151,5,938.09,0.1
ORD015368,PROD0038,1,1310.24,0.0
ORD004761,PROD0091,3,402.26,0.0
ORD001864,PROD0282,2,1059.41,0.0
ORD013745,PROD0247,1,1013.19,0.05
ORD010937,PROD0008,1,1428.37,0.2
ORD001919,PROD0040,3,5448.94,0.15
ORD003513,PROD0281,1,5213.75,0.15
ORD016396,PROD0200,1,1906.63,0.15
ORD006689,PROD0220,3,1249.15,0.05
ORD007289,PROD0062,2,1731.8,0.1
ORD008248,PROD0219,2,1088.5,0.0
ORD006920,PROD0265,2,709.86,0.05
ORD014843,PROD0074,3,701.79,0.1
ORD004787,PROD0186,5,324.33,0.0
ORD002054,PROD0297,2,359.44,0.05
ORD002954,PROD0117,1,1622.14,0.1
ORD007205,PROD0040,3,5448.94,0.1
ORD002959,PROD0225,2,670.12,0.1
ORD006614,PROD0248,5,581.51,0.1
ORD004603,PROD0173,5,1893.36,0.2
ORD015262,PROD0270,3,546.81,0.2
ORD015730,PROD0146,1,2912.21,0.05
ORD013883,PROD0130,3,1402.05,0.1
ORD011747,PROD0211,3,1092.8,0.1
ORD004641,PROD0157,3,1342.68,0.0
ORD002432,PROD0058,4,5552.05,0.0
ORD016498,PROD0019,2,2132.91,0.05
ORD003423,PROD0078,3,1498.55,0.05
ORD000368,PROD0293,4,1136.47,0.05
ORD017150,PROD0184,5,734.18,0.0
ORD010970,PROD0280,5,239.29,0.2
ORD008778,PROD0064,3,706.46,0.15
ORD017596,PROD0073,2,3798.83,0.0
ORD002499,PROD0193,4,3394.61,0.2
ORD015698,PROD0276,2,1150.97,0.0
ORD000632,PROD0270,1,546.81,0.0
ORD010710,PROD0052,3,1103.19,0.1
ORD007916,PROD0246,4,484.36,0.0
ORD017608,PROD0142,2,536.55,0.0
ORD004306,PROD0064,5,706.46,0.0
ORD003226,PROD0282,3,1059.41,0.2
ORD013598,PROD0044,2,2277.54,0.05
ORD015028,PROD0123,3,2787.07,0.1
ORD010440,PROD0053,3,499.98,0.1
ORD014348,PROD0102,3,1726.73,0.15
ORD006855,PROD0005,4,5350.44,0.05
ORD002035,PROD0261,1,1950.36,0.05
ORD016593,PROD0274,5,356.93,0.0
ORD016477,PROD0190,5,1494.94,0.0
ORD000855,PROD0085,2,2361.96,0.1
ORD006690,PROD0281,1,5213.75,0.2
ORD005093,PROD0254,1,1021.7,0.1
ORD007608,PROD0102,5,1726.73,0.2
ORD000663,PROD0104,5,917.71,0.2
ORD017381,PROD0170,3,1486.76,0.0
ORD014607,PROD0274,1,356.93,0.15
ORD010913,PROD0115,3,1198.13,0.05
ORD012324,PROD0112,2,3157.32,0.2
ORD002985,PROD0144,1,1097.89,0.2
ORD009268,PROD0011,5,569.66,0.0
ORD014901,PROD0191,3,425.27,0.0
ORD015008,PROD0009,5,419.4,0.0
ORD002024,PROD0060,3,511.57,0.1
ORD002394,PROD0073,2,3798.83,0.0
ORD016751,PROD0048,3,2692.11,0.0
ORD013587,PROD0191,1,425.27,0.2
ORD014279,PROD0190,2,1494.94,0.15
ORD008236,PROD0033,3,726.59,0.05
ORD011106,PROD0003,2,2931.9,0.2
ORD016822,PROD0193,4,3394.61,0.0
ORD005393,PROD0036,1,2265.4,0.0
ORD004018,PROD0112,4,3157.32,0.0
ORD014194,PROD0122,5,768.92,0.05
ORD015698,PROD0276,4,1150.97,0.15
ORD007184,PROD0024,5,3557.69,0.05
ORD012283,PROD0128,4,414.27,0.05
ORD003228,PROD0290,4,3732.41,0.05
ORD013655,PROD0105,3,813.74,0.1
ORD004248,PROD0188,2,5555.06,0.1
ORD003328,PROD0226,5,322.28,0.05
ORD017597,PROD0171,4,619.82,0.2
ORD007497,PROD0140,5,4498.4,0.0
ORD004213,PROD0215,5,496.9,0.05
ORD016323,PROD0296,4,605.83,0.1
ORD014783,PROD0190,1,1494.94,0.1
ORD008506,PROD0145,1,2107.82,0.2
ORD005426,PROD0237,1,1008.9,0.0
ORD005641,PROD0163,1,703.11,0.0
ORD011038,PROD0122,1,768.92,0.05
ORD005184,PROD0168,2,1759.17,0.05
ORD006503,PROD0074,2,701.79,0.2
ORD007935,PROD0027,4,5305.88,0.05
ORD017457,PROD0267,2,1411.95,0.05
ORD005349,PROD0064,2,706.46,0.2
ORD002103,PROD0198,5,1910.21,0.2
ORD012713,PROD0072,4,4756.76,0.15
ORD008508,PROD0143,3,2026.75,0.1
ORD010728,PROD0065,4,298.49,0.15
ORD007016,PROD0203,2,1208.94,0.1
ORD013268,PROD0239,5,3878.85,0.0
ORD017324,PROD0284,2,1551.66,0.05
ORD012621,PROD0244,3,1140.3,0.1
ORD012765,PROD0146,1,2912.21,0.15
ORD013476,PROD0012,3,2384.44,0.0
ORD010371,PROD0228,2,1012.55,0.1
ORD006696,PROD0163,2,703.11,0.2
ORD005476,PROD0094,3,1585.84,0.05
ORD008040,PROD0012,4,2384.44,0.2
ORD011069,PROD0126,3,648.87,0.05
ORD006689,PROD0193,5,3394.61,0.2
ORD008406,PROD0191,5,425.27,0.0
ORD007930,PROD0210,4,539.67,0.0
ORD000207,PROD0155,4,383.07,0.1
ORD006552,PROD0228,4,1012.55,0.2
ORD004106,PROD0021,3,2017.39,0.0
ORD000841,PROD0007,3,838.82,0.0
ORD016876,PROD0212,5,936.47,0.1
ORD015060,PROD0199,3,919.06,0.0
ORD016673,PROD0258,2,814.14,0.15
ORD005882,PROD0017,4,5213.81,0.2
ORD011441,PROD0003,1,2931.9,0.0
ORD001771,PROD0154,1,611.42,0.0
ORD012869,PROD0038,4,1310.24,0.15
ORD015294,PROD0274,4,356.93,0.2
ORD002292,PROD0197,3,774.0,0.05
ORD017005,PROD0294,2,608.79,0.05
ORD013509,PROD0148,5,2479.32,0.15
ORD014207,PROD0220,5,1249.15,0.05
ORD005107,PROD0090,2,1416.42,0.2
ORD013235,PROD0289,3,1376.41,0.15
ORD009021,PROD0152,1,3664.43,0.1
ORD004365,PROD0168,4,1759.17,0.0
ORD008775,PROD0260,3,2453.91,0.0
ORD014399,PROD0121,1,1762.91,0.2
ORD005285,PROD0079,3,1557.75,0.05
ORD011645,PROD0174,3,1681.39,0.0
ORD013706,PROD0107,4,416.19,0.1
ORD008073,PROD0211,3,1092.8,0.1
ORD000191,PROD0262,2,1081.48,0.15
ORD016021,PROD0143,3,2026.75,0.05
ORD015014,PROD0283,5,1585.65,0.05
ORD000422,PROD0223,4,1507.47,0.0
ORD014188,PROD0128,2,414.27,0.2
ORD008879,PROD0170,2,1486.76,0.1
ORD017698,PROD0184,5,734.18,0.1
ORD008254,PROD0273,5,1884.45,0.0
ORD005424,PROD0023,2,529.99,0.0
ORD004957,PROD0261,1,1950.36,0.1
ORD009453,PROD0119,5,1545.4,0.1
ORD017867,PROD0178,2,1006.65,0.05
ORD005343,PROD0092,3,2466.2,0.05
ORD005104,PROD0101,1,3596.1,0.15
ORD010971,PROD0157,5,1342.68,0.2
ORD009770,PROD0092,3,2466.2,0.15
ORD009903,PROD0033,2,726.59,0.0
ORD002063,PROD0281,5,5213.75,0.2
ORD002090,PROD0030,1,1536.54,0.05
ORD003334,PROD0165,4,1341.44,0.0
ORD010603,PROD0182,4,1491.37,0.2
ORD005157,PROD0065,3,298.49,0.15
ORD003807,PROD0238,4,1179.28,0.1
ORD007333,PROD0143,5,2026.75,0.05
ORD003250,PROD0217,4,748.27,0.1
ORD009412,PROD0212,1,936.47,0.1
ORD016210,PROD0205,4,315.35,0.2
ORD016426,PROD0175,2,2260.04,0.0
ORD002611,PROD0003,4,2931.9,0.1
ORD016590,PROD0191,2,425.27,0.05
ORD009609,PROD0054,5,1149.11,0.2
ORD012071,PROD0031,3,2790.09,0.05
ORD013022,PROD0265,1,709.86,0.1
ORD008827,PROD0155,3,383.07,0.0
ORD015071,PROD0210,4,539.67,0.2
ORD015905,PROD0287,4,1180.58,0.05
ORD004876,PROD0193,1,3394.61,0.05
ORD008340,PROD0243,4,4498.92,0.05
ORD004303,PROD0174,2,1681.39,0.1
ORD014646,PROD0170,3,1486.76,0.2
ORD006613,PROD0070,4,2065.33,0.0
ORD012772,PROD0188,5,5555.06,0.15
ORD003306,PROD0027,2,5305.88,0.1
ORD014189,PROD0069,5,6450.78,0.0
ORD001750,PROD0079,1,1557.75,0.0
ORD013318,PROD0292,5,526.18,0.0
ORD011708,PROD0179,2,608.27,0.05
ORD001800,PROD0113,4,495.12,0.15
ORD014390,PROD0019,5,2132.91,0.0
ORD002060,PROD0072,1,4756.76,0.05
ORD003180,PROD0049,4,474.29,0.0
ORD006548,PROD0187,5,2575.23,0.05
ORD012344,PROD0193,2,3394.61,0.1
ORD016192,PROD0063,2,453.52,0.05
ORD010667,PROD0202,3,1039.91,0.05
ORD007447,PROD0269,5,528.68,0.0
ORD007515,PROD0087,4,2381.84,0.05
ORD006124,PROD0066,4,705.54,0.0
ORD015167,PROD0132,2,1663.98,0.15
ORD012961,PROD0257,3,994.46,0.2
ORD002760,PROD0045,2,1204.82,0.0
ORD006293,PROD0019,3,2132.91,0.0
ORD002659,PROD0185,2,592.37,0.15
ORD000021,PROD0125,2,1338.46,0.05
ORD007748,PROD0063,4,453.52,0.0
ORD012002,PROD0009,2,419.4,0.1
ORD008897,PROD0089,5,390.25,0.1
ORD000222,PROD0068,5,2579.6,0.05
ORD007961,PROD0037,2,1059.57,0.2
ORD008612,PROD0022,1,174.42,0.0
ORD017671,PROD0076,5,1911.33,0.1
ORD015286,PROD0010,3,1326.68,0.05
ORD002327,PROD0156,3,1302.29,0.2
ORD017569,PROD0010,1,1326.68,0.15
ORD012556,PROD0237,3,1008.9,0.0
ORD015038,PROD0059,3,3884.69,0.1
ORD012027,PROD0296,1,605.83,0.2
ORD003254,PROD0098,1,1788.67,0.15
ORD010578,PROD0192,3,2094.72,0.0
ORD004508,PROD0025,5,585.99,0.1
ORD015243,PROD0300,1,2550.36,0.1
ORD012282,PROD0234,3,1884.98,0.05
ORD002601,PROD0106,4,770.07,0.05
ORD009151,PROD0286,2,722.33,0.1
ORD010995,PROD0265,2,709.86,0.2
ORD003007,PROD0216,3,2535.43,0.2
ORD005638,PROD0001,2,2228.63,0.05
ORD005877,PROD0293,4,1136.47,0.0
ORD014078,PROD0286,1,722.33,0.1
ORD004001,PROD0060,4,511.57,0.1
ORD013343,PROD0128,5,414.27,0.0
ORD005711,PROD0110,1,2045.64,0.05
ORD015638,PROD0228,1,1012.55,0.1
ORD009809,PROD0244,5,1140.3,0.0
ORD007320,PROD0103,1,814.61,0.05
ORD013834,PROD0299,2,3528.34,0.1
ORD008943,PROD0070,2,2065.33,0.15
ORD017951,PROD0027,2,5305.88,0.1
ORD009390,PROD0098,2,1788.67,0.2
ORD014783,PROD0093,2,2481.82,0.15
ORD000349,PROD0184,2,734.18,0.05
ORD017565,PROD0198,1,1910.21,0.2
ORD005946,PROD0289,3,1376.41,0.05
ORD005618,PROD0049,5,474.29,0.0
ORD010798,PROD0285,1,1253.77,0.1
ORD000969,PROD0189,5,260.5,0.2
ORD008304,PROD0071,2,1519.69,0.15
ORD014283,PROD0296,2,605.83,0.1
ORD006649,PROD0206,4,512.36,0.15
ORD005866,PROD0276,1,1150.97,0.0
ORD005709,PROD0289,1,1376.41,0.0
ORD007610,PROD0126,4,648.87,0.1
ORD012733,PROD0011,2,569.66,0.05
ORD003732,PROD0163,5,703.11,0.15
ORD000137,PROD0291,2,859.37,0.0
ORD006863,PROD0027,2,5305.88,0.05
ORD015485,PROD0270,4,546.81,0.1
ORD001864,PROD0195,5,525.15,0.0
ORD001344,PROD0244,2,1140.3,0.05
ORD005358,PROD0149,2,231.51,0.15
ORD003050,PROD0056,4,1815.37,0.0
ORD012959,PROD0223,3,1507.47,0.2
ORD016171,PROD0089,2,390.25,0.1
ORD016218,PROD0258,4,814.14,0.1
ORD000236,PROD0170,1,1486.76,0.0
ORD000703,PROD0053,5,499.98,0.05
ORD014848,PROD0075,4,993.75,0.15
ORD005145,PROD0177,1,1733.37,0.15
ORD017694,PROD0172,4,3513.98,0.2
ORD012331,PROD0204,2,1064.24,0.1
ORD008010,PROD0250,5,468.3,0.05
ORD011052,PROD0152,3,3664.43,0.15
ORD000733,PROD0075,5,993.75,0.05
ORD009864,PROD0113,2,495.12,0.0
ORD003046,PROD0113,1,495.12,0.0
ORD006862,PROD0224,2,4037.97,0.05
ORD015523,PROD0115,1,1198.13,0.0
ORD003862,PROD0232,2,480.05,0.2
ORD011950,PROD0172,4,3513.98,0.1
ORD017912,PROD0022,1,174.42,0.0
ORD005055,PROD0075,1,993.75,0.1
ORD015169,PROD0047,1,743.87,0.15
ORD000540,PROD0100,2,1535.02,0.0
ORD011937,PROD0100,2,1535.02,0.1
ORD007748,PROD0132,5,1663.98,0.1
ORD001771,PROD0238,4,1179.28,0.0
ORD011152,PROD0086,3,1292.77,0.0
ORD005655,PROD0166,3,655.43,0.15
ORD004360,PROD0144,2,1097.89,0.1
ORD009061,PROD0214,2,285.7,0.15
ORD001386,PROD0225,1,670.12,0.0
ORD001771,PROD0127,5,1166.2,0.1
ORD003303,PROD0266,5,1066.97,0.05
ORD007197,PROD0082,4,835.72,0.0
ORD001666,PROD0163,5,703.11,0.05
ORD005716,PROD0097,1,2244.75,0.0
ORD003166,PROD0038,4,1310.24,0.0
ORD015735,PROD0267,4,1411.95,0.05
ORD006849,PROD0114,1,983.9,0.05
ORD003866,PROD0296,3,605.83,0.1
ORD015441,PROD0181,3,218.55,0.0
ORD000534,PROD0242,5,1251.99,0.05
ORD005664,PROD0031,4,2790.09,0.15
ORD008342,PROD0104,5,917.71,0.15
ORD005398,PROD0165,3,1341.44,0.05
ORD017434,PROD0272,2,834.67,0.15
ORD007133,PROD0263,3,754.46,0.0
ORD013032,PROD0161,5,1467.22,0.0
ORD017398,PROD0295,4,450.65,0.0
ORD004733,PROD0163,2,703.11,0.15
ORD012588,PROD0082,4,835.72,0.1
ORD016214,PROD0046,2,423.5,0.15
ORD008081,PROD0298,2,392.05,0.05
ORD011981,PROD0195,2,525.15,0.0
ORD001192,PROD0121,4,1762.91,0.05
ORD001959,PROD0099,2,550.57,0.0
ORD001063,PROD0297,5,359.44,0.05
ORD013095,PROD0068,3,2579.6,0.0
ORD001387,PROD0255,1,2724.93,0.2
ORD017224,PROD0202,4,1039.91,0.2
ORD007741,PROD0252,1,1091.64,0.05
ORD004337,PROD0158,5,1130.19,0.15
ORD001301,PROD0093,4,2481.82,0.15
ORD008830,PROD0250,5,468.3,0.05
ORD013131,PROD0063,2,453.52,0.1
ORD000978,PROD0161,5,1467.22,0.1
ORD014247,PROD0265,3,709.86,0.0
ORD009765,PROD0015,3,768.6,0.0
ORD002763,PROD0009,3,419.4,0.05
ORD007133,PROD0207,1,4103.55,0.1
ORD000191,PROD0091,4,402.26,0.05
ORD011786,PROD0257,2,994.46,0.15
ORD016875,PROD0296,4,605.83,0.1
ORD015518,PROD0202,1,1039.91,0.0
ORD004961,PROD0291,4,859.37,0.2
ORD006669,PROD0090,5,1416.42,0.15
ORD004476,PROD0009,4,419.4,0.2
ORD017937,PROD0050,5,138.33,0.0
ORD005134,PROD0291,4,859.37,0.0
ORD011387,PROD0036,1,2265.4,0.2
ORD009202,PROD0169,1,2484.01,0.1
ORD003272,PROD0073,4,3798.83,0.05
ORD016191,PROD0111,4,843.13,0.1
ORD009851,PROD0022,2,174.42,0.05
ORD004164,PROD0008,2,1428.37,0.1
ORD016874,PROD0117,1,1622.14,0.15
ORD014464,PROD0097,2,2244.75,0.1
ORD015190,PROD0154,3,611.42,0.2
ORD013870,PROD0122,4,768.92,0.0
ORD004196,PROD0089,2,390.25,0.1
ORD010886,PROD0223,3,1507.47,0.0
ORD011193,PROD0082,3,835.72,0.0
ORD012813,PROD0160,5,2652.37,0.0
ORD002252,PROD0142,2,536.55,0.1
ORD003008,PROD0174,4,1681.39,0.2
ORD011619,PROD0191,4,425.27,0.1
ORD004587,PROD0037,3,1059.57,0.0
ORD017966,PROD0071,2,1519.69,0.15
ORD010738,PROD0179,5,608.27,0.1
ORD009542,PROD0275,1,1740.08,0.0
ORD015679,PROD0246,2,484.36,0.05
ORD010407,PROD0017,1,5213.81,0.0
ORD015381,PROD0086,4,1292.77,0.05
ORD006518,PROD0232,4,480.05,0.1
ORD012040,PROD0099,3,550.57,0.15
ORD000718,PROD0074,4,701.79,0.15
ORD000692,PROD0105,1,813.74,0.1
ORD000440,PROD0002,3,1122.65,0.05
ORD000234,PROD0053,1,499.98,0.2
ORD010288,PROD0156,5,1302.29,0.15
ORD005706,PROD0209,4,4636.93,0.1
ORD014131,PROD0225,1,670.12,0.1
ORD000279,PROD0077,4,372.07,0.1
ORD010009,PROD0251,4,1056.88,0.1
ORD005527,PROD0221,4,861.75,0.2
ORD010811,PROD0102,2,1726.73,0.0
ORD003143,PROD0262,5,1081.48,0.05
ORD001653,PROD0184,4,734.18,0.1
ORD017878,PROD0211,1,1092.8,0.1
ORD009853,PROD0242,4,1251.99,0.2
ORD008026,PROD0212,5,936.47,0.05
ORD014118,PROD0123,1,2787.07,0.0
ORD016849,PROD0097,1,2244.75,0.0
ORD011528,PROD0278,2,1418.31,0.05
ORD001615,PROD0008,1,1428.37,0.15
ORD017614,PROD0258,4,814.14,0.0
ORD017655,PROD0063,2,453.52,0.15
ORD000961,PROD0276,3,1150.97,0.15
ORD013071,PROD0030,2,1536.54,0.0
ORD004649,PROD0160,2,2652.37,0.1
ORD003286,PROD0159,3,2084.31,0.1
ORD011719,PROD0075,1,993.75,0.0
ORD008517,PROD0077,1,372.07,0.1
ORD002571,PROD0196,1,624.67,0.0
ORD014079,PROD0226,2,322.28,0.0
ORD008717,PROD0150,3,1469.35,0.1
ORD003370,PROD0040,2,5448.94,0.0
ORD015978,PROD0211,3,1092.8,0.1
ORD008444,PROD0222,4,803.44,0.1
ORD015293,PROD0196,4,624.67,0.1
ORD007075,PROD0227,2,663.99,0.0
ORD004554,PROD0243,5,4498.92,0.05
ORD010275,PROD0153,1,192.77,0.05
ORD006807,PROD0275,2,1740.08,0.1
ORD015059,PROD0099,4,550.57,0.1
ORD008225,PROD0194,3,2044.13,0.05
ORD017234,PROD0019,2,2132.91,0.05
ORD004110,PROD0163,1,703.11,0.0
ORD011126,PROD0131,3,719.35,0.15
ORD005730,PROD0152,4,3664.43,0.0
ORD013639,PROD0117,5,1622.14,0.0
ORD012617,PROD0131,2,719.35,0.15
ORD008232,PROD0125,4,1338.46,0.2
ORD007037,PROD0262,4,1081.48,0.0
ORD013304,PROD0289,2,1376.41,0.05
ORD002061,PROD0027,4,5305.88,0.0
ORD011753,PROD0287,1,1180.58,0.2
ORD017865,PROD0139,2,624.58,0.1
ORD006770,PROD0223,5,1507.47,0.15
ORD013647,PROD0047,2,743.87,0.1
ORD014664,PROD0219,1,1088.5,0.1
ORD007277,PROD0138,2,2041.26,0.05
ORD004525,PROD0236,3,1243.22,0.05
ORD012840,PROD0113,1,495.12,0.1
ORD013993,PROD0220,4,1249.15,0.1
ORD009822,PROD0241,3,215.23,0.15
ORD017217,PROD0071,2,1519.69,0.1
ORD008675,PROD0132,1,1663.98,0.2
ORD006632,PROD0150,2,1469.35,0.0
ORD011949,PROD0252,4,1091.64,0.05
ORD008439,PROD0204,1,1064.24,0.0
ORD005847,PROD0202,5,1039.91,0.0
ORD009273,PROD0146,5,2912.21,0.1
ORD012328,PROD0204,4,1064.24,0.05
ORD012496,PROD0291,5,859.37,0.1
ORD009539,PROD0287,3,1180.58,0.1
ORD016952,PROD0092,2,2466.2,0.1
ORD012097,PROD0101,2,3596.1,0.05
ORD005875,PROD0003,4,2931.9,0.0
ORD002195,PROD0198,3,1910.21,0.1
ORD000402,PROD0043,1,950.69,0.1
ORD008481,PROD0247,3,1013.19,0.2
ORD006322,PROD0290,3,3732.41,0.05
ORD013192,PROD0075,4,993.75,0.15
ORD001394,PROD0205,1,315.35,0.0
ORD006736,PROD0249,1,4012.64,0.0
ORD000890,PROD0281,4,5213.75,0.1
ORD005161,PROD0263,4,754.46,0.0
ORD005619,PROD0091,2,402.26,0.05
ORD009731,PROD0161,3,1467.22,0.15
ORD001926,PROD0022,1,174.42,0.1
ORD006309,PROD0291,3,859.37,0.15
ORD007798,PROD0214,2,285.7,0.05
ORD007290,PROD0117,3,1622.14,0.1
ORD006220,PROD0123,1,2787.07,0.05
ORD006861,PROD0060,2,511.57,0.0
ORD014084,PROD0238,3,1179.28,0.0
ORD015867,PROD0176,4,890.34,0.2
ORD017851,PROD0255,2,2724.93,0.1
ORD017012,PROD0263,3,754.46,0.0
ORD014684,PROD0220,3,1249.15,0.0
ORD011437,PROD0211,4,1092.8,0.1
ORD012207,PROD0070,5,2065.33,0.1
ORD017938,PROD0175,5,2260.04,0.15
ORD002611,PROD0222,5,803.44,0.15
ORD014645,PROD0291,1,859.37,0.0
ORD016328,PROD0035,2,914.62,0.0
ORD011146,PROD0075,5,993.75,0.05
ORD003989,PROD0175,4,2260.04,0.15
ORD016701,PROD0215,2,496.9,0.0
ORD014195,PROD0211,4,1092.8,0.15
ORD005961,PROD0038,1,1310.24,0.0
ORD007266,PROD0238,4,1179.28,0.15
ORD011211,PROD0082,1,835.72,0.0
ORD016422,PROD0154,4,611.42,0.2
ORD007531,PROD0089,2,390.25,0.1
ORD011726,PROD0024,5,3557.69,0.1
ORD003371,PROD0199,2,919.06,0.2
ORD006141,PROD0211,5,1092.8,0.1
ORD003717,PROD0113,3,495.12,0.1
ORD013755,PROD0071,2,1519.69,0.2
ORD002458,PROD0193,5,3394.61,0.15
ORD001657,PROD0139,5,624.58,0.15
ORD004207,PROD0244,2,1140.3,0.05
ORD002888,PROD0164,1,1896.67,0.0
ORD008821,PROD0093,5,2481.82,0.1
ORD012163,PROD0296,2,605.83,0.1
ORD017609,PROD0268,3,1593.82,0.0
ORD014631,PROD0076,5,1911.33,0.05
ORD013075,PROD0197,1,774.0,0.05
ORD004342,PROD0129,4,2715.49,0.05
ORD003302,PROD0055,5,1758.65,0.1
ORD015910,PROD0115,2,1198.13,0.15
ORD012240,PROD0236,2,1243.22,0.2
ORD006461,PROD0112,5,3157.32,0.1
ORD001608,PROD0213,1,475.42,0.15
ORD008410,PROD0006,4,997.09,0.05
ORD003134,PROD0003,2,2931.9,0.0
ORD015967,PROD0174,2,1681.39,0.1
ORD010733,PROD0009,3,419.4,0.05
ORD013429,PROD0048,2,2692.11,0.1
ORD013919,PROD0001,5,2228.63,0.05
ORD002559,PROD0297,2,359.44,0.0
ORD008775,PROD0027,3,5305.88,0.05
ORD008251,PROD0168,5,1759.17,0.1
ORD004530,PROD0112,5,3157.32,0.1
ORD010333,PROD0021,2,2017.39,0.1
ORD001199,PROD0168,4,1759.17,0.1
ORD005346,PROD0032,1,1792.53,0.0
ORD011389,PROD0249,3,4012.64,0.1
ORD004318,PROD0077,3,372.07,0.2
ORD008013,PROD0257,1,994.46,0.1
ORD010630,PROD0258,3,814.14,0.15
ORD001554,PROD0077,5,372.07,0.0
ORD007427,PROD0176,4,890.34,0.05
ORD002538,PROD0101,3,3596.1,0.05
ORD000765,PROD0260,2,2453.91,0.2
ORD000041,PROD0123,2,2787.07,0.05
ORD011376,PROD0009,2,419.4,0.2
ORD009259,PROD0102,1,1726.73,0.0
ORD007766,PROD0178,1,1006.65,0.1
ORD009562,PROD0162,5,377.71,0.0
ORD001899,PROD0104,2,917.71,0.0
ORD013513,PROD0030,4,1536.54,0.0
ORD001649,PROD0080,2,1973.58,0.05
ORD005637,PROD0192,4,2094.72,0.05
ORD010266,PROD0277,3,668.68,0.05
ORD015694,PROD0067,4,1836.4,0.0
ORD006272,PROD0168,5,1759.17,0.0
ORD004690,PROD0188,3,5555.06,0.15
ORD002618,PROD0300,2,2550.36,0.05
ORD009952,PROD0150,1,1469.35,0.0
ORD014249,PROD0218,4,852.15,0.0
ORD007309,PROD0253,3,3782.92,0.15
ORD011039,PROD0270,1,546.81,0.0
ORD006029,PROD0125,2,1338.46,0.1
ORD013314,PROD0127,2,1166.2,0.05
ORD008021,PROD0069,5,6450.78,0.1
ORD016753,PROD0111,2,843.13,0.05
ORD016538,PROD0171,1,619.82,0.1
ORD009035,PROD0274,4,356.93,0.2
ORD012094,PROD0217,2,748.27,0.05
ORD007993,PROD0073,2,3798.83,0.05
ORD008568,PROD0258,5,814.14,0.15
ORD005611,PROD0110,3,2045.64,0.2
ORD010898,PROD0227,5,663.99,0.15
ORD002759,PROD0288,4,1099.87,0.2
ORD004545,PROD0092,5,2466.2,0.1
ORD004174,PROD0058,1,5552.05,0.0
ORD009914,PROD0075,3,993.75,0.0
ORD009820,PROD0188,1,5555.06,0.0
ORD014399,PROD0144,3,1097.89,0.0
ORD000013,PROD0160,5,2652.37,0.05
ORD009908,PROD0193,5,3394.61,0.0
ORD017615,PROD0163,2,703.11,0.1
ORD015021,PROD0105,2,813.74,0.1
ORD003927,PROD0167,3,2511.68,0.05
ORD016951,PROD0276,5,1150.97,0.1
ORD011573,PROD0284,5,1551.66,0.0
ORD016885,PROD0190,4,1494.94,0.1
ORD004230,PROD0294,4,608.79,0.1
ORD012520,PROD0094,4,1585.84,0.1
ORD016619,PROD0020,4,2005.81,0.2
ORD006265,PROD0272,5,834.67,0.15
ORD010876,PROD0277,2,668.68,0.05
ORD011943,PROD0186,4,324.33,0.05
ORD007641,PROD0193,5,3394.61,0.0
ORD016935,PROD0114,3,983.9,0.1
ORD013056,PROD0145,1,2107.82,0.0
ORD013654,PROD0036,4,2265.4,0.1
ORD014146,PROD0049,5,474.29,0.0
ORD006458,PROD0066,3,705.54,0.15
ORD012454,PROD0261,3,1950.36,0.1
ORD001733,PROD0187,5,2575.23,0.0
ORD006691,PROD0169,4,2484.01,0.2
ORD004825,PROD0187,3,2575.23,0.0
ORD009692,PROD0252,3,1091.64,0.2
ORD007477,PROD0021,2,2017.39,0.15
ORD001678,PROD0117,1,1622.14,0.0
ORD013115,PROD0154,3,611.42,0.1
ORD005661,PROD0060,2,511.57,0.2
ORD006756,PROD0189,1,260.5,0.05
ORD003863,PROD0026,3,926.18,0.05
ORD007149,PROD0041,3,566.23,0.0
ORD007745,PROD0048,5,2692.11,0.1
ORD015463,PROD0185,5,592.37,0.1
ORD000006,PROD0037,1,1059.57,0.15
ORD009547,PROD0296,3,605.83,0.0
ORD013243,PROD0217,5,748.27,0.05
ORD012015,PROD0138,3,2041.26,0.15
ORD012119,PROD0160,4,2652.37,0.1
ORD002871,PROD0029,5,1224.14,0.0
ORD014129,PROD0263,1,754.46,0.0
ORD011612,PROD0099,4,550.57,0.0
ORD017063,PROD0082,1,835.72,0.0
ORD007302,PROD0026,2,926.18,0.15
ORD013600,PROD0098,4,1788.67,0.0
ORD009675,PROD0194,2,2044.13,0.0
ORD007592,PROD0190,4,1494.94,0.05
ORD017147,PROD0049,5,474.29,0.05
ORD013188,PROD0090,1,1416.42,0.15
ORD015993,PROD0192,5,2094.72,0.1
ORD010203,PROD0055,2,1758.65,0.05
ORD000941,PROD0034,3,1106.13,0.05
ORD010065,PROD0255,1,2724.93,0.05
ORD007205,PROD0233,3,865.79,0.0
ORD004332,PROD0056,2,1815.37,0.0
ORD007423,PROD0230,5,1187.41,0.15
ORD003265,PROD0221,1,861.75,0.2
ORD005485,PROD0024,3,3557.69,0.0
ORD000105,PROD0132,2,1663.98,0.1
ORD002033,PROD0144,1,1097.89,0.0
ORD012299,PROD0233,3,865.79,0.0
ORD014413,PROD0026,2,926.18,0.1
ORD008300,PROD0233,1,865.79,0.05
ORD005582,PROD0190,5,1494.94,0.0
ORD010872,PROD0160,2,2652.37,0.0
ORD003579,PROD0187,2,2575.23,0.15
ORD002059,PROD0270,1,546.81,0.0
ORD003052,PROD0147,5,1277.67,0.0
ORD003509,PROD0048,1,2692.11,0.0
ORD008722,PROD0146,4,2912.21,0.15
ORD010620,PROD0120,4,3592.34,0.0
ORD008741,PROD0185,4,592.37,0.0
ORD017513,PROD0225,4,670.12,0.15
ORD010058,PROD0190,1,1494.94,0.15
ORD014118,PROD0184,3,734.18,0.0
ORD009160,PROD0072,3,4756.76,0.0
ORD013314,PROD0101,5,3596.1,0.15
ORD011674,PROD0153,1,192.77,0.05
ORD004835,PROD0174,5,1681.39,0.0
ORD004415,PROD0242,2,1251.99,0.1
ORD004655,PROD0196,1,624.67,0.15
ORD004569,PROD0235,2,1069.09,0.05
ORD003260,PROD0177,5,1733.37,0.05
ORD005738,PROD0149,3,231.51,0.15
ORD006538,PROD0246,1,484.36,0.1
ORD009045,PROD0142,2,536.55,0.1
ORD013288,PROD0141,2,526.7,0.15
ORD013511,PROD0290,4,3732.41,0.2
ORD004098,PROD0097,5,2244.75,0.2
ORD017314,PROD0300,5,2550.36,0.05
ORD013944,PROD0273,1,1884.45,0.0
ORD005435,PROD0069,3,6450.78,0.05
ORD000408,PROD0021,3,2017.39,0.15
ORD005594,PROD0208,2,1605.39,0.1
ORD008349,PROD0018,5,1106.42,0.0
ORD015239,PROD0196,5,624.67,0.0
ORD005633,PROD0061,1,1808.63,0.05
ORD015747,PROD0243,4,4498.92,0.0
ORD016691,PROD0102,2,1726.73,0.15
ORD010889,PROD0289,4,1376.41,0.05
ORD012097,PROD0096,5,830.36,0.1
ORD013931,PROD0114,2,983.9,0.05
ORD008350,PROD0267,2,1411.95,0.15
ORD013726,PROD0151,2,938.09,0.15
ORD004817,PROD0002,2,1122.65,0.0
ORD002948,PROD0156,5,1302.29,0.1
ORD007360,PROD0240,3,1736.87,0.05
ORD013309,PROD0090,4,1416.42,0.05
ORD014701,PROD0278,2,1418.31,0.1
ORD001753,PROD0122,3,768.92,0.0
ORD004273,PROD0052,2,1103.19,0.0
ORD003795,PROD0133,4,737.29,0.0
ORD004051,PROD0245,2,258.37,0.0
ORD004721,PROD0198,4,1910.21,0.0
ORD005514,PROD0039,5,748.33,0.1
ORD009554,PROD0163,1,703.11,0.0
ORD000971,PROD0142,1,536.55,0.0
ORD000856,PROD0082,2,835.72,0.05
ORD000987,PROD0110,1,2045.64,0.0
ORD009422,PROD0014,5,596.75,0.05
ORD011062,PROD0040,3,5448.94,0.1
ORD007471,PROD0003,2,2931.9,0.1
ORD008424,PROD0270,5,546.81,0.05
ORD016257,PROD0060,2,511.57,0.1
ORD017438,PROD0152,3,3664.43,0.15
ORD007820,PROD0260,5,2453.91,0.05
ORD016314,PROD0284,1,1551.66,0.0
ORD010060,PROD0240,5,1736.87,0.0
ORD000230,PROD0202,1,1039.91,0.05
ORD016185,PROD0084,5,787.16,0.0
ORD015995,PROD0112,1,3157.32,0.1
ORD012229,PROD0242,4,1251.99,0.1
ORD001328,PROD0065,2,298.49,0.1
ORD008658,PROD0216,3,2535.43,0.0
ORD008722,PROD0157,1,1342.68,0.15
ORD012055,PROD0007,1,838.82,0.05
ORD004785,PROD0013,4,2230.9,0.15
ORD016642,PROD0139,1,624.58,0.1
ORD014397,PROD0143,3,2026.75,0.05
ORD006155,PROD0255,5,2724.93,0.1
ORD001047,PROD0299,4,3528.34,0.05
ORD008637,PROD0218,5,852.15,0.0
ORD008938,PROD0174,2,1681.39,0.15
ORD006754,PROD0197,4,774.0,0.05
ORD002508,PROD0274,1,356.93,0.1
ORD000138,PROD0123,5,2787.07,0.05
ORD002290,PROD0131,5,719.35,0.05
ORD014404,PROD0114,2,983.9,0.1
ORD012703,PROD0192,3,2094.72,0.05
ORD003371,PROD0213,5,475.42,0.05
ORD013546,PROD0029,3,1224.14,0.1
ORD014769,PROD0020,5,2005.81,0.05
ORD002019,PROD0122,2,768.92,0.1
ORD009674,PROD0199,5,919.06,0.0
ORD015147,PROD0209,3,4636.93,0.1
ORD012179,PROD0144,4,1097.89,0.0
ORD009512,PROD0089,1,390.25,0.15
ORD006757,PROD0279,5,1760.62,0.05
ORD002289,PROD0171,4,619.82,0.15
ORD014151,PROD0036,2,2265.4,0.1
ORD005114,PROD0216,2,2535.43,0.0
ORD003318,PROD0267,3,1411.95,0.05
ORD003558,PROD0002,5,1122.65,0.15
ORD000746,PROD0228,1,1012.55,0.05
ORD008349,PROD0224,3,4037.97,0.05
ORD010727,PROD0086,5,1292.77,0.0
ORD017111,PROD0175,2,2260.04,0.15
ORD004764,PROD0141,3,526.7,0.2
ORD014673,PROD0187,4,2575.23,0.05
ORD014623,PROD0258,5,814.14,0.15
ORD001413,PROD0015,5,768.6,0.1
ORD002003,PROD0206,5,512.36,0.15
ORD003062,PROD0278,3,1418.31,0.05
ORD008112,PROD0126,3,648.87,0.2
ORD001137,PROD0201,5,1107.62,0.15
ORD008506,PROD0025,5,585.99,0.1
ORD002895,PROD0212,2,936.47,0.0
ORD004502,PROD0250,1,468.3,0.1
ORD009991,PROD0271,2,1034.8,0.2
ORD015911,PROD0238,1,1179.28,0.1
ORD002064,PROD0058,2,5552.05,0.1
ORD004567,PROD0281,3,5213.75,0.05
ORD001208,PROD0243,1,4498.92,0.15
ORD012067,PROD0129,2,2715.49,0.1
ORD005209,PROD0134,1,938.67,0.15
ORD009047,PROD0100,1,1535.02,0.1
ORD015780,PROD0124,5,7033.68,0.1
ORD008837,PROD0201,2,1107.62,0.0
ORD004399,PROD0055,5,1758.65,0.0
ORD006395,PROD0095,3,853.11,0.05
ORD005391,PROD0099,2,550.57,0.05
ORD017476,PROD0258,5,814.14,0.1
ORD013647,PROD0282,2,1059.41,0.0
ORD000964,PROD0123,1,2787.07,0.1
ORD011460,PROD0235,4,1069.09,0.05
ORD005147,PROD0282,1,1059.41,0.0
ORD017346,PROD0298,1,392.05,0.05
ORD008544,PROD0019,3,2132.91,0.15
ORD002580,PROD0134,3,938.67,0.05
ORD015632,PROD0043,3,950.69,0.0
ORD006528,PROD0206,5,512.36,0.15
ORD002141,PROD0041,1,566.23,0.0
ORD002078,PROD0171,4,619.82,0.05
ORD003074,PROD0164,5,1896.67,0.1
ORD010308,PROD0127,2,1166.2,0.15
ORD006585,PROD0036,2,2265.4,0.2
ORD006476,PROD0142,4,536.55,0.0
ORD002690,PROD0100,3,1535.02,0.0
ORD001896,PROD0201,4,1107.62,0.15
ORD012185,PROD0198,5,1910.21,0.0
ORD010821,PROD0215,4,496.9,0.05
ORD015535,PROD0288,5,1099.87,0.05
ORD006344,PROD0079,3,1557.75,0.1
ORD002656,PROD0178,2,1006.65,0.15
ORD013334,PROD0297,2,359.44,0.0
ORD011558,PROD0058,3,5552.05,0.0
ORD003384,PROD0059,3,3884.69,0.1
ORD014669,PROD0008,2,1428.37,0.1
ORD010340,PROD0037,4,1059.57,0.0
ORD010516,PROD0059,2,3884.69,0.1
ORD017094,PROD0228,4,1012.55,0.05
ORD015483,PROD0247,1,1013.19,0.15
ORD001014,PROD0159,3,2084.31,0.0
ORD015772,PROD0027,1,5305.88,0.05
ORD007634,PROD0277,5,668.68,0.05
ORD002736,PROD0092,5,2466.2,0.05
ORD010804,PROD0224,5,4037.97,0.15
ORD009824,PROD0008,4,1428.37,0.2
ORD000510,PROD0038,5,1310.24,0.15
ORD011637,PROD0275,2,1740.08,0.15
ORD006176,PROD0212,4,936.47,0.1
ORD014917,PROD0076,3,1911.33,0.1
ORD014425,PROD0032,5,1792.53,0.0
ORD001489,PROD0042,4,5997.9,0.05
ORD002891,PROD0061,5,1808.63,0.1
ORD004939,PROD0039,5,748.33,0.15
ORD001616,PROD0235,4,1069.09,0.0
ORD010499,PROD0028,4,740.62,0.15
ORD008385,PROD0292,4,526.18,0.05
ORD000584,PROD0268,2,1593.82,0.15
ORD015825,PROD0183,3,606.73,0.05
ORD000093,PROD0011,1,569.66,0.0
ORD010594,PROD0114,3,983.9,0.1
ORD013054,PROD0295,2,450.65,0.1
ORD006364,PROD0001,2,2228.63,0.15
ORD003196,PROD0010,2,1326.68,0.15
ORD012126,PROD0095,3,853.11,0.1
ORD009394,PROD0292,2,526.18,0.0
ORD010143,PROD0118,2,437.61,0.0
ORD008399,PROD0114,2,983.9,0.0
ORD015335,PROD0228,4,1012.55,0.15
ORD005017,PROD0158,3,1130.19,0.15
ORD004373,PROD0166,3,655.43,0.0
ORD000532,PROD0277,5,668.68,0.15
ORD017803,PROD0116,1,435.35,0.0
ORD007080,PROD0076,2,1911.33,0.0
ORD010156,PROD0125,1,1338.46,0.0
ORD005511,PROD0155,5,383.07,0.0
ORD013781,PROD0099,2,550.57,0.0
ORD012718,PROD0114,1,983.9,0.0
ORD010699,PROD0076,5,1911.33,0.1
ORD014941,PROD0199,4,919.06,0.0
ORD017834,PROD0201,4,1107.62,0.1
ORD016458,PROD0186,5,324.33,0.1
ORD008869,PROD0206,4,512.36,0.05
ORD017697,PROD0033,3,726.59,0.05
ORD002524,PROD0267,2,1411.95,0.0
ORD004404,PROD0150,5,1469.35,0.05
ORD011172,PROD0279,3,1760.62,0.0
ORD004752,PROD0089,1,390.25,0.05
ORD005625,PROD0165,2,1341.44,0.2
ORD015133,PROD0178,2,1006.65,0.0
ORD014983,PROD0205,1,315.35,0.15
ORD001388,PROD0215,2,496.9,0.0
ORD012932,PROD0187,5,2575.23,0.1
ORD012889,PROD0209,3,4636.93,0.2
ORD008391,PROD0244,1,1140.3,0.2
ORD002207,PROD0117,2,1622.14,0.0
ORD006527,PROD0048,1,2692.11,0.05
ORD014634,PROD0102,2,1726.73,0.0
ORD002783,PROD0129,3,2715.49,0.0
ORD002130,PROD0206,3,512.36,0.05
ORD002537,PROD0043,5,950.69,0.1
ORD013366,PROD0047,5,743.87,0.2
ORD009474,PROD0286,5,722.33,0.15
ORD006119,PROD0217,5,748.27,0.2
ORD011266,PROD0116,4,435.35,0.2
ORD016360,PROD0160,5,2652.37,0.0
ORD006896,PROD0112,5,3157.32,0.15
ORD012183,PROD0216,5,2535.43,0.0
ORD017680,PROD0032,3,1792.53,0.0
ORD016629,PROD0014,5,596.75,0.1
ORD014925,PROD0263,4,754.46,0.1
ORD008647,PROD0221,3,861.75,0.1
ORD016315,PROD0189,4,260.5,0.15
ORD002842,PROD0082,1,835.72,0.0
ORD005932,PROD0282,5,1059.41,0.05
ORD008685,PROD0169,2,2484.01,0.0
ORD016852,PROD0055,1,1758.65,0.15
ORD008406,PROD0078,2,1498.55,0.15
ORD016698,PROD0024,1,3557.69,0.05
ORD017063,PROD0246,1,484.36,0.1
ORD003046,PROD0265,5,709.86,0.2
ORD017470,PROD0167,3,2511.68,0.0
ORD003775,PROD0077,2,372.07,0.1
ORD006352,PROD0063,4,453.52,0.05
ORD016219,PROD0008,3,1428.37,0.2
ORD002876,PROD0079,4,1557.75,0.05
ORD017725,PROD0167,1,2511.68,0.0
ORD008506,PROD0283,5,1585.65,0.1
ORD017990,PROD0172,3,3513.98,0.0
ORD007156,PROD0170,3,1486.76,0.15
ORD000900,PROD0236,1,1243.22,0.0
ORD006578,PROD0041,4,566.23,0.0
ORD007426,PROD0222,4,803.44,0.1
ORD004805,PROD0181,5,218.55,0.15
ORD008513,PROD0026,4,926.18,0.0
ORD009750,PROD0211,4,1092.8,0.05
ORD007247,PROD0283,3,1585.65,0.0
ORD011988,PROD0133,3,737.29,0.05
ORD014482,PROD0235,2,1069.09,0.1
ORD013774,PROD0246,1,484.36,0.05
ORD008369,PROD0231,1,1734.21,0.05
ORD016240,PROD0289,4,1376.41,0.0
ORD009223,PROD0248,5,581.51,0.15
ORD007086,PROD0298,5,392.05,0.15
ORD005222,PROD0179,1,608.27,0.05
ORD006074,PROD0175,2,2260.04,0.05
ORD003009,PROD0048,3,2692.11,0.15
ORD004790,PROD0087,2,2381.84,0.1
ORD000867,PROD0022,2,174.42,0.1
ORD000730,PROD0194,4,2044.13,0.05
ORD004554,PROD0166,3,655.43,0.0
ORD009076,PROD0225,5,670.12,0.0
ORD009875,PROD0193,3,3394.61,0.0
ORD004455,PROD0136,5,4655.74,0.05
ORD009782,PROD0211,1,1092.8,0.2
ORD003603,PROD0192,1,2094.72,0.15
ORD013498,PROD0156,5,1302.29,0.0
ORD017005,PROD0264,2,409.67,0.15
ORD010036,PROD0048,3,2692.11,0.2
ORD009124,PROD0087,4,2381.84,0.05
ORD010140,PROD0267,3,1411.95,0.1
ORD002791,PROD0168,3,1759.17,0.1
ORD011476,PROD0238,4,1179.28,0.0
ORD002399,PROD0289,2,1376.41,0.0
ORD003102,PROD0272,4,834.67,0.05
ORD013611,PROD0168,3,1759.17,0.1
ORD014090,PROD0261,4,1950.36,0.05
ORD008655,PROD0287,2,1180.58,0.05
ORD005060,PROD0064,1,706.46,0.0
ORD017976,PROD0156,1,1302.29,0.05
ORD000045,PROD0150,1,1469.35,0.2
ORD011346,PROD0070,3,2065.33,0.15
ORD006060,PROD0125,4,1338.46,0.1
ORD006600,PROD0248,1,581.51,0.0
ORD001171,PROD0253,3,3782.92,0.15
ORD007022,PROD0132,5,1663.98,0.0
ORD015297,PROD0079,1,1557.75,0.05
ORD003260,PROD0152,1,3664.43,0.0
ORD013694,PROD0122,5,768.92,0.0
ORD009747,PROD0016,5,2382.58,0.1
ORD001998,PROD0042,5,5997.9,0.0
ORD003253,PROD0195,1,525.15,0.15
ORD000966,PROD0256,3,895.23,0.05
ORD001325,PROD0060,4,511.57,0.0
ORD016441,PROD0210,5,539.67,0.15
ORD005287,PROD0158,5,1130.19,0.1
ORD010841,PROD0236,4,1243.22,0.15
ORD008401,PROD0129,3,2715.49,0.05
ORD010302,PROD0131,3,719.35,0.15
ORD011465,PROD0232,5,480.05,0.0
ORD011982,PROD0134,5,938.67,0.1
ORD004346,PROD0238,2,1179.28,0.0
ORD000428,PROD0157,5,1342.68,0.0
ORD004376,PROD0100,4,1535.02,0.1
ORD016030,PROD0259,3,272.42,0.05
ORD017905,PROD0127,2,1166.2,0.1
ORD009138,PROD0245,2,258.37,0.0
ORD005268,PROD0109,1,315.2,0.1
ORD002984,PROD0205,2,315.35,0.05
ORD003179,PROD0035,1,914.62,0.0
ORD003766,PROD0063,1,453.52,0.1
ORD012829,PROD0247,2,1013.19,0.1
ORD009488,PROD0041,2,566.23,0.2
ORD007181,PROD0192,2,2094.72,0.2
ORD004283,PROD0085,1,2361.96,0.1
ORD014189,PROD0030,4,1536.54,0.1
ORD003298,PROD0213,2,475.42,0.1
ORD000966,PROD0299,5,3528.34,0.05
ORD016719,PROD0139,3,624.58,0.05
ORD014878,PROD0188,1,5555.06,0.0
ORD013617,PROD0193,3,3394.61,0.15
ORD017533,PROD0119,5,1545.4,0.15
ORD015105,PROD0130,2,1402.05,0.2
ORD001102,PROD0160,3,2652.37,0.1
ORD008874,PROD0122,1,768.92,0.0
ORD009511,PROD0058,4,5552.05,0.1
ORD013495,PROD0082,3,835.72,0.05
ORD001114,PROD0209,2,4636.93,0.1
ORD014180,PROD0040,1,5448.94,0.15
ORD010541,PROD0179,3,608.27,0.2
ORD014211,PROD0227,4,663.99,0.0
ORD014533,PROD0242,2,1251.99,0.05
ORD016255,PROD0199,2,919.06,0.2
ORD014368,PROD0135,1,1098.25,0.0
ORD012323,PROD0102,5,1726.73,0.0
ORD012565,PROD0048,2,2692.11,0.05
ORD004660,PROD0185,4,592.37,0.15
ORD006165,PROD0261,1,1950.36,0.05
ORD002615,PROD0084,4,787.16,0.1
ORD007639,PROD0218,2,852.15,0.0
ORD017460,PROD0120,5,3592.34,0.0
ORD015413,PROD0221,4,861.75,0.0
ORD013075,PROD0170,4,1486.76,0.1
ORD006742,PROD0030,3,1536.54,0.1
ORD005697,PROD0192,2,2094.72,0.0
ORD006258,PROD0284,3,1551.66,0.0
ORD002843,PROD0119,1,1545.4,0.05
ORD008038,PROD0050,3,138.33,0.05
ORD003475,PROD0011,3,569.66,0.15
ORD005596,PROD0019,4,2132.91,0.1
ORD012507,PROD0263,3,754.46,0.05
ORD007944,PROD0273,2,1884.45,0.1
ORD012926,PROD0268,5,1593.82,0.1
ORD004653,PROD0148,5,2479.32,0.1
ORD005888,PROD0199,4,919.06,0.1
ORD014800,PROD0061,2,1808.63,0.05
ORD012175,PROD0057,3,1480.61,0.2
ORD011230,PROD0164,4,1896.67,0.1
ORD007168,PROD0263,4,754.46,0.05
ORD016634,PROD0238,4,1179.28,0.0
ORD009139,PROD0156,4,1302.29,0.05
ORD015325,PROD0196,1,624.67,0.05
ORD014533,PROD0246,4,484.36,0.05
ORD004035,PROD0009,1,419.4,0.0
ORD004382,PROD0106,5,770.07,0.0
ORD017340,PROD0036,2,2265.4,0.2
ORD004752,PROD0225,3,670.12,0.0
ORD017545,PROD0126,1,648.87,0.05
ORD017854,PROD0299,5,3528.34,0.0
ORD010163,PROD0036,1,2265.4,0.15
ORD014815,PROD0028,2,740.62,0.05
ORD016148,PROD0237,1,1008.9,0.0
ORD014649,PROD0081,1,2207.21,0.15
ORD005771,PROD0080,3,1973.58,0.05
ORD007017,PROD0240,3,1736.87,0.05
ORD017005,PROD0232,1,480.05,0.05
ORD009777,PROD0095,3,853.11,0.05
ORD005318,PROD0299,4,3528.34,0.05
ORD006200,PROD0238,1,1179.28,0.05
ORD006976,PROD0061,4,1808.63,0.2
ORD017191,PROD0179,3,608.27,0.1
ORD004517,PROD0147,1,1277.67,0.1
ORD005906,PROD0247,2,1013.19,0.05
ORD007930,PROD0217,1,748.27,0.15
ORD013435,PROD0185,5,592.37,0.0
ORD015779,PROD0299,3,3528.34,0.15
ORD013706,PROD0086,4,1292.77,0.0
ORD009711,PROD0300,5,2550.36,0.2
ORD008940,PROD0287,5,1180.58,0.15
ORD000292,PROD0206,3,512.36,0.1
ORD012147,PROD0245,2,258.37,0.15
ORD008766,PROD0015,2,768.6,0.05
ORD000253,PROD0223,4,1507.47,0.1
ORD017392,PROD0270,2,546.81,0.2
ORD007051,PROD0174,2,1681.39,0.1
ORD000039,PROD0086,2,1292.77,0.05
ORD002592,PROD0299,3,3528.34,0.15
ORD014826,PROD0096,5,830.36,0.05
ORD015642,PROD0178,1,1006.65,0.15
ORD013391,PROD0278,1,1418.31,0.0
ORD014088,PROD0194,2,2044.13,0.0
ORD011743,PROD0052,2,1103.19,0.0
ORD008229,PROD0009,5,419.4,0.2
ORD008622,PROD0058,4,5552.05,0.0
ORD016211,PROD0022,2,174.42,0.15
ORD006026,PROD0018,1,1106.42,0.15
ORD008496,PROD0182,2,1491.37,0.1
ORD005093,PROD0216,1,2535.43,0.0
ORD014676,PROD0104,2,917.71,0.2
ORD000250,PROD0261,3,1950.36,0.05
ORD009463,PROD0142,2,536.55,0.15
ORD012238,PROD0203,2,1208.94,0.0
ORD014770,PROD0258,1,814.14,0.15
ORD008661,PROD0281,5,5213.75,0.05
ORD005623,PROD0010,3,1326.68,0.15
ORD006795,PROD0197,3,774.0,0.1
ORD004085,PROD0231,5,1734.21,0.0
ORD007013,PROD0035,3,914.62,0.05
ORD012919,PROD0197,4,774.0,0.05
ORD013919,PROD0244,4,1140.3,0.0
ORD016659,PROD0126,2,648.87,0.0
ORD010135,PROD0090,4,1416.42,0.05
ORD003352,PROD0082,5,835.72,0.05
ORD014247,PROD0094,5,1585.84,0.05
ORD015391,PROD0214,2,285.7,0.0
ORD004587,PROD0181,1,218.55,0.1
ORD013778,PROD0103,1,814.61,0.0
ORD007725,PROD0059,1,3884.69,0.15
ORD008970,PROD0121,3,1762.91,0.15
ORD008228,PROD0195,1,525.15,0.0
ORD003443,PROD0099,4,550.57,0.15
ORD001533,PROD0292,2,526.18,0.1
ORD000188,PROD0122,5,768.92,0.15
ORD013130,PROD0099,5,550.57,0.2
ORD013925,PROD0066,2,705.54,0.0
ORD001884,PROD0134,5,938.67,0.0
ORD002135,PROD0233,3,865.79,0.0
ORD001207,PROD0097,2,2244.75,0.05
ORD014330,PROD0248,5,581.51,0.0
ORD014625,PROD0228,5,1012.55,0.05
ORD000007,PROD0228,1,1012.55,0.0
ORD013591,PROD0056,1,1815.37,0.0
ORD000584,PROD0294,3,608.79,0.1
ORD002808,PROD0183,2,606.73,0.1
ORD002064,PROD0178,2,1006.65,0.05
ORD016701,PROD0129,3,2715.49,0.0
ORD009427,PROD0148,2,2479.32,0.2
ORD008938,PROD0176,3,890.34,0.05
ORD000966,PROD0164,4,1896.67,0.05
ORD005784,PROD0170,4,1486.76,0.2
ORD006840,PROD0290,5,3732.41,0.1
ORD001116,PROD0200,1,1906.63,0.05
ORD007225,PROD0078,2,1498.55,0.1
ORD014731,PROD0052,4,1103.19,0.05
ORD013199,PROD0196,5,624.67,0.0
ORD015971,PROD0230,3,1187.41,0.1
ORD002765,PROD0188,2,5555.06,0.1
ORD003607,PROD0046,5,423.5,0.1
ORD008657,PROD0177,5,1733.37,0.2
ORD007157,PROD0211,3,1092.8,0.05
ORD012225,PROD0046,1,423.5,0.05
ORD015040,PROD0143,4,2026.75,0.0
ORD006035,PROD0224,3,4037.97,0.15
ORD007143,PROD0191,5,425.27,0.0
ORD001816,PROD0057,1,1480.61,0.05
ORD015235,PROD0002,5,1122.65,0.1
ORD010825,PROD0117,2,1622.14,0.15
ORD002449,PROD0237,2,1008.9,0.05
ORD011037,PROD0021,1,2017.39,0.1
ORD002533,PROD0162,5,377.71,0.1
ORD010679,PROD0296,4,605.83,0.0
ORD005617,PROD0115,2,1198.13,0.0
ORD001781,PROD0297,4,359.44,0.2
ORD005320,PROD0009,4,419.4,0.05
ORD017914,PROD0095,4,853.11,0.1
ORD002827,PROD0060,1,511.57,0.0
ORD010435,PROD0291,5,859.37,0.05
ORD008752,PROD0015,1,768.6,0.0
ORD003938,PROD0048,3,2692.11,0.0
ORD003586,PROD0238,2,1179.28,0.2
ORD002460,PROD0139,4,624.58,0.1
ORD015995,PROD0189,5,260.5,0.05
ORD003092,PROD0287,4,1180.58,0.15
ORD016079,PROD0208,1,1605.39,0.05
ORD016289,PROD0277,5,668.68,0.0
ORD009483,PROD0044,3,2277.54,0.15
ORD017382,PROD0235,1,1069.09,0.05
ORD008949,PROD0261,5,1950.36,0.05
ORD002242,PROD0182,2,1491.37,0.1
ORD006294,PROD0091,1,402.26,0.1
ORD001341,PROD0287,5,1180.58,0.1
ORD000714,PROD0048,5,2692.11,0.15
ORD006060,PROD0026,3,926.18,0.05
ORD007292,PROD0071,5,1519.69,0.05
ORD001842,PROD0165,5,1341.44,0.05
ORD014466,PROD0279,4,1760.62,0.2
ORD014850,PROD0225,3,670.12,0.0
ORD012931,PROD0088,1,255.81,0.1
ORD012395,PROD0242,3,1251.99,0.15
ORD004374,PROD0066,3,705.54,0.15
ORD000563,PROD0238,2,1179.28,0.2
ORD016567,PROD0239,5,3878.85,0.15
ORD013348,PROD0292,4,526.18,0.2
ORD013874,PROD0102,5,1726.73,0.05
ORD003175,PROD0025,1,585.99,0.05
ORD014518,PROD0220,2,1249.15,0.1
ORD001998,PROD0292,5,526.18,0.05
ORD006248,PROD0014,3,596.75,0.1
ORD011545,PROD0245,5,258.37,0.1
ORD004327,PROD0100,5,1535.02,0.05
ORD014475,PROD0010,3,1326.68,0.0
ORD014690,PROD0244,1,1140.3,0.05
ORD001957,PROD0009,5,419.4,0.15
ORD004276,PROD0121,4,1762.91,0.15
ORD010580,PROD0259,1,272.42,0.0
ORD011685,PROD0131,3,719.35,0.0
ORD008222,PROD0010,5,1326.68,0.0
ORD007650,PROD0023,4,529.99,0.0
ORD000759,PROD0113,2,495.12,0.1
ORD003836,PROD0267,3,1411.95,0.0
ORD007616,PROD0283,4,1585.65,0.0
ORD016132,PROD0047,1,743.87,0.15
ORD007468,PROD0106,4,770.07,0.1
ORD016886,PROD0249,4,4012.64,0.0
ORD005377,PROD0141,4,526.7,0.05
ORD014220,PROD0118,2,437.61,0.0
ORD006855,PROD0158,2,1130.19,0.15
ORD014432,PROD0174,1,1681.39,0.1
ORD009743,PROD0120,4,3592.34,0.0
ORD003508,PROD0158,3,1130.19,0.0
ORD006556,PROD0088,5,255.81,0.15
ORD008903,PROD0187,1,2575.23,0.0
ORD011011,PROD0001,1,2228.63,0.2
ORD013334,PROD0292,4,526.18,0.05
ORD014045,PROD0268,5,1593.82,0.05
ORD014141,PROD0020,4,2005.81,0.1
ORD005229,PROD0089,5,390.25,0.05
ORD003978,PROD0160,4,2652.37,0.05
ORD006428,PROD0225,3,670.12,0.05
ORD004425,PROD0287,2,1180.58,0.2
ORD002426,PROD0056,1,1815.37,0.1
ORD017240,PROD0280,4,239.29,0.0
ORD007672,PROD0093,2,2481.82,0.1
ORD017970,PROD0042,4,5997.9,0.05
ORD000805,PROD0236,1,1243.22,0.05
ORD007480,PROD0068,2,2579.6,0.1
ORD017180,PROD0205,5,315.35,0.1
ORD009402,PROD0100,2,1535.02,0.15
ORD016503,PROD0295,4,450.65,0.05
ORD003928,PROD0190,1,1494.94,0.05
ORD005275,PROD0209,3,4636.93,0.15
ORD015174,PROD0278,1,1418.31,0.15
ORD002262,PROD0146,2,2912.21,0.0
ORD010600,PROD0196,1,624.67,0.1
ORD016395,PROD0239,1,3878.85,0.2
ORD013747,PROD0252,3,1091.64,0.0
ORD014392,PROD0231,2,1734.21,0.0
ORD003186,PROD0160,1,2652.37,0.0
ORD010186,PROD0053,4,499.98,0.15
ORD014134,PROD0179,1,608.27,0.15
ORD017838,PROD0268,1,1593.82,0.05
ORD017006,PROD0183,2,606.73,0.0
ORD007456,PROD0007,1,838.82,0.05
ORD005334,PROD0154,5,611.42,0.1
ORD004261,PROD0265,5,709.86,0.05
ORD003260,PROD0150,2,1469.35,0.0
ORD014407,PROD0057,2,1480.61,0.05
ORD010632,PROD0174,1,1681.39,0.05
ORD009368,PROD0235,2,1069.09,0.2
ORD010362,PROD0131,3,719.35,0.05
ORD017678,PROD0274,4,356.93,0.1
ORD011485,PROD0294,5,608.79,0.05
ORD014648,PROD0278,4,1418.31,0.2
ORD007738,PROD0162,1,377.71,0.0
ORD004171,PROD0168,5,1759.17,0.0
ORD011713,PROD0051,2,257.94,0.05
ORD010929,PROD0096,4,830.36,0.2
ORD011144,PROD0240,4,1736.87,0.05
ORD012726,PROD0079,3,1557.75,0.05
ORD008403,PROD0206,4,512.36,0.15
ORD000693,PROD0277,1,668.68,0.15
ORD007874,PROD0225,5,670.12,0.0
ORD008898,PROD0100,3,1535.02,0.1
ORD014127,PROD0184,2,734.18,0.15
ORD005965,PROD0121,3,1762.91,0.0
ORD009767,PROD0102,5,1726.73,0.15
ORD010795,PROD0227,1,663.99,0.05
ORD013801,PROD0242,5,1251.99,0.0
ORD007371,PROD0093,3,2481.82,0.2
ORD007923,PROD0191,1,425.27,0.05
ORD011756,PROD0129,5,2715.49,0.15
ORD000608,PROD0151,5,938.09,0.05
ORD014745,PROD0224,4,4037.97,0.1
ORD012332,PROD0197,2,774.0,0.0
ORD012046,PROD0281,1,5213.75,0.15
ORD012953,PROD0278,3,1418.31,0.0
ORD000716,PROD0167,2,2511.68,0.1
ORD015214,PROD0193,4,3394.61,0.05
ORD003541,PROD0023,3,529.99,0.0
ORD008568,PROD0147,2,1277.67,0.0
ORD011315,PROD0008,1,1428.37,0.1
ORD005483,PROD0138,1,2041.26,0.0
ORD017716,PROD0237,4,1008.9,0.0
ORD010049,PROD0102,3,1726.73,0.05
ORD001416,PROD0234,2,1884.98,0.1
ORD010511,PROD0101,4,3596.1,0.15
ORD003453,PROD0114,5,983.9,0.2
ORD009642,PROD0204,3,1064.24,0.05
ORD002655,PROD0237,4,1008.9,0.05
ORD006047,PROD0147,3,1277.67,0.1
ORD001852,PROD0001,5,2228.63,0.05
ORD014586,PROD0222,5,803.44,0.05
ORD000976,PROD0039,2,748.33,0.15
ORD010392,PROD0042,4,5997.9,0.05
ORD005647,PROD0252,1,1091.64,0.1
ORD010166,PROD0049,4,474.29,0.2
ORD000256,PROD0264,1,409.67,0.1
ORD008950,PROD0027,1,5305.88,0.0
ORD013812,PROD0092,4,2466.2,0.1
ORD012792,PROD0052,2,1103.19,0.15
ORD016703,PROD0023,1,529.99,0.2
ORD001726,PROD0217,2,748.27,0.1
ORD017448,PROD0169,2,2484.01,0.0
ORD016338,PROD0171,5,619.82,0.0
ORD007890,PROD0073,2,3798.83,0.1
ORD017361,PROD0122,3,768.92,0.2
ORD015769,PROD0018,5,1106.42,0.15
ORD010462,PROD0245,4,258.37,0.05
ORD015753,PROD0232,5,480.05,0.05
ORD014489,PROD0155,1,383.07,0.0
ORD014350,PROD0114,3,983.9,0.2
ORD015793,PROD0283,1,1585.65,0.1
ORD012690,PROD0217,4,748.27,0.05
ORD005485,PROD0143,4,2026.75,0.0
ORD014892,PROD0182,1,1491.37,0.05
ORD008341,PROD0146,1,2912.21,0.2
ORD017251,PROD0001,4,2228.63,0.05
ORD002311,PROD0249,3,4012.64,0.1
ORD016041,PROD0174,5,1681.39,0.2
ORD016991,PROD0199,4,919.06,0.1
ORD014533,PROD0290,5,3732.41,0.15
ORD012785,PROD0017,3,5213.81,0.1
ORD001927,PROD0036,4,2265.4,0.05
ORD005491,PROD0101,5,3596.1,0.1
ORD014025,PROD0236,2,1243.22,0.1
ORD004295,PROD0130,5,1402.05,0.15
ORD007710,PROD0139,4,624.58,0.0
ORD015046,PROD0225,4,670.12,0.1
ORD017108,PROD0027,1,5305.88,0.05
ORD014754,PROD0248,4,581.51,0.0
ORD004664,PROD0298,4,392.05,0.0
ORD002724,PROD0111,5,843.13,0.0
ORD000231,PROD0103,2,814.61,0.2
ORD005860,PROD0101,2,3596.1,0.1
ORD010050,PROD0096,5,830.36,0.2
ORD005673,PROD0107,1,416.19,0.0
ORD014459,PROD0049,3,474.29,0.1
ORD002498,PROD0249,1,4012.64,0.1
ORD003064,PROD0111,4,843.13,0.1
ORD013603,PROD0278,4,1418.31,0.1
ORD007074,PROD0278,4,1418.31,0.0
ORD007508,PROD0211,3,1092.8,0.0
ORD012633,PROD0277,4,668.68,0.05
ORD004783,PROD0031,2,2790.09,0.0
ORD010371,PROD0007,3,838.82,0.2
ORD011629,PROD0028,4,740.62,0.05
ORD011975,PROD0196,5,624.67,0.1
ORD010772,PROD0123,3,2787.07,0.05
ORD016014,PROD0065,2,298.49,0.0
ORD011366,PROD0265,3,709.86,0.0
ORD013764,PROD0243,1,4498.92,0.05
ORD003826,PROD0070,2,2065.33,0.1
ORD007737,PROD0068,5,2579.6,0.05
ORD001062,PROD0286,5,722.33,0.05
ORD008438,PROD0240,3,1736.87,0.1
ORD013936,PROD0032,1,1792.53,0.05
ORD012985,PROD0013,2,2230.9,0.15
ORD012155,PROD0095,1,853.11,0.2
ORD007210,PROD0240,4,1736.87,0.15
ORD014892,PROD0001,2,2228.63,0.15
ORD005418,PROD0014,1,596.75,0.1
ORD000194,PROD0272,2,834.67,0.05
ORD007920,PROD0104,2,917.71,0.0
ORD000693,PROD0049,4,474.29,0.15
ORD002492,PROD0108,5,1195.6,0.15
ORD000539,PROD0153,3,192.77,0.0
ORD003763,PROD0207,3,4103.55,0.05
ORD017019,PROD0052,4,1103.19,0.0
ORD000505,PROD0039,3,748.33,0.1
ORD014234,PROD0027,4,5305.88,0.15
ORD013965,PROD0157,3,1342.68,0.0
ORD009105,PROD0215,1,496.9,0.05
ORD011577,PROD0077,2,372.07,0.1
ORD012340,PROD0189,1,260.5,0.1
ORD012094,PROD0160,3,2652.37,0.05
ORD008537,PROD0256,5,895.23,0.15
ORD015920,PROD0119,5,1545.4,0.1
ORD012319,PROD0110,1,2045.64,0.05
ORD001072,PROD0206,2,512.36,0.1
ORD001142,PROD0091,4,402.26,0.1
ORD005637,PROD0172,1,3513.98,0.05
ORD012739,PROD0159,5,2084.31,0.2
ORD011283,PROD0058,4,5552.05,0.05
ORD015542,PROD0009,2,419.4,0.2
ORD006448,PROD0189,2,260.5,0.2
ORD000861,PROD0245,1,258.37,0.1
ORD000729,PROD0048,4,2692.11,0.1
ORD006079,PROD0101,3,3596.1,0.2
ORD002452,PROD0165,3,1341.44,0.05
ORD008813,PROD0079,2,1557.75,0.0
ORD011461,PROD0098,4,1788.67,0.0
ORD013794,PROD0053,2,499.98,0.05
ORD005885,PROD0291,3,859.37,0.0
ORD015651,PROD0175,2,2260.04,0.05
ORD016523,PROD0011,3,569.66,0.1
ORD007192,PROD0056,2,1815.37,0.1
ORD009784,PROD0176,5,890.34,0.15
ORD017956,PROD0107,2,416.19,0.15
ORD000237,PROD0198,5,1910.21,0.05
ORD012452,PROD0014,3,596.75,0.1
ORD005955,PROD0124,4,7033.68,0.15
ORD012509,PROD0070,4,2065.33,0.15
ORD000217,PROD0212,1,936.47,0.05
ORD002710,PROD0251,3,1056.88,0.2
ORD016929,PROD0245,3,258.37,0.1
ORD014197,PROD0275,5,1740.08,0.05
ORD010342,PROD0057,1,1480.61,0.2
ORD008479,PROD0139,4,624.58,0.2
ORD013993,PROD0148,4,2479.32,0.0
ORD003215,PROD0240,3,1736.87,0.1
ORD009703,PROD0265,2,709.86,0.05
ORD012065,PROD0273,5,1884.45,0.0
ORD015010,PROD0279,2,1760.62,0.2
ORD006719,PROD0232,2,480.05,0.1
ORD008818,PROD0138,3,2041.26,0.1
ORD000061,PROD0150,2,1469.35,0.05
ORD000406,PROD0087,1,2381.84,0.15
ORD001847,PROD0033,1,726.59,0.15
ORD011668,PROD0077,5,372.07,0.0
ORD008473,PROD0108,1,1195.6,0.1
ORD000491,PROD0295,1,450.65,0.1
ORD003511,PROD0283,3,1585.65,0.05
ORD002488,PROD0256,5,895.23,0.1
ORD009844,PROD0299,2,3528.34,0.0
ORD009772,PROD0172,5,3513.98,0.05
ORD010011,PROD0134,4,938.67,0.1
ORD002099,PROD0280,1,239.29,0.2
ORD013038,PROD0177,1,1733.37,0.0
ORD017243,PROD0239,4,3878.85,0.2
ORD017136,PROD0189,3,260.5,0.1
ORD012083,PROD0007,5,838.82,0.1
ORD016606,PROD0056,5,1815.37,0.1
ORD013806,PROD0070,4,2065.33,0.0
ORD017946,PROD0064,4,706.46,0.0
ORD002329,PROD0052,2,1103.19,0.2
ORD002261,PROD0159,3,2084.31,0.0
ORD016461,PROD0102,5,1726.73,0.05
ORD017260,PROD0076,4,1911.33,0.15
ORD007127,PROD0243,3,4498.92,0.05
ORD006197,PROD0104,2,917.71,0.1
ORD012375,PROD0241,2,215.23,0.1
ORD004065,PROD0249,3,4012.64,0.05
ORD004855,PROD0195,3,525.15,0.1
ORD009428,PROD0115,4,1198.13,0.05
ORD003464,PROD0244,4,1140.3,0.05
ORD012675,PROD0242,5,1251.99,0.0
ORD016281,PROD0294,1,608.79,0.0
ORD017721,PROD0007,4,838.82,0.2
ORD009253,PROD0286,2,722.33,0.15
ORD000952,PROD0176,2,890.34,0.1
ORD000352,PROD0176,2,890.34,0.05
ORD001255,PROD0194,3,2044.13,0.2
ORD009474,PROD0213,2,475.42,0.0
ORD012071,PROD0026,3,926.18,0.1
ORD017487,PROD0212,5,936.47,0.05
ORD002103,PROD0263,5,754.46,0.05
ORD009545,PROD0095,5,853.11,0.0
ORD015349,PROD0283,5,1585.65,0.1
ORD016157,PROD0139,2,624.58,0.05
ORD010005,PROD0100,4,1535.02,0.05
ORD004543,PROD0166,5,655.43,0.0
ORD011013,PROD0256,4,895.23,0.1
ORD008415,PROD0264,5,409.67,0.05
ORD001026,PROD0051,3,257.94,0.05
ORD015282,PROD0220,2,1249.15,0.1
ORD004973,PROD0109,5,315.2,0.1
ORD013140,PROD0129,4,2715.49,0.2
ORD002256,PROD0220,1,1249.15,0.1
ORD010533,PROD0011,3,569.66,0.15
ORD011686,PROD0207,4,4103.55,0.15
ORD013230,PROD0094,5,1585.84,0.15
ORD010731,PROD0167,5,2511.68,0.15
ORD008387,PROD0023,4,529.99,0.05
ORD009333,PROD0293,5,1136.47,0.1
ORD013305,PROD0154,5,611.42,0.2
ORD005287,PROD0185,4,592.37,0.2
ORD002276,PROD0263,4,754.46,0.15
ORD013911,PROD0096,2,830.36,0.15
ORD017253,PROD0012,1,2384.44,0.0
ORD004152,PROD0286,4,722.33,0.05
ORD013396,PROD0232,4,480.05,0.05
ORD017146,PROD0204,2,1064.24,0.05
ORD001390,PROD0045,5,1204.82,0.1
ORD014822,PROD0013,1,2230.9,0.05
ORD005871,PROD0230,3,1187.41,0.05
ORD010549,PROD0183,4,606.73,0.1
ORD007135,PROD0089,1,390.25,0.15
ORD008130,PROD0018,3,1106.42,0.0
ORD005444,PROD0060,1,511.57,0.05
ORD001303,PROD0131,2,719.35,0.0
ORD008837,PROD0123,3,2787.07,0.15
ORD004775,PROD0049,3,474.29,0.0
ORD012104,PROD0090,1,1416.42,0.15
ORD017061,PROD0044,4,2277.54,0.15
ORD011554,PROD0282,3,1059.41,0.0
ORD004218,PROD0252,4,1091.64,0.15
ORD001858,PROD0269,2,528.68,0.05
ORD000590,PROD0085,2,2361.96,0.2
ORD013261,PROD0045,3,1204.82,0.1
ORD007000,PROD0209,4,4636.93,0.15
ORD015032,PROD0170,2,1486.76,0.1
ORD006370,PROD0011,2,569.66,0.15
ORD007585,PROD0081,1,2207.21,0.15
ORD010792,PROD0208,1,1605.39,0.0
ORD003895,PROD0037,3,1059.57,0.1
ORD007890,PROD0113,1,495.12,0.05
ORD015436,PROD0269,3,528.68,0.0
ORD012554,PROD0014,5,596.75,0.1
ORD000598,PROD0060,1,511.57,0.0
ORD006352,PROD0074,5,701.79,0.15
ORD004150,PROD0004,1,1005.11,0.1
ORD003329,PROD0174,1,1681.39,0.0
ORD012530,PROD0273,3,1884.45,0.0
ORD013543,PROD0106,5,770.07,0.15
ORD004071,PROD0278,1,1418.31,0.2
ORD012038,PROD0242,4,1251.99,0.15
ORD010020,PROD0011,4,569.66,0.05
ORD003737,PROD0165,1,1341.44,0.05
ORD012651,PROD0248,1,581.51,0.05
ORD004028,PROD0176,1,890.34,0.0
ORD000931,PROD0118,5,437.61,0.1
ORD002754,PROD0025,3,585.99,0.1
ORD007706,PROD0144,5,1097.89,0.1
ORD012332,PROD0194,4,2044.13,0.05
ORD007909,PROD0066,3,705.54,0.0
ORD002003,PROD0254,1,1021.7,0.15
ORD012212,PROD0178,3,1006.65,0.1
ORD007072,PROD0127,3,1166.2,0.15
ORD000419,PROD0279,4,1760.62,0.05
ORD017584,PROD0271,2,1034.8,0.0
ORD002478,PROD0173,1,1893.36,0.1
ORD009241,PROD0300,5,2550.36,0.15
ORD009057,PROD0038,5,1310.24,0.1
ORD001210,PROD0126,3,648.87,0.0
ORD009676,PROD0077,4,372.07,0.0
ORD008292,PROD0238,5,1179.28,0.0
ORD016400,PROD0116,4,435.35,0.0
ORD016556,PROD0197,3,774.0,0.2
ORD002352,PROD0258,1,814.14,0.05
ORD000740,PROD0164,3,1896.67,0.1
ORD000242,PROD0219,4,1088.5,0.0
ORD007162,PROD0027,4,5305.88,0.1
ORD000056,PROD0133,4,737.29,0.0
ORD005878,PROD0007,4,838.82,0.2
ORD017474,PROD0077,5,372.07,0.1
ORD000746,PROD0017,2,5213.81,0.05
ORD001038,PROD0041,3,566.23,0.1
ORD016976,PROD0162,2,377.71,0.1
ORD000647,PROD0295,3,450.65,0.05
ORD016552,PROD0200,1,1906.63,0.2
ORD003457,PROD0102,3,1726.73,0.2
ORD005389,PROD0187,4,2575.23,0.0
ORD001562,PROD0112,2,3157.32,0.0
ORD006473,PROD0196,1,624.67,0.2
ORD005304,PROD0232,3,480.05,0.1
ORD005896,PROD0172,5,3513.98,0.0
ORD016607,PROD0193,3,3394.61,0.0
ORD012229,PROD0242,5,1251.99,0.15
ORD004506,PROD0122,2,768.92,0.2
ORD008764,PROD0282,4,1059.41,0.15
ORD003662,PROD0102,4,1726.73,0.05
ORD004945,PROD0131,2,719.35,0.2
ORD004054,PROD0283,1,1585.65,0.0
ORD016116,PROD0091,2,402.26,0.15
ORD000703,PROD0286,4,722.33,0.2
ORD005299,PROD0072,4,4756.76,0.2
ORD005070,PROD0186,5,324.33,0.0
ORD003275,PROD0090,2,1416.42,0.2
ORD010215,PROD0081,5,2207.21,0.05
ORD015503,PROD0261,5,1950.36,0.1
ORD002253,PROD0227,3,663.99,0.0
ORD008293,PROD0185,4,592.37,0.2
ORD008718,PROD0105,2,813.74,0.05
ORD000579,PROD0216,2,2535.43,0.15
ORD009135,PROD0231,5,1734.21,0.2
ORD000737,PROD0082,2,835.72,0.2
ORD015784,PROD0016,5,2382.58,0.1
ORD017023,PROD0148,3,2479.32,0.1
ORD012890,PROD0115,5,1198.13,0.05
ORD017007,PROD0079,3,1557.75,0.1
ORD017293,PROD0032,4,1792.53,0.15
ORD008262,PROD0228,3,1012.55,0.05
ORD010655,PROD0223,1,1507.47,0.1
ORD004447,PROD0091,2,402.26,0.1
ORD014654,PROD0009,5,419.4,0.2
ORD006615,PROD0226,5,322.28,0.05
ORD016879,PROD0212,5,936.47,0.0
ORD005237,PROD0080,3,1973.58,0.1
ORD003316,PROD0196,1,624.67,0.0
ORD000722,PROD0176,4,890.34,0.0
ORD013386,PROD0154,4,611.42,0.1
ORD006792,PROD0233,4,865.79,0.2
ORD003571,PROD0180,4,374.36,0.05
ORD008446,PROD0178,5,1006.65,0.1
ORD008783,PROD0116,4,435.35,0.15
ORD007595,PROD0023,4,529.99,0.1
ORD007354,PROD0031,2,2790.09,0.2
ORD017875,PROD0237,1,1008.9,0.0
ORD016313,PROD0114,4,983.9,0.0
ORD012976,PROD0179,1,608.27,0.0
ORD017625,PROD0190,3,1494.94,0.15
ORD004806,PROD0228,2,1012.55,0.1
ORD015450,PROD0013,1,2230.9,0.0
ORD014687,PROD0276,4,1150.97,0.1
ORD007456,PROD0265,5,709.86,0.1
ORD015550,PROD0102,2,1726.73,0.0
ORD012864,PROD0146,4,2912.21,0.05
ORD016185,PROD0121,3,1762.91,0.15
ORD016977,PROD0040,2,5448.94,0.1
ORD007433,PROD0153,3,192.77,0.05
ORD004779,PROD0271,1,1034.8,0.1
ORD014179,PROD0053,2,499.98,0.15
ORD016636,PROD0118,4,437.61,0.1
ORD015338,PROD0206,1,512.36,0.05
ORD015493,PROD0114,4,983.9,0.05
ORD001252,PROD0199,4,919.06,0.15
ORD013027,PROD0174,4,1681.39,0.05
ORD006718,PROD0167,3,2511.68,0.1
ORD004831,PROD0223,5,1507.47,0.1
ORD012240,PROD0229,4,251.37,0.1
ORD007241,PROD0161,4,1467.22,0.15
ORD001659,PROD0289,3,1376.41,0.15
ORD000203,PROD0187,1,2575.23,0.0
ORD000266,PROD0243,4,4498.92,0.1
ORD015768,PROD0278,1,1418.31,0.0
ORD014640,PROD0139,3,624.58,0.15
ORD011208,PROD0090,3,1416.42,0.05
ORD017937,PROD0102,2,1726.73,0.15
ORD003865,PROD0224,2,4037.97,0.1
ORD014785,PROD0295,5,450.65,0.0
ORD002096,PROD0228,2,1012.55,0.05
ORD007518,PROD0116,2,435.35,0.05
ORD007505,PROD0300,1,2550.36,0.05
ORD006664,PROD0181,2,218.55,0.05
ORD012693,PROD0287,5,1180.58,0.2
ORD014091,PROD0207,2,4103.55,0.05
ORD014031,PROD0119,5,1545.4,0.0
ORD013572,PROD0024,5,3557.69,0.05
ORD015337,PROD0109,4,315.2,0.05
ORD010770,PROD0014,5,596.75,0.05
ORD010207,PROD0164,1,1896.67,0.0
ORD009275,PROD0010,4,1326.68,0.05
ORD004665,PROD0135,3,1098.25,0.15
ORD010765,PROD0017,1,5213.81,0.05
ORD012619,PROD0048,1,2692.11,0.05
ORD008784,PROD0165,5,1341.44,0.05
ORD000820,PROD0138,5,2041.26,0.1
ORD017683,PROD0050,3,138.33,0.0
ORD004917,PROD0040,1,5448.94,0.05
ORD003720,PROD0074,4,701.79,0.05
ORD012900,PROD0200,1,1906.63,0.1
ORD007413,PROD0032,3,1792.53,0.2
ORD005149,PROD0295,1,450.65,0.05
ORD005051,PROD0120,2,3592.34,0.0
ORD005899,PROD0292,1,526.18,0.15
ORD002999,PROD0205,5,315.35,0.05
ORD004153,PROD0149,4,231.51,0.05
ORD005825,PROD0216,1,2535.43,0.05
ORD010548,PROD0153,1,192.77,0.1
ORD016025,PROD0108,5,1195.6,0.0
ORD000528,PROD0141,3,526.7,0.1
ORD001200,PROD0193,3,3394.61,0.05
ORD009995,PROD0182,2,1491.37,0.1
ORD004786,PROD0209,5,4636.93,0.1
ORD013035,PROD0026,3,926.18,0.0
ORD010577,PROD0074,3,701.79,0.1
ORD006425,PROD0267,5,1411.95,0.2
ORD009712,PROD0004,5,1005.11,0.0
ORD013581,PROD0180,5,374.36,0.1
ORD012645,PROD0207,2,4103.55,0.15
ORD016224,PROD0185,1,592.37,0.05
ORD008259,PROD0176,4,890.34,0.0
ORD001681,PROD0251,1,1056.88,0.05
ORD017884,PROD0035,5,914.62,0.2
ORD011108,PROD0166,4,655.43,0.05
ORD006168,PROD0113,5,495.12,0.15
ORD008133,PROD0195,3,525.15,0.0
ORD004862,PROD0140,3,4498.4,0.0
ORD014908,PROD0228,5,1012.55,0.05
ORD014050,PROD0046,1,423.5,0.1
ORD015312,PROD0047,3,743.87,0.1
ORD015348,PROD0059,4,3884.69,0.15
ORD006510,PROD0069,4,6450.78,0.0
ORD012536,PROD0222,5,803.44,0.15
ORD002189,PROD0275,5,1740.08,0.15
ORD009367,PROD0020,1,2005.81,0.0
ORD009947,PROD0258,3,814.14,0.2
ORD007842,PROD0287,2,1180.58,0.05
ORD017326,PROD0050,3,138.33,0.2
ORD016583,PROD0294,3,608.79,0.1
ORD017843,PROD0242,3,1251.99,0.15
ORD012369,PROD0025,5,585.99,0.1
ORD011108,PROD0003,5,2931.9,0.05
ORD014704,PROD0113,3,495.12,0.05
ORD006119,PROD0077,5,372.07,0.1
ORD009315,PROD0249,1,4012.64,0.1
ORD010615,PROD0287,4,1180.58,0.05
ORD015249,PROD0135,4,1098.25,0.1
ORD015990,PROD0162,4,377.71,0.1
ORD011636,PROD0030,1,1536.54,0.1
ORD007733,PROD0153,3,192.77,0.1
ORD007533,PROD0067,2,1836.4,0.1
ORD000388,PROD0092,5,2466.2,0.1
ORD011534,PROD0182,2,1491.37,0.1
ORD007520,PROD0075,3,993.75,0.05
ORD004539,PROD0057,1,1480.61,0.05
ORD001177,PROD0197,3,774.0,0.05
ORD014712,PROD0273,3,1884.45,0.0
ORD011545,PROD0027,5,5305.88,0.1
ORD010716,PROD0073,1,3798.83,0.15
ORD017603,PROD0097,4,2244.75,0.15
ORD001302,PROD0067,4,1836.4,0.1
ORD008018,PROD0028,2,740.62,0.15
ORD000220,PROD0148,5,2479.32,0.1
ORD009090,PROD0031,1,2790.09,0.05
ORD016717,PROD0109,1,315.2,0.1
ORD005670,PROD0221,4,861.75,0.0
ORD016351,PROD0291,4,859.37,0.1
ORD009855,PROD0156,1,1302.29,0.15
ORD002886,PROD0070,5,2065.33,0.15
ORD015753,PROD0183,2,606.73,0.2
ORD004669,PROD0242,1,1251.99,0.2
ORD010765,PROD0047,1,743.87,0.0
ORD002798,PROD0156,4,1302.29,0.0
ORD014513,PROD0164,1,1896.67,0.05
ORD007628,PROD0177,1,1733.37,0.2
ORD007699,PROD0181,5,218.55,0.0
ORD012855,PROD0235,1,1069.09,0.05
ORD001321,PROD0280,1,239.29,0.05
ORD006020,PROD0043,5,950.69,0.0
ORD015465,PROD0248,4,581.51,0.2
ORD015353,PROD0103,5,814.61,0.15
ORD000459,PROD0281,5,5213.75,0.0
ORD002273,PROD0247,2,1013.19,0.05
ORD005489,PROD0034,4,1106.13,0.1
ORD014886,PROD0233,4,865.79,0.05
ORD008032,PROD0261,1,1950.36,0.0
ORD016901,PROD0150,2,1469.35,0.05
ORD017023,PROD0228,5,1012.55,0.05
ORD009403,PROD0001,2,2228.63,0.1
ORD009445,PROD0037,3,1059.57,0.0
ORD014802,PROD0295,3,450.65,0.1
ORD009421,PROD0116,5,435.35,0.15
ORD008350,PROD0076,3,1911.33,0.2
ORD009115,PROD0019,5,2132.91,0.0
ORD007237,PROD0098,5,1788.67,0.2
ORD001522,PROD0176,5,890.34,0.1
ORD000758,PROD0210,4,539.67,0.1
ORD012126,PROD0029,4,1224.14,0.15
ORD013276,PROD0006,5,997.09,0.1
ORD016717,PROD0272,4,834.67,0.1
ORD014878,PROD0075,4,993.75,0.05
ORD013464,PROD0159,4,2084.31,0.1
ORD008301,PROD0267,2,1411.95,0.0
ORD005088,PROD0229,3,251.37,0.0
ORD009668,PROD0202,1,1039.91,0.2
ORD006327,PROD0118,2,437.61,0.05
ORD015302,PROD0066,2,705.54,0.1
ORD000121,PROD0089,5,390.25,0.05
ORD010053,PROD0235,1,1069.09,0.05
ORD002282,PROD0245,5,258.37,0.0
ORD007612,PROD0242,2,1251.99,0.1
ORD017755,PROD0221,5,861.75,0.1
ORD011446,PROD0252,5,1091.64,0.15
ORD013833,PROD0079,4,1557.75,0.1
ORD003744,PROD0233,2,865.79,0.05
ORD009499,PROD0098,2,1788.67,0.05
ORD013909,PROD0268,4,1593.82,0.0
ORD001212,PROD0221,4,861.75,0.1
ORD001852,PROD0006,2,997.09,0.1
ORD011132,PROD0068,5,2579.6,0.0
ORD015333,PROD0146,2,2912.21,0.1
ORD008491,PROD0127,4,1166.2,0.1
ORD014574,PROD0276,1,1150.97,0.15
ORD002215,PROD0063,4,453.52,0.2
ORD005342,PROD0076,3,1911.33,0.15
ORD003574,PROD0009,3,419.4,0.1
ORD005283,PROD0240,2,1736.87,0.0
ORD005457,PROD0083,3,1558.0,0.05
ORD017698,PROD0184,3,734.18,0.15
ORD003323,PROD0289,1,1376.41,0.05
ORD017482,PROD0262,5,1081.48,0.05
ORD006945,PROD0041,5,566.23,0.2
ORD008214,PROD0180,5,374.36,0.05
ORD005322,PROD0012,2,2384.44,0.0
ORD011871,PROD0124,1,7033.68,0.1
ORD006600,PROD0288,2,1099.87,0.2
ORD011697,PROD0171,1,619.82,0.05
ORD015407,PROD0146,5,2912.21,0.05
ORD000074,PROD0040,1,5448.94,0.0
ORD017655,PROD0281,3,5213.75,0.0
ORD004382,PROD0102,5,1726.73,0.05
ORD009663,PROD0228,4,1012.55,0.0
ORD013375,PROD0166,1,655.43,0.05
ORD010137,PROD0006,3,997.09,0.05
ORD011448,PROD0034,4,1106.13,0.05
ORD005268,PROD0158,4,1130.19,0.15
ORD000173,PROD0157,5,1342.68,0.05
ORD005363,PROD0029,3,1224.14,0.15
ORD014351,PROD0207,4,4103.55,0.0
ORD015593,PROD0055,4,1758.65,0.15
ORD015425,PROD0290,4,3732.41,0.2
ORD000021,PROD0177,5,1733.37,0.1
ORD010712,PROD0155,1,383.07,0.05
ORD005461,PROD0002,5,1122.65,0.0
ORD002045,PROD0117,5,1622.14,0.1
ORD006786,PROD0282,2,1059.41,0.1
ORD017301,PROD0267,1,1411.95,0.1
ORD006159,PROD0102,2,1726.73,0.0
ORD014671,PROD0184,1,734.18,0.0
ORD006065,PROD0240,5,1736.87,0.2
ORD011815,PROD0195,4,525.15,0.1
ORD014568,PROD0288,2,1099.87,0.0
ORD015448,PROD0043,4,950.69,0.1
ORD015311,PROD0298,5,392.05,0.1
ORD008779,PROD0200,1,1906.63,0.1
ORD008992,PROD0151,1,938.09,0.0
ORD003876,PROD0094,3,1585.84,0.2
ORD009101,PROD0089,1,390.25,0.05
ORD004451,PROD0149,1,231.51,0.1
ORD003435,PROD0165,5,1341.44,0.1
ORD002315,PROD0131,1,719.35,0.2
ORD000122,PROD0088,5,255.81,0.05
ORD012824,PROD0022,3,174.42,0.1
ORD015780,PROD0298,3,392.05,0.0
ORD008343,PROD0186,1,324.33,0.0
ORD006498,PROD0004,2,1005.11,0.1
ORD005608,PROD0273,2,1884.45,0.05
ORD012673,PROD0284,4,1551.66,0.0
ORD017702,PROD0232,4,480.05,0.1
ORD017520,PROD0254,3,1021.7,0.1
ORD008428,PROD0175,5,2260.04,0.0
ORD017488,PROD0185,4,592.37,0.2
ORD012107,PROD0240,4,1736.87,0.05
ORD004853,PROD0262,4,1081.48,0.0
ORD000830,PROD0073,3,3798.83,0.0
ORD011004,PROD0095,5,853.11,0.0
ORD006316,PROD0031,5,2790.09,0.1
ORD015194,PROD0196,3,624.67,0.2
ORD009574,PROD0092,2,2466.2,0.0
ORD016780,PROD0023,4,529.99,0.2
ORD006502,PROD0131,3,719.35,0.05
ORD004412,PROD0234,2,1884.98,0.1
ORD011326,PROD0260,2,2453.91,0.2
ORD013793,PROD0042,2,5997.9,0.05
ORD008590,PROD0190,2,1494.94,0.0
ORD011042,PROD0127,4,1166.2,0.05
ORD007877,PROD0122,2,768.92,0.2
ORD008045,PROD0169,3,2484.01,0.2
ORD012779,PROD0178,5,1006.65,0.05
ORD010379,PROD0287,5,1180.58,0.15
ORD000492,PROD0013,2,2230.9,0.1
ORD008967,PROD0242,2,1251.99,0.0
ORD017717,PROD0134,1,938.67,0.15
ORD016331,PROD0148,2,2479.32,0.05
ORD017085,PROD0298,3,392.05,0.1
ORD001716,PROD0016,5,2382.58,0.15
ORD007368,PROD0259,1,272.42,0.2
ORD006185,PROD0151,2,938.09,0.15
ORD008847,PROD0247,5,1013.19,0.15
ORD003997,PROD0163,4,703.11,0.0
ORD017963,PROD0089,2,390.25,0.05
ORD015340,PROD0282,5,1059.41,0.0
ORD009157,PROD0166,5,655.43,0.1
ORD007622,PROD0094,4,1585.84,0.1
ORD015039,PROD0230,5,1187.41,0.05
ORD007156,PROD0007,3,838.82,0.05
ORD015663,PROD0269,3,528.68,0.05
ORD005509,PROD0039,4,748.33,0.1
ORD009841,PROD0017,5,5213.81,0.0
ORD015590,PROD0179,4,608.27,0.15
ORD006120,PROD0156,5,1302.29,0.05
ORD008706,PROD0196,3,624.67,0.1
ORD009411,PROD0086,1,1292.77,0.1
ORD013839,PROD0132,3,1663.98,0.05
ORD007488,PROD0166,5,655.43,0.1
ORD008178,PROD0090,3,1416.42,0.1
ORD008280,PROD0259,5,272.42,0.1
ORD017854,PROD0246,4,484.36,0.0
ORD017025,PROD0098,2,1788.67,0.1
ORD015178,PROD0021,1,2017.39,0.1
ORD011800,PROD0271,5,1034.8,0.0
ORD007984,PROD0239,4,3878.85,0.05
ORD008081,PROD0283,1,1585.65,0.0
ORD005161,PROD0102,3,1726.73,0.0
ORD016461,PROD0111,4,843.13,0.0
ORD004008,PROD0222,1,803.44,0.1
ORD014972,PROD0215,5,496.9,0.2
ORD014880,PROD0047,1,743.87,0.0
ORD012278,PROD0039,2,748.33,0.05
ORD015120,PROD0293,4,1136.47,0.05
ORD013030,PROD0296,2,605.83,0.0
ORD012084,PROD0038,1,1310.24,0.1
ORD009795,PROD0033,5,726.59,0.0
ORD002551,PROD0081,4,2207.21,0.1
ORD016861,PROD0240,2,1736.87,0.0
ORD010179,PROD0102,5,1726.73,0.0
ORD014024,PROD0275,5,1740.08,0.0
ORD010176,PROD0182,5,1491.37,0.0
ORD005584,PROD0248,4,581.51,0.05
ORD002019,PROD0068,5,2579.6,0.15
ORD014384,PROD0264,2,409.67,0.1
ORD002030,PROD0132,5,1663.98,0.1
ORD012194,PROD0202,5,1039.91,0.1
ORD004435,PROD0213,5,475.42,0.0
ORD000354,PROD0289,2,1376.41,0.1
ORD015804,PROD0050,5,138.33,0.0
ORD012086,PROD0215,1,496.9,0.1
ORD008197,PROD0114,4,983.9,0.1
ORD008782,PROD0080,4,1973.58,0.0
ORD005528,PROD0186,3,324.33,0.0
ORD000976,PROD0199,5,919.06,0.0
ORD000553,PROD0265,3,709.86,0.15
ORD004810,PROD0233,2,865.79,0.15
ORD011349,PROD0029,1,1224.14,0.1
ORD016893,PROD0183,1,606.73,0.0
ORD012990,PROD0069,1,6450.78,0.1
ORD007132,PROD0293,5,1136.47,0.05
ORD001683,PROD0002,4,1122.65,0.0
ORD012499,PROD0105,4,813.74,0.1
ORD011612,PROD0229,2,251.37,0.2
ORD009899,PROD0121,2,1762.91,0.0
ORD005200,PROD0264,3,409.67,0.1
ORD013466,PROD0025,5,585.99,0.1
ORD004894,PROD0022,4,174.42,0.15
ORD006807,PROD0236,1,1243.22,0.1
ORD001477,PROD0045,4,1204.82,0.0
ORD012224,PROD0259,5,272.42,0.0
ORD009116,PROD0266,1,1066.97,0.1
ORD004455,PROD0112,3,3157.32,0.05
ORD013137,PROD0207,1,4103.55,0.05
ORD013942,PROD0049,4,474.29,0.2
ORD004586,PROD0277,5,668.68,0.2
ORD004502,PROD0083,2,1558.0,0.1
ORD011594,PROD0061,5,1808.63,0.1
ORD011189,PROD0165,3,1341.44,0.05
ORD017690,PROD0008,1,1428.37,0.0
ORD006379,PROD0017,2,5213.81,0.05
ORD017434,PROD0284,2,1551.66,0.0
ORD014344,PROD0085,1,2361.96,0.2
ORD017677,PROD0044,5,2277.54,0.05
ORD011528,PROD0107,1,416.19,0.0
ORD017650,PROD0264,5,409.67,0.0
ORD010132,PROD0139,2,624.58,0.15
ORD007617,PROD0251,5,1056.88,0.05
ORD004309,PROD0271,1,1034.8,0.2
ORD017307,PROD0284,4,1551.66,0.1
ORD001149,PROD0213,3,475.42,0.1
ORD004970,PROD0240,5,1736.87,0.15
ORD016439,PROD0114,5,983.9,0.05
ORD011183,PROD0143,3,2026.75,0.1
ORD006457,PROD0119,5,1545.4,0.1
ORD002887,PROD0156,3,1302.29,0.0
ORD003495,PROD0263,5,754.46,0.0
ORD006139,PROD0187,5,2575.23,0.05
ORD010707,PROD0044,4,2277.54,0.05
ORD001598,PROD0067,3,1836.4,0.0
ORD007165,PROD0131,2,719.35,0.05
ORD014115,PROD0208,2,1605.39,0.0
ORD008536,PROD0259,1,272.42,0.05
ORD016268,PROD0052,3,1103.19,0.0
ORD013022,PROD0112,5,3157.32,0.1
ORD003822,PROD0102,2,1726.73,0.0
ORD009266,PROD0078,1,1498.55,0.0
ORD002131,PROD0247,4,1013.19,0.15
ORD013080,PROD0029,1,1224.14,0.1
ORD016475,PROD0080,5,1973.58,0.05
ORD017136,PROD0122,1,768.92,0.1
ORD016650,PROD0022,2,174.42,0.0
ORD006535,PROD0233,5,865.79,0.05
ORD003320,PROD0215,4,496.9,0.05
ORD002492,PROD0024,2,3557.69,0.15
ORD001477,PROD0268,4,1593.82,0.0
ORD002886,PROD0237,5,1008.9,0.2
ORD014817,PROD0181,4,218.55,0.05
ORD009703,PROD0180,1,374.36,0.2
ORD000966,PROD0214,1,285.7,0.1
ORD009883,PROD0083,1,1558.0,0.05
ORD015115,PROD0044,4,2277.54,0.1
ORD012291,PROD0155,5,383.07,0.05
ORD006612,PROD0078,1,1498.55,0.05
ORD002558,PROD0060,5,511.57,0.1
ORD007929,PROD0029,2,1224.14,0.05
ORD005321,PROD0259,2,272.42,0.2
ORD008739,PROD0222,5,803.44,0.05
ORD014311,PROD0236,2,1243.22,0.05
ORD013734,PROD0161,3,1467.22,0.05
ORD016431,PROD0090,3,1416.42,0.05
ORD016491,PROD0286,3,722.33,0.1
ORD004503,PROD0080,5,1973.58,0.05
ORD015355,PROD0133,2,737.29,0.05
ORD006729,PROD0095,4,853.11,0.1
ORD006688,PROD0164,5,1896.67,0.05
ORD015834,PROD0116,2,435.35,0.0
ORD011554,PROD0043,2,950.69,0.0
ORD003162,PROD0218,5,852.15,0.05
ORD014113,PROD0158,4,1130.19,0.15
ORD011266,PROD0139,1,624.58,0.05
ORD014417,PROD0218,3,852.15,0.05
ORD010117,PROD0187,4,2575.23,0.05
ORD011271,PROD0237,5,1008.9,0.1
ORD006254,PROD0022,1,174.42,0.05
ORD000712,PROD0155,1,383.07,0.0
ORD002777,PROD0298,3,392.05,0.05
ORD005724,PROD0144,3,1097.89,0.2
ORD011124,PROD0182,2,1491.37,0.0
ORD007395,PROD0136,2,4655.74,0.1
ORD004689,PROD0114,2,983.9,0.1
ORD007266,PROD0296,3,605.83,0.05
ORD013846,PROD0293,3,1136.47,0.15
ORD014123,PROD0010,4,1326.68,0.1
ORD009828,PROD0160,2,2652.37,0.0
ORD005810,PROD0042,1,5997.9,0.05
ORD000828,PROD0273,4,1884.45,0.1
ORD001083,PROD0272,5,834.67,0.05
ORD016090,PROD0163,2,703.11,0.15
ORD013040,PROD0267,1,1411.95,0.1
ORD017521,PROD0010,4,1326.68,0.0
ORD000806,PROD0156,1,1302.29,0.05
ORD002030,PROD0236,2,1243.22,0.2
ORD000228,PROD0145,1,2107.82,0.05
ORD016887,PROD0296,2,605.83,0.1
ORD006743,PROD0238,1,1179.28,0.15
ORD011429,PROD0102,5,1726.73,0.0
ORD013983,PROD0144,4,1097.89,0.05
ORD009397,PROD0085,2,2361.96,0.0
ORD013622,PROD0053,4,499.98,0.1
ORD004119,PROD0236,2,1243.22,0.05
ORD013747,PROD0260,1,2453.91,0.1
ORD002705,PROD0239,5,3878.85,0.0
ORD017247,PROD0005,1,5350.44,0.0
ORD001359,PROD0284,5,1551.66,0.05
ORD015683,PROD0103,1,814.61,0.15
ORD000574,PROD0293,4,1136.47,0.15
ORD001489,PROD0084,2,787.16,0.2
ORD003285,PROD0074,2,701.79,0.0
ORD007458,PROD0185,5,592.37,0.0
ORD016975,PROD0138,4,2041.26,0.0
ORD005710,PROD0183,3,606.73,0.05
ORD014150,PROD0122,3,768.92,0.1
ORD008506,PROD0146,3,2912.21,0.05
ORD000011,PROD0065,3,298.49,0.15
ORD002257,PROD0037,1,1059.57,0.0
ORD005228,PROD0256,5,895.23,0.1
ORD010706,PROD0237,2,1008.9,0.05
ORD011259,PROD0039,5,748.33,0.0
ORD009862,PROD0185,3,592.37,0.05
ORD000353,PROD0080,3,1973.58,0.0
ORD016736,PROD0079,4,1557.75,0.05
ORD015656,PROD0206,5,512.36,0.1
ORD004407,PROD0032,4,1792.53,0.0
ORD000384,PROD0183,4,606.73,0.05
ORD005944,PROD0069,2,6450.78,0.1
ORD004018,PROD0208,4,1605.39,0.2
ORD000305,PROD0242,3,1251.99,0.05
ORD000166,PROD0036,3,2265.4,0.05
ORD011682,PROD0096,1,830.36,0.1
ORD002503,PROD0212,3,936.47,0.15
ORD015016,PROD0287,5,1180.58,0.0
ORD005290,PROD0212,5,936.47,0.05
ORD001692,PROD0135,3,1098.25,0.15
ORD003257,PROD0295,5,450.65,0.05
ORD007876,PROD0146,3,2912.21,0.05
ORD005703,PROD0116,2,435.35,0.1
ORD007128,PROD0179,5,608.27,0.05
ORD005716,PROD0047,1,743.87,0.15
ORD012089,PROD0071,1,1519.69,0.05
ORD013935,PROD0189,2,260.5,0.1
ORD006684,PROD0051,1,257.94,0.05
ORD013552,PROD0272,4,834.67,0.15
ORD001647,PROD0055,3,1758.65,0.05
ORD000191,PROD0217,4,748.27,0.0
ORD001696,PROD0091,4,402.26,0.05
ORD009003,PROD0023,4,529.99,0.2
ORD002243,PROD0018,2,1106.42,0.15
ORD012631,PROD0141,3,526.7,0.0
ORD009341,PROD0157,3,1342.68,0.05
ORD013363,PROD0203,2,1208.94,0.2
ORD006071,PROD0222,1,803.44,0.1
ORD006635,PROD0066,2,705.54,0.1
ORD001407,PROD0038,1,1310.24,0.1
ORD003521,PROD0133,4,737.29,0.0
ORD009702,PROD0274,2,356.93,0.0
ORD017604,PROD0144,2,1097.89,0.0
ORD005164,PROD0142,3,536.55,0.2
ORD016328,PROD0043,5,950.69,0.15
ORD016867,PROD0033,5,726.59,0.05
ORD002732,PROD0060,1,511.57,0.2
ORD005796,PROD0035,2,914.62,0.2
ORD005841,PROD0040,4,5448.94,0.0
ORD012755,PROD0282,2,1059.41,0.0
ORD001672,PROD0011,2,569.66,0.0
ORD007775,PROD0267,3,1411.95,0.0
ORD014877,PROD0173,4,1893.36,0.1
ORD004721,PROD0176,4,890.34,0.1
ORD012970,PROD0179,5,608.27,0.0
ORD005472,PROD0220,4,1249.15,0.05
ORD008311,PROD0121,5,1762.91,0.2
ORD012933,PROD0123,4,2787.07,0.1
ORD005670,PROD0121,2,1762.91,0.05
ORD003959,PROD0141,1,526.7,0.0
ORD002360,PROD0279,4,1760.62,0.0
ORD014364,PROD0217,5,748.27,0.0
ORD009933,PROD0159,1,2084.31,0.05
ORD006622,PROD0182,4,1491.37,0.05
ORD001379,PROD0281,1,5213.75,0.2
ORD009847,PROD0231,1,1734.21,0.05
ORD003365,PROD0201,3,1107.62,0.05
ORD016912,PROD0060,4,511.57,0.1
ORD014935,PROD0233,3,865.79,0.1
ORD008784,PROD0294,5,608.79,0.15
ORD013517,PROD0119,3,1545.4,0.15
ORD006098,PROD0282,3,1059.41,0.15
ORD007081,PROD0219,2,1088.5,0.0
ORD002388,PROD0168,4,1759.17,0.05
ORD004823,PROD0120,2,3592.34,0.0
ORD005613,PROD0196,5,624.67,0.05
ORD001446,PROD0274,1,356.93,0.15
ORD006142,PROD0299,5,3528.34,0.05
ORD000507,PROD0287,3,1180.58,0.1
ORD003263,PROD0121,4,1762.91,0.1
ORD006011,PROD0232,2,480.05,0.05
ORD014450,PROD0167,3,2511.68,0.0
ORD010743,PROD0244,1,1140.3,0.05
ORD015438,PROD0119,1,1545.4,0.1
ORD009284,PROD0102,1,1726.73,0.1
ORD002822,PROD0036,5,2265.4,0.0
ORD016637,PROD0251,1,1056.88,0.1
ORD017282,PROD0032,4,1792.53,0.0
ORD016758,PROD0245,5,258.37,0.0
ORD003667,PROD0245,3,258.37,0.0
ORD014088,PROD0281,3,5213.75,0.05
ORD014280,PROD0298,3,392.05,0.15
ORD014299,PROD0176,1,890.34,0.1
ORD014762,PROD0084,2,787.16,0.0
ORD015651,PROD0280,5,239.29,0.05
ORD003870,PROD0057,5,1480.61,0.0
ORD011785,PROD0236,4,1243.22,0.15
ORD005494,PROD0149,3,231.51,0.05
ORD006087,PROD0081,1,2207.21,0.0
ORD013370,PROD0038,1,1310.24,0.15
ORD014124,PROD0236,1,1243.22,0.05
ORD005672,PROD0083,1,1558.0,0.2
ORD010288,PROD0290,1,3732.41,0.05
ORD013916,PROD0176,3,890.34,0.1
ORD016791,PROD0186,3,324.33,0.0
ORD001813,PROD0052,5,1103.19,0.15
ORD003695,PROD0090,4,1416.42,0.15
ORD002030,PROD0072,1,4756.76,0.1
ORD016513,PROD0039,2,748.33,0.0
ORD000614,PROD0128,5,414.27,0.0
ORD011832,PROD0162,4,377.71,0.15
ORD013682,PROD0154,5,611.42,0.0
ORD008532,PROD0261,3,1950.36,0.1
ORD012407,PROD0215,5,496.9,0.0
ORD012925,PROD0105,3,813.74,0.05
ORD007251,PROD0266,1,1066.97,0.1
ORD003063,PROD0107,3,416.19,0.0
ORD002602,PROD0097,3,2244.75,0.05
ORD001503,PROD0266,2,1066.97,0.1
ORD000472,PROD0252,2,1091.64,0.2
ORD004392,PROD0262,5,1081.48,0.2
ORD008412,PROD0130,1,1402.05,0.05
ORD001813,PROD0142,1,536.55,0.0
ORD008387,PROD0018,3,1106.42,0.15
ORD003496,PROD0209,5,4636.93,0.0
ORD004750,PROD0027,5,5305.88,0.1
ORD005909,PROD0246,1,484.36,0.15
ORD004326,PROD0133,5,737.29,0.05
ORD006293,PROD0100,4,1535.02,0.15
ORD016807,PROD0219,4,1088.5,0.0
ORD014768,PROD0210,5,539.67,0.15
ORD005440,PROD0105,2,813.74,0.1
ORD011828,PROD0124,5,7033.68,0.15
ORD015452,PROD0039,4,748.33,0.05
ORD005829,PROD0275,5,1740.08,0.0
ORD001960,PROD0044,2,2277.54,0.2
ORD008730,PROD0033,5,726.59,0.05
ORD017994,PROD0191,3,425.27,0.0
ORD016855,PROD0030,5,1536.54,0.05
ORD005403,PROD0219,2,1088.5,0.1
ORD011209,PROD0096,4,830.36,0.0
ORD014085,PROD0029,5,1224.14,0.0
ORD004397,PROD0264,4,409.67,0.05
ORD003784,PROD0172,4,3513.98,0.1
ORD005340,PROD0163,4,703.11,0.0
ORD005287,PROD0142,5,536.55,0.05
ORD011402,PROD0165,4,1341.44,0.1
ORD016366,PROD0102,4,1726.73,0.0
ORD015143,PROD0040,1,5448.94,0.0
ORD003800,PROD0032,2,1792.53,0.1
ORD012648,PROD0256,1,895.23,0.1
ORD007151,PROD0266,5,1066.97,0.0
ORD009018,PROD0093,2,2481.82,0.1
ORD015351,PROD0095,5,853.11,0.0
ORD011982,PROD0054,2,1149.11,0.15
ORD016023,PROD0023,5,529.99,0.05
ORD006706,PROD0251,3,1056.88,0.1
ORD006282,PROD0277,1,668.68,0.05
ORD017346,PROD0133,3,737.29,0.05
ORD012979,PROD0037,1,1059.57,0.15
ORD011330,PROD0198,5,1910.21,0.1
ORD009978,PROD0133,1,737.29,0.0
ORD008618,PROD0053,5,499.98,0.1
ORD006809,PROD0001,5,2228.63,0.0
ORD000152,PROD0243,5,4498.92,0.1
ORD009179,PROD0182,5,1491.37,0.15
ORD007932,PROD0246,5,484.36,0.1
ORD011479,PROD0138,5,2041.26,0.1
ORD002807,PROD0264,3,409.67,0.15
ORD000376,PROD0153,5,192.77,0.05
ORD012096,PROD0114,1,983.9,0.05
ORD012970,PROD0162,5,377.71,0.05
ORD004379,PROD0216,5,2535.43,0.05
ORD012703,PROD0196,5,624.67,0.1
ORD008412,PROD0023,1,529.99,0.05
ORD009962,PROD0105,4,813.74,0.0
ORD013056,PROD0019,1,2132.91,0.0
ORD013653,PROD0147,5,1277.67,0.15
ORD003204,PROD0131,2,719.35,0.0
ORD009176,PROD0175,2,2260.04,0.0
ORD006550,PROD0134,5,938.67,0.1
ORD013331,PROD0242,2,1251.99,0.1
ORD012124,PROD0189,3,260.5,0.2
ORD015522,PROD0059,2,3884.69,0.1
ORD013299,PROD0101,5,3596.1,0.15
ORD016374,PROD0094,4,1585.84,0.0
ORD010282,PROD0225,2,670.12,0.0
ORD008202,PROD0219,2,1088.5,0.0
ORD012909,PROD0262,4,1081.48,0.15
ORD005448,PROD0087,2,2381.84,0.1
ORD010299,PROD0143,2,2026.75,0.05
ORD006430,PROD0135,5,1098.25,0.0
ORD016549,PROD0260,4,2453.91,0.1
ORD008900,PROD0193,3,3394.61,0.0
ORD015802,PROD0276,2,1150.97,0.1
ORD002521,PROD0258,3,814.14,0.05
ORD014603,PROD0003,2,2931.9,0.0
ORD010085,PROD0080,1,1973.58,0.0
ORD009773,PROD0268,4,1593.82,0.05
ORD004439,PROD0177,3,1733.37,0.2
ORD010274,PROD0035,4,914.62,0.0
ORD000105,PROD0114,1,983.9,0.0
ORD015421,PROD0058,1,5552.05,0.1
ORD013176,PROD0239,5,3878.85,0.05
ORD002725,PROD0150,5,1469.35,0.0
ORD015085,PROD0030,3,1536.54,0.1
ORD005909,PROD0061,4,1808.63,0.05
ORD013526,PROD0286,1,722.33,0.05
ORD005891,PROD0140,2,4498.4,0.2
ORD017742,PROD0178,2,1006.65,0.0
ORD013154,PROD0083,4,1558.0,0.2
ORD001982,PROD0039,4,748.33,0.1
ORD016961,PROD0177,2,1733.37,0.05
ORD014801,PROD0136,3,4655.74,0.05
ORD001953,PROD0087,3,2381.84,0.0
ORD016703,PROD0294,1,608.79,0.0
ORD014932,PROD0122,1,768.92,0.05
ORD016216,PROD0290,3,3732.41,0.1
ORD010130,PROD0026,1,926.18,0.0
ORD017832,PROD0009,4,419.4,0.0
ORD008061,PROD0133,3,737.29,0.0
ORD002483,PROD0086,1,1292.77,0.2
ORD017779,PROD0120,1,3592.34,0.15
ORD015668,PROD0235,4,1069.09,0.0
ORD010039,PROD0099,3,550.57,0.05
ORD001994,PROD0088,4,255.81,0.05
ORD002235,PROD0082,5,835.72,0.05
ORD009955,PROD0243,5,4498.92,0.0
ORD001373,PROD0110,3,2045.64,0.1
ORD002376,PROD0162,2,377.71,0.2
ORD012455,PROD0090,1,1416.42,0.1
ORD000942,PROD0177,2,1733.37,0.05
ORD006294,PROD0047,2,743.87,0.1
ORD004961,PROD0300,5,2550.36,0.0
ORD005092,PROD0137,1,445.2,0.05
ORD002694,PROD0099,3,550.57,0.2
ORD010355,PROD0074,3,701.79,0.05
ORD005936,PROD0265,3,709.86,0.0
ORD005335,PROD0236,5,1243.22,0.05
ORD011732,PROD0260,4,2453.91,0.2
ORD004385,PROD0121,2,1762.91,0.1
ORD009921,PROD0211,1,1092.8,0.0
ORD012261,PROD0240,2,1736.87,0.1
ORD017628,PROD0123,4,2787.07,0.15
ORD011191,PROD0174,5,1681.39,0.1
ORD011655,PROD0060,2,511.57,0.15
ORD017740,PROD0064,4,706.46,0.1
ORD007821,PROD0119,1,1545.4,0.05
ORD006725,PROD0197,1,774.0,0.1
ORD003917,PROD0113,5,495.12,0.1
ORD005401,PROD0012,3,2384.44,0.2
ORD000101,PROD0205,5,315.35,0.1
ORD005817,PROD0233,1,865.79,0.05
ORD000495,PROD0146,1,2912.21,0.1
ORD005088,PROD0276,5,1150.97,0.1
ORD011625,PROD0100,4,1535.02,0.05
ORD005596,PROD0226,1,322.28,0.0
ORD017460,PROD0290,4,3732.41,0.05
ORD008982,PROD0004,5,1005.11,0.2
ORD000925,PROD0040,1,5448.94,0.05
ORD016139,PROD0209,2,4636.93,0.1
ORD000899,PROD0222,5,803.44,0.05
ORD008665,PROD0051,3,257.94,0.1
ORD005570,PROD0199,5,919.06,0.05
ORD003471,PROD0211,3,1092.8,0.1
ORD017953,PROD0140,4,4498.4,0.1
ORD012968,PROD0060,3,511.57,0.0
ORD010048,PROD0156,1,1302.29,0.1
ORD017137,PROD0271,3,1034.8,0.0
ORD014424,PROD0259,1,272.42,0.05
ORD013907,PROD0092,2,2466.2,0.05
ORD003872,PROD0019,2,2132.91,0.2
ORD005171,PROD0281,3,5213.75,0.1
ORD012788,PROD0136,2,4655.74,0.0
ORD017842,PROD0103,1,814.61,0.2
ORD016259,PROD0245,3,258.37,0.05
ORD003636,PROD0238,4,1179.28,0.0
ORD008796,PROD0247,3,1013.19,0.05
ORD009620,PROD0198,1,1910.21,0.1
ORD017794,PROD0164,4,1896.67,0.15
ORD008453,PROD0086,3,1292.77,0.1
ORD007124,PROD0296,4,605.83,0.1
ORD008688,PROD0068,2,2579.6,0.1
ORD001802,PROD0184,1,734.18,0.05
ORD002547,PROD0157,2,1342.68,0.05
ORD014171,PROD0153,3,192.77,0.05
ORD015205,PROD0019,3,2132.91,0.2
ORD009779,PROD0140,4,4498.4,0.05
ORD016240,PROD0162,3,377.71,0.0
ORD003611,PROD0065,3,298.49,0.15
ORD013886,PROD0220,5,1249.15,0.05
ORD003040,PROD0008,3,1428.37,0.0
ORD002842,PROD0150,3,1469.35,0.0
ORD007952,PROD0244,3,1140.3,0.05
ORD013448,PROD0020,5,2005.81,0.1
ORD012713,PROD0158,3,1130.19,0.05
ORD013081,PROD0291,3,859.37,0.05
ORD005629,PROD0194,3,2044.13,0.0
ORD016802,PROD0102,4,1726.73,0.15
ORD000652,PROD0051,3,257.94,0.15
ORD005521,PROD0048,2,2692.11,0.05
ORD009069,PROD0205,5,315.35,0.15
ORD002961,PROD0182,1,1491.37,0.1
ORD000968,PROD0184,1,734.18,0.05
ORD008440,PROD0061,4,1808.63,0.0
ORD005949,PROD0036,2,2265.4,0.0
ORD001906,PROD0187,5,2575.23,0.05
ORD012987,PROD0050,4,138.33,0.1
ORD016452,PROD0012,5,2384.44,0.15
ORD009376,PROD0111,2,843.13,0.05
ORD003164,PROD0141,1,526.7,0.0
ORD003339,PROD0273,2,1884.45,0.0
ORD002828,PROD0017,4,5213.81,0.1
ORD017165,PROD0155,4,383.07,0.0
ORD013056,PROD0278,3,1418.31,0.2
ORD000211,PROD0012,5,2384.44,0.05
ORD002344,PROD0058,3,5552.05,0.1
ORD005530,PROD0115,4,1198.13,0.1
ORD005803,PROD0044,1,2277.54,0.0
ORD003675,PROD0266,4,1066.97,0.0
ORD014200,PROD0282,4,1059.41,0.0
ORD006835,PROD0157,2,1342.68,0.2
ORD006793,PROD0232,1,480.05,0.1
ORD017140,PROD0282,2,1059.41,0.15
ORD011848,PROD0251,1,1056.88,0.05
ORD011941,PROD0018,5,1106.42,0.0
ORD009742,PROD0177,4,1733.37,0.1
ORD001288,PROD0271,4,1034.8,0.2
ORD000312,PROD0128,4,414.27,0.15
ORD004922,PROD0118,4,437.61,0.1
ORD009770,PROD0033,4,726.59,0.05
ORD008023,PROD0218,3,852.15,0.1
ORD005548,PROD0276,2,1150.97,0.05
ORD016161,PROD0058,1,5552.05,0.05
ORD008343,PROD0064,3,706.46,0.0
ORD011997,PROD0184,5,734.18,0.0
ORD012341,PROD0067,1,1836.4,0.05
ORD008820,PROD0183,5,606.73,0.1
ORD000318,PROD0231,3,1734.21,0.05
ORD008667,PROD0051,4,257.94,0.05
ORD006932,PROD0164,4,1896.67,0.2
ORD006863,PROD0204,5,1064.24,0.05
ORD002519,PROD0169,2,2484.01,0.0
ORD011753,PROD0161,5,1467.22,0.1
ORD017801,PROD0060,5,511.57,0.1
ORD010271,PROD0063,1,453.52,0.2
ORD010675,PROD0083,1,1558.0,0.2
ORD006747,PROD0072,1,4756.76,0.15
ORD006133,PROD0256,5,895.23,0.05
ORD000519,PROD0002,2,1122.65,0.05
ORD006680,PROD0191,3,425.27,0.1
ORD000349,PROD0284,5,1551.66,0.05
ORD010231,PROD0004,3,1005.11,0.1
ORD003099,PROD0095,5,853.11,0.0
ORD012546,PROD0111,5,843.13,0.0
ORD007512,PROD0020,1,2005.81,0.2
ORD014876,PROD0090,3,1416.42,0.1
ORD012650,PROD0078,1,1498.55,0.0
ORD015624,PROD0042,1,5997.9,0.05
ORD000779,PROD0194,1,2044.13,0.2
ORD004835,PROD0132,4,1663.98,0.0
ORD010170,PROD0017,2,5213.81,0.1
ORD012044,PROD0231,3,1734.21,0.15
ORD013705,PROD0179,1,608.27,0.2
ORD004689,PROD0132,1,1663.98,0.05
ORD011461,PROD0266,1,1066.97,0.05
ORD012456,PROD0028,3,740.62,0.05
ORD007320,PROD0035,5,914.62,0.05
ORD003294,PROD0054,2,1149.11,0.05
ORD005964,PROD0239,4,3878.85,0.0
ORD012798,PROD0014,2,596.75,0.05
ORD000931,PROD0216,1,2535.43,0.05
ORD011996,PROD0222,2,803.44,0.2
ORD007009,PROD0260,4,2453.91,0.15
ORD012271,PROD0291,5,859.37,0.05
ORD001946,PROD0039,5,748.33,0.2
ORD009166,PROD0221,2,861.75,0.1
ORD004937,PROD0200,3,1906.63,0.05
ORD001325,PROD0209,2,4636.93,0.0
ORD006853,PROD0119,5,1545.4,0.1
ORD011370,PROD0099,3,550.57,0.15
ORD012410,PROD0285,1,1253.77,0.05
ORD011850,PROD0050,3,138.33,0.2
ORD007975,PROD0139,4,624.58,0.1
ORD011161,PROD0200,2,1906.63,0.1
ORD004657,PROD0117,3,1622.14,0.0
ORD016630,PROD0293,1,1136.47,0.0
ORD015718,PROD0106,2,770.07,0.05
ORD014936,PROD0099,2,550.57,0.1
ORD007027,PROD0054,1,1149.11,0.0
ORD017842,PROD0283,4,1585.65,0.2
ORD007192,PROD0020,2,2005.81,0.0
ORD009857,PROD0074,2,701.79,0.05
ORD003984,PROD0282,3,1059.41,0.05
ORD005896,PROD0256,1,895.23,0.1
ORD016713,PROD0143,5,2026.75,0.2
ORD011738,PROD0281,5,5213.75,0.05
ORD012351,PROD0236,5,1243.22,0.05
ORD004585,PROD0018,3,1106.42,0.15
ORD002983,PROD0151,1,938.09,0.15
ORD001675,PROD0229,5,251.37,0.0
ORD010899,PROD0249,2,4012.64,0.1
ORD016343,PROD0046,1,423.5,0.1
ORD014709,PROD0031,3,2790.09,0.2
ORD009591,PROD0065,3,298.49,0.05
ORD000391,PROD0027,4,5305.88,0.1
ORD001352,PROD0143,3,2026.75,0.2
ORD006692,PROD0225,5,670.12,0.05
ORD015392,PROD0174,4,1681.39,0.1
ORD016147,PROD0258,1,814.14,0.15
ORD005027,PROD0250,4,468.3,0.1
ORD014745,PROD0036,2,2265.4,0.05
ORD012374,PROD0041,3,566.23,0.05
ORD004721,PROD0123,3,2787.07,0.1
ORD003437,PROD0011,3,569.66,0.0
ORD016136,PROD0062,5,1731.8,0.05
ORD006658,PROD0118,1,437.61,0.2
ORD004682,PROD0190,1,1494.94,0.15
ORD002044,PROD0143,5,2026.75,0.05
ORD000623,PROD0002,4,1122.65,0.1
ORD017968,PROD0066,3,705.54,0.1
ORD013136,PROD0198,1,1910.21,0.05
ORD006271,PROD0059,2,3884.69,0.05
ORD006167,PROD0032,1,1792.53,0.05
ORD012053,PROD0265,1,709.86,0.0
ORD005807,PROD0146,5,2912.21,0.15
ORD005640,PROD0197,3,774.0,0.1
ORD007008,PROD0254,3,1021.7,0.0
ORD012759,PROD0247,1,1013.19,0.2
ORD015641,PROD0086,2,1292.77,0.05
ORD004246,PROD0067,5,1836.4,0.1
ORD014757,PROD0089,2,390.25,0.15
ORD011161,PROD0118,1,437.61,0.05
ORD010575,PROD0279,3,1760.62,0.15
ORD006924,PROD0225,3,670.12,0.2
ORD012004,PROD0081,5,2207.21,0.15
ORD011740,PROD0161,3,1467.22,0.2
ORD007923,PROD0173,4,1893.36,0.05
ORD014904,PROD0249,2,4012.64,0.1
ORD016583,PROD0226,3,322.28,0.1
ORD016560,PROD0005,4,5350.44,0.2
ORD002277,PROD0007,5,838.82,0.1
ORD017010,PROD0049,3,474.29,0.1
ORD015849,PROD0257,1,994.46,0.15
ORD013393,PROD0014,3,596.75,0.0
ORD010480,PROD0169,4,2484.01,0.0
ORD015743,PROD0101,2,3596.1,0.05
ORD001704,PROD0114,1,983.9,0.1
ORD017264,PROD0069,1,6450.78,0.0
ORD003147,PROD0047,1,743.87,0.0
ORD014313,PROD0037,1,1059.57,0.2
ORD007130,PROD0149,2,231.51,0.1
ORD015159,PROD0034,5,1106.13,0.0
ORD012903,PROD0097,2,2244.75,0.05
ORD014142,PROD0215,5,496.9,0.05
ORD015537,PROD0161,3,1467.22,0.05
ORD003212,PROD0227,5,663.99,0.1
ORD004657,PROD0234,2,1884.98,0.05
ORD007910,PROD0290,1,3732.41,0.15
ORD012879,PROD0277,3,668.68,0.2
ORD015562,PROD0196,4,624.67,0.15
ORD000575,PROD0181,1,218.55,0.1
ORD015877,PROD0251,4,1056.88,0.1
ORD004355,PROD0007,5,838.82,0.1
ORD011099,PROD0082,1,835.72,0.0
ORD003836,PROD0223,4,1507.47,0.0
ORD010377,PROD0068,4,2579.6,0.2
ORD008835,PROD0210,2,539.67,0.1
ORD001914,PROD0288,1,1099.87,0.0
ORD013283,PROD0154,1,611.42,0.1
ORD006467,PROD0052,2,1103.19,0.05
ORD009273,PROD0045,2,1204.82,0.1
ORD003768,PROD0113,5,495.12,0.0
ORD011237,PROD0258,5,814.14,0.0
ORD010472,PROD0162,2,377.71,0.15
ORD013087,PROD0106,4,770.07,0.1
ORD015617,PROD0083,3,1558.0,0.0
ORD017209,PROD0034,4,1106.13,0.05
ORD015747,PROD0102,4,1726.73,0.15
ORD005414,PROD0096,2,830.36,0.15
ORD006058,PROD0280,4,239.29,0.15
ORD000418,PROD0281,5,5213.75,0.1
ORD008176,PROD0039,1,748.33,0.2
ORD013777,PROD0221,3,861.75,0.2
ORD002714,PROD0033,5,726.59,0.1
ORD011695,PROD0027,4,5305.88,0.05
ORD008906,PROD0283,3,1585.65,0.1
ORD008430,PROD0226,4,322.28,0.1
ORD003620,PROD0116,5,435.35,0.1
ORD014451,PROD0244,1,1140.3,0.0
ORD013315,PROD0059,2,3884.69,0.0
ORD000405,PROD0297,4,359.44,0.0
ORD013342,PROD0010,2,1326.68,0.0
ORD005506,PROD0101,3,3596.1,0.1
ORD010921,PROD0192,2,2094.72,0.1
ORD001090,PROD0049,4,474.29,0.15
ORD004347,PROD0118,5,437.61,0.0
ORD015363,PROD0197,5,774.0,0.0
ORD016129,PROD0165,4,1341.44,0.05
ORD017268,PROD0288,5,1099.87,0.05
ORD011063,PROD0109,2,315.2,0.1
ORD001933,PROD0290,4,3732.41,0.15
ORD013735,PROD0242,1,1251.99,0.05
ORD012520,PROD0190,4,1494.94,0.1
ORD009044,PROD0116,4,435.35,0.05
ORD010697,PROD0275,1,1740.08,0.1
ORD003253,PROD0048,5,2692.11,0.0
ORD014512,PROD0241,4,215.23,0.0
ORD001574,PROD0178,5,1006.65,0.1
ORD001393,PROD0151,1,938.09,0.1
ORD009448,PROD0061,2,1808.63,0.1
ORD007433,PROD0228,3,1012.55,0.0
ORD017076,PROD0067,3,1836.4,0.1
ORD009469,PROD0005,1,5350.44,0.2
ORD017869,PROD0271,2,1034.8,0.05
ORD016135,PROD0283,5,1585.65,0.0
ORD010460,PROD0163,5,703.11,0.0
ORD000257,PROD0276,1,1150.97,0.1
ORD009029,PROD0091,3,402.26,0.05
ORD001932,PROD0174,5,1681.39,0.15
ORD004386,PROD0241,3,215.23,0.15
ORD001152,PROD0234,1,1884.98,0.05
ORD001812,PROD0095,3,853.11,0.2
ORD005488,PROD0124,3,7033.68,0.15
ORD017681,PROD0077,4,372.07,0.0
ORD012083,PROD0056,4,1815.37,0.0
ORD009768,PROD0150,4,1469.35,0.15
ORD010859,PROD0296,5,605.83,0.1
ORD017909,PROD0007,1,838.82,0.2
ORD009926,PROD0053,1,499.98,0.2
ORD009989,PROD0274,3,356.93,0.0
ORD001921,PROD0271,4,1034.8,0.2
ORD007556,PROD0283,5,1585.65,0.0
ORD000900,PROD0253,1,3782.92,0.05
ORD015402,PROD0059,5,3884.69,0.15
ORD003054,PROD0058,1,5552.05,0.1
ORD008550,PROD0202,1,1039.91,0.05
ORD014587,PROD0026,3,926.18,0.05
ORD014564,PROD0079,1,1557.75,0.05
ORD003221,PROD0079,2,1557.75,0.0
ORD010787,PROD0206,2,512.36,0.1
ORD005721,PROD0202,3,1039.91,0.05
ORD009656,PROD0225,5,670.12,0.1
ORD013072,PROD0045,4,1204.82,0.1
ORD017578,PROD0209,2,4636.93,0.1
ORD013281,PROD0272,3,834.67,0.1
ORD016929,PROD0011,1,569.66,0.1
ORD016058,PROD0249,4,4012.64,0.15
ORD001303,PROD0176,2,890.34,0.2
ORD003261,PROD0140,1,4498.4,0.05
ORD017809,PROD0184,1,734.18,0.2
ORD000053,PROD0055,1,1758.65,0.0
ORD015509,PROD0226,4,322.28,0.2
ORD001565,PROD0101,5,3596.1,0.05
ORD009351,PROD0124,5,7033.68,0.0
ORD003305,PROD0112,4,3157.32,0.2
ORD002886,PROD0298,2,392.05,0.0
ORD009222,PROD0268,1,1593.82,0.15
ORD003149,PROD0291,2,859.37,0.2
ORD002689,PROD0030,5,1536.54,0.0
ORD009392,PROD0224,4,4037.97,0.0
ORD004821,PROD0130,3,1402.05,0.05
ORD004252,PROD0291,5,859.37,0.2
ORD016469,PROD0255,1,2724.93,0.1
ORD017873,PROD0045,4,1204.82,0.15
ORD017364,PROD0106,3,770.07,0.05
ORD008492,PROD0220,5,1249.15,0.0
ORD011852,PROD0182,5,1491.37,0.1
ORD009455,PROD0098,1,1788.67,0.0
ORD001289,PROD0019,2,2132.91,0.2
ORD002472,PROD0164,3,1896.67,0.15
ORD007395,PROD0019,1,2132.91,0.15
ORD007090,PROD0293,4,1136.47,0.2
ORD014714,PROD0174,5,1681.39,0.05
ORD012105,PROD0032,2,1792.53,0.15
ORD014980,PROD0279,2,1760.62,0.1
ORD000809,PROD0181,2,218.55,0.1
ORD001919,PROD0065,3,298.49,0.1
ORD006943,PROD0291,1,859.37,0.05
ORD013078,PROD0251,4,1056.88,0.1
ORD017927,PROD0175,1,2260.04,0.15
ORD001243,PROD0032,5,1792.53,0.15
ORD013187,PROD0292,2,526.18,0.0
ORD002066,PROD0141,5,526.7,0.05
ORD000422,PROD0121,2,1762.91,0.1
ORD009784,PROD0177,2,1733.37,0.0
ORD013894,PROD0016,1,2382.58,0.1
ORD002876,PROD0020,1,2005.81,0.15
ORD016302,PROD0103,5,814.61,0.0
ORD003552,PROD0168,3,1759.17,0.2
ORD010477,PROD0296,2,605.83,0.2
ORD010036,PROD0121,3,1762.91,0.1
ORD010332,PROD0027,5,5305.88,0.0
ORD015679,PROD0098,5,1788.67,0.05
ORD013582,PROD0276,1,1150.97,0.0
ORD003434,PROD0135,5,1098.25,0.2
ORD015928,PROD0135,1,1098.25,0.05
ORD004997,PROD0210,4,539.67,0.0
ORD012870,PROD0104,3,917.71,0.0
ORD006976,PROD0272,2,834.67,0.05
ORD012982,PROD0155,1,383.07,0.05
ORD003945,PROD0203,3,1208.94,0.1
ORD015003,PROD0093,4,2481.82,0.1
ORD009952,PROD0232,5,480.05,0.1
ORD002460,PROD0131,3,719.35,0.0
ORD014158,PROD0107,2,416.19,0.15
ORD004200,PROD0277,4,668.68,0.0
ORD013591,PROD0033,4,726.59,0.1
ORD000213,PROD0158,5,1130.19,0.1
ORD012758,PROD0081,5,2207.21,0.05
ORD003695,PROD0232,1,480.05,0.2
ORD000194,PROD0276,4,1150.97,0.15
ORD006564,PROD0120,5,3592.34,0.2
ORD006436,PROD0147,3,1277.67,0.1
ORD000479,PROD0078,5,1498.55,0.15
ORD005221,PROD0183,4,606.73,0.15
ORD000714,PROD0130,1,1402.05,0.0
ORD011796,PROD0203,5,1208.94,0.2
ORD016878,PROD0065,3,298.49,0.05
ORD007152,PROD0007,2,838.82,0.05
ORD007050,PROD0220,2,1249.15,0.0
ORD013682,PROD0255,3,2724.93,0.15
ORD004327,PROD0289,5,1376.41,0.1
ORD000379,PROD0265,5,709.86,0.15
ORD013725,PROD0078,2,1498.55,0.15
ORD009580,PROD0090,1,1416.42,0.05
ORD005927,PROD0190,2,1494.94,0.15
ORD006805,PROD0056,3,1815.37,0.05
ORD002288,PROD0103,1,814.61,0.05
ORD002134,PROD0275,3,1740.08,0.1
ORD011363,PROD0163,2,703.11,0.05
ORD001863,PROD0029,2,1224.14,0.05
ORD003987,PROD0034,1,1106.13,0.1
ORD015257,PROD0186,5,324.33,0.15
ORD004889,PROD0200,5,1906.63,0.1
ORD004845,PROD0272,2,834.67,0.1
ORD015625,PROD0226,5,322.28,0.1
ORD010453,PROD0262,3,1081.48,0.0
ORD013062,PROD0114,3,983.9,0.1
ORD015121,PROD0257,5,994.46,0.1
ORD008205,PROD0113,1,495.12,0.1
ORD010150,PROD0241,3,215.23,0.15
ORD006093,PROD0262,3,1081.48,0.05
ORD003850,PROD0054,3,1149.11,0.0
ORD013981,PROD0163,3,703.11,0.1
ORD013675,PROD0273,2,1884.45,0.05
ORD002878,PROD0276,3,1150.97,0.1
ORD003190,PROD0089,1,390.25,0.15
ORD006052,PROD0122,4,768.92,0.0
ORD003975,PROD0147,3,1277.67,0.15
ORD004140,PROD0141,1,526.7,0.1
ORD010549,PROD0142,3,536.55,0.0
ORD017439,PROD0030,1,1536.54,0.15
ORD008842,PROD0075,4,993.75,0.15
ORD009196,PROD0171,1,619.82,0.05
ORD011639,PROD0085,5,2361.96,0.05
ORD010147,PROD0146,3,2912.21,0.2
ORD015480,PROD0077,5,372.07,0.2
ORD017174,PROD0262,3,1081.48,0.1
ORD008364,PROD0149,3,231.51,0.0
ORD012866,PROD0277,5,668.68,0.05
ORD017717,PROD0140,3,4498.4,0.0
ORD017190,PROD0252,1,1091.64,0.1
ORD010726,PROD0274,1,356.93,0.2
ORD003358,PROD0193,4,3394.61,0.05
ORD016339,PROD0079,5,1557.75,0.2
ORD003200,PROD0153,4,192.77,0.05
ORD000050,PROD0020,4,2005.81,0.05
ORD011270,PROD0079,1,1557.75,0.2
ORD011733,PROD0110,4,2045.64,0.15
ORD015865,PROD0003,3,2931.9,0.15
ORD015014,PROD0043,5,950.69,0.05
ORD011837,PROD0191,4,425.27,0.15
ORD001189,PROD0186,4,324.33,0.2
ORD007773,PROD0242,5,1251.99,0.1
ORD013716,PROD0252,5,1091.64,0.15
ORD013222,PROD0299,4,3528.34,0.05
ORD010897,PROD0205,3,315.35,0.05
ORD009847,PROD0269,2,528.68,0.1
ORD010155,PROD0144,5,1097.89,0.0
ORD013752,PROD0230,4,1187.41,0.2
ORD007257,PROD0058,3,5552.05,0.05
ORD002224,PROD0219,2,1088.5,0.2
ORD005936,PROD0061,4,1808.63,0.1
ORD007126,PROD0264,2,409.67,0.05
ORD008451,PROD0272,4,834.67,0.15
ORD013204,PROD0037,3,1059.57,0.15
ORD011630,PROD0089,1,390.25,0.0
ORD001407,PROD0058,3,5552.05,0.15
ORD006299,PROD0234,3,1884.98,0.05
ORD012014,PROD0257,1,994.46,0.05
ORD003138,PROD0288,3,1099.87,0.2
ORD006467,PROD0050,1,138.33,0.05
ORD004254,PROD0081,5,2207.21,0.05
ORD014973,PROD0141,2,526.7,0.2
ORD008045,PROD0116,5,435.35,0.1
ORD013665,PROD0030,5,1536.54,0.1
ORD009805,PROD0299,4,3528.34,0.05
ORD017642,PROD0062,2,1731.8,0.0
ORD012428,PROD0021,4,2017.39,0.05
ORD009277,PROD0228,1,1012.55,0.1
ORD015707,PROD0023,3,529.99,0.0
ORD005352,PROD0184,5,734.18,0.1
ORD014922,PROD0289,1,1376.41,0.1
ORD017790,PROD0113,5,495.12,0.15
ORD003191,PROD0081,4,2207.21,0.1
ORD005901,PROD0187,1,2575.23,0.0
ORD016537,PROD0259,5,272.42,0.2
ORD006096,PROD0092,5,2466.2,0.15
ORD005408,PROD0136,5,4655.74,0.05
ORD015260,PROD0109,5,315.2,0.0
ORD013838,PROD0050,1,138.33,0.05
ORD006240,PROD0071,1,1519.69,0.05
ORD007456,PROD0035,2,914.62,0.1
ORD011809,PROD0006,3,997.09,0.15
ORD015177,PROD0122,1,768.92,0.0
ORD001428,PROD0126,1,648.87,0.15
ORD001578,PROD0058,1,5552.05,0.05
ORD014112,PROD0056,2,1815.37,0.1
ORD002161,PROD0183,1,606.73,0.05
ORD001989,PROD0039,5,748.33,0.0
ORD015068,PROD0159,4,2084.31,0.1
ORD017155,PROD0054,3,1149.11,0.0
ORD012513,PROD0229,5,251.37,0.2
ORD006289,PROD0085,1,2361.96,0.05
ORD008917,PROD0205,1,315.35,0.2
ORD012159,PROD0033,1,726.59,0.0
ORD008928,PROD0179,2,608.27,0.05
ORD017666,PROD0202,3,1039.91,0.05
ORD006741,PROD0079,4,1557.75,0.1
ORD006648,PROD0233,5,865.79,0.2
ORD006225,PROD0188,1,5555.06,0.15
ORD015819,PROD0026,4,926.18,0.0
ORD006814,PROD0186,1,324.33,0.15
ORD008474,PROD0147,1,1277.67,0.05
ORD015198,PROD0109,1,315.2,0.0
ORD004619,PROD0211,2,1092.8,0.15
ORD013438,PROD0054,3,1149.11,0.0
ORD003440,PROD0120,1,3592.34,0.05
ORD001532,PROD0103,1,814.61,0.0
ORD015176,PROD0274,1,356.93,0.15
ORD002249,PROD0001,1,2228.63,0.05
ORD014132,PROD0234,5,1884.98,0.05
ORD010663,PROD0148,1,2479.32,0.15
ORD003430,PROD0249,3,4012.64,0.0
ORD004834,PROD0159,4,2084.31,0.05
ORD009623,PROD0109,2,315.2,0.05
ORD011971,PROD0274,4,356.93,0.05
ORD006743,PROD0118,5,437.61,0.15
ORD001541,PROD0145,1,2107.82,0.2
ORD015138,PROD0288,3,1099.87,0.1
ORD005995,PROD0191,2,425.27,0.1
ORD011089,PROD0250,2,468.3,0.2
ORD009815,PROD0241,5,215.23,0.2
ORD007485,PROD0170,2,1486.76,0.15
ORD015189,PROD0078,3,1498.55,0.05
ORD017528,PROD0187,4,2575.23,0.05
ORD007873,PROD0135,1,1098.25,0.15
ORD016667,PROD0057,4,1480.61,0.05
ORD010562,PROD0276,3,1150.97,0.1
ORD003659,PROD0058,4,5552.05,0.2
ORD017076,PROD0248,1,581.51,0.1
ORD017372,PROD0264,5,409.67,0.1
ORD012323,PROD0123,2,2787.07,0.1
ORD002475,PROD0248,3,581.51,0.05
ORD004631,PROD0073,4,3798.83,0.1
ORD010054,PROD0175,2,2260.04,0.05
ORD003314,PROD0113,1,495.12,0.0
ORD015271,PROD0106,4,770.07,0.05
ORD002840,PROD0126,3,648.87,0.1
ORD005745,PROD0011,1,569.66,0.0
ORD007631,PROD0205,3,315.35,0.1
ORD010578,PROD0228,4,1012.55,0.0
ORD011734,PROD0024,4,3557.69,0.0
ORD001156,PROD0156,1,1302.29,0.05
ORD009569,PROD0023,3,529.99,0.0
ORD012525,PROD0130,5,1402.05,0.05
ORD006061,PROD0142,1,536.55,0.1
ORD004743,PROD0152,2,3664.43,0.1
ORD001195,PROD0136,4,4655.74,0.05
ORD010089,PROD0125,1,1338.46,0.15
ORD002424,PROD0059,5,3884.69,0.1
ORD011050,PROD0001,4,2228.63,0.05
ORD012250,PROD0078,3,1498.55,0.2
ORD007948,PROD0108,2,1195.6,0.0
ORD011383,PROD0020,1,2005.81,0.1
ORD009438,PROD0017,4,5213.81,0.0
ORD000106,PROD0295,5,450.65,0.1
ORD012393,PROD0285,4,1253.77,0.15
ORD007501,PROD0115,1,1198.13,0.05
ORD009117,PROD0070,4,2065.33,0.05
ORD004876,PROD0245,1,258.37,0.1
ORD012848,PROD0146,5,2912.21,0.0
ORD000849,PROD0175,1,2260.04,0.15
ORD016953,PROD0212,2,936.47,0.1
ORD013443,PROD0249,1,4012.64,0.2
ORD010720,PROD0236,5,1243.22,0.15
ORD004607,PROD0221,2,861.75,0.1
ORD003087,PROD0004,1,1005.11,0.05
ORD008757,PROD0046,4,423.5,0.15
ORD009286,PROD0293,3,1136.47,0.05
ORD011909,PROD0086,1,1292.77,0.0
ORD006254,PROD0248,2,581.51,0.05
ORD017391,PROD0191,1,425.27,0.0
ORD007518,PROD0130,4,1402.05,0.1
ORD002545,PROD0035,3,914.62,0.05
ORD011070,PROD0019,1,2132.91,0.1
ORD011767,PROD0121,4,1762.91,0.1
ORD014447,PROD0281,5,5213.75,0.05
ORD015973,PROD0170,2,1486.76,0.0
ORD000528,PROD0224,2,4037.97,0.1
ORD003733,PROD0204,5,1064.24,0.0
ORD012154,PROD0035,3,914.62,0.1
ORD003840,PROD0113,3,495.12,0.05
ORD006461,PROD0210,2,539.67,0.15
ORD011980,PROD0296,5,605.83,0.15
ORD014101,PROD0111,2,843.13,0.0
ORD010849,PROD0009,2,419.4,0.0
ORD015166,PROD0259,3,272.42,0.05
ORD015904,PROD0091,1,402.26,0.05
ORD001368,PROD0285,2,1253.77,0.2
ORD007542,PROD0014,2,596.75,0.0
ORD017618,PROD0200,4,1906.63,0.15
ORD004348,PROD0041,5,566.23,0.05
ORD001295,PROD0152,5,3664.43,0.15
ORD010884,PROD0011,3,569.66,0.05
ORD003445,PROD0261,5,1950.36,0.1
ORD015179,PROD0056,2,1815.37,0.1
ORD016551,PROD0253,2,3782.92,0.0
ORD015917,PROD0039,5,748.33,0.1
ORD002838,PROD0136,3,4655.74,0.1
ORD000478,PROD0115,2,1198.13,0.05
ORD005523,PROD0153,5,192.77,0.15
ORD009535,PROD0112,4,3157.32,0.1
ORD016778,PROD0255,4,2724.93,0.0
ORD006341,PROD0064,1,706.46,0.1
ORD005115,PROD0169,2,2484.01,0.15
ORD017025,PROD0042,5,5997.9,0.05
ORD010383,PROD0213,1,475.42,0.0
ORD007484,PROD0070,3,2065.33,0.1
ORD009385,PROD0146,4,2912.21,0.15
ORD016661,PROD0071,3,1519.69,0.1
ORD009884,PROD0168,4,1759.17,0.15
ORD017963,PROD0256,2,895.23,0.0
ORD017931,PROD0146,3,2912.21,0.05
ORD002351,PROD0002,3,1122.65,0.15
ORD016946,PROD0037,4,1059.57,0.1
ORD004821,PROD0212,3,936.47,0.15
ORD012144,PROD0038,3,1310.24,0.1
ORD000863,PROD0138,4,2041.26,0.05
ORD005897,PROD0073,4,3798.83,0.0
ORD001581,PROD0062,3,1731.8,0.05
ORD012935,PROD0035,1,914.62,0.1
ORD010435,PROD0256,3,895.23,0.05
ORD006768,PROD0065,2,298.49,0.05
ORD005292,PROD0036,2,2265.4,0.15
ORD004103,PROD0297,1,359.44,0.1
ORD014013,PROD0162,2,377.71,0.2
ORD017449,PROD0199,3,919.06,0.0
ORD014041,PROD0023,4,529.99,0.1
ORD014138,PROD0193,2,3394.61,0.05
ORD016401,PROD0011,2,569.66,0.1
ORD009191,PROD0084,5,787.16,0.1
ORD017614,PROD0242,1,1251.99,0.05
ORD005625,PROD0276,2,1150.97,0.1
ORD004776,PROD0288,3,1099.87,0.0
ORD008258,PROD0096,2,830.36,0.2
ORD009026,PROD0212,3,936.47,0.05
ORD009041,PROD0027,1,5305.88,0.1
ORD017636,PROD0068,2,2579.6,0.0
ORD008606,PROD0241,1,215.23,0.15
ORD003462,PROD0085,4,2361.96,0.1
ORD001978,PROD0064,4,706.46,0.05
ORD016580,PROD0279,3,1760.62,0.0
ORD009703,PROD0227,2,663.99,0.1
ORD012231,PROD0160,5,2652.37,0.0
ORD006461,PROD0198,5,1910.21,0.15
ORD001923,PROD0042,1,5997.9,0.1
ORD015414,PROD0090,2,1416.42,0.1
ORD005238,PROD0065,3,298.49,0.1
ORD006187,PROD0021,4,2017.39,0.05
ORD005478,PROD0022,5,174.42,0.1
ORD013605,PROD0101,2,3596.1,0.0
ORD008092,PROD0251,1,1056.88,0.15
ORD010950,PROD0085,1,2361.96,0.0
ORD016518,PROD0207,1,4103.55,0.15
ORD006008,PROD0010,4,1326.68,0.0
ORD010328,PROD0120,4,3592.34,0.1
ORD010402,PROD0171,5,619.82,0.0
ORD013031,PROD0218,2,852.15,0.05
ORD006434,PROD0263,3,754.46,0.0
ORD007089,PROD0009,4,419.4,0.1
ORD012756,PROD0096,2,830.36,0.2
ORD017862,PROD0103,2,814.61,0.2
ORD016850,PROD0194,5,2044.13,0.1
ORD005215,PROD0178,4,1006.65,0.15
ORD001470,PROD0198,2,1910.21,0.0
ORD008274,PROD0175,2,2260.04,0.05
ORD000774,PROD0236,3,1243.22,0.05
ORD010911,PROD0208,3,1605.39,0.2
ORD008836,PROD0133,1,737.29,0.1
ORD017501,PROD0163,1,703.11,0.1
ORD011369,PROD0289,2,1376.41,0.0
ORD014893,PROD0212,2,936.47,0.05
ORD003819,PROD0256,5,895.23,0.0
ORD002004,PROD0115,3,1198.13,0.1
ORD010452,PROD0226,3,322.28,0.1
ORD016372,PROD0288,5,1099.87,0.15
ORD009206,PROD0282,2,1059.41,0.15
ORD016210,PROD0274,1,356.93,0.0
ORD016637,PROD0166,5,655.43,0.1
ORD001199,PROD0235,4,1069.09,0.05
ORD010946,PROD0156,1,1302.29,0.15
ORD003063,PROD0196,2,624.67,0.0
ORD006235,PROD0272,5,834.67,0.1
ORD005588,PROD0206,2,512.36,0.05
ORD016234,PROD0180,5,374.36,0.1
ORD007168,PROD0130,2,1402.05,0.0
ORD013948,PROD0013,4,2230.9,0.0
ORD001380,PROD0125,5,1338.46,0.1
ORD003588,PROD0075,5,993.75,0.1
ORD003737,PROD0163,2,703.11,0.1
ORD010320,PROD0084,5,787.16,0.05
ORD002407,PROD0285,3,1253.77,0.0
ORD004198,PROD0168,5,1759.17,0.05
ORD015566,PROD0231,2,1734.21,0.05
ORD008423,PROD0172,3,3513.98,0.05
ORD003265,PROD0092,5,2466.2,0.1
ORD005176,PROD0141,3,526.7,0.0
ORD006012,PROD0069,1,6450.78,0.2
ORD012307,PROD0217,3,748.27,0.1
ORD005239,PROD0116,4,435.35,0.0
ORD000905,PROD0254,3,1021.7,0.1
ORD001930,PROD0041,4,566.23,0.0
ORD005754,PROD0055,5,1758.65,0.0
ORD013705,PROD0158,5,1130.19,0.05
ORD012722,PROD0300,2,2550.36,0.05
ORD007755,PROD0265,2,709.86,0.0
ORD001570,PROD0183,5,606.73,0.0
ORD002454,PROD0002,1,1122.65,0.15
ORD000386,PROD0072,2,4756.76,0.1
ORD017399,PROD0219,4,1088.5,0.15
ORD002876,PROD0292,4,526.18,0.1
ORD014491,PROD0296,3,605.83,0.15
ORD007655,PROD0055,5,1758.65,0.1
ORD012016,PROD0106,1,770.07,0.1
ORD007437,PROD0278,2,1418.31,0.0
ORD009695,PROD0026,3,926.18,0.15
ORD016756,PROD0223,1,1507.47,0.05
ORD013308,PROD0100,1,1535.02,0.2
ORD012736,PROD0284,2,1551.66,0.15
ORD011536,PROD0011,1,569.66,0.2
ORD007675,PROD0190,4,1494.94,0.1
ORD004507,PROD0032,2,1792.53,0.15
ORD005948,PROD0288,4,1099.87,0.05
ORD000792,PROD0243,2,4498.92,0.2
ORD008928,PROD0082,4,835.72,0.0
ORD003280,PROD0051,2,257.94,0.2
ORD002906,PROD0177,5,1733.37,0.0
ORD014102,PROD0125,4,1338.46,0.2
ORD000034,PROD0178,4,1006.65,0.1
ORD008980,PROD0059,5,3884.69,0.1
ORD005461,PROD0269,3,528.68,0.05
ORD014217,PROD0229,1,251.37,0.05
ORD004569,PROD0075,2,993.75,0.1
ORD016648,PROD0170,1,1486.76,0.05
ORD005242,PROD0074,1,701.79,0.05
ORD008221,PROD0095,5,853.11,0.05
ORD007129,PROD0234,4,1884.98,0.05
ORD004762,PROD0147,5,1277.67,0.05
ORD015944,PROD0210,5,539.67,0.2
ORD006824,PROD0171,5,619.82,0.05
ORD012971,PROD0112,1,3157.32,0.1
ORD017501,PROD0233,2,865.79,0.05
ORD014418,PROD0119,1,1545.4,0.0
ORD011905,PROD0187,5,2575.23,0.1
ORD012168,PROD0288,1,1099.87,0.15
ORD001057,PROD0219,5,1088.5,0.1
ORD016211,PROD0007,1,838.82,0.15
ORD000761,PROD0022,1,174.42,0.05
ORD004868,PROD0085,5,2361.96,0.0
ORD015697,PROD0218,5,852.15,0.15
ORD002307,PROD0128,1,414.27,0.2
ORD005463,PROD0175,5,2260.04,0.05
ORD004798,PROD0116,3,435.35,0.0
ORD004301,PROD0282,3,1059.41,0.05
ORD006997,PROD0210,5,539.67,0.05
ORD010746,PROD0058,2,5552.05,0.2
ORD009571,PROD0240,4,1736.87,0.1
ORD016163,PROD0133,3,737.29,0.15
ORD013469,PROD0248,1,581.51,0.1
ORD011105,PROD0100,3,1535.02,0.1
ORD003110,PROD0166,2,655.43,0.15
ORD017405,PROD0103,5,814.61,0.15
ORD016886,PROD0123,1,2787.07,0.0
ORD004731,PROD0167,1,2511.68,0.15
ORD017935,PROD0132,1,1663.98,0.05
ORD011687,PROD0254,3,1021.7,0.0
ORD009863,PROD0060,2,511.57,0.2
ORD000873,PROD0054,5,1149.11,0.0
ORD012583,PROD0261,1,1950.36,0.2
ORD012332,PROD0087,1,2381.84,0.05
ORD006270,PROD0169,5,2484.01,0.15
ORD013432,PROD0020,2,2005.81,0.0
ORD006384,PROD0296,3,605.83,0.05
ORD000503,PROD0193,5,3394.61,0.0
ORD011631,PROD0139,5,624.58,0.0
ORD006377,PROD0001,1,2228.63,0.1
ORD011509,PROD0054,4,1149.11,0.1
ORD015108,PROD0178,1,1006.65,0.2
ORD002595,PROD0108,3,1195.6,0.1
ORD010202,PROD0072,3,4756.76,0.0
ORD007994,PROD0189,2,260.5,0.15
ORD008950,PROD0035,5,914.62,0.0
ORD005940,PROD0280,5,239.29,0.1
ORD008597,PROD0003,5,2931.9,0.05
ORD011092,PROD0168,3,1759.17,0.1
ORD015135,PROD0010,3,1326.68,0.05
ORD017900,PROD0035,5,914.62,0.2
ORD014749,PROD0178,4,1006.65,0.0
ORD007624,PROD0169,1,2484.01,0.1
ORD007927,PROD0042,4,5997.9,0.1
ORD007415,PROD0270,2,546.81,0.15
ORD005169,PROD0228,5,1012.55,0.15
ORD014264,PROD0246,4,484.36,0.2
ORD007100,PROD0024,1,3557.69,0.15
ORD006324,PROD0231,2,1734.21,0.15
ORD006768,PROD0120,5,3592.34,0.1
ORD017818,PROD0265,2,709.86,0.0
ORD003307,PROD0199,2,919.06,0.0
ORD013886,PROD0171,4,619.82,0.05
ORD006922,PROD0103,2,814.61,0.0
ORD006867,PROD0245,1,258.37,0.2
ORD007165,PROD0205,1,315.35,0.05
ORD010635,PROD0232,1,480.05,0.1
ORD000483,PROD0178,3,1006.65,0.15
ORD012067,PROD0183,2,606.73,0.0
ORD002914,PROD0011,2,569.66,0.1
ORD009747,PROD0126,3,648.87,0.0
ORD014438,PROD0172,3,3513.98,0.05
ORD017214,PROD0044,3,2277.54,0.2
ORD012870,PROD0049,1,474.29,0.1
ORD001843,PROD0145,5,2107.82,0.05
ORD003737,PROD0053,3,499.98,0.15
ORD007159,PROD0193,2,3394.61,0.0
ORD015410,PROD0015,2,768.6,0.05
ORD006671,PROD0144,5,1097.89,0.15
ORD013443,PROD0246,2,484.36,0.05
ORD000102,PROD0252,1,1091.64,0.05
ORD010164,PROD0269,5,528.68,0.05
ORD015372,PROD0216,4,2535.43,0.05
ORD015082,PROD0035,5,914.62,0.05
ORD000507,PROD0190,3,1494.94,0.05
ORD002927,PROD0009,1,419.4,0.05
ORD010962,PROD0104,1,917.71,0.0
ORD010418,PROD0162,3,377.71,0.0
ORD017764,PROD0177,5,1733.37,0.0
ORD006615,PROD0258,2,814.14,0.2
ORD011225,PROD0053,2,499.98,0.1
ORD009261,PROD0152,5,3664.43,0.05
ORD009781,PROD0189,4,260.5,0.1
ORD007530,PROD0291,4,859.37,0.2
ORD012815,PROD0206,5,512.36,0.0
ORD007953,PROD0024,5,3557.69,0.1
ORD012235,PROD0193,5,3394.61,0.2
ORD011121,PROD0156,5,1302.29,0.05
ORD005337,PROD0132,2,1663.98,0.2
ORD012280,PROD0152,4,3664.43,0.0
ORD017935,PROD0271,3,1034.8,0.1
ORD007659,PROD0280,4,239.29,0.2
ORD014289,PROD0059,1,3884.69,0.1
ORD010883,PROD0287,1,1180.58,0.05
ORD010524,PROD0139,1,624.58,0.05
ORD015917,PROD0158,1,1130.19,0.05
ORD010220,PROD0048,2,2692.11,0.05
ORD004734,PROD0170,2,1486.76,0.1
ORD007922,PROD0101,2,3596.1,0.05
ORD013467,PROD0290,4,3732.41,0.0
ORD007813,PROD0176,3,890.34,0.0
ORD000068,PROD0023,1,529.99,0.0
ORD012628,PROD0298,5,392.05,0.1
ORD017087,PROD0002,5,1122.65,0.15
ORD016196,PROD0173,3,1893.36,0.1
ORD012076,PROD0164,2,1896.67,0.0
ORD014283,PROD0146,1,2912.21,0.1
ORD014195,PROD0241,5,215.23,0.1
ORD015155,PROD0204,3,1064.24,0.0
ORD014979,PROD0065,1,298.49,0.05
ORD009419,PROD0290,2,3732.41,0.0
ORD000823,PROD0196,3,624.67,0.1
ORD010877,PROD0152,1,3664.43,0.0
ORD001287,PROD0288,1,1099.87,0.0
ORD015613,PROD0101,1,3596.1,0.15
ORD007096,PROD0284,1,1551.66,0.15
ORD008494,PROD0202,1,1039.91,0.0
ORD004269,PROD0189,5,260.5,0.1
ORD001210,PROD0023,1,529.99,0.2
ORD012668,PROD0167,3,2511.68,0.0
ORD005222,PROD0102,2,1726.73,0.05
ORD006093,PROD0297,4,359.44,0.05
ORD016861,PROD0237,5,1008.9,0.2
ORD002802,PROD0129,5,2715.49,0.15
ORD007895,PROD0164,4,1896.67,0.05
ORD004768,PROD0158,5,1130.19,0.1
ORD006401,PROD0092,3,2466.2,0.05
ORD008924,PROD0143,3,2026.75,0.0
ORD004344,PROD0240,5,1736.87,0.0
ORD000528,PROD0093,1,2481.82,0.1
ORD010798,PROD0039,1,748.33,0.15
ORD007540,PROD0161,2,1467.22,0.15
ORD015075,PROD0081,4,2207.21,0.0
ORD000855,PROD0234,4,1884.98,0.05
ORD009916,PROD0027,4,5305.88,0.15
ORD004708,PROD0025,1,585.99,0.1
ORD015827,PROD0045,2,1204.82,0.05
ORD005475,PROD0032,2,1792.53,0.15
ORD000080,PROD0106,3,770.07,0.0
ORD006487,PROD0185,1,592.37,0.0
ORD013049,PROD0111,5,843.13,0.1
ORD002175,PROD0067,2,1836.4,0.2
ORD006453,PROD0081,5,2207.21,0.1
ORD003079,PROD0153,3,192.77,0.0
ORD003863,PROD0025,5,585.99,0.2
ORD015078,PROD0164,2,1896.67,0.0
ORD014486,PROD0207,1,4103.55,0.1
ORD009419,PROD0115,1,1198.13,0.05
ORD009653,PROD0170,2,1486.76,0.1
ORD001483,PROD0087,4,2381.84,0.1
ORD012538,PROD0089,3,390.25,0.1
ORD001560,PROD0275,4,1740.08,0.0
ORD000246,PROD0173,2,1893.36,0.1
ORD002250,PROD0208,5,1605.39,0.0
ORD001588,PROD0264,4,409.67,0.15
ORD014723,PROD0156,5,1302.29,0.1
ORD006951,PROD0024,5,3557.69,0.05
ORD015007,PROD0196,3,624.67,0.0
ORD006969,PROD0064,2,706.46,0.0
ORD016831,PROD0271,2,1034.8,0.05
ORD003337,PROD0118,2,437.61,0.05
ORD001538,PROD0238,5,1179.28,0.05
ORD001570,PROD0210,4,539.67,0.1
ORD007874,PROD0226,2,322.28,0.0
ORD011444,PROD0181,2,218.55,0.1
ORD014416,PROD0043,2,950.69,0.1
ORD005931,PROD0176,4,890.34,0.0
ORD010541,PROD0264,3,409.67,0.15
ORD003497,PROD0076,3,1911.33,0.2
ORD006638,PROD0088,2,255.81,0.1
ORD017358,PROD0193,2,3394.61,0.05
ORD013363,PROD0272,5,834.67,0.0
ORD000183,PROD0144,5,1097.89,0.05
ORD004857,PROD0192,1,2094.72,0.0
ORD013178,PROD0294,5,608.79,0.0
ORD016950,PROD0207,4,4103.55,0.05
ORD012749,PROD0049,3,474.29,0.0
ORD009189,PROD0035,5,914.62,0.05
ORD017111,PROD0255,3,2724.93,0.1
ORD016175,PROD0220,4,1249.15,0.1
ORD000742,PROD0300,2,2550.36,0.2
ORD006125,PROD0198,3,1910.21,0.0
ORD005554,PROD0162,1,377.71,0.05
ORD017473,PROD0130,3,1402.05,0.1
ORD010564,PROD0263,3,754.46,0.05
ORD014102,PROD0023,4,529.99,0.2
ORD000728,PROD0225,2,670.12,0.05
ORD017916,PROD0025,5,585.99,0.05
ORD011737,PROD0127,2,1166.2,0.0
ORD003719,PROD0229,4,251.37,0.15
ORD017088,PROD0123,2,2787.07,0.05
ORD012275,PROD0100,1,1535.02,0.15
ORD007058,PROD0018,1,1106.42,0.05
ORD009250,PROD0185,4,592.37,0.1
ORD004162,PROD0054,2,1149.11,0.0
ORD000789,PROD0272,1,834.67,0.2
ORD003015,PROD0139,5,624.58,0.05
ORD007068,PROD0205,2,315.35,0.05
ORD011742,PROD0254,4,1021.7,0.0
ORD005972,PROD0258,4,814.14,0.1
ORD006845,PROD0180,1,374.36,0.2
ORD004537,PROD0088,5,255.81,0.2
ORD000321,PROD0168,5,1759.17,0.05
ORD011527,PROD0070,5,2065.33,0.2
ORD014494,PROD0040,5,5448.94,0.1
ORD008613,PROD0156,2,1302.29,0.05
ORD010761,PROD0085,5,2361.96,0.05
ORD007326,PROD0168,5,1759.17,0.2
ORD010821,PROD0235,3,1069.09,0.1
ORD010803,PROD0206,5,512.36,0.05
ORD014871,PROD0108,4,1195.6,0.0
ORD007148,PROD0277,5,668.68,0.1
ORD009575,PROD0085,4,2361.96,0.1
ORD011622,PROD0219,5,1088.5,0.05
ORD006979,PROD0230,1,1187.41,0.0
ORD010611,PROD0089,5,390.25,0.1
ORD007859,PROD0199,2,919.06,0.05
ORD000133,PROD0255,1,2724.93,0.15
ORD009894,PROD0139,3,624.58,0.0
ORD016818,PROD0267,3,1411.95,0.05
ORD007807,PROD0090,5,1416.42,0.15
ORD005463,PROD0025,4,585.99,0.15
ORD013536,PROD0282,4,1059.41,0.0
ORD001079,PROD0122,1,768.92,0.0
ORD016738,PROD0106,3,770.07,0.0
ORD003841,PROD0136,3,4655.74,0.1
ORD008846,PROD0206,3,512.36,0.0
ORD002148,PROD0088,4,255.81,0.2
ORD007229,PROD0243,1,4498.92,0.1
ORD016370,PROD0189,2,260.5,0.1
ORD005319,PROD0176,1,890.34,0.05
ORD002170,PROD0178,4,1006.65,0.0
ORD013705,PROD0037,1,1059.57,0.05
ORD011418,PROD0221,1,861.75,0.05
ORD005458,PROD0069,5,6450.78,0.05
ORD000564,PROD0108,1,1195.6,0.1
ORD005991,PROD0214,2,285.7,0.05
ORD010774,PROD0149,5,231.51,0.15
ORD016357,PROD0074,2,701.79,0.1
ORD002731,PROD0136,4,4655.74,0.1
ORD004931,PROD0095,4,853.11,0.2
ORD012702,PROD0090,4,1416.42,0.15
ORD015946,PROD0154,3,611.42,0.1
ORD014661,PROD0076,5,1911.33,0.05
ORD011740,PROD0198,5,1910.21,0.1
ORD004030,PROD0018,5,1106.42,0.0
ORD007891,PROD0084,1,787.16,0.05
ORD006420,PROD0167,2,2511.68,0.15
ORD004234,PROD0286,5,722.33,0.1
ORD001260,PROD0293,3,1136.47,0.05
ORD013501,PROD0044,2,2277.54,0.1
ORD017054,PROD0109,3,315.2,0.0
ORD003107,PROD0280,1,239.29,0.0
ORD003429,PROD0081,1,2207.21,0.05
ORD004039,PROD0038,4,1310.24,0.15
ORD000126,PROD0243,2,4498.92,0.0
ORD003898,PROD0144,3,1097.89,0.15
ORD005340,PROD0261,1,1950.36,0.1
ORD011229,PROD0281,5,5213.75,0.1
ORD000680,PROD0097,2,2244.75,0.15
ORD016658,PROD0263,4,754.46,0.2
ORD015541,PROD0069,2,6450.78,0.0
ORD004697,PROD0293,1,1136.47,0.1
ORD015581,PROD0048,3,2692.11,0.1
ORD003820,PROD0092,2,2466.2,0.05
ORD013821,PROD0237,1,1008.9,0.2
ORD014250,PROD0079,1,1557.75,0.0
ORD016516,PROD0251,3,1056.88,0.0
ORD009560,PROD0095,5,853.11,0.1
ORD007419,PROD0163,4,703.11,0.1
ORD005720,PROD0116,2,435.35,0.1
ORD000210,PROD0013,3,2230.9,0.0
ORD011811,PROD0019,1,2132.91,0.1
ORD012946,PROD0078,1,1498.55,0.0
ORD015562,PROD0122,2,768.92,0.0
ORD012525,PROD0250,2,468.3,0.05
ORD008480,PROD0116,2,435.35,0.05
ORD003070,PROD0213,4,475.42,0.15
ORD009408,PROD0143,5,2026.75,0.1
ORD016641,PROD0062,5,1731.8,0.15
ORD000898,PROD0221,5,861.75,0.1
ORD012036,PROD0169,4,2484.01,0.05
ORD010653,PROD0297,2,359.44,0.2
ORD003472,PROD0060,4,511.57,0.05
ORD009860,PROD0228,5,1012.55,0.15
ORD007569,PROD0291,1,859.37,0.15
ORD001567,PROD0105,3,813.74,0.15
ORD005508,PROD0092,4,2466.2,0.1
ORD014590,PROD0007,2,838.82,0.15
ORD016808,PROD0177,3,1733.37,0.05
ORD009338,PROD0104,5,917.71,0.1
ORD000940,PROD0114,3,983.9,0.05
ORD017449,PROD0270,2,546.81,0.05
ORD010060,PROD0230,3,1187.41,0.05
ORD005789,PROD0053,4,499.98,0.1
ORD000190,PROD0102,4,1726.73,0.1
ORD012006,PROD0127,1,1166.2,0.05
ORD003993,PROD0263,5,754.46,0.05
ORD002047,PROD0180,3,374.36,0.2
ORD002113,PROD0053,5,499.98,0.1
ORD002120,PROD0236,3,1243.22,0.1
ORD015403,PROD0108,2,1195.6,0.05
ORD006480,PROD0289,4,1376.41,0.05
ORD004278,PROD0182,2,1491.37,0.1
ORD007015,PROD0246,2,484.36,0.15
ORD015498,PROD0271,5,1034.8,0.0
ORD002427,PROD0255,2,2724.93,0.05
ORD003271,PROD0281,2,5213.75,0.05
ORD004957,PROD0146,1,2912.21,0.15
ORD000922,PROD0210,5,539.67,0.05
ORD006736,PROD0237,2,1008.9,0.2
ORD010049,PROD0061,5,1808.63,0.0
ORD004064,PROD0223,3,1507.47,0.0
ORD012587,PROD0225,3,670.12,0.15
ORD010894,PROD0113,2,495.12,0.0
ORD007134,PROD0003,5,2931.9,0.0
ORD005988,PROD0061,2,1808.63,0.2
ORD003615,PROD0051,5,257.94,0.1
ORD000562,PROD0004,5,1005.11,0.1
ORD013516,PROD0237,2,1008.9,0.0
ORD006068,PROD0189,1,260.5,0.0
ORD004286,PROD0199,1,919.06,0.05
ORD015829,PROD0091,3,402.26,0.05
ORD004310,PROD0254,1,1021.7,0.05
ORD013708,PROD0045,4,1204.82,0.1
ORD000515,PROD0266,3,1066.97,0.0
ORD000021,PROD0257,2,994.46,0.15
ORD010337,PROD0056,5,1815.37,0.1
ORD015619,PROD0128,2,414.27,0.15
ORD013166,PROD0089,1,390.25,0.15
ORD017913,PROD0098,5,1788.67,0.15
ORD015950,PROD0056,3,1815.37,0.1
ORD009837,PROD0068,3,2579.6,0.0
ORD015610,PROD0091,2,402.26,0.1
ORD010051,PROD0104,3,917.71,0.2
ORD017222,PROD0236,1,1243.22,0.15
ORD001531,PROD0277,1,668.68,0.05
ORD000115,PROD0063,2,453.52,0.2
ORD002158,PROD0227,4,663.99,0.15
ORD012365,PROD0289,5,1376.41,0.05
ORD017677,PROD0256,2,895.23,0.2
ORD000658,PROD0119,5,1545.4,0.0
ORD008698,PROD0050,3,138.33,0.0
ORD001964,PROD0283,3,1585.65,0.05
ORD008185,PROD0256,4,895.23,0.0
ORD006531,PROD0042,4,5997.9,0.2
ORD003120,PROD0059,1,3884.69,0.2
ORD014394,PROD0249,3,4012.64,0.05
ORD013562,PROD0056,3,1815.37,0.1
ORD010525,PROD0293,2,1136.47,0.2
ORD013252,PROD0197,5,774.0,0.05
ORD001091,PROD0218,3,852.15,0.0
ORD016450,PROD0179,2,608.27,0.05
ORD017165,PROD0088,1,255.81,0.05
ORD014986,PROD0149,3,231.51,0.05
ORD003328,PROD0265,1,709.86,0.05
ORD014652,PROD0242,1,1251.99,0.0
ORD003110,PROD0003,1,2931.9,0.0
ORD002584,PROD0219,5,1088.5,0.0
ORD003142,PROD0018,5,1106.42,0.1
ORD002428,PROD0159,4,2084.31,0.15
ORD013348,PROD0300,2,2550.36,0.2
ORD001150,PROD0282,1,1059.41,0.15
ORD017048,PROD0040,2,5448.94,0.1
ORD004402,PROD0149,3,231.51,0.05
ORD011596,PROD0099,2,550.57,0.05
ORD003873,PROD0251,3,1056.88,0.05
ORD001174,PROD0062,5,1731.8,0.05
ORD017672,PROD0121,2,1762.91,0.05
ORD004786,PROD0028,3,740.62,0.2
ORD010428,PROD0069,4,6450.78,0.1
ORD012661,PROD0135,1,1098.25,0.1
ORD001584,PROD0238,5,1179.28,0.1
ORD005937,PROD0150,2,1469.35,0.05
ORD006772,PROD0085,5,2361.96,0.05
ORD005526,PROD0211,1,1092.8,0.2
ORD014967,PROD0081,4,2207.21,0.15
ORD015566,PROD0095,4,853.11,0.0
ORD003222,PROD0034,2,1106.13,0.0
ORD014890,PROD0232,2,480.05,0.0
ORD016877,PROD0060,5,511.57,0.15
ORD010411,PROD0274,4,356.93,0.0
ORD014662,PROD0100,1,1535.02,0.0
ORD007596,PROD0295,3,450.65,0.1
ORD005964,PROD0213,3,475.42,0.0
ORD017699,PROD0228,3,1012.55,0.15
ORD009240,PROD0108,1,1195.6,0.15
ORD006118,PROD0241,3,215.23,0.05
ORD008065,PROD0091,5,402.26,0.05
ORD005647,PROD0137,3,445.2,0.1
ORD014263,PROD0050,1,138.33,0.1
ORD015446,PROD0156,4,1302.29,0.0
ORD013368,PROD0110,3,2045.64,0.1
ORD000382,PROD0211,3,1092.8,0.05
ORD005771,PROD0006,3,997.09,0.0
ORD010198,PROD0244,3,1140.3,0.0
ORD013926,PROD0127,4,1166.2,0.2
ORD016297,PROD0040,5,5448.94,0.1
ORD004731,PROD0254,4,1021.7,0.05
ORD017072,PROD0241,3,215.23,0.1
ORD017545,PROD0227,3,663.99,0.15
ORD000553,PROD0095,1,853.11,0.1
ORD010868,PROD0213,4,475.42,0.0
ORD005609,PROD0181,2,218.55,0.0
ORD003584,PROD0150,1,1469.35,0.0
ORD001196,PROD0088,3,255.81,0.05
ORD005634,PROD0185,5,592.37,0.1
ORD012675,PROD0015,1,768.6,0.05
ORD000020,PROD0167,1,2511.68,0.05
ORD016082,PROD0166,4,655.43,0.0
ORD007494,PROD0262,1,1081.48,0.0
ORD005827,PROD0019,1,2132.91,0.05
ORD012217,PROD0081,2,2207.21,0.15
ORD002466,PROD0122,2,768.92,0.2
ORD003771,PROD0002,5,1122.65,0.2
ORD017184,PROD0029,5,1224.14,0.0
ORD015535,PROD0025,4,585.99,0.1
ORD002700,PROD0035,3,914.62,0.05
ORD006472,PROD0020,4,2005.81,0.1
ORD010736,PROD0207,4,4103.55,0.1
ORD017627,PROD0112,1,3157.32,0.0
ORD007013,PROD0224,5,4037.97,0.05
ORD014705,PROD0097,1,2244.75,0.1
ORD010965,PROD0112,3,3157.32,0.2
ORD010518,PROD0154,5,611.42,0.0
ORD011733,PROD0112,4,3157.32,0.1
ORD004464,PROD0261,2,1950.36,0.1
ORD009026,PROD0256,5,895.23,0.05
ORD012735,PROD0194,1,2044.13,0.0
ORD009649,PROD0064,1,706.46,0.05
ORD015781,PROD0146,2,2912.21,0.0
ORD013099,PROD0161,2,1467.22,0.0
ORD008086,PROD0138,4,2041.26,0.05
ORD017501,PROD0167,5,2511.68,0.1
ORD004435,PROD0295,1,450.65,0.0
ORD011235,PROD0205,4,315.35,0.0
ORD010849,PROD0041,1,566.23,0.0
ORD001104,PROD0171,1,619.82,0.05
ORD016120,PROD0121,4,1762.91,0.1
ORD002965,PROD0076,3,1911.33,0.15
ORD015917,PROD0191,2,425.27,0.2
ORD012308,PROD0117,3,1622.14,0.05
ORD012678,PROD0130,2,1402.05,0.0
ORD007939,PROD0067,5,1836.4,0.1
ORD000952,PROD0299,5,3528.34,0.15
ORD002159,PROD0083,3,1558.0,0.1
ORD017533,PROD0277,2,668.68,0.2
ORD002051,PROD0269,4,528.68,0.0
ORD004233,PROD0252,3,1091.64,0.15
ORD000324,PROD0150,4,1469.35,0.0
ORD005377,PROD0026,2,926.18,0.1
ORD005990,PROD0058,2,5552.05,0.05
ORD010373,PROD0036,2,2265.4,0.05
ORD008508,PROD0237,5,1008.9,0.2
ORD013435,PROD0224,4,4037.97,0.05
ORD016796,PROD0163,1,703.11,0.0
ORD000236,PROD0291,4,859.37,0.0
ORD004287,PROD0013,2,2230.9,0.1
ORD012071,PROD0235,2,1069.09,0.1
ORD010670,PROD0237,3,1008.9,0.05
ORD011111,PROD0165,5,1341.44,0.1
ORD010871,PROD0204,2,1064.24,0.0
ORD003283,PROD0017,4,5213.81,0.1
ORD004954,PROD0136,5,4655.74,0.1
ORD010793,PROD0014,2,596.75,0.0
ORD001620,PROD0274,2,356.93,0.1
ORD017869,PROD0214,2,285.7,0.0
ORD015070,PROD0272,1,834.67,0.2
ORD005064,PROD0157,5,1342.68,0.05
ORD008053,PROD0003,3,2931.9,0.0
ORD001767,PROD0180,5,374.36,0.05
ORD003534,PROD0148,4,2479.32,0.0
ORD004918,PROD0166,1,655.43,0.2
ORD017591,PROD0291,2,859.37,0.1
ORD015093,PROD0148,2,2479.32,0.05
ORD009671,PROD0262,5,1081.48,0.15
ORD009963,PROD0053,5,499.98,0.0
ORD000464,PROD0087,5,2381.84,0.0
ORD000450,PROD0132,3,1663.98,0.2
ORD005842,PROD0083,2,1558.0,0.15
ORD011714,PROD0028,3,740.62,0.05
ORD009986,PROD0151,1,938.09,0.15
ORD004393,PROD0087,3,2381.84,0.0
ORD016307,PROD0110,1,2045.64,0.0
ORD012512,PROD0032,4,1792.53,0.05
ORD011038,PROD0010,1,1326.68,0.15
ORD003506,PROD0252,4,1091.64,0.1
ORD007317,PROD0295,5,450.65,0.15
ORD016912,PROD0033,4,726.59,0.05
ORD014787,PROD0200,4,1906.63,0.0
ORD005007,PROD0227,1,663.99,0.1
ORD014388,PROD0150,3,1469.35,0.0
ORD010968,PROD0035,4,914.62,0.1
ORD007736,PROD0044,5,2277.54,0.1
ORD004375,PROD0146,5,2912.21,0.05
ORD012746,PROD0044,4,2277.54,0.1
ORD012266,PROD0128,3,414.27,0.1
ORD002010,PROD0293,4,1136.47,0.0
ORD003251,PROD0234,3,1884.98,0.1
ORD003116,PROD0068,4,2579.6,0.05
ORD006386,PROD0009,2,419.4,0.2
ORD001443,PROD0245,1,258.37,0.0
ORD010719,PROD0132,5,1663.98,0.05
ORD015076,PROD0270,2,546.81,0.2
ORD001362,PROD0018,1,1106.42,0.1
ORD002971,PROD0058,3,5552.05,0.15
ORD015610,PROD0240,2,1736.87,0.2
ORD000952,PROD0275,1,1740.08,0.0
ORD003057,PROD0151,4,938.09,0.0
ORD015590,PROD0065,1,298.49,0.15
ORD015911,PROD0095,3,853.11,0.15
ORD015218,PROD0212,5,936.47,0.0
ORD012176,PROD0219,3,1088.5,0.2
ORD001260,PROD0169,3,2484.01,0.1
ORD012709,PROD0031,4,2790.09,0.0
ORD007822,PROD0090,2,1416.42,0.05
ORD003032,PROD0260,2,2453.91,0.1
ORD003003,PROD0083,2,1558.0,0.1
ORD016575,PROD0078,4,1498.55,0.0
ORD008995,PROD0235,4,1069.09,0.0
ORD001334,PROD0247,4,1013.19,0.15
ORD003194,PROD0174,1,1681.39,0.15
ORD010945,PROD0163,1,703.11,0.1
ORD002219,PROD0061,4,1808.63,0.05
ORD011442,PROD0261,5,1950.36,0.0
ORD007482,PROD0208,1,1605.39,0.1
ORD007830,PROD0052,2,1103.19,0.0
ORD006794,PROD0108,2,1195.6,0.1
ORD013955,PROD0244,2,1140.3,0.05
ORD002685,PROD0269,2,528.68,0.2
ORD010874,PROD0021,1,2017.39,0.0
ORD002246,PROD0161,1,1467.22,0.15
ORD004223,PROD0082,4,835.72,0.05
ORD011071,PROD0285,3,1253.77,0.1
ORD015936,PROD0056,4,1815.37,0.1
ORD011000,PROD0039,5,748.33,0.0
ORD012757,PROD0124,1,7033.68,0.15
ORD016211,PROD0294,5,608.79,0.0
ORD004854,PROD0050,2,138.33,0.05
ORD006035,PROD0230,4,1187.41,0.05
ORD010917,PROD0181,2,218.55,0.05
ORD017248,PROD0212,3,936.47,0.0
ORD017130,PROD0034,5,1106.13,0.2
ORD001322,PROD0127,1,1166.2,0.05
ORD017939,PROD0122,5,768.92,0.1
ORD007648,PROD0120,2,3592.34,0.1
ORD006254,PROD0131,3,719.35,0.15
ORD010946,PROD0006,1,997.09,0.05
ORD014064,PROD0099,4,550.57,0.15
ORD002891,PROD0292,2,526.18,0.15
ORD008980,PROD0298,1,392.05,0.0
ORD004154,PROD0183,4,606.73,0.0
ORD009266,PROD0246,2,484.36,0.2
ORD001476,PROD0056,2,1815.37,0.05
ORD004792,PROD0071,1,1519.69,0.2
ORD013770,PROD0237,5,1008.9,0.05
ORD009120,PROD0018,1,1106.42,0.0
ORD011782,PROD0289,3,1376.41,0.1
ORD007188,PROD0261,3,1950.36,0.1
ORD014694,PROD0081,4,2207.21,0.0
ORD001714,PROD0258,4,814.14,0.15
ORD009114,PROD0032,4,1792.53,0.2
ORD005829,PROD0055,5,1758.65,0.2
ORD007809,PROD0199,2,919.06,0.1
ORD017020,PROD0143,1,2026.75,0.05
ORD015427,PROD0080,2,1973.58,0.1
ORD016083,PROD0270,4,546.81,0.15
ORD010320,PROD0106,2,770.07,0.0
ORD000806,PROD0278,2,1418.31,0.15
ORD007091,PROD0147,3,1277.67,0.1
ORD017894,PROD0035,1,914.62,0.1
ORD006046,PROD0227,2,663.99,0.05
ORD004675,PROD0163,2,703.11,0.05
ORD000415,PROD0207,5,4103.55,0.2
ORD001385,PROD0039,3,748.33,0.15
ORD000426,PROD0183,4,606.73,0.1
ORD013778,PROD0161,5,1467.22,0.15
ORD007230,PROD0255,3,2724.93,0.0
ORD004878,PROD0283,1,1585.65,0.05
ORD006039,PROD0069,5,6450.78,0.05
ORD005871,PROD0198,5,1910.21,0.1
ORD002201,PROD0101,5,3596.1,0.2
ORD005812,PROD0166,1,655.43,0.05
ORD012388,PROD0116,2,435.35,0.1
ORD010449,PROD0072,4,4756.76,0.0
ORD011488,PROD0081,2,2207.21,0.05
ORD012461,PROD0022,4,174.42,0.15
ORD013123,PROD0021,3,2017.39,0.1
ORD010363,PROD0146,5,2912.21,0.15
ORD009105,PROD0170,1,1486.76,0.1
ORD000530,PROD0015,5,768.6,0.1
ORD007898,PROD0259,4,272.42,0.05
ORD017911,PROD0095,5,853.11,0.05
ORD008318,PROD0247,5,1013.19,0.05
ORD003251,PROD0262,1,1081.48,0.15
ORD015983,PROD0258,5,814.14,0.1
ORD012931,PROD0261,1,1950.36,0.0
ORD013057,PROD0286,5,722.33,0.15
ORD007621,PROD0040,2,5448.94,0.0
ORD009815,PROD0099,3,550.57,0.05
ORD011221,PROD0110,5,2045.64,0.05
ORD004784,PROD0101,3,3596.1,0.2
ORD010426,PROD0271,1,1034.8,0.15
ORD010445,PROD0255,5,2724.93,0.2
ORD011884,PROD0177,4,1733.37,0.2
ORD000012,PROD0008,4,1428.37,0.05
ORD004366,PROD0142,4,536.55,0.0
ORD012537,PROD0230,3,1187.41,0.05
ORD011666,PROD0289,2,1376.41,0.0
ORD017889,PROD0289,2,1376.41,0.1
ORD005268,PROD0211,5,1092.8,0.05
ORD007919,PROD0213,2,475.42,0.2
ORD006612,PROD0050,5,138.33,0.1
ORD013900,PROD0015,5,768.6,0.15
ORD016382,PROD0211,1,1092.8,0.0
ORD017108,PROD0288,3,1099.87,0.1
ORD005595,PROD0020,5,2005.81,0.15
ORD004966,PROD0138,4,2041.26,0.0
ORD009885,PROD0067,1,1836.4,0.0
ORD010065,PROD0266,1,1066.97,0.15
ORD007242,PROD0227,1,663.99,0.0
ORD003816,PROD0081,2,2207.21,0.0
ORD017225,PROD0131,2,719.35,0.05
ORD006854,PROD0025,5,585.99,0.0
ORD012299,PROD0069,3,6450.78,0.1
ORD008879,PROD0263,3,754.46,0.0
ORD001202,PROD0001,5,2228.63,0.2
ORD005112,PROD0032,5,1792.53,0.0
ORD015134,PROD0293,5,1136.47,0.05
ORD000789,PROD0246,3,484.36,0.05
ORD014374,PROD0152,2,3664.43,0.05
ORD001158,PROD0215,4,496.9,0.1
ORD008348,PROD0245,1,258.37,0.05
ORD007611,PROD0216,4,2535.43,0.0
ORD003182,PROD0119,4,1545.4,0.1
ORD000335,PROD0074,5,701.79,0.05
ORD017685,PROD0300,3,2550.36,0.15
ORD006676,PROD0004,4,1005.11,0.05
ORD009009,PROD0284,3,1551.66,0.0
ORD004748,PROD0280,5,239.29,0.15
ORD004426,PROD0117,4,1622.14,0.0
ORD000462,PROD0288,4,1099.87,0.0
ORD000717,PROD0170,1,1486.76,0.1
ORD014672,PROD0134,5,938.67,0.0
ORD010432,PROD0291,3,859.37,0.1
ORD017008,PROD0169,5,2484.01,0.05
ORD016448,PROD0257,5,994.46,0.0
ORD001030,PROD0068,4,2579.6,0.1
ORD000441,PROD0224,2,4037.97,0.05
ORD006481,PROD0112,5,3157.32,0.05
ORD004167,PROD0005,1,5350.44,0.0
ORD011190,PROD0049,4,474.29,0.05
ORD015611,PROD0170,3,1486.76,0.05
ORD011021,PROD0178,4,1006.65,0.15
ORD007627,PROD0013,5,2230.9,0.0
ORD005061,PROD0189,4,260.5,0.1
ORD002038,PROD0278,4,1418.31,0.15
ORD001059,PROD0019,2,2132.91,0.05
ORD006311,PROD0047,2,743.87,0.0
ORD001314,PROD0208,2,1605.39,0.05
ORD000792,PROD0070,4,2065.33,0.0
ORD008770,PROD0278,2,1418.31,0.05
ORD000151,PROD0081,5,2207.21,0.1
ORD014555,PROD0045,1,1204.82,0.1
ORD006365,PROD0264,4,409.67,0.0
ORD012274,PROD0121,2,1762.91,0.2
ORD017183,PROD0111,1,843.13,0.05
ORD013846,PROD0183,5,606.73,0.15
ORD000830,PROD0115,4,1198.13,0.0
ORD008837,PROD0185,1,592.37,0.05
ORD007705,PROD0117,5,1622.14,0.2
ORD016074,PROD0197,1,774.0,0.05
ORD016293,PROD0198,4,1910.21,0.15
ORD007017,PROD0036,1,2265.4,0.15
ORD002789,PROD0170,1,1486.76,0.15
ORD003771,PROD0087,1,2381.84,0.1
ORD004603,PROD0085,4,2361.96,0.0
ORD000776,PROD0055,1,1758.65,0.2
ORD004561,PROD0274,1,356.93,0.2
ORD011246,PROD0279,1,1760.62,0.15
ORD013205,PROD0036,2,2265.4,0.0
ORD004219,PROD0009,1,419.4,0.05
ORD005702,PROD0108,2,1195.6,0.05
ORD000739,PROD0234,1,1884.98,0.0
ORD017756,PROD0047,5,743.87,0.0
ORD017286,PROD0225,2,670.12,0.15
ORD007848,PROD0208,1,1605.39,0.0
ORD015182,PROD0080,1,1973.58,0.0
ORD007875,PROD0232,4,480.05,0.15
ORD009060,PROD0223,2,1507.47,0.1
ORD014882,PROD0051,2,257.94,0.1
ORD017706,PROD0089,5,390.25,0.15
ORD006878,PROD0209,4,4636.93,0.05
ORD002448,PROD0010,4,1326.68,0.2
ORD009823,PROD0100,4,1535.02,0.2
ORD001687,PROD0163,1,703.11,0.05
ORD009508,PROD0271,5,1034.8,0.1
ORD002400,PROD0139,1,624.58,0.05
ORD012917,PROD0290,3,3732.41,0.1
ORD011734,PROD0010,5,1326.68,0.0
ORD007002,PROD0273,4,1884.45,0.0
ORD006815,PROD0159,1,2084.31,0.0
ORD011690,PROD0289,2,1376.41,0.2
ORD012770,PROD0249,2,4012.64,0.1
ORD012312,PROD0243,5,4498.92,0.15
ORD007745,PROD0262,4,1081.48,0.15
ORD005805,PROD0188,2,5555.06,0.05
ORD011325,PROD0149,4,231.51,0.1
ORD007518,PROD0253,5,3782.92,0.1
ORD011281,PROD0061,5,1808.63,0.2
ORD017535,PROD0273,4,1884.45,0.1
ORD010440,PROD0232,2,480.05,0.1
ORD014605,PROD0136,2,4655.74,0.0
ORD012216,PROD0124,1,7033.68,0.15
ORD014626,PROD0136,5,4655.74,0.15
ORD015651,PROD0089,1,390.25,0.0
ORD012318,PROD0218,1,852.15,0.1
ORD006423,PROD0097,2,2244.75,0.0
ORD005503,PROD0098,3,1788.67,0.05
ORD010720,PROD0099,3,550.57,0.05
ORD006168,PROD0071,1,1519.69,0.05
ORD016722,PROD0090,4,1416.42,0.1
ORD014141,PROD0085,5,2361.96,0.05
ORD009514,PROD0163,4,703.11,0.2
ORD016094,PROD0254,3,1021.7,0.15
ORD001886,PROD0101,5,3596.1,0.0
ORD012952,PROD0240,5,1736.87,0.1
ORD016424,PROD0164,4,1896.67,0.05
ORD009714,PROD0119,1,1545.4,0.05
ORD003425,PROD0031,5,2790.09,0.1
ORD005606,PROD0266,4,1066.97,0.05
ORD009421,PROD0162,5,377.71,0.05
ORD002091,PROD0123,5,2787.07,0.0
ORD002755,PROD0179,1,608.27,0.0
ORD008410,PROD0152,5,3664.43,0.2
ORD003440,PROD0164,1,1896.67,0.1
ORD000536,PROD0228,2,1012.55,0.1
ORD015981,PROD0142,2,536.55,0.05
ORD016692,PROD0246,5,484.36,0.2
ORD002988,PROD0219,4,1088.5,0.2
ORD000464,PROD0161,4,1467.22,0.2
ORD014307,PROD0294,3,608.79,0.05
ORD017976,PROD0195,3,525.15,0.0
ORD008037,PROD0100,3,1535.02,0.15
ORD006530,PROD0032,4,1792.53,0.15
ORD001928,PROD0156,5,1302.29,0.05
ORD015313,PROD0143,4,2026.75,0.0
ORD005964,PROD0010,5,1326.68,0.0
ORD003915,PROD0236,1,1243.22,0.05
ORD001211,PROD0145,4,2107.82,0.1
ORD010434,PROD0173,4,1893.36,0.05
ORD006043,PROD0010,3,1326.68,0.1
ORD010476,PROD0189,4,260.5,0.1
ORD008010,PROD0254,2,1021.7,0.0
ORD013121,PROD0197,3,774.0,0.0
ORD008095,PROD0104,1,917.71,0.1
ORD010297,PROD0186,1,324.33,0.0
ORD006484,PROD0187,1,2575.23,0.15
ORD013784,PROD0288,4,1099.87,0.05
ORD014699,PROD0146,2,2912.21,0.05
ORD015719,PROD0061,3,1808.63,0.0
ORD016762,PROD0076,3,1911.33,0.05
ORD009425,PROD0109,3,315.2,0.1
ORD001317,PROD0276,2,1150.97,0.0
ORD006087,PROD0160,3,2652.37,0.05
ORD005635,PROD0054,4,1149.11,0.1
ORD014813,PROD0236,1,1243.22,0.0
ORD004256,PROD0215,2,496.9,0.15
ORD012189,PROD0259,5,272.42,0.05
ORD017135,PROD0131,2,719.35,0.15
ORD001113,PROD0209,2,4636.93,0.05
ORD008282,PROD0160,2,2652.37,0.1
ORD003462,PROD0121,5,1762.91,0.05
ORD001511,PROD0081,4,2207.21,0.0
ORD014112,PROD0251,2,1056.88,0.15
ORD015091,PROD0016,2,2382.58,0.2
ORD016813,PROD0232,4,480.05,0.15
ORD015193,PROD0208,3,1605.39,0.05
ORD001881,PROD0157,4,1342.68,0.05
ORD016436,PROD0049,2,474.29,0.05
ORD008913,PROD0227,3,663.99,0.2
ORD013720,PROD0197,1,774.0,0.2
ORD004334,PROD0272,1,834.67,0.05
ORD001980,PROD0141,4,526.7,0.0
ORD017237,PROD0135,1,1098.25,0.1
ORD015067,PROD0152,4,3664.43,0.0
ORD013143,PROD0131,4,719.35,0.1
ORD007269,PROD0035,3,914.62,0.0
ORD011711,PROD0292,3,526.18,0.05
ORD003109,PROD0246,3,484.36,0.15
ORD010287,PROD0244,2,1140.3,0.15
ORD010042,PROD0085,4,2361.96,0.0
ORD013886,PROD0111,4,843.13,0.05
ORD014049,PROD0254,2,1021.7,0.1
ORD000216,PROD0289,3,1376.41,0.1
ORD016497,PROD0151,2,938.09,0.15
ORD007332,PROD0083,4,1558.0,0.1
ORD007539,PROD0179,2,608.27,0.0
ORD002941,PROD0268,3,1593.82,0.05
ORD011746,PROD0226,4,322.28,0.1
ORD016349,PROD0110,1,2045.64,0.15
ORD012747,PROD0046,3,423.5,0.15
ORD004370,PROD0164,4,1896.67,0.1
ORD005446,PROD0280,3,239.29,0.05
ORD003560,PROD0150,5,1469.35,0.1
ORD003330,PROD0192,2,2094.72,0.05
ORD013311,PROD0159,5,2084.31,0.05
ORD014508,PROD0120,1,3592.34,0.05
ORD014146,PROD0230,2,1187.41,0.1
ORD014933,PROD0107,4,416.19,0.15
ORD005116,PROD0164,2,1896.67,0.15
ORD016107,PROD0098,3,1788.67,0.1
ORD003579,PROD0217,4,748.27,0.1
ORD004815,PROD0187,4,2575.23,0.1
ORD008645,PROD0087,5,2381.84,0.0
ORD005225,PROD0091,2,402.26,0.1
ORD007730,PROD0113,4,495.12,0.05
ORD016716,PROD0059,1,3884.69,0.1
ORD009538,PROD0142,4,536.55,0.15
ORD007485,PROD0015,1,768.6,0.1
ORD012475,PROD0068,5,2579.6,0.2
ORD015159,PROD0078,2,1498.55,0.05
ORD008696,PROD0237,5,1008.9,0.2
ORD015050,PROD0236,1,1243.22,0.15
ORD014840,PROD0137,4,445.2,0.05
ORD017133,PROD0273,1,1884.45,0.2
ORD000879,PROD0159,1,2084.31,0.1
ORD004923,PROD0018,3,1106.42,0.05
ORD011739,PROD0271,5,1034.8,0.05
ORD003628,PROD0121,3,1762.91,0.0
ORD014400,PROD0294,4,608.79,0.05
ORD009897,PROD0198,2,1910.21,0.05
ORD016216,PROD0154,1,611.42,0.0
ORD011914,PROD0056,5,1815.37,0.1
ORD011612,PROD0147,2,1277.67,0.05
ORD013627,PROD0178,3,1006.65,0.1
ORD009327,PROD0026,3,926.18,0.0
ORD012475,PROD0106,4,770.07,0.0
ORD016727,PROD0203,4,1208.94,0.1
ORD017891,PROD0077,3,372.07,0.1
ORD005589,PROD0177,2,1733.37,0.1
ORD006950,PROD0170,2,1486.76,0.1
ORD008262,PROD0151,5,938.09,0.05
ORD006068,PROD0094,1,1585.84,0.1
ORD004787,PROD0056,4,1815.37,0.05
ORD011668,PROD0039,4,748.33,0.2
ORD003161,PROD0015,1,768.6,0.0
ORD007739,PROD0195,5,525.15,0.05
ORD011884,PROD0072,2,4756.76,0.1
ORD003654,PROD0298,2,392.05,0.0
ORD011251,PROD0048,2,2692.11,0.1
ORD006325,PROD0175,4,2260.04,0.0
ORD014968,PROD0046,2,423.5,0.05
ORD006318,PROD0042,4,5997.9,0.1
ORD006218,PROD0294,1,608.79,0.2
ORD014855,PROD0177,3,1733.37,0.0
ORD008693,PROD0118,4,437.61,0.05
ORD004299,PROD0054,1,1149.11,0.2
ORD012722,PROD0227,5,663.99,0.15
ORD011101,PROD0147,5,1277.67,0.05
ORD000727,PROD0259,2,272.42,0.05
ORD003171,PROD0299,1,3528.34,0.15
ORD006142,PROD0075,5,993.75,0.15
ORD001438,PROD0105,3,813.74,0.2
ORD004706,PROD0084,1,787.16,0.05
ORD004438,PROD0290,1,3732.41,0.15
ORD016687,PROD0085,4,2361.96,0.2
ORD016767,PROD0081,1,2207.21,0.2
ORD010562,PROD0183,5,606.73,0.0
ORD002207,PROD0094,3,1585.84,0.05
ORD002539,PROD0080,1,1973.58,0.1
ORD003892,PROD0164,4,1896.67,0.15
ORD006215,PROD0165,3,1341.44,0.1
ORD012032,PROD0190,3,1494.94,0.0
ORD015122,PROD0264,3,409.67,0.2
ORD013814,PROD0089,5,390.25,0.05
ORD002188,PROD0265,1,709.86,0.1
ORD016214,PROD0022,3,174.42,0.15
ORD001643,PROD0249,4,4012.64,0.15
ORD012645,PROD0167,5,2511.68,0.0
ORD000814,PROD0160,3,2652.37,0.1
ORD002930,PROD0169,2,2484.01,0.05
ORD013453,PROD0201,5,1107.62,0.0
ORD011156,PROD0046,5,423.5,0.1
ORD009463,PROD0098,4,1788.67,0.1
ORD007772,PROD0019,2,2132.91,0.15
ORD014826,PROD0149,5,231.51,0.15
ORD002586,PROD0155,5,383.07,0.0
ORD015239,PROD0091,1,402.26,0.0
ORD015939,PROD0086,1,1292.77,0.05
ORD013517,PROD0133,2,737.29,0.1
ORD002165,PROD0011,3,569.66,0.0
ORD009523,PROD0169,2,2484.01,0.1
ORD004975,PROD0126,1,648.87,0.1
ORD002970,PROD0132,2,1663.98,0.0
ORD003492,PROD0151,4,938.09,0.0
ORD002307,PROD0209,5,4636.93,0.0
ORD007437,PROD0004,3,1005.11,0.2
ORD010125,PROD0028,4,740.62,0.1
ORD016569,PROD0011,1,569.66,0.0
ORD011582,PROD0129,1,2715.49,0.0
ORD008832,PROD0162,1,377.71,0.05
ORD005413,PROD0097,3,2244.75,0.2
ORD004699,PROD0034,4,1106.13,0.0
ORD007558,PROD0056,1,1815.37,0.05
ORD009889,PROD0062,5,1731.8,0.15
ORD005687,PROD0256,2,895.23,0.15
ORD012554,PROD0105,3,813.74,0.1
ORD004884,PROD0036,3,2265.4,0.1
ORD006043,PROD0149,2,231.51,0.1
ORD016829,PROD0284,1,1551.66,0.15
ORD014019,PROD0122,3,768.92,0.0
ORD001366,PROD0122,5,768.92,0.15
ORD014584,PROD0156,2,1302.29,0.05
ORD007035,PROD0285,4,1253.77,0.05
ORD010795,PROD0258,1,814.14,0.15
ORD009661,PROD0124,3,7033.68,0.05
ORD000713,PROD0177,4,1733.37,0.1
ORD012233,PROD0083,2,1558.0,0.1
ORD017021,PROD0105,2,813.74,0.2
ORD011861,PROD0055,3,1758.65,0.1
ORD012391,PROD0219,5,1088.5,0.05
ORD001332,PROD0258,5,814.14,0.0
ORD000115,PROD0215,3,496.9,0.1
ORD014889,PROD0140,5,4498.4,0.0
ORD001455,PROD0026,1,926.18,0.0
ORD004476,PROD0030,1,1536.54,0.05
ORD010828,PROD0142,4,536.55,0.0
ORD001327,PROD0015,3,768.6,0.05
ORD015654,PROD0193,3,3394.61,0.2
ORD014664,PROD0273,2,1884.45,0.0
ORD005699,PROD0095,5,853.11,0.1
ORD007062,PROD0051,5,257.94,0.05
ORD009899,PROD0210,1,539.67,0.0
ORD001894,PROD0115,4,1198.13,0.05
ORD014972,PROD0014,4,596.75,0.05
ORD004277,PROD0204,2,1064.24,0.0
ORD002417,PROD0116,5,435.35,0.1
ORD009832,PROD0113,1,495.12,0.05
ORD007804,PROD0021,3,2017.39,0.05
ORD010014,PROD0086,5,1292.77,0.05
ORD009631,PROD0269,5,528.68,0.0
ORD013159,PROD0167,2,2511.68,0.1
ORD010437,PROD0130,4,1402.05,0.0
ORD009702,PROD0216,2,2535.43,0.0
ORD011086,PROD0155,5,383.07,0.0
ORD008764,PROD0231,3,1734.21,0.1
ORD003785,PROD0083,1,1558.0,0.1
ORD005466,PROD0044,4,2277.54,0.1
ORD014074,PROD0084,5,787.16,0.0
ORD002500,PROD0281,3,5213.75,0.15
ORD015225,PROD0094,5,1585.84,0.15
ORD004242,PROD0162,4,377.71,0.05
ORD014046,PROD0039,3,748.33,0.1
ORD013364,PROD0238,4,1179.28,0.15
ORD013162,PROD0115,3,1198.13,0.05
ORD001155,PROD0085,3,2361.96,0.05
ORD007499,PROD0001,5,2228.63,0.1
ORD008306,PROD0138,1,2041.26,0.1
ORD009812,PROD0203,5,1208.94,0.0
ORD007347,PROD0064,1,706.46,0.0
ORD000356,PROD0229,1,251.37,0.0
ORD001447,PROD0161,3,1467.22,0.15
ORD000994,PROD0018,1,1106.42,0.1
ORD004160,PROD0178,2,1006.65,0.1
ORD001245,PROD0038,1,1310.24,0.0
ORD008304,PROD0114,5,983.9,0.1
ORD001129,PROD0211,5,1092.8,0.0
ORD005799,PROD0170,3,1486.76,0.1
ORD009571,PROD0108,2,1195.6,0.15
ORD002271,PROD0295,4,450.65,0.2
ORD011020,PROD0114,4,983.9,0.0
ORD011019,PROD0136,4,4655.74,0.1
ORD004070,PROD0073,3,3798.83,0.05
ORD005092,PROD0210,3,539.67,0.15
ORD011875,PROD0126,4,648.87,0.05
ORD008661,PROD0173,5,1893.36,0.0
ORD015125,PROD0090,1,1416.42,0.1
ORD001878,PROD0114,3,983.9,0.05
ORD016608,PROD0014,5,596.75,0.05
ORD015124,PROD0096,3,830.36,0.0
ORD007003,PROD0165,1,1341.44,0.1
ORD005700,PROD0241,4,215.23,0.1
ORD004039,PROD0220,1,1249.15,0.1
ORD002343,PROD0287,1,1180.58,0.05
ORD006596,PROD0035,3,914.62,0.2
ORD010893,PROD0183,5,606.73,0.1
ORD007283,PROD0205,1,315.35,0.1
ORD005156,PROD0137,5,445.2,0.05
ORD017117,PROD0188,2,5555.06,0.2
ORD001039,PROD0231,1,1734.21,0.0
ORD000134,PROD0119,4,1545.4,0.15
ORD002888,PROD0212,4,936.47,0.15
ORD007470,PROD0198,2,1910.21,0.1
ORD004328,PROD0177,2,1733.37,0.15
ORD017249,PROD0115,2,1198.13,0.1
ORD004943,PROD0088,2,255.81,0.0
ORD012366,PROD0151,3,938.09,0.1
ORD012878,PROD0021,1,2017.39,0.0
ORD012043,PROD0208,5,1605.39,0.15
ORD017830,PROD0109,5,315.2,0.05
ORD008687,PROD0099,2,550.57,0.15
ORD017230,PROD0183,4,606.73,0.0
ORD004276,PROD0092,1,2466.2,0.15
ORD014921,PROD0034,3,1106.13,0.1
ORD003036,PROD0216,4,2535.43,0.1
ORD010292,PROD0142,5,536.55,0.1
ORD002516,PROD0098,5,1788.67,0.05
ORD015242,PROD0240,1,1736.87,0.15
ORD013379,PROD0236,1,1243.22,0.0
ORD014389,PROD0172,3,3513.98,0.0
ORD013016,PROD0167,2,2511.68,0.1
ORD010730,PROD0094,3,1585.84,0.0
ORD012171,PROD0298,5,392.05,0.2
ORD016403,PROD0106,5,770.07,0.1
ORD001307,PROD0046,3,423.5,0.05
ORD006697,PROD0161,4,1467.22,0.15
ORD004923,PROD0140,2,4498.4,0.0
ORD015498,PROD0016,2,2382.58,0.0
ORD002818,PROD0055,1,1758.65,0.05
ORD008874,PROD0065,2,298.49,0.05
ORD007032,PROD0042,1,5997.9,0.0
ORD004795,PROD0070,2,2065.33,0.05
ORD009215,PROD0220,2,1249.15,0.15
ORD008866,PROD0005,5,5350.44,0.1
ORD006017,PROD0009,2,419.4,0.1
ORD006024,PROD0193,5,3394.61,0.0
ORD003047,PROD0048,1,2692.11,0.1
ORD007009,PROD0286,3,722.33,0.05
ORD017501,PROD0233,4,865.79,0.0
ORD012387,PROD0121,3,1762.91,0.0
ORD001476,PROD0169,5,2484.01,0.1
ORD016286,PROD0256,5,895.23,0.1
ORD008181,PROD0273,2,1884.45,0.05
ORD009387,PROD0196,5,624.67,0.15
ORD001665,PROD0057,1,1480.61,0.1
ORD016046,PROD0232,5,480.05,0.1
ORD002962,PROD0173,3,1893.36,0.05
ORD014761,PROD0028,2,740.62,0.05
ORD015454,PROD0024,1,3557.69,0.0
ORD016469,PROD0234,1,1884.98,0.05
ORD013474,PROD0215,4,496.9,0.2
ORD005246,PROD0209,1,4636.93,0.1
ORD006585,PROD0107,2,416.19,0.2
ORD006142,PROD0064,4,706.46,0.1
ORD005995,PROD0220,2,1249.15,0.0
ORD001305,PROD0100,4,1535.02,0.05
ORD014785,PROD0098,4,1788.67,0.1
ORD010563,PROD0066,4,705.54,0.2
ORD002434,PROD0159,2,2084.31,0.15
ORD009342,PROD0275,2,1740.08,0.1
ORD006799,PROD0162,4,377.71,0.0
ORD005860,PROD0052,2,1103.19,0.2
ORD011306,PROD0223,5,1507.47,0.05
ORD002294,PROD0165,5,1341.44,0.15
ORD015467,PROD0137,3,445.2,0.05
ORD012862,PROD0059,5,3884.69,0.1
ORD014498,PROD0288,4,1099.87,0.0
ORD012308,PROD0046,3,423.5,0.1
ORD006144,PROD0133,2,737.29,0.05
ORD000186,PROD0264,3,409.67,0.0
ORD003860,PROD0123,4,2787.07,0.0
ORD017707,PROD0274,4,356.93,0.05
ORD001497,PROD0202,1,1039.91,0.05
ORD000795,PROD0244,5,1140.3,0.1
ORD010484,PROD0241,5,215.23,0.0
ORD014797,PROD0129,3,2715.49,0.1
ORD001765,PROD0034,3,1106.13,0.1
ORD017033,PROD0172,5,3513.98,0.2
ORD013478,PROD0169,4,2484.01,0.1
ORD004342,PROD0168,2,1759.17,0.1
ORD009849,PROD0130,4,1402.05,0.15
ORD001902,PROD0067,2,1836.4,0.0
ORD005800,PROD0287,1,1180.58,0.2
ORD004285,PROD0287,3,1180.58,0.1
ORD003266,PROD0219,1,1088.5,0.05
ORD004760,PROD0018,4,1106.42,0.1
ORD010501,PROD0233,3,865.79,0.05
ORD013017,PROD0112,1,3157.32,0.2
ORD004472,PROD0191,2,425.27,0.05
ORD007375,PROD0239,1,3878.85,0.05
ORD013419,PROD0208,1,1605.39,0.0
ORD012342,PROD0060,4,511.57,0.15
ORD003136,PROD0100,3,1535.02,0.1
ORD013735,PROD0130,3,1402.05,0.05
ORD002474,PROD0129,1,2715.49,0.1
ORD011021,PROD0161,1,1467.22,0.2
ORD000090,PROD0267,4,1411.95,0.2
ORD009383,PROD0157,2,1342.68,0.1
ORD004633,PROD0252,4,1091.64,0.15
ORD002375,PROD0158,2,1130.19,0.2
ORD001569,PROD0291,1,859.37,0.0
ORD007761,PROD0027,1,5305.88,0.1
ORD002570,PROD0244,3,1140.3,0.0
ORD015489,PROD0086,1,1292.77,0.15
ORD005315,PROD0274,5,356.93,0.05
ORD001880,PROD0156,4,1302.29,0.0
ORD011700,PROD0053,4,499.98,0.1
ORD008445,PROD0166,1,655.43,0.2
ORD003652,PROD0023,2,529.99,0.0
ORD006571,PROD0221,4,861.75,0.15
ORD011107,PROD0004,5,1005.11,0.1
ORD013875,PROD0029,5,1224.14,0.0
ORD015911,PROD0040,4,5448.94,0.0
ORD007929,PROD0256,5,895.23,0.1
ORD014540,PROD0172,4,3513.98,0.05
ORD011116,PROD0209,4,4636.93,0.05
ORD007691,PROD0061,4,1808.63,0.05
ORD014729,PROD0072,3,4756.76,0.05
ORD000293,PROD0245,1,258.37,0.1
ORD005833,PROD0200,5,1906.63,0.1
ORD001861,PROD0244,5,1140.3,0.05
ORD012296,PROD0038,5,1310.24,0.1
ORD006041,PROD0102,4,1726.73,0.15
ORD012288,PROD0196,4,624.67,0.2
ORD012465,PROD0282,1,1059.41,0.0
ORD012652,PROD0122,3,768.92,0.0
ORD017422,PROD0031,4,2790.09,0.0
ORD003720,PROD0011,4,569.66,0.1
ORD006558,PROD0259,2,272.42,0.0
ORD000515,PROD0259,5,272.42,0.05
ORD016419,PROD0001,4,2228.63,0.15
ORD010479,PROD0239,5,3878.85,0.0
ORD017344,PROD0255,1,2724.93,0.2
ORD000405,PROD0134,1,938.67,0.05
ORD000713,PROD0203,3,1208.94,0.1
ORD010952,PROD0184,1,734.18,0.2
ORD011069,PROD0282,3,1059.41,0.05
ORD015843,PROD0294,3,608.79,0.2
ORD009641,PROD0095,3,853.11,0.15
ORD011831,PROD0022,4,174.42,0.15
ORD007670,PROD0131,3,719.35,0.0
ORD011451,PROD0184,2,734.18,0.1
ORD009415,PROD0026,4,926.18,0.15
ORD008593,PROD0022,2,174.42,0.05
ORD015756,PROD0028,2,740.62,0.2
ORD010626,PROD0143,4,2026.75,0.0
ORD006693,PROD0198,1,1910.21,0.15
ORD003098,PROD0125,2,1338.46,0.1
ORD002334,PROD0021,2,2017.39,0.05
ORD004903,PROD0281,3,5213.75,0.15
ORD006418,PROD0213,3,475.42,0.0
ORD002598,PROD0074,2,701.79,0.0
ORD017735,PROD0089,3,390.25,0.05
ORD009294,PROD0250,3,468.3,0.1
ORD002182,PROD0251,5,1056.88,0.1
ORD008800,PROD0016,3,2382.58,0.0
ORD005079,PROD0237,1,1008.9,0.05
ORD014291,PROD0063,1,453.52,0.0
ORD002956,PROD0167,3,2511.68,0.1
ORD006827,PROD0284,1,1551.66,0.05
ORD012957,PROD0244,3,1140.3,0.1
ORD014544,PROD0057,4,1480.61,0.0
ORD008318,PROD0060,5,511.57,0.1
ORD011755,PROD0077,2,372.07,0.05
ORD010960,PROD0190,5,1494.94,0.15
ORD002940,PROD0097,3,2244.75,0.15
ORD000870,PROD0110,3,2045.64,0.2
ORD016632,PROD0100,3,1535.02,0.05
ORD012368,PROD0201,4,1107.62,0.15
ORD002130,PROD0280,1,239.29,0.15
ORD002052,PROD0231,4,1734.21,0.0
ORD000385,PROD0203,3,1208.94,0.1
ORD009923,PROD0138,5,2041.26,0.0
ORD001810,PROD0024,1,3557.69,0.1
ORD005341,PROD0133,2,737.29,0.2
ORD007995,PROD0296,5,605.83,0.0
ORD001593,PROD0117,3,1622.14,0.0
ORD008152,PROD0271,4,1034.8,0.1
ORD009747,PROD0065,5,298.49,0.0
ORD006280,PROD0258,4,814.14,0.1
ORD011660,PROD0037,4,1059.57,0.05
ORD015125,PROD0268,2,1593.82,0.15
ORD010811,PROD0208,1,1605.39,0.1
ORD015264,PROD0164,2,1896.67,0.1
ORD005152,PROD0011,1,569.66,0.05
ORD008356,PROD0300,5,2550.36,0.15
ORD000415,PROD0014,1,596.75,0.0
ORD014456,PROD0285,5,1253.77,0.1
ORD014188,PROD0100,3,1535.02,0.2
ORD002404,PROD0194,4,2044.13,0.1
ORD010526,PROD0035,3,914.62,0.0
ORD011291,PROD0063,2,453.52,0.1
ORD014060,PROD0160,1,2652.37,0.0
ORD002593,PROD0298,1,392.05,0.15
ORD010594,PROD0216,2,2535.43,0.05
ORD014287,PROD0219,4,1088.5,0.15
ORD008786,PROD0086,3,1292.77,0.0
ORD007977,PROD0249,3,4012.64,0.05
ORD016397,PROD0100,4,1535.02,0.15
ORD005651,PROD0127,4,1166.2,0.0
ORD004961,PROD0014,3,596.75,0.05
ORD016004,PROD0129,3,2715.49,0.15
ORD013697,PROD0129,4,2715.49,0.0
ORD016112,PROD0104,1,917.71,0.0
ORD006446,PROD0270,1,546.81,0.05
ORD010881,PROD0002,1,1122.65,0.1
ORD002118,PROD0022,1,174.42,0.0
ORD011253,PROD0286,2,722.33,0.15
ORD002821,PROD0143,3,2026.75,0.1
ORD011862,PROD0293,1,1136.47,0.1
ORD004612,PROD0103,2,814.61,0.05
ORD017489,PROD0292,2,526.18,0.15
ORD002830,PROD0052,2,1103.19,0.0
ORD002804,PROD0065,4,298.49,0.05
ORD013819,PROD0080,3,1973.58,0.0
ORD014677,PROD0251,4,1056.88,0.15
ORD002064,PROD0083,3,1558.0,0.15
ORD016010,PROD0254,3,1021.7,0.0
ORD007743,PROD0137,4,445.2,0.05
ORD011434,PROD0290,1,3732.41,0.05
ORD001308,PROD0137,2,445.2,0.05
ORD004364,PROD0290,5,3732.41,0.1
ORD015287,PROD0042,4,5997.9,0.1
ORD013025,PROD0141,2,526.7,0.2
ORD013618,PROD0289,2,1376.41,0.05
ORD015076,PROD0024,1,3557.69,0.2
ORD001321,PROD0238,3,1179.28,0.05
ORD008804,PROD0192,5,2094.72,0.05
ORD005022,PROD0035,2,914.62,0.05
ORD011769,PROD0271,1,1034.8,0.1
ORD006396,PROD0149,2,231.51,0.05
ORD008791,PROD0190,5,1494.94,0.1
ORD006031,PROD0195,2,525.15,0.0
ORD015155,PROD0093,1,2481.82,0.1
ORD015876,PROD0263,1,754.46,0.05
ORD010784,PROD0217,4,748.27,0.1
ORD008206,PROD0047,3,743.87,0.15
ORD013172,PROD0299,3,3528.34,0.1
ORD013342,PROD0219,1,1088.5,0.15
ORD011009,PROD0203,1,1208.94,0.2
ORD003949,PROD0099,1,550.57,0.05
ORD007781,PROD0075,2,993.75,0.05
ORD005476,PROD0116,1,435.35,0.1
ORD008905,PROD0248,5,581.51,0.1
ORD014881,PROD0274,1,356.93,0.15
ORD000812,PROD0212,4,936.47,0.05
ORD004920,PROD0134,4,938.67,0.15
ORD011763,PROD0297,1,359.44,0.1
ORD011326,PROD0104,1,917.71,0.0
ORD012028,PROD0176,1,890.34,0.15
ORD009588,PROD0130,4,1402.05,0.1
ORD008500,PROD0071,4,1519.69,0.15
ORD005059,PROD0210,3,539.67,0.0
ORD004356,PROD0225,2,670.12,0.05
ORD004655,PROD0065,5,298.49,0.15
ORD002988,PROD0243,3,4498.92,0.05
ORD002473,PROD0118,1,437.61,0.2
ORD003808,PROD0108,4,1195.6,0.1
ORD010666,PROD0230,3,1187.41,0.05
ORD016931,PROD0027,5,5305.88,0.0
ORD005089,PROD0283,2,1585.65,0.15
ORD011099,PROD0108,5,1195.6,0.1
ORD017182,PROD0002,5,1122.65,0.0
ORD003690,PROD0084,5,787.16,0.0
ORD003909,PROD0176,4,890.34,0.0
ORD007254,PROD0039,4,748.33,0.2
ORD009715,PROD0250,2,468.3,0.2
ORD017368,PROD0295,3,450.65,0.0
ORD002274,PROD0255,4,2724.93,0.1
ORD005770,PROD0193,5,3394.61,0.1
ORD014442,PROD0285,1,1253.77,0.05
ORD010876,PROD0113,4,495.12,0.15
ORD016893,PROD0031,1,2790.09,0.05
ORD009709,PROD0071,4,1519.69,0.2
ORD004214,PROD0179,3,608.27,0.0
ORD004513,PROD0186,1,324.33,0.15
ORD004296,PROD0149,5,231.51,0.0
ORD000325,PROD0282,2,1059.41,0.2
ORD003215,PROD0063,2,453.52,0.05
ORD009817,PROD0188,1,5555.06,0.1
ORD009097,PROD0002,5,1122.65,0.0
ORD003130,PROD0069,5,6450.78,0.1
ORD011149,PROD0239,3,3878.85,0.15
ORD007617,PROD0127,3,1166.2,0.1
ORD015850,PROD0110,1,2045.64,0.05
ORD007655,PROD0006,3,997.09,0.05
ORD009844,PROD0190,1,1494.94,0.0
ORD013516,PROD0147,4,1277.67,0.15
ORD007678,PROD0176,5,890.34,0.05
ORD010635,PROD0097,4,2244.75,0.05
ORD010138,PROD0249,2,4012.64,0.1
ORD000746,PROD0284,1,1551.66,0.15
ORD014433,PROD0070,2,2065.33,0.15
ORD013000,PROD0199,5,919.06,0.05
ORD008599,PROD0094,3,1585.84,0.1
ORD016055,PROD0162,1,377.71,0.15
ORD011256,PROD0010,1,1326.68,0.2
ORD006421,PROD0186,5,324.33,0.1
ORD010282,PROD0292,3,526.18,0.05
ORD000867,PROD0065,3,298.49,0.0
ORD009440,PROD0288,1,1099.87,0.2
ORD007683,PROD0290,5,3732.41,0.0
ORD012635,PROD0236,3,1243.22,0.0
ORD006784,PROD0141,2,526.7,0.1
ORD009380,PROD0248,1,581.51,0.15
ORD014104,PROD0218,3,852.15,0.2
ORD010064,PROD0124,3,7033.68,0.2
ORD000949,PROD0011,1,569.66,0.15
ORD016715,PROD0265,5,709.86,0.1
ORD006888,PROD0234,4,1884.98,0.05
ORD010036,PROD0162,3,377.71,0.0
ORD005926,PROD0199,1,919.06,0.05
ORD013010,PROD0087,2,2381.84,0.1
ORD009638,PROD0277,3,668.68,0.15
ORD000064,PROD0179,5,608.27,0.05
ORD004570,PROD0002,2,1122.65,0.15
ORD015072,PROD0181,3,218.55,0.0
ORD013352,PROD0106,5,770.07,0.0
ORD013320,PROD0133,5,737.29,0.0
ORD005640,PROD0139,2,624.58,0.1
ORD009847,PROD0103,5,814.61,0.0
ORD001217,PROD0008,4,1428.37,0.1
ORD005138,PROD0204,5,1064.24,0.15
ORD017085,PROD0142,2,536.55,0.2
ORD016409,PROD0207,1,4103.55,0.2
ORD008461,PROD0224,5,4037.97,0.1
ORD007871,PROD0211,4,1092.8,0.0
ORD000418,PROD0293,3,1136.47,0.0
ORD013937,PROD0087,2,2381.84,0.1
ORD007753,PROD0098,2,1788.67,0.1
ORD008503,PROD0103,1,814.61,0.05
ORD011277,PROD0182,2,1491.37,0.0
ORD005173,PROD0194,4,2044.13,0.0
ORD006716,PROD0080,2,1973.58,0.05
ORD016229,PROD0130,4,1402.05,0.1
ORD007261,PROD0036,3,2265.4,0.0
ORD017881,PROD0055,2,1758.65,0.1
ORD013853,PROD0081,1,2207.21,0.1
ORD017037,PROD0280,5,239.29,0.2
ORD015283,PROD0155,3,383.07,0.0
ORD000145,PROD0026,4,926.18,0.05
ORD015146,PROD0071,5,1519.69,0.05
ORD008993,PROD0062,3,1731.8,0.15
ORD005777,PROD0129,3,2715.49,0.0
ORD002692,PROD0009,3,419.4,0.0
ORD014588,PROD0238,3,1179.28,0.15
ORD010133,PROD0230,4,1187.41,0.1
ORD016813,PROD0051,1,257.94,0.0
ORD000439,PROD0161,2,1467.22,0.05
ORD006772,PROD0094,2,1585.84,0.0
ORD009412,PROD0016,2,2382.58,0.1
ORD007841,PROD0214,5,285.7,0.2
ORD010595,PROD0079,2,1557.75,0.2
ORD009771,PROD0061,1,1808.63,0.0
ORD007398,PROD0297,3,359.44,0.05
ORD008663,PROD0072,4,4756.76,0.0
ORD000827,PROD0102,2,1726.73,0.15
ORD013412,PROD0007,4,838.82,0.05
ORD010504,PROD0069,5,6450.78,0.1
ORD003814,PROD0062,2,1731.8,0.1
ORD000705,PROD0125,1,1338.46,0.15
ORD016932,PROD0274,4,356.93,0.0
ORD010266,PROD0180,1,374.36,0.1
ORD014405,PROD0065,3,298.49,0.1
ORD013318,PROD0185,5,592.37,0.2
ORD006991,PROD0232,5,480.05,0.1
ORD002255,PROD0023,5,529.99,0.05
ORD017205,PROD0154,1,611.42,0.1
ORD013975,PROD0119,1,1545.4,0.05
ORD009688,PROD0030,3,1536.54,0.05
ORD005663,PROD0115,4,1198.13,0.2
ORD007390,PROD0272,5,834.67,0.1
ORD015929,PROD0146,3,2912.21,0.0
ORD007400,PROD0224,4,4037.97,0.05
ORD002915,PROD0255,3,2724.93,0.0
ORD017989,PROD0101,4,3596.1,0.2
ORD007447,PROD0141,4,526.7,0.05
ORD007324,PROD0187,4,2575.23,0.15
ORD000761,PROD0017,3,5213.81,0.15
ORD011908,PROD0188,1,5555.06,0.1
ORD008288,PROD0206,4,512.36,0.1
ORD003996,PROD0167,2,2511.68,0.05
ORD006453,PROD0051,1,257.94,0.0
ORD013646,PROD0083,3,1558.0,0.05
ORD008526,PROD0234,2,1884.98,0.15
ORD009313,PROD0266,2,1066.97,0.05
ORD014334,PROD0225,4,670.12,0.1
ORD002858,PROD0272,2,834.67,0.15
ORD013991,PROD0188,2,5555.06,0.0
ORD003881,PROD0212,4,936.47,0.2
ORD007290,PROD0270,1,546.81,0.15
ORD013243,PROD0276,2,1150.97,0.05
ORD003104,PROD0070,4,2065.33,0.1
ORD011618,PROD0158,2,1130.19,0.05
ORD007378,PROD0165,2,1341.44,0.1
ORD004321,PROD0190,2,1494.94,0.15
ORD006175,PROD0213,2,475.42,0.05
ORD009994,PROD0075,5,993.75,0.0
ORD008206,PROD0249,1,4012.64,0.1
ORD010710,PROD0300,2,2550.36,0.15
ORD014616,PROD0224,1,4037.97,0.1
ORD016060,PROD0068,2,2579.6,0.2
ORD012832,PROD0236,2,1243.22,0.1
ORD014265,PROD0026,2,926.18,0.15
ORD014730,PROD0220,1,1249.15,0.05
ORD002951,PROD0155,3,383.07,0.0
ORD015520,PROD0201,5,1107.62,0.0
ORD002649,PROD0171,4,619.82,0.05
ORD014449,PROD0098,3,1788.67,0.2
ORD014064,PROD0107,3,416.19,0.15
ORD014301,PROD0283,1,1585.65,0.0
ORD010135,PROD0005,3,5350.44,0.0
ORD016068,PROD0054,3,1149.11,0.2
ORD009472,PROD0235,2,1069.09,0.0
ORD006767,PROD0043,5,950.69,0.1
ORD010313,PROD0229,5,251.37,0.15
ORD005947,PROD0137,1,445.2,0.05
ORD014483,PROD0262,5,1081.48,0.1
ORD011422,PROD0284,3,1551.66,0.0
ORD008933,PROD0007,3,838.82,0.1
ORD007748,PROD0027,5,5305.88,0.0
ORD017087,PROD0144,2,1097.89,0.05
ORD017991,PROD0219,1,1088.5,0.05
ORD006667,PROD0274,2,356.93,0.15
ORD001726,PROD0044,5,2277.54,0.15
ORD013490,PROD0201,1,1107.62,0.1
ORD003804,PROD0077,3,372.07,0.0
ORD010584,PROD0146,1,2912.21,0.05
ORD003775,PROD0234,4,1884.98,0.15
ORD000131,PROD0272,5,834.67,0.0
ORD017719,PROD0288,1,1099.87,0.05
ORD004073,PROD0290,3,3732.41,0.15
ORD003968,PROD0162,4,377.71,0.05
ORD004639,PROD0129,4,2715.49,0.0
ORD014672,PROD0001,1,2228.63,0.05
ORD017653,PROD0141,1,526.7,0.15
ORD000933,PROD0060,1,511.57,0.0
ORD009137,PROD0156,1,1302.29,0.05
ORD001751,PROD0250,4,468.3,0.0
ORD017713,PROD0136,3,4655.74,0.05
ORD000430,PROD0131,5,719.35,0.1
ORD015332,PROD0161,3,1467.22,0.2
ORD005137,PROD0242,5,1251.99,0.1
ORD008193,PROD0226,4,322.28,0.2
ORD007315,PROD0126,5,648.87,0.05
ORD002663,PROD0091,3,402.26,0.1
ORD015101,PROD0175,4,2260.04,0.1
ORD008272,PROD0083,2,1558.0,0.05
ORD005279,PROD0225,4,670.12,0.1
ORD008094,PROD0290,5,3732.41,0.2
ORD006745,PROD0177,1,1733.37,0.1
ORD016051,PROD0175,5,2260.04,0.1
ORD003680,PROD0102,4,1726.73,0.15
ORD004042,PROD0101,4,3596.1,0.15
ORD007267,PROD0028,1,740.62,0.15
ORD011614,PROD0185,1,592.37,0.1
ORD001209,PROD0024,3,3557.69,0.15
ORD010844,PROD0018,2,1106.42,0.05
ORD006933,PROD0149,2,231.51,0.0
ORD017651,PROD0005,3,5350.44,0.0
ORD004355,PROD0100,1,1535.02,0.15
ORD007782,PROD0016,4,2382.58,0.05
ORD006273,PROD0181,3,218.55,0.15
ORD008975,PROD0069,5,6450.78,0.1
ORD014582,PROD0178,1,1006.65,0.05
ORD017156,PROD0137,5,445.2,0.0
ORD014766,PROD0254,3,1021.7,0.05
ORD007835,PROD0027,4,5305.88,0.0
ORD010737,PROD0177,5,1733.37,0.15
ORD012697,PROD0110,5,2045.64,0.05
ORD001852,PROD0018,5,1106.42,0.05
ORD000795,PROD0084,3,787.16,0.05
ORD003106,PROD0266,1,1066.97,0.0
ORD014105,PROD0144,1,1097.89,0.0
ORD013903,PROD0020,4,2005.81,0.1
ORD016775,PROD0296,5,605.83,0.2
ORD010006,PROD0055,4,1758.65,0.15
ORD003191,PROD0273,5,1884.45,0.05
ORD016818,PROD0178,4,1006.65,0.15
ORD003358,PROD0282,4,1059.41,0.05
ORD007831,PROD0289,3,1376.41,0.15
ORD015211,PROD0003,5,2931.9,0.15
ORD000453,PROD0140,2,4498.4,0.2
ORD003238,PROD0074,3,701.79,0.05
ORD013772,PROD0048,5,2692.11,0.05
ORD008954,PROD0047,2,743.87,0.2
ORD001470,PROD0145,4,2107.82,0.15
ORD003305,PROD0200,5,1906.63,0.2
ORD000374,PROD0275,4,1740.08,0.1
ORD014522,PROD0276,5,1150.97,0.0
ORD009683,PROD0083,2,1558.0,0.05
ORD000020,PROD0084,4,787.16,0.0
ORD008675,PROD0016,5,2382.58,0.05
ORD003095,PROD0296,5,605.83,0.0
ORD008537,PROD0230,5,1187.41,0.2
ORD004658,PROD0252,2,1091.64,0.0
ORD004503,PROD0184,2,734.18,0.1
ORD012551,PROD0045,4,1204.82,0.0
ORD000800,PROD0270,4,546.81,0.05
ORD017342,PROD0025,3,585.99,0.2
ORD014167,PROD0107,5,416.19,0.15
ORD008112,PROD0038,1,1310.24,0.1
ORD012368,PROD0293,3,1136.47,0.15
ORD007083,PROD0201,4,1107.62,0.1
ORD006032,PROD0210,4,539.67,0.0
ORD014897,PROD0028,3,740.62,0.1
ORD012732,PROD0285,5,1253.77,0.05
ORD003693,PROD0158,5,1130.19,0.15
ORD005022,PROD0232,4,480.05,0.05
ORD002594,PROD0094,4,1585.84,0.05
ORD009269,PROD0114,1,983.9,0.0
ORD009829,PROD0245,3,258.37,0.15
ORD012733,PROD0294,2,608.79,0.05
ORD002344,PROD0082,4,835.72,0.1
ORD009075,PROD0159,1,2084.31,0.1
ORD006131,PROD0174,4,1681.39,0.05
ORD014209,PROD0210,2,539.67,0.05
ORD013133,PROD0184,3,734.18,0.0
ORD005119,PROD0059,1,3884.69,0.1
ORD012773,PROD0234,4,1884.98,0.2
ORD012283,PROD0191,4,425.27,0.0
ORD005418,PROD0128,5,414.27,0.05
ORD013326,PROD0245,2,258.37,0.2
ORD013086,PROD0107,3,416.19,0.05
ORD008579,PROD0046,4,423.5,0.1
ORD014125,PROD0179,4,608.27,0.05
ORD005561,PROD0241,3,215.23,0.1
ORD012110,PROD0081,1,2207.21,0.1
ORD001883,PROD0264,3,409.67,0.0
ORD015351,PROD0293,3,1136.47,0.1
ORD006978,PROD0250,3,468.3,0.15
ORD013416,PROD0138,4,2041.26,0.15
